NodeID,NodeType,Tier,RadioType,LogEntry
FF01,GWN,3,BACKBONE,"t=2 [TX] HB.0 -> <BCAST>"
FF01,GWN,3,BACKBONE,"t=4 [PHY] Neighbour count: 2->3"
FF01,GWN,3,BACKBONE,"t=6 [PHY] Neighbour count: 4->5"
FF01,GWN,3,BACKBONE,"t=8 [PHY] Neighbour count: 5->6"
FF01,GWN,3,BACKBONE,"t=9 [TX] HB.0 -> <BCAST>"
FF01,GWN,3,BACKBONE,"t=9 [PHY] Neighbour count: 6->7"
FF01,GWN,3,BACKBONE,"t=10 [PHY] Neighbour count: 7->8"
FF01,GWN,3,BACKBONE,"t=11 [PHY] Neighbour count: 8->9"
FF01,GWN,3,BACKBONE,"t=12 [PHY] Neighbour count: 9->10"
FF01,GWN,3,BACKBONE,"t=13 [PHY] Neighbour count: 10->11"
FF01,GWN,3,BACKBONE,"t=14 [PHY] Neighbour count: 11->12"
FF01,GWN,3,BACKBONE,"t=15 [PHY] Neighbour count: 12->13"
FF01,GWN,3,BACKBONE,"t=16 [TX] HB.0 -> <BCAST>"
FF01,GWN,3,BACKBONE,"t=17 [PHY] Neighbour count: 13->14"
FF01,GWN,3,BACKBONE,"t=18 [PHY] Neighbour count: 14->15"
FF01,GWN,3,BACKBONE,"t=23 [TX] HB.1 -> <BCAST>"
FF01,GWN,3,BACKBONE,"t=23 [PHY] Neighbour count: 15->16"
FF01,GWN,3,BACKBONE,"t=26 [PHY] Neighbour count: 16->17"
FF01,GWN,3,BACKBONE,"t=30 [TX] HB.1 -> <BCAST>"
FF01,GWN,3,BACKBONE,"t=37 [TX] HB.1 -> <BCAST>"
FF01,GWN,3,BACKBONE,"t=38 [PHY] Neighbour count: 17->18"
FF01,GWN,3,BACKBONE,"t=44 [TX] HB.1 -> <BCAST>"
FF01,GWN,3,BACKBONE,"t=46 [RX] CMD.0 <- FF0B RSSI=0.1"
FF01,GWN,3,BACKBONE,"t=46 [TX] CMD.1 -> FF0B"
FF01,GWN,3,BACKBONE,"t=46 [TX] CMD.1 -> FF0B"
FF01,GWN,3,BACKBONE,"t=46 [STATE] DISCOVERY -> HANDSHAKE"
FF01,GWN,3,BACKBONE,"[LOCK][SET] partner=FF0B timeout=6"
FF01,GWN,3,BACKBONE,"t=46 [HANDSHAKE] Lock set with FF0B (timer=6)"
FF01,GWN,3,BACKBONE,"t=49 [PHY] Neighbour count: 18->19"
FF01,GWN,3,BACKBONE,"t=50 [RX] CMD.2 <- FF0B RSSI=0.1"
FF01,GWN,3,BACKBONE,"[LOCK][REFRESH] partner=FF0B timeout=6"
FF01,GWN,3,BACKBONE,"[LOCK][SET] partner=FF0B timeout=6"
FF01,GWN,3,BACKBONE,"t=50 [PARENT] Set parent -> FF0B"
FF01,GWN,3,BACKBONE,"t=51 [RX] CMD.4 <- FF0B RSSI=0.1"
FF01,GWN,3,BACKBONE,"[LOCK][REFRESH] partner=FF0B timeout=6"
FF01,GWN,3,BACKBONE,"t=51 [PHASE] Inherited phaseOffset=1 from parent FF0B"
FF01,GWN,3,BACKBONE,"t=51 [ENC_HELLO] TX: gwCh=0; chCh=0; secCh=0; sn=0 (encrypted)"
FF01,GWN,3,BACKBONE,"t=51 [TX] CMD.5 -> FF0B"
FF01,GWN,3,BACKBONE,"[LOCK][CLEAR][ENC_HELLO_TX] partner=FF0B"
FF01,GWN,3,BACKBONE,"t=51 [HANDSHAKE] Lock cleared (was with FF0B)"
FF01,GWN,3,BACKBONE,"t=53 [PHY] Neighbour count: 19->20"
FF01,GWN,3,BACKBONE,"t=54 [RX] CMD.0 <- FF03 RSSI=0.4"
FF01,GWN,3,BACKBONE,"t=54 [TX] CMD.3 -> FF03"
FF01,GWN,3,BACKBONE,"[LOCK][SET] partner=FF02 timeout=6"
FF01,GWN,3,BACKBONE,"t=55 [HANDSHAKE] Lock set with FF02 (timer=6)"
FF01,GWN,3,BACKBONE,"[LOCK][SET] partner=FF02 timeout=6"
FF01,GWN,3,BACKBONE,"t=55 [TX] CMD.0 -> FF02"
FF01,GWN,3,BACKBONE,"t=57 [RX] CMD.1 <- FF02 RSSI=1.6"
FF01,GWN,3,BACKBONE,"[LOCK][REFRESH] partner=FF02 timeout=6"
FF01,GWN,3,BACKBONE,"t=57 [TX] CMD.2 -> FF02"
FF01,GWN,3,BACKBONE,"[LOCK][REFRESH] partner=FF02 timeout=6"
FF01,GWN,3,BACKBONE,"t=57 [HANDSHAKE] FF02 added to pendingChildren (awaiting ENC_HELLO)"
FF01,GWN,3,BACKBONE,"t=57 [TX] CMD.4 -> FF02"
FF01,GWN,3,BACKBONE,"t=57 [PHASE] Sending phaseOffset=0 to child FF02 (self=1)"
FF01,GWN,3,BACKBONE,"[LOCK][REFRESH] partner=FF02 timeout=6"
FF01,GWN,3,BACKBONE,"[LOCK][SET] partner=FF02 timeout=6"
FF01,GWN,3,BACKBONE,"t=61 [ENC_HELLO] TX: gwCh=0; chCh=0; secCh=0; sn=0 (encrypted)"
FF01,GWN,3,BACKBONE,"t=61 [ENC_HELLO] Retry 1/3 sent (next at t=81)"
FF01,GWN,3,BACKBONE,"t=62 [RX] CMD.5 <- FF02 RSSI=1.6"
FF01,GWN,3,BACKBONE,"t=62 [HANDSHAKE] FF02 promoted to children (ENC_HELLO received)"
FF01,GWN,3,BACKBONE,"[LOCK][CLEAR][ENC_HELLO_RX] partner=FF02"
FF01,GWN,3,BACKBONE,"t=62 [TX] CMD.5 -> FF0B"
FF01,GWN,3,BACKBONE,"t=62 [HANDSHAKE] Lock cleared (was with FF02)"
FF01,GWN,3,BACKBONE,"t=62 [RETRY] Reset retry state for FF02 (now child)"
FF01,GWN,3,BACKBONE,"t=62 [STATE] HANDSHAKE -> SECURE"
FF01,GWN,3,BACKBONE,"t=70 [RX_FWD] Encrypted CMD.5 from Child FF02 -> Queue for Parent FF0B"
FF01,GWN,3,BACKBONE,"t=70 [Q_FWD] Queued CMD.5 (size=1/15)"
FF01,GWN,3,BACKBONE,"t=73 [RX_FWD] Encrypted CMD.5 from Child FF02 -> Queue for Parent FF0B"
FF01,GWN,3,BACKBONE,"t=73 [Q_FWD] Queued CMD.5 (size=2/15)"
FF01,GWN,3,BACKBONE,"t=79 [PHY] Neighbour count: 20->21"
FF01,GWN,3,BACKBONE,"t=81 [ENC_HELLO] TX: gwCh=1; chCh=0; secCh=0; sn=0 (encrypted)"
FF01,GWN,3,BACKBONE,"t=81 [ENC_HELLO] Retry 2/3 sent (next at t=121)"
FF01,GWN,3,BACKBONE,"t=90 [RX_FWD] Encrypted CMD.5 from Child FF02 -> Queue for Parent FF0B"
FF01,GWN,3,BACKBONE,"t=90 [Q_FWD] Queued CMD.5 (size=3/15)"
FF01,GWN,3,BACKBONE,"t=121 [ENC_HELLO] TX: gwCh=1; chCh=0; secCh=0; sn=0 (encrypted)"
FF01,GWN,3,BACKBONE,"t=121 [ENC_HELLO] Retry 3/3 sent (next at t=201)"
FF01,GWN,3,BACKBONE,"t=130 [RX_FWD] Encrypted CMD.5 from Child FF02 -> Queue for Parent FF0B"
FF01,GWN,3,BACKBONE,"t=130 [Q_FWD] Queued CMD.5 (size=4/15)"
FF01,GWN,3,BACKBONE,"t=153 [PHY] Neighbour count: 21->22"
FF01,GWN,3,BACKBONE,"t=155 [PHY] Neighbour count: 22->23"
FF01,GWN,3,BACKBONE,"t=200 [PHASE_RX] Listening (Q_fwd=4; Q_local=0)"
FF01,GWN,3,BACKBONE,"t=200 [RX_FWD] Encrypted CMD.5 from Child FF02 -> Queue for Parent FF0B"
FF01,GWN,3,BACKBONE,"t=200 [Q_FWD] Queued CMD.5 (size=5/15)"
FF01,GWN,3,BACKBONE,"t=201 [ENC_HELLO] TX: gwCh=1; chCh=0; secCh=0; sn=0 (encrypted)"
FF01,GWN,3,BACKBONE,"t=201 [ENC_HELLO] Registry refresh #1 sent (next at t=281)"
FF01,GWN,3,BACKBONE,"t=201 [DEQUEUE] From Q_fwd (waited 131 TFs)"
FF01,GWN,3,BACKBONE,"t=201 [PHASE_TX] Sent CMD.5 -> FF0B (Q_fwd=4; Q_local=0)"
FF01,GWN,3,BACKBONE,"t=202 [DEQUEUE] From Q_fwd (waited 129 TFs)"
FF01,GWN,3,BACKBONE,"t=202 [PHASE_TX] Sent CMD.5 -> FF0B (Q_fwd=3; Q_local=0)"
FF01,GWN,3,BACKBONE,"t=203 [DEQUEUE] From Q_fwd (waited 113 TFs)"
FF01,GWN,3,BACKBONE,"t=203 [PHASE_TX] Sent CMD.5 -> FF0B (Q_fwd=2; Q_local=0)"
FF01,GWN,3,BACKBONE,"t=204 [PHASE_RX] Listening (Q_fwd=2; Q_local=0)"
FF01,GWN,3,BACKBONE,"t=204 [RX_FWD] Encrypted CMD.5 from Child FF02 -> Queue for Parent FF0B"
FF01,GWN,3,BACKBONE,"t=204 [Q_FWD] Queued CMD.5 (size=3/15)"
FF01,GWN,3,BACKBONE,"t=205 [PHASE_RX] Listening (Q_fwd=3; Q_local=0)"
FF01,GWN,3,BACKBONE,"t=205 [RX_FWD] Encrypted CMD.5 from Child FF02 -> Queue for Parent FF0B"
FF01,GWN,3,BACKBONE,"t=205 [Q_FWD] Queued CMD.5 (size=4/15)"
FF01,GWN,3,BACKBONE,"t=206 [PHASE_RX] Listening (Q_fwd=4; Q_local=0)"
FF01,GWN,3,BACKBONE,"t=207 [DEQUEUE] From Q_fwd (waited 77 TFs)"
FF01,GWN,3,BACKBONE,"t=207 [PHASE_TX] Sent CMD.5 -> FF0B (Q_fwd=3; Q_local=0)"
FF01,GWN,3,BACKBONE,"t=208 [DEQUEUE] From Q_fwd (waited 8 TFs)"
FF01,GWN,3,BACKBONE,"t=208 [PHASE_TX] Sent CMD.5 -> FF0B (Q_fwd=2; Q_local=0)"
FF01,GWN,3,BACKBONE,"t=209 [DEQUEUE] From Q_fwd (waited 5 TFs)"
FF01,GWN,3,BACKBONE,"t=209 [PHASE_TX] Sent CMD.5 -> FF0B (Q_fwd=1; Q_local=0)"
FF01,GWN,3,BACKBONE,"t=210 [PHASE_RX] Listening (Q_fwd=1; Q_local=0)"
FF01,GWN,3,BACKBONE,"t=210 [RX_FWD] Encrypted CMD.5 from Child FF02 -> Queue for Parent FF0B"
FF01,GWN,3,BACKBONE,"t=210 [Q_FWD] Queued CMD.5 (size=2/15)"
FF01,GWN,3,BACKBONE,"t=211 [PHASE_RX] Listening (Q_fwd=2; Q_local=0)"
FF01,GWN,3,BACKBONE,"t=212 [PHASE_RX] Listening (Q_fwd=2; Q_local=0)"
FF01,GWN,3,BACKBONE,"t=213 [DEQUEUE] From Q_fwd (waited 8 TFs)"
FF01,GWN,3,BACKBONE,"t=213 [PHASE_TX] Sent CMD.5 -> FF0B (Q_fwd=1; Q_local=0)"
FF01,GWN,3,BACKBONE,"t=214 [DEQUEUE] From Q_fwd (waited 4 TFs)"
FF01,GWN,3,BACKBONE,"t=214 [PHASE_TX] Sent CMD.5 -> FF0B (Q_fwd=0; Q_local=0)"
FF01,GWN,3,BACKBONE,"t=215 [PHASE_TX] IDLE (queues empty)"
FF01,GWN,3,BACKBONE,"t=216 [PHASE_RX] Listening (Q_fwd=0; Q_local=0)"
FF01,GWN,3,BACKBONE,"t=217 [PHASE_RX] Listening (Q_fwd=0; Q_local=0)"
FF01,GWN,3,BACKBONE,"t=218 [PHASE_RX] Listening (Q_fwd=0; Q_local=0)"
FF01,GWN,3,BACKBONE,"t=219 [PHASE_TX] IDLE (queues empty)"
FF01,GWN,3,BACKBONE,"t=220 [PHASE_TX] IDLE (queues empty)"
FF01,GWN,3,BACKBONE,"t=221 [PHASE_TX] IDLE (queues empty)"
FF01,GWN,3,BACKBONE,"t=222 [PHASE_RX] Listening (Q_fwd=0; Q_local=0)"
FF01,GWN,3,BACKBONE,"t=222 [RX_FWD] Encrypted CMD.5 from Child FF02 -> Queue for Parent FF0B"
FF01,GWN,3,BACKBONE,"t=222 [Q_FWD] Queued CMD.5 (size=1/15)"
FF01,GWN,3,BACKBONE,"t=223 [PHASE_RX] Listening (Q_fwd=1; Q_local=0)"
FF01,GWN,3,BACKBONE,"t=224 [PHASE_RX] Listening (Q_fwd=1; Q_local=0)"
FF01,GWN,3,BACKBONE,"t=225 [DEQUEUE] From Q_fwd (waited 3 TFs)"
FF01,GWN,3,BACKBONE,"t=225 [PHASE_TX] Sent CMD.5 -> FF0B (Q_fwd=0; Q_local=0)"
FF01,GWN,3,BACKBONE,"t=226 [PHASE_TX] IDLE (queues empty)"
FF01,GWN,3,BACKBONE,"t=227 [PHASE_TX] IDLE (queues empty)"
FF01,GWN,3,BACKBONE,"t=228 [PHASE_RX] Listening (Q_fwd=0; Q_local=0)"
FF01,GWN,3,BACKBONE,"t=229 [PHASE_RX] Listening (Q_fwd=0; Q_local=0)"
FF01,GWN,3,BACKBONE,"t=230 [PHASE_RX] Listening (Q_fwd=0; Q_local=0)"
FF01,GWN,3,BACKBONE,"t=231 [PHASE_TX] IDLE (queues empty)"
FF01,GWN,3,BACKBONE,"t=232 [PHASE_TX] IDLE (queues empty)"
FF01,GWN,3,BACKBONE,"t=233 [PHASE_TX] IDLE (queues empty)"
FF01,GWN,3,BACKBONE,"t=234 [PHASE_RX] Listening (Q_fwd=0; Q_local=0)"
FF01,GWN,3,BACKBONE,"t=235 [PHASE_RX] Listening (Q_fwd=0; Q_local=0)"
FF01,GWN,3,BACKBONE,"t=236 [PHASE_RX] Listening (Q_fwd=0; Q_local=0)"
FF01,GWN,3,BACKBONE,"t=237 [PHASE_TX] IDLE (queues empty)"
FF01,GWN,3,BACKBONE,"t=238 [PHASE_TX] IDLE (queues empty)"
FF01,GWN,3,BACKBONE,"t=239 [PHASE_TX] IDLE (queues empty)"
FF01,GWN,3,BACKBONE,"t=240 [PHASE_RX] Listening (Q_fwd=0; Q_local=0)"
FF01,GWN,3,BACKBONE,"t=241 [PHASE_RX] Listening (Q_fwd=0; Q_local=0)"
FF01,GWN,3,BACKBONE,"t=242 [PHASE_RX] Listening (Q_fwd=0; Q_local=0)"
FF01,GWN,3,BACKBONE,"t=243 [PHASE_TX] IDLE (queues empty)"
FF01,GWN,3,BACKBONE,"t=244 [PHASE_TX] IDLE (queues empty)"
FF01,GWN,3,BACKBONE,"t=245 [PHASE_TX] IDLE (queues empty)"
FF01,GWN,3,BACKBONE,"t=246 [PHASE_RX] Listening (Q_fwd=0; Q_local=0)"
FF01,GWN,3,BACKBONE,"t=247 [PHASE_RX] Listening (Q_fwd=0; Q_local=0)"
FF01,GWN,3,BACKBONE,"t=248 [PHASE_RX] Listening (Q_fwd=0; Q_local=0)"
FF01,GWN,3,BACKBONE,"t=249 [PHASE_TX] IDLE (queues empty)"
FF01,GWN,3,ACCESS,"t=4 [PHY] Neighbour count: 2->3"
FF01,GWN,3,ACCESS,"t=6 [PHY] Neighbour count: 4->5"
FF01,GWN,3,ACCESS,"t=8 [PHY] Neighbour count: 5->6"
FF01,GWN,3,ACCESS,"t=9 [PHY] Neighbour count: 6->7"
FF01,GWN,3,ACCESS,"t=10 [HELLO_TX] bcast battery=100.0%"
FF01,GWN,3,ACCESS,"t=10 [PHY] Neighbour count: 7->8"
FF01,GWN,3,ACCESS,"t=11 [PHY] Neighbour count: 8->9"
FF01,GWN,3,ACCESS,"t=12 [PHY] Neighbour count: 9->10"
FF01,GWN,3,ACCESS,"t=13 [PHY] Neighbour count: 10->11"
FF01,GWN,3,ACCESS,"t=14 [PHY] Neighbour count: 11->12"
FF01,GWN,3,ACCESS,"t=15 [PHY] Neighbour count: 12->13"
FF01,GWN,3,ACCESS,"t=17 [HELLO_TX] bcast battery=100.0%"
FF01,GWN,3,ACCESS,"t=17 [PHY] Neighbour count: 13->14"
FF01,GWN,3,ACCESS,"t=18 [PHY] Neighbour count: 14->15"
FF01,GWN,3,ACCESS,"t=23 [PHY] Neighbour count: 15->16"
FF01,GWN,3,ACCESS,"t=26 [HELLO_TX] bcast battery=100.0%"
FF01,GWN,3,ACCESS,"t=26 [PHY] Neighbour count: 16->17"
FF01,GWN,3,ACCESS,"t=30 [HELLO_TX] bcast battery=100.0%"
FF01,GWN,3,ACCESS,"t=38 [PHY] Neighbour count: 17->18"
FF01,GWN,3,ACCESS,"t=39 [HELLO_TX] bcast battery=100.0%"
FF01,GWN,3,ACCESS,"t=47 [HELLO_TX] bcast battery=100.0%"
FF01,GWN,3,ACCESS,"t=49 [PHY] Neighbour count: 18->19"
FF01,GWN,3,ACCESS,"t=53 [PHY] Neighbour count: 19->20"
FF01,GWN,3,ACCESS,"t=55 [HELLO_TX] bcast battery=100.0%"
FF01,GWN,3,ACCESS,"t=64 [HELLO_TX] bcast battery=100.0%"
FF01,GWN,3,ACCESS,"t=71 [HELLO_TX] bcast battery=100.0%"
FF01,GWN,3,ACCESS,"t=79 [HELLO_TX] bcast battery=100.0%"
FF01,GWN,3,ACCESS,"t=79 [PHY] Neighbour count: 20->21"
FF01,GWN,3,ACCESS,"t=86 [HELLO_TX] bcast battery=100.0%"
FF01,GWN,3,ACCESS,"t=93 [HELLO_TX] bcast battery=100.0%"
FF01,GWN,3,ACCESS,"t=100 [HELLO_TX] bcast battery=100.0%"
FF01,GWN,3,ACCESS,"t=108 [HELLO_TX] bcast battery=100.0%"
FF01,GWN,3,ACCESS,"t=112 [HELLO_TX] bcast battery=100.0%"
FF01,GWN,3,ACCESS,"t=118 [HELLO_TX] bcast battery=100.0%"
FF01,GWN,3,ACCESS,"t=125 [HELLO_TX] bcast battery=100.0%"
FF01,GWN,3,ACCESS,"t=129 [HELLO_TX] bcast battery=100.0%"
FF01,GWN,3,ACCESS,"t=134 [HELLO_TX] bcast battery=100.0%"
FF01,GWN,3,ACCESS,"t=139 [HELLO_TX] bcast battery=100.0%"
FF01,GWN,3,ACCESS,"t=146 [HELLO_TX] bcast battery=100.0%"
FF01,GWN,3,ACCESS,"t=153 [PHY] Neighbour count: 21->22"
FF01,GWN,3,ACCESS,"t=155 [HELLO_TX] bcast battery=100.0%"
FF01,GWN,3,ACCESS,"t=155 [PHY] Neighbour count: 22->23"
FF01,GWN,3,ACCESS,"t=160 [HELLO_TX] bcast battery=100.0%"
FF01,GWN,3,ACCESS,"t=167 [HELLO_TX] bcast battery=100.0%"
FF01,GWN,3,ACCESS,"t=171 [HELLO_TX] bcast battery=100.0%"
FF01,GWN,3,ACCESS,"t=178 [HELLO_TX] bcast battery=100.0%"
FF01,GWN,3,ACCESS,"t=186 [HELLO_TX] bcast battery=100.0%"
FF01,GWN,3,ACCESS,"t=195 [HELLO_TX] bcast battery=100.0%"
FF01,GWN,3,ACCESS,"t=201 [HELLO_TX] bcast battery=100.0%"
FF01,GWN,3,ACCESS,"t=206 [HELLO_TX] bcast battery=100.0%"
FF01,GWN,3,ACCESS,"t=207 [RX] CH_CMD.0 <- AA02"
FF01,GWN,3,ACCESS,"[LOCK][SET] partner=AA02 timeout=4"
FF01,GWN,3,ACCESS,"t=207 [CH_ACK] -> AA02 (sending key)"
FF01,GWN,3,ACCESS,"t=211 [TIMEOUT] Sent CH_REJECT to orphaned AA02"
FF01,GWN,3,ACCESS,"[LOCK][TIMEOUT] partner=AA02"
FF01,GWN,3,ACCESS,"t=211 [RX] CH_CMD.3 <- AA02"
FF01,GWN,3,ACCESS,"t=212 [RX] CH_CMD.0 <- AA02"
FF01,GWN,3,ACCESS,"[LOCK][SET] partner=AA02 timeout=4"
FF01,GWN,3,ACCESS,"t=212 [CH_ACK] -> AA02 (sending key)"
FF01,GWN,3,ACCESS,"t=216 [TIMEOUT] Sent CH_REJECT to orphaned AA02"
FF01,GWN,3,ACCESS,"[LOCK][TIMEOUT] partner=AA02"
FF01,GWN,3,ACCESS,"t=216 [HELLO_TX] bcast battery=100.0%"
FF01,GWN,3,ACCESS,"t=225 [HELLO_TX] bcast battery=100.0%"
FF01,GWN,3,ACCESS,"t=235 [HELLO_TX] bcast battery=100.0%"
FF01,GWN,3,ACCESS,"t=243 [HELLO_TX] bcast battery=100.0%"
FF01,GWN,3,UNIFIED,"t=2 [PHY] Neighbor count=1"
FF01,GWN,3,UNIFIED,"[BB] t=2 [TX] HB.0 -> <BCAST>"
FF01,GWN,3,UNIFIED,"t=4 [PHY] Neighbor count=2"
FF01,GWN,3,UNIFIED,"t=4 [PHY] Neighbour count: 2->3"
FF01,GWN,3,UNIFIED,"t=5 [PHY] Neighbor count=3"
FF01,GWN,3,UNIFIED,"t=6 [PHY] Neighbor count=4"
FF01,GWN,3,UNIFIED,"t=6 [PHY] Neighbour count: 4->5"
FF01,GWN,3,UNIFIED,"t=7 [PHY] Neighbor count=5"
FF01,GWN,3,UNIFIED,"t=8 [PHY] Neighbour count: 5->6"
FF01,GWN,3,UNIFIED,"t=9 [PHY] Neighbor count=6"
FF01,GWN,3,UNIFIED,"[BB] t=9 [TX] HB.0 -> <BCAST>"
FF01,GWN,3,UNIFIED,"t=9 [PHY] Neighbour count: 6->7"
FF01,GWN,3,UNIFIED,"t=10 [PHY] Neighbor count=7"
FF01,GWN,3,UNIFIED,"[AC] t=10 [HELLO_TX] bcast battery=100.0%"
FF01,GWN,3,UNIFIED,"t=10 [PHY] Neighbour count: 7->8"
FF01,GWN,3,UNIFIED,"t=11 [PHY] Neighbor count=8"
FF01,GWN,3,UNIFIED,"t=11 [PHY] Neighbour count: 8->9"
FF01,GWN,3,UNIFIED,"t=12 [PHY] Neighbor count=9"
FF01,GWN,3,UNIFIED,"t=12 [PHY] Neighbour count: 9->10"
FF01,GWN,3,UNIFIED,"t=13 [PHY] Neighbor count=10"
FF01,GWN,3,UNIFIED,"t=13 [PHY] Neighbour count: 10->11"
FF01,GWN,3,UNIFIED,"t=14 [PHY] Neighbor count=11"
FF01,GWN,3,UNIFIED,"t=14 [PHY] Neighbour count: 11->12"
FF01,GWN,3,UNIFIED,"t=15 [PHY] Neighbor count=12"
FF01,GWN,3,UNIFIED,"t=15 [PHY] Neighbour count: 12->13"
FF01,GWN,3,UNIFIED,"t=16 [PHY] Neighbor count=13"
FF01,GWN,3,UNIFIED,"[BB] t=16 [TX] HB.0 -> <BCAST>"
FF01,GWN,3,UNIFIED,"[AC] t=17 [HELLO_TX] bcast battery=100.0%"
FF01,GWN,3,UNIFIED,"t=17 [PHY] Neighbour count: 13->14"
FF01,GWN,3,UNIFIED,"t=18 [PHY] Neighbor count=14"
FF01,GWN,3,UNIFIED,"t=18 [PHY] Neighbour count: 14->15"
FF01,GWN,3,UNIFIED,"t=19 [PHY] Neighbor count=15"
FF01,GWN,3,UNIFIED,"t=22 [STATE] BOOT→DISCOVERY (neighbors=15)"
FF01,GWN,3,UNIFIED,"[BB] t=23 [TX] HB.1 -> <BCAST>"
FF01,GWN,3,UNIFIED,"t=23 [PHY] Neighbour count: 15->16"
FF01,GWN,3,UNIFIED,"t=24 [PHY] Neighbor count=16"
FF01,GWN,3,UNIFIED,"[AC] t=26 [HELLO_TX] bcast battery=100.0%"
FF01,GWN,3,UNIFIED,"t=26 [PHY] Neighbour count: 16->17"
FF01,GWN,3,UNIFIED,"t=27 [PHY] Neighbor count=17"
FF01,GWN,3,UNIFIED,"[BB] t=30 [TX] HB.1 -> <BCAST>"
FF01,GWN,3,UNIFIED,"[AC] t=30 [HELLO_TX] bcast battery=100.0%"
FF01,GWN,3,UNIFIED,"[BB] t=37 [TX] HB.1 -> <BCAST>"
FF01,GWN,3,UNIFIED,"t=38 [PHY] Neighbour count: 17->18"
FF01,GWN,3,UNIFIED,"t=39 [PHY] Neighbor count=18"
FF01,GWN,3,UNIFIED,"[AC] t=39 [HELLO_TX] bcast battery=100.0%"
FF01,GWN,3,UNIFIED,"[BB] t=44 [TX] HB.1 -> <BCAST>"
FF01,GWN,3,UNIFIED,"[BB] t=46 [RX] CMD.0 <- FF0B RSSI=0.1"
FF01,GWN,3,UNIFIED,"[BB] t=46 [TX] CMD.1 -> FF0B"
FF01,GWN,3,UNIFIED,"[BB] t=46 [TX] CMD.1 -> FF0B"
FF01,GWN,3,UNIFIED,"[BB] t=46 [STATE] DISCOVERY -> HANDSHAKE"
FF01,GWN,3,UNIFIED,"[BB] [LOCK][SET] partner=FF0B timeout=6"
FF01,GWN,3,UNIFIED,"[BB] t=46 [HANDSHAKE] Lock set with FF0B (timer=6)"
FF01,GWN,3,UNIFIED,"[AC] t=47 [HELLO_TX] bcast battery=100.0%"
FF01,GWN,3,UNIFIED,"t=49 [PHY] Neighbour count: 18->19"
FF01,GWN,3,UNIFIED,"t=50 [PHY] Neighbor count=19"
FF01,GWN,3,UNIFIED,"[BB] t=50 [RX] CMD.2 <- FF0B RSSI=0.1"
FF01,GWN,3,UNIFIED,"[BB] [LOCK][REFRESH] partner=FF0B timeout=6"
FF01,GWN,3,UNIFIED,"[BB] [LOCK][SET] partner=FF0B timeout=6"
FF01,GWN,3,UNIFIED,"[BB] t=50 [PARENT] Set parent -> FF0B"
FF01,GWN,3,UNIFIED,"[BB] t=51 [RX] CMD.4 <- FF0B RSSI=0.1"
FF01,GWN,3,UNIFIED,"[BB] [LOCK][REFRESH] partner=FF0B timeout=6"
FF01,GWN,3,UNIFIED,"[BB] t=51 [PHASE] Inherited phaseOffset=1 from parent FF0B"
FF01,GWN,3,UNIFIED,"[BB] t=51 [ENC_HELLO] TX: gwCh=0; chCh=0; secCh=0; sn=0 (encrypted)"
FF01,GWN,3,UNIFIED,"[BB] t=51 [TX] CMD.5 -> FF0B"
FF01,GWN,3,UNIFIED,"[BB] [LOCK][CLEAR][ENC_HELLO_TX] partner=FF0B"
FF01,GWN,3,UNIFIED,"[BB] t=51 [HANDSHAKE] Lock cleared (was with FF0B)"
FF01,GWN,3,UNIFIED,"t=53 [PHY] Neighbour count: 19->20"
FF01,GWN,3,UNIFIED,"t=54 [PHY] Neighbor count=20"
FF01,GWN,3,UNIFIED,"[BB] t=54 [RX] CMD.0 <- FF03 RSSI=0.4"
FF01,GWN,3,UNIFIED,"[BB] t=54 [TX] CMD.3 -> FF03"
FF01,GWN,3,UNIFIED,"t=54 [REJ_PARENT] → FF03"
FF01,GWN,3,UNIFIED,"t=55 [RECRUIT] INIT(1/4) -> FF02"
FF01,GWN,3,UNIFIED,"[BB] [LOCK][SET] partner=FF02 timeout=6"
FF01,GWN,3,UNIFIED,"[BB] t=55 [HANDSHAKE] Lock set with FF02 (timer=6)"
FF01,GWN,3,UNIFIED,"[BB] [LOCK][SET] partner=FF02 timeout=6"
FF01,GWN,3,UNIFIED,"[BB] t=55 [TX] CMD.0 -> FF02"
FF01,GWN,3,UNIFIED,"[AC] t=55 [HELLO_TX] bcast battery=100.0%"
FF01,GWN,3,UNIFIED,"[BB] t=57 [RX] CMD.1 <- FF02 RSSI=1.6"
FF01,GWN,3,UNIFIED,"[BB] [LOCK][REFRESH] partner=FF02 timeout=6"
FF01,GWN,3,UNIFIED,"[BB] t=57 [TX] CMD.2 -> FF02"
FF01,GWN,3,UNIFIED,"[BB] [LOCK][REFRESH] partner=FF02 timeout=6"
FF01,GWN,3,UNIFIED,"[BB] t=57 [HANDSHAKE] FF02 added to pendingChildren (awaiting ENC_HELLO)"
FF01,GWN,3,UNIFIED,"[BB] t=57 [TX] CMD.4 -> FF02"
FF01,GWN,3,UNIFIED,"[BB] t=57 [PHASE] Sending phaseOffset=0 to child FF02 (self=1)"
FF01,GWN,3,UNIFIED,"[BB] [LOCK][REFRESH] partner=FF02 timeout=6"
FF01,GWN,3,UNIFIED,"[BB] [LOCK][SET] partner=FF02 timeout=6"
FF01,GWN,3,UNIFIED,"[BB] t=61 [ENC_HELLO] TX: gwCh=0; chCh=0; secCh=0; sn=0 (encrypted)"
FF01,GWN,3,UNIFIED,"[BB] t=61 [ENC_HELLO] Retry 1/3 sent (next at t=81)"
FF01,GWN,3,UNIFIED,"[BB] t=62 [RX] CMD.5 <- FF02 RSSI=1.6"
FF01,GWN,3,UNIFIED,"[BB] t=62 [HANDSHAKE] FF02 promoted to children (ENC_HELLO received)"
FF01,GWN,3,UNIFIED,"[BB] [LOCK][CLEAR][ENC_HELLO_RX] partner=FF02"
FF01,GWN,3,UNIFIED,"[BB] t=62 [TX] CMD.5 -> FF0B"
FF01,GWN,3,UNIFIED,"[BB] t=62 [HANDSHAKE] Lock cleared (was with FF02)"
FF01,GWN,3,UNIFIED,"[BB] t=62 [RETRY] Reset retry state for FF02 (now child)"
FF01,GWN,3,UNIFIED,"[BB] t=62 [STATE] HANDSHAKE -> SECURE"
FF01,GWN,3,UNIFIED,"[AC] t=64 [HELLO_TX] bcast battery=100.0%"
FF01,GWN,3,UNIFIED,"[BB] t=70 [RX_FWD] Encrypted CMD.5 from Child FF02 -> Queue for Parent FF0B"
FF01,GWN,3,UNIFIED,"[BB] t=70 [Q_FWD] Queued CMD.5 (size=1/15)"
FF01,GWN,3,UNIFIED,"[AC] t=71 [HELLO_TX] bcast battery=100.0%"
FF01,GWN,3,UNIFIED,"[BB] t=73 [RX_FWD] Encrypted CMD.5 from Child FF02 -> Queue for Parent FF0B"
FF01,GWN,3,UNIFIED,"[BB] t=73 [Q_FWD] Queued CMD.5 (size=2/15)"
FF01,GWN,3,UNIFIED,"[AC] t=79 [HELLO_TX] bcast battery=100.0%"
FF01,GWN,3,UNIFIED,"t=79 [PHY] Neighbour count: 20->21"
FF01,GWN,3,UNIFIED,"t=80 [PHY] Neighbor count=21"
FF01,GWN,3,UNIFIED,"[BB] t=81 [ENC_HELLO] TX: gwCh=1; chCh=0; secCh=0; sn=0 (encrypted)"
FF01,GWN,3,UNIFIED,"[BB] t=81 [ENC_HELLO] Retry 2/3 sent (next at t=121)"
FF01,GWN,3,UNIFIED,"[AC] t=86 [HELLO_TX] bcast battery=100.0%"
FF01,GWN,3,UNIFIED,"[BB] t=90 [RX_FWD] Encrypted CMD.5 from Child FF02 -> Queue for Parent FF0B"
FF01,GWN,3,UNIFIED,"[BB] t=90 [Q_FWD] Queued CMD.5 (size=3/15)"
FF01,GWN,3,UNIFIED,"[AC] t=93 [HELLO_TX] bcast battery=100.0%"
FF01,GWN,3,UNIFIED,"[AC] t=100 [HELLO_TX] bcast battery=100.0%"
FF01,GWN,3,UNIFIED,"[AC] t=108 [HELLO_TX] bcast battery=100.0%"
FF01,GWN,3,UNIFIED,"[AC] t=112 [HELLO_TX] bcast battery=100.0%"
FF01,GWN,3,UNIFIED,"[AC] t=118 [HELLO_TX] bcast battery=100.0%"
FF01,GWN,3,UNIFIED,"[BB] t=121 [ENC_HELLO] TX: gwCh=1; chCh=0; secCh=0; sn=0 (encrypted)"
FF01,GWN,3,UNIFIED,"[BB] t=121 [ENC_HELLO] Retry 3/3 sent (next at t=201)"
FF01,GWN,3,UNIFIED,"[AC] t=125 [HELLO_TX] bcast battery=100.0%"
FF01,GWN,3,UNIFIED,"[AC] t=129 [HELLO_TX] bcast battery=100.0%"
FF01,GWN,3,UNIFIED,"[BB] t=130 [RX_FWD] Encrypted CMD.5 from Child FF02 -> Queue for Parent FF0B"
FF01,GWN,3,UNIFIED,"[BB] t=130 [Q_FWD] Queued CMD.5 (size=4/15)"
FF01,GWN,3,UNIFIED,"[AC] t=134 [HELLO_TX] bcast battery=100.0%"
FF01,GWN,3,UNIFIED,"[AC] t=139 [HELLO_TX] bcast battery=100.0%"
FF01,GWN,3,UNIFIED,"[AC] t=146 [HELLO_TX] bcast battery=100.0%"
FF01,GWN,3,UNIFIED,"t=153 [PHY] Neighbour count: 21->22"
FF01,GWN,3,UNIFIED,"t=154 [PHY] Neighbor count=22"
FF01,GWN,3,UNIFIED,"[AC] t=155 [HELLO_TX] bcast battery=100.0%"
FF01,GWN,3,UNIFIED,"t=155 [PHY] Neighbour count: 22->23"
FF01,GWN,3,UNIFIED,"t=156 [PHY] Neighbor count=23"
FF01,GWN,3,UNIFIED,"[AC] t=160 [HELLO_TX] bcast battery=100.0%"
FF01,GWN,3,UNIFIED,"[AC] t=167 [HELLO_TX] bcast battery=100.0%"
FF01,GWN,3,UNIFIED,"[AC] t=171 [HELLO_TX] bcast battery=100.0%"
FF01,GWN,3,UNIFIED,"[AC] t=178 [HELLO_TX] bcast battery=100.0%"
FF01,GWN,3,UNIFIED,"[AC] t=186 [HELLO_TX] bcast battery=100.0%"
FF01,GWN,3,UNIFIED,"[AC] t=195 [HELLO_TX] bcast battery=100.0%"
FF01,GWN,3,UNIFIED,"[BB] t=200 [PHASE_RX] Listening (Q_fwd=4; Q_local=0)"
FF01,GWN,3,UNIFIED,"[BB] t=200 [RX_FWD] Encrypted CMD.5 from Child FF02 -> Queue for Parent FF0B"
FF01,GWN,3,UNIFIED,"[BB] t=200 [Q_FWD] Queued CMD.5 (size=5/15)"
FF01,GWN,3,UNIFIED,"[BB] t=201 [ENC_HELLO] TX: gwCh=1; chCh=0; secCh=0; sn=0 (encrypted)"
FF01,GWN,3,UNIFIED,"[BB] t=201 [ENC_HELLO] Registry refresh #1 sent (next at t=281)"
FF01,GWN,3,UNIFIED,"[BB] t=201 [DEQUEUE] From Q_fwd (waited 131 TFs)"
FF01,GWN,3,UNIFIED,"[BB] t=201 [PHASE_TX] Sent CMD.5 -> FF0B (Q_fwd=4; Q_local=0)"
FF01,GWN,3,UNIFIED,"[AC] t=201 [HELLO_TX] bcast battery=100.0%"
FF01,GWN,3,UNIFIED,"[BB] t=202 [DEQUEUE] From Q_fwd (waited 129 TFs)"
FF01,GWN,3,UNIFIED,"[BB] t=202 [PHASE_TX] Sent CMD.5 -> FF0B (Q_fwd=3; Q_local=0)"
FF01,GWN,3,UNIFIED,"[BB] t=203 [DEQUEUE] From Q_fwd (waited 113 TFs)"
FF01,GWN,3,UNIFIED,"[BB] t=203 [PHASE_TX] Sent CMD.5 -> FF0B (Q_fwd=2; Q_local=0)"
FF01,GWN,3,UNIFIED,"[BB] t=204 [PHASE_RX] Listening (Q_fwd=2; Q_local=0)"
FF01,GWN,3,UNIFIED,"[BB] t=204 [RX_FWD] Encrypted CMD.5 from Child FF02 -> Queue for Parent FF0B"
FF01,GWN,3,UNIFIED,"[BB] t=204 [Q_FWD] Queued CMD.5 (size=3/15)"
FF01,GWN,3,UNIFIED,"[BB] t=205 [PHASE_RX] Listening (Q_fwd=3; Q_local=0)"
FF01,GWN,3,UNIFIED,"[BB] t=205 [RX_FWD] Encrypted CMD.5 from Child FF02 -> Queue for Parent FF0B"
FF01,GWN,3,UNIFIED,"[BB] t=205 [Q_FWD] Queued CMD.5 (size=4/15)"
FF01,GWN,3,UNIFIED,"[BB] t=206 [PHASE_RX] Listening (Q_fwd=4; Q_local=0)"
FF01,GWN,3,UNIFIED,"[AC] t=206 [HELLO_TX] bcast battery=100.0%"
FF01,GWN,3,UNIFIED,"[BB] t=207 [DEQUEUE] From Q_fwd (waited 77 TFs)"
FF01,GWN,3,UNIFIED,"[BB] t=207 [PHASE_TX] Sent CMD.5 -> FF0B (Q_fwd=3; Q_local=0)"
FF01,GWN,3,UNIFIED,"[AC] t=207 [RX] CH_CMD.0 <- AA02"
FF01,GWN,3,UNIFIED,"[AC] [LOCK][SET] partner=AA02 timeout=4"
FF01,GWN,3,UNIFIED,"[AC] t=207 [CH_ACK] -> AA02 (sending key)"
FF01,GWN,3,UNIFIED,"[BB] t=208 [DEQUEUE] From Q_fwd (waited 8 TFs)"
FF01,GWN,3,UNIFIED,"[BB] t=208 [PHASE_TX] Sent CMD.5 -> FF0B (Q_fwd=2; Q_local=0)"
FF01,GWN,3,UNIFIED,"[BB] t=209 [DEQUEUE] From Q_fwd (waited 5 TFs)"
FF01,GWN,3,UNIFIED,"[BB] t=209 [PHASE_TX] Sent CMD.5 -> FF0B (Q_fwd=1; Q_local=0)"
FF01,GWN,3,UNIFIED,"[BB] t=210 [PHASE_RX] Listening (Q_fwd=1; Q_local=0)"
FF01,GWN,3,UNIFIED,"[BB] t=210 [RX_FWD] Encrypted CMD.5 from Child FF02 -> Queue for Parent FF0B"
FF01,GWN,3,UNIFIED,"[BB] t=210 [Q_FWD] Queued CMD.5 (size=2/15)"
FF01,GWN,3,UNIFIED,"[AC] t=211 [TIMEOUT] Sent CH_REJECT to orphaned AA02"
FF01,GWN,3,UNIFIED,"[AC] [LOCK][TIMEOUT] partner=AA02"
FF01,GWN,3,UNIFIED,"[BB] t=211 [PHASE_RX] Listening (Q_fwd=2; Q_local=0)"
FF01,GWN,3,UNIFIED,"[AC] t=211 [RX] CH_CMD.3 <- AA02"
FF01,GWN,3,UNIFIED,"[BB] t=212 [PHASE_RX] Listening (Q_fwd=2; Q_local=0)"
FF01,GWN,3,UNIFIED,"[AC] t=212 [RX] CH_CMD.0 <- AA02"
FF01,GWN,3,UNIFIED,"[AC] [LOCK][SET] partner=AA02 timeout=4"
FF01,GWN,3,UNIFIED,"[AC] t=212 [CH_ACK] -> AA02 (sending key)"
FF01,GWN,3,UNIFIED,"[BB] t=213 [DEQUEUE] From Q_fwd (waited 8 TFs)"
FF01,GWN,3,UNIFIED,"[BB] t=213 [PHASE_TX] Sent CMD.5 -> FF0B (Q_fwd=1; Q_local=0)"
FF01,GWN,3,UNIFIED,"[BB] t=214 [DEQUEUE] From Q_fwd (waited 4 TFs)"
FF01,GWN,3,UNIFIED,"[BB] t=214 [PHASE_TX] Sent CMD.5 -> FF0B (Q_fwd=0; Q_local=0)"
FF01,GWN,3,UNIFIED,"[BB] t=215 [PHASE_TX] IDLE (queues empty)"
FF01,GWN,3,UNIFIED,"[AC] t=216 [TIMEOUT] Sent CH_REJECT to orphaned AA02"
FF01,GWN,3,UNIFIED,"[AC] [LOCK][TIMEOUT] partner=AA02"
FF01,GWN,3,UNIFIED,"[BB] t=216 [PHASE_RX] Listening (Q_fwd=0; Q_local=0)"
FF01,GWN,3,UNIFIED,"[AC] t=216 [HELLO_TX] bcast battery=100.0%"
FF01,GWN,3,UNIFIED,"[BB] t=217 [PHASE_RX] Listening (Q_fwd=0; Q_local=0)"
FF01,GWN,3,UNIFIED,"[BB] t=218 [PHASE_RX] Listening (Q_fwd=0; Q_local=0)"
FF01,GWN,3,UNIFIED,"[BB] t=219 [PHASE_TX] IDLE (queues empty)"
FF01,GWN,3,UNIFIED,"[BB] t=220 [PHASE_TX] IDLE (queues empty)"
FF01,GWN,3,UNIFIED,"[BB] t=221 [PHASE_TX] IDLE (queues empty)"
FF01,GWN,3,UNIFIED,"[BB] t=222 [PHASE_RX] Listening (Q_fwd=0; Q_local=0)"
FF01,GWN,3,UNIFIED,"[BB] t=222 [RX_FWD] Encrypted CMD.5 from Child FF02 -> Queue for Parent FF0B"
FF01,GWN,3,UNIFIED,"[BB] t=222 [Q_FWD] Queued CMD.5 (size=1/15)"
FF01,GWN,3,UNIFIED,"[BB] t=223 [PHASE_RX] Listening (Q_fwd=1; Q_local=0)"
FF01,GWN,3,UNIFIED,"[BB] t=224 [PHASE_RX] Listening (Q_fwd=1; Q_local=0)"
FF01,GWN,3,UNIFIED,"[BB] t=225 [DEQUEUE] From Q_fwd (waited 3 TFs)"
FF01,GWN,3,UNIFIED,"[BB] t=225 [PHASE_TX] Sent CMD.5 -> FF0B (Q_fwd=0; Q_local=0)"
FF01,GWN,3,UNIFIED,"[AC] t=225 [HELLO_TX] bcast battery=100.0%"
FF01,GWN,3,UNIFIED,"[BB] t=226 [PHASE_TX] IDLE (queues empty)"
FF01,GWN,3,UNIFIED,"[BB] t=227 [PHASE_TX] IDLE (queues empty)"
FF01,GWN,3,UNIFIED,"[BB] t=228 [PHASE_RX] Listening (Q_fwd=0; Q_local=0)"
FF01,GWN,3,UNIFIED,"[BB] t=229 [PHASE_RX] Listening (Q_fwd=0; Q_local=0)"
FF01,GWN,3,UNIFIED,"[BB] t=230 [PHASE_RX] Listening (Q_fwd=0; Q_local=0)"
FF01,GWN,3,UNIFIED,"[BB] t=231 [PHASE_TX] IDLE (queues empty)"
FF01,GWN,3,UNIFIED,"[BB] t=232 [PHASE_TX] IDLE (queues empty)"
FF01,GWN,3,UNIFIED,"[BB] t=233 [PHASE_TX] IDLE (queues empty)"
FF01,GWN,3,UNIFIED,"[BB] t=234 [PHASE_RX] Listening (Q_fwd=0; Q_local=0)"
FF01,GWN,3,UNIFIED,"[BB] t=235 [PHASE_RX] Listening (Q_fwd=0; Q_local=0)"
FF01,GWN,3,UNIFIED,"[AC] t=235 [HELLO_TX] bcast battery=100.0%"
FF01,GWN,3,UNIFIED,"[BB] t=236 [PHASE_RX] Listening (Q_fwd=0; Q_local=0)"
FF01,GWN,3,UNIFIED,"[BB] t=237 [PHASE_TX] IDLE (queues empty)"
FF01,GWN,3,UNIFIED,"[BB] t=238 [PHASE_TX] IDLE (queues empty)"
FF01,GWN,3,UNIFIED,"[BB] t=239 [PHASE_TX] IDLE (queues empty)"
FF01,GWN,3,UNIFIED,"[BB] t=240 [PHASE_RX] Listening (Q_fwd=0; Q_local=0)"
FF01,GWN,3,UNIFIED,"[BB] t=241 [PHASE_RX] Listening (Q_fwd=0; Q_local=0)"
FF01,GWN,3,UNIFIED,"[BB] t=242 [PHASE_RX] Listening (Q_fwd=0; Q_local=0)"
FF01,GWN,3,UNIFIED,"[BB] t=243 [PHASE_TX] IDLE (queues empty)"
FF01,GWN,3,UNIFIED,"[AC] t=243 [HELLO_TX] bcast battery=100.0%"
FF01,GWN,3,UNIFIED,"[BB] t=244 [PHASE_TX] IDLE (queues empty)"
FF01,GWN,3,UNIFIED,"[BB] t=245 [PHASE_TX] IDLE (queues empty)"
FF01,GWN,3,UNIFIED,"[BB] t=246 [PHASE_RX] Listening (Q_fwd=0; Q_local=0)"
FF01,GWN,3,UNIFIED,"[BB] t=247 [PHASE_RX] Listening (Q_fwd=0; Q_local=0)"
FF01,GWN,3,UNIFIED,"[BB] t=248 [PHASE_RX] Listening (Q_fwd=0; Q_local=0)"
FF01,GWN,3,UNIFIED,"[BB] t=249 [PHASE_TX] IDLE (queues empty)"
FF02,GWN,3,BACKBONE,"t=5 [TX] HB.0 -> <BCAST>"
FF02,GWN,3,BACKBONE,"t=5 [PHY] Neighbour count: 2->3"
FF02,GWN,3,BACKBONE,"t=6 [PHY] Neighbour count: 3->4"
FF02,GWN,3,BACKBONE,"t=7 [PHY] Neighbour count: 4->5"
FF02,GWN,3,BACKBONE,"t=8 [PHY] Neighbour count: 5->6"
FF02,GWN,3,BACKBONE,"t=9 [PHY] Neighbour count: 6->7"
FF02,GWN,3,BACKBONE,"t=12 [TX] HB.0 -> <BCAST>"
FF02,GWN,3,BACKBONE,"t=12 [PHY] Neighbour count: 7->8"
FF02,GWN,3,BACKBONE,"t=13 [PHY] Neighbour count: 8->9"
FF02,GWN,3,BACKBONE,"t=18 [PHY] Neighbour count: 9->10"
FF02,GWN,3,BACKBONE,"t=19 [TX] HB.0 -> <BCAST>"
FF02,GWN,3,BACKBONE,"t=20 [PHY] Neighbour count: 10->11"
FF02,GWN,3,BACKBONE,"t=22 [PHY] Neighbour count: 11->12"
FF02,GWN,3,BACKBONE,"t=24 [PHY] Neighbour count: 12->13"
FF02,GWN,3,BACKBONE,"t=26 [TX] HB.1 -> <BCAST>"
FF02,GWN,3,BACKBONE,"t=27 [PHY] Neighbour count: 13->14"
FF02,GWN,3,BACKBONE,"t=28 [PHY] Neighbour count: 14->15"
FF02,GWN,3,BACKBONE,"t=33 [TX] HB.1 -> <BCAST>"
FF02,GWN,3,BACKBONE,"t=35 [PHY] Neighbour count: 15->16"
FF02,GWN,3,BACKBONE,"t=38 [PHY] Neighbour count: 16->17"
FF02,GWN,3,BACKBONE,"t=40 [TX] HB.1 -> <BCAST>"
FF02,GWN,3,BACKBONE,"t=47 [TX] HB.1 -> <BCAST>"
FF02,GWN,3,BACKBONE,"t=54 [TX] HB.1 -> <BCAST>"
FF02,GWN,3,BACKBONE,"t=55 [RX] CMD.0 <- FF01 RSSI=1.6"
FF02,GWN,3,BACKBONE,"t=55 [TX] CMD.1 -> FF01"
FF02,GWN,3,BACKBONE,"t=55 [TX] CMD.1 -> FF01"
FF02,GWN,3,BACKBONE,"t=55 [STATE] DISCOVERY -> HANDSHAKE"
FF02,GWN,3,BACKBONE,"[LOCK][SET] partner=FF01 timeout=6"
FF02,GWN,3,BACKBONE,"t=55 [HANDSHAKE] Lock set with FF01 (timer=6)"
FF02,GWN,3,BACKBONE,"t=59 [RX] CMD.2 <- FF01 RSSI=1.6"
FF02,GWN,3,BACKBONE,"[LOCK][REFRESH] partner=FF01 timeout=6"
FF02,GWN,3,BACKBONE,"[LOCK][SET] partner=FF01 timeout=6"
FF02,GWN,3,BACKBONE,"t=59 [PARENT] Set parent -> FF01"
FF02,GWN,3,BACKBONE,"t=60 [RX] CMD.4 <- FF01 RSSI=1.6"
FF02,GWN,3,BACKBONE,"[LOCK][REFRESH] partner=FF01 timeout=6"
FF02,GWN,3,BACKBONE,"t=60 [PHASE] Inherited phaseOffset=0 from parent FF01"
FF02,GWN,3,BACKBONE,"t=60 [ENC_HELLO] TX: gwCh=0; chCh=0; secCh=0; sn=0 (encrypted)"
FF02,GWN,3,BACKBONE,"t=60 [TX] CMD.5 -> FF01"
FF02,GWN,3,BACKBONE,"[LOCK][CLEAR][ENC_HELLO_TX] partner=FF01"
FF02,GWN,3,BACKBONE,"t=60 [HANDSHAKE] Lock cleared (was with FF01)"
FF02,GWN,3,BACKBONE,"t=63 [PHY] Neighbour count: 17->18"
FF02,GWN,3,BACKBONE,"[LOCK][SET] partner=FF09 timeout=6"
FF02,GWN,3,BACKBONE,"t=64 [HANDSHAKE] Lock set with FF09 (timer=6)"
FF02,GWN,3,BACKBONE,"[LOCK][SET] partner=FF09 timeout=6"
FF02,GWN,3,BACKBONE,"t=64 [TX] CMD.0 -> FF09"
FF02,GWN,3,BACKBONE,"t=66 [RX] CMD.1 <- FF09 RSSI=67.6"
FF02,GWN,3,BACKBONE,"[LOCK][REFRESH] partner=FF09 timeout=6"
FF02,GWN,3,BACKBONE,"t=66 [TX] CMD.2 -> FF09"
FF02,GWN,3,BACKBONE,"[LOCK][REFRESH] partner=FF09 timeout=6"
FF02,GWN,3,BACKBONE,"t=66 [HANDSHAKE] FF09 added to pendingChildren (awaiting ENC_HELLO)"
FF02,GWN,3,BACKBONE,"t=66 [TX] CMD.4 -> FF09"
FF02,GWN,3,BACKBONE,"t=66 [PHASE] Sending phaseOffset=1 to child FF09 (self=0)"
FF02,GWN,3,BACKBONE,"[LOCK][REFRESH] partner=FF09 timeout=6"
FF02,GWN,3,BACKBONE,"[LOCK][SET] partner=FF09 timeout=6"
FF02,GWN,3,BACKBONE,"t=70 [ENC_HELLO] TX: gwCh=0; chCh=0; secCh=0; sn=0 (encrypted)"
FF02,GWN,3,BACKBONE,"t=70 [ENC_HELLO] Retry 1/3 sent (next at t=90)"
FF02,GWN,3,BACKBONE,"t=71 [RX] CMD.5 <- FF09 RSSI=67.6"
FF02,GWN,3,BACKBONE,"t=71 [HANDSHAKE] FF09 promoted to children (ENC_HELLO received)"
FF02,GWN,3,BACKBONE,"[LOCK][CLEAR][ENC_HELLO_RX] partner=FF09"
FF02,GWN,3,BACKBONE,"t=71 [TX] CMD.5 -> FF01"
FF02,GWN,3,BACKBONE,"t=71 [HANDSHAKE] Lock cleared (was with FF09)"
FF02,GWN,3,BACKBONE,"t=71 [RETRY] Reset retry state for FF09 (now child)"
FF02,GWN,3,BACKBONE,"t=71 [STATE] HANDSHAKE -> SECURE"
FF02,GWN,3,BACKBONE,"t=78 [RX] CMD.0 <- FF03 RSSI=0.1"
FF02,GWN,3,BACKBONE,"t=78 [TX] CMD.3 -> FF03"
FF02,GWN,3,BACKBONE,"t=79 [RX_FWD] Encrypted CMD.5 from Child FF09 -> Queue for Parent FF01"
FF02,GWN,3,BACKBONE,"t=79 [Q_FWD] Queued CMD.5 (size=1/15)"
FF02,GWN,3,BACKBONE,"t=89 [PHY] Neighbour count: 18->19"
FF02,GWN,3,BACKBONE,"t=90 [ENC_HELLO] TX: gwCh=1; chCh=0; secCh=0; sn=0 (encrypted)"
FF02,GWN,3,BACKBONE,"t=90 [ENC_HELLO] Retry 2/3 sent (next at t=130)"
FF02,GWN,3,BACKBONE,"t=99 [RX_FWD] Encrypted CMD.5 from Child FF09 -> Queue for Parent FF01"
FF02,GWN,3,BACKBONE,"t=99 [Q_FWD] Queued CMD.5 (size=2/15)"
FF02,GWN,3,BACKBONE,"t=130 [ENC_HELLO] TX: gwCh=1; chCh=0; secCh=0; sn=0 (encrypted)"
FF02,GWN,3,BACKBONE,"t=130 [ENC_HELLO] Retry 3/3 sent (next at t=210)"
FF02,GWN,3,BACKBONE,"t=139 [RX_FWD] Encrypted CMD.5 from Child FF09 -> Queue for Parent FF01"
FF02,GWN,3,BACKBONE,"t=139 [Q_FWD] Queued CMD.5 (size=3/15)"
FF02,GWN,3,BACKBONE,"t=200 [DEQUEUE] From Q_fwd (waited 121 TFs)"
FF02,GWN,3,BACKBONE,"t=200 [PHASE_TX] Sent CMD.5 -> FF01 (Q_fwd=2; Q_local=0)"
FF02,GWN,3,BACKBONE,"t=201 [PHASE_RX] Listening (Q_fwd=2; Q_local=0)"
FF02,GWN,3,BACKBONE,"t=202 [PHASE_RX] Listening (Q_fwd=2; Q_local=0)"
FF02,GWN,3,BACKBONE,"t=203 [PHASE_RX] Listening (Q_fwd=2; Q_local=0)"
FF02,GWN,3,BACKBONE,"t=204 [DEQUEUE] From Q_fwd (waited 105 TFs)"
FF02,GWN,3,BACKBONE,"t=204 [PHASE_TX] Sent CMD.5 -> FF01 (Q_fwd=1; Q_local=0)"
FF02,GWN,3,BACKBONE,"t=205 [DEQUEUE] From Q_fwd (waited 66 TFs)"
FF02,GWN,3,BACKBONE,"t=205 [PHASE_TX] Sent CMD.5 -> FF01 (Q_fwd=0; Q_local=0)"
FF02,GWN,3,BACKBONE,"t=206 [PHASE_TX] IDLE (queues empty)"
FF02,GWN,3,BACKBONE,"t=207 [PHASE_RX] Listening (Q_fwd=0; Q_local=0)"
FF02,GWN,3,BACKBONE,"t=208 [PHASE_RX] Listening (Q_fwd=0; Q_local=0)"
FF02,GWN,3,BACKBONE,"t=209 [PHASE_RX] Listening (Q_fwd=0; Q_local=0)"
FF02,GWN,3,BACKBONE,"t=210 [ENC_HELLO] TX: gwCh=1; chCh=0; secCh=0; sn=0 (encrypted)"
FF02,GWN,3,BACKBONE,"t=210 [ENC_HELLO] Registry refresh #1 sent (next at t=290)"
FF02,GWN,3,BACKBONE,"t=210 [PHASE_TX] IDLE (queues empty)"
FF02,GWN,3,BACKBONE,"t=211 [PHASE_TX] IDLE (queues empty)"
FF02,GWN,3,BACKBONE,"t=212 [PHASE_TX] IDLE (queues empty)"
FF02,GWN,3,BACKBONE,"t=213 [PHASE_RX] Listening (Q_fwd=0; Q_local=0)"
FF02,GWN,3,BACKBONE,"t=214 [PHASE_RX] Listening (Q_fwd=0; Q_local=0)"
FF02,GWN,3,BACKBONE,"t=215 [PHASE_RX] Listening (Q_fwd=0; Q_local=0)"
FF02,GWN,3,BACKBONE,"t=216 [PHASE_TX] IDLE (queues empty)"
FF02,GWN,3,BACKBONE,"t=217 [PHASE_TX] IDLE (queues empty)"
FF02,GWN,3,BACKBONE,"t=218 [PHASE_TX] IDLE (queues empty)"
FF02,GWN,3,BACKBONE,"t=219 [PHASE_RX] Listening (Q_fwd=0; Q_local=0)"
FF02,GWN,3,BACKBONE,"t=219 [RX_FWD] Encrypted CMD.5 from Child FF09 -> Queue for Parent FF01"
FF02,GWN,3,BACKBONE,"t=219 [Q_FWD] Queued CMD.5 (size=1/15)"
FF02,GWN,3,BACKBONE,"t=220 [PHASE_RX] Listening (Q_fwd=1; Q_local=0)"
FF02,GWN,3,BACKBONE,"t=221 [PHASE_RX] Listening (Q_fwd=1; Q_local=0)"
FF02,GWN,3,BACKBONE,"t=222 [DEQUEUE] From Q_fwd (waited 3 TFs)"
FF02,GWN,3,BACKBONE,"t=222 [PHASE_TX] Sent CMD.5 -> FF01 (Q_fwd=0; Q_local=0)"
FF02,GWN,3,BACKBONE,"t=223 [PHASE_TX] IDLE (queues empty)"
FF02,GWN,3,BACKBONE,"t=224 [PHASE_TX] IDLE (queues empty)"
FF02,GWN,3,BACKBONE,"t=225 [PHASE_RX] Listening (Q_fwd=0; Q_local=0)"
FF02,GWN,3,BACKBONE,"t=226 [PHASE_RX] Listening (Q_fwd=0; Q_local=0)"
FF02,GWN,3,BACKBONE,"t=227 [PHASE_RX] Listening (Q_fwd=0; Q_local=0)"
FF02,GWN,3,BACKBONE,"t=228 [PHASE_TX] IDLE (queues empty)"
FF02,GWN,3,BACKBONE,"t=229 [PHASE_TX] IDLE (queues empty)"
FF02,GWN,3,BACKBONE,"t=230 [PHASE_TX] IDLE (queues empty)"
FF02,GWN,3,BACKBONE,"t=231 [PHASE_RX] Listening (Q_fwd=0; Q_local=0)"
FF02,GWN,3,BACKBONE,"t=232 [PHASE_RX] Listening (Q_fwd=0; Q_local=0)"
FF02,GWN,3,BACKBONE,"t=233 [PHASE_RX] Listening (Q_fwd=0; Q_local=0)"
FF02,GWN,3,BACKBONE,"t=234 [PHASE_TX] IDLE (queues empty)"
FF02,GWN,3,BACKBONE,"t=235 [PHASE_TX] IDLE (queues empty)"
FF02,GWN,3,BACKBONE,"t=236 [PHASE_TX] IDLE (queues empty)"
FF02,GWN,3,BACKBONE,"t=237 [PHASE_RX] Listening (Q_fwd=0; Q_local=0)"
FF02,GWN,3,BACKBONE,"t=238 [PHASE_RX] Listening (Q_fwd=0; Q_local=0)"
FF02,GWN,3,BACKBONE,"t=239 [PHASE_RX] Listening (Q_fwd=0; Q_local=0)"
FF02,GWN,3,BACKBONE,"t=240 [PHASE_TX] IDLE (queues empty)"
FF02,GWN,3,BACKBONE,"t=241 [PHASE_TX] IDLE (queues empty)"
FF02,GWN,3,BACKBONE,"t=242 [PHASE_TX] IDLE (queues empty)"
FF02,GWN,3,BACKBONE,"t=243 [PHASE_RX] Listening (Q_fwd=0; Q_local=0)"
FF02,GWN,3,BACKBONE,"t=244 [PHASE_RX] Listening (Q_fwd=0; Q_local=0)"
FF02,GWN,3,BACKBONE,"t=245 [PHASE_RX] Listening (Q_fwd=0; Q_local=0)"
FF02,GWN,3,BACKBONE,"t=246 [PHASE_TX] IDLE (queues empty)"
FF02,GWN,3,BACKBONE,"t=247 [PHASE_TX] IDLE (queues empty)"
FF02,GWN,3,BACKBONE,"t=248 [PHASE_TX] IDLE (queues empty)"
FF02,GWN,3,BACKBONE,"t=249 [PHASE_RX] Listening (Q_fwd=0; Q_local=0)"
FF02,GWN,3,ACCESS,"t=5 [PHY] Neighbour count: 2->3"
FF02,GWN,3,ACCESS,"t=6 [PHY] Neighbour count: 3->4"
FF02,GWN,3,ACCESS,"t=7 [HELLO_TX] bcast battery=100.0%"
FF02,GWN,3,ACCESS,"t=7 [PHY] Neighbour count: 4->5"
FF02,GWN,3,ACCESS,"t=8 [PHY] Neighbour count: 5->6"
FF02,GWN,3,ACCESS,"t=9 [PHY] Neighbour count: 6->7"
FF02,GWN,3,ACCESS,"t=12 [PHY] Neighbour count: 7->8"
FF02,GWN,3,ACCESS,"t=13 [PHY] Neighbour count: 8->9"
FF02,GWN,3,ACCESS,"t=16 [HELLO_TX] bcast battery=100.0%"
FF02,GWN,3,ACCESS,"t=18 [PHY] Neighbour count: 9->10"
FF02,GWN,3,ACCESS,"t=20 [HELLO_TX] bcast battery=100.0%"
FF02,GWN,3,ACCESS,"t=20 [PHY] Neighbour count: 10->11"
FF02,GWN,3,ACCESS,"t=22 [PHY] Neighbour count: 11->12"
FF02,GWN,3,ACCESS,"t=24 [PHY] Neighbour count: 12->13"
FF02,GWN,3,ACCESS,"t=27 [PHY] Neighbour count: 13->14"
FF02,GWN,3,ACCESS,"t=28 [PHY] Neighbour count: 14->15"
FF02,GWN,3,ACCESS,"t=30 [HELLO_TX] bcast battery=100.0%"
FF02,GWN,3,ACCESS,"t=35 [HELLO_TX] bcast battery=100.0%"
FF02,GWN,3,ACCESS,"t=35 [PHY] Neighbour count: 15->16"
FF02,GWN,3,ACCESS,"t=38 [PHY] Neighbour count: 16->17"
FF02,GWN,3,ACCESS,"t=41 [HELLO_TX] bcast battery=100.0%"
FF02,GWN,3,ACCESS,"t=50 [HELLO_TX] bcast battery=100.0%"
FF02,GWN,3,ACCESS,"t=57 [HELLO_TX] bcast battery=100.0%"
FF02,GWN,3,ACCESS,"t=63 [PHY] Neighbour count: 17->18"
FF02,GWN,3,ACCESS,"t=67 [HELLO_TX] bcast battery=100.0%"
FF02,GWN,3,ACCESS,"t=77 [HELLO_TX] bcast battery=100.0%"
FF02,GWN,3,ACCESS,"t=85 [HELLO_TX] bcast battery=100.0%"
FF02,GWN,3,ACCESS,"t=89 [PHY] Neighbour count: 18->19"
FF02,GWN,3,ACCESS,"t=92 [HELLO_TX] bcast battery=100.0%"
FF02,GWN,3,ACCESS,"t=97 [HELLO_TX] bcast battery=100.0%"
FF02,GWN,3,ACCESS,"t=104 [HELLO_TX] bcast battery=100.0%"
FF02,GWN,3,ACCESS,"t=111 [HELLO_TX] bcast battery=100.0%"
FF02,GWN,3,ACCESS,"t=117 [HELLO_TX] bcast battery=100.0%"
FF02,GWN,3,ACCESS,"t=127 [HELLO_TX] bcast battery=100.0%"
FF02,GWN,3,ACCESS,"t=137 [HELLO_TX] bcast battery=100.0%"
FF02,GWN,3,ACCESS,"t=143 [HELLO_TX] bcast battery=100.0%"
FF02,GWN,3,ACCESS,"t=151 [HELLO_TX] bcast battery=100.0%"
FF02,GWN,3,ACCESS,"t=157 [HELLO_TX] bcast battery=100.0%"
FF02,GWN,3,ACCESS,"t=162 [HELLO_TX] bcast battery=100.0%"
FF02,GWN,3,ACCESS,"t=166 [HELLO_TX] bcast battery=100.0%"
FF02,GWN,3,ACCESS,"t=172 [HELLO_TX] bcast battery=100.0%"
FF02,GWN,3,ACCESS,"t=180 [HELLO_TX] bcast battery=100.0%"
FF02,GWN,3,ACCESS,"t=187 [HELLO_TX] bcast battery=100.0%"
FF02,GWN,3,ACCESS,"t=193 [HELLO_TX] bcast battery=100.0%"
FF02,GWN,3,ACCESS,"t=199 [HELLO_TX] bcast battery=100.0%"
FF02,GWN,3,ACCESS,"t=202 [RX] CH_CMD.0 <- AA03"
FF02,GWN,3,ACCESS,"[LOCK][SET] partner=AA03 timeout=4"
FF02,GWN,3,ACCESS,"t=202 [CH_ACK] -> AA03 (sending key)"
FF02,GWN,3,ACCESS,"t=206 [TIMEOUT] Sent CH_REJECT to orphaned AA03"
FF02,GWN,3,ACCESS,"[LOCK][TIMEOUT] partner=AA03"
FF02,GWN,3,ACCESS,"t=207 [HELLO_TX] bcast battery=100.0%"
FF02,GWN,3,ACCESS,"t=211 [HELLO_TX] bcast battery=100.0%"
FF02,GWN,3,ACCESS,"t=218 [HELLO_TX] bcast battery=100.0%"
FF02,GWN,3,ACCESS,"t=227 [HELLO_TX] bcast battery=100.0%"
FF02,GWN,3,ACCESS,"t=234 [HELLO_TX] bcast battery=100.0%"
FF02,GWN,3,ACCESS,"t=243 [HELLO_TX] bcast battery=100.0%"
FF02,GWN,3,UNIFIED,"t=3 [PHY] Neighbor count=1"
FF02,GWN,3,UNIFIED,"t=4 [PHY] Neighbor count=2"
FF02,GWN,3,UNIFIED,"[BB] t=5 [TX] HB.0 -> <BCAST>"
FF02,GWN,3,UNIFIED,"t=5 [PHY] Neighbour count: 2->3"
FF02,GWN,3,UNIFIED,"t=6 [PHY] Neighbor count=3"
FF02,GWN,3,UNIFIED,"t=6 [PHY] Neighbour count: 3->4"
FF02,GWN,3,UNIFIED,"t=7 [PHY] Neighbor count=4"
FF02,GWN,3,UNIFIED,"[AC] t=7 [HELLO_TX] bcast battery=100.0%"
FF02,GWN,3,UNIFIED,"t=7 [PHY] Neighbour count: 4->5"
FF02,GWN,3,UNIFIED,"t=8 [PHY] Neighbor count=5"
FF02,GWN,3,UNIFIED,"t=8 [PHY] Neighbour count: 5->6"
FF02,GWN,3,UNIFIED,"t=9 [PHY] Neighbor count=6"
FF02,GWN,3,UNIFIED,"t=9 [PHY] Neighbour count: 6->7"
FF02,GWN,3,UNIFIED,"t=10 [PHY] Neighbor count=7"
FF02,GWN,3,UNIFIED,"[BB] t=12 [TX] HB.0 -> <BCAST>"
FF02,GWN,3,UNIFIED,"t=12 [PHY] Neighbour count: 7->8"
FF02,GWN,3,UNIFIED,"t=13 [PHY] Neighbor count=8"
FF02,GWN,3,UNIFIED,"t=13 [PHY] Neighbour count: 8->9"
FF02,GWN,3,UNIFIED,"t=14 [PHY] Neighbor count=9"
FF02,GWN,3,UNIFIED,"[AC] t=16 [HELLO_TX] bcast battery=100.0%"
FF02,GWN,3,UNIFIED,"t=18 [PHY] Neighbour count: 9->10"
FF02,GWN,3,UNIFIED,"t=19 [PHY] Neighbor count=10"
FF02,GWN,3,UNIFIED,"[BB] t=19 [TX] HB.0 -> <BCAST>"
FF02,GWN,3,UNIFIED,"[AC] t=20 [HELLO_TX] bcast battery=100.0%"
FF02,GWN,3,UNIFIED,"t=20 [PHY] Neighbour count: 10->11"
FF02,GWN,3,UNIFIED,"t=21 [PHY] Neighbor count=11"
FF02,GWN,3,UNIFIED,"t=22 [STATE] BOOT→DISCOVERY (neighbors=11)"
FF02,GWN,3,UNIFIED,"t=22 [PHY] Neighbour count: 11->12"
FF02,GWN,3,UNIFIED,"t=23 [PHY] Neighbor count=12"
FF02,GWN,3,UNIFIED,"t=24 [PHY] Neighbour count: 12->13"
FF02,GWN,3,UNIFIED,"t=25 [PHY] Neighbor count=13"
FF02,GWN,3,UNIFIED,"[BB] t=26 [TX] HB.1 -> <BCAST>"
FF02,GWN,3,UNIFIED,"t=27 [PHY] Neighbour count: 13->14"
FF02,GWN,3,UNIFIED,"t=28 [PHY] Neighbor count=14"
FF02,GWN,3,UNIFIED,"t=28 [PHY] Neighbour count: 14->15"
FF02,GWN,3,UNIFIED,"t=29 [PHY] Neighbor count=15"
FF02,GWN,3,UNIFIED,"[AC] t=30 [HELLO_TX] bcast battery=100.0%"
FF02,GWN,3,UNIFIED,"[BB] t=33 [TX] HB.1 -> <BCAST>"
FF02,GWN,3,UNIFIED,"[AC] t=35 [HELLO_TX] bcast battery=100.0%"
FF02,GWN,3,UNIFIED,"t=35 [PHY] Neighbour count: 15->16"
FF02,GWN,3,UNIFIED,"t=36 [PHY] Neighbor count=16"
FF02,GWN,3,UNIFIED,"t=38 [PHY] Neighbour count: 16->17"
FF02,GWN,3,UNIFIED,"t=39 [PHY] Neighbor count=17"
FF02,GWN,3,UNIFIED,"[BB] t=40 [TX] HB.1 -> <BCAST>"
FF02,GWN,3,UNIFIED,"[AC] t=41 [HELLO_TX] bcast battery=100.0%"
FF02,GWN,3,UNIFIED,"[BB] t=47 [TX] HB.1 -> <BCAST>"
FF02,GWN,3,UNIFIED,"[AC] t=50 [HELLO_TX] bcast battery=100.0%"
FF02,GWN,3,UNIFIED,"[BB] t=54 [TX] HB.1 -> <BCAST>"
FF02,GWN,3,UNIFIED,"[BB] t=55 [RX] CMD.0 <- FF01 RSSI=1.6"
FF02,GWN,3,UNIFIED,"[BB] t=55 [TX] CMD.1 -> FF01"
FF02,GWN,3,UNIFIED,"[BB] t=55 [TX] CMD.1 -> FF01"
FF02,GWN,3,UNIFIED,"[BB] t=55 [STATE] DISCOVERY -> HANDSHAKE"
FF02,GWN,3,UNIFIED,"[BB] [LOCK][SET] partner=FF01 timeout=6"
FF02,GWN,3,UNIFIED,"[BB] t=55 [HANDSHAKE] Lock set with FF01 (timer=6)"
FF02,GWN,3,UNIFIED,"[AC] t=57 [HELLO_TX] bcast battery=100.0%"
FF02,GWN,3,UNIFIED,"[BB] t=59 [RX] CMD.2 <- FF01 RSSI=1.6"
FF02,GWN,3,UNIFIED,"[BB] [LOCK][REFRESH] partner=FF01 timeout=6"
FF02,GWN,3,UNIFIED,"[BB] [LOCK][SET] partner=FF01 timeout=6"
FF02,GWN,3,UNIFIED,"[BB] t=59 [PARENT] Set parent -> FF01"
FF02,GWN,3,UNIFIED,"[BB] t=60 [RX] CMD.4 <- FF01 RSSI=1.6"
FF02,GWN,3,UNIFIED,"[BB] [LOCK][REFRESH] partner=FF01 timeout=6"
FF02,GWN,3,UNIFIED,"[BB] t=60 [PHASE] Inherited phaseOffset=0 from parent FF01"
FF02,GWN,3,UNIFIED,"[BB] t=60 [ENC_HELLO] TX: gwCh=0; chCh=0; secCh=0; sn=0 (encrypted)"
FF02,GWN,3,UNIFIED,"[BB] t=60 [TX] CMD.5 -> FF01"
FF02,GWN,3,UNIFIED,"[BB] [LOCK][CLEAR][ENC_HELLO_TX] partner=FF01"
FF02,GWN,3,UNIFIED,"[BB] t=60 [HANDSHAKE] Lock cleared (was with FF01)"
FF02,GWN,3,UNIFIED,"t=63 [PHY] Neighbour count: 17->18"
FF02,GWN,3,UNIFIED,"t=64 [PHY] Neighbor count=18"
FF02,GWN,3,UNIFIED,"t=64 [RECRUIT] INIT(1/4) -> FF09"
FF02,GWN,3,UNIFIED,"[BB] [LOCK][SET] partner=FF09 timeout=6"
FF02,GWN,3,UNIFIED,"[BB] t=64 [HANDSHAKE] Lock set with FF09 (timer=6)"
FF02,GWN,3,UNIFIED,"[BB] [LOCK][SET] partner=FF09 timeout=6"
FF02,GWN,3,UNIFIED,"[BB] t=64 [TX] CMD.0 -> FF09"
FF02,GWN,3,UNIFIED,"[BB] t=66 [RX] CMD.1 <- FF09 RSSI=67.6"
FF02,GWN,3,UNIFIED,"[BB] [LOCK][REFRESH] partner=FF09 timeout=6"
FF02,GWN,3,UNIFIED,"[BB] t=66 [TX] CMD.2 -> FF09"
FF02,GWN,3,UNIFIED,"[BB] [LOCK][REFRESH] partner=FF09 timeout=6"
FF02,GWN,3,UNIFIED,"[BB] t=66 [HANDSHAKE] FF09 added to pendingChildren (awaiting ENC_HELLO)"
FF02,GWN,3,UNIFIED,"[BB] t=66 [TX] CMD.4 -> FF09"
FF02,GWN,3,UNIFIED,"[BB] t=66 [PHASE] Sending phaseOffset=1 to child FF09 (self=0)"
FF02,GWN,3,UNIFIED,"[BB] [LOCK][REFRESH] partner=FF09 timeout=6"
FF02,GWN,3,UNIFIED,"[BB] [LOCK][SET] partner=FF09 timeout=6"
FF02,GWN,3,UNIFIED,"[AC] t=67 [HELLO_TX] bcast battery=100.0%"
FF02,GWN,3,UNIFIED,"[BB] t=70 [ENC_HELLO] TX: gwCh=0; chCh=0; secCh=0; sn=0 (encrypted)"
FF02,GWN,3,UNIFIED,"[BB] t=70 [ENC_HELLO] Retry 1/3 sent (next at t=90)"
FF02,GWN,3,UNIFIED,"[BB] t=71 [RX] CMD.5 <- FF09 RSSI=67.6"
FF02,GWN,3,UNIFIED,"[BB] t=71 [HANDSHAKE] FF09 promoted to children (ENC_HELLO received)"
FF02,GWN,3,UNIFIED,"[BB] [LOCK][CLEAR][ENC_HELLO_RX] partner=FF09"
FF02,GWN,3,UNIFIED,"[BB] t=71 [TX] CMD.5 -> FF01"
FF02,GWN,3,UNIFIED,"[BB] t=71 [HANDSHAKE] Lock cleared (was with FF09)"
FF02,GWN,3,UNIFIED,"[BB] t=71 [RETRY] Reset retry state for FF09 (now child)"
FF02,GWN,3,UNIFIED,"[BB] t=71 [STATE] HANDSHAKE -> SECURE"
FF02,GWN,3,UNIFIED,"[AC] t=77 [HELLO_TX] bcast battery=100.0%"
FF02,GWN,3,UNIFIED,"[BB] t=78 [RX] CMD.0 <- FF03 RSSI=0.1"
FF02,GWN,3,UNIFIED,"[BB] t=78 [TX] CMD.3 -> FF03"
FF02,GWN,3,UNIFIED,"t=78 [REJ_PARENT] → FF03"
FF02,GWN,3,UNIFIED,"[BB] t=79 [RX_FWD] Encrypted CMD.5 from Child FF09 -> Queue for Parent FF01"
FF02,GWN,3,UNIFIED,"[BB] t=79 [Q_FWD] Queued CMD.5 (size=1/15)"
FF02,GWN,3,UNIFIED,"[AC] t=85 [HELLO_TX] bcast battery=100.0%"
FF02,GWN,3,UNIFIED,"t=89 [PHY] Neighbour count: 18->19"
FF02,GWN,3,UNIFIED,"t=90 [PHY] Neighbor count=19"
FF02,GWN,3,UNIFIED,"[BB] t=90 [ENC_HELLO] TX: gwCh=1; chCh=0; secCh=0; sn=0 (encrypted)"
FF02,GWN,3,UNIFIED,"[BB] t=90 [ENC_HELLO] Retry 2/3 sent (next at t=130)"
FF02,GWN,3,UNIFIED,"[AC] t=92 [HELLO_TX] bcast battery=100.0%"
FF02,GWN,3,UNIFIED,"[AC] t=97 [HELLO_TX] bcast battery=100.0%"
FF02,GWN,3,UNIFIED,"[BB] t=99 [RX_FWD] Encrypted CMD.5 from Child FF09 -> Queue for Parent FF01"
FF02,GWN,3,UNIFIED,"[BB] t=99 [Q_FWD] Queued CMD.5 (size=2/15)"
FF02,GWN,3,UNIFIED,"[AC] t=104 [HELLO_TX] bcast battery=100.0%"
FF02,GWN,3,UNIFIED,"[AC] t=111 [HELLO_TX] bcast battery=100.0%"
FF02,GWN,3,UNIFIED,"[AC] t=117 [HELLO_TX] bcast battery=100.0%"
FF02,GWN,3,UNIFIED,"[AC] t=127 [HELLO_TX] bcast battery=100.0%"
FF02,GWN,3,UNIFIED,"[BB] t=130 [ENC_HELLO] TX: gwCh=1; chCh=0; secCh=0; sn=0 (encrypted)"
FF02,GWN,3,UNIFIED,"[BB] t=130 [ENC_HELLO] Retry 3/3 sent (next at t=210)"
FF02,GWN,3,UNIFIED,"[AC] t=137 [HELLO_TX] bcast battery=100.0%"
FF02,GWN,3,UNIFIED,"[BB] t=139 [RX_FWD] Encrypted CMD.5 from Child FF09 -> Queue for Parent FF01"
FF02,GWN,3,UNIFIED,"[BB] t=139 [Q_FWD] Queued CMD.5 (size=3/15)"
FF02,GWN,3,UNIFIED,"[AC] t=143 [HELLO_TX] bcast battery=100.0%"
FF02,GWN,3,UNIFIED,"[AC] t=151 [HELLO_TX] bcast battery=100.0%"
FF02,GWN,3,UNIFIED,"[AC] t=157 [HELLO_TX] bcast battery=100.0%"
FF02,GWN,3,UNIFIED,"[AC] t=162 [HELLO_TX] bcast battery=100.0%"
FF02,GWN,3,UNIFIED,"[AC] t=166 [HELLO_TX] bcast battery=100.0%"
FF02,GWN,3,UNIFIED,"[AC] t=172 [HELLO_TX] bcast battery=100.0%"
FF02,GWN,3,UNIFIED,"[AC] t=180 [HELLO_TX] bcast battery=100.0%"
FF02,GWN,3,UNIFIED,"[AC] t=187 [HELLO_TX] bcast battery=100.0%"
FF02,GWN,3,UNIFIED,"[AC] t=193 [HELLO_TX] bcast battery=100.0%"
FF02,GWN,3,UNIFIED,"[AC] t=199 [HELLO_TX] bcast battery=100.0%"
FF02,GWN,3,UNIFIED,"[BB] t=200 [DEQUEUE] From Q_fwd (waited 121 TFs)"
FF02,GWN,3,UNIFIED,"[BB] t=200 [PHASE_TX] Sent CMD.5 -> FF01 (Q_fwd=2; Q_local=0)"
FF02,GWN,3,UNIFIED,"[BB] t=201 [PHASE_RX] Listening (Q_fwd=2; Q_local=0)"
FF02,GWN,3,UNIFIED,"[BB] t=202 [PHASE_RX] Listening (Q_fwd=2; Q_local=0)"
FF02,GWN,3,UNIFIED,"[AC] t=202 [RX] CH_CMD.0 <- AA03"
FF02,GWN,3,UNIFIED,"[AC] [LOCK][SET] partner=AA03 timeout=4"
FF02,GWN,3,UNIFIED,"[AC] t=202 [CH_ACK] -> AA03 (sending key)"
FF02,GWN,3,UNIFIED,"[BB] t=203 [PHASE_RX] Listening (Q_fwd=2; Q_local=0)"
FF02,GWN,3,UNIFIED,"[BB] t=204 [DEQUEUE] From Q_fwd (waited 105 TFs)"
FF02,GWN,3,UNIFIED,"[BB] t=204 [PHASE_TX] Sent CMD.5 -> FF01 (Q_fwd=1; Q_local=0)"
FF02,GWN,3,UNIFIED,"[BB] t=205 [DEQUEUE] From Q_fwd (waited 66 TFs)"
FF02,GWN,3,UNIFIED,"[BB] t=205 [PHASE_TX] Sent CMD.5 -> FF01 (Q_fwd=0; Q_local=0)"
FF02,GWN,3,UNIFIED,"[AC] t=206 [TIMEOUT] Sent CH_REJECT to orphaned AA03"
FF02,GWN,3,UNIFIED,"[AC] [LOCK][TIMEOUT] partner=AA03"
FF02,GWN,3,UNIFIED,"[BB] t=206 [PHASE_TX] IDLE (queues empty)"
FF02,GWN,3,UNIFIED,"[BB] t=207 [PHASE_RX] Listening (Q_fwd=0; Q_local=0)"
FF02,GWN,3,UNIFIED,"[AC] t=207 [HELLO_TX] bcast battery=100.0%"
FF02,GWN,3,UNIFIED,"[BB] t=208 [PHASE_RX] Listening (Q_fwd=0; Q_local=0)"
FF02,GWN,3,UNIFIED,"[BB] t=209 [PHASE_RX] Listening (Q_fwd=0; Q_local=0)"
FF02,GWN,3,UNIFIED,"[BB] t=210 [ENC_HELLO] TX: gwCh=1; chCh=0; secCh=0; sn=0 (encrypted)"
FF02,GWN,3,UNIFIED,"[BB] t=210 [ENC_HELLO] Registry refresh #1 sent (next at t=290)"
FF02,GWN,3,UNIFIED,"[BB] t=210 [PHASE_TX] IDLE (queues empty)"
FF02,GWN,3,UNIFIED,"[BB] t=211 [PHASE_TX] IDLE (queues empty)"
FF02,GWN,3,UNIFIED,"[AC] t=211 [HELLO_TX] bcast battery=100.0%"
FF02,GWN,3,UNIFIED,"[BB] t=212 [PHASE_TX] IDLE (queues empty)"
FF02,GWN,3,UNIFIED,"[BB] t=213 [PHASE_RX] Listening (Q_fwd=0; Q_local=0)"
FF02,GWN,3,UNIFIED,"[BB] t=214 [PHASE_RX] Listening (Q_fwd=0; Q_local=0)"
FF02,GWN,3,UNIFIED,"[BB] t=215 [PHASE_RX] Listening (Q_fwd=0; Q_local=0)"
FF02,GWN,3,UNIFIED,"[BB] t=216 [PHASE_TX] IDLE (queues empty)"
FF02,GWN,3,UNIFIED,"[BB] t=217 [PHASE_TX] IDLE (queues empty)"
FF02,GWN,3,UNIFIED,"[BB] t=218 [PHASE_TX] IDLE (queues empty)"
FF02,GWN,3,UNIFIED,"[AC] t=218 [HELLO_TX] bcast battery=100.0%"
FF02,GWN,3,UNIFIED,"[BB] t=219 [PHASE_RX] Listening (Q_fwd=0; Q_local=0)"
FF02,GWN,3,UNIFIED,"[BB] t=219 [RX_FWD] Encrypted CMD.5 from Child FF09 -> Queue for Parent FF01"
FF02,GWN,3,UNIFIED,"[BB] t=219 [Q_FWD] Queued CMD.5 (size=1/15)"
FF02,GWN,3,UNIFIED,"[BB] t=220 [PHASE_RX] Listening (Q_fwd=1; Q_local=0)"
FF02,GWN,3,UNIFIED,"[BB] t=221 [PHASE_RX] Listening (Q_fwd=1; Q_local=0)"
FF02,GWN,3,UNIFIED,"[BB] t=222 [DEQUEUE] From Q_fwd (waited 3 TFs)"
FF02,GWN,3,UNIFIED,"[BB] t=222 [PHASE_TX] Sent CMD.5 -> FF01 (Q_fwd=0; Q_local=0)"
FF02,GWN,3,UNIFIED,"[BB] t=223 [PHASE_TX] IDLE (queues empty)"
FF02,GWN,3,UNIFIED,"[BB] t=224 [PHASE_TX] IDLE (queues empty)"
FF02,GWN,3,UNIFIED,"[BB] t=225 [PHASE_RX] Listening (Q_fwd=0; Q_local=0)"
FF02,GWN,3,UNIFIED,"[BB] t=226 [PHASE_RX] Listening (Q_fwd=0; Q_local=0)"
FF02,GWN,3,UNIFIED,"[BB] t=227 [PHASE_RX] Listening (Q_fwd=0; Q_local=0)"
FF02,GWN,3,UNIFIED,"[AC] t=227 [HELLO_TX] bcast battery=100.0%"
FF02,GWN,3,UNIFIED,"[BB] t=228 [PHASE_TX] IDLE (queues empty)"
FF02,GWN,3,UNIFIED,"[BB] t=229 [PHASE_TX] IDLE (queues empty)"
FF02,GWN,3,UNIFIED,"[BB] t=230 [PHASE_TX] IDLE (queues empty)"
FF02,GWN,3,UNIFIED,"[BB] t=231 [PHASE_RX] Listening (Q_fwd=0; Q_local=0)"
FF02,GWN,3,UNIFIED,"[BB] t=232 [PHASE_RX] Listening (Q_fwd=0; Q_local=0)"
FF02,GWN,3,UNIFIED,"[BB] t=233 [PHASE_RX] Listening (Q_fwd=0; Q_local=0)"
FF02,GWN,3,UNIFIED,"[BB] t=234 [PHASE_TX] IDLE (queues empty)"
FF02,GWN,3,UNIFIED,"[AC] t=234 [HELLO_TX] bcast battery=100.0%"
FF02,GWN,3,UNIFIED,"[BB] t=235 [PHASE_TX] IDLE (queues empty)"
FF02,GWN,3,UNIFIED,"[BB] t=236 [PHASE_TX] IDLE (queues empty)"
FF02,GWN,3,UNIFIED,"[BB] t=237 [PHASE_RX] Listening (Q_fwd=0; Q_local=0)"
FF02,GWN,3,UNIFIED,"[BB] t=238 [PHASE_RX] Listening (Q_fwd=0; Q_local=0)"
FF02,GWN,3,UNIFIED,"[BB] t=239 [PHASE_RX] Listening (Q_fwd=0; Q_local=0)"
FF02,GWN,3,UNIFIED,"[BB] t=240 [PHASE_TX] IDLE (queues empty)"
FF02,GWN,3,UNIFIED,"[BB] t=241 [PHASE_TX] IDLE (queues empty)"
FF02,GWN,3,UNIFIED,"[BB] t=242 [PHASE_TX] IDLE (queues empty)"
FF02,GWN,3,UNIFIED,"[BB] t=243 [PHASE_RX] Listening (Q_fwd=0; Q_local=0)"
FF02,GWN,3,UNIFIED,"[AC] t=243 [HELLO_TX] bcast battery=100.0%"
FF02,GWN,3,UNIFIED,"[BB] t=244 [PHASE_RX] Listening (Q_fwd=0; Q_local=0)"
FF02,GWN,3,UNIFIED,"[BB] t=245 [PHASE_RX] Listening (Q_fwd=0; Q_local=0)"
FF02,GWN,3,UNIFIED,"[BB] t=246 [PHASE_TX] IDLE (queues empty)"
FF02,GWN,3,UNIFIED,"[BB] t=247 [PHASE_TX] IDLE (queues empty)"
FF02,GWN,3,UNIFIED,"[BB] t=248 [PHASE_TX] IDLE (queues empty)"
FF02,GWN,3,UNIFIED,"[BB] t=249 [PHASE_RX] Listening (Q_fwd=0; Q_local=0)"
FF03,GWN,3,BACKBONE,"t=4 [PHY] Neighbour count: 3->4"
FF03,GWN,3,BACKBONE,"t=5 [TX] HB.0 -> <BCAST>"
FF03,GWN,3,BACKBONE,"t=6 [PHY] Neighbour count: 5->6"
FF03,GWN,3,BACKBONE,"t=7 [PHY] Neighbour count: 6->7"
FF03,GWN,3,BACKBONE,"t=8 [PHY] Neighbour count: 7->8"
FF03,GWN,3,BACKBONE,"t=9 [PHY] Neighbour count: 8->9"
FF03,GWN,3,BACKBONE,"t=10 [PHY] Neighbour count: 9->10"
FF03,GWN,3,BACKBONE,"t=12 [TX] HB.0 -> <BCAST>"
FF03,GWN,3,BACKBONE,"t=15 [PHY] Neighbour count: 10->11"
FF03,GWN,3,BACKBONE,"t=19 [TX] HB.0 -> <BCAST>"
FF03,GWN,3,BACKBONE,"t=19 [PHY] Neighbour count: 11->12"
FF03,GWN,3,BACKBONE,"t=23 [PHY] Neighbour count: 12->13"
FF03,GWN,3,BACKBONE,"t=26 [TX] HB.1 -> <BCAST>"
FF03,GWN,3,BACKBONE,"t=31 [RX] CMD.0 <- FF0A RSSI=1.1"
FF03,GWN,3,BACKBONE,"t=31 [TX] CMD.1 -> FF0A"
FF03,GWN,3,BACKBONE,"t=31 [TX] CMD.1 -> FF0A"
FF03,GWN,3,BACKBONE,"t=31 [STATE] DISCOVERY -> HANDSHAKE"
FF03,GWN,3,BACKBONE,"[LOCK][SET] partner=FF0A timeout=6"
FF03,GWN,3,BACKBONE,"t=31 [HANDSHAKE] Lock set with FF0A (timer=6)"
FF03,GWN,3,BACKBONE,"t=35 [RX] CMD.2 <- FF0A RSSI=1.1"
FF03,GWN,3,BACKBONE,"[LOCK][REFRESH] partner=FF0A timeout=6"
FF03,GWN,3,BACKBONE,"[LOCK][SET] partner=FF0A timeout=6"
FF03,GWN,3,BACKBONE,"t=35 [PARENT] Set parent -> FF0A"
FF03,GWN,3,BACKBONE,"t=36 [RX] CMD.4 <- FF0A RSSI=1.1"
FF03,GWN,3,BACKBONE,"[LOCK][REFRESH] partner=FF0A timeout=6"
FF03,GWN,3,BACKBONE,"t=36 [PHASE] Inherited phaseOffset=0 from parent FF0A"
FF03,GWN,3,BACKBONE,"t=36 [ENC_HELLO] TX: gwCh=0; chCh=0; secCh=0; sn=0 (encrypted)"
FF03,GWN,3,BACKBONE,"t=36 [TX] CMD.5 -> FF0A"
FF03,GWN,3,BACKBONE,"[LOCK][CLEAR][ENC_HELLO_TX] partner=FF0A"
FF03,GWN,3,BACKBONE,"t=36 [HANDSHAKE] Lock cleared (was with FF0A)"
FF03,GWN,3,BACKBONE,"[LOCK][SET] partner=FF01 timeout=6"
FF03,GWN,3,BACKBONE,"t=40 [HANDSHAKE] Lock set with FF01 (timer=6)"
FF03,GWN,3,BACKBONE,"[LOCK][SET] partner=FF01 timeout=6"
FF03,GWN,3,BACKBONE,"t=40 [TX] CMD.0 -> FF01"
FF03,GWN,3,BACKBONE,"t=46 [ENC_HELLO] TX: gwCh=0; chCh=0; secCh=0; sn=0 (encrypted)"
FF03,GWN,3,BACKBONE,"t=46 [ENC_HELLO] Retry 1/3 sent (next at t=66)"
FF03,GWN,3,BACKBONE,"[LOCK][CLEAR] partner=FF01"
FF03,GWN,3,BACKBONE,"[LOCK][SET] partner=FF01 timeout=6"
FF03,GWN,3,BACKBONE,"t=47 [HANDSHAKE] Lock set with FF01 (timer=6)"
FF03,GWN,3,BACKBONE,"[LOCK][SET] partner=FF01 timeout=6"
FF03,GWN,3,BACKBONE,"t=47 [TX] CMD.0 -> FF01"
FF03,GWN,3,BACKBONE,"t=51 [PHY] Neighbour count: 13->14"
FF03,GWN,3,BACKBONE,"[LOCK][CLEAR] partner=FF01"
FF03,GWN,3,BACKBONE,"[LOCK][SET] partner=FF01 timeout=6"
FF03,GWN,3,BACKBONE,"t=54 [HANDSHAKE] Lock set with FF01 (timer=6)"
FF03,GWN,3,BACKBONE,"[LOCK][SET] partner=FF01 timeout=6"
FF03,GWN,3,BACKBONE,"t=54 [TX] CMD.0 -> FF01"
FF03,GWN,3,BACKBONE,"t=56 [RX] CMD.3 <- FF01 RSSI=0.4"
FF03,GWN,3,BACKBONE,"[LOCK][CLEAR][REJECT] partner=FF01"
FF03,GWN,3,BACKBONE,"t=56 [REJECT] Neighbor FF01 marked REJECT"
FF03,GWN,3,BACKBONE,"t=56 [HANDSHAKE] Lock cleared (was with FF01)"
FF03,GWN,3,BACKBONE,"t=56 [STATE] HANDSHAKE -> SECURE"
FF03,GWN,3,BACKBONE,"[LOCK][SET] partner=FF02 timeout=6"
FF03,GWN,3,BACKBONE,"t=57 [HANDSHAKE] Lock set with FF02 (timer=6)"
FF03,GWN,3,BACKBONE,"[LOCK][SET] partner=FF02 timeout=6"
FF03,GWN,3,BACKBONE,"t=57 [TX] CMD.0 -> FF02"
FF03,GWN,3,BACKBONE,"[LOCK][CLEAR] partner=FF02"
FF03,GWN,3,BACKBONE,"[LOCK][SET] partner=FF02 timeout=6"
FF03,GWN,3,BACKBONE,"t=64 [HANDSHAKE] Lock set with FF02 (timer=6)"
FF03,GWN,3,BACKBONE,"[LOCK][SET] partner=FF02 timeout=6"
FF03,GWN,3,BACKBONE,"t=64 [TX] CMD.0 -> FF02"
FF03,GWN,3,BACKBONE,"t=66 [ENC_HELLO] TX: gwCh=0; chCh=0; secCh=0; sn=0 (encrypted)"
FF03,GWN,3,BACKBONE,"t=66 [ENC_HELLO] Retry 2/3 sent (next at t=106)"
FF03,GWN,3,BACKBONE,"[LOCK][CLEAR] partner=FF02"
FF03,GWN,3,BACKBONE,"[LOCK][SET] partner=FF02 timeout=6"
FF03,GWN,3,BACKBONE,"t=71 [HANDSHAKE] Lock set with FF02 (timer=6)"
FF03,GWN,3,BACKBONE,"[LOCK][SET] partner=FF02 timeout=6"
FF03,GWN,3,BACKBONE,"t=71 [TX] CMD.0 -> FF02"
FF03,GWN,3,BACKBONE,"[LOCK][CLEAR] partner=FF02"
FF03,GWN,3,BACKBONE,"[LOCK][SET] partner=FF02 timeout=6"
FF03,GWN,3,BACKBONE,"t=78 [HANDSHAKE] Lock set with FF02 (timer=6)"
FF03,GWN,3,BACKBONE,"[LOCK][SET] partner=FF02 timeout=6"
FF03,GWN,3,BACKBONE,"t=78 [TX] CMD.0 -> FF02"
FF03,GWN,3,BACKBONE,"t=81 [RX] CMD.3 <- FF02 RSSI=0.1"
FF03,GWN,3,BACKBONE,"[LOCK][CLEAR][REJECT] partner=FF02"
FF03,GWN,3,BACKBONE,"t=81 [REJECT] Neighbor FF02 marked REJECT"
FF03,GWN,3,BACKBONE,"t=81 [HANDSHAKE] Lock cleared (was with FF02)"
FF03,GWN,3,BACKBONE,"t=81 [STATE] HANDSHAKE -> SECURE"
FF03,GWN,3,BACKBONE,"[LOCK][SET] partner=FF06 timeout=6"
FF03,GWN,3,BACKBONE,"t=82 [HANDSHAKE] Lock set with FF06 (timer=6)"
FF03,GWN,3,BACKBONE,"[LOCK][SET] partner=FF06 timeout=6"
FF03,GWN,3,BACKBONE,"t=82 [TX] CMD.0 -> FF06"
FF03,GWN,3,BACKBONE,"[LOCK][CLEAR] partner=FF06"
FF03,GWN,3,BACKBONE,"[LOCK][SET] partner=FF06 timeout=6"
FF03,GWN,3,BACKBONE,"t=89 [HANDSHAKE] Lock set with FF06 (timer=6)"
FF03,GWN,3,BACKBONE,"[LOCK][SET] partner=FF06 timeout=6"
FF03,GWN,3,BACKBONE,"t=89 [TX] CMD.0 -> FF06"
FF03,GWN,3,BACKBONE,"[LOCK][CLEAR] partner=FF06"
FF03,GWN,3,BACKBONE,"[LOCK][SET] partner=FF06 timeout=6"
FF03,GWN,3,BACKBONE,"t=96 [HANDSHAKE] Lock set with FF06 (timer=6)"
FF03,GWN,3,BACKBONE,"[LOCK][SET] partner=FF06 timeout=6"
FF03,GWN,3,BACKBONE,"t=96 [TX] CMD.0 -> FF06"
FF03,GWN,3,BACKBONE,"[LOCK][CLEAR] partner=FF06"
FF03,GWN,3,BACKBONE,"[LOCK][SET] partner=FF06 timeout=6"
FF03,GWN,3,BACKBONE,"t=103 [HANDSHAKE] Lock set with FF06 (timer=6)"
FF03,GWN,3,BACKBONE,"[LOCK][SET] partner=FF06 timeout=6"
FF03,GWN,3,BACKBONE,"t=103 [TX] CMD.0 -> FF06"
FF03,GWN,3,BACKBONE,"t=106 [ENC_HELLO] TX: gwCh=0; chCh=0; secCh=0; sn=0 (encrypted)"
FF03,GWN,3,BACKBONE,"t=106 [ENC_HELLO] Retry 3/3 sent (next at t=186)"
FF03,GWN,3,BACKBONE,"[LOCK][CLEAR] partner=FF06"
FF03,GWN,3,BACKBONE,"t=186 [ENC_HELLO] TX: gwCh=0; chCh=0; secCh=0; sn=0 (encrypted)"
FF03,GWN,3,BACKBONE,"t=186 [ENC_HELLO] Registry refresh #1 sent (next at t=266)"
FF03,GWN,3,BACKBONE,"t=200 [PHASE_TX] IDLE (queues empty)"
FF03,GWN,3,BACKBONE,"t=201 [PHASE_RX] Listening (Q_fwd=0; Q_local=0)"
FF03,GWN,3,BACKBONE,"t=202 [PHASE_RX] Listening (Q_fwd=0; Q_local=0)"
FF03,GWN,3,BACKBONE,"t=203 [PHASE_RX] Listening (Q_fwd=0; Q_local=0)"
FF03,GWN,3,BACKBONE,"t=204 [PHASE_TX] IDLE (queues empty)"
FF03,GWN,3,BACKBONE,"t=205 [PHASE_TX] IDLE (queues empty)"
FF03,GWN,3,BACKBONE,"t=206 [PHASE_TX] IDLE (queues empty)"
FF03,GWN,3,BACKBONE,"t=207 [PHASE_RX] Listening (Q_fwd=0; Q_local=0)"
FF03,GWN,3,BACKBONE,"t=208 [PHASE_RX] Listening (Q_fwd=0; Q_local=0)"
FF03,GWN,3,BACKBONE,"t=209 [PHASE_RX] Listening (Q_fwd=0; Q_local=0)"
FF03,GWN,3,BACKBONE,"t=210 [PHASE_TX] IDLE (queues empty)"
FF03,GWN,3,BACKBONE,"t=211 [PHASE_TX] IDLE (queues empty)"
FF03,GWN,3,BACKBONE,"t=212 [PHASE_TX] IDLE (queues empty)"
FF03,GWN,3,BACKBONE,"t=213 [PHASE_RX] Listening (Q_fwd=0; Q_local=0)"
FF03,GWN,3,BACKBONE,"t=214 [PHASE_RX] Listening (Q_fwd=0; Q_local=0)"
FF03,GWN,3,BACKBONE,"t=215 [PHASE_RX] Listening (Q_fwd=0; Q_local=0)"
FF03,GWN,3,BACKBONE,"t=216 [PHASE_TX] IDLE (queues empty)"
FF03,GWN,3,BACKBONE,"t=217 [PHASE_TX] IDLE (queues empty)"
FF03,GWN,3,BACKBONE,"t=218 [PHASE_TX] IDLE (queues empty)"
FF03,GWN,3,BACKBONE,"t=219 [PHASE_RX] Listening (Q_fwd=0; Q_local=0)"
FF03,GWN,3,BACKBONE,"t=220 [PHASE_RX] Listening (Q_fwd=0; Q_local=0)"
FF03,GWN,3,BACKBONE,"t=221 [PHASE_RX] Listening (Q_fwd=0; Q_local=0)"
FF03,GWN,3,BACKBONE,"t=222 [PHASE_TX] IDLE (queues empty)"
FF03,GWN,3,BACKBONE,"t=223 [PHASE_TX] IDLE (queues empty)"
FF03,GWN,3,BACKBONE,"t=224 [PHASE_TX] IDLE (queues empty)"
FF03,GWN,3,BACKBONE,"t=225 [PHASE_RX] Listening (Q_fwd=0; Q_local=0)"
FF03,GWN,3,BACKBONE,"t=226 [PHASE_RX] Listening (Q_fwd=0; Q_local=0)"
FF03,GWN,3,BACKBONE,"t=227 [PHASE_RX] Listening (Q_fwd=0; Q_local=0)"
FF03,GWN,3,BACKBONE,"t=228 [PHASE_TX] IDLE (queues empty)"
FF03,GWN,3,BACKBONE,"t=229 [PHASE_TX] IDLE (queues empty)"
FF03,GWN,3,BACKBONE,"t=229 [PHY] Neighbour count: 15->16"
FF03,GWN,3,BACKBONE,"t=230 [PHASE_TX] IDLE (queues empty)"
FF03,GWN,3,BACKBONE,"t=231 [PHASE_RX] Listening (Q_fwd=0; Q_local=0)"
FF03,GWN,3,BACKBONE,"t=232 [PHASE_RX] Listening (Q_fwd=0; Q_local=0)"
FF03,GWN,3,BACKBONE,"t=233 [PHASE_RX] Listening (Q_fwd=0; Q_local=0)"
FF03,GWN,3,BACKBONE,"t=234 [PHASE_TX] IDLE (queues empty)"
FF03,GWN,3,BACKBONE,"t=235 [PHASE_TX] IDLE (queues empty)"
FF03,GWN,3,BACKBONE,"t=236 [PHASE_TX] IDLE (queues empty)"
FF03,GWN,3,BACKBONE,"t=237 [PHASE_RX] Listening (Q_fwd=0; Q_local=0)"
FF03,GWN,3,BACKBONE,"t=238 [PHASE_RX] Listening (Q_fwd=0; Q_local=0)"
FF03,GWN,3,BACKBONE,"t=239 [PHASE_RX] Listening (Q_fwd=0; Q_local=0)"
FF03,GWN,3,BACKBONE,"t=240 [PHASE_TX] IDLE (queues empty)"
FF03,GWN,3,BACKBONE,"t=241 [PHASE_TX] IDLE (queues empty)"
FF03,GWN,3,BACKBONE,"t=242 [PHASE_TX] IDLE (queues empty)"
FF03,GWN,3,BACKBONE,"t=243 [PHASE_RX] Listening (Q_fwd=0; Q_local=0)"
FF03,GWN,3,BACKBONE,"t=244 [PHASE_RX] Listening (Q_fwd=0; Q_local=0)"
FF03,GWN,3,BACKBONE,"t=245 [PHASE_RX] Listening (Q_fwd=0; Q_local=0)"
FF03,GWN,3,BACKBONE,"t=246 [PHASE_TX] IDLE (queues empty)"
FF03,GWN,3,BACKBONE,"t=247 [PHASE_TX] IDLE (queues empty)"
FF03,GWN,3,BACKBONE,"t=248 [PHASE_TX] IDLE (queues empty)"
FF03,GWN,3,BACKBONE,"t=249 [PHASE_RX] Listening (Q_fwd=0; Q_local=0)"
FF03,GWN,3,ACCESS,"t=4 [PHY] Neighbour count: 3->4"
FF03,GWN,3,ACCESS,"t=6 [HELLO_TX] bcast battery=100.0%"
FF03,GWN,3,ACCESS,"t=6 [PHY] Neighbour count: 5->6"
FF03,GWN,3,ACCESS,"t=7 [PHY] Neighbour count: 6->7"
FF03,GWN,3,ACCESS,"t=8 [PHY] Neighbour count: 7->8"
FF03,GWN,3,ACCESS,"t=9 [PHY] Neighbour count: 8->9"
FF03,GWN,3,ACCESS,"t=10 [PHY] Neighbour count: 9->10"
FF03,GWN,3,ACCESS,"t=15 [PHY] Neighbour count: 10->11"
FF03,GWN,3,ACCESS,"t=16 [HELLO_TX] bcast battery=100.0%"
FF03,GWN,3,ACCESS,"t=19 [PHY] Neighbour count: 11->12"
FF03,GWN,3,ACCESS,"t=23 [PHY] Neighbour count: 12->13"
FF03,GWN,3,ACCESS,"t=24 [HELLO_TX] bcast battery=100.0%"
FF03,GWN,3,ACCESS,"t=34 [HELLO_TX] bcast battery=100.0%"
FF03,GWN,3,ACCESS,"t=44 [HELLO_TX] bcast battery=100.0%"
FF03,GWN,3,ACCESS,"t=48 [HELLO_TX] bcast battery=100.0%"
FF03,GWN,3,ACCESS,"t=51 [PHY] Neighbour count: 13->14"
FF03,GWN,3,ACCESS,"t=56 [HELLO_TX] bcast battery=100.0%"
FF03,GWN,3,ACCESS,"t=61 [HELLO_TX] bcast battery=100.0%"
FF03,GWN,3,ACCESS,"t=71 [HELLO_TX] bcast battery=100.0%"
FF03,GWN,3,ACCESS,"t=80 [HELLO_TX] bcast battery=100.0%"
FF03,GWN,3,ACCESS,"t=85 [HELLO_TX] bcast battery=100.0%"
FF03,GWN,3,ACCESS,"t=89 [HELLO_TX] bcast battery=100.0%"
FF03,GWN,3,ACCESS,"t=99 [HELLO_TX] bcast battery=100.0%"
FF03,GWN,3,ACCESS,"t=107 [HELLO_TX] bcast battery=100.0%"
FF03,GWN,3,ACCESS,"t=116 [HELLO_TX] bcast battery=100.0%"
FF03,GWN,3,ACCESS,"t=122 [HELLO_TX] bcast battery=100.0%"
FF03,GWN,3,ACCESS,"t=126 [HELLO_TX] bcast battery=100.0%"
FF03,GWN,3,ACCESS,"t=132 [HELLO_TX] bcast battery=100.0%"
FF03,GWN,3,ACCESS,"t=139 [HELLO_TX] bcast battery=100.0%"
FF03,GWN,3,ACCESS,"t=144 [HELLO_TX] bcast battery=100.0%"
FF03,GWN,3,ACCESS,"t=151 [HELLO_TX] bcast battery=100.0%"
FF03,GWN,3,ACCESS,"t=158 [HELLO_TX] bcast battery=100.0%"
FF03,GWN,3,ACCESS,"t=166 [HELLO_TX] bcast battery=100.0%"
FF03,GWN,3,ACCESS,"t=175 [HELLO_TX] bcast battery=100.0%"
FF03,GWN,3,ACCESS,"t=181 [HELLO_TX] bcast battery=100.0%"
FF03,GWN,3,ACCESS,"t=185 [HELLO_TX] bcast battery=100.0%"
FF03,GWN,3,ACCESS,"t=195 [HELLO_TX] bcast battery=100.0%"
FF03,GWN,3,ACCESS,"t=201 [HELLO_TX] bcast battery=100.0%"
FF03,GWN,3,ACCESS,"t=209 [HELLO_TX] bcast battery=100.0%"
FF03,GWN,3,ACCESS,"t=216 [HELLO_TX] bcast battery=100.0%"
FF03,GWN,3,ACCESS,"t=222 [HELLO_TX] bcast battery=100.0%"
FF03,GWN,3,ACCESS,"t=229 [PHY] Neighbour count: 15->16"
FF03,GWN,3,ACCESS,"t=231 [HELLO_TX] bcast battery=100.0%"
FF03,GWN,3,ACCESS,"t=240 [HELLO_TX] bcast battery=100.0%"
FF03,GWN,3,ACCESS,"t=247 [HELLO_TX] bcast battery=100.0%"
FF03,GWN,3,UNIFIED,"t=2 [PHY] Neighbor count=1"
FF03,GWN,3,UNIFIED,"t=3 [PHY] Neighbor count=2"
FF03,GWN,3,UNIFIED,"t=4 [PHY] Neighbor count=3"
FF03,GWN,3,UNIFIED,"t=4 [PHY] Neighbour count: 3->4"
FF03,GWN,3,UNIFIED,"t=5 [PHY] Neighbor count=4"
FF03,GWN,3,UNIFIED,"[BB] t=5 [TX] HB.0 -> <BCAST>"
FF03,GWN,3,UNIFIED,"t=6 [PHY] Neighbor count=5"
FF03,GWN,3,UNIFIED,"[AC] t=6 [HELLO_TX] bcast battery=100.0%"
FF03,GWN,3,UNIFIED,"t=6 [PHY] Neighbour count: 5->6"
FF03,GWN,3,UNIFIED,"t=7 [PHY] Neighbor count=6"
FF03,GWN,3,UNIFIED,"t=7 [PHY] Neighbour count: 6->7"
FF03,GWN,3,UNIFIED,"t=8 [PHY] Neighbor count=7"
FF03,GWN,3,UNIFIED,"t=8 [PHY] Neighbour count: 7->8"
FF03,GWN,3,UNIFIED,"t=9 [PHY] Neighbor count=8"
FF03,GWN,3,UNIFIED,"t=9 [PHY] Neighbour count: 8->9"
FF03,GWN,3,UNIFIED,"t=10 [PHY] Neighbor count=9"
FF03,GWN,3,UNIFIED,"t=10 [PHY] Neighbour count: 9->10"
FF03,GWN,3,UNIFIED,"t=11 [PHY] Neighbor count=10"
FF03,GWN,3,UNIFIED,"[BB] t=12 [TX] HB.0 -> <BCAST>"
FF03,GWN,3,UNIFIED,"t=15 [PHY] Neighbour count: 10->11"
FF03,GWN,3,UNIFIED,"t=16 [PHY] Neighbor count=11"
FF03,GWN,3,UNIFIED,"[AC] t=16 [HELLO_TX] bcast battery=100.0%"
FF03,GWN,3,UNIFIED,"[BB] t=19 [TX] HB.0 -> <BCAST>"
FF03,GWN,3,UNIFIED,"t=19 [PHY] Neighbour count: 11->12"
FF03,GWN,3,UNIFIED,"t=20 [PHY] Neighbor count=12"
FF03,GWN,3,UNIFIED,"t=22 [STATE] BOOT→DISCOVERY (neighbors=12)"
FF03,GWN,3,UNIFIED,"t=23 [PHY] Neighbour count: 12->13"
FF03,GWN,3,UNIFIED,"t=24 [PHY] Neighbor count=13"
FF03,GWN,3,UNIFIED,"[AC] t=24 [HELLO_TX] bcast battery=100.0%"
FF03,GWN,3,UNIFIED,"[BB] t=26 [TX] HB.1 -> <BCAST>"
FF03,GWN,3,UNIFIED,"[BB] t=31 [RX] CMD.0 <- FF0A RSSI=1.1"
FF03,GWN,3,UNIFIED,"[BB] t=31 [TX] CMD.1 -> FF0A"
FF03,GWN,3,UNIFIED,"[BB] t=31 [TX] CMD.1 -> FF0A"
FF03,GWN,3,UNIFIED,"[BB] t=31 [STATE] DISCOVERY -> HANDSHAKE"
FF03,GWN,3,UNIFIED,"[BB] [LOCK][SET] partner=FF0A timeout=6"
FF03,GWN,3,UNIFIED,"[BB] t=31 [HANDSHAKE] Lock set with FF0A (timer=6)"
FF03,GWN,3,UNIFIED,"[AC] t=34 [HELLO_TX] bcast battery=100.0%"
FF03,GWN,3,UNIFIED,"[BB] t=35 [RX] CMD.2 <- FF0A RSSI=1.1"
FF03,GWN,3,UNIFIED,"[BB] [LOCK][REFRESH] partner=FF0A timeout=6"
FF03,GWN,3,UNIFIED,"[BB] [LOCK][SET] partner=FF0A timeout=6"
FF03,GWN,3,UNIFIED,"[BB] t=35 [PARENT] Set parent -> FF0A"
FF03,GWN,3,UNIFIED,"[BB] t=36 [RX] CMD.4 <- FF0A RSSI=1.1"
FF03,GWN,3,UNIFIED,"[BB] [LOCK][REFRESH] partner=FF0A timeout=6"
FF03,GWN,3,UNIFIED,"[BB] t=36 [PHASE] Inherited phaseOffset=0 from parent FF0A"
FF03,GWN,3,UNIFIED,"[BB] t=36 [ENC_HELLO] TX: gwCh=0; chCh=0; secCh=0; sn=0 (encrypted)"
FF03,GWN,3,UNIFIED,"[BB] t=36 [TX] CMD.5 -> FF0A"
FF03,GWN,3,UNIFIED,"[BB] [LOCK][CLEAR][ENC_HELLO_TX] partner=FF0A"
FF03,GWN,3,UNIFIED,"[BB] t=36 [HANDSHAKE] Lock cleared (was with FF0A)"
FF03,GWN,3,UNIFIED,"t=40 [RECRUIT] INIT(1/4) -> FF01"
FF03,GWN,3,UNIFIED,"[BB] [LOCK][SET] partner=FF01 timeout=6"
FF03,GWN,3,UNIFIED,"[BB] t=40 [HANDSHAKE] Lock set with FF01 (timer=6)"
FF03,GWN,3,UNIFIED,"[BB] [LOCK][SET] partner=FF01 timeout=6"
FF03,GWN,3,UNIFIED,"[BB] t=40 [TX] CMD.0 -> FF01"
FF03,GWN,3,UNIFIED,"[AC] t=44 [HELLO_TX] bcast battery=100.0%"
FF03,GWN,3,UNIFIED,"[BB] t=46 [ENC_HELLO] TX: gwCh=0; chCh=0; secCh=0; sn=0 (encrypted)"
FF03,GWN,3,UNIFIED,"[BB] t=46 [ENC_HELLO] Retry 1/3 sent (next at t=66)"
FF03,GWN,3,UNIFIED,"t=46 [TIMEOUT] Attempt 1/4 for FF01 - will retry"
FF03,GWN,3,UNIFIED,"[BB] [LOCK][CLEAR] partner=FF01"
FF03,GWN,3,UNIFIED,"t=47 [RECRUIT] INIT(2/4) -> FF01"
FF03,GWN,3,UNIFIED,"[BB] [LOCK][SET] partner=FF01 timeout=6"
FF03,GWN,3,UNIFIED,"[BB] t=47 [HANDSHAKE] Lock set with FF01 (timer=6)"
FF03,GWN,3,UNIFIED,"[BB] [LOCK][SET] partner=FF01 timeout=6"
FF03,GWN,3,UNIFIED,"[BB] t=47 [TX] CMD.0 -> FF01"
FF03,GWN,3,UNIFIED,"[AC] t=48 [HELLO_TX] bcast battery=100.0%"
FF03,GWN,3,UNIFIED,"t=51 [PHY] Neighbour count: 13->14"
FF03,GWN,3,UNIFIED,"t=52 [PHY] Neighbor count=14"
FF03,GWN,3,UNIFIED,"t=53 [TIMEOUT] Attempt 2/4 for FF01 - will retry"
FF03,GWN,3,UNIFIED,"[BB] [LOCK][CLEAR] partner=FF01"
FF03,GWN,3,UNIFIED,"t=54 [RECRUIT] INIT(3/4) -> FF01"
FF03,GWN,3,UNIFIED,"[BB] [LOCK][SET] partner=FF01 timeout=6"
FF03,GWN,3,UNIFIED,"[BB] t=54 [HANDSHAKE] Lock set with FF01 (timer=6)"
FF03,GWN,3,UNIFIED,"[BB] [LOCK][SET] partner=FF01 timeout=6"
FF03,GWN,3,UNIFIED,"[BB] t=54 [TX] CMD.0 -> FF01"
FF03,GWN,3,UNIFIED,"[AC] t=56 [HELLO_TX] bcast battery=100.0%"
FF03,GWN,3,UNIFIED,"[BB] t=56 [RX] CMD.3 <- FF01 RSSI=0.4"
FF03,GWN,3,UNIFIED,"[BB] [LOCK][CLEAR][REJECT] partner=FF01"
FF03,GWN,3,UNIFIED,"t=56 [RX] PARENT_REJECT from FF01; trying next"
FF03,GWN,3,UNIFIED,"[BB] t=56 [REJECT] Neighbor FF01 marked REJECT"
FF03,GWN,3,UNIFIED,"[BB] t=56 [HANDSHAKE] Lock cleared (was with FF01)"
FF03,GWN,3,UNIFIED,"[BB] t=56 [STATE] HANDSHAKE -> SECURE"
FF03,GWN,3,UNIFIED,"t=57 [RECRUIT] INIT(1/4) -> FF02"
FF03,GWN,3,UNIFIED,"[BB] [LOCK][SET] partner=FF02 timeout=6"
FF03,GWN,3,UNIFIED,"[BB] t=57 [HANDSHAKE] Lock set with FF02 (timer=6)"
FF03,GWN,3,UNIFIED,"[BB] [LOCK][SET] partner=FF02 timeout=6"
FF03,GWN,3,UNIFIED,"[BB] t=57 [TX] CMD.0 -> FF02"
FF03,GWN,3,UNIFIED,"[AC] t=61 [HELLO_TX] bcast battery=100.0%"
FF03,GWN,3,UNIFIED,"t=63 [TIMEOUT] Attempt 1/4 for FF02 - will retry"
FF03,GWN,3,UNIFIED,"[BB] [LOCK][CLEAR] partner=FF02"
FF03,GWN,3,UNIFIED,"t=64 [RECRUIT] INIT(2/4) -> FF02"
FF03,GWN,3,UNIFIED,"[BB] [LOCK][SET] partner=FF02 timeout=6"
FF03,GWN,3,UNIFIED,"[BB] t=64 [HANDSHAKE] Lock set with FF02 (timer=6)"
FF03,GWN,3,UNIFIED,"[BB] [LOCK][SET] partner=FF02 timeout=6"
FF03,GWN,3,UNIFIED,"[BB] t=64 [TX] CMD.0 -> FF02"
FF03,GWN,3,UNIFIED,"[BB] t=66 [ENC_HELLO] TX: gwCh=0; chCh=0; secCh=0; sn=0 (encrypted)"
FF03,GWN,3,UNIFIED,"[BB] t=66 [ENC_HELLO] Retry 2/3 sent (next at t=106)"
FF03,GWN,3,UNIFIED,"t=70 [TIMEOUT] Attempt 2/4 for FF02 - will retry"
FF03,GWN,3,UNIFIED,"[BB] [LOCK][CLEAR] partner=FF02"
FF03,GWN,3,UNIFIED,"t=71 [RECRUIT] INIT(3/4) -> FF02"
FF03,GWN,3,UNIFIED,"[BB] [LOCK][SET] partner=FF02 timeout=6"
FF03,GWN,3,UNIFIED,"[BB] t=71 [HANDSHAKE] Lock set with FF02 (timer=6)"
FF03,GWN,3,UNIFIED,"[BB] [LOCK][SET] partner=FF02 timeout=6"
FF03,GWN,3,UNIFIED,"[BB] t=71 [TX] CMD.0 -> FF02"
FF03,GWN,3,UNIFIED,"[AC] t=71 [HELLO_TX] bcast battery=100.0%"
FF03,GWN,3,UNIFIED,"t=74 [PHY] Neighbor count=15"
FF03,GWN,3,UNIFIED,"t=77 [TIMEOUT] Attempt 3/4 for FF02 - will retry"
FF03,GWN,3,UNIFIED,"[BB] [LOCK][CLEAR] partner=FF02"
FF03,GWN,3,UNIFIED,"t=78 [RECRUIT] INIT(4/4) -> FF02"
FF03,GWN,3,UNIFIED,"[BB] [LOCK][SET] partner=FF02 timeout=6"
FF03,GWN,3,UNIFIED,"[BB] t=78 [HANDSHAKE] Lock set with FF02 (timer=6)"
FF03,GWN,3,UNIFIED,"[BB] [LOCK][SET] partner=FF02 timeout=6"
FF03,GWN,3,UNIFIED,"[BB] t=78 [TX] CMD.0 -> FF02"
FF03,GWN,3,UNIFIED,"[AC] t=80 [HELLO_TX] bcast battery=100.0%"
FF03,GWN,3,UNIFIED,"[BB] t=81 [RX] CMD.3 <- FF02 RSSI=0.1"
FF03,GWN,3,UNIFIED,"[BB] [LOCK][CLEAR][REJECT] partner=FF02"
FF03,GWN,3,UNIFIED,"t=81 [RX] PARENT_REJECT from FF02; trying next"
FF03,GWN,3,UNIFIED,"[BB] t=81 [REJECT] Neighbor FF02 marked REJECT"
FF03,GWN,3,UNIFIED,"[BB] t=81 [HANDSHAKE] Lock cleared (was with FF02)"
FF03,GWN,3,UNIFIED,"[BB] t=81 [STATE] HANDSHAKE -> SECURE"
FF03,GWN,3,UNIFIED,"t=82 [RECRUIT] INIT(1/4) -> FF06"
FF03,GWN,3,UNIFIED,"[BB] [LOCK][SET] partner=FF06 timeout=6"
FF03,GWN,3,UNIFIED,"[BB] t=82 [HANDSHAKE] Lock set with FF06 (timer=6)"
FF03,GWN,3,UNIFIED,"[BB] [LOCK][SET] partner=FF06 timeout=6"
FF03,GWN,3,UNIFIED,"[BB] t=82 [TX] CMD.0 -> FF06"
FF03,GWN,3,UNIFIED,"[AC] t=85 [HELLO_TX] bcast battery=100.0%"
FF03,GWN,3,UNIFIED,"t=88 [TIMEOUT] Attempt 1/4 for FF06 - will retry"
FF03,GWN,3,UNIFIED,"[BB] [LOCK][CLEAR] partner=FF06"
FF03,GWN,3,UNIFIED,"t=89 [RECRUIT] INIT(2/4) -> FF06"
FF03,GWN,3,UNIFIED,"[BB] [LOCK][SET] partner=FF06 timeout=6"
FF03,GWN,3,UNIFIED,"[BB] t=89 [HANDSHAKE] Lock set with FF06 (timer=6)"
FF03,GWN,3,UNIFIED,"[BB] [LOCK][SET] partner=FF06 timeout=6"
FF03,GWN,3,UNIFIED,"[BB] t=89 [TX] CMD.0 -> FF06"
FF03,GWN,3,UNIFIED,"[AC] t=89 [HELLO_TX] bcast battery=100.0%"
FF03,GWN,3,UNIFIED,"t=95 [TIMEOUT] Attempt 2/4 for FF06 - will retry"
FF03,GWN,3,UNIFIED,"[BB] [LOCK][CLEAR] partner=FF06"
FF03,GWN,3,UNIFIED,"t=96 [RECRUIT] INIT(3/4) -> FF06"
FF03,GWN,3,UNIFIED,"[BB] [LOCK][SET] partner=FF06 timeout=6"
FF03,GWN,3,UNIFIED,"[BB] t=96 [HANDSHAKE] Lock set with FF06 (timer=6)"
FF03,GWN,3,UNIFIED,"[BB] [LOCK][SET] partner=FF06 timeout=6"
FF03,GWN,3,UNIFIED,"[BB] t=96 [TX] CMD.0 -> FF06"
FF03,GWN,3,UNIFIED,"[AC] t=99 [HELLO_TX] bcast battery=100.0%"
FF03,GWN,3,UNIFIED,"t=102 [TIMEOUT] Attempt 3/4 for FF06 - will retry"
FF03,GWN,3,UNIFIED,"[BB] [LOCK][CLEAR] partner=FF06"
FF03,GWN,3,UNIFIED,"t=103 [RECRUIT] INIT(4/4) -> FF06"
FF03,GWN,3,UNIFIED,"[BB] [LOCK][SET] partner=FF06 timeout=6"
FF03,GWN,3,UNIFIED,"[BB] t=103 [HANDSHAKE] Lock set with FF06 (timer=6)"
FF03,GWN,3,UNIFIED,"[BB] [LOCK][SET] partner=FF06 timeout=6"
FF03,GWN,3,UNIFIED,"[BB] t=103 [TX] CMD.0 -> FF06"
FF03,GWN,3,UNIFIED,"[BB] t=106 [ENC_HELLO] TX: gwCh=0; chCh=0; secCh=0; sn=0 (encrypted)"
FF03,GWN,3,UNIFIED,"[BB] t=106 [ENC_HELLO] Retry 3/3 sent (next at t=186)"
FF03,GWN,3,UNIFIED,"[AC] t=107 [HELLO_TX] bcast battery=100.0%"
FF03,GWN,3,UNIFIED,"t=109 [TIMEOUT] Will exhaust 4 retries for FF06 - REJECTED"
FF03,GWN,3,UNIFIED,"[BB] [LOCK][CLEAR] partner=FF06"
FF03,GWN,3,UNIFIED,"[AC] t=116 [HELLO_TX] bcast battery=100.0%"
FF03,GWN,3,UNIFIED,"[AC] t=122 [HELLO_TX] bcast battery=100.0%"
FF03,GWN,3,UNIFIED,"[AC] t=126 [HELLO_TX] bcast battery=100.0%"
FF03,GWN,3,UNIFIED,"[AC] t=132 [HELLO_TX] bcast battery=100.0%"
FF03,GWN,3,UNIFIED,"[AC] t=139 [HELLO_TX] bcast battery=100.0%"
FF03,GWN,3,UNIFIED,"[AC] t=144 [HELLO_TX] bcast battery=100.0%"
FF03,GWN,3,UNIFIED,"[AC] t=151 [HELLO_TX] bcast battery=100.0%"
FF03,GWN,3,UNIFIED,"[AC] t=158 [HELLO_TX] bcast battery=100.0%"
FF03,GWN,3,UNIFIED,"[AC] t=166 [HELLO_TX] bcast battery=100.0%"
FF03,GWN,3,UNIFIED,"[AC] t=175 [HELLO_TX] bcast battery=100.0%"
FF03,GWN,3,UNIFIED,"[AC] t=181 [HELLO_TX] bcast battery=100.0%"
FF03,GWN,3,UNIFIED,"[AC] t=185 [HELLO_TX] bcast battery=100.0%"
FF03,GWN,3,UNIFIED,"[BB] t=186 [ENC_HELLO] TX: gwCh=0; chCh=0; secCh=0; sn=0 (encrypted)"
FF03,GWN,3,UNIFIED,"[BB] t=186 [ENC_HELLO] Registry refresh #1 sent (next at t=266)"
FF03,GWN,3,UNIFIED,"[AC] t=195 [HELLO_TX] bcast battery=100.0%"
FF03,GWN,3,UNIFIED,"[BB] t=200 [PHASE_TX] IDLE (queues empty)"
FF03,GWN,3,UNIFIED,"[BB] t=201 [PHASE_RX] Listening (Q_fwd=0; Q_local=0)"
FF03,GWN,3,UNIFIED,"[AC] t=201 [HELLO_TX] bcast battery=100.0%"
FF03,GWN,3,UNIFIED,"[BB] t=202 [PHASE_RX] Listening (Q_fwd=0; Q_local=0)"
FF03,GWN,3,UNIFIED,"[BB] t=203 [PHASE_RX] Listening (Q_fwd=0; Q_local=0)"
FF03,GWN,3,UNIFIED,"[BB] t=204 [PHASE_TX] IDLE (queues empty)"
FF03,GWN,3,UNIFIED,"[BB] t=205 [PHASE_TX] IDLE (queues empty)"
FF03,GWN,3,UNIFIED,"[BB] t=206 [PHASE_TX] IDLE (queues empty)"
FF03,GWN,3,UNIFIED,"[BB] t=207 [PHASE_RX] Listening (Q_fwd=0; Q_local=0)"
FF03,GWN,3,UNIFIED,"[BB] t=208 [PHASE_RX] Listening (Q_fwd=0; Q_local=0)"
FF03,GWN,3,UNIFIED,"[BB] t=209 [PHASE_RX] Listening (Q_fwd=0; Q_local=0)"
FF03,GWN,3,UNIFIED,"[AC] t=209 [HELLO_TX] bcast battery=100.0%"
FF03,GWN,3,UNIFIED,"[BB] t=210 [PHASE_TX] IDLE (queues empty)"
FF03,GWN,3,UNIFIED,"[BB] t=211 [PHASE_TX] IDLE (queues empty)"
FF03,GWN,3,UNIFIED,"[BB] t=212 [PHASE_TX] IDLE (queues empty)"
FF03,GWN,3,UNIFIED,"[BB] t=213 [PHASE_RX] Listening (Q_fwd=0; Q_local=0)"
FF03,GWN,3,UNIFIED,"[BB] t=214 [PHASE_RX] Listening (Q_fwd=0; Q_local=0)"
FF03,GWN,3,UNIFIED,"[BB] t=215 [PHASE_RX] Listening (Q_fwd=0; Q_local=0)"
FF03,GWN,3,UNIFIED,"[BB] t=216 [PHASE_TX] IDLE (queues empty)"
FF03,GWN,3,UNIFIED,"[AC] t=216 [HELLO_TX] bcast battery=100.0%"
FF03,GWN,3,UNIFIED,"[BB] t=217 [PHASE_TX] IDLE (queues empty)"
FF03,GWN,3,UNIFIED,"[BB] t=218 [PHASE_TX] IDLE (queues empty)"
FF03,GWN,3,UNIFIED,"[BB] t=219 [PHASE_RX] Listening (Q_fwd=0; Q_local=0)"
FF03,GWN,3,UNIFIED,"[BB] t=220 [PHASE_RX] Listening (Q_fwd=0; Q_local=0)"
FF03,GWN,3,UNIFIED,"[BB] t=221 [PHASE_RX] Listening (Q_fwd=0; Q_local=0)"
FF03,GWN,3,UNIFIED,"[BB] t=222 [PHASE_TX] IDLE (queues empty)"
FF03,GWN,3,UNIFIED,"[AC] t=222 [HELLO_TX] bcast battery=100.0%"
FF03,GWN,3,UNIFIED,"[BB] t=223 [PHASE_TX] IDLE (queues empty)"
FF03,GWN,3,UNIFIED,"[BB] t=224 [PHASE_TX] IDLE (queues empty)"
FF03,GWN,3,UNIFIED,"[BB] t=225 [PHASE_RX] Listening (Q_fwd=0; Q_local=0)"
FF03,GWN,3,UNIFIED,"[BB] t=226 [PHASE_RX] Listening (Q_fwd=0; Q_local=0)"
FF03,GWN,3,UNIFIED,"[BB] t=227 [PHASE_RX] Listening (Q_fwd=0; Q_local=0)"
FF03,GWN,3,UNIFIED,"[BB] t=228 [PHASE_TX] IDLE (queues empty)"
FF03,GWN,3,UNIFIED,"[BB] t=229 [PHASE_TX] IDLE (queues empty)"
FF03,GWN,3,UNIFIED,"t=229 [PHY] Neighbour count: 15->16"
FF03,GWN,3,UNIFIED,"t=230 [PHY] Neighbor count=16"
FF03,GWN,3,UNIFIED,"[BB] t=230 [PHASE_TX] IDLE (queues empty)"
FF03,GWN,3,UNIFIED,"[BB] t=231 [PHASE_RX] Listening (Q_fwd=0; Q_local=0)"
FF03,GWN,3,UNIFIED,"[AC] t=231 [HELLO_TX] bcast battery=100.0%"
FF03,GWN,3,UNIFIED,"[BB] t=232 [PHASE_RX] Listening (Q_fwd=0; Q_local=0)"
FF03,GWN,3,UNIFIED,"[BB] t=233 [PHASE_RX] Listening (Q_fwd=0; Q_local=0)"
FF03,GWN,3,UNIFIED,"[BB] t=234 [PHASE_TX] IDLE (queues empty)"
FF03,GWN,3,UNIFIED,"[BB] t=235 [PHASE_TX] IDLE (queues empty)"
FF03,GWN,3,UNIFIED,"[BB] t=236 [PHASE_TX] IDLE (queues empty)"
FF03,GWN,3,UNIFIED,"[BB] t=237 [PHASE_RX] Listening (Q_fwd=0; Q_local=0)"
FF03,GWN,3,UNIFIED,"[BB] t=238 [PHASE_RX] Listening (Q_fwd=0; Q_local=0)"
FF03,GWN,3,UNIFIED,"[BB] t=239 [PHASE_RX] Listening (Q_fwd=0; Q_local=0)"
FF03,GWN,3,UNIFIED,"[BB] t=240 [PHASE_TX] IDLE (queues empty)"
FF03,GWN,3,UNIFIED,"[AC] t=240 [HELLO_TX] bcast battery=100.0%"
FF03,GWN,3,UNIFIED,"[BB] t=241 [PHASE_TX] IDLE (queues empty)"
FF03,GWN,3,UNIFIED,"[BB] t=242 [PHASE_TX] IDLE (queues empty)"
FF03,GWN,3,UNIFIED,"[BB] t=243 [PHASE_RX] Listening (Q_fwd=0; Q_local=0)"
FF03,GWN,3,UNIFIED,"[BB] t=244 [PHASE_RX] Listening (Q_fwd=0; Q_local=0)"
FF03,GWN,3,UNIFIED,"[BB] t=245 [PHASE_RX] Listening (Q_fwd=0; Q_local=0)"
FF03,GWN,3,UNIFIED,"[BB] t=246 [PHASE_TX] IDLE (queues empty)"
FF03,GWN,3,UNIFIED,"[BB] t=247 [PHASE_TX] IDLE (queues empty)"
FF03,GWN,3,UNIFIED,"[AC] t=247 [HELLO_TX] bcast battery=100.0%"
FF03,GWN,3,UNIFIED,"[BB] t=248 [PHASE_TX] IDLE (queues empty)"
FF03,GWN,3,UNIFIED,"[BB] t=249 [PHASE_RX] Listening (Q_fwd=0; Q_local=0)"
FF04,GWN,3,BACKBONE,"t=1 [TX] HB.0 -> <BCAST>"
FF04,GWN,3,BACKBONE,"t=4 [PHY] Neighbour count: 2->3"
FF04,GWN,3,BACKBONE,"t=6 [PHY] Neighbour count: 4->5"
FF04,GWN,3,BACKBONE,"t=8 [TX] HB.0 -> <BCAST>"
FF04,GWN,3,BACKBONE,"t=8 [PHY] Neighbour count: 5->6"
FF04,GWN,3,BACKBONE,"t=15 [TX] HB.0 -> <BCAST>"
FF04,GWN,3,BACKBONE,"t=15 [PHY] Neighbour count: 6->7"
FF04,GWN,3,BACKBONE,"t=16 [PHY] Neighbour count: 7->8"
FF04,GWN,3,BACKBONE,"t=22 [TX] HB.0 -> <BCAST>"
FF04,GWN,3,BACKBONE,"t=23 [PHY] Neighbour count: 8->9"
FF04,GWN,3,BACKBONE,"t=24 [PHY] Neighbour count: 9->10"
FF04,GWN,3,BACKBONE,"t=28 [PHY] Neighbour count: 10->11"
FF04,GWN,3,BACKBONE,"t=29 [TX] HB.1 -> <BCAST>"
FF04,GWN,3,BACKBONE,"t=36 [TX] HB.1 -> <BCAST>"
FF04,GWN,3,BACKBONE,"t=43 [TX] HB.1 -> <BCAST>"
FF04,GWN,3,BACKBONE,"t=43 [PHY] Neighbour count: 11->12"
FF04,GWN,3,BACKBONE,"t=46 [PHY] Neighbour count: 12->13"
FF04,GWN,3,BACKBONE,"t=49 [PHY] Neighbour count: 13->14"
FF04,GWN,3,BACKBONE,"t=50 [TX] HB.1 -> <BCAST>"
FF04,GWN,3,BACKBONE,"t=57 [TX] HB.1 -> <BCAST>"
FF04,GWN,3,BACKBONE,"t=64 [TX] HB.1 -> <BCAST>"
FF04,GWN,3,BACKBONE,"t=71 [TX] HB.1 -> <BCAST>"
FF04,GWN,3,BACKBONE,"t=78 [TX] HB.1 -> <BCAST>"
FF04,GWN,3,BACKBONE,"t=85 [TX] HB.1 -> <BCAST>"
FF04,GWN,3,BACKBONE,"t=92 [TX] HB.1 -> <BCAST>"
FF04,GWN,3,BACKBONE,"t=99 [TX] HB.1 -> <BCAST>"
FF04,GWN,3,BACKBONE,"t=106 [TX] HB.1 -> <BCAST>"
FF04,GWN,3,BACKBONE,"t=113 [TX] HB.1 -> <BCAST>"
FF04,GWN,3,BACKBONE,"t=120 [TX] HB.1 -> <BCAST>"
FF04,GWN,3,BACKBONE,"t=127 [TX] HB.1 -> <BCAST>"
FF04,GWN,3,BACKBONE,"t=134 [TX] HB.1 -> <BCAST>"
FF04,GWN,3,BACKBONE,"t=141 [TX] HB.1 -> <BCAST>"
FF04,GWN,3,BACKBONE,"t=148 [TX] HB.1 -> <BCAST>"
FF04,GWN,3,BACKBONE,"t=155 [TX] HB.1 -> <BCAST>"
FF04,GWN,3,BACKBONE,"t=162 [TX] HB.1 -> <BCAST>"
FF04,GWN,3,BACKBONE,"t=169 [TX] HB.1 -> <BCAST>"
FF04,GWN,3,BACKBONE,"t=176 [TX] HB.1 -> <BCAST>"
FF04,GWN,3,BACKBONE,"t=177 [PHY] Neighbour count: 14->15"
FF04,GWN,3,BACKBONE,"t=183 [TX] HB.1 -> <BCAST>"
FF04,GWN,3,BACKBONE,"t=190 [TX] HB.1 -> <BCAST>"
FF04,GWN,3,BACKBONE,"t=197 [TX] HB.1 -> <BCAST>"
FF04,GWN,3,BACKBONE,"t=204 [TX] HB.1 -> <BCAST>"
FF04,GWN,3,BACKBONE,"t=211 [TX] HB.1 -> <BCAST>"
FF04,GWN,3,BACKBONE,"t=218 [TX] HB.1 -> <BCAST>"
FF04,GWN,3,BACKBONE,"t=225 [TX] HB.1 -> <BCAST>"
FF04,GWN,3,BACKBONE,"t=232 [TX] HB.1 -> <BCAST>"
FF04,GWN,3,BACKBONE,"t=239 [TX] HB.1 -> <BCAST>"
FF04,GWN,3,BACKBONE,"t=246 [TX] HB.1 -> <BCAST>"
FF04,GWN,3,ACCESS,"t=4 [PHY] Neighbour count: 2->3"
FF04,GWN,3,ACCESS,"t=6 [PHY] Neighbour count: 4->5"
FF04,GWN,3,ACCESS,"t=8 [PHY] Neighbour count: 5->6"
FF04,GWN,3,ACCESS,"t=10 [HELLO_TX] bcast battery=100.0%"
FF04,GWN,3,ACCESS,"t=14 [HELLO_TX] bcast battery=100.0%"
FF04,GWN,3,ACCESS,"t=15 [PHY] Neighbour count: 6->7"
FF04,GWN,3,ACCESS,"t=16 [PHY] Neighbour count: 7->8"
FF04,GWN,3,ACCESS,"t=22 [HELLO_TX] bcast battery=100.0%"
FF04,GWN,3,ACCESS,"t=23 [PHY] Neighbour count: 8->9"
FF04,GWN,3,ACCESS,"t=24 [PHY] Neighbour count: 9->10"
FF04,GWN,3,ACCESS,"t=28 [HELLO_TX] bcast battery=100.0%"
FF04,GWN,3,ACCESS,"t=28 [PHY] Neighbour count: 10->11"
FF04,GWN,3,ACCESS,"t=35 [HELLO_TX] bcast battery=100.0%"
FF04,GWN,3,ACCESS,"t=39 [HELLO_TX] bcast battery=100.0%"
FF04,GWN,3,ACCESS,"t=43 [PHY] Neighbour count: 11->12"
FF04,GWN,3,ACCESS,"t=46 [PHY] Neighbour count: 12->13"
FF04,GWN,3,ACCESS,"t=49 [HELLO_TX] bcast battery=100.0%"
FF04,GWN,3,ACCESS,"t=49 [PHY] Neighbour count: 13->14"
FF04,GWN,3,ACCESS,"t=55 [HELLO_TX] bcast battery=100.0%"
FF04,GWN,3,ACCESS,"t=59 [HELLO_TX] bcast battery=100.0%"
FF04,GWN,3,ACCESS,"t=64 [HELLO_TX] bcast battery=100.0%"
FF04,GWN,3,ACCESS,"t=74 [HELLO_TX] bcast battery=100.0%"
FF04,GWN,3,ACCESS,"t=78 [HELLO_TX] bcast battery=100.0%"
FF04,GWN,3,ACCESS,"t=85 [HELLO_TX] bcast battery=100.0%"
FF04,GWN,3,ACCESS,"t=93 [HELLO_TX] bcast battery=100.0%"
FF04,GWN,3,ACCESS,"t=99 [HELLO_TX] bcast battery=100.0%"
FF04,GWN,3,ACCESS,"t=105 [HELLO_TX] bcast battery=100.0%"
FF04,GWN,3,ACCESS,"t=113 [HELLO_TX] bcast battery=100.0%"
FF04,GWN,3,ACCESS,"t=121 [HELLO_TX] bcast battery=100.0%"
FF04,GWN,3,ACCESS,"t=129 [HELLO_TX] bcast battery=100.0%"
FF04,GWN,3,ACCESS,"t=135 [HELLO_TX] bcast battery=100.0%"
FF04,GWN,3,ACCESS,"t=140 [HELLO_TX] bcast battery=100.0%"
FF04,GWN,3,ACCESS,"t=148 [HELLO_TX] bcast battery=100.0%"
FF04,GWN,3,ACCESS,"t=156 [HELLO_TX] bcast battery=100.0%"
FF04,GWN,3,ACCESS,"t=161 [HELLO_TX] bcast battery=100.0%"
FF04,GWN,3,ACCESS,"t=167 [HELLO_TX] bcast battery=100.0%"
FF04,GWN,3,ACCESS,"t=172 [HELLO_TX] bcast battery=100.0%"
FF04,GWN,3,ACCESS,"t=177 [PHY] Neighbour count: 14->15"
FF04,GWN,3,ACCESS,"t=178 [HELLO_TX] bcast battery=100.0%"
FF04,GWN,3,ACCESS,"t=187 [HELLO_TX] bcast battery=100.0%"
FF04,GWN,3,ACCESS,"t=192 [HELLO_TX] bcast battery=100.0%"
FF04,GWN,3,ACCESS,"t=200 [HELLO_TX] bcast battery=100.0%"
FF04,GWN,3,ACCESS,"t=205 [HELLO_TX] bcast battery=100.0%"
FF04,GWN,3,ACCESS,"t=211 [HELLO_TX] bcast battery=100.0%"
FF04,GWN,3,ACCESS,"t=216 [HELLO_TX] bcast battery=100.0%"
FF04,GWN,3,ACCESS,"t=226 [HELLO_TX] bcast battery=100.0%"
FF04,GWN,3,ACCESS,"t=235 [HELLO_TX] bcast battery=100.0%"
FF04,GWN,3,ACCESS,"t=241 [HELLO_TX] bcast battery=100.0%"
FF04,GWN,3,ACCESS,"t=247 [HELLO_TX] bcast battery=100.0%"
FF04,GWN,3,UNIFIED,"[BB] t=1 [TX] HB.0 -> <BCAST>"
FF04,GWN,3,UNIFIED,"t=3 [PHY] Neighbor count=1"
FF04,GWN,3,UNIFIED,"t=4 [PHY] Neighbor count=2"
FF04,GWN,3,UNIFIED,"t=4 [PHY] Neighbour count: 2->3"
FF04,GWN,3,UNIFIED,"t=5 [PHY] Neighbor count=3"
FF04,GWN,3,UNIFIED,"t=6 [PHY] Neighbor count=4"
FF04,GWN,3,UNIFIED,"t=6 [PHY] Neighbour count: 4->5"
FF04,GWN,3,UNIFIED,"t=7 [PHY] Neighbor count=5"
FF04,GWN,3,UNIFIED,"[BB] t=8 [TX] HB.0 -> <BCAST>"
FF04,GWN,3,UNIFIED,"t=8 [PHY] Neighbour count: 5->6"
FF04,GWN,3,UNIFIED,"t=9 [PHY] Neighbor count=6"
FF04,GWN,3,UNIFIED,"[AC] t=10 [HELLO_TX] bcast battery=100.0%"
FF04,GWN,3,UNIFIED,"[AC] t=14 [HELLO_TX] bcast battery=100.0%"
FF04,GWN,3,UNIFIED,"[BB] t=15 [TX] HB.0 -> <BCAST>"
FF04,GWN,3,UNIFIED,"t=15 [PHY] Neighbour count: 6->7"
FF04,GWN,3,UNIFIED,"t=16 [PHY] Neighbor count=7"
FF04,GWN,3,UNIFIED,"t=16 [PHY] Neighbour count: 7->8"
FF04,GWN,3,UNIFIED,"t=17 [PHY] Neighbor count=8"
FF04,GWN,3,UNIFIED,"t=22 [STATE] BOOT→DISCOVERY (neighbors=8)"
FF04,GWN,3,UNIFIED,"[BB] t=22 [TX] HB.0 -> <BCAST>"
FF04,GWN,3,UNIFIED,"[AC] t=22 [HELLO_TX] bcast battery=100.0%"
FF04,GWN,3,UNIFIED,"t=23 [PHY] Neighbour count: 8->9"
FF04,GWN,3,UNIFIED,"t=24 [PHY] Neighbor count=9"
FF04,GWN,3,UNIFIED,"t=24 [PHY] Neighbour count: 9->10"
FF04,GWN,3,UNIFIED,"t=25 [PHY] Neighbor count=10"
FF04,GWN,3,UNIFIED,"[AC] t=28 [HELLO_TX] bcast battery=100.0%"
FF04,GWN,3,UNIFIED,"t=28 [PHY] Neighbour count: 10->11"
FF04,GWN,3,UNIFIED,"t=29 [PHY] Neighbor count=11"
FF04,GWN,3,UNIFIED,"[BB] t=29 [TX] HB.1 -> <BCAST>"
FF04,GWN,3,UNIFIED,"[AC] t=35 [HELLO_TX] bcast battery=100.0%"
FF04,GWN,3,UNIFIED,"[BB] t=36 [TX] HB.1 -> <BCAST>"
FF04,GWN,3,UNIFIED,"[AC] t=39 [HELLO_TX] bcast battery=100.0%"
FF04,GWN,3,UNIFIED,"[BB] t=43 [TX] HB.1 -> <BCAST>"
FF04,GWN,3,UNIFIED,"t=43 [PHY] Neighbour count: 11->12"
FF04,GWN,3,UNIFIED,"t=44 [PHY] Neighbor count=12"
FF04,GWN,3,UNIFIED,"t=46 [PHY] Neighbour count: 12->13"
FF04,GWN,3,UNIFIED,"t=47 [PHY] Neighbor count=13"
FF04,GWN,3,UNIFIED,"[AC] t=49 [HELLO_TX] bcast battery=100.0%"
FF04,GWN,3,UNIFIED,"t=49 [PHY] Neighbour count: 13->14"
FF04,GWN,3,UNIFIED,"t=50 [PHY] Neighbor count=14"
FF04,GWN,3,UNIFIED,"[BB] t=50 [TX] HB.1 -> <BCAST>"
FF04,GWN,3,UNIFIED,"[AC] t=55 [HELLO_TX] bcast battery=100.0%"
FF04,GWN,3,UNIFIED,"[BB] t=57 [TX] HB.1 -> <BCAST>"
FF04,GWN,3,UNIFIED,"[AC] t=59 [HELLO_TX] bcast battery=100.0%"
FF04,GWN,3,UNIFIED,"[BB] t=64 [TX] HB.1 -> <BCAST>"
FF04,GWN,3,UNIFIED,"[AC] t=64 [HELLO_TX] bcast battery=100.0%"
FF04,GWN,3,UNIFIED,"[BB] t=71 [TX] HB.1 -> <BCAST>"
FF04,GWN,3,UNIFIED,"[AC] t=74 [HELLO_TX] bcast battery=100.0%"
FF04,GWN,3,UNIFIED,"[BB] t=78 [TX] HB.1 -> <BCAST>"
FF04,GWN,3,UNIFIED,"[AC] t=78 [HELLO_TX] bcast battery=100.0%"
FF04,GWN,3,UNIFIED,"[BB] t=85 [TX] HB.1 -> <BCAST>"
FF04,GWN,3,UNIFIED,"[AC] t=85 [HELLO_TX] bcast battery=100.0%"
FF04,GWN,3,UNIFIED,"[BB] t=92 [TX] HB.1 -> <BCAST>"
FF04,GWN,3,UNIFIED,"[AC] t=93 [HELLO_TX] bcast battery=100.0%"
FF04,GWN,3,UNIFIED,"[BB] t=99 [TX] HB.1 -> <BCAST>"
FF04,GWN,3,UNIFIED,"[AC] t=99 [HELLO_TX] bcast battery=100.0%"
FF04,GWN,3,UNIFIED,"[AC] t=105 [HELLO_TX] bcast battery=100.0%"
FF04,GWN,3,UNIFIED,"[BB] t=106 [TX] HB.1 -> <BCAST>"
FF04,GWN,3,UNIFIED,"[BB] t=113 [TX] HB.1 -> <BCAST>"
FF04,GWN,3,UNIFIED,"[AC] t=113 [HELLO_TX] bcast battery=100.0%"
FF04,GWN,3,UNIFIED,"[BB] t=120 [TX] HB.1 -> <BCAST>"
FF04,GWN,3,UNIFIED,"[AC] t=121 [HELLO_TX] bcast battery=100.0%"
FF04,GWN,3,UNIFIED,"[BB] t=127 [TX] HB.1 -> <BCAST>"
FF04,GWN,3,UNIFIED,"[AC] t=129 [HELLO_TX] bcast battery=100.0%"
FF04,GWN,3,UNIFIED,"[BB] t=134 [TX] HB.1 -> <BCAST>"
FF04,GWN,3,UNIFIED,"[AC] t=135 [HELLO_TX] bcast battery=100.0%"
FF04,GWN,3,UNIFIED,"[AC] t=140 [HELLO_TX] bcast battery=100.0%"
FF04,GWN,3,UNIFIED,"[BB] t=141 [TX] HB.1 -> <BCAST>"
FF04,GWN,3,UNIFIED,"[BB] t=148 [TX] HB.1 -> <BCAST>"
FF04,GWN,3,UNIFIED,"[AC] t=148 [HELLO_TX] bcast battery=100.0%"
FF04,GWN,3,UNIFIED,"[BB] t=155 [TX] HB.1 -> <BCAST>"
FF04,GWN,3,UNIFIED,"[AC] t=156 [HELLO_TX] bcast battery=100.0%"
FF04,GWN,3,UNIFIED,"[AC] t=161 [HELLO_TX] bcast battery=100.0%"
FF04,GWN,3,UNIFIED,"[BB] t=162 [TX] HB.1 -> <BCAST>"
FF04,GWN,3,UNIFIED,"[AC] t=167 [HELLO_TX] bcast battery=100.0%"
FF04,GWN,3,UNIFIED,"[BB] t=169 [TX] HB.1 -> <BCAST>"
FF04,GWN,3,UNIFIED,"[AC] t=172 [HELLO_TX] bcast battery=100.0%"
FF04,GWN,3,UNIFIED,"[BB] t=176 [TX] HB.1 -> <BCAST>"
FF04,GWN,3,UNIFIED,"t=177 [PHY] Neighbour count: 14->15"
FF04,GWN,3,UNIFIED,"t=178 [PHY] Neighbor count=15"
FF04,GWN,3,UNIFIED,"[AC] t=178 [HELLO_TX] bcast battery=100.0%"
FF04,GWN,3,UNIFIED,"[BB] t=183 [TX] HB.1 -> <BCAST>"
FF04,GWN,3,UNIFIED,"[AC] t=187 [HELLO_TX] bcast battery=100.0%"
FF04,GWN,3,UNIFIED,"[BB] t=190 [TX] HB.1 -> <BCAST>"
FF04,GWN,3,UNIFIED,"[AC] t=192 [HELLO_TX] bcast battery=100.0%"
FF04,GWN,3,UNIFIED,"[BB] t=197 [TX] HB.1 -> <BCAST>"
FF04,GWN,3,UNIFIED,"[AC] t=200 [HELLO_TX] bcast battery=100.0%"
FF04,GWN,3,UNIFIED,"[BB] t=204 [TX] HB.1 -> <BCAST>"
FF04,GWN,3,UNIFIED,"[AC] t=205 [HELLO_TX] bcast battery=100.0%"
FF04,GWN,3,UNIFIED,"[BB] t=211 [TX] HB.1 -> <BCAST>"
FF04,GWN,3,UNIFIED,"[AC] t=211 [HELLO_TX] bcast battery=100.0%"
FF04,GWN,3,UNIFIED,"[AC] t=216 [HELLO_TX] bcast battery=100.0%"
FF04,GWN,3,UNIFIED,"[BB] t=218 [TX] HB.1 -> <BCAST>"
FF04,GWN,3,UNIFIED,"[BB] t=225 [TX] HB.1 -> <BCAST>"
FF04,GWN,3,UNIFIED,"[AC] t=226 [HELLO_TX] bcast battery=100.0%"
FF04,GWN,3,UNIFIED,"[BB] t=232 [TX] HB.1 -> <BCAST>"
FF04,GWN,3,UNIFIED,"[AC] t=235 [HELLO_TX] bcast battery=100.0%"
FF04,GWN,3,UNIFIED,"[BB] t=239 [TX] HB.1 -> <BCAST>"
FF04,GWN,3,UNIFIED,"[AC] t=241 [HELLO_TX] bcast battery=100.0%"
FF04,GWN,3,UNIFIED,"[BB] t=246 [TX] HB.1 -> <BCAST>"
FF04,GWN,3,UNIFIED,"[AC] t=247 [HELLO_TX] bcast battery=100.0%"
FF05,GWN,3,BACKBONE,"t=3 [TX] HB.0 -> <BCAST>"
FF05,GWN,3,BACKBONE,"t=4 [PHY] Neighbour count: 2->3"
FF05,GWN,3,BACKBONE,"t=6 [PHY] Neighbour count: 4->5"
FF05,GWN,3,BACKBONE,"t=7 [PHY] Neighbour count: 5->6"
FF05,GWN,3,BACKBONE,"t=8 [PHY] Neighbour count: 6->7"
FF05,GWN,3,BACKBONE,"t=10 [TX] HB.0 -> <BCAST>"
FF05,GWN,3,BACKBONE,"t=12 [PHY] Neighbour count: 7->8"
FF05,GWN,3,BACKBONE,"t=16 [PHY] Neighbour count: 8->9"
FF05,GWN,3,BACKBONE,"t=17 [TX] HB.0 -> <BCAST>"
FF05,GWN,3,BACKBONE,"t=20 [PHY] Neighbour count: 9->10"
FF05,GWN,3,BACKBONE,"t=21 [PHY] Neighbour count: 10->11"
FF05,GWN,3,BACKBONE,"t=24 [TX] HB.1 -> <BCAST>"
FF05,GWN,3,BACKBONE,"t=24 [PHY] Neighbour count: 11->12"
FF05,GWN,3,BACKBONE,"t=29 [PHY] Neighbour count: 12->13"
FF05,GWN,3,BACKBONE,"t=30 [PHY] Neighbour count: 13->14"
FF05,GWN,3,BACKBONE,"t=31 [TX] HB.1 -> <BCAST>"
FF05,GWN,3,BACKBONE,"t=35 [PHY] Neighbour count: 14->15"
FF05,GWN,3,BACKBONE,"t=36 [PHY] Neighbour count: 15->16"
FF05,GWN,3,BACKBONE,"t=38 [TX] HB.1 -> <BCAST>"
FF05,GWN,3,BACKBONE,"t=39 [PHY] Neighbour count: 16->17"
FF05,GWN,3,BACKBONE,"t=45 [TX] HB.1 -> <BCAST>"
FF05,GWN,3,BACKBONE,"t=52 [TX] HB.1 -> <BCAST>"
FF05,GWN,3,BACKBONE,"t=59 [TX] HB.1 -> <BCAST>"
FF05,GWN,3,BACKBONE,"t=66 [TX] HB.1 -> <BCAST>"
FF05,GWN,3,BACKBONE,"t=73 [TX] HB.1 -> <BCAST>"
FF05,GWN,3,BACKBONE,"t=74 [PHY] Neighbour count: 17->18"
FF05,GWN,3,BACKBONE,"t=80 [TX] HB.1 -> <BCAST>"
FF05,GWN,3,BACKBONE,"t=87 [TX] HB.1 -> <BCAST>"
FF05,GWN,3,BACKBONE,"t=94 [TX] HB.1 -> <BCAST>"
FF05,GWN,3,BACKBONE,"t=101 [TX] HB.1 -> <BCAST>"
FF05,GWN,3,BACKBONE,"t=108 [TX] HB.1 -> <BCAST>"
FF05,GWN,3,BACKBONE,"t=115 [TX] HB.1 -> <BCAST>"
FF05,GWN,3,BACKBONE,"t=122 [TX] HB.1 -> <BCAST>"
FF05,GWN,3,BACKBONE,"t=129 [TX] HB.1 -> <BCAST>"
FF05,GWN,3,BACKBONE,"t=132 [PHY] Neighbour count: 18->19"
FF05,GWN,3,BACKBONE,"t=136 [TX] HB.1 -> <BCAST>"
FF05,GWN,3,BACKBONE,"t=143 [TX] HB.1 -> <BCAST>"
FF05,GWN,3,BACKBONE,"t=150 [TX] HB.1 -> <BCAST>"
FF05,GWN,3,BACKBONE,"t=157 [TX] HB.1 -> <BCAST>"
FF05,GWN,3,BACKBONE,"t=164 [TX] HB.1 -> <BCAST>"
FF05,GWN,3,BACKBONE,"t=171 [TX] HB.1 -> <BCAST>"
FF05,GWN,3,BACKBONE,"t=178 [TX] HB.1 -> <BCAST>"
FF05,GWN,3,BACKBONE,"t=185 [TX] HB.1 -> <BCAST>"
FF05,GWN,3,BACKBONE,"t=192 [TX] HB.1 -> <BCAST>"
FF05,GWN,3,BACKBONE,"t=199 [TX] HB.1 -> <BCAST>"
FF05,GWN,3,BACKBONE,"t=206 [TX] HB.1 -> <BCAST>"
FF05,GWN,3,BACKBONE,"t=213 [TX] HB.1 -> <BCAST>"
FF05,GWN,3,BACKBONE,"t=220 [TX] HB.1 -> <BCAST>"
FF05,GWN,3,BACKBONE,"t=227 [TX] HB.1 -> <BCAST>"
FF05,GWN,3,BACKBONE,"t=234 [TX] HB.1 -> <BCAST>"
FF05,GWN,3,BACKBONE,"t=241 [TX] HB.1 -> <BCAST>"
FF05,GWN,3,BACKBONE,"t=248 [TX] HB.1 -> <BCAST>"
FF05,GWN,3,ACCESS,"t=4 [PHY] Neighbour count: 2->3"
FF05,GWN,3,ACCESS,"t=6 [PHY] Neighbour count: 4->5"
FF05,GWN,3,ACCESS,"t=7 [PHY] Neighbour count: 5->6"
FF05,GWN,3,ACCESS,"t=8 [PHY] Neighbour count: 6->7"
FF05,GWN,3,ACCESS,"t=9 [HELLO_TX] bcast battery=100.0%"
FF05,GWN,3,ACCESS,"t=12 [PHY] Neighbour count: 7->8"
FF05,GWN,3,ACCESS,"t=13 [HELLO_TX] bcast battery=100.0%"
FF05,GWN,3,ACCESS,"t=16 [PHY] Neighbour count: 8->9"
FF05,GWN,3,ACCESS,"t=20 [HELLO_TX] bcast battery=100.0%"
FF05,GWN,3,ACCESS,"t=20 [PHY] Neighbour count: 9->10"
FF05,GWN,3,ACCESS,"t=21 [PHY] Neighbour count: 10->11"
FF05,GWN,3,ACCESS,"t=24 [PHY] Neighbour count: 11->12"
FF05,GWN,3,ACCESS,"t=29 [PHY] Neighbour count: 12->13"
FF05,GWN,3,ACCESS,"t=30 [HELLO_TX] bcast battery=100.0%"
FF05,GWN,3,ACCESS,"t=30 [PHY] Neighbour count: 13->14"
FF05,GWN,3,ACCESS,"t=35 [PHY] Neighbour count: 14->15"
FF05,GWN,3,ACCESS,"t=36 [PHY] Neighbour count: 15->16"
FF05,GWN,3,ACCESS,"t=38 [HELLO_TX] bcast battery=100.0%"
FF05,GWN,3,ACCESS,"t=39 [PHY] Neighbour count: 16->17"
FF05,GWN,3,ACCESS,"t=43 [HELLO_TX] bcast battery=100.0%"
FF05,GWN,3,ACCESS,"t=47 [HELLO_TX] bcast battery=100.0%"
FF05,GWN,3,ACCESS,"t=53 [HELLO_TX] bcast battery=100.0%"
FF05,GWN,3,ACCESS,"t=63 [HELLO_TX] bcast battery=100.0%"
FF05,GWN,3,ACCESS,"t=72 [HELLO_TX] bcast battery=100.0%"
FF05,GWN,3,ACCESS,"t=74 [PHY] Neighbour count: 17->18"
FF05,GWN,3,ACCESS,"t=79 [HELLO_TX] bcast battery=100.0%"
FF05,GWN,3,ACCESS,"t=88 [HELLO_TX] bcast battery=100.0%"
FF05,GWN,3,ACCESS,"t=93 [HELLO_TX] bcast battery=100.0%"
FF05,GWN,3,ACCESS,"t=97 [HELLO_TX] bcast battery=100.0%"
FF05,GWN,3,ACCESS,"t=106 [HELLO_TX] bcast battery=100.0%"
FF05,GWN,3,ACCESS,"t=115 [HELLO_TX] bcast battery=100.0%"
FF05,GWN,3,ACCESS,"t=120 [HELLO_TX] bcast battery=100.0%"
FF05,GWN,3,ACCESS,"t=125 [HELLO_TX] bcast battery=100.0%"
FF05,GWN,3,ACCESS,"t=129 [HELLO_TX] bcast battery=100.0%"
FF05,GWN,3,ACCESS,"t=132 [PHY] Neighbour count: 18->19"
FF05,GWN,3,ACCESS,"t=136 [HELLO_TX] bcast battery=100.0%"
FF05,GWN,3,ACCESS,"t=140 [HELLO_TX] bcast battery=100.0%"
FF05,GWN,3,ACCESS,"t=144 [HELLO_TX] bcast battery=100.0%"
FF05,GWN,3,ACCESS,"t=154 [HELLO_TX] bcast battery=100.0%"
FF05,GWN,3,ACCESS,"t=160 [HELLO_TX] bcast battery=100.0%"
FF05,GWN,3,ACCESS,"t=169 [HELLO_TX] bcast battery=100.0%"
FF05,GWN,3,ACCESS,"t=178 [HELLO_TX] bcast battery=100.0%"
FF05,GWN,3,ACCESS,"t=182 [HELLO_TX] bcast battery=100.0%"
FF05,GWN,3,ACCESS,"t=188 [HELLO_TX] bcast battery=100.0%"
FF05,GWN,3,ACCESS,"t=196 [HELLO_TX] bcast battery=100.0%"
FF05,GWN,3,ACCESS,"t=201 [HELLO_TX] bcast battery=100.0%"
FF05,GWN,3,ACCESS,"t=207 [HELLO_TX] bcast battery=100.0%"
FF05,GWN,3,ACCESS,"t=215 [HELLO_TX] bcast battery=100.0%"
FF05,GWN,3,ACCESS,"t=225 [HELLO_TX] bcast battery=100.0%"
FF05,GWN,3,ACCESS,"t=233 [HELLO_TX] bcast battery=100.0%"
FF05,GWN,3,ACCESS,"t=238 [HELLO_TX] bcast battery=100.0%"
FF05,GWN,3,ACCESS,"t=245 [HELLO_TX] bcast battery=100.0%"
FF05,GWN,3,UNIFIED,"t=2 [PHY] Neighbor count=1"
FF05,GWN,3,UNIFIED,"[BB] t=3 [TX] HB.0 -> <BCAST>"
FF05,GWN,3,UNIFIED,"t=4 [PHY] Neighbor count=2"
FF05,GWN,3,UNIFIED,"t=4 [PHY] Neighbour count: 2->3"
FF05,GWN,3,UNIFIED,"t=5 [PHY] Neighbor count=3"
FF05,GWN,3,UNIFIED,"t=6 [PHY] Neighbor count=4"
FF05,GWN,3,UNIFIED,"t=6 [PHY] Neighbour count: 4->5"
FF05,GWN,3,UNIFIED,"t=7 [PHY] Neighbor count=5"
FF05,GWN,3,UNIFIED,"t=7 [PHY] Neighbour count: 5->6"
FF05,GWN,3,UNIFIED,"t=8 [PHY] Neighbor count=6"
FF05,GWN,3,UNIFIED,"t=8 [PHY] Neighbour count: 6->7"
FF05,GWN,3,UNIFIED,"t=9 [PHY] Neighbor count=7"
FF05,GWN,3,UNIFIED,"[AC] t=9 [HELLO_TX] bcast battery=100.0%"
FF05,GWN,3,UNIFIED,"[BB] t=10 [TX] HB.0 -> <BCAST>"
FF05,GWN,3,UNIFIED,"t=12 [PHY] Neighbour count: 7->8"
FF05,GWN,3,UNIFIED,"t=13 [PHY] Neighbor count=8"
FF05,GWN,3,UNIFIED,"[AC] t=13 [HELLO_TX] bcast battery=100.0%"
FF05,GWN,3,UNIFIED,"t=16 [PHY] Neighbour count: 8->9"
FF05,GWN,3,UNIFIED,"t=17 [PHY] Neighbor count=9"
FF05,GWN,3,UNIFIED,"[BB] t=17 [TX] HB.0 -> <BCAST>"
FF05,GWN,3,UNIFIED,"[AC] t=20 [HELLO_TX] bcast battery=100.0%"
FF05,GWN,3,UNIFIED,"t=20 [PHY] Neighbour count: 9->10"
FF05,GWN,3,UNIFIED,"t=21 [PHY] Neighbor count=10"
FF05,GWN,3,UNIFIED,"t=21 [PHY] Neighbour count: 10->11"
FF05,GWN,3,UNIFIED,"t=22 [PHY] Neighbor count=11"
FF05,GWN,3,UNIFIED,"t=22 [STATE] BOOT→DISCOVERY (neighbors=11)"
FF05,GWN,3,UNIFIED,"[BB] t=24 [TX] HB.1 -> <BCAST>"
FF05,GWN,3,UNIFIED,"t=24 [PHY] Neighbour count: 11->12"
FF05,GWN,3,UNIFIED,"t=25 [PHY] Neighbor count=12"
FF05,GWN,3,UNIFIED,"t=29 [PHY] Neighbour count: 12->13"
FF05,GWN,3,UNIFIED,"t=30 [PHY] Neighbor count=13"
FF05,GWN,3,UNIFIED,"[AC] t=30 [HELLO_TX] bcast battery=100.0%"
FF05,GWN,3,UNIFIED,"t=30 [PHY] Neighbour count: 13->14"
FF05,GWN,3,UNIFIED,"t=31 [PHY] Neighbor count=14"
FF05,GWN,3,UNIFIED,"[BB] t=31 [TX] HB.1 -> <BCAST>"
FF05,GWN,3,UNIFIED,"t=35 [PHY] Neighbour count: 14->15"
FF05,GWN,3,UNIFIED,"t=36 [PHY] Neighbor count=15"
FF05,GWN,3,UNIFIED,"t=36 [PHY] Neighbour count: 15->16"
FF05,GWN,3,UNIFIED,"t=37 [PHY] Neighbor count=16"
FF05,GWN,3,UNIFIED,"[BB] t=38 [TX] HB.1 -> <BCAST>"
FF05,GWN,3,UNIFIED,"[AC] t=38 [HELLO_TX] bcast battery=100.0%"
FF05,GWN,3,UNIFIED,"t=39 [PHY] Neighbour count: 16->17"
FF05,GWN,3,UNIFIED,"t=40 [PHY] Neighbor count=17"
FF05,GWN,3,UNIFIED,"[AC] t=43 [HELLO_TX] bcast battery=100.0%"
FF05,GWN,3,UNIFIED,"[BB] t=45 [TX] HB.1 -> <BCAST>"
FF05,GWN,3,UNIFIED,"[AC] t=47 [HELLO_TX] bcast battery=100.0%"
FF05,GWN,3,UNIFIED,"[BB] t=52 [TX] HB.1 -> <BCAST>"
FF05,GWN,3,UNIFIED,"[AC] t=53 [HELLO_TX] bcast battery=100.0%"
FF05,GWN,3,UNIFIED,"[BB] t=59 [TX] HB.1 -> <BCAST>"
FF05,GWN,3,UNIFIED,"[AC] t=63 [HELLO_TX] bcast battery=100.0%"
FF05,GWN,3,UNIFIED,"[BB] t=66 [TX] HB.1 -> <BCAST>"
FF05,GWN,3,UNIFIED,"[AC] t=72 [HELLO_TX] bcast battery=100.0%"
FF05,GWN,3,UNIFIED,"[BB] t=73 [TX] HB.1 -> <BCAST>"
FF05,GWN,3,UNIFIED,"t=74 [PHY] Neighbour count: 17->18"
FF05,GWN,3,UNIFIED,"t=75 [PHY] Neighbor count=18"
FF05,GWN,3,UNIFIED,"[AC] t=79 [HELLO_TX] bcast battery=100.0%"
FF05,GWN,3,UNIFIED,"[BB] t=80 [TX] HB.1 -> <BCAST>"
FF05,GWN,3,UNIFIED,"[BB] t=87 [TX] HB.1 -> <BCAST>"
FF05,GWN,3,UNIFIED,"[AC] t=88 [HELLO_TX] bcast battery=100.0%"
FF05,GWN,3,UNIFIED,"[AC] t=93 [HELLO_TX] bcast battery=100.0%"
FF05,GWN,3,UNIFIED,"[BB] t=94 [TX] HB.1 -> <BCAST>"
FF05,GWN,3,UNIFIED,"[AC] t=97 [HELLO_TX] bcast battery=100.0%"
FF05,GWN,3,UNIFIED,"[BB] t=101 [TX] HB.1 -> <BCAST>"
FF05,GWN,3,UNIFIED,"[AC] t=106 [HELLO_TX] bcast battery=100.0%"
FF05,GWN,3,UNIFIED,"[BB] t=108 [TX] HB.1 -> <BCAST>"
FF05,GWN,3,UNIFIED,"[BB] t=115 [TX] HB.1 -> <BCAST>"
FF05,GWN,3,UNIFIED,"[AC] t=115 [HELLO_TX] bcast battery=100.0%"
FF05,GWN,3,UNIFIED,"[AC] t=120 [HELLO_TX] bcast battery=100.0%"
FF05,GWN,3,UNIFIED,"[BB] t=122 [TX] HB.1 -> <BCAST>"
FF05,GWN,3,UNIFIED,"[AC] t=125 [HELLO_TX] bcast battery=100.0%"
FF05,GWN,3,UNIFIED,"[BB] t=129 [TX] HB.1 -> <BCAST>"
FF05,GWN,3,UNIFIED,"[AC] t=129 [HELLO_TX] bcast battery=100.0%"
FF05,GWN,3,UNIFIED,"t=132 [PHY] Neighbour count: 18->19"
FF05,GWN,3,UNIFIED,"t=133 [PHY] Neighbor count=19"
FF05,GWN,3,UNIFIED,"[BB] t=136 [TX] HB.1 -> <BCAST>"
FF05,GWN,3,UNIFIED,"[AC] t=136 [HELLO_TX] bcast battery=100.0%"
FF05,GWN,3,UNIFIED,"[AC] t=140 [HELLO_TX] bcast battery=100.0%"
FF05,GWN,3,UNIFIED,"[BB] t=143 [TX] HB.1 -> <BCAST>"
FF05,GWN,3,UNIFIED,"[AC] t=144 [HELLO_TX] bcast battery=100.0%"
FF05,GWN,3,UNIFIED,"[BB] t=150 [TX] HB.1 -> <BCAST>"
FF05,GWN,3,UNIFIED,"[AC] t=154 [HELLO_TX] bcast battery=100.0%"
FF05,GWN,3,UNIFIED,"[BB] t=157 [TX] HB.1 -> <BCAST>"
FF05,GWN,3,UNIFIED,"[AC] t=160 [HELLO_TX] bcast battery=100.0%"
FF05,GWN,3,UNIFIED,"[BB] t=164 [TX] HB.1 -> <BCAST>"
FF05,GWN,3,UNIFIED,"[AC] t=169 [HELLO_TX] bcast battery=100.0%"
FF05,GWN,3,UNIFIED,"[BB] t=171 [TX] HB.1 -> <BCAST>"
FF05,GWN,3,UNIFIED,"[BB] t=178 [TX] HB.1 -> <BCAST>"
FF05,GWN,3,UNIFIED,"[AC] t=178 [HELLO_TX] bcast battery=100.0%"
FF05,GWN,3,UNIFIED,"[AC] t=182 [HELLO_TX] bcast battery=100.0%"
FF05,GWN,3,UNIFIED,"[BB] t=185 [TX] HB.1 -> <BCAST>"
FF05,GWN,3,UNIFIED,"[AC] t=188 [HELLO_TX] bcast battery=100.0%"
FF05,GWN,3,UNIFIED,"[BB] t=192 [TX] HB.1 -> <BCAST>"
FF05,GWN,3,UNIFIED,"[AC] t=196 [HELLO_TX] bcast battery=100.0%"
FF05,GWN,3,UNIFIED,"[BB] t=199 [TX] HB.1 -> <BCAST>"
FF05,GWN,3,UNIFIED,"[AC] t=201 [HELLO_TX] bcast battery=100.0%"
FF05,GWN,3,UNIFIED,"[BB] t=206 [TX] HB.1 -> <BCAST>"
FF05,GWN,3,UNIFIED,"[AC] t=207 [HELLO_TX] bcast battery=100.0%"
FF05,GWN,3,UNIFIED,"[BB] t=213 [TX] HB.1 -> <BCAST>"
FF05,GWN,3,UNIFIED,"[AC] t=215 [HELLO_TX] bcast battery=100.0%"
FF05,GWN,3,UNIFIED,"[BB] t=220 [TX] HB.1 -> <BCAST>"
FF05,GWN,3,UNIFIED,"[AC] t=225 [HELLO_TX] bcast battery=100.0%"
FF05,GWN,3,UNIFIED,"[BB] t=227 [TX] HB.1 -> <BCAST>"
FF05,GWN,3,UNIFIED,"[AC] t=233 [HELLO_TX] bcast battery=100.0%"
FF05,GWN,3,UNIFIED,"[BB] t=234 [TX] HB.1 -> <BCAST>"
FF05,GWN,3,UNIFIED,"[AC] t=238 [HELLO_TX] bcast battery=100.0%"
FF05,GWN,3,UNIFIED,"[BB] t=241 [TX] HB.1 -> <BCAST>"
FF05,GWN,3,UNIFIED,"[AC] t=245 [HELLO_TX] bcast battery=100.0%"
FF05,GWN,3,UNIFIED,"[BB] t=248 [TX] HB.1 -> <BCAST>"
FF06,GWN,3,BACKBONE,"t=4 [PHY] Neighbour count: 3->4"
FF06,GWN,3,BACKBONE,"t=5 [PHY] Neighbour count: 4->5"
FF06,GWN,3,BACKBONE,"t=6 [TX] HB.0 -> <BCAST>"
FF06,GWN,3,BACKBONE,"t=6 [PHY] Neighbour count: 5->6"
FF06,GWN,3,BACKBONE,"t=7 [PHY] Neighbour count: 6->7"
FF06,GWN,3,BACKBONE,"t=8 [PHY] Neighbour count: 7->8"
FF06,GWN,3,BACKBONE,"t=13 [TX] HB.0 -> <BCAST>"
FF06,GWN,3,BACKBONE,"t=16 [PHY] Neighbour count: 9->10"
FF06,GWN,3,BACKBONE,"t=18 [PHY] Neighbour count: 10->11"
FF06,GWN,3,BACKBONE,"t=20 [TX] HB.0 -> <BCAST>"
FF06,GWN,3,BACKBONE,"t=23 [PHY] Neighbour count: 11->12"
FF06,GWN,3,BACKBONE,"t=27 [TX] HB.1 -> <BCAST>"
FF06,GWN,3,BACKBONE,"t=28 [PHY] Neighbour count: 12->13"
FF06,GWN,3,BACKBONE,"t=34 [TX] HB.1 -> <BCAST>"
FF06,GWN,3,BACKBONE,"t=38 [PHY] Neighbour count: 13->14"
FF06,GWN,3,BACKBONE,"t=41 [TX] HB.1 -> <BCAST>"
FF06,GWN,3,BACKBONE,"t=44 [PHY] Neighbour count: 14->15"
FF06,GWN,3,BACKBONE,"t=48 [TX] HB.1 -> <BCAST>"
FF06,GWN,3,BACKBONE,"t=53 [PHY] Neighbour count: 15->16"
FF06,GWN,3,BACKBONE,"t=55 [TX] HB.1 -> <BCAST>"
FF06,GWN,3,BACKBONE,"t=57 [PHY] Neighbour count: 16->17"
FF06,GWN,3,BACKBONE,"t=62 [TX] HB.1 -> <BCAST>"
FF06,GWN,3,BACKBONE,"t=69 [TX] HB.1 -> <BCAST>"
FF06,GWN,3,BACKBONE,"t=76 [TX] HB.1 -> <BCAST>"
FF06,GWN,3,BACKBONE,"t=76 [PHY] Neighbour count: 17->18"
FF06,GWN,3,BACKBONE,"t=80 [RX] CMD.0 <- FF09 RSSI=0.1"
FF06,GWN,3,BACKBONE,"t=80 [TX] CMD.1 -> FF09"
FF06,GWN,3,BACKBONE,"t=80 [TX] CMD.1 -> FF09"
FF06,GWN,3,BACKBONE,"t=80 [STATE] DISCOVERY -> HANDSHAKE"
FF06,GWN,3,BACKBONE,"[LOCK][SET] partner=FF09 timeout=6"
FF06,GWN,3,BACKBONE,"t=80 [HANDSHAKE] Lock set with FF09 (timer=6)"
FF06,GWN,3,BACKBONE,"t=84 [RX] CMD.2 <- FF09 RSSI=0.1"
FF06,GWN,3,BACKBONE,"[LOCK][REFRESH] partner=FF09 timeout=6"
FF06,GWN,3,BACKBONE,"[LOCK][SET] partner=FF09 timeout=6"
FF06,GWN,3,BACKBONE,"t=84 [PARENT] Set parent -> FF09"
FF06,GWN,3,BACKBONE,"[LOCK][CLEAR] partner=FF09"
FF06,GWN,3,BACKBONE,"t=97 [TX] HB.1 -> <BCAST>"
FF06,GWN,3,BACKBONE,"t=104 [TX] HB.1 -> <BCAST>"
FF06,GWN,3,BACKBONE,"t=111 [TX] HB.1 -> <BCAST>"
FF06,GWN,3,BACKBONE,"t=118 [TX] HB.1 -> <BCAST>"
FF06,GWN,3,BACKBONE,"t=125 [TX] HB.1 -> <BCAST>"
FF06,GWN,3,BACKBONE,"t=132 [TX] HB.1 -> <BCAST>"
FF06,GWN,3,BACKBONE,"t=139 [TX] HB.1 -> <BCAST>"
FF06,GWN,3,BACKBONE,"t=146 [TX] HB.1 -> <BCAST>"
FF06,GWN,3,BACKBONE,"t=153 [TX] HB.1 -> <BCAST>"
FF06,GWN,3,BACKBONE,"t=159 [PHY] Neighbour count: 18->19"
FF06,GWN,3,BACKBONE,"t=160 [TX] HB.1 -> <BCAST>"
FF06,GWN,3,BACKBONE,"t=167 [TX] HB.1 -> <BCAST>"
FF06,GWN,3,BACKBONE,"t=174 [TX] HB.1 -> <BCAST>"
FF06,GWN,3,BACKBONE,"t=181 [TX] HB.1 -> <BCAST>"
FF06,GWN,3,BACKBONE,"t=188 [TX] HB.1 -> <BCAST>"
FF06,GWN,3,BACKBONE,"t=195 [TX] HB.1 -> <BCAST>"
FF06,GWN,3,BACKBONE,"t=202 [TX] HB.1 -> <BCAST>"
FF06,GWN,3,BACKBONE,"t=209 [TX] HB.1 -> <BCAST>"
FF06,GWN,3,BACKBONE,"t=216 [TX] HB.1 -> <BCAST>"
FF06,GWN,3,BACKBONE,"t=222 [PHY] Neighbour count: 19->20"
FF06,GWN,3,BACKBONE,"t=223 [TX] HB.1 -> <BCAST>"
FF06,GWN,3,BACKBONE,"t=230 [TX] HB.1 -> <BCAST>"
FF06,GWN,3,BACKBONE,"t=237 [TX] HB.1 -> <BCAST>"
FF06,GWN,3,BACKBONE,"t=244 [TX] HB.1 -> <BCAST>"
FF06,GWN,3,ACCESS,"t=4 [PHY] Neighbour count: 3->4"
FF06,GWN,3,ACCESS,"t=5 [PHY] Neighbour count: 4->5"
FF06,GWN,3,ACCESS,"t=6 [HELLO_TX] bcast battery=100.0%"
FF06,GWN,3,ACCESS,"t=6 [PHY] Neighbour count: 5->6"
FF06,GWN,3,ACCESS,"t=7 [PHY] Neighbour count: 6->7"
FF06,GWN,3,ACCESS,"t=8 [PHY] Neighbour count: 7->8"
FF06,GWN,3,ACCESS,"t=13 [HELLO_TX] bcast battery=100.0%"
FF06,GWN,3,ACCESS,"t=16 [PHY] Neighbour count: 9->10"
FF06,GWN,3,ACCESS,"t=18 [PHY] Neighbour count: 10->11"
FF06,GWN,3,ACCESS,"t=19 [HELLO_TX] bcast battery=100.0%"
FF06,GWN,3,ACCESS,"t=23 [PHY] Neighbour count: 11->12"
FF06,GWN,3,ACCESS,"t=28 [PHY] Neighbour count: 12->13"
FF06,GWN,3,ACCESS,"t=29 [HELLO_TX] bcast battery=100.0%"
FF06,GWN,3,ACCESS,"t=37 [HELLO_TX] bcast battery=100.0%"
FF06,GWN,3,ACCESS,"t=38 [PHY] Neighbour count: 13->14"
FF06,GWN,3,ACCESS,"t=41 [HELLO_TX] bcast battery=100.0%"
FF06,GWN,3,ACCESS,"t=44 [PHY] Neighbour count: 14->15"
FF06,GWN,3,ACCESS,"t=48 [HELLO_TX] bcast battery=100.0%"
FF06,GWN,3,ACCESS,"t=53 [PHY] Neighbour count: 15->16"
FF06,GWN,3,ACCESS,"t=54 [HELLO_TX] bcast battery=100.0%"
FF06,GWN,3,ACCESS,"t=57 [PHY] Neighbour count: 16->17"
FF06,GWN,3,ACCESS,"t=61 [HELLO_TX] bcast battery=100.0%"
FF06,GWN,3,ACCESS,"t=69 [HELLO_TX] bcast battery=100.0%"
FF06,GWN,3,ACCESS,"t=74 [HELLO_TX] bcast battery=100.0%"
FF06,GWN,3,ACCESS,"t=76 [PHY] Neighbour count: 17->18"
FF06,GWN,3,ACCESS,"t=80 [HELLO_TX] bcast battery=100.0%"
FF06,GWN,3,ACCESS,"t=86 [HELLO_TX] bcast battery=100.0%"
FF06,GWN,3,ACCESS,"t=91 [HELLO_TX] bcast battery=100.0%"
FF06,GWN,3,ACCESS,"t=101 [HELLO_TX] bcast battery=100.0%"
FF06,GWN,3,ACCESS,"t=111 [HELLO_TX] bcast battery=100.0%"
FF06,GWN,3,ACCESS,"t=119 [HELLO_TX] bcast battery=100.0%"
FF06,GWN,3,ACCESS,"t=129 [HELLO_TX] bcast battery=100.0%"
FF06,GWN,3,ACCESS,"t=139 [HELLO_TX] bcast battery=100.0%"
FF06,GWN,3,ACCESS,"t=148 [HELLO_TX] bcast battery=100.0%"
FF06,GWN,3,ACCESS,"t=154 [HELLO_TX] bcast battery=100.0%"
FF06,GWN,3,ACCESS,"t=159 [HELLO_TX] bcast battery=100.0%"
FF06,GWN,3,ACCESS,"t=159 [PHY] Neighbour count: 18->19"
FF06,GWN,3,ACCESS,"t=163 [HELLO_TX] bcast battery=100.0%"
FF06,GWN,3,ACCESS,"t=171 [HELLO_TX] bcast battery=100.0%"
FF06,GWN,3,ACCESS,"t=179 [HELLO_TX] bcast battery=100.0%"
FF06,GWN,3,ACCESS,"t=189 [HELLO_TX] bcast battery=100.0%"
FF06,GWN,3,ACCESS,"t=196 [HELLO_TX] bcast battery=100.0%"
FF06,GWN,3,ACCESS,"t=206 [HELLO_TX] bcast battery=100.0%"
FF06,GWN,3,ACCESS,"t=212 [HELLO_TX] bcast battery=100.0%"
FF06,GWN,3,ACCESS,"t=218 [HELLO_TX] bcast battery=100.0%"
FF06,GWN,3,ACCESS,"t=222 [PHY] Neighbour count: 19->20"
FF06,GWN,3,ACCESS,"t=228 [HELLO_TX] bcast battery=100.0%"
FF06,GWN,3,ACCESS,"t=233 [HELLO_TX] bcast battery=100.0%"
FF06,GWN,3,ACCESS,"t=240 [HELLO_TX] bcast battery=100.0%"
FF06,GWN,3,ACCESS,"t=244 [HELLO_TX] bcast battery=100.0%"
FF06,GWN,3,UNIFIED,"t=2 [PHY] Neighbor count=1"
FF06,GWN,3,UNIFIED,"t=3 [PHY] Neighbor count=2"
FF06,GWN,3,UNIFIED,"t=4 [PHY] Neighbor count=3"
FF06,GWN,3,UNIFIED,"t=4 [PHY] Neighbour count: 3->4"
FF06,GWN,3,UNIFIED,"t=5 [PHY] Neighbor count=4"
FF06,GWN,3,UNIFIED,"t=5 [PHY] Neighbour count: 4->5"
FF06,GWN,3,UNIFIED,"t=6 [PHY] Neighbor count=5"
FF06,GWN,3,UNIFIED,"[BB] t=6 [TX] HB.0 -> <BCAST>"
FF06,GWN,3,UNIFIED,"[AC] t=6 [HELLO_TX] bcast battery=100.0%"
FF06,GWN,3,UNIFIED,"t=6 [PHY] Neighbour count: 5->6"
FF06,GWN,3,UNIFIED,"t=7 [PHY] Neighbor count=6"
FF06,GWN,3,UNIFIED,"t=7 [PHY] Neighbour count: 6->7"
FF06,GWN,3,UNIFIED,"t=8 [PHY] Neighbor count=7"
FF06,GWN,3,UNIFIED,"t=8 [PHY] Neighbour count: 7->8"
FF06,GWN,3,UNIFIED,"t=9 [PHY] Neighbor count=8"
FF06,GWN,3,UNIFIED,"[BB] t=13 [TX] HB.0 -> <BCAST>"
FF06,GWN,3,UNIFIED,"[AC] t=13 [HELLO_TX] bcast battery=100.0%"
FF06,GWN,3,UNIFIED,"t=14 [PHY] Neighbor count=9"
FF06,GWN,3,UNIFIED,"t=16 [PHY] Neighbour count: 9->10"
FF06,GWN,3,UNIFIED,"t=17 [PHY] Neighbor count=10"
FF06,GWN,3,UNIFIED,"t=18 [PHY] Neighbour count: 10->11"
FF06,GWN,3,UNIFIED,"t=19 [PHY] Neighbor count=11"
FF06,GWN,3,UNIFIED,"[AC] t=19 [HELLO_TX] bcast battery=100.0%"
FF06,GWN,3,UNIFIED,"[BB] t=20 [TX] HB.0 -> <BCAST>"
FF06,GWN,3,UNIFIED,"t=22 [STATE] BOOT→DISCOVERY (neighbors=11)"
FF06,GWN,3,UNIFIED,"t=23 [PHY] Neighbour count: 11->12"
FF06,GWN,3,UNIFIED,"t=24 [PHY] Neighbor count=12"
FF06,GWN,3,UNIFIED,"[BB] t=27 [TX] HB.1 -> <BCAST>"
FF06,GWN,3,UNIFIED,"t=28 [PHY] Neighbour count: 12->13"
FF06,GWN,3,UNIFIED,"t=29 [PHY] Neighbor count=13"
FF06,GWN,3,UNIFIED,"[AC] t=29 [HELLO_TX] bcast battery=100.0%"
FF06,GWN,3,UNIFIED,"[BB] t=34 [TX] HB.1 -> <BCAST>"
FF06,GWN,3,UNIFIED,"[AC] t=37 [HELLO_TX] bcast battery=100.0%"
FF06,GWN,3,UNIFIED,"t=38 [PHY] Neighbour count: 13->14"
FF06,GWN,3,UNIFIED,"t=39 [PHY] Neighbor count=14"
FF06,GWN,3,UNIFIED,"[BB] t=41 [TX] HB.1 -> <BCAST>"
FF06,GWN,3,UNIFIED,"[AC] t=41 [HELLO_TX] bcast battery=100.0%"
FF06,GWN,3,UNIFIED,"t=44 [PHY] Neighbour count: 14->15"
FF06,GWN,3,UNIFIED,"t=45 [PHY] Neighbor count=15"
FF06,GWN,3,UNIFIED,"[BB] t=48 [TX] HB.1 -> <BCAST>"
FF06,GWN,3,UNIFIED,"[AC] t=48 [HELLO_TX] bcast battery=100.0%"
FF06,GWN,3,UNIFIED,"t=53 [PHY] Neighbour count: 15->16"
FF06,GWN,3,UNIFIED,"t=54 [PHY] Neighbor count=16"
FF06,GWN,3,UNIFIED,"[AC] t=54 [HELLO_TX] bcast battery=100.0%"
FF06,GWN,3,UNIFIED,"[BB] t=55 [TX] HB.1 -> <BCAST>"
FF06,GWN,3,UNIFIED,"t=57 [PHY] Neighbour count: 16->17"
FF06,GWN,3,UNIFIED,"t=58 [PHY] Neighbor count=17"
FF06,GWN,3,UNIFIED,"[AC] t=61 [HELLO_TX] bcast battery=100.0%"
FF06,GWN,3,UNIFIED,"[BB] t=62 [TX] HB.1 -> <BCAST>"
FF06,GWN,3,UNIFIED,"[BB] t=69 [TX] HB.1 -> <BCAST>"
FF06,GWN,3,UNIFIED,"[AC] t=69 [HELLO_TX] bcast battery=100.0%"
FF06,GWN,3,UNIFIED,"[AC] t=74 [HELLO_TX] bcast battery=100.0%"
FF06,GWN,3,UNIFIED,"[BB] t=76 [TX] HB.1 -> <BCAST>"
FF06,GWN,3,UNIFIED,"t=76 [PHY] Neighbour count: 17->18"
FF06,GWN,3,UNIFIED,"t=77 [PHY] Neighbor count=18"
FF06,GWN,3,UNIFIED,"[AC] t=80 [HELLO_TX] bcast battery=100.0%"
FF06,GWN,3,UNIFIED,"[BB] t=80 [RX] CMD.0 <- FF09 RSSI=0.1"
FF06,GWN,3,UNIFIED,"[BB] t=80 [TX] CMD.1 -> FF09"
FF06,GWN,3,UNIFIED,"[BB] t=80 [TX] CMD.1 -> FF09"
FF06,GWN,3,UNIFIED,"[BB] t=80 [STATE] DISCOVERY -> HANDSHAKE"
FF06,GWN,3,UNIFIED,"[BB] [LOCK][SET] partner=FF09 timeout=6"
FF06,GWN,3,UNIFIED,"[BB] t=80 [HANDSHAKE] Lock set with FF09 (timer=6)"
FF06,GWN,3,UNIFIED,"[BB] t=84 [RX] CMD.2 <- FF09 RSSI=0.1"
FF06,GWN,3,UNIFIED,"[BB] [LOCK][REFRESH] partner=FF09 timeout=6"
FF06,GWN,3,UNIFIED,"[BB] [LOCK][SET] partner=FF09 timeout=6"
FF06,GWN,3,UNIFIED,"[BB] t=84 [PARENT] Set parent -> FF09"
FF06,GWN,3,UNIFIED,"[AC] t=86 [HELLO_TX] bcast battery=100.0%"
FF06,GWN,3,UNIFIED,"t=90 [TIMEOUT] PARTIAL - dropping parent FF09; returning to DISCOVERY"
FF06,GWN,3,UNIFIED,"[BB] [LOCK][CLEAR] partner=FF09"
FF06,GWN,3,UNIFIED,"[AC] t=91 [HELLO_TX] bcast battery=100.0%"
FF06,GWN,3,UNIFIED,"[BB] t=97 [TX] HB.1 -> <BCAST>"
FF06,GWN,3,UNIFIED,"[AC] t=101 [HELLO_TX] bcast battery=100.0%"
FF06,GWN,3,UNIFIED,"[BB] t=104 [TX] HB.1 -> <BCAST>"
FF06,GWN,3,UNIFIED,"[BB] t=111 [TX] HB.1 -> <BCAST>"
FF06,GWN,3,UNIFIED,"[AC] t=111 [HELLO_TX] bcast battery=100.0%"
FF06,GWN,3,UNIFIED,"[BB] t=118 [TX] HB.1 -> <BCAST>"
FF06,GWN,3,UNIFIED,"[AC] t=119 [HELLO_TX] bcast battery=100.0%"
FF06,GWN,3,UNIFIED,"[BB] t=125 [TX] HB.1 -> <BCAST>"
FF06,GWN,3,UNIFIED,"[AC] t=129 [HELLO_TX] bcast battery=100.0%"
FF06,GWN,3,UNIFIED,"[BB] t=132 [TX] HB.1 -> <BCAST>"
FF06,GWN,3,UNIFIED,"[BB] t=139 [TX] HB.1 -> <BCAST>"
FF06,GWN,3,UNIFIED,"[AC] t=139 [HELLO_TX] bcast battery=100.0%"
FF06,GWN,3,UNIFIED,"[BB] t=146 [TX] HB.1 -> <BCAST>"
FF06,GWN,3,UNIFIED,"[AC] t=148 [HELLO_TX] bcast battery=100.0%"
FF06,GWN,3,UNIFIED,"[BB] t=153 [TX] HB.1 -> <BCAST>"
FF06,GWN,3,UNIFIED,"[AC] t=154 [HELLO_TX] bcast battery=100.0%"
FF06,GWN,3,UNIFIED,"[AC] t=159 [HELLO_TX] bcast battery=100.0%"
FF06,GWN,3,UNIFIED,"t=159 [PHY] Neighbour count: 18->19"
FF06,GWN,3,UNIFIED,"t=160 [PHY] Neighbor count=19"
FF06,GWN,3,UNIFIED,"[BB] t=160 [TX] HB.1 -> <BCAST>"
FF06,GWN,3,UNIFIED,"[AC] t=163 [HELLO_TX] bcast battery=100.0%"
FF06,GWN,3,UNIFIED,"[BB] t=167 [TX] HB.1 -> <BCAST>"
FF06,GWN,3,UNIFIED,"[AC] t=171 [HELLO_TX] bcast battery=100.0%"
FF06,GWN,3,UNIFIED,"[BB] t=174 [TX] HB.1 -> <BCAST>"
FF06,GWN,3,UNIFIED,"[AC] t=179 [HELLO_TX] bcast battery=100.0%"
FF06,GWN,3,UNIFIED,"[BB] t=181 [TX] HB.1 -> <BCAST>"
FF06,GWN,3,UNIFIED,"[BB] t=188 [TX] HB.1 -> <BCAST>"
FF06,GWN,3,UNIFIED,"[AC] t=189 [HELLO_TX] bcast battery=100.0%"
FF06,GWN,3,UNIFIED,"[BB] t=195 [TX] HB.1 -> <BCAST>"
FF06,GWN,3,UNIFIED,"[AC] t=196 [HELLO_TX] bcast battery=100.0%"
FF06,GWN,3,UNIFIED,"[BB] t=202 [TX] HB.1 -> <BCAST>"
FF06,GWN,3,UNIFIED,"[AC] t=206 [HELLO_TX] bcast battery=100.0%"
FF06,GWN,3,UNIFIED,"[BB] t=209 [TX] HB.1 -> <BCAST>"
FF06,GWN,3,UNIFIED,"[AC] t=212 [HELLO_TX] bcast battery=100.0%"
FF06,GWN,3,UNIFIED,"[BB] t=216 [TX] HB.1 -> <BCAST>"
FF06,GWN,3,UNIFIED,"[AC] t=218 [HELLO_TX] bcast battery=100.0%"
FF06,GWN,3,UNIFIED,"t=222 [PHY] Neighbour count: 19->20"
FF06,GWN,3,UNIFIED,"t=223 [PHY] Neighbor count=20"
FF06,GWN,3,UNIFIED,"[BB] t=223 [TX] HB.1 -> <BCAST>"
FF06,GWN,3,UNIFIED,"[AC] t=228 [HELLO_TX] bcast battery=100.0%"
FF06,GWN,3,UNIFIED,"[BB] t=230 [TX] HB.1 -> <BCAST>"
FF06,GWN,3,UNIFIED,"[AC] t=233 [HELLO_TX] bcast battery=100.0%"
FF06,GWN,3,UNIFIED,"[BB] t=237 [TX] HB.1 -> <BCAST>"
FF06,GWN,3,UNIFIED,"[AC] t=240 [HELLO_TX] bcast battery=100.0%"
FF06,GWN,3,UNIFIED,"[BB] t=244 [TX] HB.1 -> <BCAST>"
FF06,GWN,3,UNIFIED,"[AC] t=244 [HELLO_TX] bcast battery=100.0%"
FF07,GWN,3,BACKBONE,"t=4 [PHY] Neighbour count: 3->4"
FF07,GWN,3,BACKBONE,"t=6 [TX] HB.0 -> <BCAST>"
FF07,GWN,3,BACKBONE,"t=6 [PHY] Neighbour count: 5->6"
FF07,GWN,3,BACKBONE,"t=8 [PHY] Neighbour count: 6->7"
FF07,GWN,3,BACKBONE,"t=13 [TX] HB.0 -> <BCAST>"
FF07,GWN,3,BACKBONE,"t=15 [PHY] Neighbour count: 7->8"
FF07,GWN,3,BACKBONE,"t=20 [TX] HB.0 -> <BCAST>"
FF07,GWN,3,BACKBONE,"t=23 [PHY] Neighbour count: 8->9"
FF07,GWN,3,BACKBONE,"t=24 [PHY] Neighbour count: 9->10"
FF07,GWN,3,BACKBONE,"t=27 [TX] HB.1 -> <BCAST>"
FF07,GWN,3,BACKBONE,"t=32 [PHY] Neighbour count: 10->11"
FF07,GWN,3,BACKBONE,"t=34 [TX] HB.1 -> <BCAST>"
FF07,GWN,3,BACKBONE,"t=34 [PHY] Neighbour count: 11->12"
FF07,GWN,3,BACKBONE,"t=41 [TX] HB.1 -> <BCAST>"
FF07,GWN,3,BACKBONE,"t=43 [PHY] Neighbour count: 12->13"
FF07,GWN,3,BACKBONE,"t=48 [TX] HB.1 -> <BCAST>"
FF07,GWN,3,BACKBONE,"t=55 [TX] HB.1 -> <BCAST>"
FF07,GWN,3,BACKBONE,"t=62 [TX] HB.1 -> <BCAST>"
FF07,GWN,3,BACKBONE,"t=69 [TX] HB.1 -> <BCAST>"
FF07,GWN,3,BACKBONE,"t=76 [TX] HB.1 -> <BCAST>"
FF07,GWN,3,BACKBONE,"t=83 [TX] HB.1 -> <BCAST>"
FF07,GWN,3,BACKBONE,"t=90 [TX] HB.1 -> <BCAST>"
FF07,GWN,3,BACKBONE,"t=97 [TX] HB.1 -> <BCAST>"
FF07,GWN,3,BACKBONE,"t=104 [TX] HB.1 -> <BCAST>"
FF07,GWN,3,BACKBONE,"t=111 [TX] HB.1 -> <BCAST>"
FF07,GWN,3,BACKBONE,"t=118 [TX] HB.1 -> <BCAST>"
FF07,GWN,3,BACKBONE,"t=122 [PHY] Neighbour count: 13->14"
FF07,GWN,3,BACKBONE,"t=125 [TX] HB.1 -> <BCAST>"
FF07,GWN,3,BACKBONE,"t=126 [PHY] Neighbour count: 14->15"
FF07,GWN,3,BACKBONE,"t=132 [TX] HB.1 -> <BCAST>"
FF07,GWN,3,BACKBONE,"t=139 [TX] HB.1 -> <BCAST>"
FF07,GWN,3,BACKBONE,"t=146 [TX] HB.1 -> <BCAST>"
FF07,GWN,3,BACKBONE,"t=153 [TX] HB.1 -> <BCAST>"
FF07,GWN,3,BACKBONE,"t=160 [TX] HB.1 -> <BCAST>"
FF07,GWN,3,BACKBONE,"t=167 [TX] HB.1 -> <BCAST>"
FF07,GWN,3,BACKBONE,"t=174 [TX] HB.1 -> <BCAST>"
FF07,GWN,3,BACKBONE,"t=181 [TX] HB.1 -> <BCAST>"
FF07,GWN,3,BACKBONE,"t=188 [TX] HB.1 -> <BCAST>"
FF07,GWN,3,BACKBONE,"t=195 [TX] HB.1 -> <BCAST>"
FF07,GWN,3,BACKBONE,"t=202 [TX] HB.1 -> <BCAST>"
FF07,GWN,3,BACKBONE,"t=209 [TX] HB.1 -> <BCAST>"
FF07,GWN,3,BACKBONE,"t=216 [TX] HB.1 -> <BCAST>"
FF07,GWN,3,BACKBONE,"t=223 [TX] HB.1 -> <BCAST>"
FF07,GWN,3,BACKBONE,"t=230 [TX] HB.1 -> <BCAST>"
FF07,GWN,3,BACKBONE,"t=237 [TX] HB.1 -> <BCAST>"
FF07,GWN,3,BACKBONE,"t=244 [TX] HB.1 -> <BCAST>"
FF07,GWN,3,ACCESS,"t=4 [PHY] Neighbour count: 3->4"
FF07,GWN,3,ACCESS,"t=6 [PHY] Neighbour count: 5->6"
FF07,GWN,3,ACCESS,"t=8 [HELLO_TX] bcast battery=100.0%"
FF07,GWN,3,ACCESS,"t=8 [PHY] Neighbour count: 6->7"
FF07,GWN,3,ACCESS,"t=14 [HELLO_TX] bcast battery=100.0%"
FF07,GWN,3,ACCESS,"t=15 [PHY] Neighbour count: 7->8"
FF07,GWN,3,ACCESS,"t=20 [HELLO_TX] bcast battery=100.0%"
FF07,GWN,3,ACCESS,"t=23 [PHY] Neighbour count: 8->9"
FF07,GWN,3,ACCESS,"t=24 [PHY] Neighbour count: 9->10"
FF07,GWN,3,ACCESS,"t=26 [HELLO_TX] bcast battery=100.0%"
FF07,GWN,3,ACCESS,"t=31 [HELLO_TX] bcast battery=100.0%"
FF07,GWN,3,ACCESS,"t=32 [PHY] Neighbour count: 10->11"
FF07,GWN,3,ACCESS,"t=34 [PHY] Neighbour count: 11->12"
FF07,GWN,3,ACCESS,"t=41 [HELLO_TX] bcast battery=100.0%"
FF07,GWN,3,ACCESS,"t=43 [PHY] Neighbour count: 12->13"
FF07,GWN,3,ACCESS,"t=51 [HELLO_TX] bcast battery=100.0%"
FF07,GWN,3,ACCESS,"t=61 [HELLO_TX] bcast battery=100.0%"
FF07,GWN,3,ACCESS,"t=70 [HELLO_TX] bcast battery=100.0%"
FF07,GWN,3,ACCESS,"t=74 [HELLO_TX] bcast battery=100.0%"
FF07,GWN,3,ACCESS,"t=79 [HELLO_TX] bcast battery=100.0%"
FF07,GWN,3,ACCESS,"t=89 [HELLO_TX] bcast battery=100.0%"
FF07,GWN,3,ACCESS,"t=97 [HELLO_TX] bcast battery=100.0%"
FF07,GWN,3,ACCESS,"t=105 [HELLO_TX] bcast battery=100.0%"
FF07,GWN,3,ACCESS,"t=114 [HELLO_TX] bcast battery=100.0%"
FF07,GWN,3,ACCESS,"t=118 [HELLO_TX] bcast battery=100.0%"
FF07,GWN,3,ACCESS,"t=122 [PHY] Neighbour count: 13->14"
FF07,GWN,3,ACCESS,"t=126 [PHY] Neighbour count: 14->15"
FF07,GWN,3,ACCESS,"t=128 [HELLO_TX] bcast battery=100.0%"
FF07,GWN,3,ACCESS,"t=132 [HELLO_TX] bcast battery=100.0%"
FF07,GWN,3,ACCESS,"t=138 [HELLO_TX] bcast battery=100.0%"
FF07,GWN,3,ACCESS,"t=145 [HELLO_TX] bcast battery=100.0%"
FF07,GWN,3,ACCESS,"t=154 [HELLO_TX] bcast battery=100.0%"
FF07,GWN,3,ACCESS,"t=161 [HELLO_TX] bcast battery=100.0%"
FF07,GWN,3,ACCESS,"t=165 [HELLO_TX] bcast battery=100.0%"
FF07,GWN,3,ACCESS,"t=173 [HELLO_TX] bcast battery=100.0%"
FF07,GWN,3,ACCESS,"t=180 [HELLO_TX] bcast battery=100.0%"
FF07,GWN,3,ACCESS,"t=185 [HELLO_TX] bcast battery=100.0%"
FF07,GWN,3,ACCESS,"t=193 [HELLO_TX] bcast battery=100.0%"
FF07,GWN,3,ACCESS,"t=203 [HELLO_TX] bcast battery=100.0%"
FF07,GWN,3,ACCESS,"t=208 [HELLO_TX] bcast battery=100.0%"
FF07,GWN,3,ACCESS,"t=213 [HELLO_TX] bcast battery=100.0%"
FF07,GWN,3,ACCESS,"t=221 [HELLO_TX] bcast battery=100.0%"
FF07,GWN,3,ACCESS,"t=230 [HELLO_TX] bcast battery=100.0%"
FF07,GWN,3,ACCESS,"t=234 [HELLO_TX] bcast battery=100.0%"
FF07,GWN,3,ACCESS,"t=241 [HELLO_TX] bcast battery=100.0%"
FF07,GWN,3,UNIFIED,"t=2 [PHY] Neighbor count=1"
FF07,GWN,3,UNIFIED,"t=3 [PHY] Neighbor count=2"
FF07,GWN,3,UNIFIED,"t=4 [PHY] Neighbor count=3"
FF07,GWN,3,UNIFIED,"t=4 [PHY] Neighbour count: 3->4"
FF07,GWN,3,UNIFIED,"t=5 [PHY] Neighbor count=4"
FF07,GWN,3,UNIFIED,"t=6 [PHY] Neighbor count=5"
FF07,GWN,3,UNIFIED,"[BB] t=6 [TX] HB.0 -> <BCAST>"
FF07,GWN,3,UNIFIED,"t=6 [PHY] Neighbour count: 5->6"
FF07,GWN,3,UNIFIED,"t=7 [PHY] Neighbor count=6"
FF07,GWN,3,UNIFIED,"[AC] t=8 [HELLO_TX] bcast battery=100.0%"
FF07,GWN,3,UNIFIED,"t=8 [PHY] Neighbour count: 6->7"
FF07,GWN,3,UNIFIED,"t=9 [PHY] Neighbor count=7"
FF07,GWN,3,UNIFIED,"[BB] t=13 [TX] HB.0 -> <BCAST>"
FF07,GWN,3,UNIFIED,"[AC] t=14 [HELLO_TX] bcast battery=100.0%"
FF07,GWN,3,UNIFIED,"t=15 [PHY] Neighbour count: 7->8"
FF07,GWN,3,UNIFIED,"t=16 [PHY] Neighbor count=8"
FF07,GWN,3,UNIFIED,"[BB] t=20 [TX] HB.0 -> <BCAST>"
FF07,GWN,3,UNIFIED,"[AC] t=20 [HELLO_TX] bcast battery=100.0%"
FF07,GWN,3,UNIFIED,"t=22 [STATE] BOOT→DISCOVERY (neighbors=8)"
FF07,GWN,3,UNIFIED,"t=23 [PHY] Neighbour count: 8->9"
FF07,GWN,3,UNIFIED,"t=24 [PHY] Neighbor count=9"
FF07,GWN,3,UNIFIED,"t=24 [PHY] Neighbour count: 9->10"
FF07,GWN,3,UNIFIED,"t=25 [PHY] Neighbor count=10"
FF07,GWN,3,UNIFIED,"[AC] t=26 [HELLO_TX] bcast battery=100.0%"
FF07,GWN,3,UNIFIED,"[BB] t=27 [TX] HB.1 -> <BCAST>"
FF07,GWN,3,UNIFIED,"[AC] t=31 [HELLO_TX] bcast battery=100.0%"
FF07,GWN,3,UNIFIED,"t=32 [PHY] Neighbour count: 10->11"
FF07,GWN,3,UNIFIED,"t=33 [PHY] Neighbor count=11"
FF07,GWN,3,UNIFIED,"[BB] t=34 [TX] HB.1 -> <BCAST>"
FF07,GWN,3,UNIFIED,"t=34 [PHY] Neighbour count: 11->12"
FF07,GWN,3,UNIFIED,"t=35 [PHY] Neighbor count=12"
FF07,GWN,3,UNIFIED,"[BB] t=41 [TX] HB.1 -> <BCAST>"
FF07,GWN,3,UNIFIED,"[AC] t=41 [HELLO_TX] bcast battery=100.0%"
FF07,GWN,3,UNIFIED,"t=43 [PHY] Neighbour count: 12->13"
FF07,GWN,3,UNIFIED,"t=44 [PHY] Neighbor count=13"
FF07,GWN,3,UNIFIED,"[BB] t=48 [TX] HB.1 -> <BCAST>"
FF07,GWN,3,UNIFIED,"[AC] t=51 [HELLO_TX] bcast battery=100.0%"
FF07,GWN,3,UNIFIED,"[BB] t=55 [TX] HB.1 -> <BCAST>"
FF07,GWN,3,UNIFIED,"[AC] t=61 [HELLO_TX] bcast battery=100.0%"
FF07,GWN,3,UNIFIED,"[BB] t=62 [TX] HB.1 -> <BCAST>"
FF07,GWN,3,UNIFIED,"[BB] t=69 [TX] HB.1 -> <BCAST>"
FF07,GWN,3,UNIFIED,"[AC] t=70 [HELLO_TX] bcast battery=100.0%"
FF07,GWN,3,UNIFIED,"[AC] t=74 [HELLO_TX] bcast battery=100.0%"
FF07,GWN,3,UNIFIED,"[BB] t=76 [TX] HB.1 -> <BCAST>"
FF07,GWN,3,UNIFIED,"[AC] t=79 [HELLO_TX] bcast battery=100.0%"
FF07,GWN,3,UNIFIED,"[BB] t=83 [TX] HB.1 -> <BCAST>"
FF07,GWN,3,UNIFIED,"[AC] t=89 [HELLO_TX] bcast battery=100.0%"
FF07,GWN,3,UNIFIED,"[BB] t=90 [TX] HB.1 -> <BCAST>"
FF07,GWN,3,UNIFIED,"[BB] t=97 [TX] HB.1 -> <BCAST>"
FF07,GWN,3,UNIFIED,"[AC] t=97 [HELLO_TX] bcast battery=100.0%"
FF07,GWN,3,UNIFIED,"[BB] t=104 [TX] HB.1 -> <BCAST>"
FF07,GWN,3,UNIFIED,"[AC] t=105 [HELLO_TX] bcast battery=100.0%"
FF07,GWN,3,UNIFIED,"[BB] t=111 [TX] HB.1 -> <BCAST>"
FF07,GWN,3,UNIFIED,"[AC] t=114 [HELLO_TX] bcast battery=100.0%"
FF07,GWN,3,UNIFIED,"[BB] t=118 [TX] HB.1 -> <BCAST>"
FF07,GWN,3,UNIFIED,"[AC] t=118 [HELLO_TX] bcast battery=100.0%"
FF07,GWN,3,UNIFIED,"t=122 [PHY] Neighbour count: 13->14"
FF07,GWN,3,UNIFIED,"t=123 [PHY] Neighbor count=14"
FF07,GWN,3,UNIFIED,"[BB] t=125 [TX] HB.1 -> <BCAST>"
FF07,GWN,3,UNIFIED,"t=126 [PHY] Neighbour count: 14->15"
FF07,GWN,3,UNIFIED,"t=127 [PHY] Neighbor count=15"
FF07,GWN,3,UNIFIED,"[AC] t=128 [HELLO_TX] bcast battery=100.0%"
FF07,GWN,3,UNIFIED,"[BB] t=132 [TX] HB.1 -> <BCAST>"
FF07,GWN,3,UNIFIED,"[AC] t=132 [HELLO_TX] bcast battery=100.0%"
FF07,GWN,3,UNIFIED,"[AC] t=138 [HELLO_TX] bcast battery=100.0%"
FF07,GWN,3,UNIFIED,"[BB] t=139 [TX] HB.1 -> <BCAST>"
FF07,GWN,3,UNIFIED,"[AC] t=145 [HELLO_TX] bcast battery=100.0%"
FF07,GWN,3,UNIFIED,"[BB] t=146 [TX] HB.1 -> <BCAST>"
FF07,GWN,3,UNIFIED,"[BB] t=153 [TX] HB.1 -> <BCAST>"
FF07,GWN,3,UNIFIED,"[AC] t=154 [HELLO_TX] bcast battery=100.0%"
FF07,GWN,3,UNIFIED,"[BB] t=160 [TX] HB.1 -> <BCAST>"
FF07,GWN,3,UNIFIED,"[AC] t=161 [HELLO_TX] bcast battery=100.0%"
FF07,GWN,3,UNIFIED,"[AC] t=165 [HELLO_TX] bcast battery=100.0%"
FF07,GWN,3,UNIFIED,"[BB] t=167 [TX] HB.1 -> <BCAST>"
FF07,GWN,3,UNIFIED,"[AC] t=173 [HELLO_TX] bcast battery=100.0%"
FF07,GWN,3,UNIFIED,"[BB] t=174 [TX] HB.1 -> <BCAST>"
FF07,GWN,3,UNIFIED,"[AC] t=180 [HELLO_TX] bcast battery=100.0%"
FF07,GWN,3,UNIFIED,"[BB] t=181 [TX] HB.1 -> <BCAST>"
FF07,GWN,3,UNIFIED,"[AC] t=185 [HELLO_TX] bcast battery=100.0%"
FF07,GWN,3,UNIFIED,"[BB] t=188 [TX] HB.1 -> <BCAST>"
FF07,GWN,3,UNIFIED,"[AC] t=193 [HELLO_TX] bcast battery=100.0%"
FF07,GWN,3,UNIFIED,"[BB] t=195 [TX] HB.1 -> <BCAST>"
FF07,GWN,3,UNIFIED,"[BB] t=202 [TX] HB.1 -> <BCAST>"
FF07,GWN,3,UNIFIED,"[AC] t=203 [HELLO_TX] bcast battery=100.0%"
FF07,GWN,3,UNIFIED,"[AC] t=208 [HELLO_TX] bcast battery=100.0%"
FF07,GWN,3,UNIFIED,"[BB] t=209 [TX] HB.1 -> <BCAST>"
FF07,GWN,3,UNIFIED,"[AC] t=213 [HELLO_TX] bcast battery=100.0%"
FF07,GWN,3,UNIFIED,"[BB] t=216 [TX] HB.1 -> <BCAST>"
FF07,GWN,3,UNIFIED,"[AC] t=221 [HELLO_TX] bcast battery=100.0%"
FF07,GWN,3,UNIFIED,"[BB] t=223 [TX] HB.1 -> <BCAST>"
FF07,GWN,3,UNIFIED,"[BB] t=230 [TX] HB.1 -> <BCAST>"
FF07,GWN,3,UNIFIED,"[AC] t=230 [HELLO_TX] bcast battery=100.0%"
FF07,GWN,3,UNIFIED,"[AC] t=234 [HELLO_TX] bcast battery=100.0%"
FF07,GWN,3,UNIFIED,"[BB] t=237 [TX] HB.1 -> <BCAST>"
FF07,GWN,3,UNIFIED,"[AC] t=241 [HELLO_TX] bcast battery=100.0%"
FF07,GWN,3,UNIFIED,"[BB] t=244 [TX] HB.1 -> <BCAST>"
FF08,GWN,3,BACKBONE,"t=4 [PHY] Neighbour count: 3->4"
FF08,GWN,3,BACKBONE,"t=5 [TX] HB.0 -> <BCAST>"
FF08,GWN,3,BACKBONE,"t=6 [PHY] Neighbour count: 5->6"
FF08,GWN,3,BACKBONE,"t=7 [PHY] Neighbour count: 6->7"
FF08,GWN,3,BACKBONE,"t=8 [PHY] Neighbour count: 7->8"
FF08,GWN,3,BACKBONE,"t=12 [TX] HB.0 -> <BCAST>"
FF08,GWN,3,BACKBONE,"t=19 [TX] HB.0 -> <BCAST>"
FF08,GWN,3,BACKBONE,"t=19 [PHY] Neighbour count: 8->9"
FF08,GWN,3,BACKBONE,"t=21 [PHY] Neighbour count: 9->10"
FF08,GWN,3,BACKBONE,"t=26 [TX] HB.1 -> <BCAST>"
FF08,GWN,3,BACKBONE,"t=29 [PHY] Neighbour count: 10->11"
FF08,GWN,3,BACKBONE,"t=32 [PHY] Neighbour count: 11->12"
FF08,GWN,3,BACKBONE,"t=33 [TX] HB.1 -> <BCAST>"
FF08,GWN,3,BACKBONE,"t=33 [PHY] Neighbour count: 12->13"
FF08,GWN,3,BACKBONE,"t=36 [PHY] Neighbour count: 13->14"
FF08,GWN,3,BACKBONE,"t=37 [PHY] Neighbour count: 14->15"
FF08,GWN,3,BACKBONE,"t=40 [TX] HB.1 -> <BCAST>"
FF08,GWN,3,BACKBONE,"t=47 [TX] HB.1 -> <BCAST>"
FF08,GWN,3,BACKBONE,"t=54 [TX] HB.1 -> <BCAST>"
FF08,GWN,3,BACKBONE,"t=61 [TX] HB.1 -> <BCAST>"
FF08,GWN,3,BACKBONE,"t=68 [TX] HB.1 -> <BCAST>"
FF08,GWN,3,BACKBONE,"t=69 [PHY] Neighbour count: 15->16"
FF08,GWN,3,BACKBONE,"t=75 [TX] HB.1 -> <BCAST>"
FF08,GWN,3,BACKBONE,"t=82 [TX] HB.1 -> <BCAST>"
FF08,GWN,3,BACKBONE,"t=89 [TX] HB.1 -> <BCAST>"
FF08,GWN,3,BACKBONE,"t=96 [TX] HB.1 -> <BCAST>"
FF08,GWN,3,BACKBONE,"t=103 [TX] HB.1 -> <BCAST>"
FF08,GWN,3,BACKBONE,"t=104 [PHY] Neighbour count: 16->17"
FF08,GWN,3,BACKBONE,"t=110 [TX] HB.1 -> <BCAST>"
FF08,GWN,3,BACKBONE,"t=117 [TX] HB.1 -> <BCAST>"
FF08,GWN,3,BACKBONE,"t=124 [TX] HB.1 -> <BCAST>"
FF08,GWN,3,BACKBONE,"t=131 [TX] HB.1 -> <BCAST>"
FF08,GWN,3,BACKBONE,"t=138 [TX] HB.1 -> <BCAST>"
FF08,GWN,3,BACKBONE,"t=145 [TX] HB.1 -> <BCAST>"
FF08,GWN,3,BACKBONE,"t=152 [TX] HB.1 -> <BCAST>"
FF08,GWN,3,BACKBONE,"t=159 [TX] HB.1 -> <BCAST>"
FF08,GWN,3,BACKBONE,"t=162 [PHY] Neighbour count: 17->18"
FF08,GWN,3,BACKBONE,"t=166 [TX] HB.1 -> <BCAST>"
FF08,GWN,3,BACKBONE,"t=173 [TX] HB.1 -> <BCAST>"
FF08,GWN,3,BACKBONE,"t=180 [TX] HB.1 -> <BCAST>"
FF08,GWN,3,BACKBONE,"t=187 [TX] HB.1 -> <BCAST>"
FF08,GWN,3,BACKBONE,"t=194 [TX] HB.1 -> <BCAST>"
FF08,GWN,3,BACKBONE,"t=201 [TX] HB.1 -> <BCAST>"
FF08,GWN,3,BACKBONE,"t=208 [TX] HB.1 -> <BCAST>"
FF08,GWN,3,BACKBONE,"t=215 [TX] HB.1 -> <BCAST>"
FF08,GWN,3,BACKBONE,"t=222 [TX] HB.1 -> <BCAST>"
FF08,GWN,3,BACKBONE,"t=229 [TX] HB.1 -> <BCAST>"
FF08,GWN,3,BACKBONE,"t=236 [TX] HB.1 -> <BCAST>"
FF08,GWN,3,BACKBONE,"t=243 [TX] HB.1 -> <BCAST>"
FF08,GWN,3,ACCESS,"t=4 [PHY] Neighbour count: 3->4"
FF08,GWN,3,ACCESS,"t=6 [PHY] Neighbour count: 5->6"
FF08,GWN,3,ACCESS,"t=7 [PHY] Neighbour count: 6->7"
FF08,GWN,3,ACCESS,"t=8 [PHY] Neighbour count: 7->8"
FF08,GWN,3,ACCESS,"t=10 [HELLO_TX] bcast battery=100.0%"
FF08,GWN,3,ACCESS,"t=17 [HELLO_TX] bcast battery=100.0%"
FF08,GWN,3,ACCESS,"t=19 [PHY] Neighbour count: 8->9"
FF08,GWN,3,ACCESS,"t=21 [PHY] Neighbour count: 9->10"
FF08,GWN,3,ACCESS,"t=23 [HELLO_TX] bcast battery=100.0%"
FF08,GWN,3,ACCESS,"t=27 [HELLO_TX] bcast battery=100.0%"
FF08,GWN,3,ACCESS,"t=29 [PHY] Neighbour count: 10->11"
FF08,GWN,3,ACCESS,"t=32 [HELLO_TX] bcast battery=100.0%"
FF08,GWN,3,ACCESS,"t=32 [PHY] Neighbour count: 11->12"
FF08,GWN,3,ACCESS,"t=33 [PHY] Neighbour count: 12->13"
FF08,GWN,3,ACCESS,"t=36 [PHY] Neighbour count: 13->14"
FF08,GWN,3,ACCESS,"t=37 [PHY] Neighbour count: 14->15"
FF08,GWN,3,ACCESS,"t=42 [HELLO_TX] bcast battery=100.0%"
FF08,GWN,3,ACCESS,"t=48 [HELLO_TX] bcast battery=100.0%"
FF08,GWN,3,ACCESS,"t=58 [HELLO_TX] bcast battery=100.0%"
FF08,GWN,3,ACCESS,"t=65 [HELLO_TX] bcast battery=100.0%"
FF08,GWN,3,ACCESS,"t=69 [PHY] Neighbour count: 15->16"
FF08,GWN,3,ACCESS,"t=72 [HELLO_TX] bcast battery=100.0%"
FF08,GWN,3,ACCESS,"t=79 [HELLO_TX] bcast battery=100.0%"
FF08,GWN,3,ACCESS,"t=86 [HELLO_TX] bcast battery=100.0%"
FF08,GWN,3,ACCESS,"t=95 [HELLO_TX] bcast battery=100.0%"
FF08,GWN,3,ACCESS,"t=103 [HELLO_TX] bcast battery=100.0%"
FF08,GWN,3,ACCESS,"t=104 [PHY] Neighbour count: 16->17"
FF08,GWN,3,ACCESS,"t=108 [HELLO_TX] bcast battery=100.0%"
FF08,GWN,3,ACCESS,"t=118 [HELLO_TX] bcast battery=100.0%"
FF08,GWN,3,ACCESS,"t=126 [HELLO_TX] bcast battery=100.0%"
FF08,GWN,3,ACCESS,"t=131 [HELLO_TX] bcast battery=100.0%"
FF08,GWN,3,ACCESS,"t=137 [HELLO_TX] bcast battery=100.0%"
FF08,GWN,3,ACCESS,"t=141 [HELLO_TX] bcast battery=100.0%"
FF08,GWN,3,ACCESS,"t=150 [HELLO_TX] bcast battery=100.0%"
FF08,GWN,3,ACCESS,"t=154 [HELLO_TX] bcast battery=100.0%"
FF08,GWN,3,ACCESS,"t=162 [PHY] Neighbour count: 17->18"
FF08,GWN,3,ACCESS,"t=164 [HELLO_TX] bcast battery=100.0%"
FF08,GWN,3,ACCESS,"t=174 [HELLO_TX] bcast battery=100.0%"
FF08,GWN,3,ACCESS,"t=183 [HELLO_TX] bcast battery=100.0%"
FF08,GWN,3,ACCESS,"t=192 [HELLO_TX] bcast battery=100.0%"
FF08,GWN,3,ACCESS,"t=198 [HELLO_TX] bcast battery=100.0%"
FF08,GWN,3,ACCESS,"t=207 [HELLO_TX] bcast battery=100.0%"
FF08,GWN,3,ACCESS,"t=215 [HELLO_TX] bcast battery=100.0%"
FF08,GWN,3,ACCESS,"t=223 [HELLO_TX] bcast battery=100.0%"
FF08,GWN,3,ACCESS,"t=227 [HELLO_TX] bcast battery=100.0%"
FF08,GWN,3,ACCESS,"t=233 [HELLO_TX] bcast battery=100.0%"
FF08,GWN,3,ACCESS,"t=240 [HELLO_TX] bcast battery=100.0%"
FF08,GWN,3,ACCESS,"t=248 [HELLO_TX] bcast battery=100.0%"
FF08,GWN,3,UNIFIED,"t=2 [PHY] Neighbor count=1"
FF08,GWN,3,UNIFIED,"t=3 [PHY] Neighbor count=2"
FF08,GWN,3,UNIFIED,"t=4 [PHY] Neighbor count=3"
FF08,GWN,3,UNIFIED,"t=4 [PHY] Neighbour count: 3->4"
FF08,GWN,3,UNIFIED,"t=5 [PHY] Neighbor count=4"
FF08,GWN,3,UNIFIED,"[BB] t=5 [TX] HB.0 -> <BCAST>"
FF08,GWN,3,UNIFIED,"t=6 [PHY] Neighbor count=5"
FF08,GWN,3,UNIFIED,"t=6 [PHY] Neighbour count: 5->6"
FF08,GWN,3,UNIFIED,"t=7 [PHY] Neighbor count=6"
FF08,GWN,3,UNIFIED,"t=7 [PHY] Neighbour count: 6->7"
FF08,GWN,3,UNIFIED,"t=8 [PHY] Neighbor count=7"
FF08,GWN,3,UNIFIED,"t=8 [PHY] Neighbour count: 7->8"
FF08,GWN,3,UNIFIED,"t=9 [PHY] Neighbor count=8"
FF08,GWN,3,UNIFIED,"[AC] t=10 [HELLO_TX] bcast battery=100.0%"
FF08,GWN,3,UNIFIED,"[BB] t=12 [TX] HB.0 -> <BCAST>"
FF08,GWN,3,UNIFIED,"[AC] t=17 [HELLO_TX] bcast battery=100.0%"
FF08,GWN,3,UNIFIED,"[BB] t=19 [TX] HB.0 -> <BCAST>"
FF08,GWN,3,UNIFIED,"t=19 [PHY] Neighbour count: 8->9"
FF08,GWN,3,UNIFIED,"t=20 [PHY] Neighbor count=9"
FF08,GWN,3,UNIFIED,"t=21 [PHY] Neighbour count: 9->10"
FF08,GWN,3,UNIFIED,"t=22 [PHY] Neighbor count=10"
FF08,GWN,3,UNIFIED,"t=22 [STATE] BOOT→DISCOVERY (neighbors=10)"
FF08,GWN,3,UNIFIED,"[AC] t=23 [HELLO_TX] bcast battery=100.0%"
FF08,GWN,3,UNIFIED,"[BB] t=26 [TX] HB.1 -> <BCAST>"
FF08,GWN,3,UNIFIED,"[AC] t=27 [HELLO_TX] bcast battery=100.0%"
FF08,GWN,3,UNIFIED,"t=29 [PHY] Neighbour count: 10->11"
FF08,GWN,3,UNIFIED,"t=30 [PHY] Neighbor count=11"
FF08,GWN,3,UNIFIED,"[AC] t=32 [HELLO_TX] bcast battery=100.0%"
FF08,GWN,3,UNIFIED,"t=32 [PHY] Neighbour count: 11->12"
FF08,GWN,3,UNIFIED,"t=33 [PHY] Neighbor count=12"
FF08,GWN,3,UNIFIED,"[BB] t=33 [TX] HB.1 -> <BCAST>"
FF08,GWN,3,UNIFIED,"t=33 [PHY] Neighbour count: 12->13"
FF08,GWN,3,UNIFIED,"t=34 [PHY] Neighbor count=13"
FF08,GWN,3,UNIFIED,"t=36 [PHY] Neighbour count: 13->14"
FF08,GWN,3,UNIFIED,"t=37 [PHY] Neighbor count=14"
FF08,GWN,3,UNIFIED,"t=37 [PHY] Neighbour count: 14->15"
FF08,GWN,3,UNIFIED,"t=38 [PHY] Neighbor count=15"
FF08,GWN,3,UNIFIED,"[BB] t=40 [TX] HB.1 -> <BCAST>"
FF08,GWN,3,UNIFIED,"[AC] t=42 [HELLO_TX] bcast battery=100.0%"
FF08,GWN,3,UNIFIED,"[BB] t=47 [TX] HB.1 -> <BCAST>"
FF08,GWN,3,UNIFIED,"[AC] t=48 [HELLO_TX] bcast battery=100.0%"
FF08,GWN,3,UNIFIED,"[BB] t=54 [TX] HB.1 -> <BCAST>"
FF08,GWN,3,UNIFIED,"[AC] t=58 [HELLO_TX] bcast battery=100.0%"
FF08,GWN,3,UNIFIED,"[BB] t=61 [TX] HB.1 -> <BCAST>"
FF08,GWN,3,UNIFIED,"[AC] t=65 [HELLO_TX] bcast battery=100.0%"
FF08,GWN,3,UNIFIED,"[BB] t=68 [TX] HB.1 -> <BCAST>"
FF08,GWN,3,UNIFIED,"t=69 [PHY] Neighbour count: 15->16"
FF08,GWN,3,UNIFIED,"t=70 [PHY] Neighbor count=16"
FF08,GWN,3,UNIFIED,"[AC] t=72 [HELLO_TX] bcast battery=100.0%"
FF08,GWN,3,UNIFIED,"[BB] t=75 [TX] HB.1 -> <BCAST>"
FF08,GWN,3,UNIFIED,"[AC] t=79 [HELLO_TX] bcast battery=100.0%"
FF08,GWN,3,UNIFIED,"[BB] t=82 [TX] HB.1 -> <BCAST>"
FF08,GWN,3,UNIFIED,"[AC] t=86 [HELLO_TX] bcast battery=100.0%"
FF08,GWN,3,UNIFIED,"[BB] t=89 [TX] HB.1 -> <BCAST>"
FF08,GWN,3,UNIFIED,"[AC] t=95 [HELLO_TX] bcast battery=100.0%"
FF08,GWN,3,UNIFIED,"[BB] t=96 [TX] HB.1 -> <BCAST>"
FF08,GWN,3,UNIFIED,"[BB] t=103 [TX] HB.1 -> <BCAST>"
FF08,GWN,3,UNIFIED,"[AC] t=103 [HELLO_TX] bcast battery=100.0%"
FF08,GWN,3,UNIFIED,"t=104 [PHY] Neighbour count: 16->17"
FF08,GWN,3,UNIFIED,"t=105 [PHY] Neighbor count=17"
FF08,GWN,3,UNIFIED,"[AC] t=108 [HELLO_TX] bcast battery=100.0%"
FF08,GWN,3,UNIFIED,"[BB] t=110 [TX] HB.1 -> <BCAST>"
FF08,GWN,3,UNIFIED,"[BB] t=117 [TX] HB.1 -> <BCAST>"
FF08,GWN,3,UNIFIED,"[AC] t=118 [HELLO_TX] bcast battery=100.0%"
FF08,GWN,3,UNIFIED,"[BB] t=124 [TX] HB.1 -> <BCAST>"
FF08,GWN,3,UNIFIED,"[AC] t=126 [HELLO_TX] bcast battery=100.0%"
FF08,GWN,3,UNIFIED,"[BB] t=131 [TX] HB.1 -> <BCAST>"
FF08,GWN,3,UNIFIED,"[AC] t=131 [HELLO_TX] bcast battery=100.0%"
FF08,GWN,3,UNIFIED,"[AC] t=137 [HELLO_TX] bcast battery=100.0%"
FF08,GWN,3,UNIFIED,"[BB] t=138 [TX] HB.1 -> <BCAST>"
FF08,GWN,3,UNIFIED,"[AC] t=141 [HELLO_TX] bcast battery=100.0%"
FF08,GWN,3,UNIFIED,"[BB] t=145 [TX] HB.1 -> <BCAST>"
FF08,GWN,3,UNIFIED,"[AC] t=150 [HELLO_TX] bcast battery=100.0%"
FF08,GWN,3,UNIFIED,"[BB] t=152 [TX] HB.1 -> <BCAST>"
FF08,GWN,3,UNIFIED,"[AC] t=154 [HELLO_TX] bcast battery=100.0%"
FF08,GWN,3,UNIFIED,"[BB] t=159 [TX] HB.1 -> <BCAST>"
FF08,GWN,3,UNIFIED,"t=162 [PHY] Neighbour count: 17->18"
FF08,GWN,3,UNIFIED,"t=163 [PHY] Neighbor count=18"
FF08,GWN,3,UNIFIED,"[AC] t=164 [HELLO_TX] bcast battery=100.0%"
FF08,GWN,3,UNIFIED,"[BB] t=166 [TX] HB.1 -> <BCAST>"
FF08,GWN,3,UNIFIED,"[BB] t=173 [TX] HB.1 -> <BCAST>"
FF08,GWN,3,UNIFIED,"[AC] t=174 [HELLO_TX] bcast battery=100.0%"
FF08,GWN,3,UNIFIED,"[BB] t=180 [TX] HB.1 -> <BCAST>"
FF08,GWN,3,UNIFIED,"[AC] t=183 [HELLO_TX] bcast battery=100.0%"
FF08,GWN,3,UNIFIED,"[BB] t=187 [TX] HB.1 -> <BCAST>"
FF08,GWN,3,UNIFIED,"[AC] t=192 [HELLO_TX] bcast battery=100.0%"
FF08,GWN,3,UNIFIED,"[BB] t=194 [TX] HB.1 -> <BCAST>"
FF08,GWN,3,UNIFIED,"[AC] t=198 [HELLO_TX] bcast battery=100.0%"
FF08,GWN,3,UNIFIED,"[BB] t=201 [TX] HB.1 -> <BCAST>"
FF08,GWN,3,UNIFIED,"[AC] t=207 [HELLO_TX] bcast battery=100.0%"
FF08,GWN,3,UNIFIED,"[BB] t=208 [TX] HB.1 -> <BCAST>"
FF08,GWN,3,UNIFIED,"[BB] t=215 [TX] HB.1 -> <BCAST>"
FF08,GWN,3,UNIFIED,"[AC] t=215 [HELLO_TX] bcast battery=100.0%"
FF08,GWN,3,UNIFIED,"[BB] t=222 [TX] HB.1 -> <BCAST>"
FF08,GWN,3,UNIFIED,"[AC] t=223 [HELLO_TX] bcast battery=100.0%"
FF08,GWN,3,UNIFIED,"[AC] t=227 [HELLO_TX] bcast battery=100.0%"
FF08,GWN,3,UNIFIED,"[BB] t=229 [TX] HB.1 -> <BCAST>"
FF08,GWN,3,UNIFIED,"[AC] t=233 [HELLO_TX] bcast battery=100.0%"
FF08,GWN,3,UNIFIED,"[BB] t=236 [TX] HB.1 -> <BCAST>"
FF08,GWN,3,UNIFIED,"[AC] t=240 [HELLO_TX] bcast battery=100.0%"
FF08,GWN,3,UNIFIED,"[BB] t=243 [TX] HB.1 -> <BCAST>"
FF08,GWN,3,UNIFIED,"[AC] t=248 [HELLO_TX] bcast battery=100.0%"
FF09,GWN,3,BACKBONE,"t=4 [PHY] Neighbour count: 3->4"
FF09,GWN,3,BACKBONE,"t=6 [TX] HB.0 -> <BCAST>"
FF09,GWN,3,BACKBONE,"t=6 [PHY] Neighbour count: 5->6"
FF09,GWN,3,BACKBONE,"t=8 [PHY] Neighbour count: 6->7"
FF09,GWN,3,BACKBONE,"t=9 [PHY] Neighbour count: 7->8"
FF09,GWN,3,BACKBONE,"t=12 [PHY] Neighbour count: 8->9"
FF09,GWN,3,BACKBONE,"t=13 [TX] HB.0 -> <BCAST>"
FF09,GWN,3,BACKBONE,"t=14 [PHY] Neighbour count: 9->10"
FF09,GWN,3,BACKBONE,"t=15 [PHY] Neighbour count: 10->11"
FF09,GWN,3,BACKBONE,"t=20 [TX] HB.0 -> <BCAST>"
FF09,GWN,3,BACKBONE,"t=22 [PHY] Neighbour count: 11->12"
FF09,GWN,3,BACKBONE,"t=23 [PHY] Neighbour count: 12->13"
FF09,GWN,3,BACKBONE,"t=24 [PHY] Neighbour count: 13->14"
FF09,GWN,3,BACKBONE,"t=27 [TX] HB.1 -> <BCAST>"
FF09,GWN,3,BACKBONE,"t=34 [TX] HB.1 -> <BCAST>"
FF09,GWN,3,BACKBONE,"t=36 [PHY] Neighbour count: 15->16"
FF09,GWN,3,BACKBONE,"t=41 [TX] HB.1 -> <BCAST>"
FF09,GWN,3,BACKBONE,"t=48 [TX] HB.1 -> <BCAST>"
FF09,GWN,3,BACKBONE,"t=55 [TX] HB.1 -> <BCAST>"
FF09,GWN,3,BACKBONE,"t=62 [TX] HB.1 -> <BCAST>"
FF09,GWN,3,BACKBONE,"t=64 [RX] CMD.0 <- FF02 RSSI=67.6"
FF09,GWN,3,BACKBONE,"t=64 [TX] CMD.1 -> FF02"
FF09,GWN,3,BACKBONE,"t=64 [TX] CMD.1 -> FF02"
FF09,GWN,3,BACKBONE,"t=64 [STATE] DISCOVERY -> HANDSHAKE"
FF09,GWN,3,BACKBONE,"[LOCK][SET] partner=FF02 timeout=6"
FF09,GWN,3,BACKBONE,"t=64 [HANDSHAKE] Lock set with FF02 (timer=6)"
FF09,GWN,3,BACKBONE,"t=68 [RX] CMD.2 <- FF02 RSSI=67.6"
FF09,GWN,3,BACKBONE,"[LOCK][REFRESH] partner=FF02 timeout=6"
FF09,GWN,3,BACKBONE,"[LOCK][SET] partner=FF02 timeout=6"
FF09,GWN,3,BACKBONE,"t=68 [PARENT] Set parent -> FF02"
FF09,GWN,3,BACKBONE,"t=69 [RX] CMD.4 <- FF02 RSSI=67.6"
FF09,GWN,3,BACKBONE,"[LOCK][REFRESH] partner=FF02 timeout=6"
FF09,GWN,3,BACKBONE,"t=69 [PHASE] Inherited phaseOffset=1 from parent FF02"
FF09,GWN,3,BACKBONE,"t=69 [ENC_HELLO] TX: gwCh=0; chCh=0; secCh=0; sn=0 (encrypted)"
FF09,GWN,3,BACKBONE,"t=69 [TX] CMD.5 -> FF02"
FF09,GWN,3,BACKBONE,"[LOCK][CLEAR][ENC_HELLO_TX] partner=FF02"
FF09,GWN,3,BACKBONE,"t=69 [HANDSHAKE] Lock cleared (was with FF02)"
FF09,GWN,3,BACKBONE,"[LOCK][SET] partner=FF06 timeout=6"
FF09,GWN,3,BACKBONE,"t=73 [HANDSHAKE] Lock set with FF06 (timer=6)"
FF09,GWN,3,BACKBONE,"[LOCK][SET] partner=FF06 timeout=6"
FF09,GWN,3,BACKBONE,"t=73 [TX] CMD.0 -> FF06"
FF09,GWN,3,BACKBONE,"t=79 [ENC_HELLO] TX: gwCh=0; chCh=0; secCh=0; sn=0 (encrypted)"
FF09,GWN,3,BACKBONE,"t=79 [ENC_HELLO] Retry 1/3 sent (next at t=99)"
FF09,GWN,3,BACKBONE,"[LOCK][CLEAR] partner=FF06"
FF09,GWN,3,BACKBONE,"[LOCK][SET] partner=FF06 timeout=6"
FF09,GWN,3,BACKBONE,"t=80 [HANDSHAKE] Lock set with FF06 (timer=6)"
FF09,GWN,3,BACKBONE,"[LOCK][SET] partner=FF06 timeout=6"
FF09,GWN,3,BACKBONE,"t=80 [TX] CMD.0 -> FF06"
FF09,GWN,3,BACKBONE,"t=82 [RX] CMD.1 <- FF06 RSSI=0.1"
FF09,GWN,3,BACKBONE,"[LOCK][REFRESH] partner=FF06 timeout=6"
FF09,GWN,3,BACKBONE,"t=82 [TX] CMD.2 -> FF06"
FF09,GWN,3,BACKBONE,"[LOCK][REFRESH] partner=FF06 timeout=6"
FF09,GWN,3,BACKBONE,"t=82 [HANDSHAKE] FF06 added to pendingChildren (awaiting ENC_HELLO)"
FF09,GWN,3,BACKBONE,"t=82 [TX] CMD.4 -> FF06"
FF09,GWN,3,BACKBONE,"t=82 [PHASE] Sending phaseOffset=0 to child FF06 (self=1)"
FF09,GWN,3,BACKBONE,"[LOCK][REFRESH] partner=FF06 timeout=6"
FF09,GWN,3,BACKBONE,"[LOCK][SET] partner=FF06 timeout=6"
FF09,GWN,3,BACKBONE,"t=88 [TX] CMD.3 -> FF06"
FF09,GWN,3,BACKBONE,"[LOCK][CLEAR] partner=FF06"
FF09,GWN,3,BACKBONE,"[LOCK][SET] partner=FF06 timeout=6"
FF09,GWN,3,BACKBONE,"t=89 [HANDSHAKE] Lock set with FF06 (timer=6)"
FF09,GWN,3,BACKBONE,"[LOCK][SET] partner=FF06 timeout=6"
FF09,GWN,3,BACKBONE,"t=89 [TX] CMD.0 -> FF06"
FF09,GWN,3,BACKBONE,"[LOCK][CLEAR] partner=FF06"
FF09,GWN,3,BACKBONE,"[LOCK][SET] partner=FF06 timeout=6"
FF09,GWN,3,BACKBONE,"t=96 [HANDSHAKE] Lock set with FF06 (timer=6)"
FF09,GWN,3,BACKBONE,"[LOCK][SET] partner=FF06 timeout=6"
FF09,GWN,3,BACKBONE,"t=96 [TX] CMD.0 -> FF06"
FF09,GWN,3,BACKBONE,"t=99 [ENC_HELLO] TX: gwCh=0; chCh=0; secCh=0; sn=0 (encrypted)"
FF09,GWN,3,BACKBONE,"t=99 [ENC_HELLO] Retry 2/3 sent (next at t=139)"
FF09,GWN,3,BACKBONE,"[LOCK][CLEAR] partner=FF06"
FF09,GWN,3,BACKBONE,"t=136 [PHY] Neighbour count: 17->18"
FF09,GWN,3,BACKBONE,"t=139 [ENC_HELLO] TX: gwCh=0; chCh=0; secCh=0; sn=0 (encrypted)"
FF09,GWN,3,BACKBONE,"t=139 [ENC_HELLO] Retry 3/3 sent (next at t=219)"
FF09,GWN,3,BACKBONE,"t=168 [PHY] Neighbour count: 18->19"
FF09,GWN,3,BACKBONE,"t=200 [PHASE_RX] Listening (Q_fwd=0; Q_local=0)"
FF09,GWN,3,BACKBONE,"t=201 [PHASE_TX] IDLE (queues empty)"
FF09,GWN,3,BACKBONE,"t=202 [PHASE_TX] IDLE (queues empty)"
FF09,GWN,3,BACKBONE,"t=203 [PHASE_TX] IDLE (queues empty)"
FF09,GWN,3,BACKBONE,"t=204 [PHASE_RX] Listening (Q_fwd=0; Q_local=0)"
FF09,GWN,3,BACKBONE,"t=205 [PHASE_RX] Listening (Q_fwd=0; Q_local=0)"
FF09,GWN,3,BACKBONE,"t=206 [PHASE_RX] Listening (Q_fwd=0; Q_local=0)"
FF09,GWN,3,BACKBONE,"t=207 [PHASE_TX] IDLE (queues empty)"
FF09,GWN,3,BACKBONE,"t=208 [PHASE_TX] IDLE (queues empty)"
FF09,GWN,3,BACKBONE,"t=209 [PHASE_TX] IDLE (queues empty)"
FF09,GWN,3,BACKBONE,"t=210 [PHASE_RX] Listening (Q_fwd=0; Q_local=0)"
FF09,GWN,3,BACKBONE,"t=211 [PHASE_RX] Listening (Q_fwd=0; Q_local=0)"
FF09,GWN,3,BACKBONE,"t=212 [PHASE_RX] Listening (Q_fwd=0; Q_local=0)"
FF09,GWN,3,BACKBONE,"t=213 [PHASE_TX] IDLE (queues empty)"
FF09,GWN,3,BACKBONE,"t=214 [PHASE_TX] IDLE (queues empty)"
FF09,GWN,3,BACKBONE,"t=215 [PHASE_TX] IDLE (queues empty)"
FF09,GWN,3,BACKBONE,"t=216 [PHASE_RX] Listening (Q_fwd=0; Q_local=0)"
FF09,GWN,3,BACKBONE,"t=217 [PHASE_RX] Listening (Q_fwd=0; Q_local=0)"
FF09,GWN,3,BACKBONE,"t=218 [PHASE_RX] Listening (Q_fwd=0; Q_local=0)"
FF09,GWN,3,BACKBONE,"t=219 [ENC_HELLO] TX: gwCh=0; chCh=0; secCh=0; sn=0 (encrypted)"
FF09,GWN,3,BACKBONE,"t=219 [ENC_HELLO] Registry refresh #1 sent (next at t=299)"
FF09,GWN,3,BACKBONE,"t=219 [PHASE_TX] IDLE (queues empty)"
FF09,GWN,3,BACKBONE,"t=220 [PHASE_TX] IDLE (queues empty)"
FF09,GWN,3,BACKBONE,"t=221 [PHASE_TX] IDLE (queues empty)"
FF09,GWN,3,BACKBONE,"t=222 [PHASE_RX] Listening (Q_fwd=0; Q_local=0)"
FF09,GWN,3,BACKBONE,"t=223 [PHASE_RX] Listening (Q_fwd=0; Q_local=0)"
FF09,GWN,3,BACKBONE,"t=224 [PHASE_RX] Listening (Q_fwd=0; Q_local=0)"
FF09,GWN,3,BACKBONE,"t=225 [PHASE_TX] IDLE (queues empty)"
FF09,GWN,3,BACKBONE,"t=226 [PHASE_TX] IDLE (queues empty)"
FF09,GWN,3,BACKBONE,"t=227 [PHASE_TX] IDLE (queues empty)"
FF09,GWN,3,BACKBONE,"t=228 [PHASE_RX] Listening (Q_fwd=0; Q_local=0)"
FF09,GWN,3,BACKBONE,"t=229 [PHASE_RX] Listening (Q_fwd=0; Q_local=0)"
FF09,GWN,3,BACKBONE,"t=230 [PHASE_RX] Listening (Q_fwd=0; Q_local=0)"
FF09,GWN,3,BACKBONE,"t=231 [PHASE_TX] IDLE (queues empty)"
FF09,GWN,3,BACKBONE,"t=232 [PHASE_TX] IDLE (queues empty)"
FF09,GWN,3,BACKBONE,"t=233 [PHASE_TX] IDLE (queues empty)"
FF09,GWN,3,BACKBONE,"t=234 [PHASE_RX] Listening (Q_fwd=0; Q_local=0)"
FF09,GWN,3,BACKBONE,"t=235 [PHASE_RX] Listening (Q_fwd=0; Q_local=0)"
FF09,GWN,3,BACKBONE,"t=236 [PHASE_RX] Listening (Q_fwd=0; Q_local=0)"
FF09,GWN,3,BACKBONE,"t=237 [PHASE_TX] IDLE (queues empty)"
FF09,GWN,3,BACKBONE,"t=238 [PHASE_TX] IDLE (queues empty)"
FF09,GWN,3,BACKBONE,"t=239 [PHASE_TX] IDLE (queues empty)"
FF09,GWN,3,BACKBONE,"t=240 [PHASE_RX] Listening (Q_fwd=0; Q_local=0)"
FF09,GWN,3,BACKBONE,"t=241 [PHASE_RX] Listening (Q_fwd=0; Q_local=0)"
FF09,GWN,3,BACKBONE,"t=242 [PHASE_RX] Listening (Q_fwd=0; Q_local=0)"
FF09,GWN,3,BACKBONE,"t=243 [PHASE_TX] IDLE (queues empty)"
FF09,GWN,3,BACKBONE,"t=244 [PHASE_TX] IDLE (queues empty)"
FF09,GWN,3,BACKBONE,"t=245 [PHASE_TX] IDLE (queues empty)"
FF09,GWN,3,BACKBONE,"t=246 [PHASE_RX] Listening (Q_fwd=0; Q_local=0)"
FF09,GWN,3,BACKBONE,"t=247 [PHASE_RX] Listening (Q_fwd=0; Q_local=0)"
FF09,GWN,3,BACKBONE,"t=248 [PHASE_RX] Listening (Q_fwd=0; Q_local=0)"
FF09,GWN,3,BACKBONE,"t=249 [PHASE_TX] IDLE (queues empty)"
FF09,GWN,3,ACCESS,"t=4 [PHY] Neighbour count: 3->4"
FF09,GWN,3,ACCESS,"t=6 [PHY] Neighbour count: 5->6"
FF09,GWN,3,ACCESS,"t=8 [HELLO_TX] bcast battery=100.0%"
FF09,GWN,3,ACCESS,"t=8 [PHY] Neighbour count: 6->7"
FF09,GWN,3,ACCESS,"t=9 [PHY] Neighbour count: 7->8"
FF09,GWN,3,ACCESS,"t=12 [PHY] Neighbour count: 8->9"
FF09,GWN,3,ACCESS,"t=14 [PHY] Neighbour count: 9->10"
FF09,GWN,3,ACCESS,"t=15 [PHY] Neighbour count: 10->11"
FF09,GWN,3,ACCESS,"t=16 [HELLO_TX] bcast battery=100.0%"
FF09,GWN,3,ACCESS,"t=21 [HELLO_TX] bcast battery=100.0%"
FF09,GWN,3,ACCESS,"t=22 [PHY] Neighbour count: 11->12"
FF09,GWN,3,ACCESS,"t=23 [PHY] Neighbour count: 12->13"
FF09,GWN,3,ACCESS,"t=24 [PHY] Neighbour count: 13->14"
FF09,GWN,3,ACCESS,"t=29 [HELLO_TX] bcast battery=100.0%"
FF09,GWN,3,ACCESS,"t=36 [PHY] Neighbour count: 15->16"
FF09,GWN,3,ACCESS,"t=37 [HELLO_TX] bcast battery=100.0%"
FF09,GWN,3,ACCESS,"t=46 [HELLO_TX] bcast battery=100.0%"
FF09,GWN,3,ACCESS,"t=52 [HELLO_TX] bcast battery=100.0%"
FF09,GWN,3,ACCESS,"t=59 [HELLO_TX] bcast battery=100.0%"
FF09,GWN,3,ACCESS,"t=66 [HELLO_TX] bcast battery=100.0%"
FF09,GWN,3,ACCESS,"t=72 [HELLO_TX] bcast battery=100.0%"
FF09,GWN,3,ACCESS,"t=77 [HELLO_TX] bcast battery=100.0%"
FF09,GWN,3,ACCESS,"t=87 [HELLO_TX] bcast battery=100.0%"
FF09,GWN,3,ACCESS,"t=95 [HELLO_TX] bcast battery=100.0%"
FF09,GWN,3,ACCESS,"t=101 [HELLO_TX] bcast battery=100.0%"
FF09,GWN,3,ACCESS,"t=105 [HELLO_TX] bcast battery=100.0%"
FF09,GWN,3,ACCESS,"t=111 [HELLO_TX] bcast battery=100.0%"
FF09,GWN,3,ACCESS,"t=116 [HELLO_TX] bcast battery=100.0%"
FF09,GWN,3,ACCESS,"t=126 [HELLO_TX] bcast battery=100.0%"
FF09,GWN,3,ACCESS,"t=134 [HELLO_TX] bcast battery=100.0%"
FF09,GWN,3,ACCESS,"t=136 [PHY] Neighbour count: 17->18"
FF09,GWN,3,ACCESS,"t=144 [HELLO_TX] bcast battery=100.0%"
FF09,GWN,3,ACCESS,"t=152 [HELLO_TX] bcast battery=100.0%"
FF09,GWN,3,ACCESS,"t=162 [HELLO_TX] bcast battery=100.0%"
FF09,GWN,3,ACCESS,"t=168 [PHY] Neighbour count: 18->19"
FF09,GWN,3,ACCESS,"t=171 [HELLO_TX] bcast battery=100.0%"
FF09,GWN,3,ACCESS,"t=181 [HELLO_TX] bcast battery=100.0%"
FF09,GWN,3,ACCESS,"t=186 [HELLO_TX] bcast battery=100.0%"
FF09,GWN,3,ACCESS,"t=190 [HELLO_TX] bcast battery=100.0%"
FF09,GWN,3,ACCESS,"t=196 [HELLO_TX] bcast battery=100.0%"
FF09,GWN,3,ACCESS,"t=201 [HELLO_TX] bcast battery=100.0%"
FF09,GWN,3,ACCESS,"t=207 [HELLO_TX] bcast battery=100.0%"
FF09,GWN,3,ACCESS,"t=214 [HELLO_TX] bcast battery=100.0%"
FF09,GWN,3,ACCESS,"t=218 [RX] CH_CMD.0 <- AA02"
FF09,GWN,3,ACCESS,"[LOCK][SET] partner=AA02 timeout=4"
FF09,GWN,3,ACCESS,"t=218 [CH_ACK] -> AA02 (sending key)"
FF09,GWN,3,ACCESS,"t=222 [TIMEOUT] Sent CH_REJECT to orphaned AA02"
FF09,GWN,3,ACCESS,"[LOCK][TIMEOUT] partner=AA02"
FF09,GWN,3,ACCESS,"t=224 [HELLO_TX] bcast battery=100.0%"
FF09,GWN,3,ACCESS,"t=234 [HELLO_TX] bcast battery=100.0%"
FF09,GWN,3,ACCESS,"t=243 [HELLO_TX] bcast battery=100.0%"
FF09,GWN,3,ACCESS,"t=249 [HELLO_TX] bcast battery=100.0%"
FF09,GWN,3,UNIFIED,"t=2 [PHY] Neighbor count=1"
FF09,GWN,3,UNIFIED,"t=3 [PHY] Neighbor count=2"
FF09,GWN,3,UNIFIED,"t=4 [PHY] Neighbor count=3"
FF09,GWN,3,UNIFIED,"t=4 [PHY] Neighbour count: 3->4"
FF09,GWN,3,UNIFIED,"t=5 [PHY] Neighbor count=4"
FF09,GWN,3,UNIFIED,"t=6 [PHY] Neighbor count=5"
FF09,GWN,3,UNIFIED,"[BB] t=6 [TX] HB.0 -> <BCAST>"
FF09,GWN,3,UNIFIED,"t=6 [PHY] Neighbour count: 5->6"
FF09,GWN,3,UNIFIED,"t=7 [PHY] Neighbor count=6"
FF09,GWN,3,UNIFIED,"[AC] t=8 [HELLO_TX] bcast battery=100.0%"
FF09,GWN,3,UNIFIED,"t=8 [PHY] Neighbour count: 6->7"
FF09,GWN,3,UNIFIED,"t=9 [PHY] Neighbor count=7"
FF09,GWN,3,UNIFIED,"t=9 [PHY] Neighbour count: 7->8"
FF09,GWN,3,UNIFIED,"t=10 [PHY] Neighbor count=8"
FF09,GWN,3,UNIFIED,"t=12 [PHY] Neighbour count: 8->9"
FF09,GWN,3,UNIFIED,"t=13 [PHY] Neighbor count=9"
FF09,GWN,3,UNIFIED,"[BB] t=13 [TX] HB.0 -> <BCAST>"
FF09,GWN,3,UNIFIED,"t=14 [PHY] Neighbour count: 9->10"
FF09,GWN,3,UNIFIED,"t=15 [PHY] Neighbor count=10"
FF09,GWN,3,UNIFIED,"t=15 [PHY] Neighbour count: 10->11"
FF09,GWN,3,UNIFIED,"t=16 [PHY] Neighbor count=11"
FF09,GWN,3,UNIFIED,"[AC] t=16 [HELLO_TX] bcast battery=100.0%"
FF09,GWN,3,UNIFIED,"[BB] t=20 [TX] HB.0 -> <BCAST>"
FF09,GWN,3,UNIFIED,"[AC] t=21 [HELLO_TX] bcast battery=100.0%"
FF09,GWN,3,UNIFIED,"t=22 [STATE] BOOT→DISCOVERY (neighbors=11)"
FF09,GWN,3,UNIFIED,"t=22 [PHY] Neighbour count: 11->12"
FF09,GWN,3,UNIFIED,"t=23 [PHY] Neighbor count=12"
FF09,GWN,3,UNIFIED,"t=23 [PHY] Neighbour count: 12->13"
FF09,GWN,3,UNIFIED,"t=24 [PHY] Neighbor count=13"
FF09,GWN,3,UNIFIED,"t=24 [PHY] Neighbour count: 13->14"
FF09,GWN,3,UNIFIED,"t=25 [PHY] Neighbor count=14"
FF09,GWN,3,UNIFIED,"[BB] t=27 [TX] HB.1 -> <BCAST>"
FF09,GWN,3,UNIFIED,"t=28 [PHY] Neighbor count=15"
FF09,GWN,3,UNIFIED,"[AC] t=29 [HELLO_TX] bcast battery=100.0%"
FF09,GWN,3,UNIFIED,"[BB] t=34 [TX] HB.1 -> <BCAST>"
FF09,GWN,3,UNIFIED,"t=36 [PHY] Neighbour count: 15->16"
FF09,GWN,3,UNIFIED,"t=37 [PHY] Neighbor count=16"
FF09,GWN,3,UNIFIED,"[AC] t=37 [HELLO_TX] bcast battery=100.0%"
FF09,GWN,3,UNIFIED,"[BB] t=41 [TX] HB.1 -> <BCAST>"
FF09,GWN,3,UNIFIED,"t=46 [PHY] Neighbor count=17"
FF09,GWN,3,UNIFIED,"[AC] t=46 [HELLO_TX] bcast battery=100.0%"
FF09,GWN,3,UNIFIED,"[BB] t=48 [TX] HB.1 -> <BCAST>"
FF09,GWN,3,UNIFIED,"[AC] t=52 [HELLO_TX] bcast battery=100.0%"
FF09,GWN,3,UNIFIED,"[BB] t=55 [TX] HB.1 -> <BCAST>"
FF09,GWN,3,UNIFIED,"[AC] t=59 [HELLO_TX] bcast battery=100.0%"
FF09,GWN,3,UNIFIED,"[BB] t=62 [TX] HB.1 -> <BCAST>"
FF09,GWN,3,UNIFIED,"[BB] t=64 [RX] CMD.0 <- FF02 RSSI=67.6"
FF09,GWN,3,UNIFIED,"[BB] t=64 [TX] CMD.1 -> FF02"
FF09,GWN,3,UNIFIED,"[BB] t=64 [TX] CMD.1 -> FF02"
FF09,GWN,3,UNIFIED,"[BB] t=64 [STATE] DISCOVERY -> HANDSHAKE"
FF09,GWN,3,UNIFIED,"[BB] [LOCK][SET] partner=FF02 timeout=6"
FF09,GWN,3,UNIFIED,"[BB] t=64 [HANDSHAKE] Lock set with FF02 (timer=6)"
FF09,GWN,3,UNIFIED,"[AC] t=66 [HELLO_TX] bcast battery=100.0%"
FF09,GWN,3,UNIFIED,"[BB] t=68 [RX] CMD.2 <- FF02 RSSI=67.6"
FF09,GWN,3,UNIFIED,"[BB] [LOCK][REFRESH] partner=FF02 timeout=6"
FF09,GWN,3,UNIFIED,"[BB] [LOCK][SET] partner=FF02 timeout=6"
FF09,GWN,3,UNIFIED,"[BB] t=68 [PARENT] Set parent -> FF02"
FF09,GWN,3,UNIFIED,"[BB] t=69 [RX] CMD.4 <- FF02 RSSI=67.6"
FF09,GWN,3,UNIFIED,"[BB] [LOCK][REFRESH] partner=FF02 timeout=6"
FF09,GWN,3,UNIFIED,"[BB] t=69 [PHASE] Inherited phaseOffset=1 from parent FF02"
FF09,GWN,3,UNIFIED,"[BB] t=69 [ENC_HELLO] TX: gwCh=0; chCh=0; secCh=0; sn=0 (encrypted)"
FF09,GWN,3,UNIFIED,"[BB] t=69 [TX] CMD.5 -> FF02"
FF09,GWN,3,UNIFIED,"[BB] [LOCK][CLEAR][ENC_HELLO_TX] partner=FF02"
FF09,GWN,3,UNIFIED,"[BB] t=69 [HANDSHAKE] Lock cleared (was with FF02)"
FF09,GWN,3,UNIFIED,"[AC] t=72 [HELLO_TX] bcast battery=100.0%"
FF09,GWN,3,UNIFIED,"t=73 [RECRUIT] INIT(1/4) -> FF06"
FF09,GWN,3,UNIFIED,"[BB] [LOCK][SET] partner=FF06 timeout=6"
FF09,GWN,3,UNIFIED,"[BB] t=73 [HANDSHAKE] Lock set with FF06 (timer=6)"
FF09,GWN,3,UNIFIED,"[BB] [LOCK][SET] partner=FF06 timeout=6"
FF09,GWN,3,UNIFIED,"[BB] t=73 [TX] CMD.0 -> FF06"
FF09,GWN,3,UNIFIED,"[AC] t=77 [HELLO_TX] bcast battery=100.0%"
FF09,GWN,3,UNIFIED,"[BB] t=79 [ENC_HELLO] TX: gwCh=0; chCh=0; secCh=0; sn=0 (encrypted)"
FF09,GWN,3,UNIFIED,"[BB] t=79 [ENC_HELLO] Retry 1/3 sent (next at t=99)"
FF09,GWN,3,UNIFIED,"t=79 [TIMEOUT] Attempt 1/4 for FF06 - will retry"
FF09,GWN,3,UNIFIED,"[BB] [LOCK][CLEAR] partner=FF06"
FF09,GWN,3,UNIFIED,"t=80 [RECRUIT] INIT(2/4) -> FF06"
FF09,GWN,3,UNIFIED,"[BB] [LOCK][SET] partner=FF06 timeout=6"
FF09,GWN,3,UNIFIED,"[BB] t=80 [HANDSHAKE] Lock set with FF06 (timer=6)"
FF09,GWN,3,UNIFIED,"[BB] [LOCK][SET] partner=FF06 timeout=6"
FF09,GWN,3,UNIFIED,"[BB] t=80 [TX] CMD.0 -> FF06"
FF09,GWN,3,UNIFIED,"[BB] t=82 [RX] CMD.1 <- FF06 RSSI=0.1"
FF09,GWN,3,UNIFIED,"[BB] [LOCK][REFRESH] partner=FF06 timeout=6"
FF09,GWN,3,UNIFIED,"[BB] t=82 [TX] CMD.2 -> FF06"
FF09,GWN,3,UNIFIED,"[BB] [LOCK][REFRESH] partner=FF06 timeout=6"
FF09,GWN,3,UNIFIED,"[BB] t=82 [HANDSHAKE] FF06 added to pendingChildren (awaiting ENC_HELLO)"
FF09,GWN,3,UNIFIED,"[BB] t=82 [TX] CMD.4 -> FF06"
FF09,GWN,3,UNIFIED,"[BB] t=82 [PHASE] Sending phaseOffset=0 to child FF06 (self=1)"
FF09,GWN,3,UNIFIED,"[BB] [LOCK][REFRESH] partner=FF06 timeout=6"
FF09,GWN,3,UNIFIED,"[BB] [LOCK][SET] partner=FF06 timeout=6"
FF09,GWN,3,UNIFIED,"[AC] t=87 [HELLO_TX] bcast battery=100.0%"
FF09,GWN,3,UNIFIED,"t=88 [TIMEOUT] Purged FF06 from pendingChildren"
FF09,GWN,3,UNIFIED,"[BB] t=88 [TX] CMD.3 -> FF06"
FF09,GWN,3,UNIFIED,"t=88 [TIMEOUT] Sent PARENT_REJECT to pending FF06"
FF09,GWN,3,UNIFIED,"t=88 [TIMEOUT] Attempt 2/4 for FF06 - will retry"
FF09,GWN,3,UNIFIED,"[BB] [LOCK][CLEAR] partner=FF06"
FF09,GWN,3,UNIFIED,"t=89 [RECRUIT] INIT(3/4) -> FF06"
FF09,GWN,3,UNIFIED,"[BB] [LOCK][SET] partner=FF06 timeout=6"
FF09,GWN,3,UNIFIED,"[BB] t=89 [HANDSHAKE] Lock set with FF06 (timer=6)"
FF09,GWN,3,UNIFIED,"[BB] [LOCK][SET] partner=FF06 timeout=6"
FF09,GWN,3,UNIFIED,"[BB] t=89 [TX] CMD.0 -> FF06"
FF09,GWN,3,UNIFIED,"t=95 [TIMEOUT] Attempt 3/4 for FF06 - will retry"
FF09,GWN,3,UNIFIED,"[BB] [LOCK][CLEAR] partner=FF06"
FF09,GWN,3,UNIFIED,"[AC] t=95 [HELLO_TX] bcast battery=100.0%"
FF09,GWN,3,UNIFIED,"t=96 [RECRUIT] INIT(4/4) -> FF06"
FF09,GWN,3,UNIFIED,"[BB] [LOCK][SET] partner=FF06 timeout=6"
FF09,GWN,3,UNIFIED,"[BB] t=96 [HANDSHAKE] Lock set with FF06 (timer=6)"
FF09,GWN,3,UNIFIED,"[BB] [LOCK][SET] partner=FF06 timeout=6"
FF09,GWN,3,UNIFIED,"[BB] t=96 [TX] CMD.0 -> FF06"
FF09,GWN,3,UNIFIED,"[BB] t=99 [ENC_HELLO] TX: gwCh=0; chCh=0; secCh=0; sn=0 (encrypted)"
FF09,GWN,3,UNIFIED,"[BB] t=99 [ENC_HELLO] Retry 2/3 sent (next at t=139)"
FF09,GWN,3,UNIFIED,"[AC] t=101 [HELLO_TX] bcast battery=100.0%"
FF09,GWN,3,UNIFIED,"t=102 [TIMEOUT] Will exhaust 4 retries for FF06 - REJECTED"
FF09,GWN,3,UNIFIED,"[BB] [LOCK][CLEAR] partner=FF06"
FF09,GWN,3,UNIFIED,"[AC] t=105 [HELLO_TX] bcast battery=100.0%"
FF09,GWN,3,UNIFIED,"[AC] t=111 [HELLO_TX] bcast battery=100.0%"
FF09,GWN,3,UNIFIED,"[AC] t=116 [HELLO_TX] bcast battery=100.0%"
FF09,GWN,3,UNIFIED,"[AC] t=126 [HELLO_TX] bcast battery=100.0%"
FF09,GWN,3,UNIFIED,"[AC] t=134 [HELLO_TX] bcast battery=100.0%"
FF09,GWN,3,UNIFIED,"t=136 [PHY] Neighbour count: 17->18"
FF09,GWN,3,UNIFIED,"t=137 [PHY] Neighbor count=18"
FF09,GWN,3,UNIFIED,"[BB] t=139 [ENC_HELLO] TX: gwCh=0; chCh=0; secCh=0; sn=0 (encrypted)"
FF09,GWN,3,UNIFIED,"[BB] t=139 [ENC_HELLO] Retry 3/3 sent (next at t=219)"
FF09,GWN,3,UNIFIED,"[AC] t=144 [HELLO_TX] bcast battery=100.0%"
FF09,GWN,3,UNIFIED,"[AC] t=152 [HELLO_TX] bcast battery=100.0%"
FF09,GWN,3,UNIFIED,"[AC] t=162 [HELLO_TX] bcast battery=100.0%"
FF09,GWN,3,UNIFIED,"t=168 [PHY] Neighbour count: 18->19"
FF09,GWN,3,UNIFIED,"t=169 [PHY] Neighbor count=19"
FF09,GWN,3,UNIFIED,"[AC] t=171 [HELLO_TX] bcast battery=100.0%"
FF09,GWN,3,UNIFIED,"[AC] t=181 [HELLO_TX] bcast battery=100.0%"
FF09,GWN,3,UNIFIED,"[AC] t=186 [HELLO_TX] bcast battery=100.0%"
FF09,GWN,3,UNIFIED,"[AC] t=190 [HELLO_TX] bcast battery=100.0%"
FF09,GWN,3,UNIFIED,"[AC] t=196 [HELLO_TX] bcast battery=100.0%"
FF09,GWN,3,UNIFIED,"[BB] t=200 [PHASE_RX] Listening (Q_fwd=0; Q_local=0)"
FF09,GWN,3,UNIFIED,"[BB] t=201 [PHASE_TX] IDLE (queues empty)"
FF09,GWN,3,UNIFIED,"[AC] t=201 [HELLO_TX] bcast battery=100.0%"
FF09,GWN,3,UNIFIED,"[BB] t=202 [PHASE_TX] IDLE (queues empty)"
FF09,GWN,3,UNIFIED,"[BB] t=203 [PHASE_TX] IDLE (queues empty)"
FF09,GWN,3,UNIFIED,"[BB] t=204 [PHASE_RX] Listening (Q_fwd=0; Q_local=0)"
FF09,GWN,3,UNIFIED,"[BB] t=205 [PHASE_RX] Listening (Q_fwd=0; Q_local=0)"
FF09,GWN,3,UNIFIED,"[BB] t=206 [PHASE_RX] Listening (Q_fwd=0; Q_local=0)"
FF09,GWN,3,UNIFIED,"[BB] t=207 [PHASE_TX] IDLE (queues empty)"
FF09,GWN,3,UNIFIED,"[AC] t=207 [HELLO_TX] bcast battery=100.0%"
FF09,GWN,3,UNIFIED,"[BB] t=208 [PHASE_TX] IDLE (queues empty)"
FF09,GWN,3,UNIFIED,"[BB] t=209 [PHASE_TX] IDLE (queues empty)"
FF09,GWN,3,UNIFIED,"[BB] t=210 [PHASE_RX] Listening (Q_fwd=0; Q_local=0)"
FF09,GWN,3,UNIFIED,"[BB] t=211 [PHASE_RX] Listening (Q_fwd=0; Q_local=0)"
FF09,GWN,3,UNIFIED,"[BB] t=212 [PHASE_RX] Listening (Q_fwd=0; Q_local=0)"
FF09,GWN,3,UNIFIED,"[BB] t=213 [PHASE_TX] IDLE (queues empty)"
FF09,GWN,3,UNIFIED,"[BB] t=214 [PHASE_TX] IDLE (queues empty)"
FF09,GWN,3,UNIFIED,"[AC] t=214 [HELLO_TX] bcast battery=100.0%"
FF09,GWN,3,UNIFIED,"[BB] t=215 [PHASE_TX] IDLE (queues empty)"
FF09,GWN,3,UNIFIED,"[BB] t=216 [PHASE_RX] Listening (Q_fwd=0; Q_local=0)"
FF09,GWN,3,UNIFIED,"[BB] t=217 [PHASE_RX] Listening (Q_fwd=0; Q_local=0)"
FF09,GWN,3,UNIFIED,"[BB] t=218 [PHASE_RX] Listening (Q_fwd=0; Q_local=0)"
FF09,GWN,3,UNIFIED,"[AC] t=218 [RX] CH_CMD.0 <- AA02"
FF09,GWN,3,UNIFIED,"[AC] [LOCK][SET] partner=AA02 timeout=4"
FF09,GWN,3,UNIFIED,"[AC] t=218 [CH_ACK] -> AA02 (sending key)"
FF09,GWN,3,UNIFIED,"[BB] t=219 [ENC_HELLO] TX: gwCh=0; chCh=0; secCh=0; sn=0 (encrypted)"
FF09,GWN,3,UNIFIED,"[BB] t=219 [ENC_HELLO] Registry refresh #1 sent (next at t=299)"
FF09,GWN,3,UNIFIED,"[BB] t=219 [PHASE_TX] IDLE (queues empty)"
FF09,GWN,3,UNIFIED,"[BB] t=220 [PHASE_TX] IDLE (queues empty)"
FF09,GWN,3,UNIFIED,"[BB] t=221 [PHASE_TX] IDLE (queues empty)"
FF09,GWN,3,UNIFIED,"[AC] t=222 [TIMEOUT] Sent CH_REJECT to orphaned AA02"
FF09,GWN,3,UNIFIED,"[AC] [LOCK][TIMEOUT] partner=AA02"
FF09,GWN,3,UNIFIED,"[BB] t=222 [PHASE_RX] Listening (Q_fwd=0; Q_local=0)"
FF09,GWN,3,UNIFIED,"[BB] t=223 [PHASE_RX] Listening (Q_fwd=0; Q_local=0)"
FF09,GWN,3,UNIFIED,"[BB] t=224 [PHASE_RX] Listening (Q_fwd=0; Q_local=0)"
FF09,GWN,3,UNIFIED,"[AC] t=224 [HELLO_TX] bcast battery=100.0%"
FF09,GWN,3,UNIFIED,"[BB] t=225 [PHASE_TX] IDLE (queues empty)"
FF09,GWN,3,UNIFIED,"[BB] t=226 [PHASE_TX] IDLE (queues empty)"
FF09,GWN,3,UNIFIED,"[BB] t=227 [PHASE_TX] IDLE (queues empty)"
FF09,GWN,3,UNIFIED,"[BB] t=228 [PHASE_RX] Listening (Q_fwd=0; Q_local=0)"
FF09,GWN,3,UNIFIED,"[BB] t=229 [PHASE_RX] Listening (Q_fwd=0; Q_local=0)"
FF09,GWN,3,UNIFIED,"[BB] t=230 [PHASE_RX] Listening (Q_fwd=0; Q_local=0)"
FF09,GWN,3,UNIFIED,"[BB] t=231 [PHASE_TX] IDLE (queues empty)"
FF09,GWN,3,UNIFIED,"[BB] t=232 [PHASE_TX] IDLE (queues empty)"
FF09,GWN,3,UNIFIED,"[BB] t=233 [PHASE_TX] IDLE (queues empty)"
FF09,GWN,3,UNIFIED,"[BB] t=234 [PHASE_RX] Listening (Q_fwd=0; Q_local=0)"
FF09,GWN,3,UNIFIED,"[AC] t=234 [HELLO_TX] bcast battery=100.0%"
FF09,GWN,3,UNIFIED,"[BB] t=235 [PHASE_RX] Listening (Q_fwd=0; Q_local=0)"
FF09,GWN,3,UNIFIED,"[BB] t=236 [PHASE_RX] Listening (Q_fwd=0; Q_local=0)"
FF09,GWN,3,UNIFIED,"[BB] t=237 [PHASE_TX] IDLE (queues empty)"
FF09,GWN,3,UNIFIED,"[BB] t=238 [PHASE_TX] IDLE (queues empty)"
FF09,GWN,3,UNIFIED,"[BB] t=239 [PHASE_TX] IDLE (queues empty)"
FF09,GWN,3,UNIFIED,"[BB] t=240 [PHASE_RX] Listening (Q_fwd=0; Q_local=0)"
FF09,GWN,3,UNIFIED,"[BB] t=241 [PHASE_RX] Listening (Q_fwd=0; Q_local=0)"
FF09,GWN,3,UNIFIED,"[BB] t=242 [PHASE_RX] Listening (Q_fwd=0; Q_local=0)"
FF09,GWN,3,UNIFIED,"[BB] t=243 [PHASE_TX] IDLE (queues empty)"
FF09,GWN,3,UNIFIED,"[AC] t=243 [HELLO_TX] bcast battery=100.0%"
FF09,GWN,3,UNIFIED,"[BB] t=244 [PHASE_TX] IDLE (queues empty)"
FF09,GWN,3,UNIFIED,"[BB] t=245 [PHASE_TX] IDLE (queues empty)"
FF09,GWN,3,UNIFIED,"[BB] t=246 [PHASE_RX] Listening (Q_fwd=0; Q_local=0)"
FF09,GWN,3,UNIFIED,"[BB] t=247 [PHASE_RX] Listening (Q_fwd=0; Q_local=0)"
FF09,GWN,3,UNIFIED,"[BB] t=248 [PHASE_RX] Listening (Q_fwd=0; Q_local=0)"
FF09,GWN,3,UNIFIED,"[BB] t=249 [PHASE_TX] IDLE (queues empty)"
FF09,GWN,3,UNIFIED,"[AC] t=249 [HELLO_TX] bcast battery=100.0%"
FF0A,GWN,3,BACKBONE,"t=4 [PHY] Neighbour count: 2->3"
FF0A,GWN,3,BACKBONE,"t=7 [TX] HB.0 -> <BCAST>"
FF0A,GWN,3,BACKBONE,"t=7 [PHY] Neighbour count: 4->5"
FF0A,GWN,3,BACKBONE,"t=8 [PHY] Neighbour count: 5->6"
FF0A,GWN,3,BACKBONE,"t=9 [PHY] Neighbour count: 6->7"
FF0A,GWN,3,BACKBONE,"t=14 [TX] HB.0 -> <BCAST>"
FF0A,GWN,3,BACKBONE,"t=14 [PHY] Neighbour count: 7->8"
FF0A,GWN,3,BACKBONE,"t=19 [PHY] Neighbour count: 8->9"
FF0A,GWN,3,BACKBONE,"t=20 [PHY] Neighbour count: 9->10"
FF0A,GWN,3,BACKBONE,"t=21 [TX] HB.0 -> <BCAST>"
FF0A,GWN,3,BACKBONE,"t=21 [PHY] Neighbour count: 10->11"
FF0A,GWN,3,BACKBONE,"t=22 [RX] CMD.0 <- FF0B RSSI=6.0"
FF0A,GWN,3,BACKBONE,"t=22 [TX] CMD.1 -> FF0B"
FF0A,GWN,3,BACKBONE,"t=22 [TX] CMD.1 -> FF0B"
FF0A,GWN,3,BACKBONE,"t=22 [STATE] DISCOVERY -> HANDSHAKE"
FF0A,GWN,3,BACKBONE,"[LOCK][SET] partner=FF0B timeout=6"
FF0A,GWN,3,BACKBONE,"t=22 [HANDSHAKE] Lock set with FF0B (timer=6)"
FF0A,GWN,3,BACKBONE,"t=23 [PHY] Neighbour count: 11->12"
FF0A,GWN,3,BACKBONE,"t=25 [PHY] Neighbour count: 12->13"
FF0A,GWN,3,BACKBONE,"t=26 [RX] CMD.2 <- FF0B RSSI=6.0"
FF0A,GWN,3,BACKBONE,"[LOCK][REFRESH] partner=FF0B timeout=6"
FF0A,GWN,3,BACKBONE,"[LOCK][SET] partner=FF0B timeout=6"
FF0A,GWN,3,BACKBONE,"t=26 [PARENT] Set parent -> FF0B"
FF0A,GWN,3,BACKBONE,"t=27 [RX] CMD.4 <- FF0B RSSI=6.0"
FF0A,GWN,3,BACKBONE,"[LOCK][REFRESH] partner=FF0B timeout=6"
FF0A,GWN,3,BACKBONE,"t=27 [PHASE] Inherited phaseOffset=1 from parent FF0B"
FF0A,GWN,3,BACKBONE,"t=27 [ENC_HELLO] TX: gwCh=0; chCh=0; secCh=0; sn=0 (encrypted)"
FF0A,GWN,3,BACKBONE,"t=27 [TX] CMD.5 -> FF0B"
FF0A,GWN,3,BACKBONE,"[LOCK][CLEAR][ENC_HELLO_TX] partner=FF0B"
FF0A,GWN,3,BACKBONE,"t=27 [HANDSHAKE] Lock cleared (was with FF0B)"
FF0A,GWN,3,BACKBONE,"[LOCK][SET] partner=FF03 timeout=6"
FF0A,GWN,3,BACKBONE,"t=31 [HANDSHAKE] Lock set with FF03 (timer=6)"
FF0A,GWN,3,BACKBONE,"[LOCK][SET] partner=FF03 timeout=6"
FF0A,GWN,3,BACKBONE,"t=31 [TX] CMD.0 -> FF03"
FF0A,GWN,3,BACKBONE,"t=33 [RX] CMD.1 <- FF03 RSSI=1.1"
FF0A,GWN,3,BACKBONE,"[LOCK][REFRESH] partner=FF03 timeout=6"
FF0A,GWN,3,BACKBONE,"t=33 [TX] CMD.2 -> FF03"
FF0A,GWN,3,BACKBONE,"[LOCK][REFRESH] partner=FF03 timeout=6"
FF0A,GWN,3,BACKBONE,"t=33 [HANDSHAKE] FF03 added to pendingChildren (awaiting ENC_HELLO)"
FF0A,GWN,3,BACKBONE,"t=33 [TX] CMD.4 -> FF03"
FF0A,GWN,3,BACKBONE,"t=33 [PHASE] Sending phaseOffset=0 to child FF03 (self=1)"
FF0A,GWN,3,BACKBONE,"[LOCK][REFRESH] partner=FF03 timeout=6"
FF0A,GWN,3,BACKBONE,"[LOCK][SET] partner=FF03 timeout=6"
FF0A,GWN,3,BACKBONE,"t=36 [PHY] Neighbour count: 13->14"
FF0A,GWN,3,BACKBONE,"t=37 [ENC_HELLO] TX: gwCh=0; chCh=0; secCh=0; sn=0 (encrypted)"
FF0A,GWN,3,BACKBONE,"t=37 [ENC_HELLO] Retry 1/3 sent (next at t=57)"
FF0A,GWN,3,BACKBONE,"t=38 [RX] CMD.5 <- FF03 RSSI=1.1"
FF0A,GWN,3,BACKBONE,"t=38 [HANDSHAKE] FF03 promoted to children (ENC_HELLO received)"
FF0A,GWN,3,BACKBONE,"[LOCK][CLEAR][ENC_HELLO_RX] partner=FF03"
FF0A,GWN,3,BACKBONE,"t=38 [TX] CMD.5 -> FF0B"
FF0A,GWN,3,BACKBONE,"t=38 [HANDSHAKE] Lock cleared (was with FF03)"
FF0A,GWN,3,BACKBONE,"t=38 [RETRY] Reset retry state for FF03 (now child)"
FF0A,GWN,3,BACKBONE,"t=38 [STATE] HANDSHAKE -> SECURE"
FF0A,GWN,3,BACKBONE,"t=46 [RX_FWD] Encrypted CMD.5 from Child FF03 -> Queue for Parent FF0B"
FF0A,GWN,3,BACKBONE,"t=46 [Q_FWD] Queued CMD.5 (size=1/15)"
FF0A,GWN,3,BACKBONE,"t=57 [ENC_HELLO] TX: gwCh=1; chCh=0; secCh=0; sn=0 (encrypted)"
FF0A,GWN,3,BACKBONE,"t=57 [ENC_HELLO] Retry 2/3 sent (next at t=97)"
FF0A,GWN,3,BACKBONE,"t=66 [RX_FWD] Encrypted CMD.5 from Child FF03 -> Queue for Parent FF0B"
FF0A,GWN,3,BACKBONE,"t=66 [Q_FWD] Queued CMD.5 (size=2/15)"
FF0A,GWN,3,BACKBONE,"t=70 [TX] HB.3 -> FF00"
FF0A,GWN,3,BACKBONE,"t=73 [PHY] Neighbour count: 14->15"
FF0A,GWN,3,BACKBONE,"t=84 [PHY] Neighbour count: 15->16"
FF0A,GWN,3,BACKBONE,"t=97 [ENC_HELLO] TX: gwCh=1; chCh=0; secCh=0; sn=0 (encrypted)"
FF0A,GWN,3,BACKBONE,"t=97 [ENC_HELLO] Retry 3/3 sent (next at t=177)"
FF0A,GWN,3,BACKBONE,"t=106 [RX_FWD] Encrypted CMD.5 from Child FF03 -> Queue for Parent FF0B"
FF0A,GWN,3,BACKBONE,"t=106 [Q_FWD] Queued CMD.5 (size=3/15)"
FF0A,GWN,3,BACKBONE,"t=113 [PHY] Neighbour count: 16->17"
FF0A,GWN,3,BACKBONE,"t=177 [ENC_HELLO] TX: gwCh=1; chCh=0; secCh=0; sn=0 (encrypted)"
FF0A,GWN,3,BACKBONE,"t=177 [ENC_HELLO] Registry refresh #1 sent (next at t=257)"
FF0A,GWN,3,BACKBONE,"t=186 [RX_FWD] Encrypted CMD.5 from Child FF03 -> Queue for Parent FF0B"
FF0A,GWN,3,BACKBONE,"t=186 [Q_FWD] Queued CMD.5 (size=4/15)"
FF0A,GWN,3,BACKBONE,"t=200 [PHASE_RX] Listening (Q_fwd=4; Q_local=0)"
FF0A,GWN,3,BACKBONE,"t=201 [DEQUEUE] From Q_fwd (waited 155 TFs)"
FF0A,GWN,3,BACKBONE,"t=201 [PHASE_TX] Sent CMD.5 -> FF0B (Q_fwd=3; Q_local=0)"
FF0A,GWN,3,BACKBONE,"t=202 [DEQUEUE] From Q_fwd (waited 136 TFs)"
FF0A,GWN,3,BACKBONE,"t=202 [PHASE_TX] Sent CMD.5 -> FF0B (Q_fwd=2; Q_local=0)"
FF0A,GWN,3,BACKBONE,"t=203 [DEQUEUE] From Q_fwd (waited 97 TFs)"
FF0A,GWN,3,BACKBONE,"t=203 [PHASE_TX] Sent CMD.5 -> FF0B (Q_fwd=1; Q_local=0)"
FF0A,GWN,3,BACKBONE,"t=204 [PHASE_RX] Listening (Q_fwd=1; Q_local=0)"
FF0A,GWN,3,BACKBONE,"t=205 [PHASE_RX] Listening (Q_fwd=1; Q_local=0)"
FF0A,GWN,3,BACKBONE,"t=206 [PHASE_RX] Listening (Q_fwd=1; Q_local=0)"
FF0A,GWN,3,BACKBONE,"t=207 [DEQUEUE] From Q_fwd (waited 21 TFs)"
FF0A,GWN,3,BACKBONE,"t=207 [PHASE_TX] Sent CMD.5 -> FF0B (Q_fwd=0; Q_local=0)"
FF0A,GWN,3,BACKBONE,"t=208 [PHASE_TX] IDLE (queues empty)"
FF0A,GWN,3,BACKBONE,"t=209 [PHASE_TX] IDLE (queues empty)"
FF0A,GWN,3,BACKBONE,"t=210 [PHASE_RX] Listening (Q_fwd=0; Q_local=0)"
FF0A,GWN,3,BACKBONE,"t=211 [PHASE_RX] Listening (Q_fwd=0; Q_local=0)"
FF0A,GWN,3,BACKBONE,"t=212 [PHASE_RX] Listening (Q_fwd=0; Q_local=0)"
FF0A,GWN,3,BACKBONE,"t=213 [PHASE_TX] IDLE (queues empty)"
FF0A,GWN,3,BACKBONE,"t=214 [PHASE_TX] IDLE (queues empty)"
FF0A,GWN,3,BACKBONE,"t=215 [PHASE_TX] IDLE (queues empty)"
FF0A,GWN,3,BACKBONE,"t=215 [Q_LOCAL] Queued CH_HELLO.1 (size=1/15)"
FF0A,GWN,3,BACKBONE,"t=216 [PHASE_RX] Listening (Q_fwd=0; Q_local=1)"
FF0A,GWN,3,BACKBONE,"t=217 [PHASE_RX] Listening (Q_fwd=0; Q_local=1)"
FF0A,GWN,3,BACKBONE,"t=218 [PHASE_RX] Listening (Q_fwd=0; Q_local=1)"
FF0A,GWN,3,BACKBONE,"t=219 [DEQUEUE] From Q_local (waited 4 TFs)"
FF0A,GWN,3,BACKBONE,"t=219 [PHASE_TX] Sent CH_HELLO.1 -> FF0B (Q_fwd=0; Q_local=0)"
FF0A,GWN,3,BACKBONE,"t=220 [PHASE_TX] IDLE (queues empty)"
FF0A,GWN,3,BACKBONE,"t=221 [PHASE_TX] IDLE (queues empty)"
FF0A,GWN,3,BACKBONE,"t=222 [PHASE_RX] Listening (Q_fwd=0; Q_local=0)"
FF0A,GWN,3,BACKBONE,"t=223 [PHASE_RX] Listening (Q_fwd=0; Q_local=0)"
FF0A,GWN,3,BACKBONE,"t=224 [PHASE_RX] Listening (Q_fwd=0; Q_local=0)"
FF0A,GWN,3,BACKBONE,"t=225 [PHASE_TX] IDLE (queues empty)"
FF0A,GWN,3,BACKBONE,"t=226 [PHASE_TX] IDLE (queues empty)"
FF0A,GWN,3,BACKBONE,"t=227 [PHASE_TX] IDLE (queues empty)"
FF0A,GWN,3,BACKBONE,"t=227 [PHY] Neighbour count: 17->18"
FF0A,GWN,3,BACKBONE,"t=228 [PHASE_RX] Listening (Q_fwd=0; Q_local=0)"
FF0A,GWN,3,BACKBONE,"t=229 [PHASE_RX] Listening (Q_fwd=0; Q_local=0)"
FF0A,GWN,3,BACKBONE,"t=230 [PHASE_RX] Listening (Q_fwd=0; Q_local=0)"
FF0A,GWN,3,BACKBONE,"t=231 [PHASE_TX] IDLE (queues empty)"
FF0A,GWN,3,BACKBONE,"t=232 [PHASE_TX] IDLE (queues empty)"
FF0A,GWN,3,BACKBONE,"t=233 [PHASE_TX] IDLE (queues empty)"
FF0A,GWN,3,BACKBONE,"t=234 [PHASE_RX] Listening (Q_fwd=0; Q_local=0)"
FF0A,GWN,3,BACKBONE,"t=235 [PHASE_RX] Listening (Q_fwd=0; Q_local=0)"
FF0A,GWN,3,BACKBONE,"t=236 [PHASE_RX] Listening (Q_fwd=0; Q_local=0)"
FF0A,GWN,3,BACKBONE,"t=237 [PHASE_TX] IDLE (queues empty)"
FF0A,GWN,3,BACKBONE,"t=238 [PHASE_TX] IDLE (queues empty)"
FF0A,GWN,3,BACKBONE,"t=239 [PHASE_TX] IDLE (queues empty)"
FF0A,GWN,3,BACKBONE,"t=240 [PHASE_RX] Listening (Q_fwd=0; Q_local=0)"
FF0A,GWN,3,BACKBONE,"t=241 [PHASE_RX] Listening (Q_fwd=0; Q_local=0)"
FF0A,GWN,3,BACKBONE,"t=242 [PHASE_RX] Listening (Q_fwd=0; Q_local=0)"
FF0A,GWN,3,BACKBONE,"t=243 [PHASE_TX] IDLE (queues empty)"
FF0A,GWN,3,BACKBONE,"t=244 [PHASE_TX] IDLE (queues empty)"
FF0A,GWN,3,BACKBONE,"t=245 [PHASE_TX] IDLE (queues empty)"
FF0A,GWN,3,BACKBONE,"t=246 [PHASE_RX] Listening (Q_fwd=0; Q_local=0)"
FF0A,GWN,3,BACKBONE,"t=247 [PHASE_RX] Listening (Q_fwd=0; Q_local=0)"
FF0A,GWN,3,BACKBONE,"t=248 [PHASE_RX] Listening (Q_fwd=0; Q_local=0)"
FF0A,GWN,3,BACKBONE,"t=249 [PHASE_TX] IDLE (queues empty)"
FF0A,GWN,3,ACCESS,"t=4 [PHY] Neighbour count: 2->3"
FF0A,GWN,3,ACCESS,"t=7 [PHY] Neighbour count: 4->5"
FF0A,GWN,3,ACCESS,"t=8 [PHY] Neighbour count: 5->6"
FF0A,GWN,3,ACCESS,"t=9 [PHY] Neighbour count: 6->7"
FF0A,GWN,3,ACCESS,"t=10 [HELLO_TX] bcast battery=100.0%"
FF0A,GWN,3,ACCESS,"t=14 [HELLO_TX] bcast battery=100.0%"
FF0A,GWN,3,ACCESS,"t=14 [PHY] Neighbour count: 7->8"
FF0A,GWN,3,ACCESS,"t=19 [PHY] Neighbour count: 8->9"
FF0A,GWN,3,ACCESS,"t=20 [PHY] Neighbour count: 9->10"
FF0A,GWN,3,ACCESS,"t=21 [HELLO_TX] bcast battery=100.0%"
FF0A,GWN,3,ACCESS,"t=21 [PHY] Neighbour count: 10->11"
FF0A,GWN,3,ACCESS,"t=23 [PHY] Neighbour count: 11->12"
FF0A,GWN,3,ACCESS,"t=25 [PHY] Neighbour count: 12->13"
FF0A,GWN,3,ACCESS,"t=29 [HELLO_TX] bcast battery=100.0%"
FF0A,GWN,3,ACCESS,"t=34 [HELLO_TX] bcast battery=100.0%"
FF0A,GWN,3,ACCESS,"t=36 [PHY] Neighbour count: 13->14"
FF0A,GWN,3,ACCESS,"t=39 [HELLO_TX] bcast battery=100.0%"
FF0A,GWN,3,ACCESS,"t=48 [HELLO_TX] bcast battery=100.0%"
FF0A,GWN,3,ACCESS,"t=54 [HELLO_TX] bcast battery=100.0%"
FF0A,GWN,3,ACCESS,"t=63 [HELLO_TX] bcast battery=100.0%"
FF0A,GWN,3,ACCESS,"t=70 [HELLO_TX] bcast battery=100.0%"
FF0A,GWN,3,ACCESS,"t=73 [PHY] Neighbour count: 14->15"
FF0A,GWN,3,ACCESS,"t=74 [HELLO_TX] bcast battery=100.0%"
FF0A,GWN,3,ACCESS,"t=84 [HELLO_TX] bcast battery=100.0%"
FF0A,GWN,3,ACCESS,"t=84 [PHY] Neighbour count: 15->16"
FF0A,GWN,3,ACCESS,"t=92 [HELLO_TX] bcast battery=100.0%"
FF0A,GWN,3,ACCESS,"t=99 [HELLO_TX] bcast battery=100.0%"
FF0A,GWN,3,ACCESS,"t=107 [HELLO_TX] bcast battery=100.0%"
FF0A,GWN,3,ACCESS,"t=113 [PHY] Neighbour count: 16->17"
FF0A,GWN,3,ACCESS,"t=114 [HELLO_TX] bcast battery=100.0%"
FF0A,GWN,3,ACCESS,"t=118 [HELLO_TX] bcast battery=100.0%"
FF0A,GWN,3,ACCESS,"t=122 [HELLO_TX] bcast battery=100.0%"
FF0A,GWN,3,ACCESS,"t=129 [HELLO_TX] bcast battery=100.0%"
FF0A,GWN,3,ACCESS,"t=139 [HELLO_TX] bcast battery=100.0%"
FF0A,GWN,3,ACCESS,"t=145 [HELLO_TX] bcast battery=100.0%"
FF0A,GWN,3,ACCESS,"t=151 [HELLO_TX] bcast battery=100.0%"
FF0A,GWN,3,ACCESS,"t=159 [HELLO_TX] bcast battery=100.0%"
FF0A,GWN,3,ACCESS,"t=168 [HELLO_TX] bcast battery=100.0%"
FF0A,GWN,3,ACCESS,"t=177 [HELLO_TX] bcast battery=100.0%"
FF0A,GWN,3,ACCESS,"t=185 [HELLO_TX] bcast battery=100.0%"
FF0A,GWN,3,ACCESS,"t=191 [HELLO_TX] bcast battery=100.0%"
FF0A,GWN,3,ACCESS,"t=197 [HELLO_TX] bcast battery=100.0%"
FF0A,GWN,3,ACCESS,"t=201 [HELLO_TX] bcast battery=100.0%"
FF0A,GWN,3,ACCESS,"t=206 [RX] CH_CMD.3 <- AA01"
FF0A,GWN,3,ACCESS,"t=207 [RX] CH_CMD.0 <- AA01"
FF0A,GWN,3,ACCESS,"[LOCK][SET] partner=AA01 timeout=4"
FF0A,GWN,3,ACCESS,"t=207 [CH_ACK] -> AA01 (sending key)"
FF0A,GWN,3,ACCESS,"t=211 [TIMEOUT] Sent CH_REJECT to orphaned AA01"
FF0A,GWN,3,ACCESS,"[LOCK][TIMEOUT] partner=AA01"
FF0A,GWN,3,ACCESS,"t=211 [HELLO_TX] bcast battery=100.0%"
FF0A,GWN,3,ACCESS,"t=215 [RX] CH_CMD.2 <- AA01"
FF0A,GWN,3,ACCESS,"[LOCK][CLEAR][CH_SUCCESS] partner=AA01"
FF0A,GWN,3,ACCESS,"t=215 [CH_JOINED] AA01 added to children"
FF0A,GWN,3,ACCESS,"t=221 [HELLO_TX] bcast battery=100.0%"
FF0A,GWN,3,ACCESS,"t=227 [HELLO_TX] bcast battery=100.0%"
FF0A,GWN,3,ACCESS,"t=227 [PHY] Neighbour count: 17->18"
FF0A,GWN,3,ACCESS,"t=234 [HELLO_TX] bcast battery=100.0%"
FF0A,GWN,3,ACCESS,"t=240 [HELLO_TX] bcast battery=100.0%"
FF0A,GWN,3,ACCESS,"t=244 [HELLO_TX] bcast battery=100.0%"
FF0A,GWN,3,UNIFIED,"t=3 [PHY] Neighbor count=1"
FF0A,GWN,3,UNIFIED,"t=4 [PHY] Neighbor count=2"
FF0A,GWN,3,UNIFIED,"t=4 [PHY] Neighbour count: 2->3"
FF0A,GWN,3,UNIFIED,"t=5 [PHY] Neighbor count=3"
FF0A,GWN,3,UNIFIED,"t=6 [PHY] Neighbor count=4"
FF0A,GWN,3,UNIFIED,"[BB] t=7 [TX] HB.0 -> <BCAST>"
FF0A,GWN,3,UNIFIED,"t=7 [PHY] Neighbour count: 4->5"
FF0A,GWN,3,UNIFIED,"t=8 [PHY] Neighbor count=5"
FF0A,GWN,3,UNIFIED,"t=8 [PHY] Neighbour count: 5->6"
FF0A,GWN,3,UNIFIED,"t=9 [PHY] Neighbor count=6"
FF0A,GWN,3,UNIFIED,"t=9 [PHY] Neighbour count: 6->7"
FF0A,GWN,3,UNIFIED,"t=10 [PHY] Neighbor count=7"
FF0A,GWN,3,UNIFIED,"[AC] t=10 [HELLO_TX] bcast battery=100.0%"
FF0A,GWN,3,UNIFIED,"[BB] t=14 [TX] HB.0 -> <BCAST>"
FF0A,GWN,3,UNIFIED,"[AC] t=14 [HELLO_TX] bcast battery=100.0%"
FF0A,GWN,3,UNIFIED,"t=14 [PHY] Neighbour count: 7->8"
FF0A,GWN,3,UNIFIED,"t=15 [PHY] Neighbor count=8"
FF0A,GWN,3,UNIFIED,"t=19 [PHY] Neighbour count: 8->9"
FF0A,GWN,3,UNIFIED,"t=20 [PHY] Neighbor count=9"
FF0A,GWN,3,UNIFIED,"t=20 [PHY] Neighbour count: 9->10"
FF0A,GWN,3,UNIFIED,"t=21 [PHY] Neighbor count=10"
FF0A,GWN,3,UNIFIED,"[BB] t=21 [TX] HB.0 -> <BCAST>"
FF0A,GWN,3,UNIFIED,"[AC] t=21 [HELLO_TX] bcast battery=100.0%"
FF0A,GWN,3,UNIFIED,"t=21 [PHY] Neighbour count: 10->11"
FF0A,GWN,3,UNIFIED,"t=22 [PHY] Neighbor count=11"
FF0A,GWN,3,UNIFIED,"t=22 [STATE] BOOT→DISCOVERY (neighbors=11)"
FF0A,GWN,3,UNIFIED,"[BB] t=22 [RX] CMD.0 <- FF0B RSSI=6.0"
FF0A,GWN,3,UNIFIED,"[BB] t=22 [TX] CMD.1 -> FF0B"
FF0A,GWN,3,UNIFIED,"[BB] t=22 [TX] CMD.1 -> FF0B"
FF0A,GWN,3,UNIFIED,"[BB] t=22 [STATE] DISCOVERY -> HANDSHAKE"
FF0A,GWN,3,UNIFIED,"[BB] [LOCK][SET] partner=FF0B timeout=6"
FF0A,GWN,3,UNIFIED,"[BB] t=22 [HANDSHAKE] Lock set with FF0B (timer=6)"
FF0A,GWN,3,UNIFIED,"t=23 [PHY] Neighbour count: 11->12"
FF0A,GWN,3,UNIFIED,"t=24 [PHY] Neighbor count=12"
FF0A,GWN,3,UNIFIED,"t=25 [PHY] Neighbour count: 12->13"
FF0A,GWN,3,UNIFIED,"t=26 [PHY] Neighbor count=13"
FF0A,GWN,3,UNIFIED,"[BB] t=26 [RX] CMD.2 <- FF0B RSSI=6.0"
FF0A,GWN,3,UNIFIED,"[BB] [LOCK][REFRESH] partner=FF0B timeout=6"
FF0A,GWN,3,UNIFIED,"[BB] [LOCK][SET] partner=FF0B timeout=6"
FF0A,GWN,3,UNIFIED,"[BB] t=26 [PARENT] Set parent -> FF0B"
FF0A,GWN,3,UNIFIED,"[BB] t=27 [RX] CMD.4 <- FF0B RSSI=6.0"
FF0A,GWN,3,UNIFIED,"[BB] [LOCK][REFRESH] partner=FF0B timeout=6"
FF0A,GWN,3,UNIFIED,"[BB] t=27 [PHASE] Inherited phaseOffset=1 from parent FF0B"
FF0A,GWN,3,UNIFIED,"[BB] t=27 [ENC_HELLO] TX: gwCh=0; chCh=0; secCh=0; sn=0 (encrypted)"
FF0A,GWN,3,UNIFIED,"[BB] t=27 [TX] CMD.5 -> FF0B"
FF0A,GWN,3,UNIFIED,"[BB] [LOCK][CLEAR][ENC_HELLO_TX] partner=FF0B"
FF0A,GWN,3,UNIFIED,"[BB] t=27 [HANDSHAKE] Lock cleared (was with FF0B)"
FF0A,GWN,3,UNIFIED,"[AC] t=29 [HELLO_TX] bcast battery=100.0%"
FF0A,GWN,3,UNIFIED,"t=31 [RECRUIT] INIT(1/4) -> FF03"
FF0A,GWN,3,UNIFIED,"[BB] [LOCK][SET] partner=FF03 timeout=6"
FF0A,GWN,3,UNIFIED,"[BB] t=31 [HANDSHAKE] Lock set with FF03 (timer=6)"
FF0A,GWN,3,UNIFIED,"[BB] [LOCK][SET] partner=FF03 timeout=6"
FF0A,GWN,3,UNIFIED,"[BB] t=31 [TX] CMD.0 -> FF03"
FF0A,GWN,3,UNIFIED,"[BB] t=33 [RX] CMD.1 <- FF03 RSSI=1.1"
FF0A,GWN,3,UNIFIED,"[BB] [LOCK][REFRESH] partner=FF03 timeout=6"
FF0A,GWN,3,UNIFIED,"[BB] t=33 [TX] CMD.2 -> FF03"
FF0A,GWN,3,UNIFIED,"[BB] [LOCK][REFRESH] partner=FF03 timeout=6"
FF0A,GWN,3,UNIFIED,"[BB] t=33 [HANDSHAKE] FF03 added to pendingChildren (awaiting ENC_HELLO)"
FF0A,GWN,3,UNIFIED,"[BB] t=33 [TX] CMD.4 -> FF03"
FF0A,GWN,3,UNIFIED,"[BB] t=33 [PHASE] Sending phaseOffset=0 to child FF03 (self=1)"
FF0A,GWN,3,UNIFIED,"[BB] [LOCK][REFRESH] partner=FF03 timeout=6"
FF0A,GWN,3,UNIFIED,"[BB] [LOCK][SET] partner=FF03 timeout=6"
FF0A,GWN,3,UNIFIED,"[AC] t=34 [HELLO_TX] bcast battery=100.0%"
FF0A,GWN,3,UNIFIED,"t=36 [PHY] Neighbour count: 13->14"
FF0A,GWN,3,UNIFIED,"t=37 [PHY] Neighbor count=14"
FF0A,GWN,3,UNIFIED,"[BB] t=37 [ENC_HELLO] TX: gwCh=0; chCh=0; secCh=0; sn=0 (encrypted)"
FF0A,GWN,3,UNIFIED,"[BB] t=37 [ENC_HELLO] Retry 1/3 sent (next at t=57)"
FF0A,GWN,3,UNIFIED,"[BB] t=38 [RX] CMD.5 <- FF03 RSSI=1.1"
FF0A,GWN,3,UNIFIED,"[BB] t=38 [HANDSHAKE] FF03 promoted to children (ENC_HELLO received)"
FF0A,GWN,3,UNIFIED,"[BB] [LOCK][CLEAR][ENC_HELLO_RX] partner=FF03"
FF0A,GWN,3,UNIFIED,"[BB] t=38 [TX] CMD.5 -> FF0B"
FF0A,GWN,3,UNIFIED,"[BB] t=38 [HANDSHAKE] Lock cleared (was with FF03)"
FF0A,GWN,3,UNIFIED,"[BB] t=38 [RETRY] Reset retry state for FF03 (now child)"
FF0A,GWN,3,UNIFIED,"[BB] t=38 [STATE] HANDSHAKE -> SECURE"
FF0A,GWN,3,UNIFIED,"[AC] t=39 [HELLO_TX] bcast battery=100.0%"
FF0A,GWN,3,UNIFIED,"[BB] t=46 [RX_FWD] Encrypted CMD.5 from Child FF03 -> Queue for Parent FF0B"
FF0A,GWN,3,UNIFIED,"[BB] t=46 [Q_FWD] Queued CMD.5 (size=1/15)"
FF0A,GWN,3,UNIFIED,"[AC] t=48 [HELLO_TX] bcast battery=100.0%"
FF0A,GWN,3,UNIFIED,"[AC] t=54 [HELLO_TX] bcast battery=100.0%"
FF0A,GWN,3,UNIFIED,"[BB] t=57 [ENC_HELLO] TX: gwCh=1; chCh=0; secCh=0; sn=0 (encrypted)"
FF0A,GWN,3,UNIFIED,"[BB] t=57 [ENC_HELLO] Retry 2/3 sent (next at t=97)"
FF0A,GWN,3,UNIFIED,"[AC] t=63 [HELLO_TX] bcast battery=100.0%"
FF0A,GWN,3,UNIFIED,"[BB] t=66 [RX_FWD] Encrypted CMD.5 from Child FF03 -> Queue for Parent FF0B"
FF0A,GWN,3,UNIFIED,"[BB] t=66 [Q_FWD] Queued CMD.5 (size=2/15)"
FF0A,GWN,3,UNIFIED,"[BB] t=70 [TX] HB.3 -> FF00"
FF0A,GWN,3,UNIFIED,"[AC] t=70 [HELLO_TX] bcast battery=100.0%"
FF0A,GWN,3,UNIFIED,"t=73 [PHY] Neighbour count: 14->15"
FF0A,GWN,3,UNIFIED,"t=74 [PHY] Neighbor count=15"
FF0A,GWN,3,UNIFIED,"[AC] t=74 [HELLO_TX] bcast battery=100.0%"
FF0A,GWN,3,UNIFIED,"[AC] t=84 [HELLO_TX] bcast battery=100.0%"
FF0A,GWN,3,UNIFIED,"t=84 [PHY] Neighbour count: 15->16"
FF0A,GWN,3,UNIFIED,"t=85 [PHY] Neighbor count=16"
FF0A,GWN,3,UNIFIED,"[AC] t=92 [HELLO_TX] bcast battery=100.0%"
FF0A,GWN,3,UNIFIED,"[BB] t=97 [ENC_HELLO] TX: gwCh=1; chCh=0; secCh=0; sn=0 (encrypted)"
FF0A,GWN,3,UNIFIED,"[BB] t=97 [ENC_HELLO] Retry 3/3 sent (next at t=177)"
FF0A,GWN,3,UNIFIED,"[AC] t=99 [HELLO_TX] bcast battery=100.0%"
FF0A,GWN,3,UNIFIED,"[BB] t=106 [RX_FWD] Encrypted CMD.5 from Child FF03 -> Queue for Parent FF0B"
FF0A,GWN,3,UNIFIED,"[BB] t=106 [Q_FWD] Queued CMD.5 (size=3/15)"
FF0A,GWN,3,UNIFIED,"[AC] t=107 [HELLO_TX] bcast battery=100.0%"
FF0A,GWN,3,UNIFIED,"t=113 [PHY] Neighbour count: 16->17"
FF0A,GWN,3,UNIFIED,"t=114 [PHY] Neighbor count=17"
FF0A,GWN,3,UNIFIED,"[AC] t=114 [HELLO_TX] bcast battery=100.0%"
FF0A,GWN,3,UNIFIED,"[AC] t=118 [HELLO_TX] bcast battery=100.0%"
FF0A,GWN,3,UNIFIED,"[AC] t=122 [HELLO_TX] bcast battery=100.0%"
FF0A,GWN,3,UNIFIED,"[AC] t=129 [HELLO_TX] bcast battery=100.0%"
FF0A,GWN,3,UNIFIED,"[AC] t=139 [HELLO_TX] bcast battery=100.0%"
FF0A,GWN,3,UNIFIED,"[AC] t=145 [HELLO_TX] bcast battery=100.0%"
FF0A,GWN,3,UNIFIED,"[AC] t=151 [HELLO_TX] bcast battery=100.0%"
FF0A,GWN,3,UNIFIED,"[AC] t=159 [HELLO_TX] bcast battery=100.0%"
FF0A,GWN,3,UNIFIED,"[AC] t=168 [HELLO_TX] bcast battery=100.0%"
FF0A,GWN,3,UNIFIED,"[BB] t=177 [ENC_HELLO] TX: gwCh=1; chCh=0; secCh=0; sn=0 (encrypted)"
FF0A,GWN,3,UNIFIED,"[BB] t=177 [ENC_HELLO] Registry refresh #1 sent (next at t=257)"
FF0A,GWN,3,UNIFIED,"[AC] t=177 [HELLO_TX] bcast battery=100.0%"
FF0A,GWN,3,UNIFIED,"[AC] t=185 [HELLO_TX] bcast battery=100.0%"
FF0A,GWN,3,UNIFIED,"[BB] t=186 [RX_FWD] Encrypted CMD.5 from Child FF03 -> Queue for Parent FF0B"
FF0A,GWN,3,UNIFIED,"[BB] t=186 [Q_FWD] Queued CMD.5 (size=4/15)"
FF0A,GWN,3,UNIFIED,"[AC] t=191 [HELLO_TX] bcast battery=100.0%"
FF0A,GWN,3,UNIFIED,"[AC] t=197 [HELLO_TX] bcast battery=100.0%"
FF0A,GWN,3,UNIFIED,"[BB] t=200 [PHASE_RX] Listening (Q_fwd=4; Q_local=0)"
FF0A,GWN,3,UNIFIED,"[BB] t=201 [DEQUEUE] From Q_fwd (waited 155 TFs)"
FF0A,GWN,3,UNIFIED,"[BB] t=201 [PHASE_TX] Sent CMD.5 -> FF0B (Q_fwd=3; Q_local=0)"
FF0A,GWN,3,UNIFIED,"[AC] t=201 [HELLO_TX] bcast battery=100.0%"
FF0A,GWN,3,UNIFIED,"[BB] t=202 [DEQUEUE] From Q_fwd (waited 136 TFs)"
FF0A,GWN,3,UNIFIED,"[BB] t=202 [PHASE_TX] Sent CMD.5 -> FF0B (Q_fwd=2; Q_local=0)"
FF0A,GWN,3,UNIFIED,"[BB] t=203 [DEQUEUE] From Q_fwd (waited 97 TFs)"
FF0A,GWN,3,UNIFIED,"[BB] t=203 [PHASE_TX] Sent CMD.5 -> FF0B (Q_fwd=1; Q_local=0)"
FF0A,GWN,3,UNIFIED,"[BB] t=204 [PHASE_RX] Listening (Q_fwd=1; Q_local=0)"
FF0A,GWN,3,UNIFIED,"[BB] t=205 [PHASE_RX] Listening (Q_fwd=1; Q_local=0)"
FF0A,GWN,3,UNIFIED,"[BB] t=206 [PHASE_RX] Listening (Q_fwd=1; Q_local=0)"
FF0A,GWN,3,UNIFIED,"[AC] t=206 [RX] CH_CMD.3 <- AA01"
FF0A,GWN,3,UNIFIED,"[BB] t=207 [DEQUEUE] From Q_fwd (waited 21 TFs)"
FF0A,GWN,3,UNIFIED,"[BB] t=207 [PHASE_TX] Sent CMD.5 -> FF0B (Q_fwd=0; Q_local=0)"
FF0A,GWN,3,UNIFIED,"[AC] t=207 [RX] CH_CMD.0 <- AA01"
FF0A,GWN,3,UNIFIED,"[AC] [LOCK][SET] partner=AA01 timeout=4"
FF0A,GWN,3,UNIFIED,"[AC] t=207 [CH_ACK] -> AA01 (sending key)"
FF0A,GWN,3,UNIFIED,"[BB] t=208 [PHASE_TX] IDLE (queues empty)"
FF0A,GWN,3,UNIFIED,"[BB] t=209 [PHASE_TX] IDLE (queues empty)"
FF0A,GWN,3,UNIFIED,"[BB] t=210 [PHASE_RX] Listening (Q_fwd=0; Q_local=0)"
FF0A,GWN,3,UNIFIED,"[AC] t=211 [TIMEOUT] Sent CH_REJECT to orphaned AA01"
FF0A,GWN,3,UNIFIED,"[AC] [LOCK][TIMEOUT] partner=AA01"
FF0A,GWN,3,UNIFIED,"[BB] t=211 [PHASE_RX] Listening (Q_fwd=0; Q_local=0)"
FF0A,GWN,3,UNIFIED,"[AC] t=211 [HELLO_TX] bcast battery=100.0%"
FF0A,GWN,3,UNIFIED,"[BB] t=212 [PHASE_RX] Listening (Q_fwd=0; Q_local=0)"
FF0A,GWN,3,UNIFIED,"[BB] t=213 [PHASE_TX] IDLE (queues empty)"
FF0A,GWN,3,UNIFIED,"[BB] t=214 [PHASE_TX] IDLE (queues empty)"
FF0A,GWN,3,UNIFIED,"[BB] t=215 [PHASE_TX] IDLE (queues empty)"
FF0A,GWN,3,UNIFIED,"[AC] t=215 [RX] CH_CMD.2 <- AA01"
FF0A,GWN,3,UNIFIED,"[AC] [LOCK][CLEAR][CH_SUCCESS] partner=AA01"
FF0A,GWN,3,UNIFIED,"[AC] t=215 [CH_JOINED] AA01 added to children"
FF0A,GWN,3,UNIFIED,"[BB] t=215 [Q_LOCAL] Queued CH_HELLO.1 (size=1/15)"
FF0A,GWN,3,UNIFIED,"[BB] t=216 [PHASE_RX] Listening (Q_fwd=0; Q_local=1)"
FF0A,GWN,3,UNIFIED,"[BB] t=217 [PHASE_RX] Listening (Q_fwd=0; Q_local=1)"
FF0A,GWN,3,UNIFIED,"[BB] t=218 [PHASE_RX] Listening (Q_fwd=0; Q_local=1)"
FF0A,GWN,3,UNIFIED,"[BB] t=219 [DEQUEUE] From Q_local (waited 4 TFs)"
FF0A,GWN,3,UNIFIED,"[BB] t=219 [PHASE_TX] Sent CH_HELLO.1 -> FF0B (Q_fwd=0; Q_local=0)"
FF0A,GWN,3,UNIFIED,"[BB] t=220 [PHASE_TX] IDLE (queues empty)"
FF0A,GWN,3,UNIFIED,"[BB] t=221 [PHASE_TX] IDLE (queues empty)"
FF0A,GWN,3,UNIFIED,"[AC] t=221 [HELLO_TX] bcast battery=100.0%"
FF0A,GWN,3,UNIFIED,"[BB] t=222 [PHASE_RX] Listening (Q_fwd=0; Q_local=0)"
FF0A,GWN,3,UNIFIED,"[BB] t=223 [PHASE_RX] Listening (Q_fwd=0; Q_local=0)"
FF0A,GWN,3,UNIFIED,"[BB] t=224 [PHASE_RX] Listening (Q_fwd=0; Q_local=0)"
FF0A,GWN,3,UNIFIED,"[BB] t=225 [PHASE_TX] IDLE (queues empty)"
FF0A,GWN,3,UNIFIED,"[BB] t=226 [PHASE_TX] IDLE (queues empty)"
FF0A,GWN,3,UNIFIED,"[BB] t=227 [PHASE_TX] IDLE (queues empty)"
FF0A,GWN,3,UNIFIED,"[AC] t=227 [HELLO_TX] bcast battery=100.0%"
FF0A,GWN,3,UNIFIED,"t=227 [PHY] Neighbour count: 17->18"
FF0A,GWN,3,UNIFIED,"t=228 [PHY] Neighbor count=18"
FF0A,GWN,3,UNIFIED,"[BB] t=228 [PHASE_RX] Listening (Q_fwd=0; Q_local=0)"
FF0A,GWN,3,UNIFIED,"[BB] t=229 [PHASE_RX] Listening (Q_fwd=0; Q_local=0)"
FF0A,GWN,3,UNIFIED,"[BB] t=230 [PHASE_RX] Listening (Q_fwd=0; Q_local=0)"
FF0A,GWN,3,UNIFIED,"[BB] t=231 [PHASE_TX] IDLE (queues empty)"
FF0A,GWN,3,UNIFIED,"[BB] t=232 [PHASE_TX] IDLE (queues empty)"
FF0A,GWN,3,UNIFIED,"[BB] t=233 [PHASE_TX] IDLE (queues empty)"
FF0A,GWN,3,UNIFIED,"[BB] t=234 [PHASE_RX] Listening (Q_fwd=0; Q_local=0)"
FF0A,GWN,3,UNIFIED,"[AC] t=234 [HELLO_TX] bcast battery=100.0%"
FF0A,GWN,3,UNIFIED,"[BB] t=235 [PHASE_RX] Listening (Q_fwd=0; Q_local=0)"
FF0A,GWN,3,UNIFIED,"[BB] t=236 [PHASE_RX] Listening (Q_fwd=0; Q_local=0)"
FF0A,GWN,3,UNIFIED,"[BB] t=237 [PHASE_TX] IDLE (queues empty)"
FF0A,GWN,3,UNIFIED,"[BB] t=238 [PHASE_TX] IDLE (queues empty)"
FF0A,GWN,3,UNIFIED,"[BB] t=239 [PHASE_TX] IDLE (queues empty)"
FF0A,GWN,3,UNIFIED,"[BB] t=240 [PHASE_RX] Listening (Q_fwd=0; Q_local=0)"
FF0A,GWN,3,UNIFIED,"[AC] t=240 [HELLO_TX] bcast battery=100.0%"
FF0A,GWN,3,UNIFIED,"[BB] t=241 [PHASE_RX] Listening (Q_fwd=0; Q_local=0)"
FF0A,GWN,3,UNIFIED,"[BB] t=242 [PHASE_RX] Listening (Q_fwd=0; Q_local=0)"
FF0A,GWN,3,UNIFIED,"[BB] t=243 [PHASE_TX] IDLE (queues empty)"
FF0A,GWN,3,UNIFIED,"[BB] t=244 [PHASE_TX] IDLE (queues empty)"
FF0A,GWN,3,UNIFIED,"[AC] t=244 [HELLO_TX] bcast battery=100.0%"
FF0A,GWN,3,UNIFIED,"[BB] t=245 [PHASE_TX] IDLE (queues empty)"
FF0A,GWN,3,UNIFIED,"[BB] t=246 [PHASE_RX] Listening (Q_fwd=0; Q_local=0)"
FF0A,GWN,3,UNIFIED,"[BB] t=247 [PHASE_RX] Listening (Q_fwd=0; Q_local=0)"
FF0A,GWN,3,UNIFIED,"[BB] t=248 [PHASE_RX] Listening (Q_fwd=0; Q_local=0)"
FF0A,GWN,3,UNIFIED,"[BB] t=249 [PHASE_TX] IDLE (queues empty)"
FF0B,SINK,3,BACKBONE,"t=5 [PHY] Neighbour count: 3->4"
FF0B,SINK,3,BACKBONE,"t=6 [PHY] Neighbour count: 4->5"
FF0B,SINK,3,BACKBONE,"t=7 [TX] HB.0 -> <BCAST>"
FF0B,SINK,3,BACKBONE,"t=7 [PHY] Neighbour count: 5->6"
FF0B,SINK,3,BACKBONE,"t=8 [PHY] Neighbour count: 6->7"
FF0B,SINK,3,BACKBONE,"t=9 [PHY] Neighbour count: 7->8"
FF0B,SINK,3,BACKBONE,"t=10 [PHY] Neighbour count: 8->9"
FF0B,SINK,3,BACKBONE,"t=11 [PHY] Neighbour count: 9->10"
FF0B,SINK,3,BACKBONE,"t=14 [TX] HB.0 -> <BCAST>"
FF0B,SINK,3,BACKBONE,"t=15 [PHY] Neighbour count: 10->11"
FF0B,SINK,3,BACKBONE,"t=18 [PHY] Neighbour count: 11->12"
FF0B,SINK,3,BACKBONE,"t=19 [PHY] Neighbour count: 12->13"
FF0B,SINK,3,BACKBONE,"[LOCK][SET] partner=FF0A timeout=6"
FF0B,SINK,3,BACKBONE,"t=22 [HANDSHAKE] Lock set with FF0A (timer=6)"
FF0B,SINK,3,BACKBONE,"[LOCK][SET] partner=FF0A timeout=6"
FF0B,SINK,3,BACKBONE,"t=22 [TX] CMD.0 -> FF0A"
FF0B,SINK,3,BACKBONE,"t=23 [PHY] Neighbour count: 13->14"
FF0B,SINK,3,BACKBONE,"t=24 [RX] CMD.1 <- FF0A RSSI=6.0"
FF0B,SINK,3,BACKBONE,"[LOCK][REFRESH] partner=FF0A timeout=6"
FF0B,SINK,3,BACKBONE,"t=24 [TX] CMD.2 -> FF0A"
FF0B,SINK,3,BACKBONE,"[LOCK][REFRESH] partner=FF0A timeout=6"
FF0B,SINK,3,BACKBONE,"t=24 [HANDSHAKE] FF0A added to pendingChildren (awaiting ENC_HELLO)"
FF0B,SINK,3,BACKBONE,"t=24 [TX] CMD.4 -> FF0A"
FF0B,SINK,3,BACKBONE,"t=24 [PHASE] Sending phaseOffset=1 to child FF0A (self=0)"
FF0B,SINK,3,BACKBONE,"[LOCK][REFRESH] partner=FF0A timeout=6"
FF0B,SINK,3,BACKBONE,"[LOCK][SET] partner=FF0A timeout=6"
FF0B,SINK,3,BACKBONE,"t=26 [PHY] Neighbour count: 14->15"
FF0B,SINK,3,BACKBONE,"[LOCK][CLEAR][SUCCESS] partner=FF0A"
FF0B,SINK,3,BACKBONE,"[LOCK][SET] partner=FF03 timeout=6"
FF0B,SINK,3,BACKBONE,"t=31 [HANDSHAKE] Lock set with FF03 (timer=6)"
FF0B,SINK,3,BACKBONE,"[LOCK][SET] partner=FF03 timeout=6"
FF0B,SINK,3,BACKBONE,"t=31 [TX] CMD.0 -> FF03"
FF0B,SINK,3,BACKBONE,"[LOCK][CLEAR] partner=FF03"
FF0B,SINK,3,BACKBONE,"t=37 [SINK] Received encrypted CMD.5 from child FF0A - TERMINATING"
FF0B,SINK,3,BACKBONE,"[LOCK][SET] partner=FF01 timeout=6"
FF0B,SINK,3,BACKBONE,"t=39 [HANDSHAKE] Lock set with FF01 (timer=6)"
FF0B,SINK,3,BACKBONE,"[LOCK][SET] partner=FF01 timeout=6"
FF0B,SINK,3,BACKBONE,"t=39 [TX] CMD.0 -> FF01"
FF0B,SINK,3,BACKBONE,"[LOCK][CLEAR] partner=FF01"
FF0B,SINK,3,BACKBONE,"[LOCK][SET] partner=FF01 timeout=6"
FF0B,SINK,3,BACKBONE,"t=46 [HANDSHAKE] Lock set with FF01 (timer=6)"
FF0B,SINK,3,BACKBONE,"[LOCK][SET] partner=FF01 timeout=6"
FF0B,SINK,3,BACKBONE,"t=46 [TX] CMD.0 -> FF01"
FF0B,SINK,3,BACKBONE,"t=47 [PHY] Neighbour count: 15->16"
FF0B,SINK,3,BACKBONE,"t=48 [RX] CMD.1 <- FF01 RSSI=0.1"
FF0B,SINK,3,BACKBONE,"[LOCK][REFRESH] partner=FF01 timeout=6"
FF0B,SINK,3,BACKBONE,"t=48 [TX] CMD.2 -> FF01"
FF0B,SINK,3,BACKBONE,"[LOCK][REFRESH] partner=FF01 timeout=6"
FF0B,SINK,3,BACKBONE,"t=48 [HANDSHAKE] FF01 added to pendingChildren (awaiting ENC_HELLO)"
FF0B,SINK,3,BACKBONE,"t=48 [TX] CMD.4 -> FF01"
FF0B,SINK,3,BACKBONE,"t=48 [PHASE] Sending phaseOffset=1 to child FF01 (self=0)"
FF0B,SINK,3,BACKBONE,"[LOCK][REFRESH] partner=FF01 timeout=6"
FF0B,SINK,3,BACKBONE,"[LOCK][SET] partner=FF01 timeout=6"
FF0B,SINK,3,BACKBONE,"t=51 [PHY] Neighbour count: 16->17"
FF0B,SINK,3,BACKBONE,"[LOCK][CLEAR][SUCCESS] partner=FF01"
FF0B,SINK,3,BACKBONE,"t=57 [SINK] Received encrypted CMD.5 from child FF0A - TERMINATING"
FF0B,SINK,3,BACKBONE,"t=58 [PHY] Neighbour count: 17->18"
FF0B,SINK,3,BACKBONE,"t=61 [SINK] Received encrypted CMD.5 from child FF01 - TERMINATING"
FF0B,SINK,3,BACKBONE,"t=81 [SINK] Received encrypted CMD.5 from child FF01 - TERMINATING"
FF0B,SINK,3,BACKBONE,"t=97 [SINK] Received encrypted CMD.5 from child FF0A - TERMINATING"
FF0B,SINK,3,BACKBONE,"t=121 [SINK] Received encrypted CMD.5 from child FF01 - TERMINATING"
FF0B,SINK,3,BACKBONE,"t=147 [PHY] Neighbour count: 19->20"
FF0B,SINK,3,BACKBONE,"t=177 [SINK] Received encrypted CMD.5 from child FF0A - TERMINATING"
FF0B,SINK,3,BACKBONE,"t=201 [SINK] Received encrypted CMD.5 from child FF0A - TERMINATING"
FF0B,SINK,3,BACKBONE,"t=202 [SINK] Received encrypted CMD.5 from child FF0A - TERMINATING"
FF0B,SINK,3,BACKBONE,"t=203 [SINK] Received encrypted CMD.5 from child FF0A - TERMINATING"
FF0B,SINK,3,BACKBONE,"t=207 [SINK] Received encrypted CMD.5 from child FF0A - TERMINATING"
FF0B,SINK,3,BACKBONE,"t=208 [SINK] Received encrypted CMD.5 from child FF01 - TERMINATING"
FF0B,SINK,3,BACKBONE,"t=209 [SINK] Received encrypted CMD.5 from child FF01 - TERMINATING"
FF0B,SINK,3,BACKBONE,"t=213 [SINK] Received encrypted CMD.5 from child FF01 - TERMINATING"
FF0B,SINK,3,BACKBONE,"t=214 [SINK] Received encrypted CMD.5 from child FF01 - TERMINATING"
FF0B,SINK,3,BACKBONE,"t=219 [SINK] Received encrypted CH_HELLO.1 from child FF0A - TERMINATING"
FF0B,SINK,3,ACCESS,"t=5 [PHY] Neighbour count: 3->4"
FF0B,SINK,3,ACCESS,"t=6 [PHY] Neighbour count: 4->5"
FF0B,SINK,3,ACCESS,"t=7 [HELLO_TX] bcast battery=100.0%"
FF0B,SINK,3,ACCESS,"t=7 [PHY] Neighbour count: 5->6"
FF0B,SINK,3,ACCESS,"t=8 [PHY] Neighbour count: 6->7"
FF0B,SINK,3,ACCESS,"t=9 [PHY] Neighbour count: 7->8"
FF0B,SINK,3,ACCESS,"t=10 [PHY] Neighbour count: 8->9"
FF0B,SINK,3,ACCESS,"t=11 [PHY] Neighbour count: 9->10"
FF0B,SINK,3,ACCESS,"t=15 [HELLO_TX] bcast battery=100.0%"
FF0B,SINK,3,ACCESS,"t=15 [PHY] Neighbour count: 10->11"
FF0B,SINK,3,ACCESS,"t=18 [PHY] Neighbour count: 11->12"
FF0B,SINK,3,ACCESS,"t=19 [PHY] Neighbour count: 12->13"
FF0B,SINK,3,ACCESS,"t=22 [HELLO_TX] bcast battery=100.0%"
FF0B,SINK,3,ACCESS,"t=23 [PHY] Neighbour count: 13->14"
FF0B,SINK,3,ACCESS,"t=26 [PHY] Neighbour count: 14->15"
FF0B,SINK,3,ACCESS,"t=31 [HELLO_TX] bcast battery=100.0%"
FF0B,SINK,3,ACCESS,"t=40 [HELLO_TX] bcast battery=100.0%"
FF0B,SINK,3,ACCESS,"t=47 [HELLO_TX] bcast battery=100.0%"
FF0B,SINK,3,ACCESS,"t=47 [PHY] Neighbour count: 15->16"
FF0B,SINK,3,ACCESS,"t=51 [PHY] Neighbour count: 16->17"
FF0B,SINK,3,ACCESS,"t=58 [PHY] Neighbour count: 17->18"
FF0B,SINK,3,ACCESS,"t=147 [PHY] Neighbour count: 19->20"
FF0B,SINK,3,UNIFIED,"t=2 [PHY] Neighbor count=1"
FF0B,SINK,3,UNIFIED,"t=3 [PHY] Neighbor count=2"
FF0B,SINK,3,UNIFIED,"t=4 [PHY] Neighbor count=3"
FF0B,SINK,3,UNIFIED,"t=5 [PHY] Neighbour count: 3->4"
FF0B,SINK,3,UNIFIED,"t=6 [PHY] Neighbor count=4"
FF0B,SINK,3,UNIFIED,"t=6 [PHY] Neighbour count: 4->5"
FF0B,SINK,3,UNIFIED,"t=7 [PHY] Neighbor count=5"
FF0B,SINK,3,UNIFIED,"[BB] t=7 [TX] HB.0 -> <BCAST>"
FF0B,SINK,3,UNIFIED,"[AC] t=7 [HELLO_TX] bcast battery=100.0%"
FF0B,SINK,3,UNIFIED,"t=7 [PHY] Neighbour count: 5->6"
FF0B,SINK,3,UNIFIED,"t=8 [PHY] Neighbor count=6"
FF0B,SINK,3,UNIFIED,"t=8 [PHY] Neighbour count: 6->7"
FF0B,SINK,3,UNIFIED,"t=9 [PHY] Neighbor count=7"
FF0B,SINK,3,UNIFIED,"t=9 [PHY] Neighbour count: 7->8"
FF0B,SINK,3,UNIFIED,"t=10 [PHY] Neighbor count=8"
FF0B,SINK,3,UNIFIED,"t=10 [PHY] Neighbour count: 8->9"
FF0B,SINK,3,UNIFIED,"t=11 [PHY] Neighbor count=9"
FF0B,SINK,3,UNIFIED,"t=11 [PHY] Neighbour count: 9->10"
FF0B,SINK,3,UNIFIED,"t=12 [PHY] Neighbor count=10"
FF0B,SINK,3,UNIFIED,"[BB] t=14 [TX] HB.0 -> <BCAST>"
FF0B,SINK,3,UNIFIED,"[AC] t=15 [HELLO_TX] bcast battery=100.0%"
FF0B,SINK,3,UNIFIED,"t=15 [PHY] Neighbour count: 10->11"
FF0B,SINK,3,UNIFIED,"t=16 [PHY] Neighbor count=11"
FF0B,SINK,3,UNIFIED,"t=18 [PHY] Neighbour count: 11->12"
FF0B,SINK,3,UNIFIED,"t=19 [PHY] Neighbor count=12"
FF0B,SINK,3,UNIFIED,"t=19 [PHY] Neighbour count: 12->13"
FF0B,SINK,3,UNIFIED,"t=20 [PHY] Neighbor count=13"
FF0B,SINK,3,UNIFIED,"t=21 [SINK] Boot complete; ready to recruit"
FF0B,SINK,3,UNIFIED,"t=21 [SINK] Recruitment targets (threshold 0.95): 8 nodes"
FF0B,SINK,3,UNIFIED,"t=22 [RECRUIT] INIT(2/4) -> FF0A"
FF0B,SINK,3,UNIFIED,"[BB] [LOCK][SET] partner=FF0A timeout=6"
FF0B,SINK,3,UNIFIED,"[BB] t=22 [HANDSHAKE] Lock set with FF0A (timer=6)"
FF0B,SINK,3,UNIFIED,"[BB] [LOCK][SET] partner=FF0A timeout=6"
FF0B,SINK,3,UNIFIED,"[BB] t=22 [TX] CMD.0 -> FF0A"
FF0B,SINK,3,UNIFIED,"[AC] t=22 [HELLO_TX] bcast battery=100.0%"
FF0B,SINK,3,UNIFIED,"t=23 [PHY] Neighbour count: 13->14"
FF0B,SINK,3,UNIFIED,"t=24 [PHY] Neighbor count=14"
FF0B,SINK,3,UNIFIED,"[BB] t=24 [RX] CMD.1 <- FF0A RSSI=6.0"
FF0B,SINK,3,UNIFIED,"[BB] [LOCK][REFRESH] partner=FF0A timeout=6"
FF0B,SINK,3,UNIFIED,"[BB] t=24 [TX] CMD.2 -> FF0A"
FF0B,SINK,3,UNIFIED,"[BB] [LOCK][REFRESH] partner=FF0A timeout=6"
FF0B,SINK,3,UNIFIED,"[BB] t=24 [HANDSHAKE] FF0A added to pendingChildren (awaiting ENC_HELLO)"
FF0B,SINK,3,UNIFIED,"[BB] t=24 [TX] CMD.4 -> FF0A"
FF0B,SINK,3,UNIFIED,"[BB] t=24 [PHASE] Sending phaseOffset=1 to child FF0A (self=0)"
FF0B,SINK,3,UNIFIED,"[BB] [LOCK][REFRESH] partner=FF0A timeout=6"
FF0B,SINK,3,UNIFIED,"[BB] [LOCK][SET] partner=FF0A timeout=6"
FF0B,SINK,3,UNIFIED,"t=26 [PHY] Neighbour count: 14->15"
FF0B,SINK,3,UNIFIED,"t=27 [PHY] Neighbor count=15"
FF0B,SINK,3,UNIFIED,"[BB] [LOCK][CLEAR][SUCCESS] partner=FF0A"
FF0B,SINK,3,UNIFIED,"t=29 [SINK] Promoted FF0A to children (DIRECT ENC_HELLO)"
FF0B,SINK,3,UNIFIED,"t=29 [SINK] ENC_HELLO from FF0A (parent=FF0B): sn=0   "
FF0B,SINK,3,UNIFIED,"t=31 [RECRUIT] INIT(2/4) -> FF03"
FF0B,SINK,3,UNIFIED,"[BB] [LOCK][SET] partner=FF03 timeout=6"
FF0B,SINK,3,UNIFIED,"[BB] t=31 [HANDSHAKE] Lock set with FF03 (timer=6)"
FF0B,SINK,3,UNIFIED,"[BB] [LOCK][SET] partner=FF03 timeout=6"
FF0B,SINK,3,UNIFIED,"[BB] t=31 [TX] CMD.0 -> FF03"
FF0B,SINK,3,UNIFIED,"[AC] t=31 [HELLO_TX] bcast battery=100.0%"
FF0B,SINK,3,UNIFIED,"t=37 [SINK_TIMEOUT] Attempt 2/4 for FF03 - will retry"
FF0B,SINK,3,UNIFIED,"[BB] [LOCK][CLEAR] partner=FF03"
FF0B,SINK,3,UNIFIED,"[BB] t=37 [SINK] Received encrypted CMD.5 from child FF0A - TERMINATING"
FF0B,SINK,3,UNIFIED,"t=37 [SINK] ENC_HELLO from FF0A (parent=FF0B): sn=0   "
FF0B,SINK,3,UNIFIED,"t=39 [RECRUIT] INIT(2/4) -> FF01"
FF0B,SINK,3,UNIFIED,"[BB] [LOCK][SET] partner=FF01 timeout=6"
FF0B,SINK,3,UNIFIED,"[BB] t=39 [HANDSHAKE] Lock set with FF01 (timer=6)"
FF0B,SINK,3,UNIFIED,"[BB] [LOCK][SET] partner=FF01 timeout=6"
FF0B,SINK,3,UNIFIED,"[BB] t=39 [TX] CMD.0 -> FF01"
FF0B,SINK,3,UNIFIED,"[AC] t=40 [HELLO_TX] bcast battery=100.0%"
FF0B,SINK,3,UNIFIED,"t=45 [SINK_TIMEOUT] Attempt 2/4 for FF01 - will retry"
FF0B,SINK,3,UNIFIED,"[BB] [LOCK][CLEAR] partner=FF01"
FF0B,SINK,3,UNIFIED,"t=46 [RECRUIT] INIT(4/4) -> FF01"
FF0B,SINK,3,UNIFIED,"[BB] [LOCK][SET] partner=FF01 timeout=6"
FF0B,SINK,3,UNIFIED,"[BB] t=46 [HANDSHAKE] Lock set with FF01 (timer=6)"
FF0B,SINK,3,UNIFIED,"[BB] [LOCK][SET] partner=FF01 timeout=6"
FF0B,SINK,3,UNIFIED,"[BB] t=46 [TX] CMD.0 -> FF01"
FF0B,SINK,3,UNIFIED,"[AC] t=47 [HELLO_TX] bcast battery=100.0%"
FF0B,SINK,3,UNIFIED,"t=47 [PHY] Neighbour count: 15->16"
FF0B,SINK,3,UNIFIED,"t=48 [PHY] Neighbor count=16"
FF0B,SINK,3,UNIFIED,"[BB] t=48 [RX] CMD.1 <- FF01 RSSI=0.1"
FF0B,SINK,3,UNIFIED,"[BB] [LOCK][REFRESH] partner=FF01 timeout=6"
FF0B,SINK,3,UNIFIED,"[BB] t=48 [TX] CMD.2 -> FF01"
FF0B,SINK,3,UNIFIED,"[BB] [LOCK][REFRESH] partner=FF01 timeout=6"
FF0B,SINK,3,UNIFIED,"[BB] t=48 [HANDSHAKE] FF01 added to pendingChildren (awaiting ENC_HELLO)"
FF0B,SINK,3,UNIFIED,"[BB] t=48 [TX] CMD.4 -> FF01"
FF0B,SINK,3,UNIFIED,"[BB] t=48 [PHASE] Sending phaseOffset=1 to child FF01 (self=0)"
FF0B,SINK,3,UNIFIED,"[BB] [LOCK][REFRESH] partner=FF01 timeout=6"
FF0B,SINK,3,UNIFIED,"[BB] [LOCK][SET] partner=FF01 timeout=6"
FF0B,SINK,3,UNIFIED,"t=51 [PHY] Neighbour count: 16->17"
FF0B,SINK,3,UNIFIED,"t=52 [PHY] Neighbor count=17"
FF0B,SINK,3,UNIFIED,"[BB] [LOCK][CLEAR][SUCCESS] partner=FF01"
FF0B,SINK,3,UNIFIED,"t=53 [SINK] Promoted FF01 to children (DIRECT ENC_HELLO)"
FF0B,SINK,3,UNIFIED,"t=53 [SINK] ENC_HELLO from FF01 (parent=FF0B): sn=0   "
FF0B,SINK,3,UNIFIED,"t=54 [SINK] Recruitment complete; 2 nodes secured"
FF0B,SINK,3,UNIFIED,"t=55 [SINK] Terminal: recruitment exhausted; 2 children secured"
FF0B,SINK,3,UNIFIED,"[BB] t=57 [SINK] Received encrypted CMD.5 from child FF0A - TERMINATING"
FF0B,SINK,3,UNIFIED,"t=57 [SINK] ENC_HELLO from FF0A (parent=FF0B): sn=0 gwCh=[FF03]  "
FF0B,SINK,3,UNIFIED,"t=58 [PHY] Neighbour count: 17->18"
FF0B,SINK,3,UNIFIED,"t=59 [PHY] Neighbor count=18"
FF0B,SINK,3,UNIFIED,"[BB] t=61 [SINK] Received encrypted CMD.5 from child FF01 - TERMINATING"
FF0B,SINK,3,UNIFIED,"t=61 [SINK] ENC_HELLO from FF01 (parent=FF0B): sn=0   "
FF0B,SINK,3,UNIFIED,"[BB] t=81 [SINK] Received encrypted CMD.5 from child FF01 - TERMINATING"
FF0B,SINK,3,UNIFIED,"t=81 [SINK] ENC_HELLO from FF01 (parent=FF0B): sn=0 gwCh=[FF02]  "
FF0B,SINK,3,UNIFIED,"t=84 [PHY] Neighbor count=19"
FF0B,SINK,3,UNIFIED,"[BB] t=97 [SINK] Received encrypted CMD.5 from child FF0A - TERMINATING"
FF0B,SINK,3,UNIFIED,"t=97 [SINK] ENC_HELLO from FF0A (parent=FF0B): sn=0 gwCh=[FF03]  "
FF0B,SINK,3,UNIFIED,"[BB] t=121 [SINK] Received encrypted CMD.5 from child FF01 - TERMINATING"
FF0B,SINK,3,UNIFIED,"t=121 [SINK] ENC_HELLO from FF01 (parent=FF0B): sn=0 gwCh=[FF02]  "
FF0B,SINK,3,UNIFIED,"t=147 [PHY] Neighbour count: 19->20"
FF0B,SINK,3,UNIFIED,"t=148 [PHY] Neighbor count=20"
FF0B,SINK,3,UNIFIED,"[BB] t=177 [SINK] Received encrypted CMD.5 from child FF0A - TERMINATING"
FF0B,SINK,3,UNIFIED,"t=177 [SINK] ENC_HELLO from FF0A (parent=FF0B): sn=0 gwCh=[FF03]  "
FF0B,SINK,3,UNIFIED,"[BB] t=201 [SINK] Received encrypted CMD.5 from child FF0A - TERMINATING"
FF0B,SINK,3,UNIFIED,"t=201 [SINK] FORWARDED ENC_HELLO: orig=FF03 via FF0A"
FF0B,SINK,3,UNIFIED,"t=201 [SINK] ENC_HELLO from FF03 (parent=FF0A): sn=0   "
FF0B,SINK,3,UNIFIED,"[BB] t=202 [SINK] Received encrypted CMD.5 from child FF0A - TERMINATING"
FF0B,SINK,3,UNIFIED,"t=202 [SINK] FORWARDED ENC_HELLO: orig=FF03 via FF0A"
FF0B,SINK,3,UNIFIED,"t=202 [SINK] ENC_HELLO from FF03 (parent=FF0A): sn=0   "
FF0B,SINK,3,UNIFIED,"[BB] t=203 [SINK] Received encrypted CMD.5 from child FF0A - TERMINATING"
FF0B,SINK,3,UNIFIED,"t=203 [SINK] FORWARDED ENC_HELLO: orig=FF03 via FF0A"
FF0B,SINK,3,UNIFIED,"t=203 [SINK] ENC_HELLO from FF03 (parent=FF0A): sn=0   "
FF0B,SINK,3,UNIFIED,"[BB] t=207 [SINK] Received encrypted CMD.5 from child FF0A - TERMINATING"
FF0B,SINK,3,UNIFIED,"t=207 [SINK] FORWARDED ENC_HELLO: orig=FF03 via FF0A"
FF0B,SINK,3,UNIFIED,"t=207 [SINK] ENC_HELLO from FF03 (parent=FF0A): sn=0   "
FF0B,SINK,3,UNIFIED,"[BB] t=208 [SINK] Received encrypted CMD.5 from child FF01 - TERMINATING"
FF0B,SINK,3,UNIFIED,"t=208 [SINK] FORWARDED ENC_HELLO: orig=FF09 via FF01"
FF0B,SINK,3,UNIFIED,"t=208 [SINK] ENC_HELLO from FF09 (parent=FF02): sn=0   "
FF0B,SINK,3,UNIFIED,"[BB] t=209 [SINK] Received encrypted CMD.5 from child FF01 - TERMINATING"
FF0B,SINK,3,UNIFIED,"t=209 [SINK] FORWARDED ENC_HELLO: orig=FF09 via FF01"
FF0B,SINK,3,UNIFIED,"t=209 [SINK] ENC_HELLO from FF09 (parent=FF02): sn=0   "
FF0B,SINK,3,UNIFIED,"[BB] t=213 [SINK] Received encrypted CMD.5 from child FF01 - TERMINATING"
FF0B,SINK,3,UNIFIED,"t=213 [SINK] FORWARDED ENC_HELLO: orig=FF09 via FF01"
FF0B,SINK,3,UNIFIED,"t=213 [SINK] ENC_HELLO from FF09 (parent=FF02): sn=0   "
FF0B,SINK,3,UNIFIED,"[BB] t=214 [SINK] Received encrypted CMD.5 from child FF01 - TERMINATING"
FF0B,SINK,3,UNIFIED,"t=214 [SINK] FORWARDED ENC_HELLO: orig=FF02 via FF01"
FF0B,SINK,3,UNIFIED,"t=214 [SINK] ENC_HELLO from FF02 (parent=FF01): sn=0 gwCh=[FF09]  "
FF0B,SINK,3,UNIFIED,"[BB] t=219 [SINK] Received encrypted CH_HELLO.1 from child FF0A - TERMINATING"
FF0B,SINK,3,UNIFIED,"t=219 [SINK] CH_HELLO: CH AA01 joined via GWN FF0A"
FF0C,GWN,3,BACKBONE,"t=4 [PHY] Neighbour count: 3->4"
FF0C,GWN,3,BACKBONE,"t=6 [TX] HB.0 -> <BCAST>"
FF0C,GWN,3,BACKBONE,"t=6 [PHY] Neighbour count: 5->6"
FF0C,GWN,3,BACKBONE,"t=7 [PHY] Neighbour count: 6->7"
FF0C,GWN,3,BACKBONE,"t=8 [PHY] Neighbour count: 7->8"
FF0C,GWN,3,BACKBONE,"t=10 [PHY] Neighbour count: 8->9"
FF0C,GWN,3,BACKBONE,"t=13 [TX] HB.0 -> <BCAST>"
FF0C,GWN,3,BACKBONE,"t=15 [PHY] Neighbour count: 9->10"
FF0C,GWN,3,BACKBONE,"t=16 [PHY] Neighbour count: 10->11"
FF0C,GWN,3,BACKBONE,"t=19 [PHY] Neighbour count: 11->12"
FF0C,GWN,3,BACKBONE,"t=20 [TX] HB.0 -> <BCAST>"
FF0C,GWN,3,BACKBONE,"t=21 [PHY] Neighbour count: 12->13"
FF0C,GWN,3,BACKBONE,"t=24 [PHY] Neighbour count: 13->14"
FF0C,GWN,3,BACKBONE,"t=25 [PHY] Neighbour count: 14->15"
FF0C,GWN,3,BACKBONE,"t=27 [TX] HB.1 -> <BCAST>"
FF0C,GWN,3,BACKBONE,"t=34 [TX] HB.1 -> <BCAST>"
FF0C,GWN,3,BACKBONE,"t=37 [PHY] Neighbour count: 15->16"
FF0C,GWN,3,BACKBONE,"t=39 [PHY] Neighbour count: 16->17"
FF0C,GWN,3,BACKBONE,"t=40 [PHY] Neighbour count: 17->18"
FF0C,GWN,3,BACKBONE,"t=41 [TX] HB.1 -> <BCAST>"
FF0C,GWN,3,BACKBONE,"t=46 [PHY] Neighbour count: 18->19"
FF0C,GWN,3,BACKBONE,"t=48 [TX] HB.1 -> <BCAST>"
FF0C,GWN,3,BACKBONE,"t=55 [TX] HB.1 -> <BCAST>"
FF0C,GWN,3,BACKBONE,"t=61 [PHY] Neighbour count: 19->20"
FF0C,GWN,3,BACKBONE,"t=62 [TX] HB.1 -> <BCAST>"
FF0C,GWN,3,BACKBONE,"t=66 [PHY] Neighbour count: 20->21"
FF0C,GWN,3,BACKBONE,"t=69 [TX] HB.1 -> <BCAST>"
FF0C,GWN,3,BACKBONE,"t=76 [TX] HB.1 -> <BCAST>"
FF0C,GWN,3,BACKBONE,"t=83 [TX] HB.1 -> <BCAST>"
FF0C,GWN,3,BACKBONE,"t=90 [TX] HB.1 -> <BCAST>"
FF0C,GWN,3,BACKBONE,"t=97 [TX] HB.1 -> <BCAST>"
FF0C,GWN,3,BACKBONE,"t=104 [TX] HB.1 -> <BCAST>"
FF0C,GWN,3,BACKBONE,"t=111 [TX] HB.1 -> <BCAST>"
FF0C,GWN,3,BACKBONE,"t=116 [PHY] Neighbour count: 21->22"
FF0C,GWN,3,BACKBONE,"t=118 [TX] HB.1 -> <BCAST>"
FF0C,GWN,3,BACKBONE,"t=125 [TX] HB.1 -> <BCAST>"
FF0C,GWN,3,BACKBONE,"t=128 [PHY] Neighbour count: 22->23"
FF0C,GWN,3,BACKBONE,"t=132 [TX] HB.1 -> <BCAST>"
FF0C,GWN,3,BACKBONE,"t=139 [TX] HB.1 -> <BCAST>"
FF0C,GWN,3,BACKBONE,"t=146 [TX] HB.1 -> <BCAST>"
FF0C,GWN,3,BACKBONE,"t=149 [PHY] Neighbour count: 23->24"
FF0C,GWN,3,BACKBONE,"t=153 [TX] HB.1 -> <BCAST>"
FF0C,GWN,3,BACKBONE,"t=159 [PHY] Neighbour count: 24->25"
FF0C,GWN,3,BACKBONE,"t=160 [TX] HB.1 -> <BCAST>"
FF0C,GWN,3,BACKBONE,"t=167 [TX] HB.1 -> <BCAST>"
FF0C,GWN,3,BACKBONE,"t=174 [TX] HB.1 -> <BCAST>"
FF0C,GWN,3,BACKBONE,"t=181 [TX] HB.1 -> <BCAST>"
FF0C,GWN,3,BACKBONE,"t=188 [TX] HB.1 -> <BCAST>"
FF0C,GWN,3,BACKBONE,"t=195 [TX] HB.1 -> <BCAST>"
FF0C,GWN,3,BACKBONE,"t=202 [TX] HB.1 -> <BCAST>"
FF0C,GWN,3,BACKBONE,"t=209 [TX] HB.1 -> <BCAST>"
FF0C,GWN,3,BACKBONE,"t=216 [TX] HB.1 -> <BCAST>"
FF0C,GWN,3,BACKBONE,"t=223 [TX] HB.1 -> <BCAST>"
FF0C,GWN,3,BACKBONE,"t=230 [TX] HB.1 -> <BCAST>"
FF0C,GWN,3,BACKBONE,"t=237 [TX] HB.1 -> <BCAST>"
FF0C,GWN,3,BACKBONE,"t=244 [TX] HB.1 -> <BCAST>"
FF0C,GWN,3,ACCESS,"t=4 [HELLO_TX] bcast battery=100.0%"
FF0C,GWN,3,ACCESS,"t=4 [PHY] Neighbour count: 3->4"
FF0C,GWN,3,ACCESS,"t=6 [PHY] Neighbour count: 5->6"
FF0C,GWN,3,ACCESS,"t=7 [PHY] Neighbour count: 6->7"
FF0C,GWN,3,ACCESS,"t=8 [PHY] Neighbour count: 7->8"
FF0C,GWN,3,ACCESS,"t=10 [HELLO_TX] bcast battery=100.0%"
FF0C,GWN,3,ACCESS,"t=10 [PHY] Neighbour count: 8->9"
FF0C,GWN,3,ACCESS,"t=15 [PHY] Neighbour count: 9->10"
FF0C,GWN,3,ACCESS,"t=16 [PHY] Neighbour count: 10->11"
FF0C,GWN,3,ACCESS,"t=18 [HELLO_TX] bcast battery=100.0%"
FF0C,GWN,3,ACCESS,"t=19 [PHY] Neighbour count: 11->12"
FF0C,GWN,3,ACCESS,"t=21 [PHY] Neighbour count: 12->13"
FF0C,GWN,3,ACCESS,"t=24 [PHY] Neighbour count: 13->14"
FF0C,GWN,3,ACCESS,"t=25 [HELLO_TX] bcast battery=100.0%"
FF0C,GWN,3,ACCESS,"t=25 [PHY] Neighbour count: 14->15"
FF0C,GWN,3,ACCESS,"t=31 [HELLO_TX] bcast battery=100.0%"
FF0C,GWN,3,ACCESS,"t=37 [PHY] Neighbour count: 15->16"
FF0C,GWN,3,ACCESS,"t=38 [HELLO_TX] bcast battery=100.0%"
FF0C,GWN,3,ACCESS,"t=39 [PHY] Neighbour count: 16->17"
FF0C,GWN,3,ACCESS,"t=40 [PHY] Neighbour count: 17->18"
FF0C,GWN,3,ACCESS,"t=46 [PHY] Neighbour count: 18->19"
FF0C,GWN,3,ACCESS,"t=47 [HELLO_TX] bcast battery=100.0%"
FF0C,GWN,3,ACCESS,"t=51 [HELLO_TX] bcast battery=100.0%"
FF0C,GWN,3,ACCESS,"t=56 [HELLO_TX] bcast battery=100.0%"
FF0C,GWN,3,ACCESS,"t=60 [HELLO_TX] bcast battery=100.0%"
FF0C,GWN,3,ACCESS,"t=61 [PHY] Neighbour count: 19->20"
FF0C,GWN,3,ACCESS,"t=66 [PHY] Neighbour count: 20->21"
FF0C,GWN,3,ACCESS,"t=70 [HELLO_TX] bcast battery=100.0%"
FF0C,GWN,3,ACCESS,"t=79 [HELLO_TX] bcast battery=100.0%"
FF0C,GWN,3,ACCESS,"t=87 [HELLO_TX] bcast battery=100.0%"
FF0C,GWN,3,ACCESS,"t=94 [HELLO_TX] bcast battery=100.0%"
FF0C,GWN,3,ACCESS,"t=102 [HELLO_TX] bcast battery=100.0%"
FF0C,GWN,3,ACCESS,"t=107 [HELLO_TX] bcast battery=100.0%"
FF0C,GWN,3,ACCESS,"t=116 [PHY] Neighbour count: 21->22"
FF0C,GWN,3,ACCESS,"t=117 [HELLO_TX] bcast battery=100.0%"
FF0C,GWN,3,ACCESS,"t=121 [HELLO_TX] bcast battery=100.0%"
FF0C,GWN,3,ACCESS,"t=128 [PHY] Neighbour count: 22->23"
FF0C,GWN,3,ACCESS,"t=129 [HELLO_TX] bcast battery=100.0%"
FF0C,GWN,3,ACCESS,"t=135 [HELLO_TX] bcast battery=100.0%"
FF0C,GWN,3,ACCESS,"t=145 [HELLO_TX] bcast battery=100.0%"
FF0C,GWN,3,ACCESS,"t=149 [PHY] Neighbour count: 23->24"
FF0C,GWN,3,ACCESS,"t=155 [HELLO_TX] bcast battery=100.0%"
FF0C,GWN,3,ACCESS,"t=159 [PHY] Neighbour count: 24->25"
FF0C,GWN,3,ACCESS,"t=165 [HELLO_TX] bcast battery=100.0%"
FF0C,GWN,3,ACCESS,"t=174 [HELLO_TX] bcast battery=100.0%"
FF0C,GWN,3,ACCESS,"t=182 [HELLO_TX] bcast battery=100.0%"
FF0C,GWN,3,ACCESS,"t=187 [HELLO_TX] bcast battery=100.0%"
FF0C,GWN,3,ACCESS,"t=191 [HELLO_TX] bcast battery=100.0%"
FF0C,GWN,3,ACCESS,"t=198 [HELLO_TX] bcast battery=100.0%"
FF0C,GWN,3,ACCESS,"t=202 [HELLO_TX] bcast battery=100.0%"
FF0C,GWN,3,ACCESS,"t=206 [HELLO_TX] bcast battery=100.0%"
FF0C,GWN,3,ACCESS,"t=211 [HELLO_TX] bcast battery=100.0%"
FF0C,GWN,3,ACCESS,"t=217 [HELLO_TX] bcast battery=100.0%"
FF0C,GWN,3,ACCESS,"t=226 [HELLO_TX] bcast battery=100.0%"
FF0C,GWN,3,ACCESS,"t=233 [HELLO_TX] bcast battery=100.0%"
FF0C,GWN,3,ACCESS,"t=242 [HELLO_TX] bcast battery=100.0%"
FF0C,GWN,3,UNIFIED,"t=2 [PHY] Neighbor count=1"
FF0C,GWN,3,UNIFIED,"t=3 [PHY] Neighbor count=2"
FF0C,GWN,3,UNIFIED,"t=4 [PHY] Neighbor count=3"
FF0C,GWN,3,UNIFIED,"[AC] t=4 [HELLO_TX] bcast battery=100.0%"
FF0C,GWN,3,UNIFIED,"t=4 [PHY] Neighbour count: 3->4"
FF0C,GWN,3,UNIFIED,"t=5 [PHY] Neighbor count=4"
FF0C,GWN,3,UNIFIED,"t=6 [PHY] Neighbor count=5"
FF0C,GWN,3,UNIFIED,"[BB] t=6 [TX] HB.0 -> <BCAST>"
FF0C,GWN,3,UNIFIED,"t=6 [PHY] Neighbour count: 5->6"
FF0C,GWN,3,UNIFIED,"t=7 [PHY] Neighbor count=6"
FF0C,GWN,3,UNIFIED,"t=7 [PHY] Neighbour count: 6->7"
FF0C,GWN,3,UNIFIED,"t=8 [PHY] Neighbor count=7"
FF0C,GWN,3,UNIFIED,"t=8 [PHY] Neighbour count: 7->8"
FF0C,GWN,3,UNIFIED,"t=9 [PHY] Neighbor count=8"
FF0C,GWN,3,UNIFIED,"[AC] t=10 [HELLO_TX] bcast battery=100.0%"
FF0C,GWN,3,UNIFIED,"t=10 [PHY] Neighbour count: 8->9"
FF0C,GWN,3,UNIFIED,"t=11 [PHY] Neighbor count=9"
FF0C,GWN,3,UNIFIED,"[BB] t=13 [TX] HB.0 -> <BCAST>"
FF0C,GWN,3,UNIFIED,"t=15 [PHY] Neighbour count: 9->10"
FF0C,GWN,3,UNIFIED,"t=16 [PHY] Neighbor count=10"
FF0C,GWN,3,UNIFIED,"t=16 [PHY] Neighbour count: 10->11"
FF0C,GWN,3,UNIFIED,"t=17 [PHY] Neighbor count=11"
FF0C,GWN,3,UNIFIED,"[AC] t=18 [HELLO_TX] bcast battery=100.0%"
FF0C,GWN,3,UNIFIED,"t=19 [PHY] Neighbour count: 11->12"
FF0C,GWN,3,UNIFIED,"t=20 [PHY] Neighbor count=12"
FF0C,GWN,3,UNIFIED,"[BB] t=20 [TX] HB.0 -> <BCAST>"
FF0C,GWN,3,UNIFIED,"t=21 [PHY] Neighbour count: 12->13"
FF0C,GWN,3,UNIFIED,"t=22 [PHY] Neighbor count=13"
FF0C,GWN,3,UNIFIED,"t=22 [STATE] BOOT→DISCOVERY (neighbors=13)"
FF0C,GWN,3,UNIFIED,"t=24 [PHY] Neighbour count: 13->14"
FF0C,GWN,3,UNIFIED,"t=25 [PHY] Neighbor count=14"
FF0C,GWN,3,UNIFIED,"[AC] t=25 [HELLO_TX] bcast battery=100.0%"
FF0C,GWN,3,UNIFIED,"t=25 [PHY] Neighbour count: 14->15"
FF0C,GWN,3,UNIFIED,"t=26 [PHY] Neighbor count=15"
FF0C,GWN,3,UNIFIED,"[BB] t=27 [TX] HB.1 -> <BCAST>"
FF0C,GWN,3,UNIFIED,"[AC] t=31 [HELLO_TX] bcast battery=100.0%"
FF0C,GWN,3,UNIFIED,"[BB] t=34 [TX] HB.1 -> <BCAST>"
FF0C,GWN,3,UNIFIED,"t=37 [PHY] Neighbour count: 15->16"
FF0C,GWN,3,UNIFIED,"t=38 [PHY] Neighbor count=16"
FF0C,GWN,3,UNIFIED,"[AC] t=38 [HELLO_TX] bcast battery=100.0%"
FF0C,GWN,3,UNIFIED,"t=39 [PHY] Neighbour count: 16->17"
FF0C,GWN,3,UNIFIED,"t=40 [PHY] Neighbor count=17"
FF0C,GWN,3,UNIFIED,"t=40 [PHY] Neighbour count: 17->18"
FF0C,GWN,3,UNIFIED,"t=41 [PHY] Neighbor count=18"
FF0C,GWN,3,UNIFIED,"[BB] t=41 [TX] HB.1 -> <BCAST>"
FF0C,GWN,3,UNIFIED,"t=46 [PHY] Neighbour count: 18->19"
FF0C,GWN,3,UNIFIED,"t=47 [PHY] Neighbor count=19"
FF0C,GWN,3,UNIFIED,"[AC] t=47 [HELLO_TX] bcast battery=100.0%"
FF0C,GWN,3,UNIFIED,"[BB] t=48 [TX] HB.1 -> <BCAST>"
FF0C,GWN,3,UNIFIED,"[AC] t=51 [HELLO_TX] bcast battery=100.0%"
FF0C,GWN,3,UNIFIED,"[BB] t=55 [TX] HB.1 -> <BCAST>"
FF0C,GWN,3,UNIFIED,"[AC] t=56 [HELLO_TX] bcast battery=100.0%"
FF0C,GWN,3,UNIFIED,"[AC] t=60 [HELLO_TX] bcast battery=100.0%"
FF0C,GWN,3,UNIFIED,"t=61 [PHY] Neighbour count: 19->20"
FF0C,GWN,3,UNIFIED,"t=62 [PHY] Neighbor count=20"
FF0C,GWN,3,UNIFIED,"[BB] t=62 [TX] HB.1 -> <BCAST>"
FF0C,GWN,3,UNIFIED,"t=66 [PHY] Neighbour count: 20->21"
FF0C,GWN,3,UNIFIED,"t=67 [PHY] Neighbor count=21"
FF0C,GWN,3,UNIFIED,"[BB] t=69 [TX] HB.1 -> <BCAST>"
FF0C,GWN,3,UNIFIED,"[AC] t=70 [HELLO_TX] bcast battery=100.0%"
FF0C,GWN,3,UNIFIED,"[BB] t=76 [TX] HB.1 -> <BCAST>"
FF0C,GWN,3,UNIFIED,"[AC] t=79 [HELLO_TX] bcast battery=100.0%"
FF0C,GWN,3,UNIFIED,"[BB] t=83 [TX] HB.1 -> <BCAST>"
FF0C,GWN,3,UNIFIED,"[AC] t=87 [HELLO_TX] bcast battery=100.0%"
FF0C,GWN,3,UNIFIED,"[BB] t=90 [TX] HB.1 -> <BCAST>"
FF0C,GWN,3,UNIFIED,"[AC] t=94 [HELLO_TX] bcast battery=100.0%"
FF0C,GWN,3,UNIFIED,"[BB] t=97 [TX] HB.1 -> <BCAST>"
FF0C,GWN,3,UNIFIED,"[AC] t=102 [HELLO_TX] bcast battery=100.0%"
FF0C,GWN,3,UNIFIED,"[BB] t=104 [TX] HB.1 -> <BCAST>"
FF0C,GWN,3,UNIFIED,"[AC] t=107 [HELLO_TX] bcast battery=100.0%"
FF0C,GWN,3,UNIFIED,"[BB] t=111 [TX] HB.1 -> <BCAST>"
FF0C,GWN,3,UNIFIED,"t=116 [PHY] Neighbour count: 21->22"
FF0C,GWN,3,UNIFIED,"t=117 [PHY] Neighbor count=22"
FF0C,GWN,3,UNIFIED,"[AC] t=117 [HELLO_TX] bcast battery=100.0%"
FF0C,GWN,3,UNIFIED,"[BB] t=118 [TX] HB.1 -> <BCAST>"
FF0C,GWN,3,UNIFIED,"[AC] t=121 [HELLO_TX] bcast battery=100.0%"
FF0C,GWN,3,UNIFIED,"[BB] t=125 [TX] HB.1 -> <BCAST>"
FF0C,GWN,3,UNIFIED,"t=128 [PHY] Neighbour count: 22->23"
FF0C,GWN,3,UNIFIED,"t=129 [PHY] Neighbor count=23"
FF0C,GWN,3,UNIFIED,"[AC] t=129 [HELLO_TX] bcast battery=100.0%"
FF0C,GWN,3,UNIFIED,"[BB] t=132 [TX] HB.1 -> <BCAST>"
FF0C,GWN,3,UNIFIED,"[AC] t=135 [HELLO_TX] bcast battery=100.0%"
FF0C,GWN,3,UNIFIED,"[BB] t=139 [TX] HB.1 -> <BCAST>"
FF0C,GWN,3,UNIFIED,"[AC] t=145 [HELLO_TX] bcast battery=100.0%"
FF0C,GWN,3,UNIFIED,"[BB] t=146 [TX] HB.1 -> <BCAST>"
FF0C,GWN,3,UNIFIED,"t=149 [PHY] Neighbour count: 23->24"
FF0C,GWN,3,UNIFIED,"t=150 [PHY] Neighbor count=24"
FF0C,GWN,3,UNIFIED,"[BB] t=153 [TX] HB.1 -> <BCAST>"
FF0C,GWN,3,UNIFIED,"[AC] t=155 [HELLO_TX] bcast battery=100.0%"
FF0C,GWN,3,UNIFIED,"t=159 [PHY] Neighbour count: 24->25"
FF0C,GWN,3,UNIFIED,"t=160 [PHY] Neighbor count=25"
FF0C,GWN,3,UNIFIED,"[BB] t=160 [TX] HB.1 -> <BCAST>"
FF0C,GWN,3,UNIFIED,"[AC] t=165 [HELLO_TX] bcast battery=100.0%"
FF0C,GWN,3,UNIFIED,"[BB] t=167 [TX] HB.1 -> <BCAST>"
FF0C,GWN,3,UNIFIED,"[BB] t=174 [TX] HB.1 -> <BCAST>"
FF0C,GWN,3,UNIFIED,"[AC] t=174 [HELLO_TX] bcast battery=100.0%"
FF0C,GWN,3,UNIFIED,"[BB] t=181 [TX] HB.1 -> <BCAST>"
FF0C,GWN,3,UNIFIED,"[AC] t=182 [HELLO_TX] bcast battery=100.0%"
FF0C,GWN,3,UNIFIED,"[AC] t=187 [HELLO_TX] bcast battery=100.0%"
FF0C,GWN,3,UNIFIED,"[BB] t=188 [TX] HB.1 -> <BCAST>"
FF0C,GWN,3,UNIFIED,"[AC] t=191 [HELLO_TX] bcast battery=100.0%"
FF0C,GWN,3,UNIFIED,"[BB] t=195 [TX] HB.1 -> <BCAST>"
FF0C,GWN,3,UNIFIED,"[AC] t=198 [HELLO_TX] bcast battery=100.0%"
FF0C,GWN,3,UNIFIED,"[BB] t=202 [TX] HB.1 -> <BCAST>"
FF0C,GWN,3,UNIFIED,"[AC] t=202 [HELLO_TX] bcast battery=100.0%"
FF0C,GWN,3,UNIFIED,"[AC] t=206 [HELLO_TX] bcast battery=100.0%"
FF0C,GWN,3,UNIFIED,"[BB] t=209 [TX] HB.1 -> <BCAST>"
FF0C,GWN,3,UNIFIED,"[AC] t=211 [HELLO_TX] bcast battery=100.0%"
FF0C,GWN,3,UNIFIED,"[BB] t=216 [TX] HB.1 -> <BCAST>"
FF0C,GWN,3,UNIFIED,"[AC] t=217 [HELLO_TX] bcast battery=100.0%"
FF0C,GWN,3,UNIFIED,"[BB] t=223 [TX] HB.1 -> <BCAST>"
FF0C,GWN,3,UNIFIED,"[AC] t=226 [HELLO_TX] bcast battery=100.0%"
FF0C,GWN,3,UNIFIED,"[BB] t=230 [TX] HB.1 -> <BCAST>"
FF0C,GWN,3,UNIFIED,"[AC] t=233 [HELLO_TX] bcast battery=100.0%"
FF0C,GWN,3,UNIFIED,"[BB] t=237 [TX] HB.1 -> <BCAST>"
FF0C,GWN,3,UNIFIED,"[AC] t=242 [HELLO_TX] bcast battery=100.0%"
FF0C,GWN,3,UNIFIED,"[BB] t=244 [TX] HB.1 -> <BCAST>"
FF0D,GWN,3,BACKBONE,"t=3 [TX] HB.0 -> <BCAST>"
FF0D,GWN,3,BACKBONE,"t=4 [PHY] Neighbour count: 2->3"
FF0D,GWN,3,BACKBONE,"t=6 [PHY] Neighbour count: 4->5"
FF0D,GWN,3,BACKBONE,"t=7 [PHY] Neighbour count: 5->6"
FF0D,GWN,3,BACKBONE,"t=8 [PHY] Neighbour count: 6->7"
FF0D,GWN,3,BACKBONE,"t=10 [TX] HB.0 -> <BCAST>"
FF0D,GWN,3,BACKBONE,"t=12 [PHY] Neighbour count: 7->8"
FF0D,GWN,3,BACKBONE,"t=17 [TX] HB.0 -> <BCAST>"
FF0D,GWN,3,BACKBONE,"t=19 [PHY] Neighbour count: 8->9"
FF0D,GWN,3,BACKBONE,"t=21 [PHY] Neighbour count: 9->10"
FF0D,GWN,3,BACKBONE,"t=22 [PHY] Neighbour count: 10->11"
FF0D,GWN,3,BACKBONE,"t=24 [TX] HB.1 -> <BCAST>"
FF0D,GWN,3,BACKBONE,"t=30 [PHY] Neighbour count: 11->12"
FF0D,GWN,3,BACKBONE,"t=31 [TX] HB.1 -> <BCAST>"
FF0D,GWN,3,BACKBONE,"t=34 [PHY] Neighbour count: 12->13"
FF0D,GWN,3,BACKBONE,"t=38 [TX] HB.1 -> <BCAST>"
FF0D,GWN,3,BACKBONE,"t=39 [PHY] Neighbour count: 13->14"
FF0D,GWN,3,BACKBONE,"t=40 [PHY] Neighbour count: 14->15"
FF0D,GWN,3,BACKBONE,"t=45 [TX] HB.1 -> <BCAST>"
FF0D,GWN,3,BACKBONE,"t=52 [TX] HB.1 -> <BCAST>"
FF0D,GWN,3,BACKBONE,"t=59 [TX] HB.1 -> <BCAST>"
FF0D,GWN,3,BACKBONE,"t=66 [TX] HB.1 -> <BCAST>"
FF0D,GWN,3,BACKBONE,"t=73 [TX] HB.1 -> <BCAST>"
FF0D,GWN,3,BACKBONE,"t=75 [PHY] Neighbour count: 15->16"
FF0D,GWN,3,BACKBONE,"t=80 [TX] HB.1 -> <BCAST>"
FF0D,GWN,3,BACKBONE,"t=87 [TX] HB.1 -> <BCAST>"
FF0D,GWN,3,BACKBONE,"t=94 [TX] HB.1 -> <BCAST>"
FF0D,GWN,3,BACKBONE,"t=101 [TX] HB.1 -> <BCAST>"
FF0D,GWN,3,BACKBONE,"t=108 [TX] HB.1 -> <BCAST>"
FF0D,GWN,3,BACKBONE,"t=115 [TX] HB.1 -> <BCAST>"
FF0D,GWN,3,BACKBONE,"t=116 [PHY] Neighbour count: 16->17"
FF0D,GWN,3,BACKBONE,"t=119 [PHY] Neighbour count: 17->18"
FF0D,GWN,3,BACKBONE,"t=122 [TX] HB.1 -> <BCAST>"
FF0D,GWN,3,BACKBONE,"t=129 [TX] HB.1 -> <BCAST>"
FF0D,GWN,3,BACKBONE,"t=136 [TX] HB.1 -> <BCAST>"
FF0D,GWN,3,BACKBONE,"t=143 [TX] HB.1 -> <BCAST>"
FF0D,GWN,3,BACKBONE,"t=150 [TX] HB.1 -> <BCAST>"
FF0D,GWN,3,BACKBONE,"t=157 [TX] HB.1 -> <BCAST>"
FF0D,GWN,3,BACKBONE,"t=164 [TX] HB.1 -> <BCAST>"
FF0D,GWN,3,BACKBONE,"t=171 [TX] HB.1 -> <BCAST>"
FF0D,GWN,3,BACKBONE,"t=178 [TX] HB.1 -> <BCAST>"
FF0D,GWN,3,BACKBONE,"t=185 [TX] HB.1 -> <BCAST>"
FF0D,GWN,3,BACKBONE,"t=192 [TX] HB.1 -> <BCAST>"
FF0D,GWN,3,BACKBONE,"t=199 [TX] HB.1 -> <BCAST>"
FF0D,GWN,3,BACKBONE,"t=206 [TX] HB.1 -> <BCAST>"
FF0D,GWN,3,BACKBONE,"t=213 [TX] HB.1 -> <BCAST>"
FF0D,GWN,3,BACKBONE,"t=220 [TX] HB.1 -> <BCAST>"
FF0D,GWN,3,BACKBONE,"t=227 [TX] HB.1 -> <BCAST>"
FF0D,GWN,3,BACKBONE,"t=234 [TX] HB.1 -> <BCAST>"
FF0D,GWN,3,BACKBONE,"t=241 [TX] HB.1 -> <BCAST>"
FF0D,GWN,3,BACKBONE,"t=248 [TX] HB.1 -> <BCAST>"
FF0D,GWN,3,ACCESS,"t=4 [PHY] Neighbour count: 2->3"
FF0D,GWN,3,ACCESS,"t=6 [PHY] Neighbour count: 4->5"
FF0D,GWN,3,ACCESS,"t=7 [PHY] Neighbour count: 5->6"
FF0D,GWN,3,ACCESS,"t=8 [PHY] Neighbour count: 6->7"
FF0D,GWN,3,ACCESS,"t=9 [HELLO_TX] bcast battery=100.0%"
FF0D,GWN,3,ACCESS,"t=12 [PHY] Neighbour count: 7->8"
FF0D,GWN,3,ACCESS,"t=19 [HELLO_TX] bcast battery=100.0%"
FF0D,GWN,3,ACCESS,"t=19 [PHY] Neighbour count: 8->9"
FF0D,GWN,3,ACCESS,"t=21 [PHY] Neighbour count: 9->10"
FF0D,GWN,3,ACCESS,"t=22 [PHY] Neighbour count: 10->11"
FF0D,GWN,3,ACCESS,"t=26 [HELLO_TX] bcast battery=100.0%"
FF0D,GWN,3,ACCESS,"t=30 [PHY] Neighbour count: 11->12"
FF0D,GWN,3,ACCESS,"t=34 [HELLO_TX] bcast battery=100.0%"
FF0D,GWN,3,ACCESS,"t=34 [PHY] Neighbour count: 12->13"
FF0D,GWN,3,ACCESS,"t=39 [PHY] Neighbour count: 13->14"
FF0D,GWN,3,ACCESS,"t=40 [HELLO_TX] bcast battery=100.0%"
FF0D,GWN,3,ACCESS,"t=40 [PHY] Neighbour count: 14->15"
FF0D,GWN,3,ACCESS,"t=50 [HELLO_TX] bcast battery=100.0%"
FF0D,GWN,3,ACCESS,"t=54 [HELLO_TX] bcast battery=100.0%"
FF0D,GWN,3,ACCESS,"t=63 [HELLO_TX] bcast battery=100.0%"
FF0D,GWN,3,ACCESS,"t=70 [HELLO_TX] bcast battery=100.0%"
FF0D,GWN,3,ACCESS,"t=75 [PHY] Neighbour count: 15->16"
FF0D,GWN,3,ACCESS,"t=77 [HELLO_TX] bcast battery=100.0%"
FF0D,GWN,3,ACCESS,"t=84 [HELLO_TX] bcast battery=100.0%"
FF0D,GWN,3,ACCESS,"t=92 [HELLO_TX] bcast battery=100.0%"
FF0D,GWN,3,ACCESS,"t=97 [HELLO_TX] bcast battery=100.0%"
FF0D,GWN,3,ACCESS,"t=103 [HELLO_TX] bcast battery=100.0%"
FF0D,GWN,3,ACCESS,"t=108 [HELLO_TX] bcast battery=100.0%"
FF0D,GWN,3,ACCESS,"t=116 [PHY] Neighbour count: 16->17"
FF0D,GWN,3,ACCESS,"t=118 [HELLO_TX] bcast battery=100.0%"
FF0D,GWN,3,ACCESS,"t=119 [PHY] Neighbour count: 17->18"
FF0D,GWN,3,ACCESS,"t=127 [HELLO_TX] bcast battery=100.0%"
FF0D,GWN,3,ACCESS,"t=131 [HELLO_TX] bcast battery=100.0%"
FF0D,GWN,3,ACCESS,"t=139 [HELLO_TX] bcast battery=100.0%"
FF0D,GWN,3,ACCESS,"t=145 [HELLO_TX] bcast battery=100.0%"
FF0D,GWN,3,ACCESS,"t=154 [HELLO_TX] bcast battery=100.0%"
FF0D,GWN,3,ACCESS,"t=161 [HELLO_TX] bcast battery=100.0%"
FF0D,GWN,3,ACCESS,"t=169 [HELLO_TX] bcast battery=100.0%"
FF0D,GWN,3,ACCESS,"t=174 [HELLO_TX] bcast battery=100.0%"
FF0D,GWN,3,ACCESS,"t=181 [HELLO_TX] bcast battery=100.0%"
FF0D,GWN,3,ACCESS,"t=187 [HELLO_TX] bcast battery=100.0%"
FF0D,GWN,3,ACCESS,"t=196 [HELLO_TX] bcast battery=100.0%"
FF0D,GWN,3,ACCESS,"t=200 [HELLO_TX] bcast battery=100.0%"
FF0D,GWN,3,ACCESS,"t=206 [HELLO_TX] bcast battery=100.0%"
FF0D,GWN,3,ACCESS,"t=213 [HELLO_TX] bcast battery=100.0%"
FF0D,GWN,3,ACCESS,"t=217 [HELLO_TX] bcast battery=100.0%"
FF0D,GWN,3,ACCESS,"t=226 [HELLO_TX] bcast battery=100.0%"
FF0D,GWN,3,ACCESS,"t=236 [HELLO_TX] bcast battery=100.0%"
FF0D,GWN,3,ACCESS,"t=244 [HELLO_TX] bcast battery=100.0%"
FF0D,GWN,3,ACCESS,"t=249 [HELLO_TX] bcast battery=100.0%"
FF0D,GWN,3,UNIFIED,"t=2 [PHY] Neighbor count=1"
FF0D,GWN,3,UNIFIED,"[BB] t=3 [TX] HB.0 -> <BCAST>"
FF0D,GWN,3,UNIFIED,"t=4 [PHY] Neighbor count=2"
FF0D,GWN,3,UNIFIED,"t=4 [PHY] Neighbour count: 2->3"
FF0D,GWN,3,UNIFIED,"t=5 [PHY] Neighbor count=3"
FF0D,GWN,3,UNIFIED,"t=6 [PHY] Neighbor count=4"
FF0D,GWN,3,UNIFIED,"t=6 [PHY] Neighbour count: 4->5"
FF0D,GWN,3,UNIFIED,"t=7 [PHY] Neighbor count=5"
FF0D,GWN,3,UNIFIED,"t=7 [PHY] Neighbour count: 5->6"
FF0D,GWN,3,UNIFIED,"t=8 [PHY] Neighbor count=6"
FF0D,GWN,3,UNIFIED,"t=8 [PHY] Neighbour count: 6->7"
FF0D,GWN,3,UNIFIED,"t=9 [PHY] Neighbor count=7"
FF0D,GWN,3,UNIFIED,"[AC] t=9 [HELLO_TX] bcast battery=100.0%"
FF0D,GWN,3,UNIFIED,"[BB] t=10 [TX] HB.0 -> <BCAST>"
FF0D,GWN,3,UNIFIED,"t=12 [PHY] Neighbour count: 7->8"
FF0D,GWN,3,UNIFIED,"t=13 [PHY] Neighbor count=8"
FF0D,GWN,3,UNIFIED,"[BB] t=17 [TX] HB.0 -> <BCAST>"
FF0D,GWN,3,UNIFIED,"[AC] t=19 [HELLO_TX] bcast battery=100.0%"
FF0D,GWN,3,UNIFIED,"t=19 [PHY] Neighbour count: 8->9"
FF0D,GWN,3,UNIFIED,"t=20 [PHY] Neighbor count=9"
FF0D,GWN,3,UNIFIED,"t=21 [PHY] Neighbour count: 9->10"
FF0D,GWN,3,UNIFIED,"t=22 [PHY] Neighbor count=10"
FF0D,GWN,3,UNIFIED,"t=22 [STATE] BOOT→DISCOVERY (neighbors=10)"
FF0D,GWN,3,UNIFIED,"t=22 [PHY] Neighbour count: 10->11"
FF0D,GWN,3,UNIFIED,"t=23 [PHY] Neighbor count=11"
FF0D,GWN,3,UNIFIED,"[BB] t=24 [TX] HB.1 -> <BCAST>"
FF0D,GWN,3,UNIFIED,"[AC] t=26 [HELLO_TX] bcast battery=100.0%"
FF0D,GWN,3,UNIFIED,"t=30 [PHY] Neighbour count: 11->12"
FF0D,GWN,3,UNIFIED,"t=31 [PHY] Neighbor count=12"
FF0D,GWN,3,UNIFIED,"[BB] t=31 [TX] HB.1 -> <BCAST>"
FF0D,GWN,3,UNIFIED,"[AC] t=34 [HELLO_TX] bcast battery=100.0%"
FF0D,GWN,3,UNIFIED,"t=34 [PHY] Neighbour count: 12->13"
FF0D,GWN,3,UNIFIED,"t=35 [PHY] Neighbor count=13"
FF0D,GWN,3,UNIFIED,"[BB] t=38 [TX] HB.1 -> <BCAST>"
FF0D,GWN,3,UNIFIED,"t=39 [PHY] Neighbour count: 13->14"
FF0D,GWN,3,UNIFIED,"t=40 [PHY] Neighbor count=14"
FF0D,GWN,3,UNIFIED,"[AC] t=40 [HELLO_TX] bcast battery=100.0%"
FF0D,GWN,3,UNIFIED,"t=40 [PHY] Neighbour count: 14->15"
FF0D,GWN,3,UNIFIED,"t=41 [PHY] Neighbor count=15"
FF0D,GWN,3,UNIFIED,"[BB] t=45 [TX] HB.1 -> <BCAST>"
FF0D,GWN,3,UNIFIED,"[AC] t=50 [HELLO_TX] bcast battery=100.0%"
FF0D,GWN,3,UNIFIED,"[BB] t=52 [TX] HB.1 -> <BCAST>"
FF0D,GWN,3,UNIFIED,"[AC] t=54 [HELLO_TX] bcast battery=100.0%"
FF0D,GWN,3,UNIFIED,"[BB] t=59 [TX] HB.1 -> <BCAST>"
FF0D,GWN,3,UNIFIED,"[AC] t=63 [HELLO_TX] bcast battery=100.0%"
FF0D,GWN,3,UNIFIED,"[BB] t=66 [TX] HB.1 -> <BCAST>"
FF0D,GWN,3,UNIFIED,"[AC] t=70 [HELLO_TX] bcast battery=100.0%"
FF0D,GWN,3,UNIFIED,"[BB] t=73 [TX] HB.1 -> <BCAST>"
FF0D,GWN,3,UNIFIED,"t=75 [PHY] Neighbour count: 15->16"
FF0D,GWN,3,UNIFIED,"t=76 [PHY] Neighbor count=16"
FF0D,GWN,3,UNIFIED,"[AC] t=77 [HELLO_TX] bcast battery=100.0%"
FF0D,GWN,3,UNIFIED,"[BB] t=80 [TX] HB.1 -> <BCAST>"
FF0D,GWN,3,UNIFIED,"[AC] t=84 [HELLO_TX] bcast battery=100.0%"
FF0D,GWN,3,UNIFIED,"[BB] t=87 [TX] HB.1 -> <BCAST>"
FF0D,GWN,3,UNIFIED,"[AC] t=92 [HELLO_TX] bcast battery=100.0%"
FF0D,GWN,3,UNIFIED,"[BB] t=94 [TX] HB.1 -> <BCAST>"
FF0D,GWN,3,UNIFIED,"[AC] t=97 [HELLO_TX] bcast battery=100.0%"
FF0D,GWN,3,UNIFIED,"[BB] t=101 [TX] HB.1 -> <BCAST>"
FF0D,GWN,3,UNIFIED,"[AC] t=103 [HELLO_TX] bcast battery=100.0%"
FF0D,GWN,3,UNIFIED,"[BB] t=108 [TX] HB.1 -> <BCAST>"
FF0D,GWN,3,UNIFIED,"[AC] t=108 [HELLO_TX] bcast battery=100.0%"
FF0D,GWN,3,UNIFIED,"[BB] t=115 [TX] HB.1 -> <BCAST>"
FF0D,GWN,3,UNIFIED,"t=116 [PHY] Neighbour count: 16->17"
FF0D,GWN,3,UNIFIED,"t=117 [PHY] Neighbor count=17"
FF0D,GWN,3,UNIFIED,"[AC] t=118 [HELLO_TX] bcast battery=100.0%"
FF0D,GWN,3,UNIFIED,"t=119 [PHY] Neighbour count: 17->18"
FF0D,GWN,3,UNIFIED,"t=120 [PHY] Neighbor count=18"
FF0D,GWN,3,UNIFIED,"[BB] t=122 [TX] HB.1 -> <BCAST>"
FF0D,GWN,3,UNIFIED,"[AC] t=127 [HELLO_TX] bcast battery=100.0%"
FF0D,GWN,3,UNIFIED,"[BB] t=129 [TX] HB.1 -> <BCAST>"
FF0D,GWN,3,UNIFIED,"[AC] t=131 [HELLO_TX] bcast battery=100.0%"
FF0D,GWN,3,UNIFIED,"[BB] t=136 [TX] HB.1 -> <BCAST>"
FF0D,GWN,3,UNIFIED,"[AC] t=139 [HELLO_TX] bcast battery=100.0%"
FF0D,GWN,3,UNIFIED,"[BB] t=143 [TX] HB.1 -> <BCAST>"
FF0D,GWN,3,UNIFIED,"[AC] t=145 [HELLO_TX] bcast battery=100.0%"
FF0D,GWN,3,UNIFIED,"[BB] t=150 [TX] HB.1 -> <BCAST>"
FF0D,GWN,3,UNIFIED,"[AC] t=154 [HELLO_TX] bcast battery=100.0%"
FF0D,GWN,3,UNIFIED,"[BB] t=157 [TX] HB.1 -> <BCAST>"
FF0D,GWN,3,UNIFIED,"[AC] t=161 [HELLO_TX] bcast battery=100.0%"
FF0D,GWN,3,UNIFIED,"[BB] t=164 [TX] HB.1 -> <BCAST>"
FF0D,GWN,3,UNIFIED,"[AC] t=169 [HELLO_TX] bcast battery=100.0%"
FF0D,GWN,3,UNIFIED,"[BB] t=171 [TX] HB.1 -> <BCAST>"
FF0D,GWN,3,UNIFIED,"[AC] t=174 [HELLO_TX] bcast battery=100.0%"
FF0D,GWN,3,UNIFIED,"[BB] t=178 [TX] HB.1 -> <BCAST>"
FF0D,GWN,3,UNIFIED,"[AC] t=181 [HELLO_TX] bcast battery=100.0%"
FF0D,GWN,3,UNIFIED,"[BB] t=185 [TX] HB.1 -> <BCAST>"
FF0D,GWN,3,UNIFIED,"[AC] t=187 [HELLO_TX] bcast battery=100.0%"
FF0D,GWN,3,UNIFIED,"[BB] t=192 [TX] HB.1 -> <BCAST>"
FF0D,GWN,3,UNIFIED,"[AC] t=196 [HELLO_TX] bcast battery=100.0%"
FF0D,GWN,3,UNIFIED,"[BB] t=199 [TX] HB.1 -> <BCAST>"
FF0D,GWN,3,UNIFIED,"[AC] t=200 [HELLO_TX] bcast battery=100.0%"
FF0D,GWN,3,UNIFIED,"[BB] t=206 [TX] HB.1 -> <BCAST>"
FF0D,GWN,3,UNIFIED,"[AC] t=206 [HELLO_TX] bcast battery=100.0%"
FF0D,GWN,3,UNIFIED,"[BB] t=213 [TX] HB.1 -> <BCAST>"
FF0D,GWN,3,UNIFIED,"[AC] t=213 [HELLO_TX] bcast battery=100.0%"
FF0D,GWN,3,UNIFIED,"[AC] t=217 [HELLO_TX] bcast battery=100.0%"
FF0D,GWN,3,UNIFIED,"[BB] t=220 [TX] HB.1 -> <BCAST>"
FF0D,GWN,3,UNIFIED,"[AC] t=226 [HELLO_TX] bcast battery=100.0%"
FF0D,GWN,3,UNIFIED,"[BB] t=227 [TX] HB.1 -> <BCAST>"
FF0D,GWN,3,UNIFIED,"[BB] t=234 [TX] HB.1 -> <BCAST>"
FF0D,GWN,3,UNIFIED,"[AC] t=236 [HELLO_TX] bcast battery=100.0%"
FF0D,GWN,3,UNIFIED,"[BB] t=241 [TX] HB.1 -> <BCAST>"
FF0D,GWN,3,UNIFIED,"[AC] t=244 [HELLO_TX] bcast battery=100.0%"
FF0D,GWN,3,UNIFIED,"[BB] t=248 [TX] HB.1 -> <BCAST>"
FF0D,GWN,3,UNIFIED,"[AC] t=249 [HELLO_TX] bcast battery=100.0%"
AA01,CH,2,UNIFIED,"t=5 [HELLO] NEW 0006 tier=1 verified=0"
AA01,CH,2,UNIFIED,"t=6 [HELLO] NEW FF03 tier=3 verified=0"
AA01,CH,2,UNIFIED,"t=7 [HELLO] NEW FF0B tier=3 verified=0"
AA01,CH,2,UNIFIED,"t=8 [HELLO] NEW 002A tier=1 verified=0"
AA01,CH,2,UNIFIED,"t=9 [HELLO_TX] bat=100% nbr=4"
AA01,CH,2,UNIFIED,"t=10 [HELLO] NEW 002F tier=1 verified=0"
AA01,CH,2,UNIFIED,"t=11 [HELLO] NEW 0012 tier=1 verified=0"
AA01,CH,2,UNIFIED,"t=13 [HELLO_TX] bat=100% nbr=6"
AA01,CH,2,UNIFIED,"t=14 [HELLO] NEW FF0A tier=3 verified=0"
AA01,CH,2,UNIFIED,"t=17 [HELLO] NEW 0018 tier=1 verified=0"
AA01,CH,2,UNIFIED,"t=22 [HELLO_TX] bat=100% nbr=8"
AA01,CH,2,UNIFIED,"t=24 [HELLO] NEW 000F tier=1 verified=0"
AA01,CH,2,UNIFIED,"t=31 [HELLO_TX] bat=100% nbr=9"
AA01,CH,2,UNIFIED,"t=39 [HELLO_TX] bat=100% nbr=9"
AA01,CH,2,UNIFIED,"t=45 [HELLO_TX] bat=100% nbr=9"
AA01,CH,2,UNIFIED,"t=49 [HELLO_TX] bat=100% nbr=9"
AA01,CH,2,UNIFIED,"t=53 [HELLO_TX] bat=100% nbr=9"
AA01,CH,2,UNIFIED,"t=55 [HELLO] NEW FF01 tier=3 verified=1"
AA01,CH,2,UNIFIED,"t=57 [HELLO] NEW 0013 tier=1 verified=0"
AA01,CH,2,UNIFIED,"t=63 [HELLO_TX] bat=100% nbr=11"
AA01,CH,2,UNIFIED,"t=71 [HELLO_TX] bat=100% nbr=11"
AA01,CH,2,UNIFIED,"t=80 [HELLO_TX] bat=100% nbr=11"
AA01,CH,2,UNIFIED,"t=82 [HELLO] NEW AA08 tier=2 verified=0"
AA01,CH,2,UNIFIED,"t=88 [HELLO] NEW 0014 tier=1 verified=0"
AA01,CH,2,UNIFIED,"t=90 [HELLO_TX] bat=100% nbr=13"
AA01,CH,2,UNIFIED,"t=100 [HELLO_TX] bat=100% nbr=13"
AA01,CH,2,UNIFIED,"t=104 [HELLO] NEW 0051 tier=1 verified=0"
AA01,CH,2,UNIFIED,"t=108 [HELLO_TX] bat=100% nbr=14"
AA01,CH,2,UNIFIED,"t=114 [HELLO_TX] bat=100% nbr=14"
AA01,CH,2,UNIFIED,"t=124 [HELLO_TX] bat=100% nbr=14"
AA01,CH,2,UNIFIED,"t=128 [HELLO_TX] bat=100% nbr=14"
AA01,CH,2,UNIFIED,"t=138 [HELLO_TX] bat=100% nbr=14"
AA01,CH,2,UNIFIED,"t=143 [HELLO_TX] bat=100% nbr=14"
AA01,CH,2,UNIFIED,"t=149 [HELLO_TX] bat=100% nbr=14"
AA01,CH,2,UNIFIED,"t=157 [HELLO_TX] bat=100% nbr=14"
AA01,CH,2,UNIFIED,"t=162 [HELLO_TX] bat=100% nbr=14"
AA01,CH,2,UNIFIED,"t=167 [HELLO_TX] bat=100% nbr=14"
AA01,CH,2,UNIFIED,"t=175 [HELLO_TX] bat=100% nbr=14"
AA01,CH,2,UNIFIED,"t=184 [HELLO_TX] bat=100% nbr=14"
AA01,CH,2,UNIFIED,"t=190 [HELLO_TX] bat=100% nbr=14"
AA01,CH,2,UNIFIED,"t=200 [HELLO_TX] bat=100% nbr=14"
AA01,CH,2,UNIFIED,"t=200 [STATE] BOOT->DISCOVERY"
AA01,CH,2,UNIFIED,"t=201 [DISCO] Found verified GWN FF0A"
AA01,CH,2,UNIFIED,"[LOCK][SET] partner=FF0A timeout=4"
AA01,CH,2,UNIFIED,"t=202 [CH_REQ] (1/5) -> FF0A"
AA01,CH,2,UNIFIED,"[LOCK][TIMEOUT] partner=FF0A"
AA01,CH,2,UNIFIED,"t=206 [TIMEOUT] partner=FF0A retry=1/5"
AA01,CH,2,UNIFIED,"t=206 [TIMEOUT] Sent CH_REJECT to orphaned FF0A"
AA01,CH,2,UNIFIED,"[LOCK][CLEAR][TIMEOUT] partner=FF0A"
AA01,CH,2,UNIFIED,"[LOCK][SET] partner=FF0A timeout=4"
AA01,CH,2,UNIFIED,"t=207 [CH_REQ] (2/5) -> FF0A"
AA01,CH,2,UNIFIED,"t=208 [HELLO_TX] bat=100% nbr=14"
AA01,CH,2,UNIFIED,"t=210 [CH_ACK] Received key from FF0A"
AA01,CH,2,UNIFIED,"[LOCK][REFRESH] partner=FF0A timeout=4"
AA01,CH,2,UNIFIED,"t=210 [KEY_ACK] -> FF0A (encrypted)"
AA01,CH,2,UNIFIED,"[LOCK][CLEAR][SUCCESS] partner=FF0A"
AA01,CH,2,UNIFIED,"t=210 [VERIFIED] parent=GWN FF0A (localKey set; encrypted comms)"
AA01,CH,2,UNIFIED,"t=212 [CH_REJECT] from FF0A"
AA01,CH,2,UNIFIED,"t=212 [PURGE] parent FF0A (rejected)"
AA01,CH,2,UNIFIED,"t=217 [HELLO_TX] bat=100% nbr=14"
AA01,CH,2,UNIFIED,"[LOCK][SET] partner=FF0B timeout=4"
AA01,CH,2,UNIFIED,"t=218 [CH_REQ] (1/5) -> FF0B"
AA01,CH,2,UNIFIED,"t=222 [HELLO_TX] bat=100% nbr=14"
AA01,CH,2,UNIFIED,"[LOCK][TIMEOUT] partner=FF0B"
AA01,CH,2,UNIFIED,"t=222 [TIMEOUT] partner=FF0B retry=1/5"
AA01,CH,2,UNIFIED,"t=222 [TIMEOUT] Sent CH_REJECT to orphaned FF0B"
AA01,CH,2,UNIFIED,"[LOCK][CLEAR][TIMEOUT] partner=FF0B"
AA01,CH,2,UNIFIED,"[LOCK][SET] partner=FF0B timeout=4"
AA01,CH,2,UNIFIED,"t=223 [CH_REQ] (2/5) -> FF0B"
AA01,CH,2,UNIFIED,"[LOCK][TIMEOUT] partner=FF0B"
AA01,CH,2,UNIFIED,"t=227 [TIMEOUT] partner=FF0B retry=2/5"
AA01,CH,2,UNIFIED,"t=227 [TIMEOUT] Sent CH_REJECT to orphaned FF0B"
AA01,CH,2,UNIFIED,"[LOCK][CLEAR][TIMEOUT] partner=FF0B"
AA01,CH,2,UNIFIED,"[LOCK][SET] partner=FF0B timeout=4"
AA01,CH,2,UNIFIED,"t=228 [CH_REQ] (3/5) -> FF0B"
AA01,CH,2,UNIFIED,"t=232 [HELLO_TX] bat=100% nbr=14"
AA01,CH,2,UNIFIED,"[LOCK][TIMEOUT] partner=FF0B"
AA01,CH,2,UNIFIED,"t=232 [TIMEOUT] partner=FF0B retry=3/5"
AA01,CH,2,UNIFIED,"t=232 [TIMEOUT] Sent CH_REJECT to orphaned FF0B"
AA01,CH,2,UNIFIED,"[LOCK][CLEAR][TIMEOUT] partner=FF0B"
AA01,CH,2,UNIFIED,"[LOCK][SET] partner=FF0B timeout=4"
AA01,CH,2,UNIFIED,"t=233 [CH_REQ] (4/5) -> FF0B"
AA01,CH,2,UNIFIED,"[LOCK][TIMEOUT] partner=FF0B"
AA01,CH,2,UNIFIED,"t=237 [TIMEOUT] partner=FF0B retry=4/5"
AA01,CH,2,UNIFIED,"t=237 [TIMEOUT] Sent CH_REJECT to orphaned FF0B"
AA01,CH,2,UNIFIED,"[LOCK][CLEAR][TIMEOUT] partner=FF0B"
AA01,CH,2,UNIFIED,"[LOCK][SET] partner=FF0B timeout=4"
AA01,CH,2,UNIFIED,"t=238 [CH_REQ] (5/5) -> FF0B"
AA01,CH,2,UNIFIED,"t=239 [HELLO_TX] bat=99% nbr=14"
AA01,CH,2,UNIFIED,"[LOCK][TIMEOUT] partner=FF0B"
AA01,CH,2,UNIFIED,"t=242 [TIMEOUT] partner=FF0B retry=5/5"
AA01,CH,2,UNIFIED,"t=242 [TIMEOUT] Sent CH_REJECT to orphaned FF0B"
AA01,CH,2,UNIFIED,"[LOCK][CLEAR][TIMEOUT] partner=FF0B"
AA01,CH,2,UNIFIED,"t=243 [REJECT] FF0B MAX_RETRIES=5"
AA01,CH,2,UNIFIED,"t=246 [HELLO_TX] bat=99% nbr=14"
AA01,CH,2,UNIFIED,"[LOCK][SET] partner=FF03 timeout=4"
AA01,CH,2,UNIFIED,"t=246 [CH_REQ] (1/5) -> FF03"
AA02,CH,2,UNIFIED,"t=4 [HELLO] NEW 001D tier=1 verified=0"
AA02,CH,2,UNIFIED,"t=5 [HELLO] NEW 0054 tier=1 verified=0"
AA02,CH,2,UNIFIED,"t=6 [HELLO] NEW AA03 tier=2 verified=0"
AA02,CH,2,UNIFIED,"t=7 [HELLO] NEW 0044 tier=1 verified=0"
AA02,CH,2,UNIFIED,"t=8 [HELLO] NEW FF09 tier=3 verified=0"
AA02,CH,2,UNIFIED,"t=9 [HELLO_TX] bat=100% nbr=5"
AA02,CH,2,UNIFIED,"t=9 [HELLO] NEW 001C tier=1 verified=0"
AA02,CH,2,UNIFIED,"t=10 [HELLO] NEW FF01 tier=3 verified=0"
AA02,CH,2,UNIFIED,"t=13 [HELLO] NEW 002E tier=1 verified=0"
AA02,CH,2,UNIFIED,"t=16 [HELLO] NEW 005F tier=1 verified=0"
AA02,CH,2,UNIFIED,"t=19 [HELLO_TX] bat=100% nbr=9"
AA02,CH,2,UNIFIED,"t=20 [HELLO] NEW FF02 tier=3 verified=0"
AA02,CH,2,UNIFIED,"t=22 [HELLO] NEW 0025 tier=1 verified=0"
AA02,CH,2,UNIFIED,"t=28 [HELLO_TX] bat=100% nbr=11"
AA02,CH,2,UNIFIED,"t=33 [HELLO] NEW 003C tier=1 verified=0"
AA02,CH,2,UNIFIED,"t=34 [HELLO_TX] bat=100% nbr=12"
AA02,CH,2,UNIFIED,"t=40 [HELLO_TX] bat=100% nbr=12"
AA02,CH,2,UNIFIED,"t=43 [HELLO] NEW 0060 tier=1 verified=0"
AA02,CH,2,UNIFIED,"t=48 [HELLO_TX] bat=100% nbr=13"
AA02,CH,2,UNIFIED,"t=55 [HELLO] NEW AA08 tier=2 verified=0"
AA02,CH,2,UNIFIED,"t=58 [HELLO_TX] bat=100% nbr=14"
AA02,CH,2,UNIFIED,"t=61 [HELLO] NEW 0031 tier=1 verified=0"
AA02,CH,2,UNIFIED,"t=68 [HELLO_TX] bat=100% nbr=15"
AA02,CH,2,UNIFIED,"t=70 [HELLO] NEW 0037 tier=1 verified=0"
AA02,CH,2,UNIFIED,"t=74 [HELLO_TX] bat=100% nbr=16"
AA02,CH,2,UNIFIED,"t=79 [HELLO] NEW 0041 tier=1 verified=0"
AA02,CH,2,UNIFIED,"t=83 [HELLO_TX] bat=100% nbr=17"
AA02,CH,2,UNIFIED,"t=90 [HELLO_TX] bat=100% nbr=17"
AA02,CH,2,UNIFIED,"t=96 [HELLO_TX] bat=100% nbr=17"
AA02,CH,2,UNIFIED,"t=102 [HELLO_TX] bat=100% nbr=17"
AA02,CH,2,UNIFIED,"t=108 [HELLO_TX] bat=100% nbr=17"
AA02,CH,2,UNIFIED,"t=110 [HELLO] NEW 0063 tier=1 verified=0"
AA02,CH,2,UNIFIED,"t=118 [HELLO_TX] bat=100% nbr=18"
AA02,CH,2,UNIFIED,"t=125 [HELLO_TX] bat=100% nbr=18"
AA02,CH,2,UNIFIED,"t=130 [HELLO_TX] bat=100% nbr=18"
AA02,CH,2,UNIFIED,"t=140 [HELLO_TX] bat=100% nbr=18"
AA02,CH,2,UNIFIED,"t=144 [HELLO] NEW 0059 tier=1 verified=0"
AA02,CH,2,UNIFIED,"t=149 [HELLO_TX] bat=100% nbr=19"
AA02,CH,2,UNIFIED,"t=154 [HELLO_TX] bat=100% nbr=19"
AA02,CH,2,UNIFIED,"t=164 [HELLO_TX] bat=100% nbr=19"
AA02,CH,2,UNIFIED,"t=168 [HELLO_TX] bat=100% nbr=19"
AA02,CH,2,UNIFIED,"t=176 [HELLO_TX] bat=100% nbr=19"
AA02,CH,2,UNIFIED,"t=184 [HELLO_TX] bat=100% nbr=19"
AA02,CH,2,UNIFIED,"t=185 [HELLO] NEW FF03 tier=3 verified=1"
AA02,CH,2,UNIFIED,"t=189 [HELLO_TX] bat=100% nbr=20"
AA02,CH,2,UNIFIED,"t=196 [HELLO_TX] bat=100% nbr=20"
AA02,CH,2,UNIFIED,"t=200 [STATE] BOOT->DISCOVERY"
AA02,CH,2,UNIFIED,"t=201 [HELLO_TX] bat=100% nbr=20"
AA02,CH,2,UNIFIED,"t=201 [DISCO] Found verified GWN FF01"
AA02,CH,2,UNIFIED,"[LOCK][SET] partner=FF01 timeout=4"
AA02,CH,2,UNIFIED,"t=202 [CH_REQ] (1/5) -> FF01"
AA02,CH,2,UNIFIED,"[LOCK][TIMEOUT] partner=FF01"
AA02,CH,2,UNIFIED,"t=206 [TIMEOUT] partner=FF01 retry=1/5"
AA02,CH,2,UNIFIED,"t=206 [TIMEOUT] Sent CH_REJECT to orphaned FF01"
AA02,CH,2,UNIFIED,"[LOCK][CLEAR][TIMEOUT] partner=FF01"
AA02,CH,2,UNIFIED,"[LOCK][SET] partner=FF01 timeout=4"
AA02,CH,2,UNIFIED,"t=207 [CH_REQ] (2/5) -> FF01"
AA02,CH,2,UNIFIED,"t=210 [HELLO_TX] bat=100% nbr=20"
AA02,CH,2,UNIFIED,"[LOCK][TIMEOUT] partner=FF01"
AA02,CH,2,UNIFIED,"t=211 [TIMEOUT] partner=FF01 retry=2/5"
AA02,CH,2,UNIFIED,"t=211 [TIMEOUT] Sent CH_REJECT to orphaned FF01"
AA02,CH,2,UNIFIED,"[LOCK][CLEAR][TIMEOUT] partner=FF01"
AA02,CH,2,UNIFIED,"[LOCK][SET] partner=FF01 timeout=4"
AA02,CH,2,UNIFIED,"t=212 [CH_REQ] (3/5) -> FF01"
AA02,CH,2,UNIFIED,"t=214 [CH_REJECT] from FF01"
AA02,CH,2,UNIFIED,"[LOCK][CLEAR][REJECT] partner=FF01"
AA02,CH,2,UNIFIED,"t=215 [HELLO_TX] bat=100% nbr=20"
AA02,CH,2,UNIFIED,"t=215 [IGNORE] CH_ACK from FF01 (not partner)"
AA02,CH,2,UNIFIED,"t=217 [CH_REJECT] from FF01"
AA02,CH,2,UNIFIED,"[LOCK][SET] partner=FF09 timeout=4"
AA02,CH,2,UNIFIED,"t=218 [CH_REQ] (1/5) -> FF09"
AA02,CH,2,UNIFIED,"t=220 [CH_ACK] Received key from FF09"
AA02,CH,2,UNIFIED,"[LOCK][REFRESH] partner=FF09 timeout=4"
AA02,CH,2,UNIFIED,"t=220 [KEY_ACK] -> FF09 (encrypted)"
AA02,CH,2,UNIFIED,"[LOCK][CLEAR][SUCCESS] partner=FF09"
AA02,CH,2,UNIFIED,"t=220 [VERIFIED] parent=GWN FF09 (localKey set; encrypted comms)"
AA02,CH,2,UNIFIED,"t=223 [HELLO_TX] bat=100% nbr=20"
AA02,CH,2,UNIFIED,"t=229 [HELLO_TX] bat=100% nbr=20"
AA02,CH,2,UNIFIED,"t=239 [HELLO_TX] bat=100% nbr=20"
AA02,CH,2,UNIFIED,"t=245 [HELLO_TX] bat=99% nbr=20"
AA03,CH,2,UNIFIED,"t=4 [HELLO] NEW 0060 tier=1 verified=0"
AA03,CH,2,UNIFIED,"t=6 [HELLO_TX] bat=100% nbr=1"
AA03,CH,2,UNIFIED,"t=7 [HELLO] NEW 0063 tier=1 verified=0"
AA03,CH,2,UNIFIED,"t=8 [HELLO] NEW 0022 tier=1 verified=0"
AA03,CH,2,UNIFIED,"t=9 [HELLO] NEW 0031 tier=1 verified=0"
AA03,CH,2,UNIFIED,"t=11 [HELLO] NEW 0025 tier=1 verified=0"
AA03,CH,2,UNIFIED,"t=12 [HELLO_TX] bat=100% nbr=5"
AA03,CH,2,UNIFIED,"t=13 [HELLO] NEW 0041 tier=1 verified=0"
AA03,CH,2,UNIFIED,"t=17 [HELLO_TX] bat=100% nbr=6"
AA03,CH,2,UNIFIED,"t=17 [HELLO] NEW 0044 tier=1 verified=0"
AA03,CH,2,UNIFIED,"t=21 [HELLO] NEW FF09 tier=3 verified=0"
AA03,CH,2,UNIFIED,"t=25 [HELLO_TX] bat=100% nbr=8"
AA03,CH,2,UNIFIED,"t=26 [HELLO] NEW FF01 tier=3 verified=0"
AA03,CH,2,UNIFIED,"t=27 [HELLO] NEW 0054 tier=1 verified=0"
AA03,CH,2,UNIFIED,"t=30 [HELLO] NEW FF02 tier=3 verified=0"
AA03,CH,2,UNIFIED,"t=31 [HELLO] NEW 001D tier=1 verified=0"
AA03,CH,2,UNIFIED,"t=32 [HELLO_TX] bat=100% nbr=12"
AA03,CH,2,UNIFIED,"t=36 [HELLO_TX] bat=100% nbr=12"
AA03,CH,2,UNIFIED,"t=42 [HELLO_TX] bat=100% nbr=12"
AA03,CH,2,UNIFIED,"t=46 [HELLO_TX] bat=100% nbr=12"
AA03,CH,2,UNIFIED,"t=53 [HELLO_TX] bat=100% nbr=12"
AA03,CH,2,UNIFIED,"t=54 [HELLO] NEW 003C tier=1 verified=0"
AA03,CH,2,UNIFIED,"t=58 [HELLO_TX] bat=100% nbr=13"
AA03,CH,2,UNIFIED,"t=58 [HELLO] NEW AA02 tier=2 verified=0"
AA03,CH,2,UNIFIED,"t=63 [HELLO_TX] bat=100% nbr=14"
AA03,CH,2,UNIFIED,"t=71 [HELLO_TX] bat=100% nbr=14"
AA03,CH,2,UNIFIED,"t=75 [HELLO_TX] bat=100% nbr=14"
AA03,CH,2,UNIFIED,"t=82 [HELLO_TX] bat=100% nbr=14"
AA03,CH,2,UNIFIED,"t=87 [HELLO_TX] bat=100% nbr=14"
AA03,CH,2,UNIFIED,"t=96 [HELLO_TX] bat=100% nbr=14"
AA03,CH,2,UNIFIED,"t=102 [HELLO_TX] bat=100% nbr=14"
AA03,CH,2,UNIFIED,"t=106 [HELLO] NEW 001C tier=1 verified=0"
AA03,CH,2,UNIFIED,"t=108 [HELLO_TX] bat=100% nbr=15"
AA03,CH,2,UNIFIED,"t=117 [HELLO_TX] bat=100% nbr=15"
AA03,CH,2,UNIFIED,"t=119 [HELLO] NEW AA08 tier=2 verified=0"
AA03,CH,2,UNIFIED,"t=123 [HELLO_TX] bat=100% nbr=16"
AA03,CH,2,UNIFIED,"t=128 [HELLO_TX] bat=100% nbr=16"
AA03,CH,2,UNIFIED,"t=132 [HELLO_TX] bat=100% nbr=16"
AA03,CH,2,UNIFIED,"t=140 [HELLO_TX] bat=100% nbr=16"
AA03,CH,2,UNIFIED,"t=148 [HELLO_TX] bat=100% nbr=16"
AA03,CH,2,UNIFIED,"t=154 [HELLO_TX] bat=100% nbr=16"
AA03,CH,2,UNIFIED,"t=164 [HELLO_TX] bat=100% nbr=16"
AA03,CH,2,UNIFIED,"t=174 [HELLO_TX] bat=100% nbr=16"
AA03,CH,2,UNIFIED,"t=181 [HELLO_TX] bat=100% nbr=16"
AA03,CH,2,UNIFIED,"t=187 [HELLO_TX] bat=100% nbr=16"
AA03,CH,2,UNIFIED,"t=191 [HELLO] NEW 0064 tier=1 verified=0"
AA03,CH,2,UNIFIED,"t=194 [HELLO_TX] bat=100% nbr=17"
AA03,CH,2,UNIFIED,"t=199 [HELLO_TX] bat=100% nbr=17"
AA03,CH,2,UNIFIED,"t=200 [STATE] BOOT->DISCOVERY"
AA03,CH,2,UNIFIED,"t=201 [DISCO] Found verified GWN FF02"
AA03,CH,2,UNIFIED,"[LOCK][SET] partner=FF02 timeout=4"
AA03,CH,2,UNIFIED,"t=202 [CH_REQ] (1/5) -> FF02"
AA03,CH,2,UNIFIED,"t=204 [CH_ACK] Received key from FF02"
AA03,CH,2,UNIFIED,"[LOCK][REFRESH] partner=FF02 timeout=4"
AA03,CH,2,UNIFIED,"t=204 [KEY_ACK] -> FF02 (encrypted)"
AA03,CH,2,UNIFIED,"[LOCK][CLEAR][SUCCESS] partner=FF02"
AA03,CH,2,UNIFIED,"t=204 [VERIFIED] parent=GWN FF02 (localKey set; encrypted comms)"
AA03,CH,2,UNIFIED,"t=207 [HELLO_TX] bat=100% nbr=17"
AA03,CH,2,UNIFIED,"t=216 [HELLO_TX] bat=100% nbr=17"
AA03,CH,2,UNIFIED,"t=222 [HELLO_TX] bat=100% nbr=17"
AA03,CH,2,UNIFIED,"t=226 [HELLO_TX] bat=100% nbr=17"
AA03,CH,2,UNIFIED,"t=226 [HELLO] NEW 005B tier=1 verified=0"
AA03,CH,2,UNIFIED,"t=230 [HELLO_TX] bat=100% nbr=18"
AA03,CH,2,UNIFIED,"t=238 [HELLO] NEW 0059 tier=1 verified=0"
AA03,CH,2,UNIFIED,"t=240 [HELLO_TX] bat=100% nbr=19"
AA04,CH,2,UNIFIED,"t=4 [HELLO] NEW 0042 tier=1 verified=0"
AA04,CH,2,UNIFIED,"t=6 [HELLO] NEW AA05 tier=2 verified=0"
AA04,CH,2,UNIFIED,"t=8 [HELLO_TX] bat=100% nbr=2"
AA04,CH,2,UNIFIED,"t=9 [HELLO] NEW 0001 tier=1 verified=0"
AA04,CH,2,UNIFIED,"t=10 [HELLO] NEW 003A tier=1 verified=0"
AA04,CH,2,UNIFIED,"t=12 [HELLO_TX] bat=100% nbr=4"
AA04,CH,2,UNIFIED,"t=15 [HELLO] NEW AA09 tier=2 verified=0"
AA04,CH,2,UNIFIED,"t=17 [HELLO_TX] bat=100% nbr=5"
AA04,CH,2,UNIFIED,"t=18 [HELLO] NEW FF0C tier=3 verified=0"
AA04,CH,2,UNIFIED,"t=24 [HELLO_TX] bat=100% nbr=6"
AA04,CH,2,UNIFIED,"t=27 [HELLO] NEW FF08 tier=3 verified=0"
AA04,CH,2,UNIFIED,"t=30 [HELLO] NEW 004D tier=1 verified=0"
AA04,CH,2,UNIFIED,"t=32 [HELLO_TX] bat=100% nbr=8"
AA04,CH,2,UNIFIED,"t=33 [HELLO] NEW AA0A tier=2 verified=0"
AA04,CH,2,UNIFIED,"t=37 [HELLO_TX] bat=100% nbr=9"
AA04,CH,2,UNIFIED,"t=37 [HELLO] NEW 004B tier=1 verified=0"
AA04,CH,2,UNIFIED,"t=46 [HELLO_TX] bat=100% nbr=10"
AA04,CH,2,UNIFIED,"t=50 [HELLO] NEW 0053 tier=1 verified=0"
AA04,CH,2,UNIFIED,"t=55 [HELLO_TX] bat=100% nbr=11"
AA04,CH,2,UNIFIED,"t=64 [HELLO] NEW 000E tier=1 verified=0"
AA04,CH,2,UNIFIED,"t=65 [HELLO_TX] bat=100% nbr=12"
AA04,CH,2,UNIFIED,"t=69 [HELLO_TX] bat=100% nbr=12"
AA04,CH,2,UNIFIED,"t=73 [HELLO_TX] bat=100% nbr=12"
AA04,CH,2,UNIFIED,"t=78 [HELLO_TX] bat=100% nbr=12"
AA04,CH,2,UNIFIED,"t=86 [HELLO_TX] bat=100% nbr=12"
AA04,CH,2,UNIFIED,"t=88 [HELLO] NEW FF05 tier=3 verified=0"
AA04,CH,2,UNIFIED,"t=91 [HELLO_TX] bat=100% nbr=13"
AA04,CH,2,UNIFIED,"t=97 [HELLO_TX] bat=100% nbr=13"
AA04,CH,2,UNIFIED,"t=104 [HELLO] NEW 0021 tier=1 verified=0"
AA04,CH,2,UNIFIED,"t=107 [HELLO_TX] bat=100% nbr=14"
AA04,CH,2,UNIFIED,"t=113 [HELLO_TX] bat=100% nbr=14"
AA04,CH,2,UNIFIED,"t=121 [HELLO_TX] bat=100% nbr=14"
AA04,CH,2,UNIFIED,"t=126 [HELLO_TX] bat=100% nbr=14"
AA04,CH,2,UNIFIED,"t=126 [HELLO] NEW 0057 tier=1 verified=0"
AA04,CH,2,UNIFIED,"t=132 [HELLO_TX] bat=100% nbr=15"
AA04,CH,2,UNIFIED,"t=133 [HELLO] NEW 0039 tier=1 verified=0"
AA04,CH,2,UNIFIED,"t=140 [HELLO_TX] bat=100% nbr=16"
AA04,CH,2,UNIFIED,"t=148 [HELLO_TX] bat=100% nbr=16"
AA04,CH,2,UNIFIED,"t=154 [HELLO_TX] bat=100% nbr=16"
AA04,CH,2,UNIFIED,"t=164 [HELLO_TX] bat=100% nbr=16"
AA04,CH,2,UNIFIED,"t=174 [HELLO_TX] bat=100% nbr=16"
AA04,CH,2,UNIFIED,"t=181 [HELLO_TX] bat=100% nbr=16"
AA04,CH,2,UNIFIED,"t=191 [HELLO_TX] bat=100% nbr=16"
AA04,CH,2,UNIFIED,"t=197 [HELLO_TX] bat=100% nbr=16"
AA04,CH,2,UNIFIED,"t=200 [STATE] BOOT->DISCOVERY"
AA04,CH,2,UNIFIED,"t=207 [HELLO_TX] bat=100% nbr=16"
AA04,CH,2,UNIFIED,"t=212 [HELLO_TX] bat=100% nbr=16"
AA04,CH,2,UNIFIED,"t=220 [HELLO_TX] bat=100% nbr=16"
AA04,CH,2,UNIFIED,"t=225 [HELLO_TX] bat=100% nbr=16"
AA04,CH,2,UNIFIED,"t=233 [HELLO_TX] bat=100% nbr=16"
AA04,CH,2,UNIFIED,"t=234 [HELLO] NEW AA0B tier=2 verified=0"
AA04,CH,2,UNIFIED,"t=242 [HELLO_TX] bat=100% nbr=17"
AA04,CH,2,UNIFIED,"t=247 [HELLO_TX] bat=100% nbr=17"
AA05,CH,2,UNIFIED,"t=4 [HELLO] NEW 001F tier=1 verified=0"
AA05,CH,2,UNIFIED,"t=6 [HELLO_TX] bat=100% nbr=1"
AA05,CH,2,UNIFIED,"t=6 [HELLO] NEW 0045 tier=1 verified=0"
AA05,CH,2,UNIFIED,"t=7 [HELLO] NEW 0026 tier=1 verified=0"
AA05,CH,2,UNIFIED,"t=8 [HELLO] NEW 004F tier=1 verified=0"
AA05,CH,2,UNIFIED,"t=9 [HELLO] NEW 0053 tier=1 verified=0"
AA05,CH,2,UNIFIED,"t=10 [HELLO] NEW FF0C tier=3 verified=0"
AA05,CH,2,UNIFIED,"t=12 [HELLO_TX] bat=100% nbr=6"
AA05,CH,2,UNIFIED,"t=12 [HELLO] NEW AA04 tier=2 verified=0"
AA05,CH,2,UNIFIED,"t=15 [HELLO] NEW AA09 tier=2 verified=0"
AA05,CH,2,UNIFIED,"t=20 [HELLO_TX] bat=100% nbr=8"
AA05,CH,2,UNIFIED,"t=20 [HELLO] NEW 000E tier=1 verified=0"
AA05,CH,2,UNIFIED,"t=25 [HELLO_TX] bat=100% nbr=9"
AA05,CH,2,UNIFIED,"t=30 [HELLO] NEW FF05 tier=3 verified=0"
AA05,CH,2,UNIFIED,"t=34 [HELLO_TX] bat=100% nbr=10"
AA05,CH,2,UNIFIED,"t=36 [HELLO] NEW 0039 tier=1 verified=0"
AA05,CH,2,UNIFIED,"t=38 [HELLO] NEW 003E tier=1 verified=0"
AA05,CH,2,UNIFIED,"t=43 [HELLO_TX] bat=100% nbr=12"
AA05,CH,2,UNIFIED,"t=43 [HELLO] NEW 0017 tier=1 verified=0"
AA05,CH,2,UNIFIED,"t=47 [HELLO_TX] bat=100% nbr=13"
AA05,CH,2,UNIFIED,"t=53 [HELLO_TX] bat=100% nbr=13"
AA05,CH,2,UNIFIED,"t=56 [HELLO] NEW 004D tier=1 verified=0"
AA05,CH,2,UNIFIED,"t=57 [HELLO_TX] bat=100% nbr=14"
AA05,CH,2,UNIFIED,"t=62 [HELLO_TX] bat=100% nbr=14"
AA05,CH,2,UNIFIED,"t=68 [HELLO] NEW 0001 tier=1 verified=0"
AA05,CH,2,UNIFIED,"t=72 [HELLO_TX] bat=100% nbr=15"
AA05,CH,2,UNIFIED,"t=81 [HELLO_TX] bat=100% nbr=15"
AA05,CH,2,UNIFIED,"t=91 [HELLO_TX] bat=100% nbr=15"
AA05,CH,2,UNIFIED,"t=95 [HELLO_TX] bat=100% nbr=15"
AA05,CH,2,UNIFIED,"t=97 [HELLO] NEW FF0D tier=3 verified=0"
AA05,CH,2,UNIFIED,"t=99 [HELLO_TX] bat=100% nbr=16"
AA05,CH,2,UNIFIED,"t=108 [HELLO_TX] bat=100% nbr=16"
AA05,CH,2,UNIFIED,"t=112 [HELLO_TX] bat=100% nbr=16"
AA05,CH,2,UNIFIED,"t=118 [HELLO_TX] bat=100% nbr=16"
AA05,CH,2,UNIFIED,"t=118 [HELLO] NEW 002D tier=1 verified=0"
AA05,CH,2,UNIFIED,"t=123 [HELLO_TX] bat=100% nbr=17"
AA05,CH,2,UNIFIED,"t=130 [HELLO_TX] bat=100% nbr=17"
AA05,CH,2,UNIFIED,"t=138 [HELLO_TX] bat=100% nbr=17"
AA05,CH,2,UNIFIED,"t=143 [HELLO_TX] bat=100% nbr=17"
AA05,CH,2,UNIFIED,"t=143 [HELLO] NEW 0021 tier=1 verified=0"
AA05,CH,2,UNIFIED,"t=152 [HELLO_TX] bat=100% nbr=18"
AA05,CH,2,UNIFIED,"t=157 [HELLO] NEW 0042 tier=1 verified=0"
AA05,CH,2,UNIFIED,"t=159 [HELLO_TX] bat=100% nbr=19"
AA05,CH,2,UNIFIED,"t=164 [HELLO_TX] bat=100% nbr=19"
AA05,CH,2,UNIFIED,"t=173 [HELLO_TX] bat=100% nbr=19"
AA05,CH,2,UNIFIED,"t=182 [HELLO_TX] bat=100% nbr=19"
AA05,CH,2,UNIFIED,"t=190 [HELLO_TX] bat=100% nbr=19"
AA05,CH,2,UNIFIED,"t=194 [HELLO_TX] bat=100% nbr=19"
AA05,CH,2,UNIFIED,"t=200 [HELLO_TX] bat=100% nbr=19"
AA05,CH,2,UNIFIED,"t=200 [STATE] BOOT->DISCOVERY"
AA05,CH,2,UNIFIED,"t=207 [HELLO_TX] bat=100% nbr=19"
AA05,CH,2,UNIFIED,"t=211 [HELLO_TX] bat=100% nbr=19"
AA05,CH,2,UNIFIED,"t=216 [HELLO_TX] bat=100% nbr=19"
AA05,CH,2,UNIFIED,"t=225 [HELLO_TX] bat=100% nbr=19"
AA05,CH,2,UNIFIED,"t=235 [HELLO_TX] bat=100% nbr=19"
AA05,CH,2,UNIFIED,"t=243 [HELLO_TX] bat=100% nbr=19"
AA06,CH,2,UNIFIED,"t=4 [HELLO] NEW 003D tier=1 verified=0"
AA06,CH,2,UNIFIED,"t=5 [HELLO_TX] bat=100% nbr=1"
AA06,CH,2,UNIFIED,"t=5 [HELLO] NEW 005D tier=1 verified=0"
AA06,CH,2,UNIFIED,"t=6 [HELLO] NEW 0023 tier=1 verified=0"
AA06,CH,2,UNIFIED,"t=8 [HELLO] NEW 003F tier=1 verified=0"
AA06,CH,2,UNIFIED,"t=10 [HELLO_TX] bat=100% nbr=4"
AA06,CH,2,UNIFIED,"t=10 [HELLO] NEW AA07 tier=2 verified=0"
AA06,CH,2,UNIFIED,"t=12 [HELLO] NEW 005C tier=1 verified=0"
AA06,CH,2,UNIFIED,"t=15 [HELLO] NEW 0020 tier=1 verified=0"
AA06,CH,2,UNIFIED,"t=16 [HELLO_TX] bat=100% nbr=7"
AA06,CH,2,UNIFIED,"t=17 [HELLO] NEW 001A tier=1 verified=0"
AA06,CH,2,UNIFIED,"t=22 [HELLO_TX] bat=100% nbr=8"
AA06,CH,2,UNIFIED,"t=27 [HELLO_TX] bat=100% nbr=8"
AA06,CH,2,UNIFIED,"t=29 [HELLO] NEW 0008 tier=1 verified=0"
AA06,CH,2,UNIFIED,"t=36 [HELLO_TX] bat=100% nbr=9"
AA06,CH,2,UNIFIED,"t=44 [HELLO_TX] bat=100% nbr=9"
AA06,CH,2,UNIFIED,"t=44 [HELLO] NEW 004C tier=1 verified=0"
AA06,CH,2,UNIFIED,"t=50 [HELLO] NEW 0049 tier=1 verified=0"
AA06,CH,2,UNIFIED,"t=54 [HELLO_TX] bat=100% nbr=11"
AA06,CH,2,UNIFIED,"t=54 [HELLO] NEW 0029 tier=1 verified=0"
AA06,CH,2,UNIFIED,"t=62 [HELLO_TX] bat=100% nbr=12"
AA06,CH,2,UNIFIED,"t=63 [HELLO] NEW 0019 tier=1 verified=0"
AA06,CH,2,UNIFIED,"t=66 [HELLO_TX] bat=100% nbr=13"
AA06,CH,2,UNIFIED,"t=70 [HELLO_TX] bat=100% nbr=13"
AA06,CH,2,UNIFIED,"t=74 [HELLO_TX] bat=100% nbr=13"
AA06,CH,2,UNIFIED,"t=80 [HELLO] NEW AA09 tier=2 verified=0"
AA06,CH,2,UNIFIED,"t=84 [HELLO_TX] bat=100% nbr=14"
AA06,CH,2,UNIFIED,"t=88 [HELLO_TX] bat=100% nbr=14"
AA06,CH,2,UNIFIED,"t=95 [HELLO_TX] bat=100% nbr=14"
AA06,CH,2,UNIFIED,"t=101 [HELLO_TX] bat=100% nbr=14"
AA06,CH,2,UNIFIED,"t=105 [HELLO_TX] bat=100% nbr=14"
AA06,CH,2,UNIFIED,"t=109 [HELLO_TX] bat=100% nbr=14"
AA06,CH,2,UNIFIED,"t=114 [HELLO_TX] bat=100% nbr=14"
AA06,CH,2,UNIFIED,"t=115 [HELLO] NEW 0002 tier=1 verified=0"
AA06,CH,2,UNIFIED,"t=118 [HELLO_TX] bat=100% nbr=15"
AA06,CH,2,UNIFIED,"t=126 [HELLO_TX] bat=100% nbr=15"
AA06,CH,2,UNIFIED,"t=136 [HELLO_TX] bat=100% nbr=15"
AA06,CH,2,UNIFIED,"t=146 [HELLO_TX] bat=100% nbr=15"
AA06,CH,2,UNIFIED,"t=151 [HELLO_TX] bat=100% nbr=15"
AA06,CH,2,UNIFIED,"t=155 [HELLO] NEW FF0C tier=3 verified=0"
AA06,CH,2,UNIFIED,"t=158 [HELLO_TX] bat=100% nbr=16"
AA06,CH,2,UNIFIED,"t=168 [HELLO_TX] bat=100% nbr=16"
AA06,CH,2,UNIFIED,"t=173 [HELLO_TX] bat=100% nbr=16"
AA06,CH,2,UNIFIED,"t=179 [HELLO] NEW FF06 tier=3 verified=0"
AA06,CH,2,UNIFIED,"t=183 [HELLO_TX] bat=100% nbr=17"
AA06,CH,2,UNIFIED,"t=191 [HELLO_TX] bat=100% nbr=17"
AA06,CH,2,UNIFIED,"t=200 [HELLO_TX] bat=100% nbr=17"
AA06,CH,2,UNIFIED,"t=200 [STATE] BOOT->DISCOVERY"
AA06,CH,2,UNIFIED,"t=205 [HELLO_TX] bat=100% nbr=17"
AA06,CH,2,UNIFIED,"t=212 [HELLO_TX] bat=100% nbr=17"
AA06,CH,2,UNIFIED,"t=216 [HELLO] NEW 0004 tier=1 verified=0"
AA06,CH,2,UNIFIED,"t=219 [HELLO_TX] bat=100% nbr=18"
AA06,CH,2,UNIFIED,"t=225 [HELLO_TX] bat=100% nbr=18"
AA06,CH,2,UNIFIED,"t=233 [HELLO_TX] bat=100% nbr=18"
AA06,CH,2,UNIFIED,"t=237 [HELLO_TX] bat=100% nbr=18"
AA06,CH,2,UNIFIED,"t=242 [HELLO_TX] bat=100% nbr=18"
AA06,CH,2,UNIFIED,"t=249 [HELLO_TX] bat=100% nbr=18"
AA07,CH,2,UNIFIED,"t=4 [HELLO] NEW 003D tier=1 verified=0"
AA07,CH,2,UNIFIED,"t=5 [HELLO] NEW AA06 tier=2 verified=0"
AA07,CH,2,UNIFIED,"t=6 [HELLO] NEW 0029 tier=1 verified=0"
AA07,CH,2,UNIFIED,"t=7 [HELLO] NEW 0020 tier=1 verified=0"
AA07,CH,2,UNIFIED,"t=8 [HELLO] NEW 003F tier=1 verified=0"
AA07,CH,2,UNIFIED,"t=9 [HELLO] NEW 0017 tier=1 verified=0"
AA07,CH,2,UNIFIED,"t=10 [HELLO_TX] bat=100% nbr=6"
AA07,CH,2,UNIFIED,"t=14 [HELLO] NEW 0023 tier=1 verified=0"
AA07,CH,2,UNIFIED,"t=17 [HELLO] NEW 001A tier=1 verified=0"
AA07,CH,2,UNIFIED,"t=18 [HELLO_TX] bat=100% nbr=8"
AA07,CH,2,UNIFIED,"t=19 [HELLO] NEW 003E tier=1 verified=0"
AA07,CH,2,UNIFIED,"t=25 [HELLO] NEW 005D tier=1 verified=0"
AA07,CH,2,UNIFIED,"t=27 [HELLO_TX] bat=100% nbr=10"
AA07,CH,2,UNIFIED,"t=34 [HELLO_TX] bat=100% nbr=10"
AA07,CH,2,UNIFIED,"t=40 [HELLO_TX] bat=100% nbr=10"
AA07,CH,2,UNIFIED,"t=40 [HELLO] NEW FF0D tier=3 verified=0"
AA07,CH,2,UNIFIED,"t=49 [HELLO_TX] bat=100% nbr=11"
AA07,CH,2,UNIFIED,"t=52 [HELLO] NEW 0004 tier=1 verified=0"
AA07,CH,2,UNIFIED,"t=53 [HELLO] NEW 0008 tier=1 verified=0"
AA07,CH,2,UNIFIED,"t=57 [HELLO_TX] bat=100% nbr=13"
AA07,CH,2,UNIFIED,"t=63 [HELLO] NEW AA09 tier=2 verified=0"
AA07,CH,2,UNIFIED,"t=66 [HELLO_TX] bat=100% nbr=14"
AA07,CH,2,UNIFIED,"t=74 [HELLO_TX] bat=100% nbr=14"
AA07,CH,2,UNIFIED,"t=78 [HELLO_TX] bat=100% nbr=14"
AA07,CH,2,UNIFIED,"t=83 [HELLO_TX] bat=100% nbr=14"
AA07,CH,2,UNIFIED,"t=88 [HELLO_TX] bat=100% nbr=14"
AA07,CH,2,UNIFIED,"t=93 [HELLO_TX] bat=100% nbr=14"
AA07,CH,2,UNIFIED,"t=96 [HELLO] NEW 0049 tier=1 verified=0"
AA07,CH,2,UNIFIED,"t=102 [HELLO_TX] bat=100% nbr=15"
AA07,CH,2,UNIFIED,"t=106 [HELLO_TX] bat=100% nbr=15"
AA07,CH,2,UNIFIED,"t=110 [HELLO_TX] bat=100% nbr=15"
AA07,CH,2,UNIFIED,"t=119 [HELLO_TX] bat=100% nbr=15"
AA07,CH,2,UNIFIED,"t=125 [HELLO_TX] bat=100% nbr=15"
AA07,CH,2,UNIFIED,"t=133 [HELLO_TX] bat=100% nbr=15"
AA07,CH,2,UNIFIED,"t=140 [HELLO_TX] bat=100% nbr=15"
AA07,CH,2,UNIFIED,"t=147 [HELLO_TX] bat=100% nbr=15"
AA07,CH,2,UNIFIED,"t=153 [HELLO_TX] bat=100% nbr=15"
AA07,CH,2,UNIFIED,"t=160 [HELLO_TX] bat=100% nbr=15"
AA07,CH,2,UNIFIED,"t=166 [HELLO_TX] bat=100% nbr=15"
AA07,CH,2,UNIFIED,"t=174 [HELLO_TX] bat=100% nbr=15"
AA07,CH,2,UNIFIED,"t=174 [HELLO] NEW 0052 tier=1 verified=0"
AA07,CH,2,UNIFIED,"t=182 [HELLO_TX] bat=100% nbr=16"
AA07,CH,2,UNIFIED,"t=189 [HELLO_TX] bat=100% nbr=16"
AA07,CH,2,UNIFIED,"t=189 [HELLO] NEW 0019 tier=1 verified=0"
AA07,CH,2,UNIFIED,"t=193 [HELLO_TX] bat=100% nbr=17"
AA07,CH,2,UNIFIED,"t=198 [HELLO] NEW 005C tier=1 verified=0"
AA07,CH,2,UNIFIED,"t=200 [STATE] BOOT->DISCOVERY"
AA07,CH,2,UNIFIED,"t=203 [HELLO_TX] bat=100% nbr=18"
AA07,CH,2,UNIFIED,"t=211 [HELLO_TX] bat=100% nbr=18"
AA07,CH,2,UNIFIED,"t=220 [HELLO_TX] bat=100% nbr=18"
AA07,CH,2,UNIFIED,"t=221 [HELLO] NEW 001E tier=1 verified=0"
AA07,CH,2,UNIFIED,"t=226 [HELLO_TX] bat=100% nbr=19"
AA07,CH,2,UNIFIED,"t=230 [HELLO_TX] bat=100% nbr=19"
AA07,CH,2,UNIFIED,"t=238 [HELLO_TX] bat=100% nbr=19"
AA07,CH,2,UNIFIED,"t=244 [HELLO_TX] bat=100% nbr=19"
AA08,CH,2,UNIFIED,"t=5 [HELLO] NEW 005F tier=1 verified=0"
AA08,CH,2,UNIFIED,"t=6 [HELLO] NEW 0037 tier=1 verified=0"
AA08,CH,2,UNIFIED,"t=7 [HELLO] NEW FF0B tier=3 verified=0"
AA08,CH,2,UNIFIED,"t=8 [HELLO] NEW 002A tier=1 verified=0"
AA08,CH,2,UNIFIED,"t=9 [HELLO] NEW 0062 tier=1 verified=0"
AA08,CH,2,UNIFIED,"t=10 [HELLO_TX] bat=100% nbr=5"
AA08,CH,2,UNIFIED,"t=10 [HELLO] NEW FF0A tier=3 verified=0"
AA08,CH,2,UNIFIED,"t=13 [HELLO] NEW 0048 tier=1 verified=0"
AA08,CH,2,UNIFIED,"t=17 [HELLO_TX] bat=100% nbr=7"
AA08,CH,2,UNIFIED,"t=17 [HELLO] NEW 002F tier=1 verified=0"
AA08,CH,2,UNIFIED,"t=20 [HELLO] NEW 0006 tier=1 verified=0"
AA08,CH,2,UNIFIED,"t=24 [HELLO] NEW FF03 tier=3 verified=0"
AA08,CH,2,UNIFIED,"t=25 [HELLO] NEW AA03 tier=2 verified=0"
AA08,CH,2,UNIFIED,"t=26 [HELLO_TX] bat=100% nbr=11"
AA08,CH,2,UNIFIED,"t=31 [HELLO] NEW AA01 tier=2 verified=0"
AA08,CH,2,UNIFIED,"t=35 [HELLO_TX] bat=100% nbr=12"
AA08,CH,2,UNIFIED,"t=35 [HELLO] NEW FF02 tier=3 verified=0"
AA08,CH,2,UNIFIED,"t=42 [HELLO] NEW 001C tier=1 verified=0"
AA08,CH,2,UNIFIED,"t=44 [HELLO_TX] bat=100% nbr=14"
AA08,CH,2,UNIFIED,"t=49 [HELLO_TX] bat=100% nbr=14"
AA08,CH,2,UNIFIED,"t=49 [HELLO] NEW 0054 tier=1 verified=0"
AA08,CH,2,UNIFIED,"t=50 [HELLO] NEW 0051 tier=1 verified=0"
AA08,CH,2,UNIFIED,"t=55 [HELLO_TX] bat=100% nbr=16"
AA08,CH,2,UNIFIED,"t=61 [HELLO_TX] bat=100% nbr=16"
AA08,CH,2,UNIFIED,"t=71 [HELLO_TX] bat=100% nbr=16"
AA08,CH,2,UNIFIED,"t=71 [HELLO] NEW FF01 tier=3 verified=1"
AA08,CH,2,UNIFIED,"t=74 [HELLO] NEW AA02 tier=2 verified=0"
AA08,CH,2,UNIFIED,"t=78 [HELLO_TX] bat=100% nbr=18"
AA08,CH,2,UNIFIED,"t=82 [HELLO_TX] bat=100% nbr=18"
AA08,CH,2,UNIFIED,"t=88 [HELLO_TX] bat=100% nbr=18"
AA08,CH,2,UNIFIED,"t=94 [HELLO_TX] bat=100% nbr=18"
AA08,CH,2,UNIFIED,"t=95 [HELLO] NEW 0028 tier=1 verified=0"
AA08,CH,2,UNIFIED,"t=98 [HELLO_TX] bat=100% nbr=19"
AA08,CH,2,UNIFIED,"t=104 [HELLO_TX] bat=100% nbr=19"
AA08,CH,2,UNIFIED,"t=109 [HELLO_TX] bat=100% nbr=19"
AA08,CH,2,UNIFIED,"t=112 [HELLO] NEW 0038 tier=1 verified=0"
AA08,CH,2,UNIFIED,"t=114 [HELLO_TX] bat=100% nbr=20"
AA08,CH,2,UNIFIED,"t=119 [HELLO_TX] bat=100% nbr=20"
AA08,CH,2,UNIFIED,"t=127 [HELLO_TX] bat=100% nbr=20"
AA08,CH,2,UNIFIED,"t=136 [HELLO_TX] bat=100% nbr=20"
AA08,CH,2,UNIFIED,"t=141 [HELLO_TX] bat=100% nbr=20"
AA08,CH,2,UNIFIED,"t=145 [HELLO_TX] bat=100% nbr=20"
AA08,CH,2,UNIFIED,"t=154 [HELLO_TX] bat=100% nbr=20"
AA08,CH,2,UNIFIED,"t=159 [HELLO_TX] bat=100% nbr=20"
AA08,CH,2,UNIFIED,"t=163 [HELLO_TX] bat=100% nbr=20"
AA08,CH,2,UNIFIED,"t=169 [HELLO_TX] bat=100% nbr=20"
AA08,CH,2,UNIFIED,"t=169 [HELLO] NEW 0013 tier=1 verified=0"
AA08,CH,2,UNIFIED,"t=177 [HELLO_TX] bat=100% nbr=21"
AA08,CH,2,UNIFIED,"t=183 [HELLO_TX] bat=100% nbr=21"
AA08,CH,2,UNIFIED,"t=187 [HELLO_TX] bat=100% nbr=21"
AA08,CH,2,UNIFIED,"t=187 [HELLO] NEW 001D tier=1 verified=0"
AA08,CH,2,UNIFIED,"t=196 [HELLO_TX] bat=100% nbr=22"
AA08,CH,2,UNIFIED,"t=200 [STATE] BOOT->DISCOVERY"
AA08,CH,2,UNIFIED,"t=201 [DISCO] Found verified GWN FF0A"
AA08,CH,2,UNIFIED,"[LOCK][SET] partner=FF0A timeout=4"
AA08,CH,2,UNIFIED,"t=202 [CH_REQ] (1/5) -> FF0A"
AA08,CH,2,UNIFIED,"t=206 [HELLO_TX] bat=100% nbr=22"
AA08,CH,2,UNIFIED,"[LOCK][TIMEOUT] partner=FF0A"
AA08,CH,2,UNIFIED,"t=206 [TIMEOUT] partner=FF0A retry=1/5"
AA08,CH,2,UNIFIED,"t=206 [TIMEOUT] Sent CH_REJECT to orphaned FF0A"
AA08,CH,2,UNIFIED,"[LOCK][CLEAR][TIMEOUT] partner=FF0A"
AA08,CH,2,UNIFIED,"[LOCK][SET] partner=FF0A timeout=4"
AA08,CH,2,UNIFIED,"t=207 [CH_REQ] (2/5) -> FF0A"
AA08,CH,2,UNIFIED,"[LOCK][TIMEOUT] partner=FF0A"
AA08,CH,2,UNIFIED,"t=211 [TIMEOUT] partner=FF0A retry=2/5"
AA08,CH,2,UNIFIED,"t=211 [TIMEOUT] Sent CH_REJECT to orphaned FF0A"
AA08,CH,2,UNIFIED,"[LOCK][CLEAR][TIMEOUT] partner=FF0A"
AA08,CH,2,UNIFIED,"[LOCK][SET] partner=FF0A timeout=4"
AA08,CH,2,UNIFIED,"t=212 [CH_REQ] (3/5) -> FF0A"
AA08,CH,2,UNIFIED,"t=214 [HELLO_TX] bat=100% nbr=22"
AA08,CH,2,UNIFIED,"[LOCK][TIMEOUT] partner=FF0A"
AA08,CH,2,UNIFIED,"t=216 [TIMEOUT] partner=FF0A retry=3/5"
AA08,CH,2,UNIFIED,"t=216 [TIMEOUT] Sent CH_REJECT to orphaned FF0A"
AA08,CH,2,UNIFIED,"[LOCK][CLEAR][TIMEOUT] partner=FF0A"
AA08,CH,2,UNIFIED,"[LOCK][SET] partner=FF0A timeout=4"
AA08,CH,2,UNIFIED,"t=217 [CH_REQ] (4/5) -> FF0A"
AA08,CH,2,UNIFIED,"[LOCK][TIMEOUT] partner=FF0A"
AA08,CH,2,UNIFIED,"t=221 [TIMEOUT] partner=FF0A retry=4/5"
AA08,CH,2,UNIFIED,"t=221 [TIMEOUT] Sent CH_REJECT to orphaned FF0A"
AA08,CH,2,UNIFIED,"[LOCK][CLEAR][TIMEOUT] partner=FF0A"
AA08,CH,2,UNIFIED,"t=221 [HELLO] NEW 0024 tier=1 verified=0"
AA08,CH,2,UNIFIED,"t=222 [HELLO_TX] bat=99% nbr=23"
AA08,CH,2,UNIFIED,"[LOCK][SET] partner=FF0A timeout=4"
AA08,CH,2,UNIFIED,"t=222 [CH_REQ] (5/5) -> FF0A"
AA08,CH,2,UNIFIED,"[LOCK][TIMEOUT] partner=FF0A"
AA08,CH,2,UNIFIED,"t=226 [TIMEOUT] partner=FF0A retry=5/5"
AA08,CH,2,UNIFIED,"t=226 [TIMEOUT] Sent CH_REJECT to orphaned FF0A"
AA08,CH,2,UNIFIED,"[LOCK][CLEAR][TIMEOUT] partner=FF0A"
AA08,CH,2,UNIFIED,"t=227 [REJECT] FF0A MAX_RETRIES=5"
AA08,CH,2,UNIFIED,"t=232 [HELLO_TX] bat=99% nbr=23"
AA08,CH,2,UNIFIED,"[LOCK][SET] partner=FF03 timeout=4"
AA08,CH,2,UNIFIED,"t=233 [CH_REQ] (1/5) -> FF03"
AA08,CH,2,UNIFIED,"[LOCK][TIMEOUT] partner=FF03"
AA08,CH,2,UNIFIED,"t=237 [TIMEOUT] partner=FF03 retry=1/5"
AA08,CH,2,UNIFIED,"t=237 [TIMEOUT] Sent CH_REJECT to orphaned FF03"
AA08,CH,2,UNIFIED,"[LOCK][CLEAR][TIMEOUT] partner=FF03"
AA08,CH,2,UNIFIED,"[LOCK][SET] partner=FF03 timeout=4"
AA08,CH,2,UNIFIED,"t=238 [CH_REQ] (2/5) -> FF03"
AA08,CH,2,UNIFIED,"t=242 [HELLO_TX] bat=99% nbr=23"
AA08,CH,2,UNIFIED,"[LOCK][TIMEOUT] partner=FF03"
AA08,CH,2,UNIFIED,"t=242 [TIMEOUT] partner=FF03 retry=2/5"
AA08,CH,2,UNIFIED,"t=242 [TIMEOUT] Sent CH_REJECT to orphaned FF03"
AA08,CH,2,UNIFIED,"[LOCK][CLEAR][TIMEOUT] partner=FF03"
AA08,CH,2,UNIFIED,"[LOCK][SET] partner=FF03 timeout=4"
AA08,CH,2,UNIFIED,"t=243 [CH_REQ] (3/5) -> FF03"
AA08,CH,2,UNIFIED,"t=246 [HELLO_TX] bat=99% nbr=23"
AA08,CH,2,UNIFIED,"[LOCK][TIMEOUT] partner=FF03"
AA08,CH,2,UNIFIED,"t=247 [TIMEOUT] partner=FF03 retry=3/5"
AA08,CH,2,UNIFIED,"t=247 [TIMEOUT] Sent CH_REJECT to orphaned FF03"
AA08,CH,2,UNIFIED,"[LOCK][CLEAR][TIMEOUT] partner=FF03"
AA08,CH,2,UNIFIED,"[LOCK][SET] partner=FF03 timeout=4"
AA08,CH,2,UNIFIED,"t=248 [CH_REQ] (4/5) -> FF03"
AA09,CH,2,UNIFIED,"t=4 [HELLO] NEW 0021 tier=1 verified=0"
AA09,CH,2,UNIFIED,"t=5 [HELLO] NEW 0036 tier=1 verified=0"
AA09,CH,2,UNIFIED,"t=6 [HELLO] NEW AA05 tier=2 verified=0"
AA09,CH,2,UNIFIED,"t=8 [HELLO] NEW 004F tier=1 verified=0"
AA09,CH,2,UNIFIED,"t=9 [HELLO] NEW 0001 tier=1 verified=0"
AA09,CH,2,UNIFIED,"t=10 [HELLO_TX] bat=100% nbr=5"
AA09,CH,2,UNIFIED,"t=10 [HELLO] NEW AA07 tier=2 verified=0"
AA09,CH,2,UNIFIED,"t=11 [HELLO] NEW 0029 tier=1 verified=0"
AA09,CH,2,UNIFIED,"t=14 [HELLO] NEW 0052 tier=1 verified=0"
AA09,CH,2,UNIFIED,"t=15 [HELLO_TX] bat=100% nbr=8"
AA09,CH,2,UNIFIED,"t=15 [HELLO] NEW 0020 tier=1 verified=0"
AA09,CH,2,UNIFIED,"t=16 [HELLO] NEW 0017 tier=1 verified=0"
AA09,CH,2,UNIFIED,"t=19 [HELLO_TX] bat=100% nbr=10"
AA09,CH,2,UNIFIED,"t=22 [HELLO] NEW 0042 tier=1 verified=0"
AA09,CH,2,UNIFIED,"t=23 [HELLO] NEW 004B tier=1 verified=0"
AA09,CH,2,UNIFIED,"t=28 [HELLO_TX] bat=100% nbr=12"
AA09,CH,2,UNIFIED,"t=36 [HELLO] NEW AA06 tier=2 verified=0"
AA09,CH,2,UNIFIED,"t=37 [HELLO] NEW AA04 tier=2 verified=0"
AA09,CH,2,UNIFIED,"t=38 [HELLO_TX] bat=100% nbr=14"
AA09,CH,2,UNIFIED,"t=42 [HELLO_TX] bat=100% nbr=14"
AA09,CH,2,UNIFIED,"t=49 [HELLO_TX] bat=100% nbr=14"
AA09,CH,2,UNIFIED,"t=50 [HELLO] NEW FF0D tier=3 verified=0"
AA09,CH,2,UNIFIED,"t=51 [HELLO] NEW FF0C tier=3 verified=0"
AA09,CH,2,UNIFIED,"t=54 [HELLO_TX] bat=100% nbr=16"
AA09,CH,2,UNIFIED,"t=60 [HELLO] NEW 0053 tier=1 verified=0"
AA09,CH,2,UNIFIED,"t=63 [HELLO_TX] bat=100% nbr=17"
AA09,CH,2,UNIFIED,"t=67 [HELLO_TX] bat=100% nbr=17"
AA09,CH,2,UNIFIED,"t=71 [HELLO_TX] bat=100% nbr=17"
AA09,CH,2,UNIFIED,"t=75 [HELLO_TX] bat=100% nbr=17"
AA09,CH,2,UNIFIED,"t=80 [HELLO_TX] bat=100% nbr=17"
AA09,CH,2,UNIFIED,"t=88 [HELLO_TX] bat=100% nbr=17"
AA09,CH,2,UNIFIED,"t=94 [HELLO_TX] bat=100% nbr=17"
AA09,CH,2,UNIFIED,"t=96 [HELLO] NEW 003E tier=1 verified=0"
AA09,CH,2,UNIFIED,"t=102 [HELLO_TX] bat=100% nbr=18"
AA09,CH,2,UNIFIED,"t=109 [HELLO] NEW 001F tier=1 verified=0"
AA09,CH,2,UNIFIED,"t=110 [HELLO_TX] bat=100% nbr=19"
AA09,CH,2,UNIFIED,"t=117 [HELLO_TX] bat=100% nbr=19"
AA09,CH,2,UNIFIED,"t=124 [HELLO] NEW 0004 tier=1 verified=0"
AA09,CH,2,UNIFIED,"t=127 [HELLO_TX] bat=100% nbr=20"
AA09,CH,2,UNIFIED,"t=131 [HELLO_TX] bat=100% nbr=20"
AA09,CH,2,UNIFIED,"t=139 [HELLO_TX] bat=100% nbr=20"
AA09,CH,2,UNIFIED,"t=149 [HELLO_TX] bat=100% nbr=20"
AA09,CH,2,UNIFIED,"t=154 [HELLO_TX] bat=100% nbr=20"
AA09,CH,2,UNIFIED,"t=164 [HELLO_TX] bat=100% nbr=20"
AA09,CH,2,UNIFIED,"t=173 [HELLO_TX] bat=100% nbr=20"
AA09,CH,2,UNIFIED,"t=179 [HELLO_TX] bat=100% nbr=20"
AA09,CH,2,UNIFIED,"t=183 [HELLO_TX] bat=100% nbr=20"
AA09,CH,2,UNIFIED,"t=187 [HELLO_TX] bat=100% nbr=20"
AA09,CH,2,UNIFIED,"t=195 [HELLO_TX] bat=100% nbr=20"
AA09,CH,2,UNIFIED,"t=199 [HELLO_TX] bat=100% nbr=20"
AA09,CH,2,UNIFIED,"t=200 [STATE] BOOT->DISCOVERY"
AA09,CH,2,UNIFIED,"t=209 [HELLO_TX] bat=100% nbr=20"
AA09,CH,2,UNIFIED,"t=216 [HELLO_TX] bat=100% nbr=20"
AA09,CH,2,UNIFIED,"t=220 [HELLO_TX] bat=100% nbr=20"
AA09,CH,2,UNIFIED,"t=225 [HELLO_TX] bat=100% nbr=20"
AA09,CH,2,UNIFIED,"t=229 [HELLO_TX] bat=100% nbr=20"
AA09,CH,2,UNIFIED,"t=237 [HELLO_TX] bat=100% nbr=20"
AA09,CH,2,UNIFIED,"t=247 [HELLO_TX] bat=100% nbr=20"
AA0A,CH,2,UNIFIED,"t=4 [HELLO] NEW 0040 tier=1 verified=0"
AA0A,CH,2,UNIFIED,"t=5 [HELLO] NEW 0043 tier=1 verified=0"
AA0A,CH,2,UNIFIED,"t=8 [HELLO] NEW AA0B tier=2 verified=0"
AA0A,CH,2,UNIFIED,"t=9 [HELLO_TX] bat=100% nbr=3"
AA0A,CH,2,UNIFIED,"t=9 [HELLO] NEW 000B tier=1 verified=0"
AA0A,CH,2,UNIFIED,"t=10 [HELLO] NEW 001B tier=1 verified=0"
AA0A,CH,2,UNIFIED,"t=16 [HELLO_TX] bat=100% nbr=5"
AA0A,CH,2,UNIFIED,"t=17 [HELLO] NEW AA04 tier=2 verified=0"
AA0A,CH,2,UNIFIED,"t=22 [HELLO_TX] bat=100% nbr=6"
AA0A,CH,2,UNIFIED,"t=26 [HELLO_TX] bat=100% nbr=6"
AA0A,CH,2,UNIFIED,"t=27 [HELLO] NEW FF08 tier=3 verified=0"
AA0A,CH,2,UNIFIED,"t=31 [HELLO] NEW FF0C tier=3 verified=0"
AA0A,CH,2,UNIFIED,"t=33 [HELLO_TX] bat=100% nbr=8"
AA0A,CH,2,UNIFIED,"t=38 [HELLO] NEW FF05 tier=3 verified=0"
AA0A,CH,2,UNIFIED,"t=39 [HELLO_TX] bat=100% nbr=9"
AA0A,CH,2,UNIFIED,"t=43 [HELLO] NEW 0057 tier=1 verified=0"
AA0A,CH,2,UNIFIED,"t=45 [HELLO_TX] bat=100% nbr=10"
AA0A,CH,2,UNIFIED,"t=49 [HELLO_TX] bat=100% nbr=10"
AA0A,CH,2,UNIFIED,"t=54 [HELLO] NEW 0042 tier=1 verified=0"
AA0A,CH,2,UNIFIED,"t=55 [HELLO_TX] bat=100% nbr=11"
AA0A,CH,2,UNIFIED,"t=60 [HELLO_TX] bat=100% nbr=11"
AA0A,CH,2,UNIFIED,"t=61 [HELLO] NEW 003A tier=1 verified=0"
AA0A,CH,2,UNIFIED,"t=66 [HELLO_TX] bat=100% nbr=12"
AA0A,CH,2,UNIFIED,"t=70 [HELLO_TX] bat=100% nbr=12"
AA0A,CH,2,UNIFIED,"t=78 [HELLO_TX] bat=100% nbr=12"
AA0A,CH,2,UNIFIED,"t=83 [HELLO_TX] bat=100% nbr=12"
AA0A,CH,2,UNIFIED,"t=90 [HELLO_TX] bat=100% nbr=12"
AA0A,CH,2,UNIFIED,"t=99 [HELLO_TX] bat=100% nbr=12"
AA0A,CH,2,UNIFIED,"t=103 [HELLO_TX] bat=100% nbr=12"
AA0A,CH,2,UNIFIED,"t=110 [HELLO_TX] bat=100% nbr=12"
AA0A,CH,2,UNIFIED,"t=110 [HELLO] NEW 005A tier=1 verified=0"
AA0A,CH,2,UNIFIED,"t=117 [HELLO_TX] bat=100% nbr=13"
AA0A,CH,2,UNIFIED,"t=120 [HELLO] NEW 004B tier=1 verified=0"
AA0A,CH,2,UNIFIED,"t=126 [HELLO_TX] bat=100% nbr=14"
AA0A,CH,2,UNIFIED,"t=132 [HELLO_TX] bat=100% nbr=14"
AA0A,CH,2,UNIFIED,"t=140 [HELLO_TX] bat=100% nbr=14"
AA0A,CH,2,UNIFIED,"t=150 [HELLO_TX] bat=100% nbr=14"
AA0A,CH,2,UNIFIED,"t=155 [HELLO_TX] bat=100% nbr=14"
AA0A,CH,2,UNIFIED,"t=165 [HELLO_TX] bat=100% nbr=14"
AA0A,CH,2,UNIFIED,"t=170 [HELLO_TX] bat=100% nbr=14"
AA0A,CH,2,UNIFIED,"t=179 [HELLO_TX] bat=100% nbr=14"
AA0A,CH,2,UNIFIED,"t=189 [HELLO_TX] bat=100% nbr=14"
AA0A,CH,2,UNIFIED,"t=196 [HELLO_TX] bat=100% nbr=14"
AA0A,CH,2,UNIFIED,"t=200 [STATE] BOOT->DISCOVERY"
AA0A,CH,2,UNIFIED,"t=201 [HELLO_TX] bat=100% nbr=14"
AA0A,CH,2,UNIFIED,"t=209 [HELLO_TX] bat=100% nbr=14"
AA0A,CH,2,UNIFIED,"t=214 [HELLO_TX] bat=100% nbr=14"
AA0A,CH,2,UNIFIED,"t=222 [HELLO_TX] bat=100% nbr=14"
AA0A,CH,2,UNIFIED,"t=228 [HELLO_TX] bat=100% nbr=14"
AA0A,CH,2,UNIFIED,"t=237 [HELLO_TX] bat=100% nbr=14"
AA0A,CH,2,UNIFIED,"t=241 [HELLO_TX] bat=100% nbr=14"
AA0A,CH,2,UNIFIED,"t=245 [HELLO_TX] bat=100% nbr=14"
AA0B,CH,2,UNIFIED,"t=4 [HELLO] NEW 0040 tier=1 verified=0"
AA0B,CH,2,UNIFIED,"t=8 [HELLO_TX] bat=100% nbr=1"
AA0B,CH,2,UNIFIED,"t=8 [HELLO] NEW AA04 tier=2 verified=0"
AA0B,CH,2,UNIFIED,"t=9 [HELLO] NEW AA0A tier=2 verified=0"
AA0B,CH,2,UNIFIED,"t=10 [HELLO] NEW FF08 tier=3 verified=0"
AA0B,CH,2,UNIFIED,"t=12 [HELLO] NEW 0043 tier=1 verified=0"
AA0B,CH,2,UNIFIED,"t=14 [HELLO_TX] bat=100% nbr=5"
AA0B,CH,2,UNIFIED,"t=19 [HELLO_TX] bat=100% nbr=5"
AA0B,CH,2,UNIFIED,"t=20 [HELLO] NEW 001B tier=1 verified=0"
AA0B,CH,2,UNIFIED,"t=29 [HELLO_TX] bat=100% nbr=6"
AA0B,CH,2,UNIFIED,"t=29 [HELLO] NEW 0042 tier=1 verified=0"
AA0B,CH,2,UNIFIED,"t=34 [HELLO_TX] bat=100% nbr=7"
AA0B,CH,2,UNIFIED,"t=42 [HELLO_TX] bat=100% nbr=7"
AA0B,CH,2,UNIFIED,"t=43 [HELLO] NEW FF05 tier=3 verified=0"
AA0B,CH,2,UNIFIED,"t=45 [HELLO] NEW 000B tier=1 verified=0"
AA0B,CH,2,UNIFIED,"t=52 [HELLO_TX] bat=100% nbr=9"
AA0B,CH,2,UNIFIED,"t=61 [HELLO_TX] bat=100% nbr=9"
AA0B,CH,2,UNIFIED,"t=61 [HELLO] NEW 003A tier=1 verified=0"
AA0B,CH,2,UNIFIED,"t=65 [HELLO_TX] bat=100% nbr=10"
AA0B,CH,2,UNIFIED,"t=73 [HELLO_TX] bat=100% nbr=10"
AA0B,CH,2,UNIFIED,"t=80 [HELLO_TX] bat=100% nbr=10"
AA0B,CH,2,UNIFIED,"t=90 [HELLO_TX] bat=100% nbr=10"
AA0B,CH,2,UNIFIED,"t=98 [HELLO_TX] bat=100% nbr=10"
AA0B,CH,2,UNIFIED,"t=105 [HELLO_TX] bat=100% nbr=10"
AA0B,CH,2,UNIFIED,"t=112 [HELLO_TX] bat=100% nbr=10"
AA0B,CH,2,UNIFIED,"t=121 [HELLO_TX] bat=100% nbr=10"
AA0B,CH,2,UNIFIED,"t=130 [HELLO_TX] bat=100% nbr=10"
AA0B,CH,2,UNIFIED,"t=135 [HELLO] NEW 0057 tier=1 verified=0"
AA0B,CH,2,UNIFIED,"t=136 [HELLO_TX] bat=100% nbr=11"
AA0B,CH,2,UNIFIED,"t=146 [HELLO_TX] bat=100% nbr=11"
AA0B,CH,2,UNIFIED,"t=154 [HELLO_TX] bat=100% nbr=11"
AA0B,CH,2,UNIFIED,"t=160 [HELLO_TX] bat=100% nbr=11"
AA0B,CH,2,UNIFIED,"t=170 [HELLO_TX] bat=100% nbr=11"
AA0B,CH,2,UNIFIED,"t=180 [HELLO_TX] bat=100% nbr=11"
AA0B,CH,2,UNIFIED,"t=187 [HELLO_TX] bat=100% nbr=11"
AA0B,CH,2,UNIFIED,"t=197 [HELLO_TX] bat=100% nbr=11"
AA0B,CH,2,UNIFIED,"t=200 [STATE] BOOT->DISCOVERY"
AA0B,CH,2,UNIFIED,"t=202 [HELLO_TX] bat=100% nbr=11"
AA0B,CH,2,UNIFIED,"t=208 [HELLO_TX] bat=100% nbr=11"
AA0B,CH,2,UNIFIED,"t=215 [HELLO_TX] bat=100% nbr=11"
AA0B,CH,2,UNIFIED,"t=217 [HELLO] NEW FF0C tier=3 verified=0"
AA0B,CH,2,UNIFIED,"t=224 [HELLO_TX] bat=100% nbr=12"
AA0B,CH,2,UNIFIED,"t=234 [HELLO_TX] bat=100% nbr=12"
AA0B,CH,2,UNIFIED,"t=240 [HELLO_TX] bat=100% nbr=12"
AA0B,CH,2,UNIFIED,"t=244 [HELLO_TX] bat=100% nbr=12"
0001,SENSOR,1,UNIFIED,"t=4 [HELLO_RX] NEW FF0C tier=3(GWN) verified=0 rssi=1.7"
0001,SENSOR,1,UNIFIED,"t=7 [HELLO_RX] NEW 0026 tier=1(UNK) verified=0 rssi=0.2"
0001,SENSOR,1,UNIFIED,"t=8 [HELLO_RX] NEW AA04 tier=2(CH) verified=0 rssi=4.0"
0001,SENSOR,1,UNIFIED,"t=9 [HELLO_TX] bat=100% nbr=3"
0001,SENSOR,1,UNIFIED,"t=9 [HELLO_RX] NEW 0053 tier=1(UNK) verified=0 rssi=1.3"
0001,SENSOR,1,UNIFIED,"t=10 [HELLO_RX] NEW 004D tier=1(UNK) verified=0 rssi=5.0"
0001,SENSOR,1,UNIFIED,"t=13 [HELLO_RX] NEW FF05 tier=3(GWN) verified=0 rssi=0.9"
0001,SENSOR,1,UNIFIED,"t=14 [HELLO_RX] NEW AA0B tier=2(CH) verified=0 rssi=0.3"
0001,SENSOR,1,UNIFIED,"t=16 [HELLO_TX] bat=100% nbr=7"
0001,SENSOR,1,UNIFIED,"t=20 [HELLO_RX] NEW 000E tier=1(UNK) verified=0 rssi=1.5"
0001,SENSOR,1,UNIFIED,"t=22 [HELLO_RX] NEW 0039 tier=1(UNK) verified=0 rssi=0.7"
0001,SENSOR,1,UNIFIED,"t=24 [HELLO_TX] bat=100% nbr=9"
0001,SENSOR,1,UNIFIED,"t=27 [HELLO_RX] NEW FF08 tier=3(GWN) verified=0 rssi=0.5"
0001,SENSOR,1,UNIFIED,"t=28 [HELLO_TX] bat=100% nbr=10"
0001,SENSOR,1,UNIFIED,"t=34 [HELLO_TX] bat=100% nbr=10"
0001,SENSOR,1,UNIFIED,"t=34 [HELLO_RX] NEW AA05 tier=2(CH) verified=0 rssi=1.0"
0001,SENSOR,1,UNIFIED,"t=36 [HELLO_RX] NEW 003A tier=1(UNK) verified=0 rssi=1.4"
0001,SENSOR,1,UNIFIED,"t=44 [HELLO_TX] bat=100% nbr=12"
0001,SENSOR,1,UNIFIED,"t=52 [HELLO_TX] bat=100% nbr=12"
0001,SENSOR,1,UNIFIED,"t=54 [HELLO_RX] NEW 0042 tier=1(UNK) verified=0 rssi=0.6"
0001,SENSOR,1,UNIFIED,"t=59 [HELLO_TX] bat=100% nbr=13"
0001,SENSOR,1,UNIFIED,"t=67 [HELLO_RX] NEW AA09 tier=2(CH) verified=0 rssi=0.4"
0001,SENSOR,1,UNIFIED,"t=68 [HELLO_TX] bat=100% nbr=14"
0001,SENSOR,1,UNIFIED,"t=75 [HELLO_RX] NEW 0045 tier=1(UNK) verified=0 rssi=0.3"
0001,SENSOR,1,UNIFIED,"t=76 [HELLO_TX] bat=100% nbr=15"
0001,SENSOR,1,UNIFIED,"t=80 [HELLO_TX] bat=100% nbr=15"
0001,SENSOR,1,UNIFIED,"t=85 [HELLO_TX] bat=100% nbr=15"
0001,SENSOR,1,UNIFIED,"t=90 [HELLO_TX] bat=100% nbr=15"
0001,SENSOR,1,UNIFIED,"t=95 [HELLO_TX] bat=100% nbr=15"
0001,SENSOR,1,UNIFIED,"t=103 [HELLO_RX] NEW AA0A tier=2(CH) verified=0 rssi=0.3"
0001,SENSOR,1,UNIFIED,"t=105 [HELLO_TX] bat=100% nbr=16"
0001,SENSOR,1,UNIFIED,"t=111 [HELLO_TX] bat=100% nbr=16"
0001,SENSOR,1,UNIFIED,"t=119 [HELLO_TX] bat=100% nbr=16"
0001,SENSOR,1,UNIFIED,"t=119 [HELLO_RX] NEW 004F tier=1(UNK) verified=0 rssi=0.2"
0001,SENSOR,1,UNIFIED,"t=127 [HELLO_TX] bat=100% nbr=17"
0001,SENSOR,1,UNIFIED,"t=131 [HELLO_TX] bat=100% nbr=17"
0001,SENSOR,1,UNIFIED,"t=139 [HELLO_TX] bat=100% nbr=17"
0001,SENSOR,1,UNIFIED,"t=139 [HELLO_RX] NEW FF0D tier=3(GWN) verified=0 rssi=0.2"
0001,SENSOR,1,UNIFIED,"t=146 [HELLO_TX] bat=100% nbr=18"
0001,SENSOR,1,UNIFIED,"t=156 [HELLO_TX] bat=100% nbr=18"
0001,SENSOR,1,UNIFIED,"t=165 [HELLO_TX] bat=100% nbr=18"
0001,SENSOR,1,UNIFIED,"t=171 [HELLO_TX] bat=100% nbr=18"
0001,SENSOR,1,UNIFIED,"t=181 [HELLO_TX] bat=100% nbr=18"
0001,SENSOR,1,UNIFIED,"t=191 [HELLO_TX] bat=100% nbr=18"
0001,SENSOR,1,UNIFIED,"t=201 [HELLO_TX] bat=100% nbr=18"
0001,SENSOR,1,UNIFIED,"t=203 [HELLO_RX] NEW 0021 tier=1(UNK) verified=0 rssi=0.2"
0001,SENSOR,1,UNIFIED,"t=209 [HELLO_TX] bat=100% nbr=19"
0001,SENSOR,1,UNIFIED,"t=213 [HELLO_TX] bat=100% nbr=19"
0001,SENSOR,1,UNIFIED,"t=220 [HELLO_TX] bat=100% nbr=19"
0001,SENSOR,1,UNIFIED,"t=230 [HELLO_TX] bat=100% nbr=19"
0001,SENSOR,1,UNIFIED,"t=237 [HELLO_TX] bat=100% nbr=19"
0001,SENSOR,1,UNIFIED,"t=247 [HELLO_TX] bat=100% nbr=19"
0002,SENSOR,1,UNIFIED,"t=4 [HELLO_TX] bat=100% nbr=0"
0002,SENSOR,1,UNIFIED,"t=4 [HELLO_RX] NEW 0030 tier=1(UNK) verified=0 rssi=0.8"
0002,SENSOR,1,UNIFIED,"t=6 [HELLO_RX] NEW 0023 tier=1(UNK) verified=0 rssi=0.3"
0002,SENSOR,1,UNIFIED,"t=8 [HELLO_RX] NEW FF07 tier=3(GWN) verified=0 rssi=0.2"
0002,SENSOR,1,UNIFIED,"t=9 [HELLO_TX] bat=100% nbr=3"
0002,SENSOR,1,UNIFIED,"t=10 [HELLO_RX] NEW 004C tier=1(UNK) verified=0 rssi=9.4"
0002,SENSOR,1,UNIFIED,"t=11 [HELLO_RX] NEW 003D tier=1(UNK) verified=0 rssi=1.0"
0002,SENSOR,1,UNIFIED,"t=13 [HELLO_RX] NEW 0003 tier=1(UNK) verified=0 rssi=0.6"
0002,SENSOR,1,UNIFIED,"t=15 [HELLO_RX] NEW 000C tier=1(UNK) verified=0 rssi=0.2"
0002,SENSOR,1,UNIFIED,"t=17 [HELLO_TX] bat=100% nbr=7"
0002,SENSOR,1,UNIFIED,"t=19 [HELLO_RX] NEW 0008 tier=1(UNK) verified=0 rssi=1.6"
0002,SENSOR,1,UNIFIED,"t=20 [HELLO_RX] NEW 002C tier=1(UNK) verified=0 rssi=0.4"
0002,SENSOR,1,UNIFIED,"t=22 [HELLO_RX] NEW AA06 tier=2(CH) verified=0 rssi=0.5"
0002,SENSOR,1,UNIFIED,"t=23 [HELLO_TX] bat=100% nbr=10"
0002,SENSOR,1,UNIFIED,"t=30 [HELLO_TX] bat=100% nbr=10"
0002,SENSOR,1,UNIFIED,"t=32 [HELLO_RX] NEW 003B tier=1(UNK) verified=0 rssi=0.3"
0002,SENSOR,1,UNIFIED,"t=35 [HELLO_RX] NEW FF04 tier=3(GWN) verified=0 rssi=0.2"
0002,SENSOR,1,UNIFIED,"t=36 [HELLO_TX] bat=100% nbr=12"
0002,SENSOR,1,UNIFIED,"t=37 [HELLO_RX] NEW FF06 tier=3(GWN) verified=0 rssi=0.3"
0002,SENSOR,1,UNIFIED,"t=45 [HELLO_TX] bat=100% nbr=13"
0002,SENSOR,1,UNIFIED,"t=46 [HELLO_RX] NEW 003F tier=1(UNK) verified=0 rssi=0.2"
0002,SENSOR,1,UNIFIED,"t=49 [HELLO_TX] bat=100% nbr=14"
0002,SENSOR,1,UNIFIED,"t=54 [HELLO_TX] bat=100% nbr=14"
0002,SENSOR,1,UNIFIED,"t=59 [HELLO_RX] NEW 0034 tier=1(UNK) verified=0 rssi=0.2"
0002,SENSOR,1,UNIFIED,"t=63 [HELLO_TX] bat=100% nbr=15"
0002,SENSOR,1,UNIFIED,"t=63 [HELLO_RX] NEW 0019 tier=1(UNK) verified=0 rssi=0.2"
0002,SENSOR,1,UNIFIED,"t=69 [HELLO_TX] bat=100% nbr=16"
0002,SENSOR,1,UNIFIED,"t=73 [HELLO_TX] bat=100% nbr=16"
0002,SENSOR,1,UNIFIED,"t=75 [HELLO_RX] NEW 0009 tier=1(UNK) verified=0 rssi=0.2"
0002,SENSOR,1,UNIFIED,"t=81 [HELLO_TX] bat=100% nbr=17"
0002,SENSOR,1,UNIFIED,"t=91 [HELLO_TX] bat=100% nbr=17"
0002,SENSOR,1,UNIFIED,"t=97 [HELLO_TX] bat=100% nbr=17"
0002,SENSOR,1,UNIFIED,"t=104 [HELLO_TX] bat=100% nbr=17"
0002,SENSOR,1,UNIFIED,"t=106 [HELLO_RX] NEW AA07 tier=2(CH) verified=0 rssi=0.2"
0002,SENSOR,1,UNIFIED,"t=111 [HELLO_TX] bat=100% nbr=18"
0002,SENSOR,1,UNIFIED,"t=115 [HELLO_TX] bat=100% nbr=18"
0002,SENSOR,1,UNIFIED,"t=123 [HELLO_TX] bat=100% nbr=18"
0002,SENSOR,1,UNIFIED,"t=128 [HELLO_TX] bat=100% nbr=18"
0002,SENSOR,1,UNIFIED,"t=138 [HELLO_TX] bat=100% nbr=18"
0002,SENSOR,1,UNIFIED,"t=148 [HELLO_TX] bat=100% nbr=18"
0002,SENSOR,1,UNIFIED,"t=154 [HELLO_TX] bat=100% nbr=18"
0002,SENSOR,1,UNIFIED,"t=159 [HELLO_TX] bat=100% nbr=18"
0002,SENSOR,1,UNIFIED,"t=165 [HELLO_TX] bat=100% nbr=18"
0002,SENSOR,1,UNIFIED,"t=170 [HELLO_TX] bat=100% nbr=18"
0002,SENSOR,1,UNIFIED,"t=177 [HELLO_TX] bat=100% nbr=18"
0002,SENSOR,1,UNIFIED,"t=182 [HELLO_TX] bat=100% nbr=18"
0002,SENSOR,1,UNIFIED,"t=186 [HELLO_TX] bat=100% nbr=18"
0002,SENSOR,1,UNIFIED,"t=194 [HELLO_TX] bat=100% nbr=18"
0002,SENSOR,1,UNIFIED,"t=203 [HELLO_TX] bat=100% nbr=18"
0002,SENSOR,1,UNIFIED,"t=210 [HELLO_RX] NEW 004A tier=1(UNK) verified=0 rssi=0.2"
0002,SENSOR,1,UNIFIED,"t=211 [HELLO_TX] bat=100% nbr=19"
0002,SENSOR,1,UNIFIED,"t=221 [HELLO_TX] bat=100% nbr=19"
0002,SENSOR,1,UNIFIED,"t=230 [HELLO_TX] bat=100% nbr=19"
0002,SENSOR,1,UNIFIED,"t=238 [HELLO_TX] bat=100% nbr=19"
0002,SENSOR,1,UNIFIED,"t=246 [HELLO_TX] bat=100% nbr=19"
0003,SENSOR,1,UNIFIED,"t=4 [HELLO_TX] bat=100% nbr=0"
0003,SENSOR,1,UNIFIED,"t=4 [HELLO_RX] NEW 0030 tier=1(UNK) verified=0 rssi=9.6"
0003,SENSOR,1,UNIFIED,"t=6 [HELLO_RX] NEW FF06 tier=3(GWN) verified=0 rssi=0.5"
0003,SENSOR,1,UNIFIED,"t=8 [HELLO_RX] NEW 005E tier=1(UNK) verified=0 rssi=0.2"
0003,SENSOR,1,UNIFIED,"t=10 [HELLO_RX] NEW 0009 tier=1(UNK) verified=0 rssi=3.8"
0003,SENSOR,1,UNIFIED,"t=13 [HELLO_TX] bat=100% nbr=4"
0003,SENSOR,1,UNIFIED,"t=17 [HELLO_TX] bat=100% nbr=4"
0003,SENSOR,1,UNIFIED,"t=20 [HELLO_RX] NEW 002C tier=1(UNK) verified=0 rssi=2.6"
0003,SENSOR,1,UNIFIED,"t=23 [HELLO_RX] NEW 004C tier=1(UNK) verified=0 rssi=0.7"
0003,SENSOR,1,UNIFIED,"t=26 [HELLO_TX] bat=100% nbr=6"
0003,SENSOR,1,UNIFIED,"t=28 [HELLO_RX] NEW 0034 tier=1(UNK) verified=0 rssi=0.4"
0003,SENSOR,1,UNIFIED,"t=30 [HELLO_RX] NEW 0002 tier=1(UNK) verified=0 rssi=0.6"
0003,SENSOR,1,UNIFIED,"t=32 [HELLO_RX] NEW 003D tier=1(UNK) verified=0 rssi=0.3"
0003,SENSOR,1,UNIFIED,"t=33 [HELLO_TX] bat=100% nbr=9"
0003,SENSOR,1,UNIFIED,"t=34 [HELLO_RX] NEW 0008 tier=1(UNK) verified=0 rssi=0.3"
0003,SENSOR,1,UNIFIED,"t=35 [HELLO_RX] NEW 000D tier=1(UNK) verified=0 rssi=0.3"
0003,SENSOR,1,UNIFIED,"t=38 [HELLO_RX] NEW 000C tier=1(UNK) verified=0 rssi=0.4"
0003,SENSOR,1,UNIFIED,"t=43 [HELLO_TX] bat=100% nbr=12"
0003,SENSOR,1,UNIFIED,"t=48 [HELLO_TX] bat=100% nbr=12"
0003,SENSOR,1,UNIFIED,"t=56 [HELLO_RX] NEW 0061 tier=1(UNK) verified=0 rssi=0.2"
0003,SENSOR,1,UNIFIED,"t=58 [HELLO_TX] bat=100% nbr=13"
0003,SENSOR,1,UNIFIED,"t=64 [HELLO_RX] NEW FF04 tier=3(GWN) verified=0 rssi=0.2"
0003,SENSOR,1,UNIFIED,"t=68 [HELLO_TX] bat=100% nbr=14"
0003,SENSOR,1,UNIFIED,"t=73 [HELLO_TX] bat=100% nbr=14"
0003,SENSOR,1,UNIFIED,"t=73 [HELLO_RX] NEW 0046 tier=1(UNK) verified=0 rssi=0.2"
0003,SENSOR,1,UNIFIED,"t=78 [HELLO_TX] bat=100% nbr=15"
0003,SENSOR,1,UNIFIED,"t=88 [HELLO_TX] bat=100% nbr=15"
0003,SENSOR,1,UNIFIED,"t=90 [HELLO_RX] NEW 0032 tier=1(UNK) verified=0 rssi=0.2"
0003,SENSOR,1,UNIFIED,"t=92 [HELLO_RX] NEW 0056 tier=1(UNK) verified=0 rssi=0.3"
0003,SENSOR,1,UNIFIED,"t=93 [HELLO_TX] bat=100% nbr=17"
0003,SENSOR,1,UNIFIED,"t=102 [HELLO_TX] bat=100% nbr=17"
0003,SENSOR,1,UNIFIED,"t=112 [HELLO_TX] bat=100% nbr=17"
0003,SENSOR,1,UNIFIED,"t=117 [HELLO_RX] NEW 0005 tier=1(UNK) verified=0 rssi=0.3"
0003,SENSOR,1,UNIFIED,"t=122 [HELLO_TX] bat=100% nbr=18"
0003,SENSOR,1,UNIFIED,"t=131 [HELLO_TX] bat=100% nbr=18"
0003,SENSOR,1,UNIFIED,"t=136 [HELLO_TX] bat=100% nbr=18"
0003,SENSOR,1,UNIFIED,"t=144 [HELLO_TX] bat=100% nbr=18"
0003,SENSOR,1,UNIFIED,"t=154 [HELLO_TX] bat=100% nbr=18"
0003,SENSOR,1,UNIFIED,"t=158 [HELLO_TX] bat=100% nbr=18"
0003,SENSOR,1,UNIFIED,"t=165 [HELLO_TX] bat=100% nbr=18"
0003,SENSOR,1,UNIFIED,"t=173 [HELLO_TX] bat=100% nbr=18"
0003,SENSOR,1,UNIFIED,"t=173 [HELLO_RX] NEW FF07 tier=3(GWN) verified=0 rssi=0.2"
0003,SENSOR,1,UNIFIED,"t=181 [HELLO_TX] bat=100% nbr=19"
0003,SENSOR,1,UNIFIED,"t=185 [HELLO_TX] bat=100% nbr=19"
0003,SENSOR,1,UNIFIED,"t=195 [HELLO_TX] bat=100% nbr=19"
0003,SENSOR,1,UNIFIED,"t=204 [HELLO_TX] bat=100% nbr=19"
0003,SENSOR,1,UNIFIED,"t=213 [HELLO_TX] bat=100% nbr=19"
0003,SENSOR,1,UNIFIED,"t=223 [HELLO_TX] bat=100% nbr=19"
0003,SENSOR,1,UNIFIED,"t=231 [HELLO_TX] bat=100% nbr=19"
0003,SENSOR,1,UNIFIED,"t=239 [HELLO_TX] bat=100% nbr=19"
0003,SENSOR,1,UNIFIED,"t=247 [HELLO_TX] bat=100% nbr=19"
0004,SENSOR,1,UNIFIED,"t=4 [HELLO_RX] NEW 005C tier=1(UNK) verified=0 rssi=2.9"
0004,SENSOR,1,UNIFIED,"t=5 [HELLO_RX] NEW AA06 tier=2(CH) verified=0 rssi=0.4"
0004,SENSOR,1,UNIFIED,"t=6 [HELLO_RX] NEW 001A tier=1(UNK) verified=0 rssi=1.6"
0004,SENSOR,1,UNIFIED,"t=7 [HELLO_RX] NEW 0020 tier=1(UNK) verified=0 rssi=13.9"
0004,SENSOR,1,UNIFIED,"t=10 [HELLO_TX] bat=100% nbr=4"
0004,SENSOR,1,UNIFIED,"t=10 [HELLO_RX] NEW AA07 tier=2(CH) verified=0 rssi=0.7"
0004,SENSOR,1,UNIFIED,"t=13 [HELLO_RX] NEW 0036 tier=1(UNK) verified=0 rssi=1.8"
0004,SENSOR,1,UNIFIED,"t=14 [HELLO_RX] NEW 0052 tier=1(UNK) verified=0 rssi=5.4"
0004,SENSOR,1,UNIFIED,"t=18 [HELLO_TX] bat=100% nbr=7"
0004,SENSOR,1,UNIFIED,"t=24 [HELLO_RX] NEW 0007 tier=1(UNK) verified=0 rssi=0.3"
0004,SENSOR,1,UNIFIED,"t=26 [HELLO_TX] bat=100% nbr=8"
0004,SENSOR,1,UNIFIED,"t=28 [HELLO_RX] NEW 0011 tier=1(UNK) verified=0 rssi=0.2"
0004,SENSOR,1,UNIFIED,"t=31 [HELLO_TX] bat=100% nbr=9"
0004,SENSOR,1,UNIFIED,"t=38 [HELLO_TX] bat=100% nbr=9"
0004,SENSOR,1,UNIFIED,"t=44 [HELLO_TX] bat=100% nbr=9"
0004,SENSOR,1,UNIFIED,"t=44 [HELLO_RX] NEW 0021 tier=1(UNK) verified=0 rssi=0.3"
0004,SENSOR,1,UNIFIED,"t=46 [HELLO_RX] NEW 0055 tier=1(UNK) verified=0 rssi=0.3"
0004,SENSOR,1,UNIFIED,"t=52 [HELLO_TX] bat=100% nbr=11"
0004,SENSOR,1,UNIFIED,"t=54 [HELLO_RX] NEW AA09 tier=2(CH) verified=0 rssi=0.4"
0004,SENSOR,1,UNIFIED,"t=57 [HELLO_TX] bat=100% nbr=12"
0004,SENSOR,1,UNIFIED,"t=67 [HELLO_TX] bat=100% nbr=12"
0004,SENSOR,1,UNIFIED,"t=77 [HELLO_TX] bat=100% nbr=12"
0004,SENSOR,1,UNIFIED,"t=81 [HELLO_TX] bat=100% nbr=12"
0004,SENSOR,1,UNIFIED,"t=86 [HELLO_TX] bat=100% nbr=12"
0004,SENSOR,1,UNIFIED,"t=93 [HELLO_TX] bat=100% nbr=12"
0004,SENSOR,1,UNIFIED,"t=101 [HELLO_TX] bat=100% nbr=12"
0004,SENSOR,1,UNIFIED,"t=107 [HELLO_TX] bat=100% nbr=12"
0004,SENSOR,1,UNIFIED,"t=114 [HELLO_TX] bat=100% nbr=12"
0004,SENSOR,1,UNIFIED,"t=119 [HELLO_TX] bat=100% nbr=12"
0004,SENSOR,1,UNIFIED,"t=120 [HELLO_RX] NEW 004B tier=1(UNK) verified=0 rssi=0.2"
0004,SENSOR,1,UNIFIED,"t=124 [HELLO_TX] bat=100% nbr=13"
0004,SENSOR,1,UNIFIED,"t=131 [HELLO_TX] bat=100% nbr=13"
0004,SENSOR,1,UNIFIED,"t=141 [HELLO_TX] bat=100% nbr=13"
0004,SENSOR,1,UNIFIED,"t=151 [HELLO_TX] bat=100% nbr=13"
0004,SENSOR,1,UNIFIED,"t=159 [HELLO_TX] bat=100% nbr=13"
0004,SENSOR,1,UNIFIED,"t=166 [HELLO_TX] bat=100% nbr=13"
0004,SENSOR,1,UNIFIED,"t=171 [HELLO_TX] bat=100% nbr=13"
0004,SENSOR,1,UNIFIED,"t=181 [HELLO_TX] bat=100% nbr=13"
0004,SENSOR,1,UNIFIED,"t=186 [HELLO_TX] bat=100% nbr=13"
0004,SENSOR,1,UNIFIED,"t=192 [HELLO_TX] bat=100% nbr=13"
0004,SENSOR,1,UNIFIED,"t=198 [HELLO_TX] bat=100% nbr=13"
0004,SENSOR,1,UNIFIED,"t=204 [HELLO_TX] bat=100% nbr=13"
0004,SENSOR,1,UNIFIED,"t=210 [HELLO_TX] bat=100% nbr=13"
0004,SENSOR,1,UNIFIED,"t=216 [HELLO_TX] bat=100% nbr=13"
0004,SENSOR,1,UNIFIED,"t=226 [HELLO_TX] bat=100% nbr=13"
0004,SENSOR,1,UNIFIED,"t=231 [HELLO_TX] bat=100% nbr=13"
0004,SENSOR,1,UNIFIED,"t=236 [HELLO_TX] bat=100% nbr=13"
0004,SENSOR,1,UNIFIED,"t=241 [HELLO_RX] NEW FF07 tier=3(GWN) verified=0 rssi=0.0"
0004,SENSOR,1,UNIFIED,"t=244 [HELLO_TX] bat=100% nbr=14"
0004,SENSOR,1,UNIFIED,"t=249 [HELLO_TX] bat=100% nbr=14"
0005,SENSOR,1,UNIFIED,"t=4 [HELLO_RX] NEW 0056 tier=1(UNK) verified=0 rssi=0.7"
0005,SENSOR,1,UNIFIED,"t=5 [HELLO_RX] NEW 0064 tier=1(UNK) verified=0 rssi=0.3"
0005,SENSOR,1,UNIFIED,"t=6 [HELLO_RX] NEW 0047 tier=1(UNK) verified=0 rssi=3.4"
0005,SENSOR,1,UNIFIED,"t=7 [HELLO_RX] NEW FF02 tier=3(GWN) verified=0 rssi=0.2"
0005,SENSOR,1,UNIFIED,"t=9 [HELLO_TX] bat=100% nbr=4"
0005,SENSOR,1,UNIFIED,"t=10 [HELLO_RX] NEW 0009 tier=1(UNK) verified=0 rssi=0.7"
0005,SENSOR,1,UNIFIED,"t=12 [HELLO_RX] NEW 005B tier=1(UNK) verified=0 rssi=0.2"
0005,SENSOR,1,UNIFIED,"t=13 [HELLO_TX] bat=100% nbr=6"
0005,SENSOR,1,UNIFIED,"t=13 [HELLO_RX] NEW 0003 tier=1(UNK) verified=0 rssi=0.3"
0005,SENSOR,1,UNIFIED,"t=14 [HELLO_RX] NEW 0061 tier=1(UNK) verified=0 rssi=0.3"
0005,SENSOR,1,UNIFIED,"t=19 [HELLO_RX] NEW FF06 tier=3(GWN) verified=0 rssi=0.6"
0005,SENSOR,1,UNIFIED,"t=20 [HELLO_RX] NEW 0032 tier=1(UNK) verified=0 rssi=0.2"
0005,SENSOR,1,UNIFIED,"t=23 [HELLO_TX] bat=100% nbr=10"
0005,SENSOR,1,UNIFIED,"t=33 [HELLO_TX] bat=100% nbr=10"
0005,SENSOR,1,UNIFIED,"t=33 [HELLO_RX] NEW 002C tier=1(UNK) verified=0 rssi=0.3"
0005,SENSOR,1,UNIFIED,"t=38 [HELLO_TX] bat=100% nbr=11"
0005,SENSOR,1,UNIFIED,"t=44 [HELLO_TX] bat=100% nbr=11"
0005,SENSOR,1,UNIFIED,"t=44 [HELLO_RX] NEW 0046 tier=1(UNK) verified=0 rssi=1.1"
0005,SENSOR,1,UNIFIED,"t=46 [HELLO_RX] NEW FF09 tier=3(GWN) verified=0 rssi=0.2"
0005,SENSOR,1,UNIFIED,"t=51 [HELLO_RX] NEW FF07 tier=3(GWN) verified=0 rssi=0.1"
0005,SENSOR,1,UNIFIED,"t=53 [HELLO_TX] bat=100% nbr=14"
0005,SENSOR,1,UNIFIED,"t=59 [HELLO_RX] NEW 0030 tier=1(UNK) verified=0 rssi=0.2"
0005,SENSOR,1,UNIFIED,"t=63 [HELLO_TX] bat=100% nbr=15"
0005,SENSOR,1,UNIFIED,"t=68 [HELLO_TX] bat=100% nbr=15"
0005,SENSOR,1,UNIFIED,"t=68 [HELLO_RX] NEW 0034 tier=1(UNK) verified=0 rssi=0.3"
0005,SENSOR,1,UNIFIED,"t=74 [HELLO_RX] NEW 005E tier=1(UNK) verified=0 rssi=0.3"
0005,SENSOR,1,UNIFIED,"t=76 [HELLO_TX] bat=100% nbr=17"
0005,SENSOR,1,UNIFIED,"t=84 [HELLO_TX] bat=100% nbr=17"
0005,SENSOR,1,UNIFIED,"t=88 [HELLO_TX] bat=100% nbr=17"
0005,SENSOR,1,UNIFIED,"t=93 [HELLO_RX] NEW FF04 tier=3(GWN) verified=0 rssi=0.1"
0005,SENSOR,1,UNIFIED,"t=94 [HELLO_TX] bat=100% nbr=18"
0005,SENSOR,1,UNIFIED,"t=94 [HELLO_RX] NEW 0022 tier=1(UNK) verified=0 rssi=0.2"
0005,SENSOR,1,UNIFIED,"t=98 [HELLO_TX] bat=100% nbr=19"
0005,SENSOR,1,UNIFIED,"t=103 [HELLO_TX] bat=100% nbr=19"
0005,SENSOR,1,UNIFIED,"t=107 [HELLO_TX] bat=100% nbr=19"
0005,SENSOR,1,UNIFIED,"t=112 [HELLO_TX] bat=100% nbr=19"
0005,SENSOR,1,UNIFIED,"t=117 [HELLO_TX] bat=100% nbr=19"
0005,SENSOR,1,UNIFIED,"t=123 [HELLO_TX] bat=100% nbr=19"
0005,SENSOR,1,UNIFIED,"t=133 [HELLO_TX] bat=100% nbr=19"
0005,SENSOR,1,UNIFIED,"t=140 [HELLO_TX] bat=100% nbr=19"
0005,SENSOR,1,UNIFIED,"t=146 [HELLO_TX] bat=100% nbr=19"
0005,SENSOR,1,UNIFIED,"t=150 [HELLO_TX] bat=100% nbr=19"
0005,SENSOR,1,UNIFIED,"t=160 [HELLO_TX] bat=100% nbr=19"
0005,SENSOR,1,UNIFIED,"t=169 [HELLO_TX] bat=100% nbr=19"
0005,SENSOR,1,UNIFIED,"t=177 [HELLO_TX] bat=100% nbr=19"
0005,SENSOR,1,UNIFIED,"t=186 [HELLO_TX] bat=100% nbr=19"
0005,SENSOR,1,UNIFIED,"t=194 [HELLO_TX] bat=100% nbr=19"
0005,SENSOR,1,UNIFIED,"t=202 [HELLO_TX] bat=100% nbr=19"
0005,SENSOR,1,UNIFIED,"t=209 [HELLO_TX] bat=100% nbr=19"
0005,SENSOR,1,UNIFIED,"t=217 [HELLO_TX] bat=100% nbr=19"
0005,SENSOR,1,UNIFIED,"t=222 [HELLO_TX] bat=100% nbr=19"
0005,SENSOR,1,UNIFIED,"t=231 [HELLO_TX] bat=100% nbr=19"
0005,SENSOR,1,UNIFIED,"t=238 [HELLO_TX] bat=100% nbr=19"
0005,SENSOR,1,UNIFIED,"t=246 [HELLO_TX] bat=100% nbr=19"
0006,SENSOR,1,UNIFIED,"t=4 [HELLO_RX] NEW 000F tier=1(UNK) verified=0 rssi=0.4"
0006,SENSOR,1,UNIFIED,"t=5 [HELLO_TX] bat=100% nbr=1"
0006,SENSOR,1,UNIFIED,"t=5 [HELLO_RX] NEW 005F tier=1(UNK) verified=0 rssi=0.8"
0006,SENSOR,1,UNIFIED,"t=6 [HELLO_RX] NEW FF03 tier=3(GWN) verified=0 rssi=0.4"
0006,SENSOR,1,UNIFIED,"t=7 [HELLO_RX] NEW 0012 tier=1(UNK) verified=0 rssi=0.3"
0006,SENSOR,1,UNIFIED,"t=8 [HELLO_RX] NEW 002A tier=1(UNK) verified=0 rssi=3.9"
0006,SENSOR,1,UNIFIED,"t=9 [HELLO_RX] NEW AA01 tier=2(CH) verified=0 rssi=1.0"
0006,SENSOR,1,UNIFIED,"t=10 [HELLO_RX] NEW 002F tier=1(UNK) verified=0 rssi=1.0"
0006,SENSOR,1,UNIFIED,"t=11 [HELLO_TX] bat=100% nbr=7"
0006,SENSOR,1,UNIFIED,"t=14 [HELLO_RX] NEW FF0A tier=3(GWN) verified=0 rssi=0.7"
0006,SENSOR,1,UNIFIED,"t=15 [HELLO_RX] NEW FF0B tier=3(GWN) verified=0 rssi=0.7"
0006,SENSOR,1,UNIFIED,"t=17 [HELLO_RX] NEW AA08 tier=2(CH) verified=0 rssi=1.8"
0006,SENSOR,1,UNIFIED,"t=20 [HELLO_TX] bat=100% nbr=10"
0006,SENSOR,1,UNIFIED,"t=28 [HELLO_TX] bat=100% nbr=10"
0006,SENSOR,1,UNIFIED,"t=30 [HELLO_RX] NEW 0018 tier=1(UNK) verified=0 rssi=0.2"
0006,SENSOR,1,UNIFIED,"t=32 [HELLO_RX] NEW 0051 tier=1(UNK) verified=0 rssi=0.5"
0006,SENSOR,1,UNIFIED,"t=33 [HELLO_TX] bat=100% nbr=12"
0006,SENSOR,1,UNIFIED,"t=38 [HELLO_TX] bat=100% nbr=12"
0006,SENSOR,1,UNIFIED,"t=42 [HELLO_RX] NEW 0013 tier=1(UNK) verified=0 rssi=0.4"
0006,SENSOR,1,UNIFIED,"t=45 [HELLO_TX] bat=100% nbr=13"
0006,SENSOR,1,UNIFIED,"t=46 [HELLO_RX] NEW 0014 tier=1(UNK) verified=0 rssi=0.2"
0006,SENSOR,1,UNIFIED,"t=54 [HELLO_TX] bat=100% nbr=14"
0006,SENSOR,1,UNIFIED,"t=59 [HELLO_TX] bat=100% nbr=14"
0006,SENSOR,1,UNIFIED,"t=67 [HELLO_TX] bat=100% nbr=14"
0006,SENSOR,1,UNIFIED,"t=73 [HELLO_TX] bat=100% nbr=14"
0006,SENSOR,1,UNIFIED,"t=79 [HELLO_TX] bat=100% nbr=14"
0006,SENSOR,1,UNIFIED,"t=88 [HELLO_TX] bat=100% nbr=14"
0006,SENSOR,1,UNIFIED,"t=93 [HELLO_RX] NEW FF01 tier=3(GWN) verified=1 rssi=0.2"
0006,SENSOR,1,UNIFIED,"t=95 [HELLO_TX] bat=100% nbr=15"
0006,SENSOR,1,UNIFIED,"t=104 [HELLO_TX] bat=100% nbr=15"
0006,SENSOR,1,UNIFIED,"t=111 [HELLO_TX] bat=100% nbr=15"
0006,SENSOR,1,UNIFIED,"t=121 [HELLO_TX] bat=100% nbr=15"
0006,SENSOR,1,UNIFIED,"t=128 [HELLO_TX] bat=100% nbr=15"
0006,SENSOR,1,UNIFIED,"t=133 [HELLO_TX] bat=100% nbr=15"
0006,SENSOR,1,UNIFIED,"t=143 [HELLO_TX] bat=100% nbr=15"
0006,SENSOR,1,UNIFIED,"t=150 [HELLO_TX] bat=100% nbr=15"
0006,SENSOR,1,UNIFIED,"t=156 [HELLO_TX] bat=100% nbr=15"
0006,SENSOR,1,UNIFIED,"t=163 [HELLO_TX] bat=100% nbr=15"
0006,SENSOR,1,UNIFIED,"t=173 [HELLO_TX] bat=100% nbr=15"
0006,SENSOR,1,UNIFIED,"t=179 [HELLO_TX] bat=100% nbr=15"
0006,SENSOR,1,UNIFIED,"t=188 [HELLO_TX] bat=100% nbr=15"
0006,SENSOR,1,UNIFIED,"t=193 [HELLO_TX] bat=100% nbr=15"
0006,SENSOR,1,UNIFIED,"t=199 [HELLO_TX] bat=100% nbr=15"
0006,SENSOR,1,UNIFIED,"t=205 [HELLO_TX] bat=100% nbr=15"
0006,SENSOR,1,UNIFIED,"t=213 [HELLO_TX] bat=100% nbr=15"
0006,SENSOR,1,UNIFIED,"t=215 [HELLO_RX] NEW AA02 tier=2(CH) verified=0 rssi=0.2"
0006,SENSOR,1,UNIFIED,"t=217 [HELLO_TX] bat=100% nbr=16"
0006,SENSOR,1,UNIFIED,"t=227 [HELLO_TX] bat=100% nbr=16"
0006,SENSOR,1,UNIFIED,"t=228 [HELLO_RX] NEW 0037 tier=1(UNK) verified=0 rssi=0.3"
0006,SENSOR,1,UNIFIED,"t=236 [HELLO_TX] bat=100% nbr=17"
0006,SENSOR,1,UNIFIED,"t=245 [HELLO_TX] bat=100% nbr=17"
0006,SENSOR,1,UNIFIED,"t=249 [HELLO_TX] bat=100% nbr=17"
0007,SENSOR,1,UNIFIED,"t=4 [HELLO_RX] NEW 005A tier=1(UNK) verified=0 rssi=1.7"
0007,SENSOR,1,UNIFIED,"t=5 [HELLO_TX] bat=100% nbr=1"
0007,SENSOR,1,UNIFIED,"t=6 [HELLO_RX] NEW 0058 tier=1(UNK) verified=0 rssi=1.1"
0007,SENSOR,1,UNIFIED,"t=13 [HELLO_RX] NEW 0036 tier=1(UNK) verified=0 rssi=1.0"
0007,SENSOR,1,UNIFIED,"t=15 [HELLO_TX] bat=100% nbr=3"
0007,SENSOR,1,UNIFIED,"t=15 [HELLO_RX] NEW 0020 tier=1(UNK) verified=0 rssi=0.2"
0007,SENSOR,1,UNIFIED,"t=16 [HELLO_RX] NEW 0055 tier=1(UNK) verified=0 rssi=1.2"
0007,SENSOR,1,UNIFIED,"t=19 [HELLO_RX] NEW AA09 tier=2(CH) verified=0 rssi=0.2"
0007,SENSOR,1,UNIFIED,"t=23 [HELLO_RX] NEW 004B tier=1(UNK) verified=0 rssi=0.4"
0007,SENSOR,1,UNIFIED,"t=24 [HELLO_TX] bat=100% nbr=7"
0007,SENSOR,1,UNIFIED,"t=26 [HELLO_RX] NEW 0004 tier=1(UNK) verified=0 rssi=0.3"
0007,SENSOR,1,UNIFIED,"t=33 [HELLO_TX] bat=100% nbr=8"
0007,SENSOR,1,UNIFIED,"t=33 [HELLO_RX] NEW 0010 tier=1(UNK) verified=0 rssi=1.0"
0007,SENSOR,1,UNIFIED,"t=41 [HELLO_TX] bat=100% nbr=9"
0007,SENSOR,1,UNIFIED,"t=48 [HELLO_RX] NEW 0052 tier=1(UNK) verified=0 rssi=0.5"
0007,SENSOR,1,UNIFIED,"t=49 [HELLO_RX] NEW AA0A tier=2(CH) verified=0 rssi=0.2"
0007,SENSOR,1,UNIFIED,"t=51 [HELLO_TX] bat=100% nbr=11"
0007,SENSOR,1,UNIFIED,"t=55 [HELLO_TX] bat=100% nbr=11"
0007,SENSOR,1,UNIFIED,"t=56 [HELLO_RX] NEW 0021 tier=1(UNK) verified=0 rssi=0.2"
0007,SENSOR,1,UNIFIED,"t=61 [HELLO_TX] bat=100% nbr=12"
0007,SENSOR,1,UNIFIED,"t=64 [HELLO_RX] NEW 0057 tier=1(UNK) verified=0 rssi=0.2"
0007,SENSOR,1,UNIFIED,"t=66 [HELLO_TX] bat=100% nbr=13"
0007,SENSOR,1,UNIFIED,"t=76 [HELLO_TX] bat=100% nbr=13"
0007,SENSOR,1,UNIFIED,"t=81 [HELLO_TX] bat=100% nbr=13"
0007,SENSOR,1,UNIFIED,"t=87 [HELLO_TX] bat=100% nbr=13"
0007,SENSOR,1,UNIFIED,"t=92 [HELLO_TX] bat=100% nbr=13"
0007,SENSOR,1,UNIFIED,"t=95 [HELLO_RX] NEW FF08 tier=3(GWN) verified=0 rssi=0.1"
0007,SENSOR,1,UNIFIED,"t=101 [HELLO_TX] bat=100% nbr=14"
0007,SENSOR,1,UNIFIED,"t=102 [HELLO_RX] NEW FF0C tier=3(GWN) verified=0 rssi=0.1"
0007,SENSOR,1,UNIFIED,"t=105 [HELLO_TX] bat=100% nbr=15"
0007,SENSOR,1,UNIFIED,"t=111 [HELLO_TX] bat=100% nbr=15"
0007,SENSOR,1,UNIFIED,"t=116 [HELLO_RX] NEW 0043 tier=1(UNK) verified=0 rssi=0.2"
0007,SENSOR,1,UNIFIED,"t=119 [HELLO_TX] bat=100% nbr=16"
0007,SENSOR,1,UNIFIED,"t=126 [HELLO_TX] bat=100% nbr=16"
0007,SENSOR,1,UNIFIED,"t=135 [HELLO_TX] bat=100% nbr=16"
0007,SENSOR,1,UNIFIED,"t=141 [HELLO_TX] bat=100% nbr=16"
0007,SENSOR,1,UNIFIED,"t=148 [HELLO_TX] bat=100% nbr=16"
0007,SENSOR,1,UNIFIED,"t=155 [HELLO_TX] bat=100% nbr=16"
0007,SENSOR,1,UNIFIED,"t=159 [HELLO_TX] bat=100% nbr=16"
0007,SENSOR,1,UNIFIED,"t=165 [HELLO_TX] bat=100% nbr=16"
0007,SENSOR,1,UNIFIED,"t=171 [HELLO_TX] bat=100% nbr=16"
0007,SENSOR,1,UNIFIED,"t=177 [HELLO_TX] bat=100% nbr=16"
0007,SENSOR,1,UNIFIED,"t=185 [HELLO_TX] bat=100% nbr=16"
0007,SENSOR,1,UNIFIED,"t=189 [HELLO_TX] bat=100% nbr=16"
0007,SENSOR,1,UNIFIED,"t=193 [HELLO_RX] NEW 005C tier=1(UNK) verified=0 rssi=0.2"
0007,SENSOR,1,UNIFIED,"t=199 [HELLO_TX] bat=100% nbr=17"
0007,SENSOR,1,UNIFIED,"t=203 [HELLO_TX] bat=100% nbr=17"
0007,SENSOR,1,UNIFIED,"t=207 [HELLO_TX] bat=100% nbr=17"
0007,SENSOR,1,UNIFIED,"t=217 [HELLO_TX] bat=100% nbr=17"
0007,SENSOR,1,UNIFIED,"t=227 [HELLO_TX] bat=100% nbr=17"
0007,SENSOR,1,UNIFIED,"t=233 [HELLO_TX] bat=100% nbr=17"
0007,SENSOR,1,UNIFIED,"t=238 [HELLO_TX] bat=100% nbr=17"
0007,SENSOR,1,UNIFIED,"t=242 [HELLO_RX] NEW AA04 tier=2(CH) verified=0 rssi=0.2"
0007,SENSOR,1,UNIFIED,"t=247 [HELLO_TX] bat=100% nbr=18"
0008,SENSOR,1,UNIFIED,"t=4 [HELLO_RX] NEW 003D tier=1(UNK) verified=0 rssi=11.2"
0008,SENSOR,1,UNIFIED,"t=5 [HELLO_RX] NEW AA06 tier=2(CH) verified=0 rssi=2.2"
0008,SENSOR,1,UNIFIED,"t=6 [HELLO_RX] NEW 0023 tier=1(UNK) verified=0 rssi=0.8"
0008,SENSOR,1,UNIFIED,"t=9 [HELLO_RX] NEW 0002 tier=1(UNK) verified=0 rssi=1.6"
0008,SENSOR,1,UNIFIED,"t=10 [HELLO_TX] bat=100% nbr=4"
0008,SENSOR,1,UNIFIED,"t=15 [HELLO_RX] NEW 000C tier=1(UNK) verified=0 rssi=0.3"
0008,SENSOR,1,UNIFIED,"t=16 [HELLO_RX] NEW 004C tier=1(UNK) verified=0 rssi=0.6"
0008,SENSOR,1,UNIFIED,"t=18 [HELLO_RX] NEW AA07 tier=2(CH) verified=0 rssi=0.5"
0008,SENSOR,1,UNIFIED,"t=19 [HELLO_TX] bat=100% nbr=7"
0008,SENSOR,1,UNIFIED,"t=25 [HELLO_TX] bat=100% nbr=7"
0008,SENSOR,1,UNIFIED,"t=25 [HELLO_RX] NEW 005D tier=1(UNK) verified=0 rssi=0.3"
0008,SENSOR,1,UNIFIED,"t=28 [HELLO_RX] NEW FF04 tier=3(GWN) verified=0 rssi=0.1"
0008,SENSOR,1,UNIFIED,"t=29 [HELLO_TX] bat=100% nbr=9"
0008,SENSOR,1,UNIFIED,"t=31 [HELLO_RX] NEW 001A tier=1(UNK) verified=0 rssi=0.2"
0008,SENSOR,1,UNIFIED,"t=34 [HELLO_TX] bat=100% nbr=10"
0008,SENSOR,1,UNIFIED,"t=37 [HELLO_RX] NEW FF06 tier=3(GWN) verified=0 rssi=0.2"
0008,SENSOR,1,UNIFIED,"t=38 [HELLO_RX] NEW 003F tier=1(UNK) verified=0 rssi=0.3"
0008,SENSOR,1,UNIFIED,"t=41 [HELLO_RX] NEW 003B tier=1(UNK) verified=0 rssi=0.2"
0008,SENSOR,1,UNIFIED,"t=42 [HELLO_TX] bat=100% nbr=13"
0008,SENSOR,1,UNIFIED,"t=43 [HELLO_RX] NEW 0003 tier=1(UNK) verified=0 rssi=0.3"
0008,SENSOR,1,UNIFIED,"t=47 [HELLO_TX] bat=100% nbr=14"
0008,SENSOR,1,UNIFIED,"t=53 [HELLO_TX] bat=100% nbr=14"
0008,SENSOR,1,UNIFIED,"t=60 [HELLO_TX] bat=100% nbr=14"
0008,SENSOR,1,UNIFIED,"t=68 [HELLO_TX] bat=100% nbr=14"
0008,SENSOR,1,UNIFIED,"t=77 [HELLO_TX] bat=100% nbr=14"
0008,SENSOR,1,UNIFIED,"t=79 [HELLO_RX] NEW FF07 tier=3(GWN) verified=0 rssi=0.1"
0008,SENSOR,1,UNIFIED,"t=80 [HELLO_RX] NEW 0030 tier=1(UNK) verified=0 rssi=0.3"
0008,SENSOR,1,UNIFIED,"t=82 [HELLO_TX] bat=100% nbr=16"
0008,SENSOR,1,UNIFIED,"t=88 [HELLO_TX] bat=100% nbr=16"
0008,SENSOR,1,UNIFIED,"t=92 [HELLO_TX] bat=100% nbr=16"
0008,SENSOR,1,UNIFIED,"t=94 [HELLO_RX] NEW 0029 tier=1(UNK) verified=0 rssi=0.2"
0008,SENSOR,1,UNIFIED,"t=99 [HELLO_TX] bat=100% nbr=17"
0008,SENSOR,1,UNIFIED,"t=104 [HELLO_TX] bat=100% nbr=17"
0008,SENSOR,1,UNIFIED,"t=112 [HELLO_TX] bat=100% nbr=17"
0008,SENSOR,1,UNIFIED,"t=118 [HELLO_TX] bat=100% nbr=17"
0008,SENSOR,1,UNIFIED,"t=126 [HELLO_TX] bat=100% nbr=17"
0008,SENSOR,1,UNIFIED,"t=127 [HELLO_RX] NEW FF0D tier=3(GWN) verified=0 rssi=0.1"
0008,SENSOR,1,UNIFIED,"t=135 [HELLO_TX] bat=100% nbr=18"
0008,SENSOR,1,UNIFIED,"t=137 [HELLO_RX] NEW 002C tier=1(UNK) verified=0 rssi=0.2"
0008,SENSOR,1,UNIFIED,"t=142 [HELLO_TX] bat=100% nbr=19"
0008,SENSOR,1,UNIFIED,"t=150 [HELLO_TX] bat=100% nbr=19"
0008,SENSOR,1,UNIFIED,"t=154 [HELLO_TX] bat=100% nbr=19"
0008,SENSOR,1,UNIFIED,"t=161 [HELLO_TX] bat=100% nbr=19"
0008,SENSOR,1,UNIFIED,"t=166 [HELLO_TX] bat=100% nbr=19"
0008,SENSOR,1,UNIFIED,"t=171 [HELLO_TX] bat=100% nbr=19"
0008,SENSOR,1,UNIFIED,"t=176 [HELLO_TX] bat=100% nbr=19"
0008,SENSOR,1,UNIFIED,"t=184 [HELLO_TX] bat=100% nbr=19"
0008,SENSOR,1,UNIFIED,"t=189 [HELLO_TX] bat=100% nbr=19"
0008,SENSOR,1,UNIFIED,"t=198 [HELLO_TX] bat=100% nbr=19"
0008,SENSOR,1,UNIFIED,"t=206 [HELLO_TX] bat=100% nbr=19"
0008,SENSOR,1,UNIFIED,"t=213 [HELLO_TX] bat=100% nbr=19"
0008,SENSOR,1,UNIFIED,"t=218 [HELLO_RX] NEW 0019 tier=1(UNK) verified=0 rssi=0.3"
0008,SENSOR,1,UNIFIED,"t=219 [HELLO_TX] bat=100% nbr=20"
0008,SENSOR,1,UNIFIED,"t=227 [HELLO_TX] bat=100% nbr=20"
0008,SENSOR,1,UNIFIED,"t=232 [HELLO_TX] bat=100% nbr=20"
0008,SENSOR,1,UNIFIED,"t=242 [HELLO_TX] bat=100% nbr=20"
0008,SENSOR,1,UNIFIED,"t=248 [HELLO_TX] bat=100% nbr=20"
0009,SENSOR,1,UNIFIED,"t=4 [HELLO_RX] NEW 0003 tier=1(UNK) verified=0 rssi=3.8"
0009,SENSOR,1,UNIFIED,"t=5 [HELLO_RX] NEW 005B tier=1(UNK) verified=0 rssi=0.2"
0009,SENSOR,1,UNIFIED,"t=6 [HELLO_RX] NEW 0047 tier=1(UNK) verified=0 rssi=0.3"
0009,SENSOR,1,UNIFIED,"t=7 [HELLO_RX] NEW 000D tier=1(UNK) verified=0 rssi=0.3"
0009,SENSOR,1,UNIFIED,"t=9 [HELLO_RX] NEW 0030 tier=1(UNK) verified=0 rssi=2.1"
0009,SENSOR,1,UNIFIED,"t=10 [HELLO_TX] bat=100% nbr=5"
0009,SENSOR,1,UNIFIED,"t=10 [HELLO_RX] NEW 002C tier=1(UNK) verified=0 rssi=2.4"
0009,SENSOR,1,UNIFIED,"t=12 [HELLO_RX] NEW 0056 tier=1(UNK) verified=0 rssi=0.6"
0009,SENSOR,1,UNIFIED,"t=18 [HELLO_TX] bat=100% nbr=7"
0009,SENSOR,1,UNIFIED,"t=19 [HELLO_RX] NEW 0034 tier=1(UNK) verified=0 rssi=0.6"
0009,SENSOR,1,UNIFIED,"t=22 [HELLO_RX] NEW FF04 tier=3(GWN) verified=0 rssi=0.2"
0009,SENSOR,1,UNIFIED,"t=23 [HELLO_RX] NEW 0061 tier=1(UNK) verified=0 rssi=0.3"
0009,SENSOR,1,UNIFIED,"t=24 [HELLO_TX] bat=100% nbr=10"
0009,SENSOR,1,UNIFIED,"t=29 [HELLO_RX] NEW FF06 tier=3(GWN) verified=0 rssi=0.7"
0009,SENSOR,1,UNIFIED,"t=30 [HELLO_RX] NEW 0002 tier=1(UNK) verified=0 rssi=0.2"
0009,SENSOR,1,UNIFIED,"t=31 [HELLO_TX] bat=100% nbr=12"
0009,SENSOR,1,UNIFIED,"t=38 [HELLO_RX] NEW 000C tier=1(UNK) verified=0 rssi=0.3"
0009,SENSOR,1,UNIFIED,"t=40 [HELLO_TX] bat=100% nbr=13"
0009,SENSOR,1,UNIFIED,"t=46 [HELLO_RX] NEW 0032 tier=1(UNK) verified=0 rssi=0.3"
0009,SENSOR,1,UNIFIED,"t=47 [HELLO_TX] bat=100% nbr=14"
0009,SENSOR,1,UNIFIED,"t=53 [HELLO_TX] bat=100% nbr=14"
0009,SENSOR,1,UNIFIED,"t=56 [HELLO_RX] NEW 0046 tier=1(UNK) verified=0 rssi=0.4"
0009,SENSOR,1,UNIFIED,"t=62 [HELLO_TX] bat=100% nbr=15"
0009,SENSOR,1,UNIFIED,"t=63 [HELLO_RX] NEW 0005 tier=1(UNK) verified=0 rssi=0.7"
0009,SENSOR,1,UNIFIED,"t=70 [HELLO_TX] bat=100% nbr=16"
0009,SENSOR,1,UNIFIED,"t=75 [HELLO_TX] bat=100% nbr=16"
0009,SENSOR,1,UNIFIED,"t=84 [HELLO_TX] bat=100% nbr=16"
0009,SENSOR,1,UNIFIED,"t=94 [HELLO_TX] bat=100% nbr=16"
0009,SENSOR,1,UNIFIED,"t=101 [HELLO_TX] bat=100% nbr=16"
0009,SENSOR,1,UNIFIED,"t=110 [HELLO_TX] bat=100% nbr=16"
0009,SENSOR,1,UNIFIED,"t=115 [HELLO_TX] bat=100% nbr=16"
0009,SENSOR,1,UNIFIED,"t=116 [HELLO_RX] NEW FF09 tier=3(GWN) verified=1 rssi=0.1"
0009,SENSOR,1,UNIFIED,"t=118 [HELLO_RX] NEW FF07 tier=3(GWN) verified=0 rssi=0.2"
0009,SENSOR,1,UNIFIED,"t=123 [HELLO_TX] bat=100% nbr=18"
0009,SENSOR,1,UNIFIED,"t=133 [HELLO_TX] bat=100% nbr=18"
0009,SENSOR,1,UNIFIED,"t=140 [HELLO_TX] bat=100% nbr=18"
0009,SENSOR,1,UNIFIED,"t=143 [HELLO_RX] NEW 004C tier=1(UNK) verified=0 rssi=0.3"
0009,SENSOR,1,UNIFIED,"t=150 [HELLO_TX] bat=100% nbr=19"
0009,SENSOR,1,UNIFIED,"t=160 [HELLO_TX] bat=100% nbr=19"
0009,SENSOR,1,UNIFIED,"t=166 [HELLO_TX] bat=100% nbr=19"
0009,SENSOR,1,UNIFIED,"t=174 [HELLO_TX] bat=100% nbr=19"
0009,SENSOR,1,UNIFIED,"t=180 [HELLO_TX] bat=100% nbr=19"
0009,SENSOR,1,UNIFIED,"t=190 [HELLO_TX] bat=100% nbr=19"
0009,SENSOR,1,UNIFIED,"t=190 [HELLO_RX] NEW 003D tier=1(UNK) verified=0 rssi=0.2"
0009,SENSOR,1,UNIFIED,"t=200 [HELLO_TX] bat=100% nbr=20"
0009,SENSOR,1,UNIFIED,"t=209 [HELLO_TX] bat=100% nbr=20"
0009,SENSOR,1,UNIFIED,"t=217 [HELLO_TX] bat=100% nbr=20"
0009,SENSOR,1,UNIFIED,"t=223 [HELLO_TX] bat=100% nbr=20"
0009,SENSOR,1,UNIFIED,"t=227 [HELLO_RX] NEW 005E tier=1(UNK) verified=0 rssi=0.3"
0009,SENSOR,1,UNIFIED,"t=233 [HELLO_TX] bat=100% nbr=21"
0009,SENSOR,1,UNIFIED,"t=238 [HELLO_TX] bat=100% nbr=21"
0009,SENSOR,1,UNIFIED,"t=244 [HELLO_TX] bat=100% nbr=21"
000A,SENSOR,1,UNIFIED,"t=4 [HELLO_RX] NEW 0060 tier=1(UNK) verified=0 rssi=0.3"
000A,SENSOR,1,UNIFIED,"t=5 [HELLO_RX] NEW 0064 tier=1(UNK) verified=0 rssi=0.6"
000A,SENSOR,1,UNIFIED,"t=6 [HELLO_RX] NEW AA03 tier=2(CH) verified=0 rssi=0.6"
000A,SENSOR,1,UNIFIED,"t=7 [HELLO_TX] bat=100% nbr=3"
000A,SENSOR,1,UNIFIED,"t=7 [HELLO_RX] NEW FF02 tier=3(GWN) verified=0 rssi=5.3"
000A,SENSOR,1,UNIFIED,"t=8 [HELLO_RX] NEW FF09 tier=3(GWN) verified=0 rssi=16.4"
000A,SENSOR,1,UNIFIED,"t=12 [HELLO_TX] bat=100% nbr=5"
000A,SENSOR,1,UNIFIED,"t=14 [HELLO_RX] NEW 0031 tier=1(UNK) verified=0 rssi=0.2"
000A,SENSOR,1,UNIFIED,"t=21 [HELLO_TX] bat=100% nbr=6"
000A,SENSOR,1,UNIFIED,"t=25 [HELLO_RX] NEW 0063 tier=1(UNK) verified=0 rssi=1.0"
000A,SENSOR,1,UNIFIED,"t=26 [HELLO_RX] NEW FF01 tier=3(GWN) verified=0 rssi=0.5"
000A,SENSOR,1,UNIFIED,"t=30 [HELLO_TX] bat=100% nbr=8"
000A,SENSOR,1,UNIFIED,"t=39 [HELLO_TX] bat=100% nbr=8"
000A,SENSOR,1,UNIFIED,"t=49 [HELLO_TX] bat=100% nbr=8"
000A,SENSOR,1,UNIFIED,"t=54 [HELLO_TX] bat=100% nbr=8"
000A,SENSOR,1,UNIFIED,"t=60 [HELLO_RX] NEW 0022 tier=1(UNK) verified=0 rssi=0.3"
000A,SENSOR,1,UNIFIED,"t=64 [HELLO_TX] bat=100% nbr=9"
000A,SENSOR,1,UNIFIED,"t=74 [HELLO_TX] bat=100% nbr=9"
000A,SENSOR,1,UNIFIED,"t=84 [HELLO_TX] bat=100% nbr=9"
000A,SENSOR,1,UNIFIED,"t=92 [HELLO_TX] bat=100% nbr=9"
000A,SENSOR,1,UNIFIED,"t=98 [HELLO_TX] bat=100% nbr=9"
000A,SENSOR,1,UNIFIED,"t=107 [HELLO_TX] bat=100% nbr=9"
000A,SENSOR,1,UNIFIED,"t=114 [HELLO_TX] bat=100% nbr=9"
000A,SENSOR,1,UNIFIED,"t=124 [HELLO_TX] bat=100% nbr=9"
000A,SENSOR,1,UNIFIED,"t=132 [HELLO_TX] bat=100% nbr=9"
000A,SENSOR,1,UNIFIED,"t=132 [HELLO_RX] NEW FF03 tier=3(GWN) verified=1 rssi=0.1"
000A,SENSOR,1,UNIFIED,"t=138 [HELLO_TX] bat=100% nbr=10"
000A,SENSOR,1,UNIFIED,"t=148 [HELLO_TX] bat=100% nbr=10"
000A,SENSOR,1,UNIFIED,"t=155 [HELLO_TX] bat=100% nbr=10"
000A,SENSOR,1,UNIFIED,"t=163 [HELLO_TX] bat=100% nbr=10"
000A,SENSOR,1,UNIFIED,"t=171 [HELLO_TX] bat=100% nbr=10"
000A,SENSOR,1,UNIFIED,"t=176 [HELLO_RX] NEW AA02 tier=2(CH) verified=0 rssi=0.2"
000A,SENSOR,1,UNIFIED,"t=181 [HELLO_TX] bat=100% nbr=11"
000A,SENSOR,1,UNIFIED,"t=190 [HELLO_TX] bat=100% nbr=11"
000A,SENSOR,1,UNIFIED,"t=194 [HELLO_TX] bat=100% nbr=11"
000A,SENSOR,1,UNIFIED,"t=203 [HELLO_TX] bat=100% nbr=11"
000A,SENSOR,1,UNIFIED,"t=212 [HELLO_TX] bat=100% nbr=11"
000A,SENSOR,1,UNIFIED,"t=219 [HELLO_TX] bat=100% nbr=11"
000A,SENSOR,1,UNIFIED,"t=223 [HELLO_TX] bat=100% nbr=11"
000A,SENSOR,1,UNIFIED,"t=228 [HELLO_TX] bat=100% nbr=11"
000A,SENSOR,1,UNIFIED,"t=236 [HELLO_TX] bat=100% nbr=11"
000A,SENSOR,1,UNIFIED,"t=241 [HELLO_TX] bat=100% nbr=11"
000A,SENSOR,1,UNIFIED,"t=248 [HELLO_TX] bat=100% nbr=11"
000B,SENSOR,1,UNIFIED,"t=4 [HELLO_RX] NEW 0040 tier=1(UNK) verified=0 rssi=5.2"
000B,SENSOR,1,UNIFIED,"t=5 [HELLO_RX] NEW 0043 tier=1(UNK) verified=0 rssi=3.3"
000B,SENSOR,1,UNIFIED,"t=8 [HELLO_RX] NEW AA0B tier=2(CH) verified=0 rssi=1.1"
000B,SENSOR,1,UNIFIED,"t=9 [HELLO_TX] bat=100% nbr=3"
000B,SENSOR,1,UNIFIED,"t=9 [HELLO_RX] NEW AA0A tier=2(CH) verified=0 rssi=4.4"
000B,SENSOR,1,UNIFIED,"t=10 [HELLO_RX] NEW 001B tier=1(UNK) verified=0 rssi=22.0"
000B,SENSOR,1,UNIFIED,"t=17 [HELLO_RX] NEW AA04 tier=2(CH) verified=0 rssi=0.2"
000B,SENSOR,1,UNIFIED,"t=19 [HELLO_TX] bat=100% nbr=6"
000B,SENSOR,1,UNIFIED,"t=26 [HELLO_TX] bat=100% nbr=6"
000B,SENSOR,1,UNIFIED,"t=32 [HELLO_TX] bat=100% nbr=6"
000B,SENSOR,1,UNIFIED,"t=38 [HELLO_TX] bat=100% nbr=6"
000B,SENSOR,1,UNIFIED,"t=38 [HELLO_RX] NEW 005A tier=1(UNK) verified=0 rssi=0.4"
000B,SENSOR,1,UNIFIED,"t=43 [HELLO_RX] NEW 0057 tier=1(UNK) verified=0 rssi=1.8"
000B,SENSOR,1,UNIFIED,"t=45 [HELLO_TX] bat=100% nbr=8"
000B,SENSOR,1,UNIFIED,"t=49 [HELLO_TX] bat=100% nbr=8"
000B,SENSOR,1,UNIFIED,"t=59 [HELLO_TX] bat=100% nbr=8"
000B,SENSOR,1,UNIFIED,"t=64 [HELLO_TX] bat=100% nbr=8"
000B,SENSOR,1,UNIFIED,"t=68 [HELLO_TX] bat=100% nbr=8"
000B,SENSOR,1,UNIFIED,"t=74 [HELLO_TX] bat=100% nbr=8"
000B,SENSOR,1,UNIFIED,"t=82 [HELLO_TX] bat=100% nbr=8"
000B,SENSOR,1,UNIFIED,"t=86 [HELLO_TX] bat=100% nbr=8"
000B,SENSOR,1,UNIFIED,"t=86 [HELLO_RX] NEW FF08 tier=3(GWN) verified=0 rssi=0.3"
000B,SENSOR,1,UNIFIED,"t=96 [HELLO_TX] bat=100% nbr=9"
000B,SENSOR,1,UNIFIED,"t=102 [HELLO_TX] bat=100% nbr=9"
000B,SENSOR,1,UNIFIED,"t=106 [HELLO_TX] bat=100% nbr=9"
000B,SENSOR,1,UNIFIED,"t=111 [HELLO_TX] bat=100% nbr=9"
000B,SENSOR,1,UNIFIED,"t=116 [HELLO_TX] bat=100% nbr=9"
000B,SENSOR,1,UNIFIED,"t=124 [HELLO_TX] bat=100% nbr=9"
000B,SENSOR,1,UNIFIED,"t=129 [HELLO_TX] bat=100% nbr=9"
000B,SENSOR,1,UNIFIED,"t=133 [HELLO_TX] bat=100% nbr=9"
000B,SENSOR,1,UNIFIED,"t=140 [HELLO_TX] bat=100% nbr=9"
000B,SENSOR,1,UNIFIED,"t=150 [HELLO_TX] bat=100% nbr=9"
000B,SENSOR,1,UNIFIED,"t=154 [HELLO_TX] bat=100% nbr=9"
000B,SENSOR,1,UNIFIED,"t=159 [HELLO_TX] bat=100% nbr=9"
000B,SENSOR,1,UNIFIED,"t=165 [HELLO_TX] bat=100% nbr=9"
000B,SENSOR,1,UNIFIED,"t=170 [HELLO_TX] bat=100% nbr=9"
000B,SENSOR,1,UNIFIED,"t=176 [HELLO_TX] bat=100% nbr=9"
000B,SENSOR,1,UNIFIED,"t=182 [HELLO_TX] bat=100% nbr=9"
000B,SENSOR,1,UNIFIED,"t=187 [HELLO_TX] bat=100% nbr=9"
000B,SENSOR,1,UNIFIED,"t=193 [HELLO_TX] bat=100% nbr=9"
000B,SENSOR,1,UNIFIED,"t=195 [HELLO_RX] NEW 004B tier=1(UNK) verified=0 rssi=0.2"
000B,SENSOR,1,UNIFIED,"t=203 [HELLO_TX] bat=100% nbr=10"
000B,SENSOR,1,UNIFIED,"t=213 [HELLO_TX] bat=100% nbr=10"
000B,SENSOR,1,UNIFIED,"t=218 [HELLO_TX] bat=100% nbr=10"
000B,SENSOR,1,UNIFIED,"t=227 [HELLO_TX] bat=100% nbr=10"
000B,SENSOR,1,UNIFIED,"t=235 [HELLO_TX] bat=100% nbr=10"
000B,SENSOR,1,UNIFIED,"t=238 [HELLO_RX] NEW 0042 tier=1(UNK) verified=0 rssi=0.2"
000B,SENSOR,1,UNIFIED,"t=243 [HELLO_TX] bat=100% nbr=11"
000B,SENSOR,1,UNIFIED,"t=248 [HELLO_TX] bat=100% nbr=11"
000C,SENSOR,1,UNIFIED,"t=4 [HELLO_RX] NEW 0003 tier=1(UNK) verified=0 rssi=0.4"
000C,SENSOR,1,UNIFIED,"t=7 [HELLO_TX] bat=100% nbr=1"
000C,SENSOR,1,UNIFIED,"t=7 [HELLO_RX] NEW 000D tier=1(UNK) verified=0 rssi=2.0"
000C,SENSOR,1,UNIFIED,"t=8 [HELLO_RX] NEW 0011 tier=1(UNK) verified=0 rssi=0.2"
000C,SENSOR,1,UNIFIED,"t=9 [HELLO_RX] NEW 0059 tier=1(UNK) verified=0 rssi=0.2"
000C,SENSOR,1,UNIFIED,"t=10 [HELLO_RX] NEW 0061 tier=1(UNK) verified=0 rssi=0.3"
000C,SENSOR,1,UNIFIED,"t=11 [HELLO_RX] NEW 0038 tier=1(UNK) verified=0 rssi=0.5"
000C,SENSOR,1,UNIFIED,"t=12 [HELLO_RX] NEW 0056 tier=1(UNK) verified=0 rssi=0.3"
000C,SENSOR,1,UNIFIED,"t=15 [HELLO_TX] bat=100% nbr=7"
000C,SENSOR,1,UNIFIED,"t=18 [HELLO_RX] NEW 0009 tier=1(UNK) verified=0 rssi=0.3"
000C,SENSOR,1,UNIFIED,"t=19 [HELLO_RX] NEW 003D tier=1(UNK) verified=0 rssi=0.5"
000C,SENSOR,1,UNIFIED,"t=21 [HELLO_RX] NEW 0030 tier=1(UNK) verified=0 rssi=0.2"
000C,SENSOR,1,UNIFIED,"t=22 [HELLO_RX] NEW 0028 tier=1(UNK) verified=0 rssi=0.5"
000C,SENSOR,1,UNIFIED,"t=23 [HELLO_RX] NEW 004C tier=1(UNK) verified=0 rssi=0.2"
000C,SENSOR,1,UNIFIED,"t=24 [HELLO_TX] bat=100% nbr=12"
000C,SENSOR,1,UNIFIED,"t=29 [HELLO_TX] bat=100% nbr=12"
000C,SENSOR,1,UNIFIED,"t=36 [HELLO_RX] NEW 0048 tier=1(UNK) verified=0 rssi=0.2"
000C,SENSOR,1,UNIFIED,"t=38 [HELLO_TX] bat=100% nbr=13"
000C,SENSOR,1,UNIFIED,"t=45 [HELLO_TX] bat=100% nbr=13"
000C,SENSOR,1,UNIFIED,"t=51 [HELLO_TX] bat=100% nbr=13"
000C,SENSOR,1,UNIFIED,"t=55 [HELLO_RX] NEW 0062 tier=1(UNK) verified=0 rssi=0.3"
000C,SENSOR,1,UNIFIED,"t=56 [HELLO_RX] NEW 0046 tier=1(UNK) verified=0 rssi=0.2"
000C,SENSOR,1,UNIFIED,"t=57 [HELLO_TX] bat=100% nbr=15"
000C,SENSOR,1,UNIFIED,"t=67 [HELLO_TX] bat=100% nbr=15"
000C,SENSOR,1,UNIFIED,"t=69 [HELLO_RX] NEW FF06 tier=3(GWN) verified=0 rssi=0.2"
000C,SENSOR,1,UNIFIED,"t=74 [HELLO_TX] bat=100% nbr=16"
000C,SENSOR,1,UNIFIED,"t=80 [HELLO_RX] NEW 005B tier=1(UNK) verified=0 rssi=0.3"
000C,SENSOR,1,UNIFIED,"t=84 [HELLO_TX] bat=100% nbr=17"
000C,SENSOR,1,UNIFIED,"t=87 [HELLO_RX] NEW FF09 tier=3(GWN) verified=1 rssi=0.1"
000C,SENSOR,1,UNIFIED,"t=91 [HELLO_TX] bat=100% nbr=18"
000C,SENSOR,1,UNIFIED,"t=92 [HELLO_RX] NEW FF02 tier=3(GWN) verified=1 rssi=0.1"
000C,SENSOR,1,UNIFIED,"t=100 [HELLO_TX] bat=100% nbr=19"
000C,SENSOR,1,UNIFIED,"t=106 [HELLO_RX] NEW AA07 tier=2(CH) verified=0 rssi=0.2"
000C,SENSOR,1,UNIFIED,"t=108 [HELLO_TX] bat=100% nbr=20"
000C,SENSOR,1,UNIFIED,"t=116 [HELLO_TX] bat=100% nbr=20"
000C,SENSOR,1,UNIFIED,"t=120 [HELLO_RX] NEW 0041 tier=1(UNK) verified=0 rssi=0.2"
000C,SENSOR,1,UNIFIED,"t=121 [HELLO_TX] bat=100% nbr=21"
000C,SENSOR,1,UNIFIED,"t=125 [HELLO_TX] bat=100% nbr=21"
000C,SENSOR,1,UNIFIED,"t=130 [HELLO_TX] bat=100% nbr=21"
000C,SENSOR,1,UNIFIED,"t=134 [HELLO_TX] bat=100% nbr=21"
000C,SENSOR,1,UNIFIED,"t=138 [HELLO_TX] bat=100% nbr=21"
000C,SENSOR,1,UNIFIED,"t=145 [HELLO_TX] bat=100% nbr=21"
000C,SENSOR,1,UNIFIED,"t=146 [HELLO_RX] NEW AA06 tier=2(CH) verified=0 rssi=0.3"
000C,SENSOR,1,UNIFIED,"t=155 [HELLO_TX] bat=100% nbr=22"
000C,SENSOR,1,UNIFIED,"t=163 [HELLO_TX] bat=100% nbr=22"
000C,SENSOR,1,UNIFIED,"t=171 [HELLO_RX] NEW 0008 tier=1(UNK) verified=0 rssi=0.3"
000C,SENSOR,1,UNIFIED,"t=173 [HELLO_TX] bat=100% nbr=23"
000C,SENSOR,1,UNIFIED,"t=177 [HELLO_RX] NEW 0002 tier=1(UNK) verified=0 rssi=0.2"
000C,SENSOR,1,UNIFIED,"t=181 [HELLO_TX] bat=100% nbr=24"
000C,SENSOR,1,UNIFIED,"t=188 [HELLO_TX] bat=100% nbr=24"
000C,SENSOR,1,UNIFIED,"t=197 [HELLO_TX] bat=100% nbr=24"
000C,SENSOR,1,UNIFIED,"t=203 [HELLO_TX] bat=100% nbr=24"
000C,SENSOR,1,UNIFIED,"t=208 [HELLO_TX] bat=100% nbr=24"
000C,SENSOR,1,UNIFIED,"t=214 [HELLO_TX] bat=100% nbr=24"
000C,SENSOR,1,UNIFIED,"t=220 [HELLO_TX] bat=100% nbr=24"
000C,SENSOR,1,UNIFIED,"t=227 [HELLO_TX] bat=100% nbr=24"
000C,SENSOR,1,UNIFIED,"t=228 [HELLO_RX] NEW 0024 tier=1(UNK) verified=0 rssi=0.2"
000C,SENSOR,1,UNIFIED,"t=232 [HELLO_TX] bat=100% nbr=25"
000C,SENSOR,1,UNIFIED,"t=236 [HELLO_TX] bat=100% nbr=25"
000C,SENSOR,1,UNIFIED,"t=246 [HELLO_TX] bat=100% nbr=25"
000D,SENSOR,1,UNIFIED,"t=4 [HELLO_RX] NEW 0056 tier=1(UNK) verified=0 rssi=0.7"
000D,SENSOR,1,UNIFIED,"t=5 [HELLO_RX] NEW 005B tier=1(UNK) verified=0 rssi=1.3"
000D,SENSOR,1,UNIFIED,"t=6 [HELLO_RX] NEW 0038 tier=1(UNK) verified=0 rssi=1.1"
000D,SENSOR,1,UNIFIED,"t=7 [HELLO_TX] bat=100% nbr=3"
000D,SENSOR,1,UNIFIED,"t=7 [HELLO_RX] NEW 000C tier=1(UNK) verified=0 rssi=2.0"
000D,SENSOR,1,UNIFIED,"t=9 [HELLO_RX] NEW 0059 tier=1(UNK) verified=0 rssi=0.7"
000D,SENSOR,1,UNIFIED,"t=10 [HELLO_RX] NEW 0061 tier=1(UNK) verified=0 rssi=1.3"
000D,SENSOR,1,UNIFIED,"t=13 [HELLO_TX] bat=100% nbr=6"
000D,SENSOR,1,UNIFIED,"t=13 [HELLO_RX] NEW 0041 tier=1(UNK) verified=0 rssi=0.5"
000D,SENSOR,1,UNIFIED,"t=16 [HELLO_RX] NEW 0025 tier=1(UNK) verified=0 rssi=0.2"
000D,SENSOR,1,UNIFIED,"t=18 [HELLO_RX] NEW 0009 tier=1(UNK) verified=0 rssi=0.3"
000D,SENSOR,1,UNIFIED,"t=20 [HELLO_TX] bat=100% nbr=9"
000D,SENSOR,1,UNIFIED,"t=21 [HELLO_RX] NEW FF09 tier=3(GWN) verified=0 rssi=0.1"
000D,SENSOR,1,UNIFIED,"t=22 [HELLO_RX] NEW 0028 tier=1(UNK) verified=0 rssi=0.8"
000D,SENSOR,1,UNIFIED,"t=27 [HELLO_RX] NEW 003D tier=1(UNK) verified=0 rssi=0.2"
000D,SENSOR,1,UNIFIED,"t=29 [HELLO_TX] bat=100% nbr=12"
000D,SENSOR,1,UNIFIED,"t=35 [HELLO_TX] bat=100% nbr=12"
000D,SENSOR,1,UNIFIED,"t=36 [HELLO_RX] NEW 0062 tier=1(UNK) verified=0 rssi=0.4"
000D,SENSOR,1,UNIFIED,"t=40 [HELLO_TX] bat=100% nbr=13"
000D,SENSOR,1,UNIFIED,"t=41 [HELLO_RX] NEW FF02 tier=3(GWN) verified=0 rssi=0.1"
000D,SENSOR,1,UNIFIED,"t=49 [HELLO_TX] bat=100% nbr=14"
000D,SENSOR,1,UNIFIED,"t=53 [HELLO_TX] bat=100% nbr=14"
000D,SENSOR,1,UNIFIED,"t=57 [HELLO_TX] bat=100% nbr=14"
000D,SENSOR,1,UNIFIED,"t=58 [HELLO_RX] NEW 0048 tier=1(UNK) verified=0 rssi=0.3"
000D,SENSOR,1,UNIFIED,"t=61 [HELLO_RX] NEW FF06 tier=3(GWN) verified=0 rssi=0.2"
000D,SENSOR,1,UNIFIED,"t=66 [HELLO_TX] bat=100% nbr=16"
000D,SENSOR,1,UNIFIED,"t=76 [HELLO_TX] bat=100% nbr=16"
000D,SENSOR,1,UNIFIED,"t=76 [HELLO_RX] NEW 0022 tier=1(UNK) verified=0 rssi=0.2"
000D,SENSOR,1,UNIFIED,"t=83 [HELLO_RX] NEW 0046 tier=1(UNK) verified=0 rssi=0.4"
000D,SENSOR,1,UNIFIED,"t=86 [HELLO_TX] bat=100% nbr=18"
000D,SENSOR,1,UNIFIED,"t=93 [HELLO_TX] bat=100% nbr=18"
000D,SENSOR,1,UNIFIED,"t=93 [HELLO_RX] NEW 0003 tier=1(UNK) verified=0 rssi=0.3"
000D,SENSOR,1,UNIFIED,"t=102 [HELLO_TX] bat=100% nbr=19"
000D,SENSOR,1,UNIFIED,"t=106 [HELLO_TX] bat=100% nbr=19"
000D,SENSOR,1,UNIFIED,"t=112 [HELLO_TX] bat=100% nbr=19"
000D,SENSOR,1,UNIFIED,"t=122 [HELLO_TX] bat=100% nbr=19"
000D,SENSOR,1,UNIFIED,"t=128 [HELLO_RX] NEW AA03 tier=2(CH) verified=0 rssi=0.2"
000D,SENSOR,1,UNIFIED,"t=131 [HELLO_TX] bat=100% nbr=20"
000D,SENSOR,1,UNIFIED,"t=139 [HELLO_TX] bat=100% nbr=20"
000D,SENSOR,1,UNIFIED,"t=147 [HELLO_TX] bat=100% nbr=20"
000D,SENSOR,1,UNIFIED,"t=156 [HELLO_TX] bat=100% nbr=20"
000D,SENSOR,1,UNIFIED,"t=161 [HELLO_TX] bat=100% nbr=20"
000D,SENSOR,1,UNIFIED,"t=168 [HELLO_TX] bat=100% nbr=20"
000D,SENSOR,1,UNIFIED,"t=176 [HELLO_TX] bat=100% nbr=20"
000D,SENSOR,1,UNIFIED,"t=182 [HELLO_TX] bat=100% nbr=20"
000D,SENSOR,1,UNIFIED,"t=186 [HELLO_TX] bat=100% nbr=20"
000D,SENSOR,1,UNIFIED,"t=191 [HELLO_TX] bat=100% nbr=20"
000D,SENSOR,1,UNIFIED,"t=200 [HELLO_TX] bat=100% nbr=20"
000D,SENSOR,1,UNIFIED,"t=210 [HELLO_TX] bat=100% nbr=20"
000D,SENSOR,1,UNIFIED,"t=220 [HELLO_TX] bat=100% nbr=20"
000D,SENSOR,1,UNIFIED,"t=229 [HELLO_TX] bat=100% nbr=20"
000D,SENSOR,1,UNIFIED,"t=238 [HELLO_TX] bat=100% nbr=20"
000D,SENSOR,1,UNIFIED,"t=246 [HELLO_TX] bat=100% nbr=20"
000E,SENSOR,1,UNIFIED,"t=4 [HELLO_RX] NEW FF0C tier=3(GWN) verified=0 rssi=2.5"
000E,SENSOR,1,UNIFIED,"t=6 [HELLO_RX] NEW 0045 tier=1(UNK) verified=0 rssi=0.2"
000E,SENSOR,1,UNIFIED,"t=9 [HELLO_RX] NEW FF05 tier=3(GWN) verified=0 rssi=3.4"
000E,SENSOR,1,UNIFIED,"t=10 [HELLO_TX] bat=100% nbr=3"
000E,SENSOR,1,UNIFIED,"t=10 [HELLO_RX] NEW 004D tier=1(UNK) verified=0 rssi=9.8"
000E,SENSOR,1,UNIFIED,"t=12 [HELLO_RX] NEW 0039 tier=1(UNK) verified=0 rssi=0.9"
000E,SENSOR,1,UNIFIED,"t=14 [HELLO_RX] NEW AA0B tier=2(CH) verified=0 rssi=0.2"
000E,SENSOR,1,UNIFIED,"t=17 [HELLO_RX] NEW FF08 tier=3(GWN) verified=0 rssi=1.0"
000E,SENSOR,1,UNIFIED,"t=19 [HELLO_RX] NEW FF0D tier=3(GWN) verified=0 rssi=0.1"
000E,SENSOR,1,UNIFIED,"t=20 [HELLO_TX] bat=100% nbr=8"
000E,SENSOR,1,UNIFIED,"t=24 [HELLO_RX] NEW 0001 tier=1(UNK) verified=0 rssi=1.5"
000E,SENSOR,1,UNIFIED,"t=26 [HELLO_RX] NEW 003A tier=1(UNK) verified=0 rssi=1.3"
000E,SENSOR,1,UNIFIED,"t=28 [HELLO_TX] bat=100% nbr=10"
000E,SENSOR,1,UNIFIED,"t=29 [HELLO_RX] NEW 0042 tier=1(UNK) verified=0 rssi=0.2"
000E,SENSOR,1,UNIFIED,"t=33 [HELLO_TX] bat=100% nbr=11"
000E,SENSOR,1,UNIFIED,"t=34 [HELLO_RX] NEW AA05 tier=2(CH) verified=0 rssi=0.4"
000E,SENSOR,1,UNIFIED,"t=37 [HELLO_RX] NEW AA04 tier=2(CH) verified=0 rssi=0.8"
000E,SENSOR,1,UNIFIED,"t=40 [HELLO_RX] NEW 0053 tier=1(UNK) verified=0 rssi=0.4"
000E,SENSOR,1,UNIFIED,"t=42 [HELLO_TX] bat=100% nbr=14"
000E,SENSOR,1,UNIFIED,"t=51 [HELLO_TX] bat=100% nbr=14"
000E,SENSOR,1,UNIFIED,"t=56 [HELLO_TX] bat=100% nbr=14"
000E,SENSOR,1,UNIFIED,"t=60 [HELLO_TX] bat=100% nbr=14"
000E,SENSOR,1,UNIFIED,"t=64 [HELLO_TX] bat=100% nbr=14"
000E,SENSOR,1,UNIFIED,"t=67 [HELLO_RX] NEW AA09 tier=2(CH) verified=0 rssi=0.2"
000E,SENSOR,1,UNIFIED,"t=71 [HELLO_TX] bat=100% nbr=15"
000E,SENSOR,1,UNIFIED,"t=78 [HELLO_RX] NEW AA0A tier=2(CH) verified=0 rssi=0.2"
000E,SENSOR,1,UNIFIED,"t=80 [HELLO_TX] bat=100% nbr=16"
000E,SENSOR,1,UNIFIED,"t=85 [HELLO_TX] bat=100% nbr=16"
000E,SENSOR,1,UNIFIED,"t=94 [HELLO_TX] bat=100% nbr=16"
000E,SENSOR,1,UNIFIED,"t=104 [HELLO_TX] bat=100% nbr=16"
000E,SENSOR,1,UNIFIED,"t=113 [HELLO_TX] bat=100% nbr=16"
000E,SENSOR,1,UNIFIED,"t=123 [HELLO_TX] bat=100% nbr=16"
000E,SENSOR,1,UNIFIED,"t=130 [HELLO_TX] bat=100% nbr=16"
000E,SENSOR,1,UNIFIED,"t=137 [HELLO_TX] bat=100% nbr=16"
000E,SENSOR,1,UNIFIED,"t=145 [HELLO_TX] bat=100% nbr=16"
000E,SENSOR,1,UNIFIED,"t=154 [HELLO_TX] bat=100% nbr=16"
000E,SENSOR,1,UNIFIED,"t=163 [HELLO_TX] bat=100% nbr=16"
000E,SENSOR,1,UNIFIED,"t=167 [HELLO_TX] bat=100% nbr=16"
000E,SENSOR,1,UNIFIED,"t=175 [HELLO_TX] bat=100% nbr=16"
000E,SENSOR,1,UNIFIED,"t=181 [HELLO_TX] bat=100% nbr=16"
000E,SENSOR,1,UNIFIED,"t=190 [HELLO_TX] bat=100% nbr=16"
000E,SENSOR,1,UNIFIED,"t=200 [HELLO_TX] bat=100% nbr=16"
000E,SENSOR,1,UNIFIED,"t=209 [HELLO_TX] bat=100% nbr=16"
000E,SENSOR,1,UNIFIED,"t=217 [HELLO_TX] bat=100% nbr=16"
000E,SENSOR,1,UNIFIED,"t=221 [HELLO_TX] bat=100% nbr=16"
000E,SENSOR,1,UNIFIED,"t=225 [HELLO_TX] bat=100% nbr=16"
000E,SENSOR,1,UNIFIED,"t=231 [HELLO_TX] bat=100% nbr=16"
000E,SENSOR,1,UNIFIED,"t=241 [HELLO_TX] bat=100% nbr=16"
000F,SENSOR,1,UNIFIED,"t=4 [HELLO_TX] bat=100% nbr=0"
000F,SENSOR,1,UNIFIED,"t=5 [HELLO_RX] NEW 0018 tier=1(UNK) verified=0 rssi=3.2"
000F,SENSOR,1,UNIFIED,"t=7 [HELLO_RX] NEW FF0B tier=3(GWN) verified=0 rssi=4.3"
000F,SENSOR,1,UNIFIED,"t=10 [HELLO_RX] NEW FF0A tier=3(GWN) verified=0 rssi=1.3"
000F,SENSOR,1,UNIFIED,"t=11 [HELLO_RX] NEW 0006 tier=1(UNK) verified=0 rssi=0.4"
000F,SENSOR,1,UNIFIED,"t=14 [HELLO_TX] bat=100% nbr=4"
000F,SENSOR,1,UNIFIED,"t=14 [HELLO_RX] NEW 0051 tier=1(UNK) verified=0 rssi=0.6"
000F,SENSOR,1,UNIFIED,"t=18 [HELLO_RX] NEW 002A tier=1(UNK) verified=0 rssi=1.5"
000F,SENSOR,1,UNIFIED,"t=19 [HELLO_RX] NEW 0014 tier=1(UNK) verified=0 rssi=0.8"
000F,SENSOR,1,UNIFIED,"t=24 [HELLO_TX] bat=100% nbr=7"
000F,SENSOR,1,UNIFIED,"t=26 [HELLO_RX] NEW 002F tier=1(UNK) verified=0 rssi=0.9"
000F,SENSOR,1,UNIFIED,"t=34 [HELLO_TX] bat=100% nbr=8"
000F,SENSOR,1,UNIFIED,"t=39 [HELLO_TX] bat=100% nbr=8"
000F,SENSOR,1,UNIFIED,"t=42 [HELLO_RX] NEW 0013 tier=1(UNK) verified=0 rssi=0.9"
000F,SENSOR,1,UNIFIED,"t=45 [HELLO_RX] NEW AA01 tier=2(CH) verified=0 rssi=2.2"
000F,SENSOR,1,UNIFIED,"t=48 [HELLO_TX] bat=100% nbr=10"
000F,SENSOR,1,UNIFIED,"t=54 [HELLO_TX] bat=100% nbr=10"
000F,SENSOR,1,UNIFIED,"t=58 [HELLO_TX] bat=100% nbr=10"
000F,SENSOR,1,UNIFIED,"t=61 [HELLO_RX] NEW FF03 tier=3(GWN) verified=1 rssi=0.2"
000F,SENSOR,1,UNIFIED,"t=65 [HELLO_TX] bat=100% nbr=11"
000F,SENSOR,1,UNIFIED,"t=71 [HELLO_TX] bat=100% nbr=11"
000F,SENSOR,1,UNIFIED,"t=71 [HELLO_RX] NEW AA08 tier=2(CH) verified=0 rssi=0.3"
000F,SENSOR,1,UNIFIED,"t=79 [HELLO_TX] bat=100% nbr=12"
000F,SENSOR,1,UNIFIED,"t=86 [HELLO_TX] bat=100% nbr=12"
000F,SENSOR,1,UNIFIED,"t=91 [HELLO_TX] bat=100% nbr=12"
000F,SENSOR,1,UNIFIED,"t=91 [HELLO_RX] NEW 0012 tier=1(UNK) verified=0 rssi=0.2"
000F,SENSOR,1,UNIFIED,"t=93 [HELLO_RX] NEW 0050 tier=1(UNK) verified=0 rssi=0.2"
000F,SENSOR,1,UNIFIED,"t=95 [HELLO_TX] bat=100% nbr=14"
000F,SENSOR,1,UNIFIED,"t=102 [HELLO_TX] bat=100% nbr=14"
000F,SENSOR,1,UNIFIED,"t=112 [HELLO_TX] bat=100% nbr=14"
000F,SENSOR,1,UNIFIED,"t=116 [HELLO_TX] bat=100% nbr=14"
000F,SENSOR,1,UNIFIED,"t=120 [HELLO_TX] bat=100% nbr=14"
000F,SENSOR,1,UNIFIED,"t=124 [HELLO_TX] bat=100% nbr=14"
000F,SENSOR,1,UNIFIED,"t=134 [HELLO_TX] bat=100% nbr=14"
000F,SENSOR,1,UNIFIED,"t=142 [HELLO_TX] bat=100% nbr=14"
000F,SENSOR,1,UNIFIED,"t=149 [HELLO_TX] bat=100% nbr=14"
000F,SENSOR,1,UNIFIED,"t=157 [HELLO_TX] bat=100% nbr=14"
000F,SENSOR,1,UNIFIED,"t=165 [HELLO_TX] bat=100% nbr=14"
000F,SENSOR,1,UNIFIED,"t=175 [HELLO_TX] bat=100% nbr=14"
000F,SENSOR,1,UNIFIED,"t=180 [HELLO_TX] bat=100% nbr=14"
000F,SENSOR,1,UNIFIED,"t=184 [HELLO_TX] bat=100% nbr=14"
000F,SENSOR,1,UNIFIED,"t=188 [HELLO_TX] bat=100% nbr=14"
000F,SENSOR,1,UNIFIED,"t=194 [HELLO_TX] bat=100% nbr=14"
000F,SENSOR,1,UNIFIED,"t=204 [HELLO_TX] bat=100% nbr=14"
000F,SENSOR,1,UNIFIED,"t=212 [HELLO_TX] bat=100% nbr=14"
000F,SENSOR,1,UNIFIED,"t=222 [HELLO_TX] bat=100% nbr=14"
000F,SENSOR,1,UNIFIED,"t=229 [HELLO_TX] bat=100% nbr=14"
000F,SENSOR,1,UNIFIED,"t=238 [HELLO_TX] bat=100% nbr=14"
000F,SENSOR,1,UNIFIED,"t=246 [HELLO_TX] bat=100% nbr=14"
0010,SENSOR,1,UNIFIED,"t=4 [HELLO_RX] NEW 0057 tier=1(UNK) verified=0 rssi=0.2"
0010,SENSOR,1,UNIFIED,"t=5 [HELLO_RX] NEW 0007 tier=1(UNK) verified=0 rssi=1.0"
0010,SENSOR,1,UNIFIED,"t=6 [HELLO_TX] bat=100% nbr=2"
0010,SENSOR,1,UNIFIED,"t=11 [HELLO_RX] NEW 0055 tier=1(UNK) verified=0 rssi=0.5"
0010,SENSOR,1,UNIFIED,"t=12 [HELLO_TX] bat=100% nbr=3"
0010,SENSOR,1,UNIFIED,"t=12 [HELLO_RX] NEW 005A tier=1(UNK) verified=0 rssi=1.7"
0010,SENSOR,1,UNIFIED,"t=14 [HELLO_RX] NEW 0058 tier=1(UNK) verified=0 rssi=1.1"
0010,SENSOR,1,UNIFIED,"t=16 [HELLO_TX] bat=100% nbr=5"
0010,SENSOR,1,UNIFIED,"t=22 [HELLO_TX] bat=100% nbr=5"
0010,SENSOR,1,UNIFIED,"t=27 [HELLO_TX] bat=100% nbr=5"
0010,SENSOR,1,UNIFIED,"t=27 [HELLO_RX] NEW FF08 tier=3(GWN) verified=0 rssi=0.1"
0010,SENSOR,1,UNIFIED,"t=32 [HELLO_RX] NEW 0014 tier=1(UNK) verified=0 rssi=0.2"
0010,SENSOR,1,UNIFIED,"t=33 [HELLO_TX] bat=100% nbr=7"
0010,SENSOR,1,UNIFIED,"t=39 [HELLO_TX] bat=100% nbr=7"
0010,SENSOR,1,UNIFIED,"t=43 [HELLO_RX] NEW 0050 tier=1(UNK) verified=0 rssi=0.4"
0010,SENSOR,1,UNIFIED,"t=45 [HELLO_RX] NEW 000B tier=1(UNK) verified=0 rssi=0.2"
0010,SENSOR,1,UNIFIED,"t=46 [HELLO_TX] bat=100% nbr=9"
0010,SENSOR,1,UNIFIED,"t=49 [HELLO_RX] NEW AA0A tier=2(CH) verified=0 rssi=0.3"
0010,SENSOR,1,UNIFIED,"t=50 [HELLO_RX] NEW 0043 tier=1(UNK) verified=0 rssi=0.2"
0010,SENSOR,1,UNIFIED,"t=51 [HELLO_TX] bat=100% nbr=11"
0010,SENSOR,1,UNIFIED,"t=52 [HELLO_RX] NEW 001B tier=1(UNK) verified=0 rssi=0.2"
0010,SENSOR,1,UNIFIED,"t=57 [HELLO_TX] bat=100% nbr=12"
0010,SENSOR,1,UNIFIED,"t=57 [HELLO_RX] NEW 0036 tier=1(UNK) verified=0 rssi=0.2"
0010,SENSOR,1,UNIFIED,"t=65 [HELLO_TX] bat=100% nbr=13"
0010,SENSOR,1,UNIFIED,"t=70 [HELLO_TX] bat=100% nbr=13"
0010,SENSOR,1,UNIFIED,"t=75 [HELLO_TX] bat=100% nbr=13"
0010,SENSOR,1,UNIFIED,"t=83 [HELLO_TX] bat=100% nbr=13"
0010,SENSOR,1,UNIFIED,"t=87 [HELLO_TX] bat=100% nbr=13"
0010,SENSOR,1,UNIFIED,"t=96 [HELLO_TX] bat=100% nbr=13"
0010,SENSOR,1,UNIFIED,"t=103 [HELLO_TX] bat=100% nbr=13"
0010,SENSOR,1,UNIFIED,"t=107 [HELLO_TX] bat=100% nbr=13"
0010,SENSOR,1,UNIFIED,"t=115 [HELLO_TX] bat=100% nbr=13"
0010,SENSOR,1,UNIFIED,"t=120 [HELLO_RX] NEW 004B tier=1(UNK) verified=0 rssi=0.2"
0010,SENSOR,1,UNIFIED,"t=123 [HELLO_TX] bat=100% nbr=14"
0010,SENSOR,1,UNIFIED,"t=129 [HELLO_TX] bat=100% nbr=14"
0010,SENSOR,1,UNIFIED,"t=138 [HELLO_TX] bat=100% nbr=14"
0010,SENSOR,1,UNIFIED,"t=145 [HELLO_TX] bat=100% nbr=14"
0010,SENSOR,1,UNIFIED,"t=155 [HELLO_TX] bat=100% nbr=14"
0010,SENSOR,1,UNIFIED,"t=165 [HELLO_TX] bat=100% nbr=14"
0010,SENSOR,1,UNIFIED,"t=171 [HELLO_TX] bat=100% nbr=14"
0010,SENSOR,1,UNIFIED,"t=178 [HELLO_TX] bat=100% nbr=14"
0010,SENSOR,1,UNIFIED,"t=187 [HELLO_TX] bat=100% nbr=14"
0010,SENSOR,1,UNIFIED,"t=196 [HELLO_TX] bat=100% nbr=14"
0010,SENSOR,1,UNIFIED,"t=202 [HELLO_TX] bat=100% nbr=14"
0010,SENSOR,1,UNIFIED,"t=209 [HELLO_TX] bat=100% nbr=14"
0010,SENSOR,1,UNIFIED,"t=211 [HELLO_RX] NEW FF0A tier=3(GWN) verified=1 rssi=0.1"
0010,SENSOR,1,UNIFIED,"t=215 [HELLO_TX] bat=100% nbr=15"
0010,SENSOR,1,UNIFIED,"t=225 [HELLO_TX] bat=100% nbr=15"
0010,SENSOR,1,UNIFIED,"t=233 [HELLO_TX] bat=100% nbr=15"
0010,SENSOR,1,UNIFIED,"t=238 [HELLO_TX] bat=100% nbr=15"
0010,SENSOR,1,UNIFIED,"t=246 [HELLO_TX] bat=100% nbr=15"
0011,SENSOR,1,UNIFIED,"t=4 [HELLO_RX] NEW 005C tier=1(UNK) verified=0 rssi=0.5"
0011,SENSOR,1,UNIFIED,"t=5 [HELLO_RX] NEW AA06 tier=2(CH) verified=0 rssi=0.2"
0011,SENSOR,1,UNIFIED,"t=6 [HELLO_RX] NEW 0038 tier=1(UNK) verified=0 rssi=0.4"
0011,SENSOR,1,UNIFIED,"t=7 [HELLO_RX] NEW 0024 tier=1(UNK) verified=0 rssi=10.9"
0011,SENSOR,1,UNIFIED,"t=8 [HELLO_TX] bat=100% nbr=4"
0011,SENSOR,1,UNIFIED,"t=9 [HELLO_RX] NEW 0062 tier=1(UNK) verified=0 rssi=1.2"
0011,SENSOR,1,UNIFIED,"t=10 [HELLO_RX] NEW 0004 tier=1(UNK) verified=0 rssi=0.2"
0011,SENSOR,1,UNIFIED,"t=15 [HELLO_RX] NEW 000C tier=1(UNK) verified=0 rssi=0.2"
0011,SENSOR,1,UNIFIED,"t=18 [HELLO_TX] bat=100% nbr=7"
0011,SENSOR,1,UNIFIED,"t=18 [HELLO_RX] NEW AA07 tier=2(CH) verified=0 rssi=0.2"
0011,SENSOR,1,UNIFIED,"t=22 [HELLO_RX] NEW 0048 tier=1(UNK) verified=0 rssi=0.9"
0011,SENSOR,1,UNIFIED,"t=28 [HELLO_TX] bat=100% nbr=9"
0011,SENSOR,1,UNIFIED,"t=30 [HELLO_RX] NEW 0055 tier=1(UNK) verified=0 rssi=0.2"
0011,SENSOR,1,UNIFIED,"t=31 [HELLO_RX] NEW 0028 tier=1(UNK) verified=0 rssi=0.6"
0011,SENSOR,1,UNIFIED,"t=37 [HELLO_TX] bat=100% nbr=11"
0011,SENSOR,1,UNIFIED,"t=42 [HELLO_TX] bat=100% nbr=11"
0011,SENSOR,1,UNIFIED,"t=48 [HELLO_RX] NEW 001A tier=1(UNK) verified=0 rssi=0.2"
0011,SENSOR,1,UNIFIED,"t=50 [HELLO_TX] bat=100% nbr=12"
0011,SENSOR,1,UNIFIED,"t=55 [HELLO_TX] bat=100% nbr=12"
0011,SENSOR,1,UNIFIED,"t=61 [HELLO_RX] NEW AA08 tier=2(CH) verified=0 rssi=0.3"
0011,SENSOR,1,UNIFIED,"t=65 [HELLO_TX] bat=100% nbr=13"
0011,SENSOR,1,UNIFIED,"t=73 [HELLO_TX] bat=100% nbr=13"
0011,SENSOR,1,UNIFIED,"t=77 [HELLO_TX] bat=100% nbr=13"
0011,SENSOR,1,UNIFIED,"t=87 [HELLO_TX] bat=100% nbr=13"
0011,SENSOR,1,UNIFIED,"t=96 [HELLO_TX] bat=100% nbr=13"
0011,SENSOR,1,UNIFIED,"t=101 [HELLO_TX] bat=100% nbr=13"
0011,SENSOR,1,UNIFIED,"t=110 [HELLO_TX] bat=100% nbr=13"
0011,SENSOR,1,UNIFIED,"t=118 [HELLO_TX] bat=100% nbr=13"
0011,SENSOR,1,UNIFIED,"t=125 [HELLO_TX] bat=100% nbr=13"
0011,SENSOR,1,UNIFIED,"t=130 [HELLO_TX] bat=100% nbr=13"
0011,SENSOR,1,UNIFIED,"t=140 [HELLO_TX] bat=100% nbr=13"
0011,SENSOR,1,UNIFIED,"t=144 [HELLO_TX] bat=100% nbr=13"
0011,SENSOR,1,UNIFIED,"t=154 [HELLO_TX] bat=100% nbr=13"
0011,SENSOR,1,UNIFIED,"t=164 [HELLO_TX] bat=100% nbr=13"
0011,SENSOR,1,UNIFIED,"t=170 [HELLO_TX] bat=100% nbr=13"
0011,SENSOR,1,UNIFIED,"t=175 [HELLO_TX] bat=100% nbr=13"
0011,SENSOR,1,UNIFIED,"t=180 [HELLO_RX] NEW 0037 tier=1(UNK) verified=0 rssi=0.2"
0011,SENSOR,1,UNIFIED,"t=182 [HELLO_TX] bat=100% nbr=14"
0011,SENSOR,1,UNIFIED,"t=191 [HELLO_TX] bat=100% nbr=14"
0011,SENSOR,1,UNIFIED,"t=191 [HELLO_RX] NEW FF0A tier=3(GWN) verified=1 rssi=0.1"
0011,SENSOR,1,UNIFIED,"t=197 [HELLO_TX] bat=100% nbr=15"
0011,SENSOR,1,UNIFIED,"t=205 [HELLO_TX] bat=100% nbr=15"
0011,SENSOR,1,UNIFIED,"t=213 [HELLO_TX] bat=100% nbr=15"
0011,SENSOR,1,UNIFIED,"t=219 [HELLO_TX] bat=100% nbr=15"
0011,SENSOR,1,UNIFIED,"t=227 [HELLO_TX] bat=100% nbr=15"
0011,SENSOR,1,UNIFIED,"t=231 [HELLO_TX] bat=100% nbr=15"
0011,SENSOR,1,UNIFIED,"t=240 [HELLO_TX] bat=100% nbr=15"
0011,SENSOR,1,UNIFIED,"t=248 [HELLO_TX] bat=100% nbr=15"
0012,SENSOR,1,UNIFIED,"t=5 [HELLO_RX] NEW 0006 tier=1(UNK) verified=0 rssi=0.3"
0012,SENSOR,1,UNIFIED,"t=6 [HELLO_RX] NEW FF03 tier=3(GWN) verified=0 rssi=3.1"
0012,SENSOR,1,UNIFIED,"t=7 [HELLO_TX] bat=100% nbr=2"
0012,SENSOR,1,UNIFIED,"t=9 [HELLO_RX] NEW AA01 tier=2(CH) verified=0 rssi=1.1"
0012,SENSOR,1,UNIFIED,"t=10 [HELLO_RX] NEW FF0A tier=3(GWN) verified=0 rssi=2.5"
0012,SENSOR,1,UNIFIED,"t=11 [HELLO_TX] bat=100% nbr=4"
0012,SENSOR,1,UNIFIED,"t=17 [HELLO_RX] NEW FF01 tier=3(GWN) verified=0 rssi=0.2"
0012,SENSOR,1,UNIFIED,"t=18 [HELLO_RX] NEW 002A tier=1(UNK) verified=0 rssi=0.3"
0012,SENSOR,1,UNIFIED,"t=19 [HELLO_TX] bat=100% nbr=6"
0012,SENSOR,1,UNIFIED,"t=22 [HELLO_RX] NEW FF0B tier=3(GWN) verified=1 rssi=0.7"
0012,SENSOR,1,UNIFIED,"t=25 [HELLO_TX] bat=100% nbr=7"
0012,SENSOR,1,UNIFIED,"t=26 [HELLO_RX] NEW AA08 tier=2(CH) verified=0 rssi=0.2"
0012,SENSOR,1,UNIFIED,"t=31 [HELLO_TX] bat=100% nbr=8"
0012,SENSOR,1,UNIFIED,"t=36 [HELLO_TX] bat=100% nbr=8"
0012,SENSOR,1,UNIFIED,"t=44 [HELLO_TX] bat=100% nbr=8"
0012,SENSOR,1,UNIFIED,"t=52 [HELLO_TX] bat=100% nbr=8"
0012,SENSOR,1,UNIFIED,"t=58 [HELLO_RX] NEW AA02 tier=2(CH) verified=0 rssi=0.2"
0012,SENSOR,1,UNIFIED,"t=62 [HELLO_TX] bat=100% nbr=9"
0012,SENSOR,1,UNIFIED,"t=65 [HELLO_RX] NEW 000F tier=1(UNK) verified=0 rssi=0.2"
0012,SENSOR,1,UNIFIED,"t=71 [HELLO_TX] bat=100% nbr=10"
0012,SENSOR,1,UNIFIED,"t=77 [HELLO_TX] bat=100% nbr=10"
0012,SENSOR,1,UNIFIED,"t=85 [HELLO_TX] bat=100% nbr=10"
0012,SENSOR,1,UNIFIED,"t=91 [HELLO_TX] bat=100% nbr=10"
0012,SENSOR,1,UNIFIED,"t=95 [HELLO_TX] bat=100% nbr=10"
0012,SENSOR,1,UNIFIED,"t=100 [HELLO_RX] NEW 002E tier=1(UNK) verified=0 rssi=0.3"
0012,SENSOR,1,UNIFIED,"t=101 [HELLO_TX] bat=100% nbr=11"
0012,SENSOR,1,UNIFIED,"t=110 [HELLO_TX] bat=100% nbr=11"
0012,SENSOR,1,UNIFIED,"t=114 [HELLO_TX] bat=100% nbr=11"
0012,SENSOR,1,UNIFIED,"t=121 [HELLO_TX] bat=100% nbr=11"
0012,SENSOR,1,UNIFIED,"t=129 [HELLO_TX] bat=100% nbr=11"
0012,SENSOR,1,UNIFIED,"t=138 [HELLO_TX] bat=100% nbr=11"
0012,SENSOR,1,UNIFIED,"t=147 [HELLO_TX] bat=100% nbr=11"
0012,SENSOR,1,UNIFIED,"t=155 [HELLO_TX] bat=100% nbr=11"
0012,SENSOR,1,UNIFIED,"t=164 [HELLO_TX] bat=100% nbr=11"
0012,SENSOR,1,UNIFIED,"t=170 [HELLO_TX] bat=100% nbr=11"
0012,SENSOR,1,UNIFIED,"t=174 [HELLO_RX] NEW 005F tier=1(UNK) verified=0 rssi=0.2"
0012,SENSOR,1,UNIFIED,"t=175 [HELLO_TX] bat=100% nbr=12"
0012,SENSOR,1,UNIFIED,"t=180 [HELLO_TX] bat=100% nbr=12"
0012,SENSOR,1,UNIFIED,"t=184 [HELLO_TX] bat=100% nbr=12"
0012,SENSOR,1,UNIFIED,"t=190 [HELLO_TX] bat=100% nbr=12"
0012,SENSOR,1,UNIFIED,"t=194 [HELLO_TX] bat=100% nbr=12"
0012,SENSOR,1,UNIFIED,"t=202 [HELLO_TX] bat=100% nbr=12"
0012,SENSOR,1,UNIFIED,"t=206 [HELLO_TX] bat=100% nbr=12"
0012,SENSOR,1,UNIFIED,"t=211 [HELLO_TX] bat=100% nbr=12"
0012,SENSOR,1,UNIFIED,"t=216 [HELLO_TX] bat=100% nbr=12"
0012,SENSOR,1,UNIFIED,"t=225 [HELLO_TX] bat=100% nbr=12"
0012,SENSOR,1,UNIFIED,"t=231 [HELLO_TX] bat=100% nbr=12"
0012,SENSOR,1,UNIFIED,"t=241 [HELLO_TX] bat=100% nbr=12"
0012,SENSOR,1,UNIFIED,"t=248 [HELLO_TX] bat=100% nbr=12"
0013,SENSOR,1,UNIFIED,"t=4 [HELLO_RX] NEW 000F tier=1(UNK) verified=0 rssi=0.9"
0013,SENSOR,1,UNIFIED,"t=5 [HELLO_RX] NEW 0051 tier=1(UNK) verified=0 rssi=18.5"
0013,SENSOR,1,UNIFIED,"t=6 [HELLO_RX] NEW 0058 tier=1(UNK) verified=0 rssi=0.2"
0013,SENSOR,1,UNIFIED,"t=7 [HELLO_TX] bat=100% nbr=3"
0013,SENSOR,1,UNIFIED,"t=9 [HELLO_RX] NEW AA01 tier=2(CH) verified=0 rssi=0.5"
0013,SENSOR,1,UNIFIED,"t=10 [HELLO_RX] NEW 0014 tier=1(UNK) verified=0 rssi=8.7"
0013,SENSOR,1,UNIFIED,"t=11 [HELLO_RX] NEW 0006 tier=1(UNK) verified=0 rssi=0.4"
0013,SENSOR,1,UNIFIED,"t=15 [HELLO_TX] bat=100% nbr=6"
0013,SENSOR,1,UNIFIED,"t=15 [HELLO_RX] NEW FF0B tier=3(GWN) verified=0 rssi=0.8"
0013,SENSOR,1,UNIFIED,"t=16 [HELLO_RX] NEW 0055 tier=1(UNK) verified=0 rssi=0.2"
0013,SENSOR,1,UNIFIED,"t=17 [HELLO_RX] NEW 002F tier=1(UNK) verified=0 rssi=7.2"
0013,SENSOR,1,UNIFIED,"t=22 [HELLO_TX] bat=100% nbr=9"
0013,SENSOR,1,UNIFIED,"t=24 [HELLO_RX] NEW 0018 tier=1(UNK) verified=0 rssi=1.0"
0013,SENSOR,1,UNIFIED,"t=28 [HELLO_TX] bat=100% nbr=10"
0013,SENSOR,1,UNIFIED,"t=28 [HELLO_RX] NEW 002A tier=1(UNK) verified=0 rssi=0.7"
0013,SENSOR,1,UNIFIED,"t=37 [HELLO_TX] bat=100% nbr=11"
0013,SENSOR,1,UNIFIED,"t=42 [HELLO_TX] bat=100% nbr=11"
0013,SENSOR,1,UNIFIED,"t=44 [HELLO_RX] NEW AA08 tier=2(CH) verified=0 rssi=0.4"
0013,SENSOR,1,UNIFIED,"t=51 [HELLO_TX] bat=100% nbr=12"
0013,SENSOR,1,UNIFIED,"t=57 [HELLO_TX] bat=100% nbr=12"
0013,SENSOR,1,UNIFIED,"t=64 [HELLO_TX] bat=100% nbr=12"
0013,SENSOR,1,UNIFIED,"t=70 [HELLO_RX] NEW FF0A tier=3(GWN) verified=1 rssi=0.4"
0013,SENSOR,1,UNIFIED,"t=73 [HELLO_TX] bat=100% nbr=13"
0013,SENSOR,1,UNIFIED,"t=77 [HELLO_TX] bat=100% nbr=13"
0013,SENSOR,1,UNIFIED,"t=80 [HELLO_RX] NEW 0050 tier=1(UNK) verified=0 rssi=0.4"
0013,SENSOR,1,UNIFIED,"t=81 [HELLO_TX] bat=100% nbr=14"
0013,SENSOR,1,UNIFIED,"t=88 [HELLO_TX] bat=100% nbr=14"
0013,SENSOR,1,UNIFIED,"t=98 [HELLO_TX] bat=100% nbr=14"
0013,SENSOR,1,UNIFIED,"t=102 [HELLO_TX] bat=100% nbr=14"
0013,SENSOR,1,UNIFIED,"t=108 [HELLO_TX] bat=100% nbr=14"
0013,SENSOR,1,UNIFIED,"t=118 [HELLO_TX] bat=100% nbr=14"
0013,SENSOR,1,UNIFIED,"t=125 [HELLO_TX] bat=100% nbr=14"
0013,SENSOR,1,UNIFIED,"t=130 [HELLO_TX] bat=100% nbr=14"
0013,SENSOR,1,UNIFIED,"t=140 [HELLO_TX] bat=100% nbr=14"
0013,SENSOR,1,UNIFIED,"t=144 [HELLO_TX] bat=100% nbr=14"
0013,SENSOR,1,UNIFIED,"t=144 [HELLO_RX] NEW FF03 tier=3(GWN) verified=1 rssi=0.1"
0013,SENSOR,1,UNIFIED,"t=154 [HELLO_TX] bat=100% nbr=15"
0013,SENSOR,1,UNIFIED,"t=162 [HELLO_TX] bat=100% nbr=15"
0013,SENSOR,1,UNIFIED,"t=169 [HELLO_TX] bat=100% nbr=15"
0013,SENSOR,1,UNIFIED,"t=174 [HELLO_TX] bat=100% nbr=15"
0013,SENSOR,1,UNIFIED,"t=181 [HELLO_TX] bat=100% nbr=15"
0013,SENSOR,1,UNIFIED,"t=191 [HELLO_TX] bat=100% nbr=15"
0013,SENSOR,1,UNIFIED,"t=195 [HELLO_TX] bat=100% nbr=15"
0013,SENSOR,1,UNIFIED,"t=199 [HELLO_TX] bat=100% nbr=15"
0013,SENSOR,1,UNIFIED,"t=208 [HELLO_TX] bat=100% nbr=15"
0013,SENSOR,1,UNIFIED,"t=212 [HELLO_TX] bat=100% nbr=15"
0013,SENSOR,1,UNIFIED,"t=220 [HELLO_TX] bat=100% nbr=15"
0013,SENSOR,1,UNIFIED,"t=229 [HELLO_TX] bat=100% nbr=15"
0013,SENSOR,1,UNIFIED,"t=233 [HELLO_TX] bat=100% nbr=15"
0013,SENSOR,1,UNIFIED,"t=239 [HELLO_TX] bat=100% nbr=15"
0013,SENSOR,1,UNIFIED,"t=244 [HELLO_TX] bat=100% nbr=15"
0014,SENSOR,1,UNIFIED,"t=4 [HELLO_RX] NEW 000F tier=1(UNK) verified=0 rssi=0.8"
0014,SENSOR,1,UNIFIED,"t=6 [HELLO_RX] NEW 0050 tier=1(UNK) verified=0 rssi=0.8"
0014,SENSOR,1,UNIFIED,"t=7 [HELLO_RX] NEW 0013 tier=1(UNK) verified=0 rssi=8.7"
0014,SENSOR,1,UNIFIED,"t=9 [HELLO_RX] NEW 0018 tier=1(UNK) verified=0 rssi=1.6"
0014,SENSOR,1,UNIFIED,"t=10 [HELLO_TX] bat=100% nbr=4"
0014,SENSOR,1,UNIFIED,"t=14 [HELLO_RX] NEW 0051 tier=1(UNK) verified=0 rssi=2.6"
0014,SENSOR,1,UNIFIED,"t=19 [HELLO_TX] bat=100% nbr=5"
0014,SENSOR,1,UNIFIED,"t=19 [HELLO_RX] NEW 0058 tier=1(UNK) verified=0 rssi=0.3"
0014,SENSOR,1,UNIFIED,"t=21 [HELLO_RX] NEW FF0A tier=3(GWN) verified=0 rssi=0.4"
0014,SENSOR,1,UNIFIED,"t=26 [HELLO_TX] bat=100% nbr=7"
0014,SENSOR,1,UNIFIED,"t=26 [HELLO_RX] NEW 002F tier=1(UNK) verified=0 rssi=1.5"
0014,SENSOR,1,UNIFIED,"t=31 [HELLO_RX] NEW FF0B tier=3(GWN) verified=1 rssi=0.8"
0014,SENSOR,1,UNIFIED,"t=32 [HELLO_TX] bat=100% nbr=9"
0014,SENSOR,1,UNIFIED,"t=36 [HELLO_TX] bat=100% nbr=9"
0014,SENSOR,1,UNIFIED,"t=45 [HELLO_RX] NEW 002A tier=1(UNK) verified=0 rssi=0.4"
0014,SENSOR,1,UNIFIED,"t=46 [HELLO_TX] bat=100% nbr=10"
0014,SENSOR,1,UNIFIED,"t=55 [HELLO_TX] bat=100% nbr=10"
0014,SENSOR,1,UNIFIED,"t=59 [HELLO_RX] NEW 0006 tier=1(UNK) verified=0 rssi=0.2"
0014,SENSOR,1,UNIFIED,"t=63 [HELLO_TX] bat=100% nbr=11"
0014,SENSOR,1,UNIFIED,"t=73 [HELLO_TX] bat=100% nbr=11"
0014,SENSOR,1,UNIFIED,"t=81 [HELLO_TX] bat=100% nbr=11"
0014,SENSOR,1,UNIFIED,"t=82 [HELLO_RX] NEW AA08 tier=2(CH) verified=0 rssi=0.2"
0014,SENSOR,1,UNIFIED,"t=88 [HELLO_TX] bat=100% nbr=12"
0014,SENSOR,1,UNIFIED,"t=92 [HELLO_TX] bat=100% nbr=12"
0014,SENSOR,1,UNIFIED,"t=101 [HELLO_TX] bat=100% nbr=12"
0014,SENSOR,1,UNIFIED,"t=111 [HELLO_TX] bat=100% nbr=12"
0014,SENSOR,1,UNIFIED,"t=115 [HELLO_TX] bat=100% nbr=12"
0014,SENSOR,1,UNIFIED,"t=124 [HELLO_TX] bat=100% nbr=12"
0014,SENSOR,1,UNIFIED,"t=128 [HELLO_RX] NEW AA01 tier=2(CH) verified=0 rssi=0.4"
0014,SENSOR,1,UNIFIED,"t=132 [HELLO_TX] bat=100% nbr=13"
0014,SENSOR,1,UNIFIED,"t=138 [HELLO_TX] bat=100% nbr=13"
0014,SENSOR,1,UNIFIED,"t=145 [HELLO_TX] bat=100% nbr=13"
0014,SENSOR,1,UNIFIED,"t=152 [HELLO_TX] bat=100% nbr=13"
0014,SENSOR,1,UNIFIED,"t=160 [HELLO_TX] bat=100% nbr=13"
0014,SENSOR,1,UNIFIED,"t=166 [HELLO_TX] bat=100% nbr=13"
0014,SENSOR,1,UNIFIED,"t=172 [HELLO_TX] bat=100% nbr=13"
0014,SENSOR,1,UNIFIED,"t=175 [HELLO_RX] NEW FF03 tier=3(GWN) verified=1 rssi=0.1"
0014,SENSOR,1,UNIFIED,"t=180 [HELLO_TX] bat=100% nbr=14"
0014,SENSOR,1,UNIFIED,"t=187 [HELLO_TX] bat=100% nbr=14"
0014,SENSOR,1,UNIFIED,"t=191 [HELLO_TX] bat=100% nbr=14"
0014,SENSOR,1,UNIFIED,"t=199 [HELLO_TX] bat=100% nbr=14"
0014,SENSOR,1,UNIFIED,"t=206 [HELLO_TX] bat=100% nbr=14"
0014,SENSOR,1,UNIFIED,"t=209 [HELLO_RX] NEW 0010 tier=1(UNK) verified=0 rssi=0.2"
0014,SENSOR,1,UNIFIED,"t=212 [HELLO_TX] bat=100% nbr=15"
0014,SENSOR,1,UNIFIED,"t=218 [HELLO_TX] bat=100% nbr=15"
0014,SENSOR,1,UNIFIED,"t=219 [HELLO_RX] NEW 0055 tier=1(UNK) verified=0 rssi=0.2"
0014,SENSOR,1,UNIFIED,"t=227 [HELLO_TX] bat=100% nbr=16"
0014,SENSOR,1,UNIFIED,"t=236 [HELLO_TX] bat=100% nbr=16"
0014,SENSOR,1,UNIFIED,"t=242 [HELLO_TX] bat=100% nbr=16"
0014,SENSOR,1,UNIFIED,"t=249 [HELLO_TX] bat=100% nbr=16"
0015,SENSOR,1,UNIFIED,"t=5 [HELLO_TX] bat=100% nbr=0"
0015,SENSOR,1,UNIFIED,"t=8 [HELLO_RX] NEW FF07 tier=3(GWN) verified=0 rssi=1.1"
0015,SENSOR,1,UNIFIED,"t=9 [HELLO_RX] NEW 003B tier=1(UNK) verified=0 rssi=0.7"
0015,SENSOR,1,UNIFIED,"t=13 [HELLO_TX] bat=100% nbr=2"
0015,SENSOR,1,UNIFIED,"t=16 [HELLO_RX] NEW 004A tier=1(UNK) verified=0 rssi=2.4"
0015,SENSOR,1,UNIFIED,"t=18 [HELLO_TX] bat=100% nbr=3"
0015,SENSOR,1,UNIFIED,"t=22 [HELLO_RX] NEW FF04 tier=3(GWN) verified=0 rssi=1.0"
0015,SENSOR,1,UNIFIED,"t=25 [HELLO_RX] NEW 0019 tier=1(UNK) verified=0 rssi=0.2"
0015,SENSOR,1,UNIFIED,"t=26 [HELLO_TX] bat=100% nbr=5"
0015,SENSOR,1,UNIFIED,"t=32 [HELLO_TX] bat=100% nbr=5"
0015,SENSOR,1,UNIFIED,"t=39 [HELLO_TX] bat=100% nbr=5"
0015,SENSOR,1,UNIFIED,"t=45 [HELLO_TX] bat=100% nbr=5"
0015,SENSOR,1,UNIFIED,"t=49 [HELLO_TX] bat=100% nbr=5"
0015,SENSOR,1,UNIFIED,"t=52 [HELLO_RX] NEW 004E tier=1(UNK) verified=0 rssi=1.4"
0015,SENSOR,1,UNIFIED,"t=57 [HELLO_TX] bat=100% nbr=6"
0015,SENSOR,1,UNIFIED,"t=62 [HELLO_TX] bat=100% nbr=6"
0015,SENSOR,1,UNIFIED,"t=68 [HELLO_TX] bat=100% nbr=6"
0015,SENSOR,1,UNIFIED,"t=69 [HELLO_RX] NEW FF06 tier=3(GWN) verified=0 rssi=0.3"
0015,SENSOR,1,UNIFIED,"t=76 [HELLO_TX] bat=100% nbr=7"
0015,SENSOR,1,UNIFIED,"t=82 [HELLO_TX] bat=100% nbr=7"
0015,SENSOR,1,UNIFIED,"t=92 [HELLO_TX] bat=100% nbr=7"
0015,SENSOR,1,UNIFIED,"t=102 [HELLO_TX] bat=100% nbr=7"
0015,SENSOR,1,UNIFIED,"t=111 [HELLO_TX] bat=100% nbr=7"
0015,SENSOR,1,UNIFIED,"t=116 [HELLO_TX] bat=100% nbr=7"
0015,SENSOR,1,UNIFIED,"t=125 [HELLO_TX] bat=100% nbr=7"
0015,SENSOR,1,UNIFIED,"t=134 [HELLO_TX] bat=100% nbr=7"
0015,SENSOR,1,UNIFIED,"t=144 [HELLO_TX] bat=100% nbr=7"
0015,SENSOR,1,UNIFIED,"t=152 [HELLO_TX] bat=100% nbr=7"
0015,SENSOR,1,UNIFIED,"t=159 [HELLO_TX] bat=100% nbr=7"
0015,SENSOR,1,UNIFIED,"t=167 [HELLO_TX] bat=100% nbr=7"
0015,SENSOR,1,UNIFIED,"t=172 [HELLO_TX] bat=100% nbr=7"
0015,SENSOR,1,UNIFIED,"t=181 [HELLO_TX] bat=100% nbr=7"
0015,SENSOR,1,UNIFIED,"t=187 [HELLO_TX] bat=100% nbr=7"
0015,SENSOR,1,UNIFIED,"t=192 [HELLO_TX] bat=100% nbr=7"
0015,SENSOR,1,UNIFIED,"t=196 [HELLO_TX] bat=100% nbr=7"
0015,SENSOR,1,UNIFIED,"t=203 [HELLO_TX] bat=100% nbr=7"
0015,SENSOR,1,UNIFIED,"t=210 [HELLO_TX] bat=100% nbr=7"
0015,SENSOR,1,UNIFIED,"t=214 [HELLO_TX] bat=100% nbr=7"
0015,SENSOR,1,UNIFIED,"t=220 [HELLO_TX] bat=100% nbr=7"
0015,SENSOR,1,UNIFIED,"t=228 [HELLO_TX] bat=100% nbr=7"
0015,SENSOR,1,UNIFIED,"t=235 [HELLO_TX] bat=100% nbr=7"
0015,SENSOR,1,UNIFIED,"t=241 [HELLO_TX] bat=100% nbr=7"
0016,SENSOR,1,UNIFIED,"t=4 [HELLO_RX] NEW 0034 tier=1(UNK) verified=0 rssi=0.8"
0016,SENSOR,1,UNIFIED,"t=5 [HELLO_TX] bat=100% nbr=1"
0016,SENSOR,1,UNIFIED,"t=5 [HELLO_RX] NEW 0032 tier=1(UNK) verified=0 rssi=1.2"
0016,SENSOR,1,UNIFIED,"t=6 [HELLO_RX] NEW FF06 tier=3(GWN) verified=0 rssi=8.1"
0016,SENSOR,1,UNIFIED,"t=8 [HELLO_RX] NEW FF07 tier=3(GWN) verified=0 rssi=1.8"
0016,SENSOR,1,UNIFIED,"t=10 [HELLO_RX] NEW FF04 tier=3(GWN) verified=0 rssi=1.8"
0016,SENSOR,1,UNIFIED,"t=14 [HELLO_TX] bat=100% nbr=5"
0016,SENSOR,1,UNIFIED,"t=20 [HELLO_TX] bat=100% nbr=5"
0016,SENSOR,1,UNIFIED,"t=28 [HELLO_TX] bat=100% nbr=5"
0016,SENSOR,1,UNIFIED,"t=33 [HELLO_RX] NEW 002C tier=1(UNK) verified=0 rssi=0.3"
0016,SENSOR,1,UNIFIED,"t=34 [HELLO_TX] bat=100% nbr=6"
0016,SENSOR,1,UNIFIED,"t=34 [HELLO_RX] NEW 005E tier=1(UNK) verified=0 rssi=0.6"
0016,SENSOR,1,UNIFIED,"t=40 [HELLO_TX] bat=100% nbr=7"
0016,SENSOR,1,UNIFIED,"t=45 [HELLO_TX] bat=100% nbr=7"
0016,SENSOR,1,UNIFIED,"t=55 [HELLO_TX] bat=100% nbr=7"
0016,SENSOR,1,UNIFIED,"t=59 [HELLO_TX] bat=100% nbr=7"
0016,SENSOR,1,UNIFIED,"t=66 [HELLO_TX] bat=100% nbr=7"
0016,SENSOR,1,UNIFIED,"t=74 [HELLO_TX] bat=100% nbr=7"
0016,SENSOR,1,UNIFIED,"t=75 [HELLO_RX] NEW 004A tier=1(UNK) verified=0 rssi=0.2"
0016,SENSOR,1,UNIFIED,"t=81 [HELLO_TX] bat=100% nbr=8"
0016,SENSOR,1,UNIFIED,"t=85 [HELLO_TX] bat=100% nbr=8"
0016,SENSOR,1,UNIFIED,"t=89 [HELLO_TX] bat=100% nbr=8"
0016,SENSOR,1,UNIFIED,"t=95 [HELLO_TX] bat=100% nbr=8"
0016,SENSOR,1,UNIFIED,"t=105 [HELLO_TX] bat=100% nbr=8"
0016,SENSOR,1,UNIFIED,"t=115 [HELLO_TX] bat=100% nbr=8"
0016,SENSOR,1,UNIFIED,"t=125 [HELLO_TX] bat=100% nbr=8"
0016,SENSOR,1,UNIFIED,"t=126 [HELLO_RX] NEW 004C tier=1(UNK) verified=0 rssi=0.2"
0016,SENSOR,1,UNIFIED,"t=129 [HELLO_TX] bat=100% nbr=9"
0016,SENSOR,1,UNIFIED,"t=137 [HELLO_TX] bat=100% nbr=9"
0016,SENSOR,1,UNIFIED,"t=147 [HELLO_TX] bat=100% nbr=9"
0016,SENSOR,1,UNIFIED,"t=157 [HELLO_TX] bat=100% nbr=9"
0016,SENSOR,1,UNIFIED,"t=161 [HELLO_TX] bat=100% nbr=9"
0016,SENSOR,1,UNIFIED,"t=166 [HELLO_TX] bat=100% nbr=9"
0016,SENSOR,1,UNIFIED,"t=167 [HELLO_RX] NEW 0030 tier=1(UNK) verified=0 rssi=0.2"
0016,SENSOR,1,UNIFIED,"t=174 [HELLO_TX] bat=100% nbr=10"
0016,SENSOR,1,UNIFIED,"t=179 [HELLO_TX] bat=100% nbr=10"
0016,SENSOR,1,UNIFIED,"t=183 [HELLO_TX] bat=100% nbr=10"
0016,SENSOR,1,UNIFIED,"t=192 [HELLO_TX] bat=100% nbr=10"
0016,SENSOR,1,UNIFIED,"t=197 [HELLO_TX] bat=100% nbr=10"
0016,SENSOR,1,UNIFIED,"t=202 [HELLO_TX] bat=100% nbr=10"
0016,SENSOR,1,UNIFIED,"t=212 [HELLO_TX] bat=100% nbr=10"
0016,SENSOR,1,UNIFIED,"t=219 [HELLO_TX] bat=100% nbr=10"
0016,SENSOR,1,UNIFIED,"t=224 [HELLO_TX] bat=100% nbr=10"
0016,SENSOR,1,UNIFIED,"t=228 [HELLO_TX] bat=100% nbr=10"
0016,SENSOR,1,UNIFIED,"t=237 [HELLO_TX] bat=100% nbr=10"
0016,SENSOR,1,UNIFIED,"t=241 [HELLO_TX] bat=100% nbr=10"
0016,SENSOR,1,UNIFIED,"t=246 [HELLO_TX] bat=100% nbr=10"
0017,SENSOR,1,UNIFIED,"t=4 [HELLO_RX] NEW 003E tier=1(UNK) verified=0 rssi=1.9"
0017,SENSOR,1,UNIFIED,"t=5 [HELLO_RX] NEW 005D tier=1(UNK) verified=0 rssi=0.3"
0017,SENSOR,1,UNIFIED,"t=6 [HELLO_RX] NEW 0029 tier=1(UNK) verified=0 rssi=0.6"
0017,SENSOR,1,UNIFIED,"t=7 [HELLO_RX] NEW 0026 tier=1(UNK) verified=0 rssi=0.2"
0017,SENSOR,1,UNIFIED,"t=8 [HELLO_RX] NEW 004F tier=1(UNK) verified=0 rssi=0.6"
0017,SENSOR,1,UNIFIED,"t=9 [HELLO_TX] bat=100% nbr=5"
0017,SENSOR,1,UNIFIED,"t=9 [HELLO_RX] NEW 0027 tier=1(UNK) verified=0 rssi=0.5"
0017,SENSOR,1,UNIFIED,"t=10 [HELLO_RX] NEW AA09 tier=2(CH) verified=0 rssi=1.3"
0017,SENSOR,1,UNIFIED,"t=12 [HELLO_RX] NEW 001F tier=1(UNK) verified=0 rssi=0.9"
0017,SENSOR,1,UNIFIED,"t=16 [HELLO_TX] bat=100% nbr=8"
0017,SENSOR,1,UNIFIED,"t=26 [HELLO_TX] bat=100% nbr=8"
0017,SENSOR,1,UNIFIED,"t=26 [HELLO_RX] NEW FF0D tier=3(GWN) verified=0 rssi=0.3"
0017,SENSOR,1,UNIFIED,"t=27 [HELLO_RX] NEW AA06 tier=2(CH) verified=0 rssi=0.3"
0017,SENSOR,1,UNIFIED,"t=30 [HELLO_RX] NEW 0035 tier=1(UNK) verified=0 rssi=0.2"
0017,SENSOR,1,UNIFIED,"t=32 [HELLO_TX] bat=100% nbr=11"
0017,SENSOR,1,UNIFIED,"t=32 [HELLO_RX] NEW AA04 tier=2(CH) verified=0 rssi=0.2"
0017,SENSOR,1,UNIFIED,"t=38 [HELLO_TX] bat=100% nbr=12"
0017,SENSOR,1,UNIFIED,"t=43 [HELLO_TX] bat=100% nbr=12"
0017,SENSOR,1,UNIFIED,"t=44 [HELLO_RX] NEW 0033 tier=1(UNK) verified=0 rssi=0.3"
0017,SENSOR,1,UNIFIED,"t=50 [HELLO_TX] bat=100% nbr=13"
0017,SENSOR,1,UNIFIED,"t=56 [HELLO_RX] NEW 0021 tier=1(UNK) verified=0 rssi=0.2"
0017,SENSOR,1,UNIFIED,"t=58 [HELLO_TX] bat=100% nbr=14"
0017,SENSOR,1,UNIFIED,"t=66 [HELLO_TX] bat=100% nbr=14"
0017,SENSOR,1,UNIFIED,"t=66 [HELLO_RX] NEW AA07 tier=2(CH) verified=0 rssi=0.6"
0017,SENSOR,1,UNIFIED,"t=70 [HELLO_RX] NEW FF0C tier=3(GWN) verified=0 rssi=0.3"
0017,SENSOR,1,UNIFIED,"t=73 [HELLO_TX] bat=100% nbr=16"
0017,SENSOR,1,UNIFIED,"t=81 [HELLO_TX] bat=100% nbr=16"
0017,SENSOR,1,UNIFIED,"t=81 [HELLO_RX] NEW AA05 tier=2(CH) verified=0 rssi=0.6"
0017,SENSOR,1,UNIFIED,"t=91 [HELLO_TX] bat=100% nbr=17"
0017,SENSOR,1,UNIFIED,"t=100 [HELLO_TX] bat=100% nbr=17"
0017,SENSOR,1,UNIFIED,"t=107 [HELLO_TX] bat=100% nbr=17"
0017,SENSOR,1,UNIFIED,"t=116 [HELLO_TX] bat=100% nbr=17"
0017,SENSOR,1,UNIFIED,"t=122 [HELLO_TX] bat=100% nbr=17"
0017,SENSOR,1,UNIFIED,"t=130 [HELLO_TX] bat=100% nbr=17"
0017,SENSOR,1,UNIFIED,"t=136 [HELLO_TX] bat=100% nbr=17"
0017,SENSOR,1,UNIFIED,"t=136 [HELLO_RX] NEW 0053 tier=1(UNK) verified=0 rssi=0.2"
0017,SENSOR,1,UNIFIED,"t=140 [HELLO_TX] bat=100% nbr=18"
0017,SENSOR,1,UNIFIED,"t=144 [HELLO_TX] bat=100% nbr=18"
0017,SENSOR,1,UNIFIED,"t=153 [HELLO_TX] bat=100% nbr=18"
0017,SENSOR,1,UNIFIED,"t=157 [HELLO_RX] NEW 0049 tier=1(UNK) verified=0 rssi=0.2"
0017,SENSOR,1,UNIFIED,"t=163 [HELLO_TX] bat=100% nbr=19"
0017,SENSOR,1,UNIFIED,"t=170 [HELLO_TX] bat=100% nbr=19"
0017,SENSOR,1,UNIFIED,"t=174 [HELLO_TX] bat=100% nbr=19"
0017,SENSOR,1,UNIFIED,"t=180 [HELLO_TX] bat=100% nbr=19"
0017,SENSOR,1,UNIFIED,"t=185 [HELLO_TX] bat=100% nbr=19"
0017,SENSOR,1,UNIFIED,"t=190 [HELLO_TX] bat=100% nbr=19"
0017,SENSOR,1,UNIFIED,"t=194 [HELLO_TX] bat=100% nbr=19"
0017,SENSOR,1,UNIFIED,"t=204 [HELLO_TX] bat=100% nbr=19"
0017,SENSOR,1,UNIFIED,"t=211 [HELLO_TX] bat=100% nbr=19"
0017,SENSOR,1,UNIFIED,"t=217 [HELLO_RX] NEW 001E tier=1(UNK) verified=0 rssi=0.2"
0017,SENSOR,1,UNIFIED,"t=220 [HELLO_TX] bat=100% nbr=20"
0017,SENSOR,1,UNIFIED,"t=227 [HELLO_TX] bat=100% nbr=20"
0017,SENSOR,1,UNIFIED,"t=232 [HELLO_TX] bat=100% nbr=20"
0017,SENSOR,1,UNIFIED,"t=241 [HELLO_TX] bat=100% nbr=20"
0017,SENSOR,1,UNIFIED,"t=246 [HELLO_TX] bat=100% nbr=20"
0018,SENSOR,1,UNIFIED,"t=5 [HELLO_TX] bat=100% nbr=0"
0018,SENSOR,1,UNIFIED,"t=5 [HELLO_RX] NEW 0051 tier=1(UNK) verified=0 rssi=0.5"
0018,SENSOR,1,UNIFIED,"t=6 [HELLO_RX] NEW 0050 tier=1(UNK) verified=0 rssi=0.5"
0018,SENSOR,1,UNIFIED,"t=7 [HELLO_RX] NEW 0013 tier=1(UNK) verified=0 rssi=1.0"
0018,SENSOR,1,UNIFIED,"t=8 [HELLO_RX] NEW 002A tier=1(UNK) verified=0 rssi=0.4"
0018,SENSOR,1,UNIFIED,"t=9 [HELLO_TX] bat=100% nbr=4"
0018,SENSOR,1,UNIFIED,"t=10 [HELLO_RX] NEW 0014 tier=1(UNK) verified=0 rssi=1.6"
0018,SENSOR,1,UNIFIED,"t=13 [HELLO_TX] bat=100% nbr=5"
0018,SENSOR,1,UNIFIED,"t=13 [HELLO_RX] NEW AA01 tier=2(CH) verified=0 rssi=0.7"
0018,SENSOR,1,UNIFIED,"t=14 [HELLO_RX] NEW 000F tier=1(UNK) verified=0 rssi=3.2"
0018,SENSOR,1,UNIFIED,"t=15 [HELLO_RX] NEW FF0B tier=3(GWN) verified=0 rssi=2.5"
0018,SENSOR,1,UNIFIED,"t=17 [HELLO_TX] bat=100% nbr=8"
0018,SENSOR,1,UNIFIED,"t=17 [HELLO_RX] NEW 002F tier=1(UNK) verified=0 rssi=0.6"
0018,SENSOR,1,UNIFIED,"t=20 [HELLO_RX] NEW 0006 tier=1(UNK) verified=0 rssi=0.2"
0018,SENSOR,1,UNIFIED,"t=21 [HELLO_RX] NEW FF0A tier=3(GWN) verified=0 rssi=0.7"
0018,SENSOR,1,UNIFIED,"t=24 [HELLO_TX] bat=100% nbr=11"
0018,SENSOR,1,UNIFIED,"t=30 [HELLO_TX] bat=100% nbr=11"
0018,SENSOR,1,UNIFIED,"t=40 [HELLO_TX] bat=100% nbr=11"
0018,SENSOR,1,UNIFIED,"t=46 [HELLO_TX] bat=100% nbr=11"
0018,SENSOR,1,UNIFIED,"t=52 [HELLO_TX] bat=100% nbr=11"
0018,SENSOR,1,UNIFIED,"t=62 [HELLO_TX] bat=100% nbr=11"
0018,SENSOR,1,UNIFIED,"t=67 [HELLO_TX] bat=100% nbr=11"
0018,SENSOR,1,UNIFIED,"t=73 [HELLO_TX] bat=100% nbr=11"
0018,SENSOR,1,UNIFIED,"t=79 [HELLO_TX] bat=100% nbr=11"
0018,SENSOR,1,UNIFIED,"t=87 [HELLO_TX] bat=100% nbr=11"
0018,SENSOR,1,UNIFIED,"t=94 [HELLO_TX] bat=100% nbr=11"
0018,SENSOR,1,UNIFIED,"t=98 [HELLO_TX] bat=100% nbr=11"
0018,SENSOR,1,UNIFIED,"t=102 [HELLO_TX] bat=100% nbr=11"
0018,SENSOR,1,UNIFIED,"t=107 [HELLO_TX] bat=100% nbr=11"
0018,SENSOR,1,UNIFIED,"t=112 [HELLO_TX] bat=100% nbr=11"
0018,SENSOR,1,UNIFIED,"t=119 [HELLO_TX] bat=100% nbr=11"
0018,SENSOR,1,UNIFIED,"t=129 [HELLO_TX] bat=100% nbr=11"
0018,SENSOR,1,UNIFIED,"t=136 [HELLO_TX] bat=100% nbr=11"
0018,SENSOR,1,UNIFIED,"t=139 [HELLO_RX] NEW FF03 tier=3(GWN) verified=1 rssi=0.2"
0018,SENSOR,1,UNIFIED,"t=141 [HELLO_TX] bat=100% nbr=12"
0018,SENSOR,1,UNIFIED,"t=151 [HELLO_TX] bat=100% nbr=12"
0018,SENSOR,1,UNIFIED,"t=161 [HELLO_TX] bat=100% nbr=12"
0018,SENSOR,1,UNIFIED,"t=171 [HELLO_TX] bat=100% nbr=12"
0018,SENSOR,1,UNIFIED,"t=177 [HELLO_TX] bat=100% nbr=12"
0018,SENSOR,1,UNIFIED,"t=183 [HELLO_TX] bat=100% nbr=12"
0018,SENSOR,1,UNIFIED,"t=187 [HELLO_TX] bat=100% nbr=12"
0018,SENSOR,1,UNIFIED,"t=193 [HELLO_TX] bat=100% nbr=12"
0018,SENSOR,1,UNIFIED,"t=202 [HELLO_TX] bat=100% nbr=12"
0018,SENSOR,1,UNIFIED,"t=212 [HELLO_TX] bat=100% nbr=12"
0018,SENSOR,1,UNIFIED,"t=221 [HELLO_TX] bat=100% nbr=12"
0018,SENSOR,1,UNIFIED,"t=227 [HELLO_TX] bat=100% nbr=12"
0018,SENSOR,1,UNIFIED,"t=235 [HELLO_TX] bat=100% nbr=12"
0018,SENSOR,1,UNIFIED,"t=239 [HELLO_TX] bat=100% nbr=12"
0018,SENSOR,1,UNIFIED,"t=244 [HELLO_TX] bat=100% nbr=12"
0019,SENSOR,1,UNIFIED,"t=5 [HELLO_RX] NEW 005D tier=1(UNK) verified=0 rssi=0.7"
0019,SENSOR,1,UNIFIED,"t=6 [HELLO_RX] NEW FF06 tier=3(GWN) verified=0 rssi=0.1"
0019,SENSOR,1,UNIFIED,"t=8 [HELLO_RX] NEW 003F tier=1(UNK) verified=0 rssi=35.3"
0019,SENSOR,1,UNIFIED,"t=9 [HELLO_TX] bat=100% nbr=3"
0019,SENSOR,1,UNIFIED,"t=9 [HELLO_RX] NEW 0049 tier=1(UNK) verified=0 rssi=3.7"
0019,SENSOR,1,UNIFIED,"t=10 [HELLO_RX] NEW AA06 tier=2(CH) verified=0 rssi=0.6"
0019,SENSOR,1,UNIFIED,"t=13 [HELLO_RX] NEW 0015 tier=1(UNK) verified=0 rssi=0.2"
0019,SENSOR,1,UNIFIED,"t=16 [HELLO_TX] bat=100% nbr=6"
0019,SENSOR,1,UNIFIED,"t=18 [HELLO_RX] NEW AA07 tier=2(CH) verified=0 rssi=0.5"
0019,SENSOR,1,UNIFIED,"t=20 [HELLO_TX] bat=100% nbr=7"
0019,SENSOR,1,UNIFIED,"t=22 [HELLO_RX] NEW 001E tier=1(UNK) verified=0 rssi=1.2"
0019,SENSOR,1,UNIFIED,"t=23 [HELLO_RX] NEW 002B tier=1(UNK) verified=0 rssi=0.4"
0019,SENSOR,1,UNIFIED,"t=25 [HELLO_TX] bat=100% nbr=9"
0019,SENSOR,1,UNIFIED,"t=26 [HELLO_RX] NEW FF07 tier=3(GWN) verified=0 rssi=0.2"
0019,SENSOR,1,UNIFIED,"t=29 [HELLO_TX] bat=100% nbr=10"
0019,SENSOR,1,UNIFIED,"t=34 [HELLO_TX] bat=100% nbr=10"
0019,SENSOR,1,UNIFIED,"t=34 [HELLO_RX] NEW 0029 tier=1(UNK) verified=0 rssi=0.5"
0019,SENSOR,1,UNIFIED,"t=35 [HELLO_RX] NEW 004E tier=1(UNK) verified=0 rssi=0.2"
0019,SENSOR,1,UNIFIED,"t=39 [HELLO_RX] NEW 0023 tier=1(UNK) verified=0 rssi=1.8"
0019,SENSOR,1,UNIFIED,"t=43 [HELLO_TX] bat=100% nbr=13"
0019,SENSOR,1,UNIFIED,"t=44 [HELLO_RX] NEW 004A tier=1(UNK) verified=0 rssi=0.2"
0019,SENSOR,1,UNIFIED,"t=45 [HELLO_RX] NEW 0002 tier=1(UNK) verified=0 rssi=0.2"
0019,SENSOR,1,UNIFIED,"t=53 [HELLO_TX] bat=100% nbr=15"
0019,SENSOR,1,UNIFIED,"t=59 [HELLO_RX] NEW 0033 tier=1(UNK) verified=0 rssi=0.2"
0019,SENSOR,1,UNIFIED,"t=60 [HELLO_RX] NEW 0008 tier=1(UNK) verified=0 rssi=0.3"
0019,SENSOR,1,UNIFIED,"t=63 [HELLO_TX] bat=100% nbr=17"
0019,SENSOR,1,UNIFIED,"t=73 [HELLO_TX] bat=100% nbr=17"
0019,SENSOR,1,UNIFIED,"t=82 [HELLO_TX] bat=100% nbr=17"
0019,SENSOR,1,UNIFIED,"t=82 [HELLO_RX] NEW 003D tier=1(UNK) verified=0 rssi=0.2"
0019,SENSOR,1,UNIFIED,"t=92 [HELLO_TX] bat=100% nbr=18"
0019,SENSOR,1,UNIFIED,"t=98 [HELLO_TX] bat=100% nbr=18"
0019,SENSOR,1,UNIFIED,"t=99 [HELLO_RX] NEW 003B tier=1(UNK) verified=0 rssi=0.9"
0019,SENSOR,1,UNIFIED,"t=105 [HELLO_TX] bat=100% nbr=19"
0019,SENSOR,1,UNIFIED,"t=109 [HELLO_TX] bat=100% nbr=19"
0019,SENSOR,1,UNIFIED,"t=114 [HELLO_TX] bat=100% nbr=19"
0019,SENSOR,1,UNIFIED,"t=123 [HELLO_RX] NEW 003E tier=1(UNK) verified=0 rssi=0.2"
0019,SENSOR,1,UNIFIED,"t=124 [HELLO_TX] bat=100% nbr=20"
0019,SENSOR,1,UNIFIED,"t=128 [HELLO_TX] bat=100% nbr=20"
0019,SENSOR,1,UNIFIED,"t=138 [HELLO_TX] bat=100% nbr=20"
0019,SENSOR,1,UNIFIED,"t=144 [HELLO_TX] bat=100% nbr=20"
0019,SENSOR,1,UNIFIED,"t=153 [HELLO_TX] bat=100% nbr=20"
0019,SENSOR,1,UNIFIED,"t=159 [HELLO_TX] bat=100% nbr=20"
0019,SENSOR,1,UNIFIED,"t=163 [HELLO_TX] bat=100% nbr=20"
0019,SENSOR,1,UNIFIED,"t=173 [HELLO_TX] bat=100% nbr=20"
0019,SENSOR,1,UNIFIED,"t=179 [HELLO_RX] NEW 004C tier=1(UNK) verified=0 rssi=0.2"
0019,SENSOR,1,UNIFIED,"t=183 [HELLO_TX] bat=100% nbr=21"
0019,SENSOR,1,UNIFIED,"t=189 [HELLO_TX] bat=100% nbr=21"
0019,SENSOR,1,UNIFIED,"t=194 [HELLO_TX] bat=100% nbr=21"
0019,SENSOR,1,UNIFIED,"t=199 [HELLO_TX] bat=100% nbr=21"
0019,SENSOR,1,UNIFIED,"t=208 [HELLO_TX] bat=100% nbr=21"
0019,SENSOR,1,UNIFIED,"t=218 [HELLO_TX] bat=100% nbr=21"
0019,SENSOR,1,UNIFIED,"t=225 [HELLO_TX] bat=100% nbr=21"
0019,SENSOR,1,UNIFIED,"t=234 [HELLO_TX] bat=100% nbr=21"
0019,SENSOR,1,UNIFIED,"t=244 [HELLO_TX] bat=100% nbr=21"
001A,SENSOR,1,UNIFIED,"t=4 [HELLO_RX] NEW 005C tier=1(UNK) verified=0 rssi=1.4"
001A,SENSOR,1,UNIFIED,"t=5 [HELLO_RX] NEW AA06 tier=2(CH) verified=0 rssi=1.5"
001A,SENSOR,1,UNIFIED,"t=6 [HELLO_TX] bat=100% nbr=2"
001A,SENSOR,1,UNIFIED,"t=7 [HELLO_RX] NEW 0020 tier=1(UNK) verified=0 rssi=4.1"
001A,SENSOR,1,UNIFIED,"t=9 [HELLO_RX] NEW 005D tier=1(UNK) verified=0 rssi=0.3"
001A,SENSOR,1,UNIFIED,"t=10 [HELLO_RX] NEW 0004 tier=1(UNK) verified=0 rssi=1.6"
001A,SENSOR,1,UNIFIED,"t=11 [HELLO_TX] bat=100% nbr=5"
001A,SENSOR,1,UNIFIED,"t=17 [HELLO_TX] bat=100% nbr=5"
001A,SENSOR,1,UNIFIED,"t=18 [HELLO_RX] NEW AA07 tier=2(CH) verified=0 rssi=1.9"
001A,SENSOR,1,UNIFIED,"t=19 [HELLO_RX] NEW 0052 tier=1(UNK) verified=0 rssi=0.5"
001A,SENSOR,1,UNIFIED,"t=22 [HELLO_TX] bat=100% nbr=7"
001A,SENSOR,1,UNIFIED,"t=28 [HELLO_RX] NEW 0011 tier=1(UNK) verified=0 rssi=0.2"
001A,SENSOR,1,UNIFIED,"t=31 [HELLO_TX] bat=100% nbr=8"
001A,SENSOR,1,UNIFIED,"t=38 [HELLO_TX] bat=100% nbr=8"
001A,SENSOR,1,UNIFIED,"t=43 [HELLO_RX] NEW 0036 tier=1(UNK) verified=0 rssi=0.3"
001A,SENSOR,1,UNIFIED,"t=48 [HELLO_TX] bat=100% nbr=9"
001A,SENSOR,1,UNIFIED,"t=48 [HELLO_RX] NEW 0023 tier=1(UNK) verified=0 rssi=0.2"
001A,SENSOR,1,UNIFIED,"t=56 [HELLO_TX] bat=100% nbr=10"
001A,SENSOR,1,UNIFIED,"t=64 [HELLO_TX] bat=100% nbr=10"
001A,SENSOR,1,UNIFIED,"t=71 [HELLO_RX] NEW AA09 tier=2(CH) verified=0 rssi=0.2"
001A,SENSOR,1,UNIFIED,"t=72 [HELLO_TX] bat=100% nbr=11"
001A,SENSOR,1,UNIFIED,"t=77 [HELLO_TX] bat=100% nbr=11"
001A,SENSOR,1,UNIFIED,"t=84 [HELLO_TX] bat=100% nbr=11"
001A,SENSOR,1,UNIFIED,"t=87 [HELLO_RX] NEW 0029 tier=1(UNK) verified=0 rssi=0.2"
001A,SENSOR,1,UNIFIED,"t=92 [HELLO_TX] bat=100% nbr=12"
001A,SENSOR,1,UNIFIED,"t=99 [HELLO_TX] bat=100% nbr=12"
001A,SENSOR,1,UNIFIED,"t=99 [HELLO_RX] NEW 0008 tier=1(UNK) verified=0 rssi=0.2"
001A,SENSOR,1,UNIFIED,"t=103 [HELLO_TX] bat=100% nbr=13"
001A,SENSOR,1,UNIFIED,"t=112 [HELLO_TX] bat=100% nbr=13"
001A,SENSOR,1,UNIFIED,"t=122 [HELLO_TX] bat=100% nbr=13"
001A,SENSOR,1,UNIFIED,"t=127 [HELLO_TX] bat=100% nbr=13"
001A,SENSOR,1,UNIFIED,"t=137 [HELLO_TX] bat=100% nbr=13"
001A,SENSOR,1,UNIFIED,"t=144 [HELLO_TX] bat=100% nbr=13"
001A,SENSOR,1,UNIFIED,"t=152 [HELLO_TX] bat=100% nbr=13"
001A,SENSOR,1,UNIFIED,"t=157 [HELLO_TX] bat=100% nbr=13"
001A,SENSOR,1,UNIFIED,"t=165 [HELLO_TX] bat=100% nbr=13"
001A,SENSOR,1,UNIFIED,"t=175 [HELLO_TX] bat=100% nbr=13"
001A,SENSOR,1,UNIFIED,"t=181 [HELLO_TX] bat=100% nbr=13"
001A,SENSOR,1,UNIFIED,"t=188 [HELLO_TX] bat=100% nbr=13"
001A,SENSOR,1,UNIFIED,"t=190 [HELLO_RX] NEW 003D tier=1(UNK) verified=0 rssi=0.3"
001A,SENSOR,1,UNIFIED,"t=195 [HELLO_TX] bat=100% nbr=14"
001A,SENSOR,1,UNIFIED,"t=200 [HELLO_TX] bat=100% nbr=14"
001A,SENSOR,1,UNIFIED,"t=206 [HELLO_TX] bat=100% nbr=14"
001A,SENSOR,1,UNIFIED,"t=212 [HELLO_TX] bat=100% nbr=14"
001A,SENSOR,1,UNIFIED,"t=216 [HELLO_TX] bat=100% nbr=14"
001A,SENSOR,1,UNIFIED,"t=223 [HELLO_TX] bat=100% nbr=14"
001A,SENSOR,1,UNIFIED,"t=233 [HELLO_TX] bat=100% nbr=14"
001A,SENSOR,1,UNIFIED,"t=242 [HELLO_TX] bat=100% nbr=14"
001A,SENSOR,1,UNIFIED,"t=248 [HELLO_TX] bat=100% nbr=14"
001B,SENSOR,1,UNIFIED,"t=4 [HELLO_RX] NEW 0040 tier=1(UNK) verified=0 rssi=23.9"
001B,SENSOR,1,UNIFIED,"t=5 [HELLO_RX] NEW 0043 tier=1(UNK) verified=0 rssi=4.2"
001B,SENSOR,1,UNIFIED,"t=6 [HELLO_RX] NEW 0010 tier=1(UNK) verified=0 rssi=0.2"
001B,SENSOR,1,UNIFIED,"t=8 [HELLO_RX] NEW AA0B tier=2(CH) verified=0 rssi=2.1"
001B,SENSOR,1,UNIFIED,"t=9 [HELLO_RX] NEW 000B tier=1(UNK) verified=0 rssi=22.0"
001B,SENSOR,1,UNIFIED,"t=10 [HELLO_TX] bat=100% nbr=5"
001B,SENSOR,1,UNIFIED,"t=10 [HELLO_RX] NEW 0057 tier=1(UNK) verified=0 rssi=1.8"
001B,SENSOR,1,UNIFIED,"t=16 [HELLO_TX] bat=100% nbr=6"
001B,SENSOR,1,UNIFIED,"t=16 [HELLO_RX] NEW AA0A tier=2(CH) verified=0 rssi=10.9"
001B,SENSOR,1,UNIFIED,"t=17 [HELLO_RX] NEW FF08 tier=3(GWN) verified=0 rssi=0.4"
001B,SENSOR,1,UNIFIED,"t=20 [HELLO_TX] bat=100% nbr=8"
001B,SENSOR,1,UNIFIED,"t=24 [HELLO_RX] NEW 005A tier=1(UNK) verified=0 rssi=0.3"
001B,SENSOR,1,UNIFIED,"t=26 [HELLO_TX] bat=100% nbr=9"
001B,SENSOR,1,UNIFIED,"t=30 [HELLO_RX] NEW FF05 tier=3(GWN) verified=0 rssi=0.2"
001B,SENSOR,1,UNIFIED,"t=36 [HELLO_TX] bat=100% nbr=10"
001B,SENSOR,1,UNIFIED,"t=37 [HELLO_RX] NEW AA04 tier=2(CH) verified=0 rssi=0.3"
001B,SENSOR,1,UNIFIED,"t=44 [HELLO_TX] bat=100% nbr=11"
001B,SENSOR,1,UNIFIED,"t=52 [HELLO_TX] bat=100% nbr=11"
001B,SENSOR,1,UNIFIED,"t=54 [HELLO_RX] NEW 0042 tier=1(UNK) verified=0 rssi=0.2"
001B,SENSOR,1,UNIFIED,"t=57 [HELLO_TX] bat=100% nbr=12"
001B,SENSOR,1,UNIFIED,"t=66 [HELLO_TX] bat=100% nbr=12"
001B,SENSOR,1,UNIFIED,"t=71 [HELLO_TX] bat=100% nbr=12"
001B,SENSOR,1,UNIFIED,"t=80 [HELLO_TX] bat=100% nbr=12"
001B,SENSOR,1,UNIFIED,"t=87 [HELLO_TX] bat=100% nbr=12"
001B,SENSOR,1,UNIFIED,"t=91 [HELLO_TX] bat=100% nbr=12"
001B,SENSOR,1,UNIFIED,"t=96 [HELLO_TX] bat=100% nbr=12"
001B,SENSOR,1,UNIFIED,"t=102 [HELLO_TX] bat=100% nbr=12"
001B,SENSOR,1,UNIFIED,"t=107 [HELLO_TX] bat=100% nbr=12"
001B,SENSOR,1,UNIFIED,"t=111 [HELLO_TX] bat=100% nbr=12"
001B,SENSOR,1,UNIFIED,"t=118 [HELLO_TX] bat=100% nbr=12"
001B,SENSOR,1,UNIFIED,"t=120 [HELLO_RX] NEW 004B tier=1(UNK) verified=0 rssi=0.2"
001B,SENSOR,1,UNIFIED,"t=124 [HELLO_TX] bat=100% nbr=13"
001B,SENSOR,1,UNIFIED,"t=132 [HELLO_TX] bat=100% nbr=13"
001B,SENSOR,1,UNIFIED,"t=140 [HELLO_TX] bat=100% nbr=13"
001B,SENSOR,1,UNIFIED,"t=146 [HELLO_TX] bat=100% nbr=13"
001B,SENSOR,1,UNIFIED,"t=155 [HELLO_TX] bat=100% nbr=13"
001B,SENSOR,1,UNIFIED,"t=164 [HELLO_TX] bat=100% nbr=13"
001B,SENSOR,1,UNIFIED,"t=174 [HELLO_TX] bat=100% nbr=13"
001B,SENSOR,1,UNIFIED,"t=179 [HELLO_TX] bat=100% nbr=13"
001B,SENSOR,1,UNIFIED,"t=188 [HELLO_TX] bat=100% nbr=13"
001B,SENSOR,1,UNIFIED,"t=198 [HELLO_TX] bat=100% nbr=13"
001B,SENSOR,1,UNIFIED,"t=205 [HELLO_TX] bat=100% nbr=13"
001B,SENSOR,1,UNIFIED,"t=214 [HELLO_TX] bat=100% nbr=13"
001B,SENSOR,1,UNIFIED,"t=223 [HELLO_TX] bat=100% nbr=13"
001B,SENSOR,1,UNIFIED,"t=227 [HELLO_TX] bat=100% nbr=13"
001B,SENSOR,1,UNIFIED,"t=231 [HELLO_TX] bat=100% nbr=13"
001B,SENSOR,1,UNIFIED,"t=239 [HELLO_TX] bat=100% nbr=13"
001B,SENSOR,1,UNIFIED,"t=244 [HELLO_TX] bat=100% nbr=13"
001B,SENSOR,1,UNIFIED,"t=248 [HELLO_TX] bat=100% nbr=13"
001C,SENSOR,1,UNIFIED,"t=4 [HELLO_RX] NEW 001D tier=1(UNK) verified=0 rssi=26.4"
001C,SENSOR,1,UNIFIED,"t=5 [HELLO_RX] NEW 0054 tier=1(UNK) verified=0 rssi=7.3"
001C,SENSOR,1,UNIFIED,"t=6 [HELLO_RX] NEW AA03 tier=2(CH) verified=0 rssi=0.6"
001C,SENSOR,1,UNIFIED,"t=7 [HELLO_RX] NEW 0044 tier=1(UNK) verified=0 rssi=4.2"
001C,SENSOR,1,UNIFIED,"t=9 [HELLO_TX] bat=100% nbr=4"
001C,SENSOR,1,UNIFIED,"t=9 [HELLO_RX] NEW AA02 tier=2(CH) verified=0 rssi=44.3"
001C,SENSOR,1,UNIFIED,"t=10 [HELLO_RX] NEW FF01 tier=3(GWN) verified=0 rssi=1.2"
001C,SENSOR,1,UNIFIED,"t=16 [HELLO_RX] NEW FF02 tier=3(GWN) verified=0 rssi=0.3"
001C,SENSOR,1,UNIFIED,"t=19 [HELLO_TX] bat=100% nbr=7"
001C,SENSOR,1,UNIFIED,"t=22 [HELLO_RX] NEW 0037 tier=1(UNK) verified=0 rssi=0.3"
001C,SENSOR,1,UNIFIED,"t=23 [HELLO_RX] NEW 002E tier=1(UNK) verified=0 rssi=0.4"
001C,SENSOR,1,UNIFIED,"t=26 [HELLO_TX] bat=100% nbr=9"
001C,SENSOR,1,UNIFIED,"t=26 [HELLO_RX] NEW AA08 tier=2(CH) verified=0 rssi=0.5"
001C,SENSOR,1,UNIFIED,"t=29 [HELLO_RX] NEW FF09 tier=3(GWN) verified=0 rssi=0.3"
001C,SENSOR,1,UNIFIED,"t=32 [HELLO_TX] bat=100% nbr=11"
001C,SENSOR,1,UNIFIED,"t=32 [HELLO_RX] NEW 0060 tier=1(UNK) verified=0 rssi=0.3"
001C,SENSOR,1,UNIFIED,"t=38 [HELLO_RX] NEW 005F tier=1(UNK) verified=0 rssi=0.5"
001C,SENSOR,1,UNIFIED,"t=42 [HELLO_TX] bat=100% nbr=13"
001C,SENSOR,1,UNIFIED,"t=45 [HELLO_RX] NEW 0031 tier=1(UNK) verified=0 rssi=0.5"
001C,SENSOR,1,UNIFIED,"t=47 [HELLO_TX] bat=100% nbr=14"
001C,SENSOR,1,UNIFIED,"t=47 [HELLO_RX] NEW 003C tier=1(UNK) verified=0 rssi=2.7"
001C,SENSOR,1,UNIFIED,"t=54 [HELLO_TX] bat=100% nbr=15"
001C,SENSOR,1,UNIFIED,"t=56 [HELLO_RX] NEW FF03 tier=3(GWN) verified=1 rssi=0.4"
001C,SENSOR,1,UNIFIED,"t=64 [HELLO_TX] bat=100% nbr=16"
001C,SENSOR,1,UNIFIED,"t=66 [HELLO_RX] NEW 0025 tier=1(UNK) verified=0 rssi=0.3"
001C,SENSOR,1,UNIFIED,"t=74 [HELLO_TX] bat=100% nbr=17"
001C,SENSOR,1,UNIFIED,"t=81 [HELLO_TX] bat=100% nbr=17"
001C,SENSOR,1,UNIFIED,"t=86 [HELLO_TX] bat=100% nbr=17"
001C,SENSOR,1,UNIFIED,"t=90 [HELLO_TX] bat=100% nbr=17"
001C,SENSOR,1,UNIFIED,"t=97 [HELLO_TX] bat=100% nbr=17"
001C,SENSOR,1,UNIFIED,"t=106 [HELLO_TX] bat=100% nbr=17"
001C,SENSOR,1,UNIFIED,"t=114 [HELLO_TX] bat=100% nbr=17"
001C,SENSOR,1,UNIFIED,"t=123 [HELLO_TX] bat=100% nbr=17"
001C,SENSOR,1,UNIFIED,"t=127 [HELLO_TX] bat=100% nbr=17"
001C,SENSOR,1,UNIFIED,"t=136 [HELLO_TX] bat=100% nbr=17"
001C,SENSOR,1,UNIFIED,"t=146 [HELLO_TX] bat=100% nbr=17"
001C,SENSOR,1,UNIFIED,"t=150 [HELLO_TX] bat=100% nbr=17"
001C,SENSOR,1,UNIFIED,"t=154 [HELLO_TX] bat=100% nbr=17"
001C,SENSOR,1,UNIFIED,"t=158 [HELLO_TX] bat=100% nbr=17"
001C,SENSOR,1,UNIFIED,"t=162 [HELLO_TX] bat=100% nbr=17"
001C,SENSOR,1,UNIFIED,"t=168 [HELLO_TX] bat=100% nbr=17"
001C,SENSOR,1,UNIFIED,"t=170 [HELLO_RX] NEW 0063 tier=1(UNK) verified=0 rssi=0.2"
001C,SENSOR,1,UNIFIED,"t=175 [HELLO_TX] bat=100% nbr=18"
001C,SENSOR,1,UNIFIED,"t=183 [HELLO_TX] bat=100% nbr=18"
001C,SENSOR,1,UNIFIED,"t=188 [HELLO_TX] bat=100% nbr=18"
001C,SENSOR,1,UNIFIED,"t=197 [HELLO_TX] bat=100% nbr=18"
001C,SENSOR,1,UNIFIED,"t=197 [HELLO_RX] NEW FF0A tier=3(GWN) verified=1 rssi=0.2"
001C,SENSOR,1,UNIFIED,"t=204 [HELLO_TX] bat=100% nbr=19"
001C,SENSOR,1,UNIFIED,"t=213 [HELLO_TX] bat=100% nbr=19"
001C,SENSOR,1,UNIFIED,"t=219 [HELLO_TX] bat=100% nbr=19"
001C,SENSOR,1,UNIFIED,"t=228 [HELLO_TX] bat=100% nbr=19"
001C,SENSOR,1,UNIFIED,"t=237 [HELLO_TX] bat=100% nbr=19"
001C,SENSOR,1,UNIFIED,"t=246 [HELLO_TX] bat=100% nbr=19"
001D,SENSOR,1,UNIFIED,"t=4 [HELLO_TX] bat=100% nbr=0"
001D,SENSOR,1,UNIFIED,"t=4 [HELLO_RX] NEW 003C tier=1(UNK) verified=0 rssi=6.1"
001D,SENSOR,1,UNIFIED,"t=5 [HELLO_RX] NEW 0054 tier=1(UNK) verified=0 rssi=9.8"
001D,SENSOR,1,UNIFIED,"t=6 [HELLO_RX] NEW AA03 tier=2(CH) verified=0 rssi=0.9"
001D,SENSOR,1,UNIFIED,"t=7 [HELLO_RX] NEW 0044 tier=1(UNK) verified=0 rssi=16.6"
001D,SENSOR,1,UNIFIED,"t=8 [HELLO_RX] NEW FF09 tier=3(GWN) verified=0 rssi=0.3"
001D,SENSOR,1,UNIFIED,"t=9 [HELLO_RX] NEW AA02 tier=2(CH) verified=0 rssi=157.5"
001D,SENSOR,1,UNIFIED,"t=10 [HELLO_RX] NEW FF01 tier=3(GWN) verified=0 rssi=1.6"
001D,SENSOR,1,UNIFIED,"t=11 [HELLO_TX] bat=100% nbr=7"
001D,SENSOR,1,UNIFIED,"t=15 [HELLO_RX] NEW 0037 tier=1(UNK) verified=0 rssi=0.3"
001D,SENSOR,1,UNIFIED,"t=16 [HELLO_RX] NEW 005F tier=1(UNK) verified=0 rssi=0.4"
001D,SENSOR,1,UNIFIED,"t=19 [HELLO_TX] bat=100% nbr=9"
001D,SENSOR,1,UNIFIED,"t=22 [HELLO_RX] NEW 0060 tier=1(UNK) verified=0 rssi=0.5"
001D,SENSOR,1,UNIFIED,"t=23 [HELLO_RX] NEW 002E tier=1(UNK) verified=0 rssi=0.3"
001D,SENSOR,1,UNIFIED,"t=24 [HELLO_TX] bat=100% nbr=11"
001D,SENSOR,1,UNIFIED,"t=26 [HELLO_RX] NEW 001C tier=1(UNK) verified=0 rssi=26.4"
001D,SENSOR,1,UNIFIED,"t=29 [HELLO_RX] NEW 0031 tier=1(UNK) verified=0 rssi=0.9"
001D,SENSOR,1,UNIFIED,"t=31 [HELLO_TX] bat=100% nbr=13"
001D,SENSOR,1,UNIFIED,"t=35 [HELLO_RX] NEW AA08 tier=2(CH) verified=0 rssi=0.4"
001D,SENSOR,1,UNIFIED,"t=40 [HELLO_TX] bat=100% nbr=14"
001D,SENSOR,1,UNIFIED,"t=41 [HELLO_RX] NEW FF02 tier=3(GWN) verified=0 rssi=0.4"
001D,SENSOR,1,UNIFIED,"t=50 [HELLO_TX] bat=100% nbr=15"
001D,SENSOR,1,UNIFIED,"t=59 [HELLO_TX] bat=100% nbr=15"
001D,SENSOR,1,UNIFIED,"t=59 [HELLO_RX] NEW 0025 tier=1(UNK) verified=0 rssi=0.3"
001D,SENSOR,1,UNIFIED,"t=63 [HELLO_TX] bat=100% nbr=16"
001D,SENSOR,1,UNIFIED,"t=69 [HELLO_TX] bat=100% nbr=16"
001D,SENSOR,1,UNIFIED,"t=76 [HELLO_TX] bat=100% nbr=16"
001D,SENSOR,1,UNIFIED,"t=83 [HELLO_TX] bat=100% nbr=16"
001D,SENSOR,1,UNIFIED,"t=90 [HELLO_TX] bat=100% nbr=16"
001D,SENSOR,1,UNIFIED,"t=99 [HELLO_TX] bat=100% nbr=16"
001D,SENSOR,1,UNIFIED,"t=109 [HELLO_TX] bat=100% nbr=16"
001D,SENSOR,1,UNIFIED,"t=113 [HELLO_TX] bat=100% nbr=16"
001D,SENSOR,1,UNIFIED,"t=121 [HELLO_TX] bat=100% nbr=16"
001D,SENSOR,1,UNIFIED,"t=126 [HELLO_TX] bat=100% nbr=16"
001D,SENSOR,1,UNIFIED,"t=133 [HELLO_TX] bat=100% nbr=16"
001D,SENSOR,1,UNIFIED,"t=134 [HELLO_RX] NEW 0063 tier=1(UNK) verified=0 rssi=0.2"
001D,SENSOR,1,UNIFIED,"t=141 [HELLO_TX] bat=100% nbr=17"
001D,SENSOR,1,UNIFIED,"t=150 [HELLO_TX] bat=100% nbr=17"
001D,SENSOR,1,UNIFIED,"t=157 [HELLO_TX] bat=100% nbr=17"
001D,SENSOR,1,UNIFIED,"t=166 [HELLO_TX] bat=100% nbr=17"
001D,SENSOR,1,UNIFIED,"t=175 [HELLO_TX] bat=100% nbr=17"
001D,SENSOR,1,UNIFIED,"t=179 [HELLO_TX] bat=100% nbr=17"
001D,SENSOR,1,UNIFIED,"t=187 [HELLO_TX] bat=100% nbr=17"
001D,SENSOR,1,UNIFIED,"t=191 [HELLO_TX] bat=100% nbr=17"
001D,SENSOR,1,UNIFIED,"t=196 [HELLO_TX] bat=100% nbr=17"
001D,SENSOR,1,UNIFIED,"t=201 [HELLO_TX] bat=100% nbr=17"
001D,SENSOR,1,UNIFIED,"t=206 [HELLO_TX] bat=100% nbr=17"
001D,SENSOR,1,UNIFIED,"t=216 [HELLO_TX] bat=100% nbr=17"
001D,SENSOR,1,UNIFIED,"t=226 [HELLO_TX] bat=100% nbr=17"
001D,SENSOR,1,UNIFIED,"t=234 [HELLO_TX] bat=100% nbr=17"
001D,SENSOR,1,UNIFIED,"t=238 [HELLO_TX] bat=100% nbr=17"
001D,SENSOR,1,UNIFIED,"t=244 [HELLO_TX] bat=100% nbr=17"
001E,SENSOR,1,UNIFIED,"t=4 [HELLO_RX] NEW 0049 tier=1(UNK) verified=0 rssi=13.5"
001E,SENSOR,1,UNIFIED,"t=5 [HELLO_RX] NEW 005D tier=1(UNK) verified=0 rssi=0.5"
001E,SENSOR,1,UNIFIED,"t=6 [HELLO_TX] bat=100% nbr=2"
001E,SENSOR,1,UNIFIED,"t=6 [HELLO_RX] NEW 0029 tier=1(UNK) verified=0 rssi=0.6"
001E,SENSOR,1,UNIFIED,"t=7 [HELLO_RX] NEW 0035 tier=1(UNK) verified=0 rssi=0.3"
001E,SENSOR,1,UNIFIED,"t=8 [HELLO_RX] NEW 003F tier=1(UNK) verified=0 rssi=1.1"
001E,SENSOR,1,UNIFIED,"t=10 [HELLO_TX] bat=100% nbr=5"
001E,SENSOR,1,UNIFIED,"t=10 [HELLO_RX] NEW 0033 tier=1(UNK) verified=0 rssi=1.1"
001E,SENSOR,1,UNIFIED,"t=14 [HELLO_TX] bat=100% nbr=6"
001E,SENSOR,1,UNIFIED,"t=16 [HELLO_RX] NEW 0019 tier=1(UNK) verified=0 rssi=1.2"
001E,SENSOR,1,UNIFIED,"t=18 [HELLO_RX] NEW 0027 tier=1(UNK) verified=0 rssi=0.5"
001E,SENSOR,1,UNIFIED,"t=22 [HELLO_TX] bat=100% nbr=8"
001E,SENSOR,1,UNIFIED,"t=22 [HELLO_RX] NEW AA06 tier=2(CH) verified=0 rssi=0.3"
001E,SENSOR,1,UNIFIED,"t=23 [HELLO_RX] NEW 002B tier=1(UNK) verified=0 rssi=3.0"
001E,SENSOR,1,UNIFIED,"t=26 [HELLO_RX] NEW 004E tier=1(UNK) verified=0 rssi=0.2"
001E,SENSOR,1,UNIFIED,"t=28 [HELLO_TX] bat=100% nbr=11"
001E,SENSOR,1,UNIFIED,"t=28 [HELLO_RX] NEW 003E tier=1(UNK) verified=0 rssi=0.5"
001E,SENSOR,1,UNIFIED,"t=31 [HELLO_RX] NEW FF07 tier=3(GWN) verified=0 rssi=0.1"
001E,SENSOR,1,UNIFIED,"t=33 [HELLO_TX] bat=100% nbr=13"
001E,SENSOR,1,UNIFIED,"t=39 [HELLO_RX] NEW 0023 tier=1(UNK) verified=0 rssi=0.4"
001E,SENSOR,1,UNIFIED,"t=41 [HELLO_RX] NEW 003B tier=1(UNK) verified=0 rssi=0.3"
001E,SENSOR,1,UNIFIED,"t=43 [HELLO_TX] bat=100% nbr=15"
001E,SENSOR,1,UNIFIED,"t=49 [HELLO_RX] NEW AA07 tier=2(CH) verified=0 rssi=0.4"
001E,SENSOR,1,UNIFIED,"t=53 [HELLO_TX] bat=100% nbr=16"
001E,SENSOR,1,UNIFIED,"t=63 [HELLO_TX] bat=100% nbr=16"
001E,SENSOR,1,UNIFIED,"t=73 [HELLO_TX] bat=100% nbr=16"
001E,SENSOR,1,UNIFIED,"t=79 [HELLO_TX] bat=100% nbr=16"
001E,SENSOR,1,UNIFIED,"t=84 [HELLO_RX] NEW FF0D tier=3(GWN) verified=0 rssi=0.3"
001E,SENSOR,1,UNIFIED,"t=87 [HELLO_TX] bat=100% nbr=17"
001E,SENSOR,1,UNIFIED,"t=93 [HELLO_TX] bat=100% nbr=17"
001E,SENSOR,1,UNIFIED,"t=102 [HELLO_TX] bat=100% nbr=17"
001E,SENSOR,1,UNIFIED,"t=112 [HELLO_TX] bat=100% nbr=17"
001E,SENSOR,1,UNIFIED,"t=116 [HELLO_TX] bat=100% nbr=17"
001E,SENSOR,1,UNIFIED,"t=121 [HELLO_TX] bat=100% nbr=17"
001E,SENSOR,1,UNIFIED,"t=129 [HELLO_TX] bat=100% nbr=17"
001E,SENSOR,1,UNIFIED,"t=136 [HELLO_TX] bat=100% nbr=17"
001E,SENSOR,1,UNIFIED,"t=145 [HELLO_TX] bat=100% nbr=17"
001E,SENSOR,1,UNIFIED,"t=154 [HELLO_TX] bat=100% nbr=17"
001E,SENSOR,1,UNIFIED,"t=164 [HELLO_TX] bat=100% nbr=17"
001E,SENSOR,1,UNIFIED,"t=171 [HELLO_TX] bat=100% nbr=17"
001E,SENSOR,1,UNIFIED,"t=174 [HELLO_RX] NEW 0017 tier=1(UNK) verified=0 rssi=0.2"
001E,SENSOR,1,UNIFIED,"t=178 [HELLO_TX] bat=100% nbr=18"
001E,SENSOR,1,UNIFIED,"t=185 [HELLO_TX] bat=100% nbr=18"
001E,SENSOR,1,UNIFIED,"t=190 [HELLO_TX] bat=100% nbr=18"
001E,SENSOR,1,UNIFIED,"t=197 [HELLO_TX] bat=100% nbr=18"
001E,SENSOR,1,UNIFIED,"t=202 [HELLO_TX] bat=100% nbr=18"
001E,SENSOR,1,UNIFIED,"t=208 [HELLO_TX] bat=100% nbr=18"
001E,SENSOR,1,UNIFIED,"t=217 [HELLO_TX] bat=100% nbr=18"
001E,SENSOR,1,UNIFIED,"t=221 [HELLO_TX] bat=100% nbr=18"
001E,SENSOR,1,UNIFIED,"t=228 [HELLO_TX] bat=100% nbr=18"
001E,SENSOR,1,UNIFIED,"t=234 [HELLO_TX] bat=100% nbr=18"
001E,SENSOR,1,UNIFIED,"t=240 [HELLO_TX] bat=100% nbr=18"
001E,SENSOR,1,UNIFIED,"t=248 [HELLO_TX] bat=100% nbr=18"
001F,SENSOR,1,UNIFIED,"t=4 [HELLO_TX] bat=100% nbr=0"
001F,SENSOR,1,UNIFIED,"t=4 [HELLO_RX] NEW 003E tier=1(UNK) verified=0 rssi=0.7"
001F,SENSOR,1,UNIFIED,"t=6 [HELLO_RX] NEW AA05 tier=2(CH) verified=0 rssi=1.8"
001F,SENSOR,1,UNIFIED,"t=7 [HELLO_RX] NEW 0026 tier=1(UNK) verified=0 rssi=1.1"
001F,SENSOR,1,UNIFIED,"t=8 [HELLO_RX] NEW 004F tier=1(UNK) verified=0 rssi=9.7"
001F,SENSOR,1,UNIFIED,"t=9 [HELLO_RX] NEW 0017 tier=1(UNK) verified=0 rssi=0.9"
001F,SENSOR,1,UNIFIED,"t=10 [HELLO_RX] NEW FF0C tier=3(GWN) verified=0 rssi=0.5"
001F,SENSOR,1,UNIFIED,"t=12 [HELLO_TX] bat=100% nbr=6"
001F,SENSOR,1,UNIFIED,"t=13 [HELLO_RX] NEW 0045 tier=1(UNK) verified=0 rssi=0.4"
001F,SENSOR,1,UNIFIED,"t=17 [HELLO_TX] bat=100% nbr=7"
001F,SENSOR,1,UNIFIED,"t=18 [HELLO_RX] NEW 0027 tier=1(UNK) verified=0 rssi=0.6"
001F,SENSOR,1,UNIFIED,"t=19 [HELLO_RX] NEW FF0D tier=3(GWN) verified=0 rssi=0.7"
001F,SENSOR,1,UNIFIED,"t=21 [HELLO_RX] NEW 002D tier=1(UNK) verified=0 rssi=0.4"
001F,SENSOR,1,UNIFIED,"t=24 [HELLO_TX] bat=100% nbr=10"
001F,SENSOR,1,UNIFIED,"t=27 [HELLO_RX] NEW AA07 tier=2(CH) verified=0 rssi=0.2"
001F,SENSOR,1,UNIFIED,"t=29 [HELLO_TX] bat=100% nbr=11"
001F,SENSOR,1,UNIFIED,"t=30 [HELLO_RX] NEW 0035 tier=1(UNK) verified=0 rssi=0.4"
001F,SENSOR,1,UNIFIED,"t=34 [HELLO_TX] bat=100% nbr=12"
001F,SENSOR,1,UNIFIED,"t=39 [HELLO_TX] bat=100% nbr=12"
001F,SENSOR,1,UNIFIED,"t=46 [HELLO_TX] bat=100% nbr=12"
001F,SENSOR,1,UNIFIED,"t=46 [HELLO_RX] NEW AA04 tier=2(CH) verified=0 rssi=0.2"
001F,SENSOR,1,UNIFIED,"t=49 [HELLO_RX] NEW AA09 tier=2(CH) verified=0 rssi=0.6"
001F,SENSOR,1,UNIFIED,"t=53 [HELLO_TX] bat=100% nbr=14"
001F,SENSOR,1,UNIFIED,"t=61 [HELLO_TX] bat=100% nbr=14"
001F,SENSOR,1,UNIFIED,"t=66 [HELLO_TX] bat=100% nbr=14"
001F,SENSOR,1,UNIFIED,"t=75 [HELLO_TX] bat=100% nbr=14"
001F,SENSOR,1,UNIFIED,"t=80 [HELLO_RX] NEW 0029 tier=1(UNK) verified=0 rssi=0.2"
001F,SENSOR,1,UNIFIED,"t=83 [HELLO_TX] bat=100% nbr=15"
001F,SENSOR,1,UNIFIED,"t=90 [HELLO_TX] bat=100% nbr=15"
001F,SENSOR,1,UNIFIED,"t=95 [HELLO_TX] bat=100% nbr=15"
001F,SENSOR,1,UNIFIED,"t=101 [HELLO_TX] bat=100% nbr=15"
001F,SENSOR,1,UNIFIED,"t=109 [HELLO_TX] bat=100% nbr=15"
001F,SENSOR,1,UNIFIED,"t=111 [HELLO_RX] NEW 0033 tier=1(UNK) verified=0 rssi=0.3"
001F,SENSOR,1,UNIFIED,"t=115 [HELLO_RX] NEW FF05 tier=3(GWN) verified=0 rssi=0.1"
001F,SENSOR,1,UNIFIED,"t=116 [HELLO_TX] bat=100% nbr=17"
001F,SENSOR,1,UNIFIED,"t=122 [HELLO_TX] bat=100% nbr=17"
001F,SENSOR,1,UNIFIED,"t=129 [HELLO_TX] bat=100% nbr=17"
001F,SENSOR,1,UNIFIED,"t=130 [HELLO_RX] NEW 0053 tier=1(UNK) verified=0 rssi=0.4"
001F,SENSOR,1,UNIFIED,"t=139 [HELLO_TX] bat=100% nbr=18"
001F,SENSOR,1,UNIFIED,"t=148 [HELLO_TX] bat=100% nbr=18"
001F,SENSOR,1,UNIFIED,"t=153 [HELLO_TX] bat=100% nbr=18"
001F,SENSOR,1,UNIFIED,"t=160 [HELLO_TX] bat=100% nbr=18"
001F,SENSOR,1,UNIFIED,"t=167 [HELLO_TX] bat=100% nbr=18"
001F,SENSOR,1,UNIFIED,"t=176 [HELLO_TX] bat=100% nbr=18"
001F,SENSOR,1,UNIFIED,"t=184 [HELLO_TX] bat=100% nbr=18"
001F,SENSOR,1,UNIFIED,"t=190 [HELLO_TX] bat=100% nbr=18"
001F,SENSOR,1,UNIFIED,"t=198 [HELLO_TX] bat=100% nbr=18"
001F,SENSOR,1,UNIFIED,"t=203 [HELLO_TX] bat=100% nbr=18"
001F,SENSOR,1,UNIFIED,"t=209 [HELLO_TX] bat=100% nbr=18"
001F,SENSOR,1,UNIFIED,"t=215 [HELLO_TX] bat=100% nbr=18"
001F,SENSOR,1,UNIFIED,"t=222 [HELLO_TX] bat=100% nbr=18"
001F,SENSOR,1,UNIFIED,"t=229 [HELLO_TX] bat=100% nbr=18"
001F,SENSOR,1,UNIFIED,"t=237 [HELLO_TX] bat=100% nbr=18"
001F,SENSOR,1,UNIFIED,"t=247 [HELLO_TX] bat=100% nbr=18"
0020,SENSOR,1,UNIFIED,"t=4 [HELLO_RX] NEW 0021 tier=1(UNK) verified=0 rssi=0.2"
0020,SENSOR,1,UNIFIED,"t=5 [HELLO_RX] NEW 0036 tier=1(UNK) verified=0 rssi=0.8"
0020,SENSOR,1,UNIFIED,"t=6 [HELLO_RX] NEW 001A tier=1(UNK) verified=0 rssi=4.1"
0020,SENSOR,1,UNIFIED,"t=7 [HELLO_TX] bat=100% nbr=3"
0020,SENSOR,1,UNIFIED,"t=7 [HELLO_RX] NEW 0052 tier=1(UNK) verified=0 rssi=1.8"
0020,SENSOR,1,UNIFIED,"t=10 [HELLO_RX] NEW 0004 tier=1(UNK) verified=0 rssi=13.9"
0020,SENSOR,1,UNIFIED,"t=12 [HELLO_RX] NEW 005C tier=1(UNK) verified=0 rssi=1.9"
0020,SENSOR,1,UNIFIED,"t=15 [HELLO_TX] bat=100% nbr=6"
0020,SENSOR,1,UNIFIED,"t=15 [HELLO_RX] NEW AA09 tier=2(CH) verified=0 rssi=0.4"
0020,SENSOR,1,UNIFIED,"t=16 [HELLO_RX] NEW AA06 tier=2(CH) verified=0 rssi=0.7"
0020,SENSOR,1,UNIFIED,"t=21 [HELLO_TX] bat=100% nbr=8"
0020,SENSOR,1,UNIFIED,"t=23 [HELLO_RX] NEW 004B tier=1(UNK) verified=0 rssi=0.2"
0020,SENSOR,1,UNIFIED,"t=25 [HELLO_RX] NEW 0029 tier=1(UNK) verified=0 rssi=0.2"
0020,SENSOR,1,UNIFIED,"t=27 [HELLO_RX] NEW AA07 tier=2(CH) verified=0 rssi=1.3"
0020,SENSOR,1,UNIFIED,"t=30 [HELLO_TX] bat=100% nbr=11"
0020,SENSOR,1,UNIFIED,"t=38 [HELLO_TX] bat=100% nbr=11"
0020,SENSOR,1,UNIFIED,"t=42 [HELLO_TX] bat=100% nbr=11"
0020,SENSOR,1,UNIFIED,"t=46 [HELLO_RX] NEW 0055 tier=1(UNK) verified=0 rssi=0.2"
0020,SENSOR,1,UNIFIED,"t=51 [HELLO_TX] bat=100% nbr=12"
0020,SENSOR,1,UNIFIED,"t=59 [HELLO_TX] bat=100% nbr=12"
0020,SENSOR,1,UNIFIED,"t=65 [HELLO_TX] bat=100% nbr=12"
0020,SENSOR,1,UNIFIED,"t=73 [HELLO_TX] bat=100% nbr=12"
0020,SENSOR,1,UNIFIED,"t=79 [HELLO_TX] bat=100% nbr=12"
0020,SENSOR,1,UNIFIED,"t=83 [HELLO_TX] bat=100% nbr=12"
0020,SENSOR,1,UNIFIED,"t=89 [HELLO_TX] bat=100% nbr=12"
0020,SENSOR,1,UNIFIED,"t=98 [HELLO_TX] bat=100% nbr=12"
0020,SENSOR,1,UNIFIED,"t=103 [HELLO_TX] bat=100% nbr=12"
0020,SENSOR,1,UNIFIED,"t=110 [HELLO_TX] bat=100% nbr=12"
0020,SENSOR,1,UNIFIED,"t=119 [HELLO_TX] bat=100% nbr=12"
0020,SENSOR,1,UNIFIED,"t=127 [HELLO_TX] bat=100% nbr=12"
0020,SENSOR,1,UNIFIED,"t=131 [HELLO_TX] bat=100% nbr=12"
0020,SENSOR,1,UNIFIED,"t=135 [HELLO_RX] NEW 0007 tier=1(UNK) verified=0 rssi=0.2"
0020,SENSOR,1,UNIFIED,"t=141 [HELLO_TX] bat=100% nbr=13"
0020,SENSOR,1,UNIFIED,"t=145 [HELLO_RX] NEW FF0C tier=3(GWN) verified=0 rssi=0.1"
0020,SENSOR,1,UNIFIED,"t=148 [HELLO_TX] bat=100% nbr=14"
0020,SENSOR,1,UNIFIED,"t=158 [HELLO_TX] bat=100% nbr=14"
0020,SENSOR,1,UNIFIED,"t=168 [HELLO_TX] bat=100% nbr=14"
0020,SENSOR,1,UNIFIED,"t=172 [HELLO_TX] bat=100% nbr=14"
0020,SENSOR,1,UNIFIED,"t=178 [HELLO_TX] bat=100% nbr=14"
0020,SENSOR,1,UNIFIED,"t=184 [HELLO_TX] bat=100% nbr=14"
0020,SENSOR,1,UNIFIED,"t=188 [HELLO_TX] bat=100% nbr=14"
0020,SENSOR,1,UNIFIED,"t=196 [HELLO_TX] bat=100% nbr=14"
0020,SENSOR,1,UNIFIED,"t=201 [HELLO_TX] bat=100% nbr=14"
0020,SENSOR,1,UNIFIED,"t=210 [HELLO_TX] bat=100% nbr=14"
0020,SENSOR,1,UNIFIED,"t=217 [HELLO_RX] NEW 005D tier=1(UNK) verified=0 rssi=0.2"
0020,SENSOR,1,UNIFIED,"t=218 [HELLO_TX] bat=100% nbr=15"
0020,SENSOR,1,UNIFIED,"t=228 [HELLO_TX] bat=100% nbr=15"
0020,SENSOR,1,UNIFIED,"t=232 [HELLO_TX] bat=100% nbr=15"
0020,SENSOR,1,UNIFIED,"t=240 [HELLO_TX] bat=100% nbr=15"
0020,SENSOR,1,UNIFIED,"t=246 [HELLO_TX] bat=100% nbr=15"
0021,SENSOR,1,UNIFIED,"t=4 [HELLO_TX] bat=100% nbr=0"
0021,SENSOR,1,UNIFIED,"t=4 [HELLO_RX] NEW 0042 tier=1(UNK) verified=0 rssi=0.7"
0021,SENSOR,1,UNIFIED,"t=5 [HELLO_RX] NEW 004B tier=1(UNK) verified=0 rssi=2.1"
0021,SENSOR,1,UNIFIED,"t=7 [HELLO_RX] NEW 0052 tier=1(UNK) verified=0 rssi=0.4"
0021,SENSOR,1,UNIFIED,"t=9 [HELLO_RX] NEW 0017 tier=1(UNK) verified=0 rssi=0.2"
0021,SENSOR,1,UNIFIED,"t=10 [HELLO_RX] NEW AA09 tier=2(CH) verified=0 rssi=4.4"
0021,SENSOR,1,UNIFIED,"t=12 [HELLO_RX] NEW 005A tier=1(UNK) verified=0 rssi=0.2"
0021,SENSOR,1,UNIFIED,"t=13 [HELLO_TX] bat=100% nbr=6"
0021,SENSOR,1,UNIFIED,"t=16 [HELLO_RX] NEW AA0A tier=2(CH) verified=0 rssi=0.2"
0021,SENSOR,1,UNIFIED,"t=17 [HELLO_RX] NEW 0036 tier=1(UNK) verified=0 rssi=0.4"
0021,SENSOR,1,UNIFIED,"t=18 [HELLO_RX] NEW 0004 tier=1(UNK) verified=0 rssi=0.3"
0021,SENSOR,1,UNIFIED,"t=19 [HELLO_TX] bat=100% nbr=9"
0021,SENSOR,1,UNIFIED,"t=24 [HELLO_RX] NEW AA04 tier=2(CH) verified=0 rssi=0.8"
0021,SENSOR,1,UNIFIED,"t=29 [HELLO_TX] bat=100% nbr=10"
0021,SENSOR,1,UNIFIED,"t=30 [HELLO_RX] NEW 0020 tier=1(UNK) verified=0 rssi=0.2"
0021,SENSOR,1,UNIFIED,"t=31 [HELLO_RX] NEW FF0C tier=3(GWN) verified=0 rssi=0.2"
0021,SENSOR,1,UNIFIED,"t=38 [HELLO_TX] bat=100% nbr=12"
0021,SENSOR,1,UNIFIED,"t=40 [HELLO_RX] NEW FF0D tier=3(GWN) verified=0 rssi=0.1"
0021,SENSOR,1,UNIFIED,"t=44 [HELLO_TX] bat=100% nbr=13"
0021,SENSOR,1,UNIFIED,"t=47 [HELLO_RX] NEW AA05 tier=2(CH) verified=0 rssi=0.4"
0021,SENSOR,1,UNIFIED,"t=50 [HELLO_RX] NEW 0053 tier=1(UNK) verified=0 rssi=0.2"
0021,SENSOR,1,UNIFIED,"t=51 [HELLO_RX] NEW 0007 tier=1(UNK) verified=0 rssi=0.2"
0021,SENSOR,1,UNIFIED,"t=52 [HELLO_TX] bat=100% nbr=16"
0021,SENSOR,1,UNIFIED,"t=56 [HELLO_TX] bat=100% nbr=16"
0021,SENSOR,1,UNIFIED,"t=57 [HELLO_RX] NEW AA07 tier=2(CH) verified=0 rssi=0.3"
0021,SENSOR,1,UNIFIED,"t=66 [HELLO_TX] bat=100% nbr=17"
0021,SENSOR,1,UNIFIED,"t=75 [HELLO_TX] bat=100% nbr=17"
0021,SENSOR,1,UNIFIED,"t=85 [HELLO_TX] bat=100% nbr=17"
0021,SENSOR,1,UNIFIED,"t=90 [HELLO_TX] bat=100% nbr=17"
0021,SENSOR,1,UNIFIED,"t=95 [HELLO_TX] bat=100% nbr=17"
0021,SENSOR,1,UNIFIED,"t=104 [HELLO_TX] bat=100% nbr=17"
0021,SENSOR,1,UNIFIED,"t=114 [HELLO_TX] bat=100% nbr=17"
0021,SENSOR,1,UNIFIED,"t=120 [HELLO_TX] bat=100% nbr=17"
0021,SENSOR,1,UNIFIED,"t=125 [HELLO_TX] bat=100% nbr=17"
0021,SENSOR,1,UNIFIED,"t=134 [HELLO_TX] bat=100% nbr=17"
0021,SENSOR,1,UNIFIED,"t=143 [HELLO_TX] bat=100% nbr=17"
0021,SENSOR,1,UNIFIED,"t=147 [HELLO_TX] bat=100% nbr=17"
0021,SENSOR,1,UNIFIED,"t=150 [HELLO_RX] NEW FF08 tier=3(GWN) verified=0 rssi=0.1"
0021,SENSOR,1,UNIFIED,"t=155 [HELLO_TX] bat=100% nbr=18"
0021,SENSOR,1,UNIFIED,"t=165 [HELLO_TX] bat=100% nbr=18"
0021,SENSOR,1,UNIFIED,"t=171 [HELLO_TX] bat=100% nbr=18"
0021,SENSOR,1,UNIFIED,"t=176 [HELLO_TX] bat=100% nbr=18"
0021,SENSOR,1,UNIFIED,"t=184 [HELLO_TX] bat=100% nbr=18"
0021,SENSOR,1,UNIFIED,"t=191 [HELLO_TX] bat=100% nbr=18"
0021,SENSOR,1,UNIFIED,"t=198 [HELLO_TX] bat=100% nbr=18"
0021,SENSOR,1,UNIFIED,"t=203 [HELLO_TX] bat=100% nbr=18"
0021,SENSOR,1,UNIFIED,"t=211 [HELLO_TX] bat=100% nbr=18"
0021,SENSOR,1,UNIFIED,"t=221 [HELLO_TX] bat=100% nbr=18"
0021,SENSOR,1,UNIFIED,"t=229 [HELLO_TX] bat=100% nbr=18"
0021,SENSOR,1,UNIFIED,"t=235 [HELLO_TX] bat=100% nbr=18"
0021,SENSOR,1,UNIFIED,"t=242 [HELLO_TX] bat=100% nbr=18"
0022,SENSOR,1,UNIFIED,"t=4 [HELLO_TX] bat=100% nbr=0"
0022,SENSOR,1,UNIFIED,"t=4 [HELLO_RX] NEW 0060 tier=1(UNK) verified=0 rssi=0.6"
0022,SENSOR,1,UNIFIED,"t=5 [HELLO_RX] NEW 0064 tier=1(UNK) verified=0 rssi=0.9"
0022,SENSOR,1,UNIFIED,"t=6 [HELLO_RX] NEW AA03 tier=2(CH) verified=0 rssi=1.2"
0022,SENSOR,1,UNIFIED,"t=7 [HELLO_RX] NEW 0041 tier=1(UNK) verified=0 rssi=1.3"
0022,SENSOR,1,UNIFIED,"t=8 [HELLO_TX] bat=100% nbr=4"
0022,SENSOR,1,UNIFIED,"t=9 [HELLO_RX] NEW 0059 tier=1(UNK) verified=0 rssi=0.4"
0022,SENSOR,1,UNIFIED,"t=11 [HELLO_RX] NEW 0025 tier=1(UNK) verified=0 rssi=0.7"
0022,SENSOR,1,UNIFIED,"t=15 [HELLO_RX] NEW 0063 tier=1(UNK) verified=0 rssi=0.8"
0022,SENSOR,1,UNIFIED,"t=16 [HELLO_RX] NEW FF09 tier=3(GWN) verified=0 rssi=0.7"
0022,SENSOR,1,UNIFIED,"t=17 [HELLO_TX] bat=100% nbr=8"
0022,SENSOR,1,UNIFIED,"t=19 [HELLO_RX] NEW AA02 tier=2(CH) verified=0 rssi=0.2"
0022,SENSOR,1,UNIFIED,"t=20 [HELLO_RX] NEW 0046 tier=1(UNK) verified=0 rssi=0.7"
0022,SENSOR,1,UNIFIED,"t=21 [HELLO_TX] bat=100% nbr=10"
0022,SENSOR,1,UNIFIED,"t=21 [HELLO_RX] NEW 000A tier=1(UNK) verified=0 rssi=0.3"
0022,SENSOR,1,UNIFIED,"t=25 [HELLO_TX] bat=100% nbr=11"
0022,SENSOR,1,UNIFIED,"t=29 [HELLO_RX] NEW 0056 tier=1(UNK) verified=0 rssi=0.5"
0022,SENSOR,1,UNIFIED,"t=35 [HELLO_TX] bat=100% nbr=12"
0022,SENSOR,1,UNIFIED,"t=37 [HELLO_RX] NEW 005B tier=1(UNK) verified=0 rssi=0.9"
0022,SENSOR,1,UNIFIED,"t=41 [HELLO_TX] bat=100% nbr=13"
0022,SENSOR,1,UNIFIED,"t=47 [HELLO_RX] NEW FF01 tier=3(GWN) verified=0 rssi=0.3"
0022,SENSOR,1,UNIFIED,"t=49 [HELLO_RX] NEW 0061 tier=1(UNK) verified=0 rssi=0.7"
0022,SENSOR,1,UNIFIED,"t=50 [HELLO_TX] bat=100% nbr=15"
0022,SENSOR,1,UNIFIED,"t=56 [HELLO_TX] bat=100% nbr=15"
0022,SENSOR,1,UNIFIED,"t=60 [HELLO_TX] bat=100% nbr=15"
0022,SENSOR,1,UNIFIED,"t=68 [HELLO_TX] bat=100% nbr=15"
0022,SENSOR,1,UNIFIED,"t=76 [HELLO_TX] bat=100% nbr=15"
0022,SENSOR,1,UNIFIED,"t=86 [HELLO_TX] bat=100% nbr=15"
0022,SENSOR,1,UNIFIED,"t=86 [HELLO_RX] NEW 000D tier=1(UNK) verified=0 rssi=0.2"
0022,SENSOR,1,UNIFIED,"t=94 [HELLO_TX] bat=100% nbr=16"
0022,SENSOR,1,UNIFIED,"t=97 [HELLO_RX] NEW FF02 tier=3(GWN) verified=1 rssi=0.6"
0022,SENSOR,1,UNIFIED,"t=102 [HELLO_TX] bat=100% nbr=17"
0022,SENSOR,1,UNIFIED,"t=108 [HELLO_TX] bat=100% nbr=17"
0022,SENSOR,1,UNIFIED,"t=118 [HELLO_TX] bat=100% nbr=17"
0022,SENSOR,1,UNIFIED,"t=119 [HELLO_RX] NEW FF06 tier=3(GWN) verified=0 rssi=0.1"
0022,SENSOR,1,UNIFIED,"t=122 [HELLO_TX] bat=100% nbr=18"
0022,SENSOR,1,UNIFIED,"t=128 [HELLO_TX] bat=100% nbr=18"
0022,SENSOR,1,UNIFIED,"t=136 [HELLO_TX] bat=100% nbr=18"
0022,SENSOR,1,UNIFIED,"t=144 [HELLO_TX] bat=100% nbr=18"
0022,SENSOR,1,UNIFIED,"t=149 [HELLO_TX] bat=100% nbr=18"
0022,SENSOR,1,UNIFIED,"t=158 [HELLO_TX] bat=100% nbr=18"
0022,SENSOR,1,UNIFIED,"t=168 [HELLO_TX] bat=100% nbr=18"
0022,SENSOR,1,UNIFIED,"t=175 [HELLO_TX] bat=100% nbr=18"
0022,SENSOR,1,UNIFIED,"t=179 [HELLO_TX] bat=100% nbr=18"
0022,SENSOR,1,UNIFIED,"t=189 [HELLO_TX] bat=100% nbr=18"
0022,SENSOR,1,UNIFIED,"t=196 [HELLO_TX] bat=100% nbr=18"
0022,SENSOR,1,UNIFIED,"t=202 [HELLO_RX] NEW 0005 tier=1(UNK) verified=0 rssi=0.2"
0022,SENSOR,1,UNIFIED,"t=206 [HELLO_TX] bat=100% nbr=19"
0022,SENSOR,1,UNIFIED,"t=215 [HELLO_TX] bat=100% nbr=19"
0022,SENSOR,1,UNIFIED,"t=224 [HELLO_TX] bat=100% nbr=19"
0022,SENSOR,1,UNIFIED,"t=228 [HELLO_TX] bat=100% nbr=19"
0022,SENSOR,1,UNIFIED,"t=233 [HELLO_TX] bat=100% nbr=19"
0022,SENSOR,1,UNIFIED,"t=242 [HELLO_TX] bat=100% nbr=19"
0023,SENSOR,1,UNIFIED,"t=4 [HELLO_RX] NEW 0002 tier=1(UNK) verified=0 rssi=0.3"
0023,SENSOR,1,UNIFIED,"t=5 [HELLO_RX] NEW AA06 tier=2(CH) verified=0 rssi=2.9"
0023,SENSOR,1,UNIFIED,"t=6 [HELLO_TX] bat=100% nbr=2"
0023,SENSOR,1,UNIFIED,"t=6 [HELLO_RX] NEW 0029 tier=1(UNK) verified=0 rssi=0.8"
0023,SENSOR,1,UNIFIED,"t=8 [HELLO_RX] NEW 003F tier=1(UNK) verified=0 rssi=3.8"
0023,SENSOR,1,UNIFIED,"t=9 [HELLO_RX] NEW 005D tier=1(UNK) verified=0 rssi=2.1"
0023,SENSOR,1,UNIFIED,"t=14 [HELLO_TX] bat=100% nbr=5"
0023,SENSOR,1,UNIFIED,"t=14 [HELLO_RX] NEW 0049 tier=1(UNK) verified=0 rssi=0.7"
0023,SENSOR,1,UNIFIED,"t=18 [HELLO_RX] NEW AA07 tier=2(CH) verified=0 rssi=1.2"
0023,SENSOR,1,UNIFIED,"t=19 [HELLO_TX] bat=100% nbr=7"
0023,SENSOR,1,UNIFIED,"t=19 [HELLO_RX] NEW 0008 tier=1(UNK) verified=0 rssi=0.8"
0023,SENSOR,1,UNIFIED,"t=20 [HELLO_RX] NEW 0019 tier=1(UNK) verified=0 rssi=1.8"
0023,SENSOR,1,UNIFIED,"t=23 [HELLO_RX] NEW 004C tier=1(UNK) verified=0 rssi=0.2"
0023,SENSOR,1,UNIFIED,"t=24 [HELLO_TX] bat=100% nbr=10"
0023,SENSOR,1,UNIFIED,"t=33 [HELLO_TX] bat=100% nbr=10"
0023,SENSOR,1,UNIFIED,"t=37 [HELLO_RX] NEW 003B tier=1(UNK) verified=0 rssi=0.3"
0023,SENSOR,1,UNIFIED,"t=39 [HELLO_TX] bat=100% nbr=11"
0023,SENSOR,1,UNIFIED,"t=43 [HELLO_TX] bat=100% nbr=11"
0023,SENSOR,1,UNIFIED,"t=47 [HELLO_RX] NEW 003D tier=1(UNK) verified=0 rssi=0.4"
0023,SENSOR,1,UNIFIED,"t=48 [HELLO_TX] bat=100% nbr=12"
0023,SENSOR,1,UNIFIED,"t=57 [HELLO_TX] bat=100% nbr=12"
0023,SENSOR,1,UNIFIED,"t=65 [HELLO_TX] bat=100% nbr=12"
0023,SENSOR,1,UNIFIED,"t=72 [HELLO_TX] bat=100% nbr=12"
0023,SENSOR,1,UNIFIED,"t=72 [HELLO_RX] NEW 001A tier=1(UNK) verified=0 rssi=0.2"
0023,SENSOR,1,UNIFIED,"t=76 [HELLO_TX] bat=100% nbr=13"
0023,SENSOR,1,UNIFIED,"t=79 [HELLO_RX] NEW 002B tier=1(UNK) verified=0 rssi=0.2"
0023,SENSOR,1,UNIFIED,"t=81 [HELLO_TX] bat=100% nbr=14"
0023,SENSOR,1,UNIFIED,"t=89 [HELLO_TX] bat=100% nbr=14"
0023,SENSOR,1,UNIFIED,"t=93 [HELLO_TX] bat=100% nbr=14"
0023,SENSOR,1,UNIFIED,"t=103 [HELLO_TX] bat=100% nbr=14"
0023,SENSOR,1,UNIFIED,"t=111 [HELLO_TX] bat=100% nbr=14"
0023,SENSOR,1,UNIFIED,"t=120 [HELLO_TX] bat=100% nbr=14"
0023,SENSOR,1,UNIFIED,"t=128 [HELLO_TX] bat=100% nbr=14"
0023,SENSOR,1,UNIFIED,"t=134 [HELLO_TX] bat=100% nbr=14"
0023,SENSOR,1,UNIFIED,"t=142 [HELLO_TX] bat=100% nbr=14"
0023,SENSOR,1,UNIFIED,"t=146 [HELLO_TX] bat=100% nbr=14"
0023,SENSOR,1,UNIFIED,"t=155 [HELLO_TX] bat=100% nbr=14"
0023,SENSOR,1,UNIFIED,"t=164 [HELLO_TX] bat=100% nbr=14"
0023,SENSOR,1,UNIFIED,"t=164 [HELLO_RX] NEW 001E tier=1(UNK) verified=0 rssi=0.4"
0023,SENSOR,1,UNIFIED,"t=171 [HELLO_TX] bat=100% nbr=15"
0023,SENSOR,1,UNIFIED,"t=179 [HELLO_RX] NEW 003E tier=1(UNK) verified=0 rssi=0.2"
0023,SENSOR,1,UNIFIED,"t=181 [HELLO_TX] bat=100% nbr=16"
0023,SENSOR,1,UNIFIED,"t=187 [HELLO_TX] bat=100% nbr=16"
0023,SENSOR,1,UNIFIED,"t=191 [HELLO_TX] bat=100% nbr=16"
0023,SENSOR,1,UNIFIED,"t=197 [HELLO_TX] bat=100% nbr=16"
0023,SENSOR,1,UNIFIED,"t=203 [HELLO_TX] bat=100% nbr=16"
0023,SENSOR,1,UNIFIED,"t=207 [HELLO_TX] bat=100% nbr=16"
0023,SENSOR,1,UNIFIED,"t=214 [HELLO_TX] bat=100% nbr=16"
0023,SENSOR,1,UNIFIED,"t=216 [HELLO_RX] NEW FF04 tier=3(GWN) verified=0 rssi=0.1"
0023,SENSOR,1,UNIFIED,"t=220 [HELLO_TX] bat=100% nbr=17"
0023,SENSOR,1,UNIFIED,"t=224 [HELLO_TX] bat=100% nbr=17"
0023,SENSOR,1,UNIFIED,"t=232 [HELLO_TX] bat=100% nbr=17"
0023,SENSOR,1,UNIFIED,"t=242 [HELLO_TX] bat=100% nbr=17"
0024,SENSOR,1,UNIFIED,"t=7 [HELLO_TX] bat=100% nbr=0"
0024,SENSOR,1,UNIFIED,"t=7 [HELLO_RX] NEW 0048 tier=1(UNK) verified=0 rssi=1.6"
0024,SENSOR,1,UNIFIED,"t=8 [HELLO_RX] NEW 0011 tier=1(UNK) verified=0 rssi=10.9"
0024,SENSOR,1,UNIFIED,"t=9 [HELLO_RX] NEW 0062 tier=1(UNK) verified=0 rssi=1.7"
0024,SENSOR,1,UNIFIED,"t=10 [HELLO_RX] NEW AA08 tier=2(CH) verified=0 rssi=0.5"
0024,SENSOR,1,UNIFIED,"t=11 [HELLO_RX] NEW 0038 tier=1(UNK) verified=0 rssi=0.4"
0024,SENSOR,1,UNIFIED,"t=12 [HELLO_TX] bat=100% nbr=5"
0024,SENSOR,1,UNIFIED,"t=12 [HELLO_RX] NEW 0028 tier=1(UNK) verified=0 rssi=0.7"
0024,SENSOR,1,UNIFIED,"t=15 [HELLO_RX] NEW 0037 tier=1(UNK) verified=0 rssi=0.3"
0024,SENSOR,1,UNIFIED,"t=19 [HELLO_RX] NEW FF06 tier=3(GWN) verified=0 rssi=0.1"
0024,SENSOR,1,UNIFIED,"t=20 [HELLO_TX] bat=100% nbr=8"
0024,SENSOR,1,UNIFIED,"t=24 [HELLO_RX] NEW 000C tier=1(UNK) verified=0 rssi=0.2"
0024,SENSOR,1,UNIFIED,"t=27 [HELLO_TX] bat=100% nbr=9"
0024,SENSOR,1,UNIFIED,"t=33 [HELLO_TX] bat=100% nbr=9"
0024,SENSOR,1,UNIFIED,"t=37 [HELLO_TX] bat=100% nbr=9"
0024,SENSOR,1,UNIFIED,"t=44 [HELLO_TX] bat=100% nbr=9"
0024,SENSOR,1,UNIFIED,"t=52 [HELLO_RX] NEW 005C tier=1(UNK) verified=0 rssi=0.3"
0024,SENSOR,1,UNIFIED,"t=54 [HELLO_TX] bat=100% nbr=10"
0024,SENSOR,1,UNIFIED,"t=54 [HELLO_RX] NEW FF0A tier=3(GWN) verified=1 rssi=0.1"
0024,SENSOR,1,UNIFIED,"t=60 [HELLO_TX] bat=100% nbr=11"
0024,SENSOR,1,UNIFIED,"t=68 [HELLO_RX] NEW 0055 tier=1(UNK) verified=0 rssi=0.2"
0024,SENSOR,1,UNIFIED,"t=70 [HELLO_TX] bat=100% nbr=12"
0024,SENSOR,1,UNIFIED,"t=76 [HELLO_TX] bat=100% nbr=12"
0024,SENSOR,1,UNIFIED,"t=83 [HELLO_TX] bat=100% nbr=12"
0024,SENSOR,1,UNIFIED,"t=90 [HELLO_TX] bat=100% nbr=12"
0024,SENSOR,1,UNIFIED,"t=99 [HELLO_TX] bat=100% nbr=12"
0024,SENSOR,1,UNIFIED,"t=107 [HELLO_TX] bat=100% nbr=12"
0024,SENSOR,1,UNIFIED,"t=111 [HELLO_RX] NEW FF02 tier=3(GWN) verified=1 rssi=0.1"
0024,SENSOR,1,UNIFIED,"t=113 [HELLO_TX] bat=100% nbr=13"
0024,SENSOR,1,UNIFIED,"t=117 [HELLO_TX] bat=100% nbr=13"
0024,SENSOR,1,UNIFIED,"t=123 [HELLO_TX] bat=100% nbr=13"
0024,SENSOR,1,UNIFIED,"t=131 [HELLO_TX] bat=100% nbr=13"
0024,SENSOR,1,UNIFIED,"t=140 [HELLO_TX] bat=100% nbr=13"
0024,SENSOR,1,UNIFIED,"t=145 [HELLO_TX] bat=100% nbr=13"
0024,SENSOR,1,UNIFIED,"t=155 [HELLO_TX] bat=100% nbr=13"
0024,SENSOR,1,UNIFIED,"t=164 [HELLO_TX] bat=100% nbr=13"
0024,SENSOR,1,UNIFIED,"t=174 [HELLO_TX] bat=100% nbr=13"
0024,SENSOR,1,UNIFIED,"t=181 [HELLO_RX] NEW FF09 tier=3(GWN) verified=1 rssi=0.1"
0024,SENSOR,1,UNIFIED,"t=184 [HELLO_TX] bat=100% nbr=14"
0024,SENSOR,1,UNIFIED,"t=189 [HELLO_TX] bat=100% nbr=14"
0024,SENSOR,1,UNIFIED,"t=197 [HELLO_TX] bat=100% nbr=14"
0024,SENSOR,1,UNIFIED,"t=203 [HELLO_TX] bat=100% nbr=14"
0024,SENSOR,1,UNIFIED,"t=211 [HELLO_RX] NEW 0051 tier=1(UNK) verified=0 rssi=0.2"
0024,SENSOR,1,UNIFIED,"t=212 [HELLO_TX] bat=100% nbr=15"
0024,SENSOR,1,UNIFIED,"t=216 [HELLO_TX] bat=100% nbr=15"
0024,SENSOR,1,UNIFIED,"t=221 [HELLO_TX] bat=100% nbr=15"
0024,SENSOR,1,UNIFIED,"t=228 [HELLO_TX] bat=100% nbr=15"
0024,SENSOR,1,UNIFIED,"t=235 [HELLO_TX] bat=100% nbr=15"
0024,SENSOR,1,UNIFIED,"t=240 [HELLO_TX] bat=100% nbr=15"
0024,SENSOR,1,UNIFIED,"t=248 [HELLO_TX] bat=100% nbr=15"
0025,SENSOR,1,UNIFIED,"t=4 [HELLO_RX] NEW 0060 tier=1(UNK) verified=0 rssi=1.4"
0025,SENSOR,1,UNIFIED,"t=5 [HELLO_RX] NEW 005B tier=1(UNK) verified=0 rssi=0.7"
0025,SENSOR,1,UNIFIED,"t=6 [HELLO_RX] NEW AA03 tier=2(CH) verified=0 rssi=2.6"
0025,SENSOR,1,UNIFIED,"t=7 [HELLO_TX] bat=100% nbr=3"
0025,SENSOR,1,UNIFIED,"t=7 [HELLO_RX] NEW 0041 tier=1(UNK) verified=0 rssi=3.2"
0025,SENSOR,1,UNIFIED,"t=8 [HELLO_RX] NEW 0022 tier=1(UNK) verified=0 rssi=0.7"
0025,SENSOR,1,UNIFIED,"t=9 [HELLO_RX] NEW 0059 tier=1(UNK) verified=0 rssi=2.1"
0025,SENSOR,1,UNIFIED,"t=11 [HELLO_TX] bat=100% nbr=6"
0025,SENSOR,1,UNIFIED,"t=14 [HELLO_RX] NEW 0054 tier=1(UNK) verified=0 rssi=0.5"
0025,SENSOR,1,UNIFIED,"t=16 [HELLO_TX] bat=100% nbr=7"
0025,SENSOR,1,UNIFIED,"t=19 [HELLO_RX] NEW AA02 tier=2(CH) verified=0 rssi=0.7"
0025,SENSOR,1,UNIFIED,"t=20 [HELLO_RX] NEW 000D tier=1(UNK) verified=0 rssi=0.2"
0025,SENSOR,1,UNIFIED,"t=22 [HELLO_TX] bat=100% nbr=9"
0025,SENSOR,1,UNIFIED,"t=26 [HELLO_RX] NEW AA08 tier=2(CH) verified=0 rssi=0.3"
0025,SENSOR,1,UNIFIED,"t=28 [HELLO_TX] bat=100% nbr=10"
0025,SENSOR,1,UNIFIED,"t=29 [HELLO_RX] NEW 0031 tier=1(UNK) verified=0 rssi=0.3"
0025,SENSOR,1,UNIFIED,"t=31 [HELLO_RX] NEW 0063 tier=1(UNK) verified=0 rssi=0.5"
0025,SENSOR,1,UNIFIED,"t=34 [HELLO_TX] bat=100% nbr=12"
0025,SENSOR,1,UNIFIED,"t=34 [HELLO_RX] NEW 0061 tier=1(UNK) verified=0 rssi=0.4"
0025,SENSOR,1,UNIFIED,"t=42 [HELLO_TX] bat=100% nbr=13"
0025,SENSOR,1,UNIFIED,"t=46 [HELLO_TX] bat=100% nbr=13"
0025,SENSOR,1,UNIFIED,"t=46 [HELLO_RX] NEW FF09 tier=3(GWN) verified=0 rssi=0.4"
0025,SENSOR,1,UNIFIED,"t=54 [HELLO_RX] NEW 001C tier=1(UNK) verified=0 rssi=0.3"
0025,SENSOR,1,UNIFIED,"t=55 [HELLO_TX] bat=100% nbr=15"
0025,SENSOR,1,UNIFIED,"t=59 [HELLO_TX] bat=100% nbr=15"
0025,SENSOR,1,UNIFIED,"t=60 [HELLO_RX] NEW 0044 tier=1(UNK) verified=0 rssi=0.3"
0025,SENSOR,1,UNIFIED,"t=62 [HELLO_RX] NEW 0038 tier=1(UNK) verified=0 rssi=0.3"
0025,SENSOR,1,UNIFIED,"t=66 [HELLO_TX] bat=100% nbr=17"
0025,SENSOR,1,UNIFIED,"t=74 [HELLO_TX] bat=100% nbr=17"
0025,SENSOR,1,UNIFIED,"t=80 [HELLO_TX] bat=100% nbr=17"
0025,SENSOR,1,UNIFIED,"t=81 [HELLO_RX] NEW 0028 tier=1(UNK) verified=0 rssi=0.2"
0025,SENSOR,1,UNIFIED,"t=85 [HELLO_RX] NEW FF02 tier=3(GWN) verified=1 rssi=0.4"
0025,SENSOR,1,UNIFIED,"t=87 [HELLO_TX] bat=100% nbr=19"
0025,SENSOR,1,UNIFIED,"t=88 [HELLO_RX] NEW 0048 tier=1(UNK) verified=0 rssi=0.2"
0025,SENSOR,1,UNIFIED,"t=93 [HELLO_TX] bat=100% nbr=20"
0025,SENSOR,1,UNIFIED,"t=99 [HELLO_TX] bat=100% nbr=20"
0025,SENSOR,1,UNIFIED,"t=105 [HELLO_TX] bat=100% nbr=20"
0025,SENSOR,1,UNIFIED,"t=106 [HELLO_RX] NEW 0037 tier=1(UNK) verified=0 rssi=0.3"
0025,SENSOR,1,UNIFIED,"t=107 [HELLO_RX] NEW 003C tier=1(UNK) verified=0 rssi=0.2"
0025,SENSOR,1,UNIFIED,"t=109 [HELLO_RX] NEW 001D tier=1(UNK) verified=0 rssi=0.3"
0025,SENSOR,1,UNIFIED,"t=112 [HELLO_TX] bat=100% nbr=23"
0025,SENSOR,1,UNIFIED,"t=118 [HELLO_TX] bat=100% nbr=23"
0025,SENSOR,1,UNIFIED,"t=123 [HELLO_TX] bat=100% nbr=23"
0025,SENSOR,1,UNIFIED,"t=128 [HELLO_TX] bat=100% nbr=23"
0025,SENSOR,1,UNIFIED,"t=129 [HELLO_RX] NEW FF01 tier=3(GWN) verified=1 rssi=0.4"
0025,SENSOR,1,UNIFIED,"t=135 [HELLO_TX] bat=100% nbr=24"
0025,SENSOR,1,UNIFIED,"t=142 [HELLO_TX] bat=100% nbr=24"
0025,SENSOR,1,UNIFIED,"t=150 [HELLO_TX] bat=100% nbr=24"
0025,SENSOR,1,UNIFIED,"t=157 [HELLO_TX] bat=100% nbr=24"
0025,SENSOR,1,UNIFIED,"t=166 [HELLO_TX] bat=100% nbr=24"
0025,SENSOR,1,UNIFIED,"t=175 [HELLO_TX] bat=100% nbr=24"
0025,SENSOR,1,UNIFIED,"t=184 [HELLO_TX] bat=100% nbr=24"
0025,SENSOR,1,UNIFIED,"t=192 [HELLO_RX] NEW 0056 tier=1(UNK) verified=0 rssi=0.2"
0025,SENSOR,1,UNIFIED,"t=194 [HELLO_TX] bat=100% nbr=25"
0025,SENSOR,1,UNIFIED,"t=198 [HELLO_TX] bat=100% nbr=25"
0025,SENSOR,1,UNIFIED,"t=202 [HELLO_RX] NEW 0046 tier=1(UNK) verified=0 rssi=0.2"
0025,SENSOR,1,UNIFIED,"t=206 [HELLO_TX] bat=100% nbr=26"
0025,SENSOR,1,UNIFIED,"t=216 [HELLO_TX] bat=100% nbr=26"
0025,SENSOR,1,UNIFIED,"t=221 [HELLO_RX] NEW 0064 tier=1(UNK) verified=0 rssi=0.2"
0025,SENSOR,1,UNIFIED,"t=222 [HELLO_TX] bat=100% nbr=27"
0025,SENSOR,1,UNIFIED,"t=231 [HELLO_TX] bat=100% nbr=27"
0025,SENSOR,1,UNIFIED,"t=239 [HELLO_TX] bat=100% nbr=27"
0025,SENSOR,1,UNIFIED,"t=247 [HELLO_TX] bat=100% nbr=27"
0026,SENSOR,1,UNIFIED,"t=4 [HELLO_RX] NEW FF0C tier=3(GWN) verified=0 rssi=1.4"
0026,SENSOR,1,UNIFIED,"t=6 [HELLO_RX] NEW 002D tier=1(UNK) verified=0 rssi=2.3"
0026,SENSOR,1,UNIFIED,"t=7 [HELLO_TX] bat=100% nbr=2"
0026,SENSOR,1,UNIFIED,"t=8 [HELLO_RX] NEW 004F tier=1(UNK) verified=0 rssi=1.6"
0026,SENSOR,1,UNIFIED,"t=9 [HELLO_RX] NEW FF0D tier=3(GWN) verified=0 rssi=1.1"
0026,SENSOR,1,UNIFIED,"t=12 [HELLO_RX] NEW AA05 tier=2(CH) verified=0 rssi=1.8"
0026,SENSOR,1,UNIFIED,"t=13 [HELLO_RX] NEW 0045 tier=1(UNK) verified=0 rssi=2.2"
0026,SENSOR,1,UNIFIED,"t=16 [HELLO_TX] bat=100% nbr=6"
0026,SENSOR,1,UNIFIED,"t=16 [HELLO_RX] NEW 0001 tier=1(UNK) verified=0 rssi=0.2"
0026,SENSOR,1,UNIFIED,"t=17 [HELLO_RX] NEW 001F tier=1(UNK) verified=0 rssi=1.1"
0026,SENSOR,1,UNIFIED,"t=18 [HELLO_RX] NEW 0035 tier=1(UNK) verified=0 rssi=0.2"
0026,SENSOR,1,UNIFIED,"t=24 [HELLO_TX] bat=100% nbr=9"
0026,SENSOR,1,UNIFIED,"t=27 [HELLO_RX] NEW 0027 tier=1(UNK) verified=0 rssi=0.2"
0026,SENSOR,1,UNIFIED,"t=33 [HELLO_TX] bat=100% nbr=10"
0026,SENSOR,1,UNIFIED,"t=37 [HELLO_TX] bat=100% nbr=10"
0026,SENSOR,1,UNIFIED,"t=41 [HELLO_RX] NEW 0039 tier=1(UNK) verified=0 rssi=0.4"
0026,SENSOR,1,UNIFIED,"t=46 [HELLO_RX] NEW AA04 tier=2(CH) verified=0 rssi=0.2"
0026,SENSOR,1,UNIFIED,"t=47 [HELLO_TX] bat=100% nbr=12"
0026,SENSOR,1,UNIFIED,"t=50 [HELLO_RX] NEW 0053 tier=1(UNK) verified=0 rssi=0.6"
0026,SENSOR,1,UNIFIED,"t=52 [HELLO_TX] bat=100% nbr=13"
0026,SENSOR,1,UNIFIED,"t=57 [HELLO_TX] bat=100% nbr=13"
0026,SENSOR,1,UNIFIED,"t=58 [HELLO_RX] NEW 0017 tier=1(UNK) verified=0 rssi=0.2"
0026,SENSOR,1,UNIFIED,"t=63 [HELLO_TX] bat=100% nbr=14"
0026,SENSOR,1,UNIFIED,"t=71 [HELLO_TX] bat=100% nbr=14"
0026,SENSOR,1,UNIFIED,"t=75 [HELLO_TX] bat=100% nbr=14"
0026,SENSOR,1,UNIFIED,"t=84 [HELLO_TX] bat=100% nbr=14"
0026,SENSOR,1,UNIFIED,"t=88 [HELLO_RX] NEW AA09 tier=2(CH) verified=0 rssi=0.3"
0026,SENSOR,1,UNIFIED,"t=89 [HELLO_TX] bat=100% nbr=15"
0026,SENSOR,1,UNIFIED,"t=94 [HELLO_TX] bat=100% nbr=15"
0026,SENSOR,1,UNIFIED,"t=98 [HELLO_TX] bat=100% nbr=15"
0026,SENSOR,1,UNIFIED,"t=103 [HELLO_RX] NEW FF08 tier=3(GWN) verified=0 rssi=0.1"
0026,SENSOR,1,UNIFIED,"t=106 [HELLO_RX] NEW FF05 tier=3(GWN) verified=0 rssi=0.2"
0026,SENSOR,1,UNIFIED,"t=108 [HELLO_TX] bat=100% nbr=17"
0026,SENSOR,1,UNIFIED,"t=112 [HELLO_TX] bat=100% nbr=17"
0026,SENSOR,1,UNIFIED,"t=117 [HELLO_TX] bat=100% nbr=17"
0026,SENSOR,1,UNIFIED,"t=123 [HELLO_TX] bat=100% nbr=17"
0026,SENSOR,1,UNIFIED,"t=132 [HELLO_TX] bat=100% nbr=17"
0026,SENSOR,1,UNIFIED,"t=140 [HELLO_TX] bat=100% nbr=17"
0026,SENSOR,1,UNIFIED,"t=145 [HELLO_TX] bat=100% nbr=17"
0026,SENSOR,1,UNIFIED,"t=153 [HELLO_TX] bat=100% nbr=17"
0026,SENSOR,1,UNIFIED,"t=157 [HELLO_TX] bat=100% nbr=17"
0026,SENSOR,1,UNIFIED,"t=161 [HELLO_TX] bat=100% nbr=17"
0026,SENSOR,1,UNIFIED,"t=171 [HELLO_TX] bat=100% nbr=17"
0026,SENSOR,1,UNIFIED,"t=181 [HELLO_TX] bat=100% nbr=17"
0026,SENSOR,1,UNIFIED,"t=190 [HELLO_TX] bat=100% nbr=17"
0026,SENSOR,1,UNIFIED,"t=192 [HELLO_RX] NEW 003E tier=1(UNK) verified=0 rssi=0.2"
0026,SENSOR,1,UNIFIED,"t=199 [HELLO_TX] bat=100% nbr=18"
0026,SENSOR,1,UNIFIED,"t=204 [HELLO_TX] bat=100% nbr=18"
0026,SENSOR,1,UNIFIED,"t=213 [HELLO_TX] bat=100% nbr=18"
0026,SENSOR,1,UNIFIED,"t=221 [HELLO_TX] bat=100% nbr=18"
0026,SENSOR,1,UNIFIED,"t=223 [HELLO_RX] NEW 004D tier=1(UNK) verified=0 rssi=0.2"
0026,SENSOR,1,UNIFIED,"t=228 [HELLO_TX] bat=100% nbr=19"
0026,SENSOR,1,UNIFIED,"t=238 [HELLO_TX] bat=100% nbr=19"
0026,SENSOR,1,UNIFIED,"t=243 [HELLO_TX] bat=100% nbr=19"
0027,SENSOR,1,UNIFIED,"t=4 [HELLO_RX] NEW 003E tier=1(UNK) verified=0 rssi=2.2"
0027,SENSOR,1,UNIFIED,"t=6 [HELLO_RX] NEW 001E tier=1(UNK) verified=0 rssi=0.5"
0027,SENSOR,1,UNIFIED,"t=7 [HELLO_RX] NEW 0035 tier=1(UNK) verified=0 rssi=4.8"
0027,SENSOR,1,UNIFIED,"t=9 [HELLO_TX] bat=100% nbr=3"
0027,SENSOR,1,UNIFIED,"t=9 [HELLO_RX] NEW FF0D tier=3(GWN) verified=0 rssi=0.9"
0027,SENSOR,1,UNIFIED,"t=10 [HELLO_RX] NEW 0033 tier=1(UNK) verified=0 rssi=4.8"
0027,SENSOR,1,UNIFIED,"t=12 [HELLO_RX] NEW 004F tier=1(UNK) verified=0 rssi=0.3"
0027,SENSOR,1,UNIFIED,"t=14 [HELLO_RX] NEW 002B tier=1(UNK) verified=0 rssi=0.6"
0027,SENSOR,1,UNIFIED,"t=16 [HELLO_RX] NEW 0017 tier=1(UNK) verified=0 rssi=0.5"
0027,SENSOR,1,UNIFIED,"t=17 [HELLO_RX] NEW 001F tier=1(UNK) verified=0 rssi=0.6"
0027,SENSOR,1,UNIFIED,"t=18 [HELLO_TX] bat=100% nbr=9"
0027,SENSOR,1,UNIFIED,"t=21 [HELLO_RX] NEW 002D tier=1(UNK) verified=0 rssi=0.2"
0027,SENSOR,1,UNIFIED,"t=22 [HELLO_TX] bat=100% nbr=10"
0027,SENSOR,1,UNIFIED,"t=27 [HELLO_TX] bat=100% nbr=10"
0027,SENSOR,1,UNIFIED,"t=28 [HELLO_RX] NEW AA09 tier=2(CH) verified=0 rssi=0.2"
0027,SENSOR,1,UNIFIED,"t=35 [HELLO_TX] bat=100% nbr=11"
0027,SENSOR,1,UNIFIED,"t=41 [HELLO_RX] NEW 0029 tier=1(UNK) verified=0 rssi=0.3"
0027,SENSOR,1,UNIFIED,"t=42 [HELLO_TX] bat=100% nbr=12"
0027,SENSOR,1,UNIFIED,"t=48 [HELLO_TX] bat=100% nbr=12"
0027,SENSOR,1,UNIFIED,"t=54 [HELLO_TX] bat=100% nbr=12"
0027,SENSOR,1,UNIFIED,"t=56 [HELLO_RX] NEW 0049 tier=1(UNK) verified=0 rssi=0.3"
0027,SENSOR,1,UNIFIED,"t=58 [HELLO_TX] bat=100% nbr=13"
0027,SENSOR,1,UNIFIED,"t=67 [HELLO_TX] bat=100% nbr=13"
0027,SENSOR,1,UNIFIED,"t=77 [HELLO_TX] bat=100% nbr=13"
0027,SENSOR,1,UNIFIED,"t=78 [HELLO_RX] NEW AA07 tier=2(CH) verified=0 rssi=0.2"
0027,SENSOR,1,UNIFIED,"t=85 [HELLO_TX] bat=100% nbr=14"
0027,SENSOR,1,UNIFIED,"t=91 [HELLO_TX] bat=100% nbr=14"
0027,SENSOR,1,UNIFIED,"t=98 [HELLO_TX] bat=100% nbr=14"
0027,SENSOR,1,UNIFIED,"t=104 [HELLO_TX] bat=100% nbr=14"
0027,SENSOR,1,UNIFIED,"t=114 [HELLO_TX] bat=100% nbr=14"
0027,SENSOR,1,UNIFIED,"t=118 [HELLO_TX] bat=100% nbr=14"
0027,SENSOR,1,UNIFIED,"t=127 [HELLO_TX] bat=100% nbr=14"
0027,SENSOR,1,UNIFIED,"t=132 [HELLO_RX] NEW 0026 tier=1(UNK) verified=0 rssi=0.2"
0027,SENSOR,1,UNIFIED,"t=135 [HELLO_TX] bat=100% nbr=15"
0027,SENSOR,1,UNIFIED,"t=143 [HELLO_TX] bat=100% nbr=15"
0027,SENSOR,1,UNIFIED,"t=153 [HELLO_TX] bat=100% nbr=15"
0027,SENSOR,1,UNIFIED,"t=158 [HELLO_TX] bat=100% nbr=15"
0027,SENSOR,1,UNIFIED,"t=164 [HELLO_TX] bat=100% nbr=15"
0027,SENSOR,1,UNIFIED,"t=165 [HELLO_RX] NEW FF0C tier=3(GWN) verified=0 rssi=0.2"
0027,SENSOR,1,UNIFIED,"t=172 [HELLO_TX] bat=100% nbr=16"
0027,SENSOR,1,UNIFIED,"t=182 [HELLO_TX] bat=100% nbr=16"
0027,SENSOR,1,UNIFIED,"t=191 [HELLO_TX] bat=100% nbr=16"
0027,SENSOR,1,UNIFIED,"t=198 [HELLO_TX] bat=100% nbr=16"
0027,SENSOR,1,UNIFIED,"t=204 [HELLO_TX] bat=100% nbr=16"
0027,SENSOR,1,UNIFIED,"t=209 [HELLO_TX] bat=100% nbr=16"
0027,SENSOR,1,UNIFIED,"t=216 [HELLO_TX] bat=100% nbr=16"
0027,SENSOR,1,UNIFIED,"t=216 [HELLO_RX] NEW AA05 tier=2(CH) verified=0 rssi=0.3"
0027,SENSOR,1,UNIFIED,"t=226 [HELLO_TX] bat=100% nbr=17"
0027,SENSOR,1,UNIFIED,"t=232 [HELLO_TX] bat=100% nbr=17"
0027,SENSOR,1,UNIFIED,"t=239 [HELLO_TX] bat=100% nbr=17"
0027,SENSOR,1,UNIFIED,"t=248 [HELLO_TX] bat=100% nbr=17"
0028,SENSOR,1,UNIFIED,"t=6 [HELLO_RX] NEW 0038 tier=1(UNK) verified=0 rssi=23.6"
0028,SENSOR,1,UNIFIED,"t=7 [HELLO_TX] bat=100% nbr=1"
0028,SENSOR,1,UNIFIED,"t=7 [HELLO_RX] NEW 0048 tier=1(UNK) verified=0 rssi=3.8"
0028,SENSOR,1,UNIFIED,"t=9 [HELLO_RX] NEW 0062 tier=1(UNK) verified=0 rssi=8.0"
0028,SENSOR,1,UNIFIED,"t=10 [HELLO_RX] NEW FF01 tier=3(GWN) verified=0 rssi=0.1"
0028,SENSOR,1,UNIFIED,"t=12 [HELLO_TX] bat=100% nbr=4"
0028,SENSOR,1,UNIFIED,"t=12 [HELLO_RX] NEW 0024 tier=1(UNK) verified=0 rssi=0.7"
0028,SENSOR,1,UNIFIED,"t=15 [HELLO_RX] NEW 000C tier=1(UNK) verified=0 rssi=0.5"
0028,SENSOR,1,UNIFIED,"t=22 [HELLO_TX] bat=100% nbr=6"
0028,SENSOR,1,UNIFIED,"t=28 [HELLO_RX] NEW 0059 tier=1(UNK) verified=0 rssi=0.7"
0028,SENSOR,1,UNIFIED,"t=31 [HELLO_TX] bat=100% nbr=7"
0028,SENSOR,1,UNIFIED,"t=32 [HELLO_RX] NEW 0037 tier=1(UNK) verified=0 rssi=0.4"
0028,SENSOR,1,UNIFIED,"t=35 [HELLO_RX] NEW 000D tier=1(UNK) verified=0 rssi=0.8"
0028,SENSOR,1,UNIFIED,"t=40 [HELLO_TX] bat=100% nbr=9"
0028,SENSOR,1,UNIFIED,"t=48 [HELLO_TX] bat=100% nbr=9"
0028,SENSOR,1,UNIFIED,"t=52 [HELLO_RX] NEW 0041 tier=1(UNK) verified=0 rssi=0.3"
0028,SENSOR,1,UNIFIED,"t=56 [HELLO_TX] bat=100% nbr=10"
0028,SENSOR,1,UNIFIED,"t=59 [HELLO_RX] NEW 005B tier=1(UNK) verified=0 rssi=0.3"
0028,SENSOR,1,UNIFIED,"t=60 [HELLO_TX] bat=100% nbr=11"
0028,SENSOR,1,UNIFIED,"t=66 [HELLO_RX] NEW 0025 tier=1(UNK) verified=0 rssi=0.2"
0028,SENSOR,1,UNIFIED,"t=68 [HELLO_TX] bat=100% nbr=12"
0028,SENSOR,1,UNIFIED,"t=71 [HELLO_RX] NEW AA08 tier=2(CH) verified=0 rssi=0.4"
0028,SENSOR,1,UNIFIED,"t=73 [HELLO_TX] bat=100% nbr=13"
0028,SENSOR,1,UNIFIED,"t=73 [HELLO_RX] NEW 0011 tier=1(UNK) verified=0 rssi=0.6"
0028,SENSOR,1,UNIFIED,"t=74 [HELLO_RX] NEW AA02 tier=2(CH) verified=0 rssi=0.2"
0028,SENSOR,1,UNIFIED,"t=81 [HELLO_TX] bat=100% nbr=15"
0028,SENSOR,1,UNIFIED,"t=91 [HELLO_TX] bat=100% nbr=15"
0028,SENSOR,1,UNIFIED,"t=95 [HELLO_TX] bat=100% nbr=15"
0028,SENSOR,1,UNIFIED,"t=103 [HELLO_TX] bat=100% nbr=15"
0028,SENSOR,1,UNIFIED,"t=108 [HELLO_TX] bat=100% nbr=15"
0028,SENSOR,1,UNIFIED,"t=115 [HELLO_TX] bat=100% nbr=15"
0028,SENSOR,1,UNIFIED,"t=119 [HELLO_TX] bat=100% nbr=15"
0028,SENSOR,1,UNIFIED,"t=126 [HELLO_TX] bat=100% nbr=15"
0028,SENSOR,1,UNIFIED,"t=129 [HELLO_RX] NEW FF0A tier=3(GWN) verified=1 rssi=0.1"
0028,SENSOR,1,UNIFIED,"t=130 [HELLO_TX] bat=100% nbr=16"
0028,SENSOR,1,UNIFIED,"t=137 [HELLO_TX] bat=100% nbr=16"
0028,SENSOR,1,UNIFIED,"t=143 [HELLO_TX] bat=100% nbr=16"
0028,SENSOR,1,UNIFIED,"t=148 [HELLO_RX] NEW AA03 tier=2(CH) verified=0 rssi=0.2"
0028,SENSOR,1,UNIFIED,"t=149 [HELLO_TX] bat=100% nbr=17"
0028,SENSOR,1,UNIFIED,"t=157 [HELLO_TX] bat=100% nbr=17"
0028,SENSOR,1,UNIFIED,"t=162 [HELLO_TX] bat=100% nbr=17"
0028,SENSOR,1,UNIFIED,"t=166 [HELLO_TX] bat=100% nbr=17"
0028,SENSOR,1,UNIFIED,"t=172 [HELLO_TX] bat=100% nbr=17"
0028,SENSOR,1,UNIFIED,"t=178 [HELLO_TX] bat=100% nbr=17"
0028,SENSOR,1,UNIFIED,"t=185 [HELLO_TX] bat=100% nbr=17"
0028,SENSOR,1,UNIFIED,"t=191 [HELLO_TX] bat=100% nbr=17"
0028,SENSOR,1,UNIFIED,"t=198 [HELLO_TX] bat=100% nbr=17"
0028,SENSOR,1,UNIFIED,"t=203 [HELLO_TX] bat=100% nbr=17"
0028,SENSOR,1,UNIFIED,"t=207 [HELLO_TX] bat=100% nbr=17"
0028,SENSOR,1,UNIFIED,"t=217 [HELLO_TX] bat=100% nbr=17"
0028,SENSOR,1,UNIFIED,"t=217 [HELLO_RX] NEW 0056 tier=1(UNK) verified=0 rssi=0.2"
0028,SENSOR,1,UNIFIED,"t=225 [HELLO_TX] bat=100% nbr=18"
0028,SENSOR,1,UNIFIED,"t=232 [HELLO_TX] bat=100% nbr=18"
0028,SENSOR,1,UNIFIED,"t=234 [HELLO_RX] NEW 0061 tier=1(UNK) verified=0 rssi=0.2"
0028,SENSOR,1,UNIFIED,"t=239 [HELLO_TX] bat=100% nbr=19"
0028,SENSOR,1,UNIFIED,"t=245 [HELLO_TX] bat=100% nbr=19"
0029,SENSOR,1,UNIFIED,"t=4 [HELLO_RX] NEW 003E tier=1(UNK) verified=0 rssi=0.8"
0029,SENSOR,1,UNIFIED,"t=5 [HELLO_RX] NEW AA06 tier=2(CH) verified=0 rssi=1.0"
0029,SENSOR,1,UNIFIED,"t=6 [HELLO_TX] bat=100% nbr=2"
0029,SENSOR,1,UNIFIED,"t=6 [HELLO_RX] NEW 0023 tier=1(UNK) verified=0 rssi=0.8"
0029,SENSOR,1,UNIFIED,"t=9 [HELLO_RX] NEW 005D tier=1(UNK) verified=0 rssi=7.0"
0029,SENSOR,1,UNIFIED,"t=11 [HELLO_TX] bat=100% nbr=4"
0029,SENSOR,1,UNIFIED,"t=14 [HELLO_RX] NEW 001E tier=1(UNK) verified=0 rssi=0.6"
0029,SENSOR,1,UNIFIED,"t=15 [HELLO_TX] bat=100% nbr=5"
0029,SENSOR,1,UNIFIED,"t=18 [HELLO_RX] NEW AA07 tier=2(CH) verified=0 rssi=2.8"
0029,SENSOR,1,UNIFIED,"t=19 [HELLO_RX] NEW 0049 tier=1(UNK) verified=0 rssi=0.6"
0029,SENSOR,1,UNIFIED,"t=25 [HELLO_TX] bat=100% nbr=7"
0029,SENSOR,1,UNIFIED,"t=26 [HELLO_RX] NEW 0017 tier=1(UNK) verified=0 rssi=0.6"
0029,SENSOR,1,UNIFIED,"t=29 [HELLO_RX] NEW 0019 tier=1(UNK) verified=0 rssi=0.5"
0029,SENSOR,1,UNIFIED,"t=34 [HELLO_TX] bat=100% nbr=9"
0029,SENSOR,1,UNIFIED,"t=38 [HELLO_RX] NEW 003F tier=1(UNK) verified=0 rssi=0.7"
0029,SENSOR,1,UNIFIED,"t=41 [HELLO_TX] bat=100% nbr=10"
0029,SENSOR,1,UNIFIED,"t=42 [HELLO_RX] NEW 0027 tier=1(UNK) verified=0 rssi=0.3"
0029,SENSOR,1,UNIFIED,"t=45 [HELLO_TX] bat=100% nbr=11"
0029,SENSOR,1,UNIFIED,"t=50 [HELLO_TX] bat=100% nbr=11"
0029,SENSOR,1,UNIFIED,"t=54 [HELLO_TX] bat=100% nbr=11"
0029,SENSOR,1,UNIFIED,"t=56 [HELLO_RX] NEW FF0C tier=3(GWN) verified=0 rssi=0.1"
0029,SENSOR,1,UNIFIED,"t=62 [HELLO_TX] bat=100% nbr=12"
0029,SENSOR,1,UNIFIED,"t=67 [HELLO_TX] bat=100% nbr=12"
0029,SENSOR,1,UNIFIED,"t=71 [HELLO_TX] bat=100% nbr=12"
0029,SENSOR,1,UNIFIED,"t=79 [HELLO_RX] NEW 0020 tier=1(UNK) verified=0 rssi=0.2"
0029,SENSOR,1,UNIFIED,"t=80 [HELLO_TX] bat=100% nbr=13"
0029,SENSOR,1,UNIFIED,"t=80 [HELLO_RX] NEW AA09 tier=2(CH) verified=0 rssi=0.3"
0029,SENSOR,1,UNIFIED,"t=81 [HELLO_RX] NEW AA05 tier=2(CH) verified=0 rssi=0.2"
0029,SENSOR,1,UNIFIED,"t=85 [HELLO_RX] NEW 0035 tier=1(UNK) verified=0 rssi=0.2"
0029,SENSOR,1,UNIFIED,"t=87 [HELLO_TX] bat=100% nbr=16"
0029,SENSOR,1,UNIFIED,"t=90 [HELLO_RX] NEW 002B tier=1(UNK) verified=0 rssi=0.2"
0029,SENSOR,1,UNIFIED,"t=92 [HELLO_RX] NEW 001A tier=1(UNK) verified=0 rssi=0.2"
0029,SENSOR,1,UNIFIED,"t=94 [HELLO_TX] bat=100% nbr=18"
0029,SENSOR,1,UNIFIED,"t=102 [HELLO_TX] bat=100% nbr=18"
0029,SENSOR,1,UNIFIED,"t=106 [HELLO_TX] bat=100% nbr=18"
0029,SENSOR,1,UNIFIED,"t=110 [HELLO_TX] bat=100% nbr=18"
0029,SENSOR,1,UNIFIED,"t=120 [HELLO_TX] bat=100% nbr=18"
0029,SENSOR,1,UNIFIED,"t=126 [HELLO_RX] NEW 0008 tier=1(UNK) verified=0 rssi=0.2"
0029,SENSOR,1,UNIFIED,"t=129 [HELLO_TX] bat=100% nbr=19"
0029,SENSOR,1,UNIFIED,"t=129 [HELLO_RX] NEW 001F tier=1(UNK) verified=0 rssi=0.2"
0029,SENSOR,1,UNIFIED,"t=133 [HELLO_TX] bat=100% nbr=20"
0029,SENSOR,1,UNIFIED,"t=143 [HELLO_TX] bat=100% nbr=20"
0029,SENSOR,1,UNIFIED,"t=147 [HELLO_TX] bat=100% nbr=20"
0029,SENSOR,1,UNIFIED,"t=151 [HELLO_TX] bat=100% nbr=20"
0029,SENSOR,1,UNIFIED,"t=151 [HELLO_RX] NEW 0033 tier=1(UNK) verified=0 rssi=0.3"
0029,SENSOR,1,UNIFIED,"t=156 [HELLO_TX] bat=100% nbr=21"
0029,SENSOR,1,UNIFIED,"t=161 [HELLO_TX] bat=100% nbr=21"
0029,SENSOR,1,UNIFIED,"t=167 [HELLO_TX] bat=100% nbr=21"
0029,SENSOR,1,UNIFIED,"t=172 [HELLO_TX] bat=100% nbr=21"
0029,SENSOR,1,UNIFIED,"t=177 [HELLO_TX] bat=100% nbr=21"
0029,SENSOR,1,UNIFIED,"t=184 [HELLO_TX] bat=100% nbr=21"
0029,SENSOR,1,UNIFIED,"t=190 [HELLO_TX] bat=100% nbr=21"
0029,SENSOR,1,UNIFIED,"t=197 [HELLO_TX] bat=100% nbr=21"
0029,SENSOR,1,UNIFIED,"t=206 [HELLO_TX] bat=100% nbr=21"
0029,SENSOR,1,UNIFIED,"t=213 [HELLO_TX] bat=100% nbr=21"
0029,SENSOR,1,UNIFIED,"t=218 [HELLO_TX] bat=100% nbr=21"
0029,SENSOR,1,UNIFIED,"t=227 [HELLO_TX] bat=100% nbr=21"
0029,SENSOR,1,UNIFIED,"t=232 [HELLO_TX] bat=100% nbr=21"
0029,SENSOR,1,UNIFIED,"t=238 [HELLO_TX] bat=100% nbr=21"
0029,SENSOR,1,UNIFIED,"t=245 [HELLO_TX] bat=100% nbr=21"
0029,SENSOR,1,UNIFIED,"t=249 [HELLO_TX] bat=100% nbr=21"
002A,SENSOR,1,UNIFIED,"t=4 [HELLO_RX] NEW 000F tier=1(UNK) verified=0 rssi=1.5"
002A,SENSOR,1,UNIFIED,"t=5 [HELLO_RX] NEW 0006 tier=1(UNK) verified=0 rssi=3.9"
002A,SENSOR,1,UNIFIED,"t=7 [HELLO_RX] NEW FF0B tier=3(GWN) verified=0 rssi=1.4"
002A,SENSOR,1,UNIFIED,"t=8 [HELLO_TX] bat=100% nbr=3"
002A,SENSOR,1,UNIFIED,"t=10 [HELLO_RX] NEW 002F tier=1(UNK) verified=0 rssi=1.6"
002A,SENSOR,1,UNIFIED,"t=13 [HELLO_RX] NEW AA01 tier=2(CH) verified=0 rssi=2.4"
002A,SENSOR,1,UNIFIED,"t=16 [HELLO_RX] NEW FF03 tier=3(GWN) verified=0 rssi=0.3"
002A,SENSOR,1,UNIFIED,"t=18 [HELLO_TX] bat=100% nbr=6"
002A,SENSOR,1,UNIFIED,"t=18 [HELLO_RX] NEW 0051 tier=1(UNK) verified=0 rssi=0.7"
002A,SENSOR,1,UNIFIED,"t=19 [HELLO_RX] NEW 0014 tier=1(UNK) verified=0 rssi=0.4"
002A,SENSOR,1,UNIFIED,"t=21 [HELLO_RX] NEW FF0A tier=3(GWN) verified=0 rssi=1.2"
002A,SENSOR,1,UNIFIED,"t=28 [HELLO_TX] bat=100% nbr=9"
002A,SENSOR,1,UNIFIED,"t=29 [HELLO_RX] NEW 005F tier=1(UNK) verified=0 rssi=0.3"
002A,SENSOR,1,UNIFIED,"t=33 [HELLO_TX] bat=100% nbr=10"
002A,SENSOR,1,UNIFIED,"t=37 [HELLO_TX] bat=100% nbr=10"
002A,SENSOR,1,UNIFIED,"t=37 [HELLO_RX] NEW 0013 tier=1(UNK) verified=0 rssi=0.7"
002A,SENSOR,1,UNIFIED,"t=44 [HELLO_RX] NEW AA08 tier=2(CH) verified=0 rssi=0.7"
002A,SENSOR,1,UNIFIED,"t=45 [HELLO_TX] bat=100% nbr=12"
002A,SENSOR,1,UNIFIED,"t=52 [HELLO_TX] bat=100% nbr=12"
002A,SENSOR,1,UNIFIED,"t=56 [HELLO_TX] bat=100% nbr=12"
002A,SENSOR,1,UNIFIED,"t=65 [HELLO_TX] bat=100% nbr=12"
002A,SENSOR,1,UNIFIED,"t=71 [HELLO_TX] bat=100% nbr=12"
002A,SENSOR,1,UNIFIED,"t=78 [HELLO_TX] bat=100% nbr=12"
002A,SENSOR,1,UNIFIED,"t=87 [HELLO_TX] bat=100% nbr=12"
002A,SENSOR,1,UNIFIED,"t=96 [HELLO_TX] bat=100% nbr=12"
002A,SENSOR,1,UNIFIED,"t=101 [HELLO_RX] NEW 0012 tier=1(UNK) verified=0 rssi=0.3"
002A,SENSOR,1,UNIFIED,"t=106 [HELLO_TX] bat=100% nbr=13"
002A,SENSOR,1,UNIFIED,"t=111 [HELLO_TX] bat=100% nbr=13"
002A,SENSOR,1,UNIFIED,"t=116 [HELLO_TX] bat=100% nbr=13"
002A,SENSOR,1,UNIFIED,"t=125 [HELLO_TX] bat=100% nbr=13"
002A,SENSOR,1,UNIFIED,"t=130 [HELLO_TX] bat=100% nbr=13"
002A,SENSOR,1,UNIFIED,"t=134 [HELLO_TX] bat=100% nbr=13"
002A,SENSOR,1,UNIFIED,"t=143 [HELLO_TX] bat=100% nbr=13"
002A,SENSOR,1,UNIFIED,"t=146 [HELLO_RX] NEW FF01 tier=3(GWN) verified=1 rssi=0.1"
002A,SENSOR,1,UNIFIED,"t=153 [HELLO_TX] bat=100% nbr=14"
002A,SENSOR,1,UNIFIED,"t=161 [HELLO_TX] bat=100% nbr=14"
002A,SENSOR,1,UNIFIED,"t=161 [HELLO_RX] NEW 0018 tier=1(UNK) verified=0 rssi=0.4"
002A,SENSOR,1,UNIFIED,"t=166 [HELLO_TX] bat=100% nbr=15"
002A,SENSOR,1,UNIFIED,"t=176 [HELLO_TX] bat=100% nbr=15"
002A,SENSOR,1,UNIFIED,"t=181 [HELLO_TX] bat=100% nbr=15"
002A,SENSOR,1,UNIFIED,"t=191 [HELLO_TX] bat=100% nbr=15"
002A,SENSOR,1,UNIFIED,"t=199 [HELLO_TX] bat=100% nbr=15"
002A,SENSOR,1,UNIFIED,"t=204 [HELLO_TX] bat=100% nbr=15"
002A,SENSOR,1,UNIFIED,"t=210 [HELLO_TX] bat=100% nbr=15"
002A,SENSOR,1,UNIFIED,"t=220 [HELLO_TX] bat=100% nbr=15"
002A,SENSOR,1,UNIFIED,"t=227 [HELLO_TX] bat=100% nbr=15"
002A,SENSOR,1,UNIFIED,"t=232 [HELLO_TX] bat=100% nbr=15"
002A,SENSOR,1,UNIFIED,"t=242 [HELLO_TX] bat=100% nbr=15"
002B,SENSOR,1,UNIFIED,"t=4 [HELLO_TX] bat=100% nbr=0"
002B,SENSOR,1,UNIFIED,"t=4 [HELLO_RX] NEW 0049 tier=1(UNK) verified=0 rssi=1.3"
002B,SENSOR,1,UNIFIED,"t=6 [HELLO_RX] NEW 0023 tier=1(UNK) verified=0 rssi=0.2"
002B,SENSOR,1,UNIFIED,"t=8 [HELLO_RX] NEW 003F tier=1(UNK) verified=0 rssi=0.4"
002B,SENSOR,1,UNIFIED,"t=10 [HELLO_RX] NEW 001E tier=1(UNK) verified=0 rssi=3.0"
002B,SENSOR,1,UNIFIED,"t=11 [HELLO_RX] NEW 0029 tier=1(UNK) verified=0 rssi=0.2"
002B,SENSOR,1,UNIFIED,"t=14 [HELLO_TX] bat=100% nbr=5"
002B,SENSOR,1,UNIFIED,"t=16 [HELLO_RX] NEW 0019 tier=1(UNK) verified=0 rssi=0.4"
002B,SENSOR,1,UNIFIED,"t=18 [HELLO_RX] NEW 0033 tier=1(UNK) verified=0 rssi=1.9"
002B,SENSOR,1,UNIFIED,"t=23 [HELLO_TX] bat=100% nbr=7"
002B,SENSOR,1,UNIFIED,"t=27 [HELLO_TX] bat=100% nbr=7"
002B,SENSOR,1,UNIFIED,"t=27 [HELLO_RX] NEW 0027 tier=1(UNK) verified=0 rssi=0.6"
002B,SENSOR,1,UNIFIED,"t=33 [HELLO_TX] bat=100% nbr=8"
002B,SENSOR,1,UNIFIED,"t=36 [HELLO_RX] NEW AA06 tier=2(CH) verified=0 rssi=0.2"
002B,SENSOR,1,UNIFIED,"t=42 [HELLO_TX] bat=100% nbr=9"
002B,SENSOR,1,UNIFIED,"t=47 [HELLO_TX] bat=100% nbr=9"
002B,SENSOR,1,UNIFIED,"t=49 [HELLO_RX] NEW AA07 tier=2(CH) verified=0 rssi=0.2"
002B,SENSOR,1,UNIFIED,"t=57 [HELLO_TX] bat=100% nbr=10"
002B,SENSOR,1,UNIFIED,"t=62 [HELLO_RX] NEW 003B tier=1(UNK) verified=0 rssi=0.2"
002B,SENSOR,1,UNIFIED,"t=66 [HELLO_TX] bat=100% nbr=11"
002B,SENSOR,1,UNIFIED,"t=73 [HELLO_TX] bat=100% nbr=11"
002B,SENSOR,1,UNIFIED,"t=75 [HELLO_RX] NEW 0035 tier=1(UNK) verified=0 rssi=0.4"
002B,SENSOR,1,UNIFIED,"t=79 [HELLO_TX] bat=100% nbr=12"
002B,SENSOR,1,UNIFIED,"t=83 [HELLO_TX] bat=100% nbr=12"
002B,SENSOR,1,UNIFIED,"t=84 [HELLO_RX] NEW FF0D tier=3(GWN) verified=0 rssi=0.4"
002B,SENSOR,1,UNIFIED,"t=90 [HELLO_TX] bat=100% nbr=13"
002B,SENSOR,1,UNIFIED,"t=96 [HELLO_TX] bat=100% nbr=13"
002B,SENSOR,1,UNIFIED,"t=104 [HELLO_TX] bat=100% nbr=13"
002B,SENSOR,1,UNIFIED,"t=108 [HELLO_TX] bat=100% nbr=13"
002B,SENSOR,1,UNIFIED,"t=116 [HELLO_TX] bat=100% nbr=13"
002B,SENSOR,1,UNIFIED,"t=124 [HELLO_TX] bat=100% nbr=13"
002B,SENSOR,1,UNIFIED,"t=130 [HELLO_TX] bat=100% nbr=13"
002B,SENSOR,1,UNIFIED,"t=137 [HELLO_RX] NEW 005D tier=1(UNK) verified=0 rssi=0.2"
002B,SENSOR,1,UNIFIED,"t=140 [HELLO_TX] bat=100% nbr=14"
002B,SENSOR,1,UNIFIED,"t=144 [HELLO_TX] bat=100% nbr=14"
002B,SENSOR,1,UNIFIED,"t=152 [HELLO_RX] NEW 003E tier=1(UNK) verified=0 rssi=0.3"
002B,SENSOR,1,UNIFIED,"t=154 [HELLO_TX] bat=100% nbr=15"
002B,SENSOR,1,UNIFIED,"t=162 [HELLO_TX] bat=100% nbr=15"
002B,SENSOR,1,UNIFIED,"t=166 [HELLO_TX] bat=100% nbr=15"
002B,SENSOR,1,UNIFIED,"t=171 [HELLO_TX] bat=100% nbr=15"
002B,SENSOR,1,UNIFIED,"t=177 [HELLO_TX] bat=100% nbr=15"
002B,SENSOR,1,UNIFIED,"t=182 [HELLO_TX] bat=100% nbr=15"
002B,SENSOR,1,UNIFIED,"t=187 [HELLO_RX] NEW FF04 tier=3(GWN) verified=0 rssi=0.1"
002B,SENSOR,1,UNIFIED,"t=191 [HELLO_TX] bat=100% nbr=16"
002B,SENSOR,1,UNIFIED,"t=198 [HELLO_TX] bat=100% nbr=16"
002B,SENSOR,1,UNIFIED,"t=203 [HELLO_TX] bat=100% nbr=16"
002B,SENSOR,1,UNIFIED,"t=203 [HELLO_RX] NEW 004E tier=1(UNK) verified=0 rssi=0.2"
002B,SENSOR,1,UNIFIED,"t=213 [HELLO_TX] bat=100% nbr=17"
002B,SENSOR,1,UNIFIED,"t=219 [HELLO_TX] bat=100% nbr=17"
002B,SENSOR,1,UNIFIED,"t=229 [HELLO_TX] bat=100% nbr=17"
002B,SENSOR,1,UNIFIED,"t=237 [HELLO_TX] bat=100% nbr=17"
002B,SENSOR,1,UNIFIED,"t=243 [HELLO_TX] bat=100% nbr=17"
002B,SENSOR,1,UNIFIED,"t=249 [HELLO_TX] bat=100% nbr=17"
002C,SENSOR,1,UNIFIED,"t=4 [HELLO_RX] NEW 0030 tier=1(UNK) verified=0 rssi=9.2"
002C,SENSOR,1,UNIFIED,"t=5 [HELLO_RX] NEW 0032 tier=1(UNK) verified=0 rssi=0.5"
002C,SENSOR,1,UNIFIED,"t=6 [HELLO_RX] NEW FF06 tier=3(GWN) verified=0 rssi=1.2"
002C,SENSOR,1,UNIFIED,"t=8 [HELLO_RX] NEW FF07 tier=3(GWN) verified=0 rssi=0.3"
002C,SENSOR,1,UNIFIED,"t=10 [HELLO_TX] bat=100% nbr=4"
002C,SENSOR,1,UNIFIED,"t=10 [HELLO_RX] NEW 0009 tier=1(UNK) verified=0 rssi=2.4"
002C,SENSOR,1,UNIFIED,"t=12 [HELLO_RX] NEW 0056 tier=1(UNK) verified=0 rssi=0.2"
002C,SENSOR,1,UNIFIED,"t=13 [HELLO_RX] NEW 0003 tier=1(UNK) verified=0 rssi=2.6"
002C,SENSOR,1,UNIFIED,"t=15 [HELLO_RX] NEW 0046 tier=1(UNK) verified=0 rssi=0.2"
002C,SENSOR,1,UNIFIED,"t=16 [HELLO_RX] NEW 004C tier=1(UNK) verified=0 rssi=0.7"
002C,SENSOR,1,UNIFIED,"t=17 [HELLO_RX] NEW 0002 tier=1(UNK) verified=0 rssi=0.4"
002C,SENSOR,1,UNIFIED,"t=19 [HELLO_RX] NEW 0034 tier=1(UNK) verified=0 rssi=1.8"
002C,SENSOR,1,UNIFIED,"t=20 [HELLO_TX] bat=100% nbr=11"
002C,SENSOR,1,UNIFIED,"t=23 [HELLO_RX] NEW 0005 tier=1(UNK) verified=0 rssi=0.3"
002C,SENSOR,1,UNIFIED,"t=25 [HELLO_RX] NEW 0008 tier=1(UNK) verified=0 rssi=0.2"
002C,SENSOR,1,UNIFIED,"t=26 [HELLO_TX] bat=100% nbr=13"
002C,SENSOR,1,UNIFIED,"t=33 [HELLO_TX] bat=100% nbr=13"
002C,SENSOR,1,UNIFIED,"t=34 [HELLO_RX] NEW 0016 tier=1(UNK) verified=0 rssi=0.3"
002C,SENSOR,1,UNIFIED,"t=39 [HELLO_TX] bat=100% nbr=14"
002C,SENSOR,1,UNIFIED,"t=49 [HELLO_TX] bat=100% nbr=14"
002C,SENSOR,1,UNIFIED,"t=57 [HELLO_TX] bat=100% nbr=14"
002C,SENSOR,1,UNIFIED,"t=60 [HELLO_RX] NEW 005E tier=1(UNK) verified=0 rssi=0.4"
002C,SENSOR,1,UNIFIED,"t=62 [HELLO_TX] bat=100% nbr=15"
002C,SENSOR,1,UNIFIED,"t=67 [HELLO_RX] NEW 003D tier=1(UNK) verified=0 rssi=0.2"
002C,SENSOR,1,UNIFIED,"t=69 [HELLO_TX] bat=100% nbr=16"
002C,SENSOR,1,UNIFIED,"t=76 [HELLO_TX] bat=100% nbr=16"
002C,SENSOR,1,UNIFIED,"t=80 [HELLO_TX] bat=100% nbr=16"
002C,SENSOR,1,UNIFIED,"t=85 [HELLO_RX] NEW FF04 tier=3(GWN) verified=0 rssi=0.3"
002C,SENSOR,1,UNIFIED,"t=88 [HELLO_TX] bat=100% nbr=17"
002C,SENSOR,1,UNIFIED,"t=90 [HELLO_RX] NEW 0047 tier=1(UNK) verified=0 rssi=0.2"
002C,SENSOR,1,UNIFIED,"t=97 [HELLO_TX] bat=100% nbr=18"
002C,SENSOR,1,UNIFIED,"t=102 [HELLO_TX] bat=100% nbr=18"
002C,SENSOR,1,UNIFIED,"t=107 [HELLO_TX] bat=100% nbr=18"
002C,SENSOR,1,UNIFIED,"t=108 [HELLO_RX] NEW 000C tier=1(UNK) verified=0 rssi=0.2"
002C,SENSOR,1,UNIFIED,"t=112 [HELLO_TX] bat=100% nbr=19"
002C,SENSOR,1,UNIFIED,"t=120 [HELLO_TX] bat=100% nbr=19"
002C,SENSOR,1,UNIFIED,"t=128 [HELLO_TX] bat=100% nbr=19"
002C,SENSOR,1,UNIFIED,"t=137 [HELLO_TX] bat=100% nbr=19"
002C,SENSOR,1,UNIFIED,"t=147 [HELLO_TX] bat=100% nbr=19"
002C,SENSOR,1,UNIFIED,"t=155 [HELLO_TX] bat=100% nbr=19"
002C,SENSOR,1,UNIFIED,"t=163 [HELLO_TX] bat=100% nbr=19"
002C,SENSOR,1,UNIFIED,"t=171 [HELLO_TX] bat=100% nbr=19"
002C,SENSOR,1,UNIFIED,"t=178 [HELLO_TX] bat=100% nbr=19"
002C,SENSOR,1,UNIFIED,"t=182 [HELLO_TX] bat=100% nbr=19"
002C,SENSOR,1,UNIFIED,"t=187 [HELLO_TX] bat=100% nbr=19"
002C,SENSOR,1,UNIFIED,"t=191 [HELLO_TX] bat=100% nbr=19"
002C,SENSOR,1,UNIFIED,"t=196 [HELLO_TX] bat=100% nbr=19"
002C,SENSOR,1,UNIFIED,"t=204 [HELLO_TX] bat=100% nbr=19"
002C,SENSOR,1,UNIFIED,"t=208 [HELLO_TX] bat=100% nbr=19"
002C,SENSOR,1,UNIFIED,"t=218 [HELLO_TX] bat=100% nbr=19"
002C,SENSOR,1,UNIFIED,"t=228 [HELLO_TX] bat=100% nbr=19"
002C,SENSOR,1,UNIFIED,"t=232 [HELLO_TX] bat=100% nbr=19"
002C,SENSOR,1,UNIFIED,"t=242 [HELLO_TX] bat=100% nbr=19"
002D,SENSOR,1,UNIFIED,"t=4 [HELLO_RX] NEW FF0C tier=3(GWN) verified=0 rssi=0.9"
002D,SENSOR,1,UNIFIED,"t=6 [HELLO_TX] bat=100% nbr=1"
002D,SENSOR,1,UNIFIED,"t=6 [HELLO_RX] NEW 0045 tier=1(UNK) verified=0 rssi=0.7"
002D,SENSOR,1,UNIFIED,"t=7 [HELLO_RX] NEW 0026 tier=1(UNK) verified=0 rssi=2.3"
002D,SENSOR,1,UNIFIED,"t=9 [HELLO_RX] NEW FF0D tier=3(GWN) verified=0 rssi=3.3"
002D,SENSOR,1,UNIFIED,"t=11 [HELLO_RX] NEW 0035 tier=1(UNK) verified=0 rssi=0.3"
002D,SENSOR,1,UNIFIED,"t=12 [HELLO_RX] NEW AA05 tier=2(CH) verified=0 rssi=0.5"
002D,SENSOR,1,UNIFIED,"t=15 [HELLO_TX] bat=100% nbr=6"
002D,SENSOR,1,UNIFIED,"t=17 [HELLO_RX] NEW 001F tier=1(UNK) verified=0 rssi=0.4"
002D,SENSOR,1,UNIFIED,"t=21 [HELLO_TX] bat=100% nbr=7"
002D,SENSOR,1,UNIFIED,"t=22 [HELLO_RX] NEW 004F tier=1(UNK) verified=0 rssi=0.4"
002D,SENSOR,1,UNIFIED,"t=27 [HELLO_RX] NEW 0027 tier=1(UNK) verified=0 rssi=0.2"
002D,SENSOR,1,UNIFIED,"t=29 [HELLO_TX] bat=100% nbr=9"
002D,SENSOR,1,UNIFIED,"t=36 [HELLO_RX] NEW 0039 tier=1(UNK) verified=0 rssi=0.2"
002D,SENSOR,1,UNIFIED,"t=38 [HELLO_TX] bat=100% nbr=10"
002D,SENSOR,1,UNIFIED,"t=44 [HELLO_TX] bat=100% nbr=10"
002D,SENSOR,1,UNIFIED,"t=54 [HELLO_TX] bat=100% nbr=10"
002D,SENSOR,1,UNIFIED,"t=62 [HELLO_TX] bat=100% nbr=10"
002D,SENSOR,1,UNIFIED,"t=67 [HELLO_TX] bat=100% nbr=10"
002D,SENSOR,1,UNIFIED,"t=72 [HELLO_TX] bat=100% nbr=10"
002D,SENSOR,1,UNIFIED,"t=76 [HELLO_RX] NEW 0053 tier=1(UNK) verified=0 rssi=0.2"
002D,SENSOR,1,UNIFIED,"t=81 [HELLO_TX] bat=100% nbr=11"
002D,SENSOR,1,UNIFIED,"t=86 [HELLO_TX] bat=100% nbr=11"
002D,SENSOR,1,UNIFIED,"t=90 [HELLO_TX] bat=100% nbr=11"
002D,SENSOR,1,UNIFIED,"t=96 [HELLO_TX] bat=100% nbr=11"
002D,SENSOR,1,UNIFIED,"t=102 [HELLO_TX] bat=100% nbr=11"
002D,SENSOR,1,UNIFIED,"t=112 [HELLO_TX] bat=100% nbr=11"
002D,SENSOR,1,UNIFIED,"t=118 [HELLO_TX] bat=100% nbr=11"
002D,SENSOR,1,UNIFIED,"t=123 [HELLO_TX] bat=100% nbr=11"
002D,SENSOR,1,UNIFIED,"t=132 [HELLO_TX] bat=100% nbr=11"
002D,SENSOR,1,UNIFIED,"t=140 [HELLO_TX] bat=100% nbr=11"
002D,SENSOR,1,UNIFIED,"t=144 [HELLO_TX] bat=100% nbr=11"
002D,SENSOR,1,UNIFIED,"t=153 [HELLO_TX] bat=100% nbr=11"
002D,SENSOR,1,UNIFIED,"t=160 [HELLO_TX] bat=100% nbr=11"
002D,SENSOR,1,UNIFIED,"t=170 [HELLO_TX] bat=100% nbr=11"
002D,SENSOR,1,UNIFIED,"t=177 [HELLO_TX] bat=100% nbr=11"
002D,SENSOR,1,UNIFIED,"t=187 [HELLO_TX] bat=100% nbr=11"
002D,SENSOR,1,UNIFIED,"t=195 [HELLO_TX] bat=100% nbr=11"
002D,SENSOR,1,UNIFIED,"t=199 [HELLO_TX] bat=100% nbr=11"
002D,SENSOR,1,UNIFIED,"t=206 [HELLO_TX] bat=100% nbr=11"
002D,SENSOR,1,UNIFIED,"t=207 [HELLO_RX] NEW FF05 tier=3(GWN) verified=0 rssi=0.2"
002D,SENSOR,1,UNIFIED,"t=215 [HELLO_TX] bat=100% nbr=12"
002D,SENSOR,1,UNIFIED,"t=220 [HELLO_TX] bat=100% nbr=12"
002D,SENSOR,1,UNIFIED,"t=224 [HELLO_TX] bat=100% nbr=12"
002D,SENSOR,1,UNIFIED,"t=234 [HELLO_TX] bat=100% nbr=12"
002D,SENSOR,1,UNIFIED,"t=240 [HELLO_TX] bat=100% nbr=12"
002D,SENSOR,1,UNIFIED,"t=244 [HELLO_TX] bat=100% nbr=12"
002D,SENSOR,1,UNIFIED,"t=248 [HELLO_TX] bat=100% nbr=12"
002E,SENSOR,1,UNIFIED,"t=4 [HELLO_RX] NEW 001D tier=1(UNK) verified=0 rssi=0.3"
002E,SENSOR,1,UNIFIED,"t=6 [HELLO_RX] NEW FF03 tier=3(GWN) verified=0 rssi=2.3"
002E,SENSOR,1,UNIFIED,"t=7 [HELLO_TX] bat=100% nbr=2"
002E,SENSOR,1,UNIFIED,"t=7 [HELLO_RX] NEW 0044 tier=1(UNK) verified=0 rssi=0.3"
002E,SENSOR,1,UNIFIED,"t=8 [HELLO_RX] NEW FF09 tier=3(GWN) verified=0 rssi=0.1"
002E,SENSOR,1,UNIFIED,"t=9 [HELLO_RX] NEW AA02 tier=2(CH) verified=0 rssi=0.5"
002E,SENSOR,1,UNIFIED,"t=10 [HELLO_RX] NEW FF01 tier=3(GWN) verified=0 rssi=0.8"
002E,SENSOR,1,UNIFIED,"t=11 [HELLO_RX] NEW 0012 tier=1(UNK) verified=0 rssi=0.3"
002E,SENSOR,1,UNIFIED,"t=13 [HELLO_TX] bat=100% nbr=7"
002E,SENSOR,1,UNIFIED,"t=21 [HELLO_RX] NEW FF0A tier=3(GWN) verified=0 rssi=0.3"
002E,SENSOR,1,UNIFIED,"t=22 [HELLO_RX] NEW FF0B tier=3(GWN) verified=1 rssi=0.2"
002E,SENSOR,1,UNIFIED,"t=23 [HELLO_TX] bat=100% nbr=9"
002E,SENSOR,1,UNIFIED,"t=32 [HELLO_RX] NEW 001C tier=1(UNK) verified=0 rssi=0.4"
002E,SENSOR,1,UNIFIED,"t=33 [HELLO_TX] bat=100% nbr=10"
002E,SENSOR,1,UNIFIED,"t=35 [HELLO_RX] NEW AA08 tier=2(CH) verified=0 rssi=0.2"
002E,SENSOR,1,UNIFIED,"t=36 [HELLO_RX] NEW 0054 tier=1(UNK) verified=0 rssi=0.2"
002E,SENSOR,1,UNIFIED,"t=37 [HELLO_TX] bat=100% nbr=12"
002E,SENSOR,1,UNIFIED,"t=38 [HELLO_RX] NEW 005F tier=1(UNK) verified=0 rssi=0.2"
002E,SENSOR,1,UNIFIED,"t=40 [HELLO_RX] NEW 003C tier=1(UNK) verified=0 rssi=0.3"
002E,SENSOR,1,UNIFIED,"t=45 [HELLO_TX] bat=100% nbr=14"
002E,SENSOR,1,UNIFIED,"t=49 [HELLO_TX] bat=100% nbr=14"
002E,SENSOR,1,UNIFIED,"t=57 [HELLO_TX] bat=100% nbr=14"
002E,SENSOR,1,UNIFIED,"t=62 [HELLO_TX] bat=100% nbr=14"
002E,SENSOR,1,UNIFIED,"t=71 [HELLO_TX] bat=100% nbr=14"
002E,SENSOR,1,UNIFIED,"t=80 [HELLO_TX] bat=100% nbr=14"
002E,SENSOR,1,UNIFIED,"t=86 [HELLO_TX] bat=100% nbr=14"
002E,SENSOR,1,UNIFIED,"t=91 [HELLO_TX] bat=100% nbr=14"
002E,SENSOR,1,UNIFIED,"t=100 [HELLO_TX] bat=100% nbr=14"
002E,SENSOR,1,UNIFIED,"t=108 [HELLO_TX] bat=100% nbr=14"
002E,SENSOR,1,UNIFIED,"t=111 [HELLO_RX] NEW FF02 tier=3(GWN) verified=1 rssi=0.2"
002E,SENSOR,1,UNIFIED,"t=114 [HELLO_TX] bat=100% nbr=15"
002E,SENSOR,1,UNIFIED,"t=115 [HELLO_RX] NEW 0031 tier=1(UNK) verified=0 rssi=0.2"
002E,SENSOR,1,UNIFIED,"t=119 [HELLO_TX] bat=100% nbr=16"
002E,SENSOR,1,UNIFIED,"t=124 [HELLO_RX] NEW AA01 tier=2(CH) verified=0 rssi=0.2"
002E,SENSOR,1,UNIFIED,"t=128 [HELLO_TX] bat=100% nbr=17"
002E,SENSOR,1,UNIFIED,"t=138 [HELLO_TX] bat=100% nbr=17"
002E,SENSOR,1,UNIFIED,"t=144 [HELLO_TX] bat=100% nbr=17"
002E,SENSOR,1,UNIFIED,"t=153 [HELLO_TX] bat=100% nbr=17"
002E,SENSOR,1,UNIFIED,"t=160 [HELLO_TX] bat=100% nbr=17"
002E,SENSOR,1,UNIFIED,"t=169 [HELLO_TX] bat=100% nbr=17"
002E,SENSOR,1,UNIFIED,"t=178 [HELLO_TX] bat=100% nbr=17"
002E,SENSOR,1,UNIFIED,"t=183 [HELLO_TX] bat=100% nbr=17"
002E,SENSOR,1,UNIFIED,"t=191 [HELLO_TX] bat=100% nbr=17"
002E,SENSOR,1,UNIFIED,"t=199 [HELLO_TX] bat=100% nbr=17"
002E,SENSOR,1,UNIFIED,"t=203 [HELLO_TX] bat=100% nbr=17"
002E,SENSOR,1,UNIFIED,"t=209 [HELLO_TX] bat=100% nbr=17"
002E,SENSOR,1,UNIFIED,"t=217 [HELLO_TX] bat=100% nbr=17"
002E,SENSOR,1,UNIFIED,"t=222 [HELLO_TX] bat=100% nbr=17"
002E,SENSOR,1,UNIFIED,"t=230 [HELLO_TX] bat=100% nbr=17"
002E,SENSOR,1,UNIFIED,"t=238 [HELLO_TX] bat=100% nbr=17"
002E,SENSOR,1,UNIFIED,"t=243 [HELLO_TX] bat=100% nbr=17"
002F,SENSOR,1,UNIFIED,"t=5 [HELLO_RX] NEW 0051 tier=1(UNK) verified=0 rssi=12.9"
002F,SENSOR,1,UNIFIED,"t=7 [HELLO_RX] NEW 0013 tier=1(UNK) verified=0 rssi=7.2"
002F,SENSOR,1,UNIFIED,"t=8 [HELLO_RX] NEW 002A tier=1(UNK) verified=0 rssi=1.6"
002F,SENSOR,1,UNIFIED,"t=9 [HELLO_RX] NEW AA01 tier=2(CH) verified=0 rssi=0.6"
002F,SENSOR,1,UNIFIED,"t=10 [HELLO_TX] bat=100% nbr=4"
002F,SENSOR,1,UNIFIED,"t=10 [HELLO_RX] NEW 0014 tier=1(UNK) verified=0 rssi=1.5"
002F,SENSOR,1,UNIFIED,"t=17 [HELLO_TX] bat=100% nbr=5"
002F,SENSOR,1,UNIFIED,"t=17 [HELLO_RX] NEW 0018 tier=1(UNK) verified=0 rssi=0.6"
002F,SENSOR,1,UNIFIED,"t=20 [HELLO_RX] NEW 0006 tier=1(UNK) verified=0 rssi=1.0"
002F,SENSOR,1,UNIFIED,"t=21 [HELLO_RX] NEW FF0A tier=3(GWN) verified=0 rssi=0.5"
002F,SENSOR,1,UNIFIED,"t=24 [HELLO_RX] NEW 000F tier=1(UNK) verified=0 rssi=0.9"
002F,SENSOR,1,UNIFIED,"t=26 [HELLO_TX] bat=100% nbr=9"
002F,SENSOR,1,UNIFIED,"t=35 [HELLO_TX] bat=100% nbr=9"
002F,SENSOR,1,UNIFIED,"t=35 [HELLO_RX] NEW AA08 tier=2(CH) verified=0 rssi=0.7"
002F,SENSOR,1,UNIFIED,"t=41 [HELLO_TX] bat=100% nbr=10"
002F,SENSOR,1,UNIFIED,"t=47 [HELLO_TX] bat=100% nbr=10"
002F,SENSOR,1,UNIFIED,"t=54 [HELLO_TX] bat=100% nbr=10"
002F,SENSOR,1,UNIFIED,"t=60 [HELLO_TX] bat=100% nbr=10"
002F,SENSOR,1,UNIFIED,"t=61 [HELLO_RX] NEW FF03 tier=3(GWN) verified=1 rssi=0.2"
002F,SENSOR,1,UNIFIED,"t=69 [HELLO_TX] bat=100% nbr=11"
002F,SENSOR,1,UNIFIED,"t=76 [HELLO_TX] bat=100% nbr=11"
002F,SENSOR,1,UNIFIED,"t=83 [HELLO_TX] bat=100% nbr=11"
002F,SENSOR,1,UNIFIED,"t=90 [HELLO_TX] bat=100% nbr=11"
002F,SENSOR,1,UNIFIED,"t=97 [HELLO_RX] NEW 0050 tier=1(UNK) verified=0 rssi=0.2"
002F,SENSOR,1,UNIFIED,"t=100 [HELLO_TX] bat=100% nbr=12"
002F,SENSOR,1,UNIFIED,"t=108 [HELLO_TX] bat=100% nbr=12"
002F,SENSOR,1,UNIFIED,"t=114 [HELLO_TX] bat=100% nbr=12"
002F,SENSOR,1,UNIFIED,"t=124 [HELLO_TX] bat=100% nbr=12"
002F,SENSOR,1,UNIFIED,"t=126 [HELLO_RX] NEW 005F tier=1(UNK) verified=0 rssi=0.2"
002F,SENSOR,1,UNIFIED,"t=134 [HELLO_TX] bat=100% nbr=13"
002F,SENSOR,1,UNIFIED,"t=138 [HELLO_TX] bat=100% nbr=13"
002F,SENSOR,1,UNIFIED,"t=145 [HELLO_TX] bat=100% nbr=13"
002F,SENSOR,1,UNIFIED,"t=148 [HELLO_RX] NEW 0058 tier=1(UNK) verified=0 rssi=0.2"
002F,SENSOR,1,UNIFIED,"t=154 [HELLO_TX] bat=100% nbr=14"
002F,SENSOR,1,UNIFIED,"t=159 [HELLO_TX] bat=100% nbr=14"
002F,SENSOR,1,UNIFIED,"t=168 [HELLO_TX] bat=100% nbr=14"
002F,SENSOR,1,UNIFIED,"t=176 [HELLO_TX] bat=100% nbr=14"
002F,SENSOR,1,UNIFIED,"t=186 [HELLO_TX] bat=100% nbr=14"
002F,SENSOR,1,UNIFIED,"t=196 [HELLO_TX] bat=100% nbr=14"
002F,SENSOR,1,UNIFIED,"t=206 [HELLO_TX] bat=100% nbr=14"
002F,SENSOR,1,UNIFIED,"t=214 [HELLO_TX] bat=100% nbr=14"
002F,SENSOR,1,UNIFIED,"t=221 [HELLO_TX] bat=100% nbr=14"
002F,SENSOR,1,UNIFIED,"t=231 [HELLO_TX] bat=100% nbr=14"
002F,SENSOR,1,UNIFIED,"t=235 [HELLO_TX] bat=100% nbr=14"
002F,SENSOR,1,UNIFIED,"t=240 [HELLO_TX] bat=100% nbr=14"
002F,SENSOR,1,UNIFIED,"t=249 [HELLO_TX] bat=100% nbr=14"
0030,SENSOR,1,UNIFIED,"t=4 [HELLO_TX] bat=100% nbr=0"
0030,SENSOR,1,UNIFIED,"t=4 [HELLO_RX] NEW 0003 tier=1(UNK) verified=0 rssi=9.6"
0030,SENSOR,1,UNIFIED,"t=5 [HELLO_RX] NEW 0032 tier=1(UNK) verified=0 rssi=0.3"
0030,SENSOR,1,UNIFIED,"t=8 [HELLO_RX] NEW FF07 tier=3(GWN) verified=0 rssi=0.3"
0030,SENSOR,1,UNIFIED,"t=9 [HELLO_TX] bat=100% nbr=3"
0030,SENSOR,1,UNIFIED,"t=9 [HELLO_RX] NEW 0002 tier=1(UNK) verified=0 rssi=0.8"
0030,SENSOR,1,UNIFIED,"t=10 [HELLO_RX] NEW 002C tier=1(UNK) verified=0 rssi=9.2"
0030,SENSOR,1,UNIFIED,"t=12 [HELLO_RX] NEW 0056 tier=1(UNK) verified=0 rssi=0.2"
0030,SENSOR,1,UNIFIED,"t=14 [HELLO_TX] bat=100% nbr=6"
0030,SENSOR,1,UNIFIED,"t=14 [HELLO_RX] NEW FF04 tier=3(GWN) verified=0 rssi=0.2"
0030,SENSOR,1,UNIFIED,"t=16 [HELLO_RX] NEW 004C tier=1(UNK) verified=0 rssi=1.2"
0030,SENSOR,1,UNIFIED,"t=18 [HELLO_RX] NEW 0009 tier=1(UNK) verified=0 rssi=2.1"
0030,SENSOR,1,UNIFIED,"t=19 [HELLO_RX] NEW FF06 tier=3(GWN) verified=0 rssi=0.7"
0030,SENSOR,1,UNIFIED,"t=21 [HELLO_TX] bat=100% nbr=10"
0030,SENSOR,1,UNIFIED,"t=27 [HELLO_RX] NEW 003D tier=1(UNK) verified=0 rssi=0.3"
0030,SENSOR,1,UNIFIED,"t=31 [HELLO_TX] bat=100% nbr=11"
0030,SENSOR,1,UNIFIED,"t=35 [HELLO_RX] NEW 0034 tier=1(UNK) verified=0 rssi=0.7"
0030,SENSOR,1,UNIFIED,"t=38 [HELLO_RX] NEW 0005 tier=1(UNK) verified=0 rssi=0.2"
0030,SENSOR,1,UNIFIED,"t=40 [HELLO_TX] bat=100% nbr=13"
0030,SENSOR,1,UNIFIED,"t=42 [HELLO_RX] NEW 0008 tier=1(UNK) verified=0 rssi=0.3"
0030,SENSOR,1,UNIFIED,"t=44 [HELLO_TX] bat=100% nbr=14"
0030,SENSOR,1,UNIFIED,"t=53 [HELLO_TX] bat=100% nbr=14"
0030,SENSOR,1,UNIFIED,"t=59 [HELLO_TX] bat=100% nbr=14"
0030,SENSOR,1,UNIFIED,"t=66 [HELLO_RX] NEW AA06 tier=2(CH) verified=0 rssi=0.2"
0030,SENSOR,1,UNIFIED,"t=67 [HELLO_RX] NEW 000C tier=1(UNK) verified=0 rssi=0.2"
0030,SENSOR,1,UNIFIED,"t=68 [HELLO_TX] bat=100% nbr=16"
0030,SENSOR,1,UNIFIED,"t=72 [HELLO_TX] bat=100% nbr=16"
0030,SENSOR,1,UNIFIED,"t=77 [HELLO_RX] NEW 0046 tier=1(UNK) verified=0 rssi=0.2"
0030,SENSOR,1,UNIFIED,"t=80 [HELLO_TX] bat=100% nbr=17"
0030,SENSOR,1,UNIFIED,"t=84 [HELLO_TX] bat=100% nbr=17"
0030,SENSOR,1,UNIFIED,"t=89 [HELLO_TX] bat=100% nbr=17"
0030,SENSOR,1,UNIFIED,"t=99 [HELLO_TX] bat=100% nbr=17"
0030,SENSOR,1,UNIFIED,"t=103 [HELLO_TX] bat=100% nbr=17"
0030,SENSOR,1,UNIFIED,"t=109 [HELLO_RX] NEW 005E tier=1(UNK) verified=0 rssi=0.2"
0030,SENSOR,1,UNIFIED,"t=111 [HELLO_TX] bat=100% nbr=18"
0030,SENSOR,1,UNIFIED,"t=120 [HELLO_TX] bat=100% nbr=18"
0030,SENSOR,1,UNIFIED,"t=128 [HELLO_TX] bat=100% nbr=18"
0030,SENSOR,1,UNIFIED,"t=134 [HELLO_TX] bat=100% nbr=18"
0030,SENSOR,1,UNIFIED,"t=141 [HELLO_TX] bat=100% nbr=18"
0030,SENSOR,1,UNIFIED,"t=143 [HELLO_RX] NEW FF02 tier=3(GWN) verified=1 rssi=0.1"
0030,SENSOR,1,UNIFIED,"t=145 [HELLO_TX] bat=100% nbr=19"
0030,SENSOR,1,UNIFIED,"t=154 [HELLO_TX] bat=100% nbr=19"
0030,SENSOR,1,UNIFIED,"t=160 [HELLO_TX] bat=100% nbr=19"
0030,SENSOR,1,UNIFIED,"t=167 [HELLO_TX] bat=100% nbr=19"
0030,SENSOR,1,UNIFIED,"t=171 [HELLO_TX] bat=100% nbr=19"
0030,SENSOR,1,UNIFIED,"t=175 [HELLO_TX] bat=100% nbr=19"
0030,SENSOR,1,UNIFIED,"t=185 [HELLO_TX] bat=100% nbr=19"
0030,SENSOR,1,UNIFIED,"t=194 [HELLO_TX] bat=100% nbr=19"
0030,SENSOR,1,UNIFIED,"t=198 [HELLO_TX] bat=100% nbr=19"
0030,SENSOR,1,UNIFIED,"t=202 [HELLO_RX] NEW 0016 tier=1(UNK) verified=0 rssi=0.2"
0030,SENSOR,1,UNIFIED,"t=207 [HELLO_TX] bat=100% nbr=20"
0030,SENSOR,1,UNIFIED,"t=216 [HELLO_TX] bat=100% nbr=20"
0030,SENSOR,1,UNIFIED,"t=225 [HELLO_TX] bat=100% nbr=20"
0030,SENSOR,1,UNIFIED,"t=233 [HELLO_TX] bat=100% nbr=20"
0030,SENSOR,1,UNIFIED,"t=239 [HELLO_TX] bat=100% nbr=20"
0030,SENSOR,1,UNIFIED,"t=244 [HELLO_TX] bat=100% nbr=20"
0030,SENSOR,1,UNIFIED,"t=248 [HELLO_TX] bat=100% nbr=20"
0031,SENSOR,1,UNIFIED,"t=4 [HELLO_RX] NEW 003C tier=1(UNK) verified=0 rssi=2.5"
0031,SENSOR,1,UNIFIED,"t=5 [HELLO_RX] NEW 0054 tier=1(UNK) verified=0 rssi=0.6"
0031,SENSOR,1,UNIFIED,"t=6 [HELLO_RX] NEW AA03 tier=2(CH) verified=0 rssi=1.9"
0031,SENSOR,1,UNIFIED,"t=7 [HELLO_RX] NEW 0044 tier=1(UNK) verified=0 rssi=2.1"
0031,SENSOR,1,UNIFIED,"t=8 [HELLO_RX] NEW FF09 tier=3(GWN) verified=0 rssi=1.0"
0031,SENSOR,1,UNIFIED,"t=9 [HELLO_TX] bat=100% nbr=5"
0031,SENSOR,1,UNIFIED,"t=9 [HELLO_RX] NEW AA02 tier=2(CH) verified=0 rssi=1.5"
0031,SENSOR,1,UNIFIED,"t=10 [HELLO_RX] NEW FF01 tier=3(GWN) verified=0 rssi=7.4"
0031,SENSOR,1,UNIFIED,"t=11 [HELLO_RX] NEW 001D tier=1(UNK) verified=0 rssi=0.9"
0031,SENSOR,1,UNIFIED,"t=14 [HELLO_TX] bat=100% nbr=8"
0031,SENSOR,1,UNIFIED,"t=19 [HELLO_TX] bat=100% nbr=8"
0031,SENSOR,1,UNIFIED,"t=20 [HELLO_RX] NEW FF02 tier=3(GWN) verified=0 rssi=1.3"
0031,SENSOR,1,UNIFIED,"t=22 [HELLO_RX] NEW 0060 tier=1(UNK) verified=0 rssi=1.0"
0031,SENSOR,1,UNIFIED,"t=29 [HELLO_TX] bat=100% nbr=10"
0031,SENSOR,1,UNIFIED,"t=37 [HELLO_TX] bat=100% nbr=10"
0031,SENSOR,1,UNIFIED,"t=44 [HELLO_RX] NEW FF03 tier=3(GWN) verified=1 rssi=0.2"
0031,SENSOR,1,UNIFIED,"t=45 [HELLO_TX] bat=100% nbr=11"
0031,SENSOR,1,UNIFIED,"t=51 [HELLO_TX] bat=100% nbr=11"
0031,SENSOR,1,UNIFIED,"t=54 [HELLO_RX] NEW 001C tier=1(UNK) verified=0 rssi=0.5"
0031,SENSOR,1,UNIFIED,"t=61 [HELLO_TX] bat=100% nbr=12"
0031,SENSOR,1,UNIFIED,"t=70 [HELLO_TX] bat=100% nbr=12"
0031,SENSOR,1,UNIFIED,"t=77 [HELLO_TX] bat=100% nbr=12"
0031,SENSOR,1,UNIFIED,"t=78 [HELLO_RX] NEW 0063 tier=1(UNK) verified=0 rssi=0.6"
0031,SENSOR,1,UNIFIED,"t=84 [HELLO_TX] bat=100% nbr=13"
0031,SENSOR,1,UNIFIED,"t=93 [HELLO_TX] bat=100% nbr=13"
0031,SENSOR,1,UNIFIED,"t=100 [HELLO_TX] bat=100% nbr=13"
0031,SENSOR,1,UNIFIED,"t=110 [HELLO_TX] bat=100% nbr=13"
0031,SENSOR,1,UNIFIED,"t=115 [HELLO_TX] bat=100% nbr=13"
0031,SENSOR,1,UNIFIED,"t=121 [HELLO_TX] bat=100% nbr=13"
0031,SENSOR,1,UNIFIED,"t=125 [HELLO_TX] bat=100% nbr=13"
0031,SENSOR,1,UNIFIED,"t=130 [HELLO_TX] bat=100% nbr=13"
0031,SENSOR,1,UNIFIED,"t=134 [HELLO_TX] bat=100% nbr=13"
0031,SENSOR,1,UNIFIED,"t=140 [HELLO_TX] bat=100% nbr=13"
0031,SENSOR,1,UNIFIED,"t=142 [HELLO_RX] NEW 0025 tier=1(UNK) verified=0 rssi=0.3"
0031,SENSOR,1,UNIFIED,"t=145 [HELLO_TX] bat=100% nbr=14"
0031,SENSOR,1,UNIFIED,"t=151 [HELLO_TX] bat=100% nbr=14"
0031,SENSOR,1,UNIFIED,"t=160 [HELLO_TX] bat=100% nbr=14"
0031,SENSOR,1,UNIFIED,"t=166 [HELLO_TX] bat=100% nbr=14"
0031,SENSOR,1,UNIFIED,"t=172 [HELLO_TX] bat=100% nbr=14"
0031,SENSOR,1,UNIFIED,"t=178 [HELLO_TX] bat=100% nbr=14"
0031,SENSOR,1,UNIFIED,"t=188 [HELLO_TX] bat=100% nbr=14"
0031,SENSOR,1,UNIFIED,"t=192 [HELLO_TX] bat=100% nbr=14"
0031,SENSOR,1,UNIFIED,"t=198 [HELLO_TX] bat=100% nbr=14"
0031,SENSOR,1,UNIFIED,"t=207 [HELLO_TX] bat=100% nbr=14"
0031,SENSOR,1,UNIFIED,"t=215 [HELLO_TX] bat=100% nbr=14"
0031,SENSOR,1,UNIFIED,"t=219 [HELLO_TX] bat=100% nbr=14"
0031,SENSOR,1,UNIFIED,"t=227 [HELLO_TX] bat=100% nbr=14"
0031,SENSOR,1,UNIFIED,"t=237 [HELLO_TX] bat=100% nbr=14"
0031,SENSOR,1,UNIFIED,"t=242 [HELLO_TX] bat=100% nbr=14"
0031,SENSOR,1,UNIFIED,"t=248 [HELLO_TX] bat=100% nbr=14"
0032,SENSOR,1,UNIFIED,"t=4 [HELLO_RX] NEW 0034 tier=1(UNK) verified=0 rssi=3.6"
0032,SENSOR,1,UNIFIED,"t=5 [HELLO_TX] bat=100% nbr=1"
0032,SENSOR,1,UNIFIED,"t=5 [HELLO_RX] NEW 0016 tier=1(UNK) verified=0 rssi=1.2"
0032,SENSOR,1,UNIFIED,"t=6 [HELLO_RX] NEW FF06 tier=3(GWN) verified=0 rssi=43.1"
0032,SENSOR,1,UNIFIED,"t=8 [HELLO_RX] NEW 005E tier=1(UNK) verified=0 rssi=11.1"
0032,SENSOR,1,UNIFIED,"t=9 [HELLO_TX] bat=100% nbr=4"
0032,SENSOR,1,UNIFIED,"t=9 [HELLO_RX] NEW 0030 tier=1(UNK) verified=0 rssi=0.3"
0032,SENSOR,1,UNIFIED,"t=10 [HELLO_RX] NEW FF04 tier=3(GWN) verified=0 rssi=0.5"
0032,SENSOR,1,UNIFIED,"t=16 [HELLO_TX] bat=100% nbr=6"
0032,SENSOR,1,UNIFIED,"t=20 [HELLO_TX] bat=100% nbr=6"
0032,SENSOR,1,UNIFIED,"t=29 [HELLO_TX] bat=100% nbr=6"
0032,SENSOR,1,UNIFIED,"t=31 [HELLO_RX] NEW FF07 tier=3(GWN) verified=0 rssi=0.5"
0032,SENSOR,1,UNIFIED,"t=36 [HELLO_TX] bat=100% nbr=7"
0032,SENSOR,1,UNIFIED,"t=46 [HELLO_TX] bat=100% nbr=7"
0032,SENSOR,1,UNIFIED,"t=49 [HELLO_RX] NEW 002C tier=1(UNK) verified=0 rssi=0.5"
0032,SENSOR,1,UNIFIED,"t=53 [HELLO_RX] NEW 0009 tier=1(UNK) verified=0 rssi=0.3"
0032,SENSOR,1,UNIFIED,"t=54 [HELLO_TX] bat=100% nbr=9"
0032,SENSOR,1,UNIFIED,"t=58 [HELLO_TX] bat=100% nbr=9"
0032,SENSOR,1,UNIFIED,"t=65 [HELLO_TX] bat=100% nbr=9"
0032,SENSOR,1,UNIFIED,"t=69 [HELLO_TX] bat=100% nbr=9"
0032,SENSOR,1,UNIFIED,"t=76 [HELLO_RX] NEW 0047 tier=1(UNK) verified=0 rssi=0.3"
0032,SENSOR,1,UNIFIED,"t=77 [HELLO_TX] bat=100% nbr=10"
0032,SENSOR,1,UNIFIED,"t=78 [HELLO_RX] NEW 0003 tier=1(UNK) verified=0 rssi=0.2"
0032,SENSOR,1,UNIFIED,"t=82 [HELLO_TX] bat=100% nbr=11"
0032,SENSOR,1,UNIFIED,"t=90 [HELLO_TX] bat=100% nbr=11"
0032,SENSOR,1,UNIFIED,"t=94 [HELLO_RX] NEW 0005 tier=1(UNK) verified=0 rssi=0.2"
0032,SENSOR,1,UNIFIED,"t=100 [HELLO_TX] bat=100% nbr=12"
0032,SENSOR,1,UNIFIED,"t=110 [HELLO_TX] bat=100% nbr=12"
0032,SENSOR,1,UNIFIED,"t=119 [HELLO_TX] bat=100% nbr=12"
0032,SENSOR,1,UNIFIED,"t=124 [HELLO_TX] bat=100% nbr=12"
0032,SENSOR,1,UNIFIED,"t=130 [HELLO_TX] bat=100% nbr=12"
0032,SENSOR,1,UNIFIED,"t=137 [HELLO_TX] bat=100% nbr=12"
0032,SENSOR,1,UNIFIED,"t=141 [HELLO_TX] bat=100% nbr=12"
0032,SENSOR,1,UNIFIED,"t=145 [HELLO_TX] bat=100% nbr=12"
0032,SENSOR,1,UNIFIED,"t=155 [HELLO_TX] bat=100% nbr=12"
0032,SENSOR,1,UNIFIED,"t=165 [HELLO_TX] bat=100% nbr=12"
0032,SENSOR,1,UNIFIED,"t=175 [HELLO_TX] bat=100% nbr=12"
0032,SENSOR,1,UNIFIED,"t=180 [HELLO_TX] bat=100% nbr=12"
0032,SENSOR,1,UNIFIED,"t=188 [HELLO_TX] bat=100% nbr=12"
0032,SENSOR,1,UNIFIED,"t=194 [HELLO_TX] bat=100% nbr=12"
0032,SENSOR,1,UNIFIED,"t=204 [HELLO_TX] bat=100% nbr=12"
0032,SENSOR,1,UNIFIED,"t=210 [HELLO_TX] bat=100% nbr=12"
0032,SENSOR,1,UNIFIED,"t=217 [HELLO_TX] bat=100% nbr=12"
0032,SENSOR,1,UNIFIED,"t=223 [HELLO_TX] bat=100% nbr=12"
0032,SENSOR,1,UNIFIED,"t=231 [HELLO_TX] bat=100% nbr=12"
0032,SENSOR,1,UNIFIED,"t=240 [HELLO_TX] bat=100% nbr=12"
0032,SENSOR,1,UNIFIED,"t=247 [HELLO_TX] bat=100% nbr=12"
0033,SENSOR,1,UNIFIED,"t=4 [HELLO_RX] NEW 002B tier=1(UNK) verified=0 rssi=1.9"
0033,SENSOR,1,UNIFIED,"t=9 [HELLO_RX] NEW 0027 tier=1(UNK) verified=0 rssi=4.8"
0033,SENSOR,1,UNIFIED,"t=10 [HELLO_TX] bat=100% nbr=2"
0033,SENSOR,1,UNIFIED,"t=10 [HELLO_RX] NEW 001E tier=1(UNK) verified=0 rssi=1.1"
0033,SENSOR,1,UNIFIED,"t=11 [HELLO_RX] NEW 0035 tier=1(UNK) verified=0 rssi=2.2"
0033,SENSOR,1,UNIFIED,"t=12 [HELLO_RX] NEW AA05 tier=2(CH) verified=0 rssi=0.2"
0033,SENSOR,1,UNIFIED,"t=15 [HELLO_RX] NEW 003E tier=1(UNK) verified=0 rssi=1.1"
0033,SENSOR,1,UNIFIED,"t=16 [HELLO_RX] NEW 003F tier=1(UNK) verified=0 rssi=0.2"
0033,SENSOR,1,UNIFIED,"t=18 [HELLO_TX] bat=100% nbr=7"
0033,SENSOR,1,UNIFIED,"t=20 [HELLO_RX] NEW 0019 tier=1(UNK) verified=0 rssi=0.2"
0033,SENSOR,1,UNIFIED,"t=24 [HELLO_TX] bat=100% nbr=8"
0033,SENSOR,1,UNIFIED,"t=24 [HELLO_RX] NEW 0049 tier=1(UNK) verified=0 rssi=0.5"
0033,SENSOR,1,UNIFIED,"t=26 [HELLO_RX] NEW FF0D tier=3(GWN) verified=0 rssi=0.7"
0033,SENSOR,1,UNIFIED,"t=31 [HELLO_RX] NEW FF0C tier=3(GWN) verified=0 rssi=0.2"
0033,SENSOR,1,UNIFIED,"t=32 [HELLO_TX] bat=100% nbr=11"
0033,SENSOR,1,UNIFIED,"t=36 [HELLO_RX] NEW AA06 tier=2(CH) verified=0 rssi=0.2"
0033,SENSOR,1,UNIFIED,"t=40 [HELLO_TX] bat=100% nbr=12"
0033,SENSOR,1,UNIFIED,"t=41 [HELLO_RX] NEW 0029 tier=1(UNK) verified=0 rssi=0.3"
0033,SENSOR,1,UNIFIED,"t=44 [HELLO_TX] bat=100% nbr=13"
0033,SENSOR,1,UNIFIED,"t=53 [HELLO_TX] bat=100% nbr=13"
0033,SENSOR,1,UNIFIED,"t=55 [HELLO_RX] NEW 004F tier=1(UNK) verified=0 rssi=0.2"
0033,SENSOR,1,UNIFIED,"t=59 [HELLO_TX] bat=100% nbr=14"
0033,SENSOR,1,UNIFIED,"t=65 [HELLO_TX] bat=100% nbr=14"
0033,SENSOR,1,UNIFIED,"t=73 [HELLO_TX] bat=100% nbr=14"
0033,SENSOR,1,UNIFIED,"t=78 [HELLO_RX] NEW AA07 tier=2(CH) verified=0 rssi=0.2"
0033,SENSOR,1,UNIFIED,"t=79 [HELLO_TX] bat=100% nbr=15"
0033,SENSOR,1,UNIFIED,"t=87 [HELLO_TX] bat=100% nbr=15"
0033,SENSOR,1,UNIFIED,"t=88 [HELLO_RX] NEW AA09 tier=2(CH) verified=0 rssi=0.2"
0033,SENSOR,1,UNIFIED,"t=91 [HELLO_TX] bat=100% nbr=16"
0033,SENSOR,1,UNIFIED,"t=95 [HELLO_RX] NEW 001F tier=1(UNK) verified=0 rssi=0.3"
0033,SENSOR,1,UNIFIED,"t=98 [HELLO_TX] bat=100% nbr=17"
0033,SENSOR,1,UNIFIED,"t=106 [HELLO_TX] bat=100% nbr=17"
0033,SENSOR,1,UNIFIED,"t=111 [HELLO_TX] bat=100% nbr=17"
0033,SENSOR,1,UNIFIED,"t=119 [HELLO_TX] bat=100% nbr=17"
0033,SENSOR,1,UNIFIED,"t=129 [HELLO_TX] bat=100% nbr=17"
0033,SENSOR,1,UNIFIED,"t=136 [HELLO_TX] bat=100% nbr=17"
0033,SENSOR,1,UNIFIED,"t=144 [HELLO_TX] bat=100% nbr=17"
0033,SENSOR,1,UNIFIED,"t=151 [HELLO_TX] bat=100% nbr=17"
0033,SENSOR,1,UNIFIED,"t=156 [HELLO_TX] bat=100% nbr=17"
0033,SENSOR,1,UNIFIED,"t=163 [HELLO_TX] bat=100% nbr=17"
0033,SENSOR,1,UNIFIED,"t=170 [HELLO_RX] NEW 0017 tier=1(UNK) verified=0 rssi=0.3"
0033,SENSOR,1,UNIFIED,"t=173 [HELLO_TX] bat=100% nbr=18"
0033,SENSOR,1,UNIFIED,"t=183 [HELLO_TX] bat=100% nbr=18"
0033,SENSOR,1,UNIFIED,"t=188 [HELLO_TX] bat=100% nbr=18"
0033,SENSOR,1,UNIFIED,"t=193 [HELLO_TX] bat=100% nbr=18"
0033,SENSOR,1,UNIFIED,"t=197 [HELLO_TX] bat=100% nbr=18"
0033,SENSOR,1,UNIFIED,"t=201 [HELLO_TX] bat=100% nbr=18"
0033,SENSOR,1,UNIFIED,"t=207 [HELLO_TX] bat=100% nbr=18"
0033,SENSOR,1,UNIFIED,"t=207 [HELLO_RX] NEW 005D tier=1(UNK) verified=0 rssi=0.2"
0033,SENSOR,1,UNIFIED,"t=214 [HELLO_TX] bat=100% nbr=19"
0033,SENSOR,1,UNIFIED,"t=224 [HELLO_TX] bat=100% nbr=19"
0033,SENSOR,1,UNIFIED,"t=228 [HELLO_TX] bat=100% nbr=19"
0033,SENSOR,1,UNIFIED,"t=238 [HELLO_TX] bat=100% nbr=19"
0033,SENSOR,1,UNIFIED,"t=248 [HELLO_TX] bat=100% nbr=19"
0034,SENSOR,1,UNIFIED,"t=4 [HELLO_TX] bat=100% nbr=0"
0034,SENSOR,1,UNIFIED,"t=4 [HELLO_RX] NEW 0030 tier=1(UNK) verified=0 rssi=0.7"
0034,SENSOR,1,UNIFIED,"t=5 [HELLO_RX] NEW 0032 tier=1(UNK) verified=0 rssi=3.6"
0034,SENSOR,1,UNIFIED,"t=6 [HELLO_RX] NEW FF06 tier=3(GWN) verified=0 rssi=5.1"
0034,SENSOR,1,UNIFIED,"t=8 [HELLO_RX] NEW 005E tier=1(UNK) verified=0 rssi=1.7"
0034,SENSOR,1,UNIFIED,"t=10 [HELLO_RX] NEW 0009 tier=1(UNK) verified=0 rssi=0.6"
0034,SENSOR,1,UNIFIED,"t=14 [HELLO_TX] bat=100% nbr=5"
0034,SENSOR,1,UNIFIED,"t=17 [HELLO_RX] NEW 0003 tier=1(UNK) verified=0 rssi=0.4"
0034,SENSOR,1,UNIFIED,"t=19 [HELLO_TX] bat=100% nbr=6"
0034,SENSOR,1,UNIFIED,"t=23 [HELLO_RX] NEW 0005 tier=1(UNK) verified=0 rssi=0.3"
0034,SENSOR,1,UNIFIED,"t=28 [HELLO_TX] bat=100% nbr=7"
0034,SENSOR,1,UNIFIED,"t=28 [HELLO_RX] NEW 0016 tier=1(UNK) verified=0 rssi=0.8"
0034,SENSOR,1,UNIFIED,"t=33 [HELLO_RX] NEW 002C tier=1(UNK) verified=0 rssi=1.8"
0034,SENSOR,1,UNIFIED,"t=35 [HELLO_TX] bat=100% nbr=9"
0034,SENSOR,1,UNIFIED,"t=35 [HELLO_RX] NEW FF04 tier=3(GWN) verified=0 rssi=0.5"
0034,SENSOR,1,UNIFIED,"t=39 [HELLO_TX] bat=100% nbr=10"
0034,SENSOR,1,UNIFIED,"t=45 [HELLO_TX] bat=100% nbr=10"
0034,SENSOR,1,UNIFIED,"t=50 [HELLO_TX] bat=100% nbr=10"
0034,SENSOR,1,UNIFIED,"t=51 [HELLO_RX] NEW FF07 tier=3(GWN) verified=0 rssi=0.5"
0034,SENSOR,1,UNIFIED,"t=59 [HELLO_TX] bat=100% nbr=11"
0034,SENSOR,1,UNIFIED,"t=64 [HELLO_TX] bat=100% nbr=11"
0034,SENSOR,1,UNIFIED,"t=68 [HELLO_TX] bat=100% nbr=11"
0034,SENSOR,1,UNIFIED,"t=73 [HELLO_TX] bat=100% nbr=11"
0034,SENSOR,1,UNIFIED,"t=82 [HELLO_TX] bat=100% nbr=11"
0034,SENSOR,1,UNIFIED,"t=87 [HELLO_TX] bat=100% nbr=11"
0034,SENSOR,1,UNIFIED,"t=93 [HELLO_TX] bat=100% nbr=11"
0034,SENSOR,1,UNIFIED,"t=96 [HELLO_RX] NEW 004C tier=1(UNK) verified=0 rssi=0.3"
0034,SENSOR,1,UNIFIED,"t=100 [HELLO_TX] bat=100% nbr=12"
0034,SENSOR,1,UNIFIED,"t=104 [HELLO_TX] bat=100% nbr=12"
0034,SENSOR,1,UNIFIED,"t=113 [HELLO_TX] bat=100% nbr=12"
0034,SENSOR,1,UNIFIED,"t=119 [HELLO_TX] bat=100% nbr=12"
0034,SENSOR,1,UNIFIED,"t=123 [HELLO_TX] bat=100% nbr=12"
0034,SENSOR,1,UNIFIED,"t=127 [HELLO_TX] bat=100% nbr=12"
0034,SENSOR,1,UNIFIED,"t=136 [HELLO_TX] bat=100% nbr=12"
0034,SENSOR,1,UNIFIED,"t=141 [HELLO_TX] bat=100% nbr=12"
0034,SENSOR,1,UNIFIED,"t=150 [HELLO_TX] bat=100% nbr=12"
0034,SENSOR,1,UNIFIED,"t=151 [HELLO_RX] NEW 0047 tier=1(UNK) verified=0 rssi=0.2"
0034,SENSOR,1,UNIFIED,"t=155 [HELLO_TX] bat=100% nbr=13"
0034,SENSOR,1,UNIFIED,"t=162 [HELLO_TX] bat=100% nbr=13"
0034,SENSOR,1,UNIFIED,"t=167 [HELLO_TX] bat=100% nbr=13"
0034,SENSOR,1,UNIFIED,"t=175 [HELLO_TX] bat=100% nbr=13"
0034,SENSOR,1,UNIFIED,"t=184 [HELLO_TX] bat=100% nbr=13"
0034,SENSOR,1,UNIFIED,"t=191 [HELLO_TX] bat=100% nbr=13"
0034,SENSOR,1,UNIFIED,"t=201 [HELLO_TX] bat=100% nbr=13"
0034,SENSOR,1,UNIFIED,"t=209 [HELLO_TX] bat=100% nbr=13"
0034,SENSOR,1,UNIFIED,"t=213 [HELLO_TX] bat=100% nbr=13"
0034,SENSOR,1,UNIFIED,"t=220 [HELLO_TX] bat=100% nbr=13"
0034,SENSOR,1,UNIFIED,"t=224 [HELLO_TX] bat=100% nbr=13"
0034,SENSOR,1,UNIFIED,"t=229 [HELLO_TX] bat=100% nbr=13"
0034,SENSOR,1,UNIFIED,"t=238 [HELLO_TX] bat=100% nbr=13"
0034,SENSOR,1,UNIFIED,"t=238 [HELLO_RX] NEW 0002 tier=1(UNK) verified=0 rssi=0.2"
0034,SENSOR,1,UNIFIED,"t=245 [HELLO_TX] bat=100% nbr=14"
0035,SENSOR,1,UNIFIED,"t=4 [HELLO_RX] NEW 003E tier=1(UNK) verified=0 rssi=0.6"
0035,SENSOR,1,UNIFIED,"t=7 [HELLO_TX] bat=100% nbr=1"
0035,SENSOR,1,UNIFIED,"t=9 [HELLO_RX] NEW 0027 tier=1(UNK) verified=0 rssi=4.8"
0035,SENSOR,1,UNIFIED,"t=10 [HELLO_RX] NEW 0033 tier=1(UNK) verified=0 rssi=2.2"
0035,SENSOR,1,UNIFIED,"t=11 [HELLO_TX] bat=100% nbr=3"
0035,SENSOR,1,UNIFIED,"t=12 [HELLO_RX] NEW 001F tier=1(UNK) verified=0 rssi=0.4"
0035,SENSOR,1,UNIFIED,"t=18 [HELLO_TX] bat=100% nbr=4"
0035,SENSOR,1,UNIFIED,"t=25 [HELLO_TX] bat=100% nbr=4"
0035,SENSOR,1,UNIFIED,"t=26 [HELLO_RX] NEW FF0D tier=3(GWN) verified=0 rssi=1.7"
0035,SENSOR,1,UNIFIED,"t=30 [HELLO_TX] bat=100% nbr=5"
0035,SENSOR,1,UNIFIED,"t=31 [HELLO_RX] NEW 004F tier=1(UNK) verified=0 rssi=0.2"
0035,SENSOR,1,UNIFIED,"t=33 [HELLO_RX] NEW 002B tier=1(UNK) verified=0 rssi=0.4"
0035,SENSOR,1,UNIFIED,"t=35 [HELLO_TX] bat=100% nbr=7"
0035,SENSOR,1,UNIFIED,"t=37 [HELLO_RX] NEW 0049 tier=1(UNK) verified=0 rssi=0.2"
0035,SENSOR,1,UNIFIED,"t=43 [HELLO_TX] bat=100% nbr=8"
0035,SENSOR,1,UNIFIED,"t=51 [HELLO_TX] bat=100% nbr=8"
0035,SENSOR,1,UNIFIED,"t=51 [HELLO_RX] NEW FF0C tier=3(GWN) verified=0 rssi=0.2"
0035,SENSOR,1,UNIFIED,"t=57 [HELLO_RX] NEW AA05 tier=2(CH) verified=0 rssi=0.2"
0035,SENSOR,1,UNIFIED,"t=60 [HELLO_TX] bat=100% nbr=10"
0035,SENSOR,1,UNIFIED,"t=65 [HELLO_TX] bat=100% nbr=10"
0035,SENSOR,1,UNIFIED,"t=75 [HELLO_TX] bat=100% nbr=10"
0035,SENSOR,1,UNIFIED,"t=80 [HELLO_RX] NEW 0029 tier=1(UNK) verified=0 rssi=0.2"
0035,SENSOR,1,UNIFIED,"t=85 [HELLO_TX] bat=100% nbr=11"
0035,SENSOR,1,UNIFIED,"t=86 [HELLO_RX] NEW 002D tier=1(UNK) verified=0 rssi=0.3"
0035,SENSOR,1,UNIFIED,"t=89 [HELLO_RX] NEW 0026 tier=1(UNK) verified=0 rssi=0.2"
0035,SENSOR,1,UNIFIED,"t=92 [HELLO_TX] bat=100% nbr=13"
0035,SENSOR,1,UNIFIED,"t=96 [HELLO_TX] bat=100% nbr=13"
0035,SENSOR,1,UNIFIED,"t=100 [HELLO_TX] bat=100% nbr=13"
0035,SENSOR,1,UNIFIED,"t=100 [HELLO_RX] NEW 0017 tier=1(UNK) verified=0 rssi=0.2"
0035,SENSOR,1,UNIFIED,"t=105 [HELLO_TX] bat=100% nbr=14"
0035,SENSOR,1,UNIFIED,"t=112 [HELLO_TX] bat=100% nbr=14"
0035,SENSOR,1,UNIFIED,"t=116 [HELLO_RX] NEW 001E tier=1(UNK) verified=0 rssi=0.3"
0035,SENSOR,1,UNIFIED,"t=121 [HELLO_TX] bat=100% nbr=15"
0035,SENSOR,1,UNIFIED,"t=126 [HELLO_TX] bat=100% nbr=15"
0035,SENSOR,1,UNIFIED,"t=134 [HELLO_TX] bat=100% nbr=15"
0035,SENSOR,1,UNIFIED,"t=141 [HELLO_TX] bat=100% nbr=15"
0035,SENSOR,1,UNIFIED,"t=149 [HELLO_TX] bat=100% nbr=15"
0035,SENSOR,1,UNIFIED,"t=154 [HELLO_TX] bat=100% nbr=15"
0035,SENSOR,1,UNIFIED,"t=163 [HELLO_TX] bat=100% nbr=15"
0035,SENSOR,1,UNIFIED,"t=171 [HELLO_TX] bat=100% nbr=15"
0035,SENSOR,1,UNIFIED,"t=180 [HELLO_TX] bat=100% nbr=15"
0035,SENSOR,1,UNIFIED,"t=189 [HELLO_TX] bat=100% nbr=15"
0035,SENSOR,1,UNIFIED,"t=197 [HELLO_TX] bat=100% nbr=15"
0035,SENSOR,1,UNIFIED,"t=205 [HELLO_TX] bat=100% nbr=15"
0035,SENSOR,1,UNIFIED,"t=212 [HELLO_TX] bat=100% nbr=15"
0035,SENSOR,1,UNIFIED,"t=219 [HELLO_TX] bat=100% nbr=15"
0035,SENSOR,1,UNIFIED,"t=226 [HELLO_TX] bat=100% nbr=15"
0035,SENSOR,1,UNIFIED,"t=231 [HELLO_TX] bat=100% nbr=15"
0035,SENSOR,1,UNIFIED,"t=239 [HELLO_TX] bat=100% nbr=15"
0035,SENSOR,1,UNIFIED,"t=245 [HELLO_TX] bat=100% nbr=15"
0036,SENSOR,1,UNIFIED,"t=4 [HELLO_RX] NEW 005C tier=1(UNK) verified=0 rssi=0.8"
0036,SENSOR,1,UNIFIED,"t=5 [HELLO_TX] bat=100% nbr=1"
0036,SENSOR,1,UNIFIED,"t=6 [HELLO_RX] NEW 001A tier=1(UNK) verified=0 rssi=0.3"
0036,SENSOR,1,UNIFIED,"t=7 [HELLO_RX] NEW 0052 tier=1(UNK) verified=0 rssi=15.6"
0036,SENSOR,1,UNIFIED,"t=10 [HELLO_RX] NEW 0004 tier=1(UNK) verified=0 rssi=1.8"
0036,SENSOR,1,UNIFIED,"t=11 [HELLO_RX] NEW 0055 tier=1(UNK) verified=0 rssi=0.6"
0036,SENSOR,1,UNIFIED,"t=13 [HELLO_TX] bat=100% nbr=5"
0036,SENSOR,1,UNIFIED,"t=13 [HELLO_RX] NEW 0021 tier=1(UNK) verified=0 rssi=0.4"
0036,SENSOR,1,UNIFIED,"t=15 [HELLO_RX] NEW 0007 tier=1(UNK) verified=0 rssi=1.0"
0036,SENSOR,1,UNIFIED,"t=17 [HELLO_TX] bat=100% nbr=7"
0036,SENSOR,1,UNIFIED,"t=23 [HELLO_RX] NEW 004B tier=1(UNK) verified=0 rssi=0.4"
0036,SENSOR,1,UNIFIED,"t=27 [HELLO_TX] bat=100% nbr=8"
0036,SENSOR,1,UNIFIED,"t=27 [HELLO_RX] NEW AA07 tier=2(CH) verified=0 rssi=0.3"
0036,SENSOR,1,UNIFIED,"t=28 [HELLO_RX] NEW AA09 tier=2(CH) verified=0 rssi=0.4"
0036,SENSOR,1,UNIFIED,"t=37 [HELLO_TX] bat=100% nbr=10"
0036,SENSOR,1,UNIFIED,"t=39 [HELLO_RX] NEW 0010 tier=1(UNK) verified=0 rssi=0.2"
0036,SENSOR,1,UNIFIED,"t=43 [HELLO_TX] bat=100% nbr=11"
0036,SENSOR,1,UNIFIED,"t=46 [HELLO_RX] NEW AA04 tier=2(CH) verified=0 rssi=0.2"
0036,SENSOR,1,UNIFIED,"t=47 [HELLO_TX] bat=100% nbr=12"
0036,SENSOR,1,UNIFIED,"t=51 [HELLO_RX] NEW 0020 tier=1(UNK) verified=0 rssi=0.8"
0036,SENSOR,1,UNIFIED,"t=52 [HELLO_TX] bat=100% nbr=13"
0036,SENSOR,1,UNIFIED,"t=57 [HELLO_TX] bat=100% nbr=13"
0036,SENSOR,1,UNIFIED,"t=66 [HELLO_TX] bat=100% nbr=13"
0036,SENSOR,1,UNIFIED,"t=73 [HELLO_TX] bat=100% nbr=13"
0036,SENSOR,1,UNIFIED,"t=74 [HELLO_RX] NEW AA06 tier=2(CH) verified=0 rssi=0.2"
0036,SENSOR,1,UNIFIED,"t=82 [HELLO_TX] bat=100% nbr=14"
0036,SENSOR,1,UNIFIED,"t=88 [HELLO_TX] bat=100% nbr=14"
0036,SENSOR,1,UNIFIED,"t=98 [HELLO_TX] bat=100% nbr=14"
0036,SENSOR,1,UNIFIED,"t=107 [HELLO_TX] bat=100% nbr=14"
0036,SENSOR,1,UNIFIED,"t=112 [HELLO_TX] bat=100% nbr=14"
0036,SENSOR,1,UNIFIED,"t=117 [HELLO_TX] bat=100% nbr=14"
0036,SENSOR,1,UNIFIED,"t=121 [HELLO_TX] bat=100% nbr=14"
0036,SENSOR,1,UNIFIED,"t=126 [HELLO_TX] bat=100% nbr=14"
0036,SENSOR,1,UNIFIED,"t=132 [HELLO_RX] NEW 005A tier=1(UNK) verified=0 rssi=0.3"
0036,SENSOR,1,UNIFIED,"t=133 [HELLO_TX] bat=100% nbr=15"
0036,SENSOR,1,UNIFIED,"t=138 [HELLO_RX] NEW 0058 tier=1(UNK) verified=0 rssi=0.3"
0036,SENSOR,1,UNIFIED,"t=140 [HELLO_TX] bat=100% nbr=16"
0036,SENSOR,1,UNIFIED,"t=144 [HELLO_TX] bat=100% nbr=16"
0036,SENSOR,1,UNIFIED,"t=151 [HELLO_TX] bat=100% nbr=16"
0036,SENSOR,1,UNIFIED,"t=159 [HELLO_TX] bat=100% nbr=16"
0036,SENSOR,1,UNIFIED,"t=165 [HELLO_TX] bat=100% nbr=16"
0036,SENSOR,1,UNIFIED,"t=174 [HELLO_TX] bat=100% nbr=16"
0036,SENSOR,1,UNIFIED,"t=181 [HELLO_TX] bat=100% nbr=16"
0036,SENSOR,1,UNIFIED,"t=188 [HELLO_TX] bat=100% nbr=16"
0036,SENSOR,1,UNIFIED,"t=194 [HELLO_TX] bat=100% nbr=16"
0036,SENSOR,1,UNIFIED,"t=198 [HELLO_TX] bat=100% nbr=16"
0036,SENSOR,1,UNIFIED,"t=204 [HELLO_TX] bat=100% nbr=16"
0036,SENSOR,1,UNIFIED,"t=214 [HELLO_TX] bat=100% nbr=16"
0036,SENSOR,1,UNIFIED,"t=221 [HELLO_TX] bat=100% nbr=16"
0036,SENSOR,1,UNIFIED,"t=225 [HELLO_RX] NEW FF05 tier=3(GWN) verified=0 rssi=0.1"
0036,SENSOR,1,UNIFIED,"t=228 [HELLO_TX] bat=100% nbr=17"
0036,SENSOR,1,UNIFIED,"t=236 [HELLO_TX] bat=100% nbr=17"
0036,SENSOR,1,UNIFIED,"t=246 [HELLO_TX] bat=100% nbr=17"
0037,SENSOR,1,UNIFIED,"t=5 [HELLO_RX] NEW 005F tier=1(UNK) verified=0 rssi=1.2"
0037,SENSOR,1,UNIFIED,"t=6 [HELLO_TX] bat=100% nbr=1"
0037,SENSOR,1,UNIFIED,"t=6 [HELLO_RX] NEW AA03 tier=2(CH) verified=0 rssi=0.3"
0037,SENSOR,1,UNIFIED,"t=7 [HELLO_RX] NEW 0048 tier=1(UNK) verified=0 rssi=0.8"
0037,SENSOR,1,UNIFIED,"t=9 [HELLO_RX] NEW AA02 tier=2(CH) verified=0 rssi=0.7"
0037,SENSOR,1,UNIFIED,"t=10 [HELLO_RX] NEW AA08 tier=2(CH) verified=0 rssi=4.5"
0037,SENSOR,1,UNIFIED,"t=12 [HELLO_RX] NEW 0024 tier=1(UNK) verified=0 rssi=0.3"
0037,SENSOR,1,UNIFIED,"t=13 [HELLO_RX] NEW 0062 tier=1(UNK) verified=0 rssi=0.5"
0037,SENSOR,1,UNIFIED,"t=14 [HELLO_RX] NEW 0054 tier=1(UNK) verified=0 rssi=0.5"
0037,SENSOR,1,UNIFIED,"t=15 [HELLO_TX] bat=100% nbr=8"
0037,SENSOR,1,UNIFIED,"t=15 [HELLO_RX] NEW FF0B tier=3(GWN) verified=0 rssi=0.2"
0037,SENSOR,1,UNIFIED,"t=22 [HELLO_TX] bat=100% nbr=9"
0037,SENSOR,1,UNIFIED,"t=24 [HELLO_RX] NEW 001D tier=1(UNK) verified=0 rssi=0.3"
0037,SENSOR,1,UNIFIED,"t=32 [HELLO_TX] bat=100% nbr=10"
0037,SENSOR,1,UNIFIED,"t=33 [HELLO_RX] NEW 0059 tier=1(UNK) verified=0 rssi=0.4"
0037,SENSOR,1,UNIFIED,"t=37 [HELLO_TX] bat=100% nbr=11"
0037,SENSOR,1,UNIFIED,"t=39 [HELLO_RX] NEW FF01 tier=3(GWN) verified=0 rssi=0.3"
0037,SENSOR,1,UNIFIED,"t=47 [HELLO_TX] bat=100% nbr=12"
0037,SENSOR,1,UNIFIED,"t=54 [HELLO_RX] NEW 001C tier=1(UNK) verified=0 rssi=0.3"
0037,SENSOR,1,UNIFIED,"t=56 [HELLO_TX] bat=100% nbr=13"
0037,SENSOR,1,UNIFIED,"t=56 [HELLO_RX] NEW FF03 tier=3(GWN) verified=1 rssi=0.2"
0037,SENSOR,1,UNIFIED,"t=59 [HELLO_RX] NEW 0025 tier=1(UNK) verified=0 rssi=0.3"
0037,SENSOR,1,UNIFIED,"t=61 [HELLO_TX] bat=100% nbr=15"
0037,SENSOR,1,UNIFIED,"t=62 [HELLO_RX] NEW 0038 tier=1(UNK) verified=0 rssi=0.4"
0037,SENSOR,1,UNIFIED,"t=70 [HELLO_TX] bat=100% nbr=16"
0037,SENSOR,1,UNIFIED,"t=75 [HELLO_RX] NEW 0044 tier=1(UNK) verified=0 rssi=0.2"
0037,SENSOR,1,UNIFIED,"t=77 [HELLO_RX] NEW FF09 tier=3(GWN) verified=1 rssi=0.1"
0037,SENSOR,1,UNIFIED,"t=78 [HELLO_TX] bat=100% nbr=18"
0037,SENSOR,1,UNIFIED,"t=86 [HELLO_TX] bat=100% nbr=18"
0037,SENSOR,1,UNIFIED,"t=92 [HELLO_RX] NEW FF0A tier=3(GWN) verified=1 rssi=0.2"
0037,SENSOR,1,UNIFIED,"t=95 [HELLO_RX] NEW 0028 tier=1(UNK) verified=0 rssi=0.4"
0037,SENSOR,1,UNIFIED,"t=96 [HELLO_TX] bat=100% nbr=20"
0037,SENSOR,1,UNIFIED,"t=101 [HELLO_TX] bat=100% nbr=20"
0037,SENSOR,1,UNIFIED,"t=106 [HELLO_TX] bat=100% nbr=20"
0037,SENSOR,1,UNIFIED,"t=111 [HELLO_RX] NEW 0006 tier=1(UNK) verified=0 rssi=0.3"
0037,SENSOR,1,UNIFIED,"t=112 [HELLO_TX] bat=100% nbr=21"
0037,SENSOR,1,UNIFIED,"t=116 [HELLO_TX] bat=100% nbr=21"
0037,SENSOR,1,UNIFIED,"t=124 [HELLO_TX] bat=100% nbr=21"
0037,SENSOR,1,UNIFIED,"t=128 [HELLO_TX] bat=100% nbr=21"
0037,SENSOR,1,UNIFIED,"t=138 [HELLO_TX] bat=100% nbr=21"
0037,SENSOR,1,UNIFIED,"t=142 [HELLO_TX] bat=100% nbr=21"
0037,SENSOR,1,UNIFIED,"t=149 [HELLO_TX] bat=100% nbr=21"
0037,SENSOR,1,UNIFIED,"t=157 [HELLO_TX] bat=100% nbr=21"
0037,SENSOR,1,UNIFIED,"t=161 [HELLO_TX] bat=100% nbr=21"
0037,SENSOR,1,UNIFIED,"t=166 [HELLO_TX] bat=100% nbr=21"
0037,SENSOR,1,UNIFIED,"t=170 [HELLO_RX] NEW 0011 tier=1(UNK) verified=0 rssi=0.2"
0037,SENSOR,1,UNIFIED,"t=174 [HELLO_TX] bat=100% nbr=22"
0037,SENSOR,1,UNIFIED,"t=180 [HELLO_TX] bat=100% nbr=22"
0037,SENSOR,1,UNIFIED,"t=181 [HELLO_RX] NEW 0060 tier=1(UNK) verified=0 rssi=0.2"
0037,SENSOR,1,UNIFIED,"t=188 [HELLO_TX] bat=100% nbr=23"
0037,SENSOR,1,UNIFIED,"t=198 [HELLO_TX] bat=100% nbr=23"
0037,SENSOR,1,UNIFIED,"t=204 [HELLO_TX] bat=100% nbr=23"
0037,SENSOR,1,UNIFIED,"t=214 [HELLO_TX] bat=100% nbr=23"
0037,SENSOR,1,UNIFIED,"t=218 [HELLO_TX] bat=100% nbr=23"
0037,SENSOR,1,UNIFIED,"t=228 [HELLO_TX] bat=100% nbr=23"
0037,SENSOR,1,UNIFIED,"t=233 [HELLO_TX] bat=100% nbr=23"
0037,SENSOR,1,UNIFIED,"t=238 [HELLO_TX] bat=100% nbr=23"
0037,SENSOR,1,UNIFIED,"t=245 [HELLO_TX] bat=100% nbr=23"
0038,SENSOR,1,UNIFIED,"t=5 [HELLO_RX] NEW 005B tier=1(UNK) verified=0 rssi=0.5"
0038,SENSOR,1,UNIFIED,"t=6 [HELLO_TX] bat=100% nbr=1"
0038,SENSOR,1,UNIFIED,"t=7 [HELLO_RX] NEW 0028 tier=1(UNK) verified=0 rssi=23.6"
0038,SENSOR,1,UNIFIED,"t=8 [HELLO_RX] NEW 0011 tier=1(UNK) verified=0 rssi=0.4"
0038,SENSOR,1,UNIFIED,"t=9 [HELLO_RX] NEW 0062 tier=1(UNK) verified=0 rssi=2.8"
0038,SENSOR,1,UNIFIED,"t=10 [HELLO_RX] NEW AA08 tier=2(CH) verified=0 rssi=0.4"
0038,SENSOR,1,UNIFIED,"t=11 [HELLO_TX] bat=100% nbr=5"
0038,SENSOR,1,UNIFIED,"t=14 [HELLO_RX] NEW 0061 tier=1(UNK) verified=0 rssi=0.3"
0038,SENSOR,1,UNIFIED,"t=15 [HELLO_RX] NEW 000C tier=1(UNK) verified=0 rssi=0.5"
0038,SENSOR,1,UNIFIED,"t=16 [HELLO_RX] NEW FF02 tier=3(GWN) verified=0 rssi=0.1"
0038,SENSOR,1,UNIFIED,"t=20 [HELLO_TX] bat=100% nbr=8"
0038,SENSOR,1,UNIFIED,"t=20 [HELLO_RX] NEW 000D tier=1(UNK) verified=0 rssi=1.1"
0038,SENSOR,1,UNIFIED,"t=27 [HELLO_RX] NEW 0048 tier=1(UNK) verified=0 rssi=1.9"
0038,SENSOR,1,UNIFIED,"t=29 [HELLO_TX] bat=100% nbr=10"
0038,SENSOR,1,UNIFIED,"t=32 [HELLO_RX] NEW 0037 tier=1(UNK) verified=0 rssi=0.4"
0038,SENSOR,1,UNIFIED,"t=33 [HELLO_RX] NEW 0059 tier=1(UNK) verified=0 rssi=1.4"
0038,SENSOR,1,UNIFIED,"t=34 [HELLO_TX] bat=100% nbr=12"
0038,SENSOR,1,UNIFIED,"t=34 [HELLO_RX] NEW AA02 tier=2(CH) verified=0 rssi=0.2"
0038,SENSOR,1,UNIFIED,"t=42 [HELLO_TX] bat=100% nbr=13"
0038,SENSOR,1,UNIFIED,"t=42 [HELLO_RX] NEW 0041 tier=1(UNK) verified=0 rssi=0.5"
0038,SENSOR,1,UNIFIED,"t=44 [HELLO_RX] NEW 0024 tier=1(UNK) verified=0 rssi=0.4"
0038,SENSOR,1,UNIFIED,"t=49 [HELLO_TX] bat=100% nbr=15"
0038,SENSOR,1,UNIFIED,"t=55 [HELLO_TX] bat=100% nbr=15"
0038,SENSOR,1,UNIFIED,"t=62 [HELLO_TX] bat=100% nbr=15"
0038,SENSOR,1,UNIFIED,"t=72 [HELLO_TX] bat=100% nbr=15"
0038,SENSOR,1,UNIFIED,"t=77 [HELLO_RX] NEW FF09 tier=3(GWN) verified=1 rssi=0.1"
0038,SENSOR,1,UNIFIED,"t=81 [HELLO_TX] bat=100% nbr=16"
0038,SENSOR,1,UNIFIED,"t=85 [HELLO_TX] bat=100% nbr=16"
0038,SENSOR,1,UNIFIED,"t=90 [HELLO_TX] bat=100% nbr=16"
0038,SENSOR,1,UNIFIED,"t=94 [HELLO_TX] bat=100% nbr=16"
0038,SENSOR,1,UNIFIED,"t=98 [HELLO_RX] NEW 0056 tier=1(UNK) verified=0 rssi=0.2"
0038,SENSOR,1,UNIFIED,"t=103 [HELLO_TX] bat=100% nbr=17"
0038,SENSOR,1,UNIFIED,"t=105 [HELLO_RX] NEW 0025 tier=1(UNK) verified=0 rssi=0.3"
0038,SENSOR,1,UNIFIED,"t=108 [HELLO_TX] bat=100% nbr=18"
0038,SENSOR,1,UNIFIED,"t=112 [HELLO_TX] bat=100% nbr=18"
0038,SENSOR,1,UNIFIED,"t=117 [HELLO_TX] bat=100% nbr=18"
0038,SENSOR,1,UNIFIED,"t=123 [HELLO_RX] NEW AA03 tier=2(CH) verified=0 rssi=0.2"
0038,SENSOR,1,UNIFIED,"t=125 [HELLO_TX] bat=100% nbr=19"
0038,SENSOR,1,UNIFIED,"t=135 [HELLO_TX] bat=100% nbr=19"
0038,SENSOR,1,UNIFIED,"t=135 [HELLO_RX] NEW FF04 tier=3(GWN) verified=0 rssi=0.1"
0038,SENSOR,1,UNIFIED,"t=144 [HELLO_TX] bat=100% nbr=20"
0038,SENSOR,1,UNIFIED,"t=151 [HELLO_TX] bat=100% nbr=20"
0038,SENSOR,1,UNIFIED,"t=155 [HELLO_RX] NEW FF01 tier=3(GWN) verified=1 rssi=0.1"
0038,SENSOR,1,UNIFIED,"t=158 [HELLO_TX] bat=100% nbr=21"
0038,SENSOR,1,UNIFIED,"t=166 [HELLO_TX] bat=100% nbr=21"
0038,SENSOR,1,UNIFIED,"t=173 [HELLO_RX] NEW FF07 tier=3(GWN) verified=0 rssi=0.1"
0038,SENSOR,1,UNIFIED,"t=176 [HELLO_TX] bat=100% nbr=22"
0038,SENSOR,1,UNIFIED,"t=182 [HELLO_TX] bat=100% nbr=22"
0038,SENSOR,1,UNIFIED,"t=189 [HELLO_TX] bat=100% nbr=22"
0038,SENSOR,1,UNIFIED,"t=195 [HELLO_TX] bat=100% nbr=22"
0038,SENSOR,1,UNIFIED,"t=201 [HELLO_TX] bat=100% nbr=22"
0038,SENSOR,1,UNIFIED,"t=207 [HELLO_TX] bat=100% nbr=22"
0038,SENSOR,1,UNIFIED,"t=213 [HELLO_TX] bat=100% nbr=22"
0038,SENSOR,1,UNIFIED,"t=219 [HELLO_TX] bat=100% nbr=22"
0038,SENSOR,1,UNIFIED,"t=226 [HELLO_TX] bat=100% nbr=22"
0038,SENSOR,1,UNIFIED,"t=235 [HELLO_TX] bat=100% nbr=22"
0038,SENSOR,1,UNIFIED,"t=244 [HELLO_TX] bat=100% nbr=22"
0038,SENSOR,1,UNIFIED,"t=249 [HELLO_TX] bat=100% nbr=22"
0039,SENSOR,1,UNIFIED,"t=4 [HELLO_TX] bat=100% nbr=0"
0039,SENSOR,1,UNIFIED,"t=4 [HELLO_RX] NEW FF0C tier=3(GWN) verified=0 rssi=124.1"
0039,SENSOR,1,UNIFIED,"t=6 [HELLO_RX] NEW 0045 tier=1(UNK) verified=0 rssi=1.6"
0039,SENSOR,1,UNIFIED,"t=7 [HELLO_RX] NEW 0026 tier=1(UNK) verified=0 rssi=0.4"
0039,SENSOR,1,UNIFIED,"t=8 [HELLO_RX] NEW 004F tier=1(UNK) verified=0 rssi=0.2"
0039,SENSOR,1,UNIFIED,"t=9 [HELLO_RX] NEW 0001 tier=1(UNK) verified=0 rssi=0.7"
0039,SENSOR,1,UNIFIED,"t=12 [HELLO_TX] bat=100% nbr=5"
0039,SENSOR,1,UNIFIED,"t=12 [HELLO_RX] NEW AA04 tier=2(CH) verified=0 rssi=0.4"
0039,SENSOR,1,UNIFIED,"t=16 [HELLO_RX] NEW 004D tier=1(UNK) verified=0 rssi=1.3"
0039,SENSOR,1,UNIFIED,"t=19 [HELLO_RX] NEW 0053 tier=1(UNK) verified=0 rssi=1.1"
0039,SENSOR,1,UNIFIED,"t=20 [HELLO_RX] NEW AA05 tier=2(CH) verified=0 rssi=1.0"
0039,SENSOR,1,UNIFIED,"t=22 [HELLO_TX] bat=100% nbr=9"
0039,SENSOR,1,UNIFIED,"t=27 [HELLO_RX] NEW FF08 tier=3(GWN) verified=0 rssi=0.3"
0039,SENSOR,1,UNIFIED,"t=28 [HELLO_RX] NEW 000E tier=1(UNK) verified=0 rssi=0.9"
0039,SENSOR,1,UNIFIED,"t=29 [HELLO_RX] NEW 002D tier=1(UNK) verified=0 rssi=0.2"
0039,SENSOR,1,UNIFIED,"t=32 [HELLO_TX] bat=100% nbr=12"
0039,SENSOR,1,UNIFIED,"t=34 [HELLO_RX] NEW FF0D tier=3(GWN) verified=0 rssi=0.3"
0039,SENSOR,1,UNIFIED,"t=36 [HELLO_TX] bat=100% nbr=13"
0039,SENSOR,1,UNIFIED,"t=41 [HELLO_TX] bat=100% nbr=13"
0039,SENSOR,1,UNIFIED,"t=48 [HELLO_TX] bat=100% nbr=13"
0039,SENSOR,1,UNIFIED,"t=55 [HELLO_TX] bat=100% nbr=13"
0039,SENSOR,1,UNIFIED,"t=60 [HELLO_TX] bat=100% nbr=13"
0039,SENSOR,1,UNIFIED,"t=69 [HELLO_TX] bat=100% nbr=13"
0039,SENSOR,1,UNIFIED,"t=74 [HELLO_TX] bat=100% nbr=13"
0039,SENSOR,1,UNIFIED,"t=75 [HELLO_RX] NEW AA09 tier=2(CH) verified=0 rssi=0.2"
0039,SENSOR,1,UNIFIED,"t=81 [HELLO_TX] bat=100% nbr=14"
0039,SENSOR,1,UNIFIED,"t=85 [HELLO_TX] bat=100% nbr=14"
0039,SENSOR,1,UNIFIED,"t=93 [HELLO_RX] NEW FF05 tier=3(GWN) verified=0 rssi=0.9"
0039,SENSOR,1,UNIFIED,"t=95 [HELLO_TX] bat=100% nbr=15"
0039,SENSOR,1,UNIFIED,"t=101 [HELLO_TX] bat=100% nbr=15"
0039,SENSOR,1,UNIFIED,"t=105 [HELLO_TX] bat=100% nbr=15"
0039,SENSOR,1,UNIFIED,"t=113 [HELLO_TX] bat=100% nbr=15"
0039,SENSOR,1,UNIFIED,"t=123 [HELLO_TX] bat=100% nbr=15"
0039,SENSOR,1,UNIFIED,"t=127 [HELLO_TX] bat=100% nbr=15"
0039,SENSOR,1,UNIFIED,"t=133 [HELLO_TX] bat=100% nbr=15"
0039,SENSOR,1,UNIFIED,"t=137 [HELLO_TX] bat=100% nbr=15"
0039,SENSOR,1,UNIFIED,"t=146 [HELLO_TX] bat=100% nbr=15"
0039,SENSOR,1,UNIFIED,"t=153 [HELLO_RX] NEW 003A tier=1(UNK) verified=0 rssi=0.2"
0039,SENSOR,1,UNIFIED,"t=154 [HELLO_TX] bat=100% nbr=16"
0039,SENSOR,1,UNIFIED,"t=164 [HELLO_TX] bat=100% nbr=16"
0039,SENSOR,1,UNIFIED,"t=173 [HELLO_TX] bat=100% nbr=16"
0039,SENSOR,1,UNIFIED,"t=181 [HELLO_TX] bat=100% nbr=16"
0039,SENSOR,1,UNIFIED,"t=191 [HELLO_TX] bat=100% nbr=16"
0039,SENSOR,1,UNIFIED,"t=198 [HELLO_TX] bat=100% nbr=16"
0039,SENSOR,1,UNIFIED,"t=205 [HELLO_TX] bat=100% nbr=16"
0039,SENSOR,1,UNIFIED,"t=210 [HELLO_TX] bat=100% nbr=16"
0039,SENSOR,1,UNIFIED,"t=219 [HELLO_TX] bat=100% nbr=16"
0039,SENSOR,1,UNIFIED,"t=223 [HELLO_TX] bat=100% nbr=16"
0039,SENSOR,1,UNIFIED,"t=231 [HELLO_TX] bat=100% nbr=16"
0039,SENSOR,1,UNIFIED,"t=237 [HELLO_TX] bat=100% nbr=16"
0039,SENSOR,1,UNIFIED,"t=246 [HELLO_TX] bat=100% nbr=16"
003A,SENSOR,1,UNIFIED,"t=4 [HELLO_RX] NEW 0057 tier=1(UNK) verified=0 rssi=0.2"
003A,SENSOR,1,UNIFIED,"t=8 [HELLO_RX] NEW AA04 tier=2(CH) verified=0 rssi=2.1"
003A,SENSOR,1,UNIFIED,"t=9 [HELLO_RX] NEW FF05 tier=3(GWN) verified=0 rssi=1.6"
003A,SENSOR,1,UNIFIED,"t=10 [HELLO_TX] bat=100% nbr=3"
003A,SENSOR,1,UNIFIED,"t=10 [HELLO_RX] NEW 000E tier=1(UNK) verified=0 rssi=1.3"
003A,SENSOR,1,UNIFIED,"t=14 [HELLO_RX] NEW AA0B tier=2(CH) verified=0 rssi=0.7"
003A,SENSOR,1,UNIFIED,"t=16 [HELLO_TX] bat=100% nbr=5"
003A,SENSOR,1,UNIFIED,"t=16 [HELLO_RX] NEW 0001 tier=1(UNK) verified=0 rssi=1.4"
003A,SENSOR,1,UNIFIED,"t=18 [HELLO_RX] NEW FF0C tier=3(GWN) verified=0 rssi=0.7"
003A,SENSOR,1,UNIFIED,"t=19 [HELLO_RX] NEW 0053 tier=1(UNK) verified=0 rssi=0.3"
003A,SENSOR,1,UNIFIED,"t=22 [HELLO_RX] NEW 0039 tier=1(UNK) verified=0 rssi=0.2"
003A,SENSOR,1,UNIFIED,"t=23 [HELLO_RX] NEW FF08 tier=3(GWN) verified=0 rssi=1.3"
003A,SENSOR,1,UNIFIED,"t=25 [HELLO_RX] NEW 004D tier=1(UNK) verified=0 rssi=1.2"
003A,SENSOR,1,UNIFIED,"t=26 [HELLO_TX] bat=100% nbr=11"
003A,SENSOR,1,UNIFIED,"t=31 [HELLO_TX] bat=100% nbr=11"
003A,SENSOR,1,UNIFIED,"t=33 [HELLO_RX] NEW AA0A tier=2(CH) verified=0 rssi=0.5"
003A,SENSOR,1,UNIFIED,"t=36 [HELLO_TX] bat=100% nbr=12"
003A,SENSOR,1,UNIFIED,"t=42 [HELLO_TX] bat=100% nbr=12"
003A,SENSOR,1,UNIFIED,"t=43 [HELLO_RX] NEW AA05 tier=2(CH) verified=0 rssi=0.3"
003A,SENSOR,1,UNIFIED,"t=47 [HELLO_TX] bat=100% nbr=13"
003A,SENSOR,1,UNIFIED,"t=55 [HELLO_TX] bat=100% nbr=13"
003A,SENSOR,1,UNIFIED,"t=61 [HELLO_TX] bat=100% nbr=13"
003A,SENSOR,1,UNIFIED,"t=62 [HELLO_RX] NEW 0042 tier=1(UNK) verified=0 rssi=0.5"
003A,SENSOR,1,UNIFIED,"t=70 [HELLO_TX] bat=100% nbr=14"
003A,SENSOR,1,UNIFIED,"t=77 [HELLO_TX] bat=100% nbr=14"
003A,SENSOR,1,UNIFIED,"t=81 [HELLO_TX] bat=100% nbr=14"
003A,SENSOR,1,UNIFIED,"t=86 [HELLO_TX] bat=100% nbr=14"
003A,SENSOR,1,UNIFIED,"t=92 [HELLO_TX] bat=100% nbr=14"
003A,SENSOR,1,UNIFIED,"t=94 [HELLO_RX] NEW AA09 tier=2(CH) verified=0 rssi=0.2"
003A,SENSOR,1,UNIFIED,"t=100 [HELLO_TX] bat=100% nbr=15"
003A,SENSOR,1,UNIFIED,"t=106 [HELLO_TX] bat=100% nbr=15"
003A,SENSOR,1,UNIFIED,"t=110 [HELLO_TX] bat=100% nbr=15"
003A,SENSOR,1,UNIFIED,"t=116 [HELLO_TX] bat=100% nbr=15"
003A,SENSOR,1,UNIFIED,"t=122 [HELLO_TX] bat=100% nbr=15"
003A,SENSOR,1,UNIFIED,"t=127 [HELLO_TX] bat=100% nbr=15"
003A,SENSOR,1,UNIFIED,"t=134 [HELLO_TX] bat=100% nbr=15"
003A,SENSOR,1,UNIFIED,"t=143 [HELLO_TX] bat=100% nbr=15"
003A,SENSOR,1,UNIFIED,"t=153 [HELLO_TX] bat=100% nbr=15"
003A,SENSOR,1,UNIFIED,"t=161 [HELLO_TX] bat=100% nbr=15"
003A,SENSOR,1,UNIFIED,"t=165 [HELLO_TX] bat=100% nbr=15"
003A,SENSOR,1,UNIFIED,"t=169 [HELLO_TX] bat=100% nbr=15"
003A,SENSOR,1,UNIFIED,"t=177 [HELLO_TX] bat=100% nbr=15"
003A,SENSOR,1,UNIFIED,"t=182 [HELLO_TX] bat=100% nbr=15"
003A,SENSOR,1,UNIFIED,"t=189 [HELLO_TX] bat=100% nbr=15"
003A,SENSOR,1,UNIFIED,"t=193 [HELLO_TX] bat=100% nbr=15"
003A,SENSOR,1,UNIFIED,"t=197 [HELLO_TX] bat=100% nbr=15"
003A,SENSOR,1,UNIFIED,"t=202 [HELLO_TX] bat=100% nbr=15"
003A,SENSOR,1,UNIFIED,"t=209 [HELLO_TX] bat=100% nbr=15"
003A,SENSOR,1,UNIFIED,"t=215 [HELLO_TX] bat=100% nbr=15"
003A,SENSOR,1,UNIFIED,"t=218 [HELLO_RX] NEW 0040 tier=1(UNK) verified=0 rssi=0.2"
003A,SENSOR,1,UNIFIED,"t=222 [HELLO_TX] bat=100% nbr=16"
003A,SENSOR,1,UNIFIED,"t=230 [HELLO_TX] bat=100% nbr=16"
003A,SENSOR,1,UNIFIED,"t=240 [HELLO_TX] bat=100% nbr=16"
003A,SENSOR,1,UNIFIED,"t=249 [HELLO_TX] bat=100% nbr=16"
003B,SENSOR,1,UNIFIED,"t=4 [HELLO_TX] bat=100% nbr=0"
003B,SENSOR,1,UNIFIED,"t=4 [HELLO_RX] NEW 0049 tier=1(UNK) verified=0 rssi=0.4"
003B,SENSOR,1,UNIFIED,"t=5 [HELLO_RX] NEW AA06 tier=2(CH) verified=0 rssi=0.3"
003B,SENSOR,1,UNIFIED,"t=6 [HELLO_RX] NEW 0023 tier=1(UNK) verified=0 rssi=0.3"
003B,SENSOR,1,UNIFIED,"t=8 [HELLO_RX] NEW 004A tier=1(UNK) verified=0 rssi=1.1"
003B,SENSOR,1,UNIFIED,"t=9 [HELLO_TX] bat=100% nbr=4"
003B,SENSOR,1,UNIFIED,"t=10 [HELLO_RX] NEW FF04 tier=3(GWN) verified=0 rssi=0.3"
003B,SENSOR,1,UNIFIED,"t=13 [HELLO_RX] NEW 0015 tier=1(UNK) verified=0 rssi=0.7"
003B,SENSOR,1,UNIFIED,"t=14 [HELLO_TX] bat=100% nbr=6"
003B,SENSOR,1,UNIFIED,"t=16 [HELLO_RX] NEW 004E tier=1(UNK) verified=0 rssi=0.8"
003B,SENSOR,1,UNIFIED,"t=19 [HELLO_RX] NEW 0008 tier=1(UNK) verified=0 rssi=0.2"
003B,SENSOR,1,UNIFIED,"t=20 [HELLO_RX] NEW 0019 tier=1(UNK) verified=0 rssi=0.9"
003B,SENSOR,1,UNIFIED,"t=22 [HELLO_TX] bat=100% nbr=9"
003B,SENSOR,1,UNIFIED,"t=23 [HELLO_RX] NEW 004C tier=1(UNK) verified=0 rssi=0.3"
003B,SENSOR,1,UNIFIED,"t=31 [HELLO_RX] NEW FF07 tier=3(GWN) verified=0 rssi=0.4"
003B,SENSOR,1,UNIFIED,"t=32 [HELLO_TX] bat=100% nbr=11"
003B,SENSOR,1,UNIFIED,"t=33 [HELLO_RX] NEW 003F tier=1(UNK) verified=0 rssi=0.6"
003B,SENSOR,1,UNIFIED,"t=37 [HELLO_TX] bat=100% nbr=12"
003B,SENSOR,1,UNIFIED,"t=41 [HELLO_TX] bat=100% nbr=12"
003B,SENSOR,1,UNIFIED,"t=46 [HELLO_TX] bat=100% nbr=12"
003B,SENSOR,1,UNIFIED,"t=47 [HELLO_RX] NEW 002B tier=1(UNK) verified=0 rssi=0.2"
003B,SENSOR,1,UNIFIED,"t=54 [HELLO_TX] bat=100% nbr=13"
003B,SENSOR,1,UNIFIED,"t=61 [HELLO_RX] NEW FF06 tier=3(GWN) verified=0 rssi=0.2"
003B,SENSOR,1,UNIFIED,"t=62 [HELLO_TX] bat=100% nbr=14"
003B,SENSOR,1,UNIFIED,"t=66 [HELLO_TX] bat=100% nbr=14"
003B,SENSOR,1,UNIFIED,"t=69 [HELLO_RX] NEW 0002 tier=1(UNK) verified=0 rssi=0.3"
003B,SENSOR,1,UNIFIED,"t=74 [HELLO_RX] NEW AA07 tier=2(CH) verified=0 rssi=0.2"
003B,SENSOR,1,UNIFIED,"t=76 [HELLO_TX] bat=100% nbr=16"
003B,SENSOR,1,UNIFIED,"t=86 [HELLO_TX] bat=100% nbr=16"
003B,SENSOR,1,UNIFIED,"t=94 [HELLO_TX] bat=100% nbr=16"
003B,SENSOR,1,UNIFIED,"t=99 [HELLO_TX] bat=100% nbr=16"
003B,SENSOR,1,UNIFIED,"t=104 [HELLO_TX] bat=100% nbr=16"
003B,SENSOR,1,UNIFIED,"t=111 [HELLO_TX] bat=100% nbr=16"
003B,SENSOR,1,UNIFIED,"t=119 [HELLO_TX] bat=100% nbr=16"
003B,SENSOR,1,UNIFIED,"t=121 [HELLO_RX] NEW 001E tier=1(UNK) verified=0 rssi=0.3"
003B,SENSOR,1,UNIFIED,"t=126 [HELLO_TX] bat=100% nbr=17"
003B,SENSOR,1,UNIFIED,"t=131 [HELLO_TX] bat=100% nbr=17"
003B,SENSOR,1,UNIFIED,"t=140 [HELLO_TX] bat=100% nbr=17"
003B,SENSOR,1,UNIFIED,"t=148 [HELLO_TX] bat=100% nbr=17"
003B,SENSOR,1,UNIFIED,"t=152 [HELLO_TX] bat=100% nbr=17"
003B,SENSOR,1,UNIFIED,"t=158 [HELLO_TX] bat=100% nbr=17"
003B,SENSOR,1,UNIFIED,"t=168 [HELLO_TX] bat=100% nbr=17"
003B,SENSOR,1,UNIFIED,"t=178 [HELLO_TX] bat=100% nbr=17"
003B,SENSOR,1,UNIFIED,"t=188 [HELLO_TX] bat=100% nbr=17"
003B,SENSOR,1,UNIFIED,"t=195 [HELLO_TX] bat=100% nbr=17"
003B,SENSOR,1,UNIFIED,"t=205 [HELLO_TX] bat=100% nbr=17"
003B,SENSOR,1,UNIFIED,"t=209 [HELLO_TX] bat=100% nbr=17"
003B,SENSOR,1,UNIFIED,"t=219 [HELLO_TX] bat=100% nbr=17"
003B,SENSOR,1,UNIFIED,"t=228 [HELLO_TX] bat=100% nbr=17"
003B,SENSOR,1,UNIFIED,"t=235 [HELLO_TX] bat=100% nbr=17"
003B,SENSOR,1,UNIFIED,"t=244 [HELLO_TX] bat=100% nbr=17"
003B,SENSOR,1,UNIFIED,"t=249 [HELLO_TX] bat=100% nbr=17"
003C,SENSOR,1,UNIFIED,"t=4 [HELLO_TX] bat=100% nbr=0"
003C,SENSOR,1,UNIFIED,"t=4 [HELLO_RX] NEW 001D tier=1(UNK) verified=0 rssi=6.1"
003C,SENSOR,1,UNIFIED,"t=5 [HELLO_RX] NEW 0054 tier=1(UNK) verified=0 rssi=1.6"
003C,SENSOR,1,UNIFIED,"t=6 [HELLO_RX] NEW AA03 tier=2(CH) verified=0 rssi=0.9"
003C,SENSOR,1,UNIFIED,"t=7 [HELLO_RX] NEW 0044 tier=1(UNK) verified=0 rssi=38.9"
003C,SENSOR,1,UNIFIED,"t=8 [HELLO_RX] NEW FF09 tier=3(GWN) verified=0 rssi=0.4"
003C,SENSOR,1,UNIFIED,"t=9 [HELLO_RX] NEW AA02 tier=2(CH) verified=0 rssi=6.4"
003C,SENSOR,1,UNIFIED,"t=10 [HELLO_RX] NEW FF01 tier=3(GWN) verified=0 rssi=3.9"
003C,SENSOR,1,UNIFIED,"t=13 [HELLO_RX] NEW 002E tier=1(UNK) verified=0 rssi=0.3"
003C,SENSOR,1,UNIFIED,"t=14 [HELLO_TX] bat=100% nbr=8"
003C,SENSOR,1,UNIFIED,"t=14 [HELLO_RX] NEW 0031 tier=1(UNK) verified=0 rssi=2.5"
003C,SENSOR,1,UNIFIED,"t=15 [HELLO_RX] NEW 0037 tier=1(UNK) verified=0 rssi=0.2"
003C,SENSOR,1,UNIFIED,"t=16 [HELLO_RX] NEW FF02 tier=3(GWN) verified=0 rssi=0.6"
003C,SENSOR,1,UNIFIED,"t=19 [HELLO_TX] bat=100% nbr=11"
003C,SENSOR,1,UNIFIED,"t=21 [HELLO_RX] NEW 005F tier=1(UNK) verified=0 rssi=0.2"
003C,SENSOR,1,UNIFIED,"t=22 [HELLO_RX] NEW 0060 tier=1(UNK) verified=0 rssi=0.5"
003C,SENSOR,1,UNIFIED,"t=27 [HELLO_TX] bat=100% nbr=13"
003C,SENSOR,1,UNIFIED,"t=32 [HELLO_RX] NEW 001C tier=1(UNK) verified=0 rssi=2.7"
003C,SENSOR,1,UNIFIED,"t=33 [HELLO_TX] bat=100% nbr=14"
003C,SENSOR,1,UNIFIED,"t=40 [HELLO_TX] bat=100% nbr=14"
003C,SENSOR,1,UNIFIED,"t=44 [HELLO_RX] NEW AA08 tier=2(CH) verified=0 rssi=0.2"
003C,SENSOR,1,UNIFIED,"t=47 [HELLO_TX] bat=100% nbr=15"
003C,SENSOR,1,UNIFIED,"t=54 [HELLO_TX] bat=100% nbr=15"
003C,SENSOR,1,UNIFIED,"t=58 [HELLO_TX] bat=100% nbr=15"
003C,SENSOR,1,UNIFIED,"t=68 [HELLO_TX] bat=100% nbr=15"
003C,SENSOR,1,UNIFIED,"t=75 [HELLO_TX] bat=100% nbr=15"
003C,SENSOR,1,UNIFIED,"t=80 [HELLO_TX] bat=100% nbr=15"
003C,SENSOR,1,UNIFIED,"t=85 [HELLO_TX] bat=100% nbr=15"
003C,SENSOR,1,UNIFIED,"t=92 [HELLO_TX] bat=100% nbr=15"
003C,SENSOR,1,UNIFIED,"t=96 [HELLO_TX] bat=100% nbr=15"
003C,SENSOR,1,UNIFIED,"t=100 [HELLO_TX] bat=100% nbr=15"
003C,SENSOR,1,UNIFIED,"t=107 [HELLO_TX] bat=100% nbr=15"
003C,SENSOR,1,UNIFIED,"t=113 [HELLO_TX] bat=100% nbr=15"
003C,SENSOR,1,UNIFIED,"t=116 [HELLO_RX] NEW FF03 tier=3(GWN) verified=1 rssi=0.3"
003C,SENSOR,1,UNIFIED,"t=122 [HELLO_TX] bat=100% nbr=16"
003C,SENSOR,1,UNIFIED,"t=128 [HELLO_TX] bat=100% nbr=16"
003C,SENSOR,1,UNIFIED,"t=137 [HELLO_TX] bat=100% nbr=16"
003C,SENSOR,1,UNIFIED,"t=143 [HELLO_TX] bat=100% nbr=16"
003C,SENSOR,1,UNIFIED,"t=150 [HELLO_TX] bat=100% nbr=16"
003C,SENSOR,1,UNIFIED,"t=158 [HELLO_TX] bat=100% nbr=16"
003C,SENSOR,1,UNIFIED,"t=165 [HELLO_TX] bat=100% nbr=16"
003C,SENSOR,1,UNIFIED,"t=174 [HELLO_TX] bat=100% nbr=16"
003C,SENSOR,1,UNIFIED,"t=180 [HELLO_TX] bat=100% nbr=16"
003C,SENSOR,1,UNIFIED,"t=190 [HELLO_TX] bat=100% nbr=16"
003C,SENSOR,1,UNIFIED,"t=194 [HELLO_TX] bat=100% nbr=16"
003C,SENSOR,1,UNIFIED,"t=202 [HELLO_TX] bat=100% nbr=16"
003C,SENSOR,1,UNIFIED,"t=212 [HELLO_TX] bat=100% nbr=16"
003C,SENSOR,1,UNIFIED,"t=212 [HELLO_RX] NEW 0063 tier=1(UNK) verified=0 rssi=0.2"
003C,SENSOR,1,UNIFIED,"t=220 [HELLO_TX] bat=100% nbr=17"
003C,SENSOR,1,UNIFIED,"t=229 [HELLO_TX] bat=100% nbr=17"
003C,SENSOR,1,UNIFIED,"t=239 [HELLO_TX] bat=100% nbr=17"
003C,SENSOR,1,UNIFIED,"t=243 [HELLO_TX] bat=100% nbr=17"
003C,SENSOR,1,UNIFIED,"t=248 [HELLO_TX] bat=100% nbr=17"
003D,SENSOR,1,UNIFIED,"t=4 [HELLO_TX] bat=100% nbr=0"
003D,SENSOR,1,UNIFIED,"t=4 [HELLO_RX] NEW 0002 tier=1(UNK) verified=0 rssi=1.0"
003D,SENSOR,1,UNIFIED,"t=5 [HELLO_RX] NEW AA06 tier=2(CH) verified=0 rssi=1.8"
003D,SENSOR,1,UNIFIED,"t=6 [HELLO_RX] NEW 0023 tier=1(UNK) verified=0 rssi=0.4"
003D,SENSOR,1,UNIFIED,"t=10 [HELLO_RX] NEW 0008 tier=1(UNK) verified=0 rssi=11.2"
003D,SENSOR,1,UNIFIED,"t=11 [HELLO_TX] bat=100% nbr=4"
003D,SENSOR,1,UNIFIED,"t=11 [HELLO_RX] NEW 001A tier=1(UNK) verified=0 rssi=0.3"
003D,SENSOR,1,UNIFIED,"t=13 [HELLO_RX] NEW 0003 tier=1(UNK) verified=0 rssi=0.3"
003D,SENSOR,1,UNIFIED,"t=18 [HELLO_RX] NEW AA07 tier=2(CH) verified=0 rssi=0.5"
003D,SENSOR,1,UNIFIED,"t=19 [HELLO_TX] bat=100% nbr=7"
003D,SENSOR,1,UNIFIED,"t=24 [HELLO_RX] NEW 000C tier=1(UNK) verified=0 rssi=0.5"
003D,SENSOR,1,UNIFIED,"t=27 [HELLO_TX] bat=100% nbr=8"
003D,SENSOR,1,UNIFIED,"t=32 [HELLO_TX] bat=100% nbr=8"
003D,SENSOR,1,UNIFIED,"t=37 [HELLO_RX] NEW FF06 tier=3(GWN) verified=0 rssi=0.2"
003D,SENSOR,1,UNIFIED,"t=39 [HELLO_TX] bat=100% nbr=9"
003D,SENSOR,1,UNIFIED,"t=43 [HELLO_RX] NEW 0019 tier=1(UNK) verified=0 rssi=0.2"
003D,SENSOR,1,UNIFIED,"t=47 [HELLO_TX] bat=100% nbr=10"
003D,SENSOR,1,UNIFIED,"t=57 [HELLO_TX] bat=100% nbr=10"
003D,SENSOR,1,UNIFIED,"t=58 [HELLO_RX] NEW 004C tier=1(UNK) verified=0 rssi=0.4"
003D,SENSOR,1,UNIFIED,"t=61 [HELLO_RX] NEW 003F tier=1(UNK) verified=0 rssi=0.2"
003D,SENSOR,1,UNIFIED,"t=67 [HELLO_TX] bat=100% nbr=12"
003D,SENSOR,1,UNIFIED,"t=74 [HELLO_TX] bat=100% nbr=12"
003D,SENSOR,1,UNIFIED,"t=82 [HELLO_TX] bat=100% nbr=12"
003D,SENSOR,1,UNIFIED,"t=91 [HELLO_TX] bat=100% nbr=12"
003D,SENSOR,1,UNIFIED,"t=94 [HELLO_RX] NEW 0009 tier=1(UNK) verified=0 rssi=0.2"
003D,SENSOR,1,UNIFIED,"t=100 [HELLO_TX] bat=100% nbr=13"
003D,SENSOR,1,UNIFIED,"t=108 [HELLO_TX] bat=100% nbr=13"
003D,SENSOR,1,UNIFIED,"t=113 [HELLO_TX] bat=100% nbr=13"
003D,SENSOR,1,UNIFIED,"t=120 [HELLO_RX] NEW 002C tier=1(UNK) verified=0 rssi=0.2"
003D,SENSOR,1,UNIFIED,"t=123 [HELLO_TX] bat=100% nbr=14"
003D,SENSOR,1,UNIFIED,"t=128 [HELLO_TX] bat=100% nbr=14"
003D,SENSOR,1,UNIFIED,"t=135 [HELLO_TX] bat=100% nbr=14"
003D,SENSOR,1,UNIFIED,"t=141 [HELLO_TX] bat=100% nbr=14"
003D,SENSOR,1,UNIFIED,"t=145 [HELLO_TX] bat=100% nbr=14"
003D,SENSOR,1,UNIFIED,"t=145 [HELLO_RX] NEW 0030 tier=1(UNK) verified=0 rssi=0.3"
003D,SENSOR,1,UNIFIED,"t=150 [HELLO_TX] bat=100% nbr=15"
003D,SENSOR,1,UNIFIED,"t=156 [HELLO_RX] NEW 005D tier=1(UNK) verified=0 rssi=0.2"
003D,SENSOR,1,UNIFIED,"t=158 [HELLO_TX] bat=100% nbr=16"
003D,SENSOR,1,UNIFIED,"t=162 [HELLO_TX] bat=100% nbr=16"
003D,SENSOR,1,UNIFIED,"t=167 [HELLO_TX] bat=100% nbr=16"
003D,SENSOR,1,UNIFIED,"t=176 [HELLO_TX] bat=100% nbr=16"
003D,SENSOR,1,UNIFIED,"t=183 [HELLO_TX] bat=100% nbr=16"
003D,SENSOR,1,UNIFIED,"t=190 [HELLO_TX] bat=100% nbr=16"
003D,SENSOR,1,UNIFIED,"t=195 [HELLO_TX] bat=100% nbr=16"
003D,SENSOR,1,UNIFIED,"t=204 [HELLO_TX] bat=100% nbr=16"
003D,SENSOR,1,UNIFIED,"t=209 [HELLO_TX] bat=100% nbr=16"
003D,SENSOR,1,UNIFIED,"t=210 [HELLO_RX] NEW 000D tier=1(UNK) verified=0 rssi=0.2"
003D,SENSOR,1,UNIFIED,"t=216 [HELLO_TX] bat=100% nbr=17"
003D,SENSOR,1,UNIFIED,"t=223 [HELLO_TX] bat=100% nbr=17"
003D,SENSOR,1,UNIFIED,"t=229 [HELLO_TX] bat=100% nbr=17"
003D,SENSOR,1,UNIFIED,"t=237 [HELLO_TX] bat=100% nbr=17"
003D,SENSOR,1,UNIFIED,"t=241 [HELLO_TX] bat=100% nbr=17"
003E,SENSOR,1,UNIFIED,"t=4 [HELLO_TX] bat=100% nbr=0"
003E,SENSOR,1,UNIFIED,"t=4 [HELLO_RX] NEW 001F tier=1(UNK) verified=0 rssi=0.7"
003E,SENSOR,1,UNIFIED,"t=5 [HELLO_RX] NEW AA06 tier=2(CH) verified=0 rssi=0.3"
003E,SENSOR,1,UNIFIED,"t=7 [HELLO_RX] NEW 0035 tier=1(UNK) verified=0 rssi=0.6"
003E,SENSOR,1,UNIFIED,"t=8 [HELLO_RX] NEW 004F tier=1(UNK) verified=0 rssi=0.4"
003E,SENSOR,1,UNIFIED,"t=9 [HELLO_RX] NEW 0027 tier=1(UNK) verified=0 rssi=2.2"
003E,SENSOR,1,UNIFIED,"t=10 [HELLO_RX] NEW 0033 tier=1(UNK) verified=0 rssi=1.1"
003E,SENSOR,1,UNIFIED,"t=11 [HELLO_TX] bat=100% nbr=6"
003E,SENSOR,1,UNIFIED,"t=14 [HELLO_RX] NEW 001E tier=1(UNK) verified=0 rssi=0.5"
003E,SENSOR,1,UNIFIED,"t=15 [HELLO_TX] bat=100% nbr=7"
003E,SENSOR,1,UNIFIED,"t=15 [HELLO_RX] NEW 0029 tier=1(UNK) verified=0 rssi=0.8"
003E,SENSOR,1,UNIFIED,"t=16 [HELLO_RX] NEW 0017 tier=1(UNK) verified=0 rssi=1.9"
003E,SENSOR,1,UNIFIED,"t=19 [HELLO_TX] bat=100% nbr=9"
003E,SENSOR,1,UNIFIED,"t=19 [HELLO_RX] NEW FF0D tier=3(GWN) verified=0 rssi=0.4"
003E,SENSOR,1,UNIFIED,"t=20 [HELLO_RX] NEW AA05 tier=2(CH) verified=0 rssi=0.3"
003E,SENSOR,1,UNIFIED,"t=28 [HELLO_TX] bat=100% nbr=11"
003E,SENSOR,1,UNIFIED,"t=33 [HELLO_RX] NEW 005D tier=1(UNK) verified=0 rssi=0.4"
003E,SENSOR,1,UNIFIED,"t=34 [HELLO_TX] bat=100% nbr=12"
003E,SENSOR,1,UNIFIED,"t=37 [HELLO_RX] NEW 0049 tier=1(UNK) verified=0 rssi=0.3"
003E,SENSOR,1,UNIFIED,"t=38 [HELLO_TX] bat=100% nbr=13"
003E,SENSOR,1,UNIFIED,"t=38 [HELLO_RX] NEW AA09 tier=2(CH) verified=0 rssi=0.4"
003E,SENSOR,1,UNIFIED,"t=43 [HELLO_TX] bat=100% nbr=14"
003E,SENSOR,1,UNIFIED,"t=47 [HELLO_TX] bat=100% nbr=14"
003E,SENSOR,1,UNIFIED,"t=49 [HELLO_RX] NEW AA07 tier=2(CH) verified=0 rssi=0.5"
003E,SENSOR,1,UNIFIED,"t=54 [HELLO_TX] bat=100% nbr=15"
003E,SENSOR,1,UNIFIED,"t=57 [HELLO_RX] NEW 002B tier=1(UNK) verified=0 rssi=0.3"
003E,SENSOR,1,UNIFIED,"t=63 [HELLO_TX] bat=100% nbr=16"
003E,SENSOR,1,UNIFIED,"t=73 [HELLO_TX] bat=100% nbr=16"
003E,SENSOR,1,UNIFIED,"t=82 [HELLO_TX] bat=100% nbr=16"
003E,SENSOR,1,UNIFIED,"t=89 [HELLO_RX] NEW 0023 tier=1(UNK) verified=0 rssi=0.2"
003E,SENSOR,1,UNIFIED,"t=91 [HELLO_TX] bat=100% nbr=17"
003E,SENSOR,1,UNIFIED,"t=96 [HELLO_TX] bat=100% nbr=17"
003E,SENSOR,1,UNIFIED,"t=100 [HELLO_TX] bat=100% nbr=17"
003E,SENSOR,1,UNIFIED,"t=105 [HELLO_RX] NEW FF04 tier=3(GWN) verified=0 rssi=0.1"
003E,SENSOR,1,UNIFIED,"t=109 [HELLO_TX] bat=100% nbr=18"
003E,SENSOR,1,UNIFIED,"t=113 [HELLO_TX] bat=100% nbr=18"
003E,SENSOR,1,UNIFIED,"t=123 [HELLO_TX] bat=100% nbr=18"
003E,SENSOR,1,UNIFIED,"t=131 [HELLO_TX] bat=100% nbr=18"
003E,SENSOR,1,UNIFIED,"t=135 [HELLO_RX] NEW FF0C tier=3(GWN) verified=0 rssi=0.2"
003E,SENSOR,1,UNIFIED,"t=137 [HELLO_RX] NEW FF08 tier=3(GWN) verified=0 rssi=0.1"
003E,SENSOR,1,UNIFIED,"t=138 [HELLO_TX] bat=100% nbr=20"
003E,SENSOR,1,UNIFIED,"t=145 [HELLO_RX] NEW 0026 tier=1(UNK) verified=0 rssi=0.2"
003E,SENSOR,1,UNIFIED,"t=148 [HELLO_TX] bat=100% nbr=21"
003E,SENSOR,1,UNIFIED,"t=150 [HELLO_RX] NEW 003F tier=1(UNK) verified=0 rssi=0.2"
003E,SENSOR,1,UNIFIED,"t=152 [HELLO_TX] bat=100% nbr=22"
003E,SENSOR,1,UNIFIED,"t=161 [HELLO_TX] bat=100% nbr=22"
003E,SENSOR,1,UNIFIED,"t=171 [HELLO_TX] bat=100% nbr=22"
003E,SENSOR,1,UNIFIED,"t=179 [HELLO_TX] bat=100% nbr=22"
003E,SENSOR,1,UNIFIED,"t=185 [HELLO_TX] bat=100% nbr=22"
003E,SENSOR,1,UNIFIED,"t=192 [HELLO_TX] bat=100% nbr=22"
003E,SENSOR,1,UNIFIED,"t=196 [HELLO_RX] NEW FF05 tier=3(GWN) verified=0 rssi=0.1"
003E,SENSOR,1,UNIFIED,"t=199 [HELLO_RX] NEW 0019 tier=1(UNK) verified=0 rssi=0.2"
003E,SENSOR,1,UNIFIED,"t=200 [HELLO_TX] bat=100% nbr=24"
003E,SENSOR,1,UNIFIED,"t=204 [HELLO_TX] bat=100% nbr=24"
003E,SENSOR,1,UNIFIED,"t=211 [HELLO_TX] bat=100% nbr=24"
003E,SENSOR,1,UNIFIED,"t=220 [HELLO_TX] bat=100% nbr=24"
003E,SENSOR,1,UNIFIED,"t=228 [HELLO_TX] bat=100% nbr=24"
003E,SENSOR,1,UNIFIED,"t=232 [HELLO_TX] bat=100% nbr=24"
003E,SENSOR,1,UNIFIED,"t=237 [HELLO_TX] bat=100% nbr=24"
003E,SENSOR,1,UNIFIED,"t=247 [HELLO_TX] bat=100% nbr=24"
003F,SENSOR,1,UNIFIED,"t=4 [HELLO_RX] NEW 003B tier=1(UNK) verified=0 rssi=0.6"
003F,SENSOR,1,UNIFIED,"t=5 [HELLO_RX] NEW 005D tier=1(UNK) verified=0 rssi=1.1"
003F,SENSOR,1,UNIFIED,"t=6 [HELLO_RX] NEW 0023 tier=1(UNK) verified=0 rssi=3.8"
003F,SENSOR,1,UNIFIED,"t=8 [HELLO_TX] bat=100% nbr=3"
003F,SENSOR,1,UNIFIED,"t=8 [HELLO_RX] NEW 004E tier=1(UNK) verified=0 rssi=0.2"
003F,SENSOR,1,UNIFIED,"t=9 [HELLO_RX] NEW 0019 tier=1(UNK) verified=0 rssi=35.3"
003F,SENSOR,1,UNIFIED,"t=10 [HELLO_RX] NEW AA06 tier=2(CH) verified=0 rssi=0.9"
003F,SENSOR,1,UNIFIED,"t=11 [HELLO_RX] NEW 0029 tier=1(UNK) verified=0 rssi=0.7"
003F,SENSOR,1,UNIFIED,"t=15 [HELLO_RX] NEW 003E tier=1(UNK) verified=0 rssi=0.2"
003F,SENSOR,1,UNIFIED,"t=16 [HELLO_TX] bat=100% nbr=8"
003F,SENSOR,1,UNIFIED,"t=18 [HELLO_RX] NEW AA07 tier=2(CH) verified=0 rssi=0.6"
003F,SENSOR,1,UNIFIED,"t=22 [HELLO_RX] NEW 001E tier=1(UNK) verified=0 rssi=1.1"
003F,SENSOR,1,UNIFIED,"t=23 [HELLO_RX] NEW 002B tier=1(UNK) verified=0 rssi=0.4"
003F,SENSOR,1,UNIFIED,"t=24 [HELLO_TX] bat=100% nbr=11"
003F,SENSOR,1,UNIFIED,"t=32 [HELLO_RX] NEW 0049 tier=1(UNK) verified=0 rssi=2.8"
003F,SENSOR,1,UNIFIED,"t=33 [HELLO_TX] bat=100% nbr=12"
003F,SENSOR,1,UNIFIED,"t=38 [HELLO_TX] bat=100% nbr=12"
003F,SENSOR,1,UNIFIED,"t=39 [HELLO_RX] NEW FF04 tier=3(GWN) verified=0 rssi=0.1"
003F,SENSOR,1,UNIFIED,"t=46 [HELLO_TX] bat=100% nbr=13"
003F,SENSOR,1,UNIFIED,"t=51 [HELLO_TX] bat=100% nbr=13"
003F,SENSOR,1,UNIFIED,"t=61 [HELLO_TX] bat=100% nbr=13"
003F,SENSOR,1,UNIFIED,"t=66 [HELLO_TX] bat=100% nbr=13"
003F,SENSOR,1,UNIFIED,"t=75 [HELLO_TX] bat=100% nbr=13"
003F,SENSOR,1,UNIFIED,"t=77 [HELLO_RX] NEW 0008 tier=1(UNK) verified=0 rssi=0.3"
003F,SENSOR,1,UNIFIED,"t=83 [HELLO_TX] bat=100% nbr=14"
003F,SENSOR,1,UNIFIED,"t=85 [HELLO_RX] NEW 004C tier=1(UNK) verified=0 rssi=0.2"
003F,SENSOR,1,UNIFIED,"t=87 [HELLO_TX] bat=100% nbr=15"
003F,SENSOR,1,UNIFIED,"t=94 [HELLO_TX] bat=100% nbr=15"
003F,SENSOR,1,UNIFIED,"t=97 [HELLO_RX] NEW FF07 tier=3(GWN) verified=0 rssi=0.2"
003F,SENSOR,1,UNIFIED,"t=100 [HELLO_RX] NEW 003D tier=1(UNK) verified=0 rssi=0.2"
003F,SENSOR,1,UNIFIED,"t=101 [HELLO_TX] bat=100% nbr=17"
003F,SENSOR,1,UNIFIED,"t=110 [HELLO_TX] bat=100% nbr=17"
003F,SENSOR,1,UNIFIED,"t=115 [HELLO_RX] NEW 0002 tier=1(UNK) verified=0 rssi=0.2"
003F,SENSOR,1,UNIFIED,"t=116 [HELLO_TX] bat=100% nbr=18"
003F,SENSOR,1,UNIFIED,"t=124 [HELLO_TX] bat=100% nbr=18"
003F,SENSOR,1,UNIFIED,"t=127 [HELLO_RX] NEW FF0D tier=3(GWN) verified=0 rssi=0.1"
003F,SENSOR,1,UNIFIED,"t=131 [HELLO_TX] bat=100% nbr=19"
003F,SENSOR,1,UNIFIED,"t=135 [HELLO_TX] bat=100% nbr=19"
003F,SENSOR,1,UNIFIED,"t=140 [HELLO_TX] bat=100% nbr=19"
003F,SENSOR,1,UNIFIED,"t=146 [HELLO_TX] bat=100% nbr=19"
003F,SENSOR,1,UNIFIED,"t=150 [HELLO_TX] bat=100% nbr=19"
003F,SENSOR,1,UNIFIED,"t=152 [HELLO_RX] NEW 004A tier=1(UNK) verified=0 rssi=0.2"
003F,SENSOR,1,UNIFIED,"t=159 [HELLO_TX] bat=100% nbr=20"
003F,SENSOR,1,UNIFIED,"t=168 [HELLO_TX] bat=100% nbr=20"
003F,SENSOR,1,UNIFIED,"t=178 [HELLO_TX] bat=100% nbr=20"
003F,SENSOR,1,UNIFIED,"t=188 [HELLO_TX] bat=100% nbr=20"
003F,SENSOR,1,UNIFIED,"t=197 [HELLO_TX] bat=100% nbr=20"
003F,SENSOR,1,UNIFIED,"t=207 [HELLO_TX] bat=100% nbr=20"
003F,SENSOR,1,UNIFIED,"t=217 [HELLO_TX] bat=100% nbr=20"
003F,SENSOR,1,UNIFIED,"t=221 [HELLO_TX] bat=100% nbr=20"
003F,SENSOR,1,UNIFIED,"t=227 [HELLO_TX] bat=100% nbr=20"
003F,SENSOR,1,UNIFIED,"t=233 [HELLO_TX] bat=100% nbr=20"
003F,SENSOR,1,UNIFIED,"t=239 [HELLO_TX] bat=100% nbr=20"
003F,SENSOR,1,UNIFIED,"t=247 [HELLO_TX] bat=100% nbr=20"
0040,SENSOR,1,UNIFIED,"t=4 [HELLO_TX] bat=100% nbr=0"
0040,SENSOR,1,UNIFIED,"t=4 [HELLO_RX] NEW 0057 tier=1(UNK) verified=0 rssi=2.5"
0040,SENSOR,1,UNIFIED,"t=5 [HELLO_RX] NEW 0043 tier=1(UNK) verified=0 rssi=8.0"
0040,SENSOR,1,UNIFIED,"t=8 [HELLO_RX] NEW AA0B tier=2(CH) verified=0 rssi=3.2"
0040,SENSOR,1,UNIFIED,"t=9 [HELLO_RX] NEW AA0A tier=2(CH) verified=0 rssi=70.5"
0040,SENSOR,1,UNIFIED,"t=10 [HELLO_RX] NEW 001B tier=1(UNK) verified=0 rssi=23.9"
0040,SENSOR,1,UNIFIED,"t=13 [HELLO_TX] bat=100% nbr=5"
0040,SENSOR,1,UNIFIED,"t=17 [HELLO_RX] NEW AA04 tier=2(CH) verified=0 rssi=0.4"
0040,SENSOR,1,UNIFIED,"t=19 [HELLO_RX] NEW 000B tier=1(UNK) verified=0 rssi=5.2"
0040,SENSOR,1,UNIFIED,"t=22 [HELLO_TX] bat=100% nbr=7"
0040,SENSOR,1,UNIFIED,"t=23 [HELLO_RX] NEW FF08 tier=3(GWN) verified=0 rssi=0.5"
0040,SENSOR,1,UNIFIED,"t=32 [HELLO_TX] bat=100% nbr=8"
0040,SENSOR,1,UNIFIED,"t=38 [HELLO_RX] NEW 005A tier=1(UNK) verified=0 rssi=0.3"
0040,SENSOR,1,UNIFIED,"t=40 [HELLO_TX] bat=100% nbr=9"
0040,SENSOR,1,UNIFIED,"t=47 [HELLO_RX] NEW FF05 tier=3(GWN) verified=0 rssi=0.3"
0040,SENSOR,1,UNIFIED,"t=48 [HELLO_TX] bat=100% nbr=10"
0040,SENSOR,1,UNIFIED,"t=52 [HELLO_TX] bat=100% nbr=10"
0040,SENSOR,1,UNIFIED,"t=56 [HELLO_TX] bat=100% nbr=10"
0040,SENSOR,1,UNIFIED,"t=63 [HELLO_TX] bat=100% nbr=10"
0040,SENSOR,1,UNIFIED,"t=71 [HELLO_TX] bat=100% nbr=10"
0040,SENSOR,1,UNIFIED,"t=77 [HELLO_TX] bat=100% nbr=10"
0040,SENSOR,1,UNIFIED,"t=81 [HELLO_TX] bat=100% nbr=10"
0040,SENSOR,1,UNIFIED,"t=88 [HELLO_TX] bat=100% nbr=10"
0040,SENSOR,1,UNIFIED,"t=97 [HELLO_TX] bat=100% nbr=10"
0040,SENSOR,1,UNIFIED,"t=100 [HELLO_RX] NEW 003A tier=1(UNK) verified=0 rssi=0.2"
0040,SENSOR,1,UNIFIED,"t=105 [HELLO_TX] bat=100% nbr=11"
0040,SENSOR,1,UNIFIED,"t=115 [HELLO_TX] bat=100% nbr=11"
0040,SENSOR,1,UNIFIED,"t=121 [HELLO_TX] bat=100% nbr=11"
0040,SENSOR,1,UNIFIED,"t=129 [HELLO_TX] bat=100% nbr=11"
0040,SENSOR,1,UNIFIED,"t=137 [HELLO_TX] bat=100% nbr=11"
0040,SENSOR,1,UNIFIED,"t=141 [HELLO_TX] bat=100% nbr=11"
0040,SENSOR,1,UNIFIED,"t=144 [HELLO_RX] NEW 0042 tier=1(UNK) verified=0 rssi=0.3"
0040,SENSOR,1,UNIFIED,"t=145 [HELLO_RX] NEW FF0C tier=3(GWN) verified=0 rssi=0.1"
0040,SENSOR,1,UNIFIED,"t=151 [HELLO_TX] bat=100% nbr=13"
0040,SENSOR,1,UNIFIED,"t=159 [HELLO_TX] bat=100% nbr=13"
0040,SENSOR,1,UNIFIED,"t=167 [HELLO_TX] bat=100% nbr=13"
0040,SENSOR,1,UNIFIED,"t=177 [HELLO_TX] bat=100% nbr=13"
0040,SENSOR,1,UNIFIED,"t=181 [HELLO_TX] bat=100% nbr=13"
0040,SENSOR,1,UNIFIED,"t=186 [HELLO_TX] bat=100% nbr=13"
0040,SENSOR,1,UNIFIED,"t=192 [HELLO_TX] bat=100% nbr=13"
0040,SENSOR,1,UNIFIED,"t=201 [HELLO_TX] bat=100% nbr=13"
0040,SENSOR,1,UNIFIED,"t=211 [HELLO_TX] bat=100% nbr=13"
0040,SENSOR,1,UNIFIED,"t=218 [HELLO_TX] bat=100% nbr=13"
0040,SENSOR,1,UNIFIED,"t=224 [HELLO_TX] bat=100% nbr=13"
0040,SENSOR,1,UNIFIED,"t=230 [HELLO_TX] bat=100% nbr=13"
0040,SENSOR,1,UNIFIED,"t=234 [HELLO_TX] bat=100% nbr=13"
0040,SENSOR,1,UNIFIED,"t=239 [HELLO_TX] bat=100% nbr=13"
0040,SENSOR,1,UNIFIED,"t=248 [HELLO_TX] bat=100% nbr=13"
0041,SENSOR,1,UNIFIED,"t=4 [HELLO_RX] NEW 0022 tier=1(UNK) verified=0 rssi=1.3"
0041,SENSOR,1,UNIFIED,"t=5 [HELLO_RX] NEW 005B tier=1(UNK) verified=0 rssi=4.5"
0041,SENSOR,1,UNIFIED,"t=6 [HELLO_RX] NEW AA03 tier=2(CH) verified=0 rssi=1.0"
0041,SENSOR,1,UNIFIED,"t=7 [HELLO_TX] bat=100% nbr=3"
0041,SENSOR,1,UNIFIED,"t=7 [HELLO_RX] NEW 0025 tier=1(UNK) verified=0 rssi=3.2"
0041,SENSOR,1,UNIFIED,"t=9 [HELLO_RX] NEW 0059 tier=1(UNK) verified=0 rssi=4.8"
0041,SENSOR,1,UNIFIED,"t=13 [HELLO_TX] bat=100% nbr=5"
0041,SENSOR,1,UNIFIED,"t=13 [HELLO_RX] NEW 000D tier=1(UNK) verified=0 rssi=0.5"
0041,SENSOR,1,UNIFIED,"t=14 [HELLO_RX] NEW 0061 tier=1(UNK) verified=0 rssi=1.3"
0041,SENSOR,1,UNIFIED,"t=15 [HELLO_RX] NEW 0046 tier=1(UNK) verified=0 rssi=0.4"
0041,SENSOR,1,UNIFIED,"t=22 [HELLO_TX] bat=100% nbr=8"
0041,SENSOR,1,UNIFIED,"t=24 [HELLO_RX] NEW 000C tier=1(UNK) verified=0 rssi=0.2"
0041,SENSOR,1,UNIFIED,"t=27 [HELLO_TX] bat=100% nbr=9"
0041,SENSOR,1,UNIFIED,"t=35 [HELLO_TX] bat=100% nbr=9"
0041,SENSOR,1,UNIFIED,"t=36 [HELLO_RX] NEW 0056 tier=1(UNK) verified=0 rssi=0.5"
0041,SENSOR,1,UNIFIED,"t=42 [HELLO_TX] bat=100% nbr=10"
0041,SENSOR,1,UNIFIED,"t=44 [HELLO_RX] NEW 0064 tier=1(UNK) verified=0 rssi=0.2"
0041,SENSOR,1,UNIFIED,"t=48 [HELLO_RX] NEW AA02 tier=2(CH) verified=0 rssi=0.3"
0041,SENSOR,1,UNIFIED,"t=52 [HELLO_TX] bat=100% nbr=12"
0041,SENSOR,1,UNIFIED,"t=56 [HELLO_TX] bat=100% nbr=12"
0041,SENSOR,1,UNIFIED,"t=61 [HELLO_RX] NEW 0060 tier=1(UNK) verified=0 rssi=0.5"
0041,SENSOR,1,UNIFIED,"t=62 [HELLO_RX] NEW 0038 tier=1(UNK) verified=0 rssi=0.5"
0041,SENSOR,1,UNIFIED,"t=64 [HELLO_TX] bat=100% nbr=14"
0041,SENSOR,1,UNIFIED,"t=70 [HELLO_TX] bat=100% nbr=14"
0041,SENSOR,1,UNIFIED,"t=71 [HELLO_RX] NEW 0063 tier=1(UNK) verified=0 rssi=0.3"
0041,SENSOR,1,UNIFIED,"t=73 [HELLO_RX] NEW 0028 tier=1(UNK) verified=0 rssi=0.3"
0041,SENSOR,1,UNIFIED,"t=79 [HELLO_TX] bat=100% nbr=16"
0041,SENSOR,1,UNIFIED,"t=79 [HELLO_RX] NEW FF01 tier=3(GWN) verified=1 rssi=0.3"
0041,SENSOR,1,UNIFIED,"t=84 [HELLO_TX] bat=100% nbr=17"
0041,SENSOR,1,UNIFIED,"t=89 [HELLO_TX] bat=100% nbr=17"
0041,SENSOR,1,UNIFIED,"t=95 [HELLO_RX] NEW FF09 tier=3(GWN) verified=1 rssi=0.4"
0041,SENSOR,1,UNIFIED,"t=97 [HELLO_RX] NEW FF02 tier=3(GWN) verified=1 rssi=0.3"
0041,SENSOR,1,UNIFIED,"t=98 [HELLO_RX] NEW AA08 tier=2(CH) verified=0 rssi=0.2"
0041,SENSOR,1,UNIFIED,"t=99 [HELLO_TX] bat=100% nbr=20"
0041,SENSOR,1,UNIFIED,"t=108 [HELLO_TX] bat=100% nbr=20"
0041,SENSOR,1,UNIFIED,"t=116 [HELLO_TX] bat=100% nbr=20"
0041,SENSOR,1,UNIFIED,"t=116 [HELLO_RX] NEW 0037 tier=1(UNK) verified=0 rssi=0.2"
0041,SENSOR,1,UNIFIED,"t=120 [HELLO_TX] bat=100% nbr=21"
0041,SENSOR,1,UNIFIED,"t=124 [HELLO_TX] bat=100% nbr=21"
0041,SENSOR,1,UNIFIED,"t=134 [HELLO_TX] bat=100% nbr=21"
0041,SENSOR,1,UNIFIED,"t=139 [HELLO_TX] bat=100% nbr=21"
0041,SENSOR,1,UNIFIED,"t=139 [HELLO_RX] NEW 0054 tier=1(UNK) verified=0 rssi=0.2"
0041,SENSOR,1,UNIFIED,"t=145 [HELLO_TX] bat=100% nbr=22"
0041,SENSOR,1,UNIFIED,"t=150 [HELLO_TX] bat=100% nbr=22"
0041,SENSOR,1,UNIFIED,"t=159 [HELLO_TX] bat=100% nbr=22"
0041,SENSOR,1,UNIFIED,"t=159 [HELLO_RX] NEW 0062 tier=1(UNK) verified=0 rssi=0.2"
0041,SENSOR,1,UNIFIED,"t=167 [HELLO_TX] bat=100% nbr=23"
0041,SENSOR,1,UNIFIED,"t=172 [HELLO_TX] bat=100% nbr=23"
0041,SENSOR,1,UNIFIED,"t=172 [HELLO_RX] NEW 0048 tier=1(UNK) verified=0 rssi=0.2"
0041,SENSOR,1,UNIFIED,"t=181 [HELLO_TX] bat=100% nbr=24"
0041,SENSOR,1,UNIFIED,"t=186 [HELLO_TX] bat=100% nbr=24"
0041,SENSOR,1,UNIFIED,"t=195 [HELLO_TX] bat=100% nbr=24"
0041,SENSOR,1,UNIFIED,"t=201 [HELLO_TX] bat=100% nbr=24"
0041,SENSOR,1,UNIFIED,"t=209 [HELLO_TX] bat=100% nbr=24"
0041,SENSOR,1,UNIFIED,"t=218 [HELLO_TX] bat=100% nbr=24"
0041,SENSOR,1,UNIFIED,"t=228 [HELLO_TX] bat=100% nbr=24"
0041,SENSOR,1,UNIFIED,"t=236 [HELLO_TX] bat=100% nbr=24"
0041,SENSOR,1,UNIFIED,"t=242 [HELLO_TX] bat=100% nbr=24"
0042,SENSOR,1,UNIFIED,"t=4 [HELLO_TX] bat=100% nbr=0"
0042,SENSOR,1,UNIFIED,"t=4 [HELLO_RX] NEW 0021 tier=1(UNK) verified=0 rssi=0.7"
0042,SENSOR,1,UNIFIED,"t=5 [HELLO_RX] NEW 0043 tier=1(UNK) verified=0 rssi=0.4"
0042,SENSOR,1,UNIFIED,"t=6 [HELLO_RX] NEW AA05 tier=2(CH) verified=0 rssi=0.5"
0042,SENSOR,1,UNIFIED,"t=8 [HELLO_RX] NEW AA04 tier=2(CH) verified=0 rssi=12.6"
0042,SENSOR,1,UNIFIED,"t=9 [HELLO_RX] NEW AA0A tier=2(CH) verified=0 rssi=0.6"
0042,SENSOR,1,UNIFIED,"t=10 [HELLO_RX] NEW AA09 tier=2(CH) verified=0 rssi=0.8"
0042,SENSOR,1,UNIFIED,"t=13 [HELLO_TX] bat=100% nbr=6"
0042,SENSOR,1,UNIFIED,"t=13 [HELLO_RX] NEW FF05 tier=3(GWN) verified=0 rssi=0.3"
0042,SENSOR,1,UNIFIED,"t=14 [HELLO_RX] NEW AA0B tier=2(CH) verified=0 rssi=0.4"
0042,SENSOR,1,UNIFIED,"t=17 [HELLO_RX] NEW FF08 tier=3(GWN) verified=0 rssi=0.3"
0042,SENSOR,1,UNIFIED,"t=18 [HELLO_RX] NEW FF0C tier=3(GWN) verified=0 rssi=0.4"
0042,SENSOR,1,UNIFIED,"t=22 [HELLO_TX] bat=100% nbr=10"
0042,SENSOR,1,UNIFIED,"t=23 [HELLO_RX] NEW 004B tier=1(UNK) verified=0 rssi=0.9"
0042,SENSOR,1,UNIFIED,"t=29 [HELLO_TX] bat=100% nbr=11"
0042,SENSOR,1,UNIFIED,"t=31 [HELLO_RX] NEW 003A tier=1(UNK) verified=0 rssi=0.5"
0042,SENSOR,1,UNIFIED,"t=34 [HELLO_RX] NEW 0001 tier=1(UNK) verified=0 rssi=0.6"
0042,SENSOR,1,UNIFIED,"t=36 [HELLO_RX] NEW 001B tier=1(UNK) verified=0 rssi=0.2"
0042,SENSOR,1,UNIFIED,"t=38 [HELLO_TX] bat=100% nbr=14"
0042,SENSOR,1,UNIFIED,"t=43 [HELLO_RX] NEW 0057 tier=1(UNK) verified=0 rssi=0.5"
0042,SENSOR,1,UNIFIED,"t=44 [HELLO_TX] bat=100% nbr=15"
0042,SENSOR,1,UNIFIED,"t=48 [HELLO_RX] NEW 0040 tier=1(UNK) verified=0 rssi=0.3"
0042,SENSOR,1,UNIFIED,"t=54 [HELLO_TX] bat=100% nbr=16"
0042,SENSOR,1,UNIFIED,"t=62 [HELLO_TX] bat=100% nbr=16"
0042,SENSOR,1,UNIFIED,"t=68 [HELLO_TX] bat=100% nbr=16"
0042,SENSOR,1,UNIFIED,"t=78 [HELLO_TX] bat=100% nbr=16"
0042,SENSOR,1,UNIFIED,"t=86 [HELLO_TX] bat=100% nbr=16"
0042,SENSOR,1,UNIFIED,"t=91 [HELLO_TX] bat=100% nbr=16"
0042,SENSOR,1,UNIFIED,"t=99 [HELLO_TX] bat=100% nbr=16"
0042,SENSOR,1,UNIFIED,"t=109 [HELLO_TX] bat=100% nbr=16"
0042,SENSOR,1,UNIFIED,"t=114 [HELLO_TX] bat=100% nbr=16"
0042,SENSOR,1,UNIFIED,"t=124 [HELLO_TX] bat=100% nbr=16"
0042,SENSOR,1,UNIFIED,"t=124 [HELLO_RX] NEW 000B tier=1(UNK) verified=0 rssi=0.2"
0042,SENSOR,1,UNIFIED,"t=130 [HELLO_TX] bat=100% nbr=17"
0042,SENSOR,1,UNIFIED,"t=135 [HELLO_TX] bat=100% nbr=17"
0042,SENSOR,1,UNIFIED,"t=135 [HELLO_RX] NEW 004D tier=1(UNK) verified=0 rssi=0.3"
0042,SENSOR,1,UNIFIED,"t=144 [HELLO_TX] bat=100% nbr=18"
0042,SENSOR,1,UNIFIED,"t=145 [HELLO_RX] NEW 000E tier=1(UNK) verified=0 rssi=0.2"
0042,SENSOR,1,UNIFIED,"t=151 [HELLO_TX] bat=100% nbr=19"
0042,SENSOR,1,UNIFIED,"t=157 [HELLO_TX] bat=100% nbr=19"
0042,SENSOR,1,UNIFIED,"t=161 [HELLO_TX] bat=100% nbr=19"
0042,SENSOR,1,UNIFIED,"t=161 [HELLO_RX] NEW FF0D tier=3(GWN) verified=0 rssi=0.1"
0042,SENSOR,1,UNIFIED,"t=168 [HELLO_TX] bat=100% nbr=20"
0042,SENSOR,1,UNIFIED,"t=176 [HELLO_TX] bat=100% nbr=20"
0042,SENSOR,1,UNIFIED,"t=180 [HELLO_TX] bat=100% nbr=20"
0042,SENSOR,1,UNIFIED,"t=184 [HELLO_TX] bat=100% nbr=20"
0042,SENSOR,1,UNIFIED,"t=189 [HELLO_TX] bat=100% nbr=20"
0042,SENSOR,1,UNIFIED,"t=197 [HELLO_TX] bat=100% nbr=20"
0042,SENSOR,1,UNIFIED,"t=202 [HELLO_TX] bat=100% nbr=20"
0042,SENSOR,1,UNIFIED,"t=204 [HELLO_RX] NEW 005A tier=1(UNK) verified=0 rssi=0.2"
0042,SENSOR,1,UNIFIED,"t=207 [HELLO_TX] bat=100% nbr=21"
0042,SENSOR,1,UNIFIED,"t=214 [HELLO_TX] bat=100% nbr=21"
0042,SENSOR,1,UNIFIED,"t=221 [HELLO_TX] bat=100% nbr=21"
0042,SENSOR,1,UNIFIED,"t=225 [HELLO_TX] bat=100% nbr=21"
0042,SENSOR,1,UNIFIED,"t=231 [HELLO_TX] bat=100% nbr=21"
0042,SENSOR,1,UNIFIED,"t=238 [HELLO_TX] bat=100% nbr=21"
0042,SENSOR,1,UNIFIED,"t=243 [HELLO_TX] bat=100% nbr=21"
0042,SENSOR,1,UNIFIED,"t=243 [HELLO_RX] NEW 0053 tier=1(UNK) verified=0 rssi=0.3"
0042,SENSOR,1,UNIFIED,"t=247 [HELLO_TX] bat=100% nbr=22"
0043,SENSOR,1,UNIFIED,"t=4 [HELLO_RX] NEW 0057 tier=1(UNK) verified=0 rssi=25.0"
0043,SENSOR,1,UNIFIED,"t=5 [HELLO_TX] bat=100% nbr=1"
0043,SENSOR,1,UNIFIED,"t=8 [HELLO_RX] NEW AA0B tier=2(CH) verified=0 rssi=1.4"
0043,SENSOR,1,UNIFIED,"t=9 [HELLO_RX] NEW AA0A tier=2(CH) verified=0 rssi=14.4"
0043,SENSOR,1,UNIFIED,"t=12 [HELLO_TX] bat=100% nbr=3"
0043,SENSOR,1,UNIFIED,"t=12 [HELLO_RX] NEW 005A tier=1(UNK) verified=0 rssi=0.5"
0043,SENSOR,1,UNIFIED,"t=13 [HELLO_RX] NEW 0040 tier=1(UNK) verified=0 rssi=8.0"
0043,SENSOR,1,UNIFIED,"t=15 [HELLO_RX] NEW AA09 tier=2(CH) verified=0 rssi=0.2"
0043,SENSOR,1,UNIFIED,"t=16 [HELLO_TX] bat=100% nbr=6"
0043,SENSOR,1,UNIFIED,"t=17 [HELLO_RX] NEW AA04 tier=2(CH) verified=0 rssi=0.5"
0043,SENSOR,1,UNIFIED,"t=19 [HELLO_RX] NEW 000B tier=1(UNK) verified=0 rssi=3.3"
0043,SENSOR,1,UNIFIED,"t=20 [HELLO_TX] bat=100% nbr=8"
0043,SENSOR,1,UNIFIED,"t=20 [HELLO_RX] NEW 001B tier=1(UNK) verified=0 rssi=4.2"
0043,SENSOR,1,UNIFIED,"t=23 [HELLO_RX] NEW FF08 tier=3(GWN) verified=0 rssi=0.4"
0043,SENSOR,1,UNIFIED,"t=28 [HELLO_RX] NEW 004B tier=1(UNK) verified=0 rssi=0.4"
0043,SENSOR,1,UNIFIED,"t=30 [HELLO_TX] bat=100% nbr=11"
0043,SENSOR,1,UNIFIED,"t=40 [HELLO_TX] bat=100% nbr=11"
0043,SENSOR,1,UNIFIED,"t=46 [HELLO_TX] bat=100% nbr=11"
0043,SENSOR,1,UNIFIED,"t=50 [HELLO_TX] bat=100% nbr=11"
0043,SENSOR,1,UNIFIED,"t=57 [HELLO_TX] bat=100% nbr=11"
0043,SENSOR,1,UNIFIED,"t=62 [HELLO_RX] NEW 0042 tier=1(UNK) verified=0 rssi=0.4"
0043,SENSOR,1,UNIFIED,"t=64 [HELLO_TX] bat=100% nbr=12"
0043,SENSOR,1,UNIFIED,"t=70 [HELLO_TX] bat=100% nbr=12"
0043,SENSOR,1,UNIFIED,"t=74 [HELLO_TX] bat=100% nbr=12"
0043,SENSOR,1,UNIFIED,"t=75 [HELLO_RX] NEW 0010 tier=1(UNK) verified=0 rssi=0.2"
0043,SENSOR,1,UNIFIED,"t=82 [HELLO_TX] bat=100% nbr=13"
0043,SENSOR,1,UNIFIED,"t=92 [HELLO_TX] bat=100% nbr=13"
0043,SENSOR,1,UNIFIED,"t=97 [HELLO_TX] bat=100% nbr=13"
0043,SENSOR,1,UNIFIED,"t=101 [HELLO_RX] NEW 0007 tier=1(UNK) verified=0 rssi=0.2"
0043,SENSOR,1,UNIFIED,"t=104 [HELLO_TX] bat=100% nbr=14"
0043,SENSOR,1,UNIFIED,"t=109 [HELLO_TX] bat=100% nbr=14"
0043,SENSOR,1,UNIFIED,"t=116 [HELLO_TX] bat=100% nbr=14"
0043,SENSOR,1,UNIFIED,"t=121 [HELLO_TX] bat=100% nbr=14"
0043,SENSOR,1,UNIFIED,"t=126 [HELLO_TX] bat=100% nbr=14"
0043,SENSOR,1,UNIFIED,"t=127 [HELLO_RX] NEW 003A tier=1(UNK) verified=0 rssi=0.2"
0043,SENSOR,1,UNIFIED,"t=131 [HELLO_TX] bat=100% nbr=15"
0043,SENSOR,1,UNIFIED,"t=137 [HELLO_TX] bat=100% nbr=15"
0043,SENSOR,1,UNIFIED,"t=141 [HELLO_TX] bat=100% nbr=15"
0043,SENSOR,1,UNIFIED,"t=148 [HELLO_TX] bat=100% nbr=15"
0043,SENSOR,1,UNIFIED,"t=153 [HELLO_TX] bat=100% nbr=15"
0043,SENSOR,1,UNIFIED,"t=160 [HELLO_TX] bat=100% nbr=15"
0043,SENSOR,1,UNIFIED,"t=166 [HELLO_TX] bat=100% nbr=15"
0043,SENSOR,1,UNIFIED,"t=171 [HELLO_RX] NEW 0021 tier=1(UNK) verified=0 rssi=0.2"
0043,SENSOR,1,UNIFIED,"t=175 [HELLO_TX] bat=100% nbr=16"
0043,SENSOR,1,UNIFIED,"t=179 [HELLO_TX] bat=100% nbr=16"
0043,SENSOR,1,UNIFIED,"t=187 [HELLO_TX] bat=100% nbr=16"
0043,SENSOR,1,UNIFIED,"t=196 [HELLO_TX] bat=100% nbr=16"
0043,SENSOR,1,UNIFIED,"t=206 [HELLO_TX] bat=100% nbr=16"
0043,SENSOR,1,UNIFIED,"t=213 [HELLO_TX] bat=100% nbr=16"
0043,SENSOR,1,UNIFIED,"t=217 [HELLO_TX] bat=100% nbr=16"
0043,SENSOR,1,UNIFIED,"t=221 [HELLO_TX] bat=100% nbr=16"
0043,SENSOR,1,UNIFIED,"t=226 [HELLO_TX] bat=100% nbr=16"
0043,SENSOR,1,UNIFIED,"t=232 [HELLO_TX] bat=100% nbr=16"
0043,SENSOR,1,UNIFIED,"t=241 [HELLO_TX] bat=100% nbr=16"
0043,SENSOR,1,UNIFIED,"t=249 [HELLO_TX] bat=100% nbr=16"
0044,SENSOR,1,UNIFIED,"t=4 [HELLO_RX] NEW 003C tier=1(UNK) verified=0 rssi=38.9"
0044,SENSOR,1,UNIFIED,"t=5 [HELLO_RX] NEW 0054 tier=1(UNK) verified=0 rssi=3.2"
0044,SENSOR,1,UNIFIED,"t=6 [HELLO_RX] NEW AA03 tier=2(CH) verified=0 rssi=1.2"
0044,SENSOR,1,UNIFIED,"t=7 [HELLO_TX] bat=100% nbr=3"
0044,SENSOR,1,UNIFIED,"t=8 [HELLO_RX] NEW FF09 tier=3(GWN) verified=0 rssi=0.4"
0044,SENSOR,1,UNIFIED,"t=9 [HELLO_RX] NEW AA02 tier=2(CH) verified=0 rssi=15.2"
0044,SENSOR,1,UNIFIED,"t=10 [HELLO_RX] NEW FF01 tier=3(GWN) verified=0 rssi=2.6"
0044,SENSOR,1,UNIFIED,"t=11 [HELLO_TX] bat=100% nbr=6"
0044,SENSOR,1,UNIFIED,"t=11 [HELLO_RX] NEW 001D tier=1(UNK) verified=0 rssi=16.6"
0044,SENSOR,1,UNIFIED,"t=15 [HELLO_RX] NEW 0037 tier=1(UNK) verified=0 rssi=0.2"
0044,SENSOR,1,UNIFIED,"t=16 [HELLO_RX] NEW FF02 tier=3(GWN) verified=0 rssi=0.5"
0044,SENSOR,1,UNIFIED,"t=17 [HELLO_TX] bat=100% nbr=9"
0044,SENSOR,1,UNIFIED,"t=22 [HELLO_RX] NEW 0060 tier=1(UNK) verified=0 rssi=0.7"
0044,SENSOR,1,UNIFIED,"t=26 [HELLO_RX] NEW 001C tier=1(UNK) verified=0 rssi=4.2"
0044,SENSOR,1,UNIFIED,"t=27 [HELLO_TX] bat=100% nbr=11"
0044,SENSOR,1,UNIFIED,"t=29 [HELLO_RX] NEW 0031 tier=1(UNK) verified=0 rssi=2.1"
0044,SENSOR,1,UNIFIED,"t=37 [HELLO_TX] bat=100% nbr=12"
0044,SENSOR,1,UNIFIED,"t=44 [HELLO_RX] NEW FF03 tier=3(GWN) verified=1 rssi=0.3"
0044,SENSOR,1,UNIFIED,"t=46 [HELLO_TX] bat=100% nbr=13"
0044,SENSOR,1,UNIFIED,"t=52 [HELLO_TX] bat=100% nbr=13"
0044,SENSOR,1,UNIFIED,"t=56 [HELLO_RX] NEW 005F tier=1(UNK) verified=0 rssi=0.2"
0044,SENSOR,1,UNIFIED,"t=60 [HELLO_TX] bat=100% nbr=14"
0044,SENSOR,1,UNIFIED,"t=62 [HELLO_RX] NEW 002E tier=1(UNK) verified=0 rssi=0.3"
0044,SENSOR,1,UNIFIED,"t=69 [HELLO_TX] bat=100% nbr=15"
0044,SENSOR,1,UNIFIED,"t=75 [HELLO_TX] bat=100% nbr=15"
0044,SENSOR,1,UNIFIED,"t=82 [HELLO_TX] bat=100% nbr=15"
0044,SENSOR,1,UNIFIED,"t=82 [HELLO_RX] NEW 0063 tier=1(UNK) verified=0 rssi=0.3"
0044,SENSOR,1,UNIFIED,"t=90 [HELLO_TX] bat=100% nbr=16"
0044,SENSOR,1,UNIFIED,"t=94 [HELLO_TX] bat=100% nbr=16"
0044,SENSOR,1,UNIFIED,"t=94 [HELLO_RX] NEW AA08 tier=2(CH) verified=0 rssi=0.3"
0044,SENSOR,1,UNIFIED,"t=102 [HELLO_TX] bat=100% nbr=17"
0044,SENSOR,1,UNIFIED,"t=112 [HELLO_TX] bat=100% nbr=17"
0044,SENSOR,1,UNIFIED,"t=120 [HELLO_TX] bat=100% nbr=17"
0044,SENSOR,1,UNIFIED,"t=130 [HELLO_TX] bat=100% nbr=17"
0044,SENSOR,1,UNIFIED,"t=135 [HELLO_RX] NEW 0025 tier=1(UNK) verified=0 rssi=0.3"
0044,SENSOR,1,UNIFIED,"t=140 [HELLO_TX] bat=100% nbr=18"
0044,SENSOR,1,UNIFIED,"t=147 [HELLO_TX] bat=100% nbr=18"
0044,SENSOR,1,UNIFIED,"t=157 [HELLO_TX] bat=100% nbr=18"
0044,SENSOR,1,UNIFIED,"t=163 [HELLO_TX] bat=100% nbr=18"
0044,SENSOR,1,UNIFIED,"t=172 [HELLO_TX] bat=100% nbr=18"
0044,SENSOR,1,UNIFIED,"t=176 [HELLO_TX] bat=100% nbr=18"
0044,SENSOR,1,UNIFIED,"t=182 [HELLO_TX] bat=100% nbr=18"
0044,SENSOR,1,UNIFIED,"t=188 [HELLO_TX] bat=100% nbr=18"
0044,SENSOR,1,UNIFIED,"t=194 [HELLO_TX] bat=100% nbr=18"
0044,SENSOR,1,UNIFIED,"t=202 [HELLO_TX] bat=100% nbr=18"
0044,SENSOR,1,UNIFIED,"t=210 [HELLO_TX] bat=100% nbr=18"
0044,SENSOR,1,UNIFIED,"t=220 [HELLO_TX] bat=100% nbr=18"
0044,SENSOR,1,UNIFIED,"t=227 [HELLO_TX] bat=100% nbr=18"
0044,SENSOR,1,UNIFIED,"t=236 [HELLO_TX] bat=100% nbr=18"
0044,SENSOR,1,UNIFIED,"t=240 [HELLO_TX] bat=100% nbr=18"
0044,SENSOR,1,UNIFIED,"t=245 [HELLO_TX] bat=100% nbr=18"
0045,SENSOR,1,UNIFIED,"t=4 [HELLO_RX] NEW FF0C tier=3(GWN) verified=0 rssi=6.5"
0045,SENSOR,1,UNIFIED,"t=6 [HELLO_TX] bat=100% nbr=1"
0045,SENSOR,1,UNIFIED,"t=6 [HELLO_RX] NEW AA05 tier=2(CH) verified=0 rssi=1.9"
0045,SENSOR,1,UNIFIED,"t=7 [HELLO_RX] NEW 0026 tier=1(UNK) verified=0 rssi=2.2"
0045,SENSOR,1,UNIFIED,"t=8 [HELLO_RX] NEW 004F tier=1(UNK) verified=0 rssi=0.6"
0045,SENSOR,1,UNIFIED,"t=9 [HELLO_RX] NEW 0053 tier=1(UNK) verified=0 rssi=1.2"
0045,SENSOR,1,UNIFIED,"t=13 [HELLO_TX] bat=100% nbr=5"
0045,SENSOR,1,UNIFIED,"t=15 [HELLO_RX] NEW AA09 tier=2(CH) verified=0 rssi=0.2"
0045,SENSOR,1,UNIFIED,"t=17 [HELLO_RX] NEW AA04 tier=2(CH) verified=0 rssi=0.3"
0045,SENSOR,1,UNIFIED,"t=21 [HELLO_RX] NEW 002D tier=1(UNK) verified=0 rssi=0.7"
0045,SENSOR,1,UNIFIED,"t=22 [HELLO_TX] bat=100% nbr=8"
0045,SENSOR,1,UNIFIED,"t=22 [HELLO_RX] NEW 0039 tier=1(UNK) verified=0 rssi=1.6"
0045,SENSOR,1,UNIFIED,"t=26 [HELLO_RX] NEW FF0D tier=3(GWN) verified=0 rssi=0.6"
0045,SENSOR,1,UNIFIED,"t=32 [HELLO_TX] bat=100% nbr=10"
0045,SENSOR,1,UNIFIED,"t=39 [HELLO_RX] NEW 001F tier=1(UNK) verified=0 rssi=0.4"
0045,SENSOR,1,UNIFIED,"t=42 [HELLO_TX] bat=100% nbr=11"
0045,SENSOR,1,UNIFIED,"t=43 [HELLO_RX] NEW FF05 tier=3(GWN) verified=0 rssi=0.4"
0045,SENSOR,1,UNIFIED,"t=52 [HELLO_TX] bat=100% nbr=12"
0045,SENSOR,1,UNIFIED,"t=59 [HELLO_TX] bat=100% nbr=12"
0045,SENSOR,1,UNIFIED,"t=59 [HELLO_RX] NEW 0001 tier=1(UNK) verified=0 rssi=0.3"
0045,SENSOR,1,UNIFIED,"t=63 [HELLO_TX] bat=100% nbr=13"
0045,SENSOR,1,UNIFIED,"t=66 [HELLO_RX] NEW 004D tier=1(UNK) verified=0 rssi=0.3"
0045,SENSOR,1,UNIFIED,"t=71 [HELLO_TX] bat=100% nbr=14"
0045,SENSOR,1,UNIFIED,"t=75 [HELLO_TX] bat=100% nbr=14"
0045,SENSOR,1,UNIFIED,"t=80 [HELLO_TX] bat=100% nbr=14"
0045,SENSOR,1,UNIFIED,"t=86 [HELLO_TX] bat=100% nbr=14"
0045,SENSOR,1,UNIFIED,"t=92 [HELLO_TX] bat=100% nbr=14"
0045,SENSOR,1,UNIFIED,"t=100 [HELLO_TX] bat=100% nbr=14"
0045,SENSOR,1,UNIFIED,"t=108 [HELLO_TX] bat=100% nbr=14"
0045,SENSOR,1,UNIFIED,"t=112 [HELLO_TX] bat=100% nbr=14"
0045,SENSOR,1,UNIFIED,"t=119 [HELLO_TX] bat=100% nbr=14"
0045,SENSOR,1,UNIFIED,"t=129 [HELLO_TX] bat=100% nbr=14"
0045,SENSOR,1,UNIFIED,"t=136 [HELLO_TX] bat=100% nbr=14"
0045,SENSOR,1,UNIFIED,"t=137 [HELLO_RX] NEW 000E tier=1(UNK) verified=0 rssi=0.2"
0045,SENSOR,1,UNIFIED,"t=140 [HELLO_TX] bat=100% nbr=15"
0045,SENSOR,1,UNIFIED,"t=144 [HELLO_TX] bat=100% nbr=15"
0045,SENSOR,1,UNIFIED,"t=148 [HELLO_TX] bat=100% nbr=15"
0045,SENSOR,1,UNIFIED,"t=155 [HELLO_TX] bat=100% nbr=15"
0045,SENSOR,1,UNIFIED,"t=160 [HELLO_TX] bat=100% nbr=15"
0045,SENSOR,1,UNIFIED,"t=168 [HELLO_TX] bat=100% nbr=15"
0045,SENSOR,1,UNIFIED,"t=176 [HELLO_TX] bat=100% nbr=15"
0045,SENSOR,1,UNIFIED,"t=183 [HELLO_RX] NEW FF08 tier=3(GWN) verified=0 rssi=0.2"
0045,SENSOR,1,UNIFIED,"t=186 [HELLO_TX] bat=100% nbr=16"
0045,SENSOR,1,UNIFIED,"t=190 [HELLO_TX] bat=100% nbr=16"
0045,SENSOR,1,UNIFIED,"t=195 [HELLO_TX] bat=100% nbr=16"
0045,SENSOR,1,UNIFIED,"t=201 [HELLO_TX] bat=100% nbr=16"
0045,SENSOR,1,UNIFIED,"t=208 [HELLO_TX] bat=100% nbr=16"
0045,SENSOR,1,UNIFIED,"t=212 [HELLO_TX] bat=100% nbr=16"
0045,SENSOR,1,UNIFIED,"t=221 [HELLO_TX] bat=100% nbr=16"
0045,SENSOR,1,UNIFIED,"t=230 [HELLO_TX] bat=100% nbr=16"
0045,SENSOR,1,UNIFIED,"t=240 [HELLO_TX] bat=100% nbr=16"
0045,SENSOR,1,UNIFIED,"t=246 [HELLO_TX] bat=100% nbr=16"
0046,SENSOR,1,UNIFIED,"t=4 [HELLO_RX] NEW 0056 tier=1(UNK) verified=0 rssi=8.0"
0046,SENSOR,1,UNIFIED,"t=5 [HELLO_RX] NEW 005B tier=1(UNK) verified=0 rssi=0.9"
0046,SENSOR,1,UNIFIED,"t=6 [HELLO_RX] NEW AA03 tier=2(CH) verified=0 rssi=0.3"
0046,SENSOR,1,UNIFIED,"t=7 [HELLO_RX] NEW 0041 tier=1(UNK) verified=0 rssi=0.4"
0046,SENSOR,1,UNIFIED,"t=8 [HELLO_RX] NEW FF09 tier=3(GWN) verified=0 rssi=0.3"
0046,SENSOR,1,UNIFIED,"t=9 [HELLO_RX] NEW 0005 tier=1(UNK) verified=0 rssi=1.1"
0046,SENSOR,1,UNIFIED,"t=10 [HELLO_TX] bat=100% nbr=6"
0046,SENSOR,1,UNIFIED,"t=10 [HELLO_RX] NEW 0061 tier=1(UNK) verified=0 rssi=2.2"
0046,SENSOR,1,UNIFIED,"t=15 [HELLO_TX] bat=100% nbr=7"
0046,SENSOR,1,UNIFIED,"t=15 [HELLO_RX] NEW 000C tier=1(UNK) verified=0 rssi=0.2"
0046,SENSOR,1,UNIFIED,"t=17 [HELLO_RX] NEW 0064 tier=1(UNK) verified=0 rssi=0.5"
0046,SENSOR,1,UNIFIED,"t=18 [HELLO_RX] NEW 0009 tier=1(UNK) verified=0 rssi=0.4"
0046,SENSOR,1,UNIFIED,"t=20 [HELLO_TX] bat=100% nbr=10"
0046,SENSOR,1,UNIFIED,"t=21 [HELLO_RX] NEW 0022 tier=1(UNK) verified=0 rssi=0.7"
0046,SENSOR,1,UNIFIED,"t=26 [HELLO_TX] bat=100% nbr=11"
0046,SENSOR,1,UNIFIED,"t=31 [HELLO_TX] bat=100% nbr=11"
0046,SENSOR,1,UNIFIED,"t=34 [HELLO_RX] NEW 0025 tier=1(UNK) verified=0 rssi=0.2"
0046,SENSOR,1,UNIFIED,"t=40 [HELLO_TX] bat=100% nbr=12"
0046,SENSOR,1,UNIFIED,"t=43 [HELLO_RX] NEW 0003 tier=1(UNK) verified=0 rssi=0.2"
0046,SENSOR,1,UNIFIED,"t=44 [HELLO_TX] bat=100% nbr=13"
0046,SENSOR,1,UNIFIED,"t=49 [HELLO_RX] NEW 000D tier=1(UNK) verified=0 rssi=0.4"
0046,SENSOR,1,UNIFIED,"t=50 [HELLO_TX] bat=100% nbr=14"
0046,SENSOR,1,UNIFIED,"t=50 [HELLO_RX] NEW FF02 tier=3(GWN) verified=0 rssi=0.2"
0046,SENSOR,1,UNIFIED,"t=56 [HELLO_TX] bat=100% nbr=15"
0046,SENSOR,1,UNIFIED,"t=63 [HELLO_TX] bat=100% nbr=15"
0046,SENSOR,1,UNIFIED,"t=68 [HELLO_TX] bat=100% nbr=15"
0046,SENSOR,1,UNIFIED,"t=73 [HELLO_TX] bat=100% nbr=15"
0046,SENSOR,1,UNIFIED,"t=74 [HELLO_RX] NEW FF06 tier=3(GWN) verified=0 rssi=0.3"
0046,SENSOR,1,UNIFIED,"t=77 [HELLO_TX] bat=100% nbr=16"
0046,SENSOR,1,UNIFIED,"t=83 [HELLO_TX] bat=100% nbr=16"
0046,SENSOR,1,UNIFIED,"t=92 [HELLO_TX] bat=100% nbr=16"
0046,SENSOR,1,UNIFIED,"t=97 [HELLO_RX] NEW 0047 tier=1(UNK) verified=0 rssi=0.4"
0046,SENSOR,1,UNIFIED,"t=102 [HELLO_TX] bat=100% nbr=17"
0046,SENSOR,1,UNIFIED,"t=104 [HELLO_RX] NEW 0059 tier=1(UNK) verified=0 rssi=0.3"
0046,SENSOR,1,UNIFIED,"t=106 [HELLO_TX] bat=100% nbr=18"
0046,SENSOR,1,UNIFIED,"t=113 [HELLO_TX] bat=100% nbr=18"
0046,SENSOR,1,UNIFIED,"t=122 [HELLO_TX] bat=100% nbr=18"
0046,SENSOR,1,UNIFIED,"t=126 [HELLO_TX] bat=100% nbr=18"
0046,SENSOR,1,UNIFIED,"t=132 [HELLO_TX] bat=100% nbr=18"
0046,SENSOR,1,UNIFIED,"t=142 [HELLO_TX] bat=100% nbr=18"
0046,SENSOR,1,UNIFIED,"t=148 [HELLO_TX] bat=100% nbr=18"
0046,SENSOR,1,UNIFIED,"t=156 [HELLO_TX] bat=100% nbr=18"
0046,SENSOR,1,UNIFIED,"t=164 [HELLO_TX] bat=100% nbr=18"
0046,SENSOR,1,UNIFIED,"t=168 [HELLO_TX] bat=100% nbr=18"
0046,SENSOR,1,UNIFIED,"t=178 [HELLO_TX] bat=100% nbr=18"
0046,SENSOR,1,UNIFIED,"t=184 [HELLO_TX] bat=100% nbr=18"
0046,SENSOR,1,UNIFIED,"t=191 [HELLO_TX] bat=100% nbr=18"
0046,SENSOR,1,UNIFIED,"t=195 [HELLO_TX] bat=100% nbr=18"
0046,SENSOR,1,UNIFIED,"t=202 [HELLO_TX] bat=100% nbr=18"
0046,SENSOR,1,UNIFIED,"t=207 [HELLO_TX] bat=100% nbr=18"
0046,SENSOR,1,UNIFIED,"t=214 [HELLO_TX] bat=100% nbr=18"
0046,SENSOR,1,UNIFIED,"t=218 [HELLO_TX] bat=100% nbr=18"
0046,SENSOR,1,UNIFIED,"t=221 [HELLO_RX] NEW FF07 tier=3(GWN) verified=0 rssi=0.1"
0046,SENSOR,1,UNIFIED,"t=225 [HELLO_TX] bat=100% nbr=19"
0046,SENSOR,1,UNIFIED,"t=231 [HELLO_TX] bat=100% nbr=19"
0046,SENSOR,1,UNIFIED,"t=235 [HELLO_TX] bat=100% nbr=19"
0046,SENSOR,1,UNIFIED,"t=244 [HELLO_TX] bat=100% nbr=19"
0047,SENSOR,1,UNIFIED,"t=4 [HELLO_RX] NEW 0056 tier=1(UNK) verified=0 rssi=0.3"
0047,SENSOR,1,UNIFIED,"t=6 [HELLO_TX] bat=100% nbr=1"
0047,SENSOR,1,UNIFIED,"t=6 [HELLO_RX] NEW FF06 tier=3(GWN) verified=0 rssi=0.7"
0047,SENSOR,1,UNIFIED,"t=9 [HELLO_RX] NEW 0005 tier=1(UNK) verified=0 rssi=3.4"
0047,SENSOR,1,UNIFIED,"t=10 [HELLO_RX] NEW 0046 tier=1(UNK) verified=0 rssi=0.4"
0047,SENSOR,1,UNIFIED,"t=14 [HELLO_RX] NEW 0061 tier=1(UNK) verified=0 rssi=0.2"
0047,SENSOR,1,UNIFIED,"t=15 [HELLO_TX] bat=100% nbr=5"
0047,SENSOR,1,UNIFIED,"t=17 [HELLO_RX] NEW 0064 tier=1(UNK) verified=0 rssi=0.2"
0047,SENSOR,1,UNIFIED,"t=18 [HELLO_RX] NEW 0009 tier=1(UNK) verified=0 rssi=0.3"
0047,SENSOR,1,UNIFIED,"t=21 [HELLO_TX] bat=100% nbr=7"
0047,SENSOR,1,UNIFIED,"t=21 [HELLO_RX] NEW 005E tier=1(UNK) verified=0 rssi=0.4"
0047,SENSOR,1,UNIFIED,"t=22 [HELLO_RX] NEW FF04 tier=3(GWN) verified=0 rssi=0.1"
0047,SENSOR,1,UNIFIED,"t=26 [HELLO_TX] bat=100% nbr=9"
0047,SENSOR,1,UNIFIED,"t=31 [HELLO_TX] bat=100% nbr=9"
0047,SENSOR,1,UNIFIED,"t=36 [HELLO_TX] bat=100% nbr=9"
0047,SENSOR,1,UNIFIED,"t=36 [HELLO_RX] NEW 0032 tier=1(UNK) verified=0 rssi=0.3"
0047,SENSOR,1,UNIFIED,"t=40 [HELLO_TX] bat=100% nbr=10"
0047,SENSOR,1,UNIFIED,"t=45 [HELLO_TX] bat=100% nbr=10"
0047,SENSOR,1,UNIFIED,"t=50 [HELLO_RX] NEW 0034 tier=1(UNK) verified=0 rssi=0.2"
0047,SENSOR,1,UNIFIED,"t=52 [HELLO_TX] bat=100% nbr=11"
0047,SENSOR,1,UNIFIED,"t=57 [HELLO_TX] bat=100% nbr=11"
0047,SENSOR,1,UNIFIED,"t=57 [HELLO_RX] NEW FF02 tier=3(GWN) verified=0 rssi=0.2"
0047,SENSOR,1,UNIFIED,"t=64 [HELLO_TX] bat=100% nbr=12"
0047,SENSOR,1,UNIFIED,"t=66 [HELLO_RX] NEW FF09 tier=3(GWN) verified=0 rssi=0.2"
0047,SENSOR,1,UNIFIED,"t=69 [HELLO_TX] bat=100% nbr=13"
0047,SENSOR,1,UNIFIED,"t=76 [HELLO_TX] bat=100% nbr=13"
0047,SENSOR,1,UNIFIED,"t=80 [HELLO_TX] bat=100% nbr=13"
0047,SENSOR,1,UNIFIED,"t=90 [HELLO_TX] bat=100% nbr=13"
0047,SENSOR,1,UNIFIED,"t=97 [HELLO_TX] bat=100% nbr=13"
0047,SENSOR,1,UNIFIED,"t=106 [HELLO_TX] bat=100% nbr=13"
0047,SENSOR,1,UNIFIED,"t=111 [HELLO_TX] bat=100% nbr=13"
0047,SENSOR,1,UNIFIED,"t=118 [HELLO_TX] bat=100% nbr=13"
0047,SENSOR,1,UNIFIED,"t=125 [HELLO_TX] bat=100% nbr=13"
0047,SENSOR,1,UNIFIED,"t=129 [HELLO_TX] bat=100% nbr=13"
0047,SENSOR,1,UNIFIED,"t=137 [HELLO_TX] bat=100% nbr=13"
0047,SENSOR,1,UNIFIED,"t=143 [HELLO_TX] bat=100% nbr=13"
0047,SENSOR,1,UNIFIED,"t=151 [HELLO_TX] bat=100% nbr=13"
0047,SENSOR,1,UNIFIED,"t=159 [HELLO_TX] bat=100% nbr=13"
0047,SENSOR,1,UNIFIED,"t=163 [HELLO_RX] NEW 002C tier=1(UNK) verified=0 rssi=0.2"
0047,SENSOR,1,UNIFIED,"t=168 [HELLO_TX] bat=100% nbr=14"
0047,SENSOR,1,UNIFIED,"t=176 [HELLO_TX] bat=100% nbr=14"
0047,SENSOR,1,UNIFIED,"t=185 [HELLO_TX] bat=100% nbr=14"
0047,SENSOR,1,UNIFIED,"t=191 [HELLO_TX] bat=100% nbr=14"
0047,SENSOR,1,UNIFIED,"t=198 [HELLO_TX] bat=100% nbr=14"
0047,SENSOR,1,UNIFIED,"t=206 [HELLO_TX] bat=100% nbr=14"
0047,SENSOR,1,UNIFIED,"t=216 [HELLO_TX] bat=100% nbr=14"
0047,SENSOR,1,UNIFIED,"t=226 [HELLO_TX] bat=100% nbr=14"
0047,SENSOR,1,UNIFIED,"t=233 [HELLO_TX] bat=100% nbr=14"
0047,SENSOR,1,UNIFIED,"t=242 [HELLO_TX] bat=100% nbr=14"
0047,SENSOR,1,UNIFIED,"t=247 [HELLO_TX] bat=100% nbr=14"
0048,SENSOR,1,UNIFIED,"t=6 [HELLO_RX] NEW 0038 tier=1(UNK) verified=0 rssi=1.9"
0048,SENSOR,1,UNIFIED,"t=7 [HELLO_TX] bat=100% nbr=1"
0048,SENSOR,1,UNIFIED,"t=7 [HELLO_RX] NEW 0028 tier=1(UNK) verified=0 rssi=3.8"
0048,SENSOR,1,UNIFIED,"t=9 [HELLO_RX] NEW 0062 tier=1(UNK) verified=0 rssi=39.4"
0048,SENSOR,1,UNIFIED,"t=10 [HELLO_RX] NEW AA08 tier=2(CH) verified=0 rssi=0.8"
0048,SENSOR,1,UNIFIED,"t=13 [HELLO_TX] bat=100% nbr=4"
0048,SENSOR,1,UNIFIED,"t=18 [HELLO_RX] NEW 0011 tier=1(UNK) verified=0 rssi=0.9"
0048,SENSOR,1,UNIFIED,"t=20 [HELLO_RX] NEW 000D tier=1(UNK) verified=0 rssi=0.3"
0048,SENSOR,1,UNIFIED,"t=22 [HELLO_TX] bat=100% nbr=6"
0048,SENSOR,1,UNIFIED,"t=27 [HELLO_TX] bat=100% nbr=6"
0048,SENSOR,1,UNIFIED,"t=27 [HELLO_RX] NEW 0024 tier=1(UNK) verified=0 rssi=1.6"
0048,SENSOR,1,UNIFIED,"t=32 [HELLO_RX] NEW 0037 tier=1(UNK) verified=0 rssi=0.8"
0048,SENSOR,1,UNIFIED,"t=36 [HELLO_TX] bat=100% nbr=8"
0048,SENSOR,1,UNIFIED,"t=46 [HELLO_TX] bat=100% nbr=8"
0048,SENSOR,1,UNIFIED,"t=50 [HELLO_TX] bat=100% nbr=8"
0048,SENSOR,1,UNIFIED,"t=57 [HELLO_RX] NEW 0059 tier=1(UNK) verified=0 rssi=0.4"
0048,SENSOR,1,UNIFIED,"t=58 [HELLO_TX] bat=100% nbr=9"
0048,SENSOR,1,UNIFIED,"t=58 [HELLO_RX] NEW AA02 tier=2(CH) verified=0 rssi=0.2"
0048,SENSOR,1,UNIFIED,"t=64 [HELLO_TX] bat=100% nbr=10"
0048,SENSOR,1,UNIFIED,"t=66 [HELLO_RX] NEW 0025 tier=1(UNK) verified=0 rssi=0.2"
0048,SENSOR,1,UNIFIED,"t=70 [HELLO_TX] bat=100% nbr=11"
0048,SENSOR,1,UNIFIED,"t=75 [HELLO_TX] bat=100% nbr=11"
0048,SENSOR,1,UNIFIED,"t=79 [HELLO_TX] bat=100% nbr=11"
0048,SENSOR,1,UNIFIED,"t=79 [HELLO_RX] NEW 0041 tier=1(UNK) verified=0 rssi=0.2"
0048,SENSOR,1,UNIFIED,"t=87 [HELLO_RX] NEW AA03 tier=2(CH) verified=0 rssi=0.2"
0048,SENSOR,1,UNIFIED,"t=88 [HELLO_TX] bat=100% nbr=13"
0048,SENSOR,1,UNIFIED,"t=93 [HELLO_TX] bat=100% nbr=13"
0048,SENSOR,1,UNIFIED,"t=99 [HELLO_TX] bat=100% nbr=13"
0048,SENSOR,1,UNIFIED,"t=100 [HELLO_RX] NEW FF01 tier=3(GWN) verified=1 rssi=0.1"
0048,SENSOR,1,UNIFIED,"t=107 [HELLO_TX] bat=100% nbr=14"
0048,SENSOR,1,UNIFIED,"t=109 [HELLO_RX] NEW 005F tier=1(UNK) verified=0 rssi=0.2"
0048,SENSOR,1,UNIFIED,"t=113 [HELLO_TX] bat=100% nbr=15"
0048,SENSOR,1,UNIFIED,"t=121 [HELLO_TX] bat=100% nbr=15"
0048,SENSOR,1,UNIFIED,"t=131 [HELLO_TX] bat=100% nbr=15"
0048,SENSOR,1,UNIFIED,"t=139 [HELLO_TX] bat=100% nbr=15"
0048,SENSOR,1,UNIFIED,"t=146 [HELLO_TX] bat=100% nbr=15"
0048,SENSOR,1,UNIFIED,"t=151 [HELLO_TX] bat=100% nbr=15"
0048,SENSOR,1,UNIFIED,"t=155 [HELLO_RX] NEW 000C tier=1(UNK) verified=0 rssi=0.2"
0048,SENSOR,1,UNIFIED,"t=161 [HELLO_TX] bat=100% nbr=16"
0048,SENSOR,1,UNIFIED,"t=168 [HELLO_TX] bat=100% nbr=16"
0048,SENSOR,1,UNIFIED,"t=172 [HELLO_TX] bat=100% nbr=16"
0048,SENSOR,1,UNIFIED,"t=179 [HELLO_TX] bat=100% nbr=16"
0048,SENSOR,1,UNIFIED,"t=189 [HELLO_TX] bat=100% nbr=16"
0048,SENSOR,1,UNIFIED,"t=197 [HELLO_TX] bat=100% nbr=16"
0048,SENSOR,1,UNIFIED,"t=206 [HELLO_TX] bat=100% nbr=16"
0048,SENSOR,1,UNIFIED,"t=210 [HELLO_TX] bat=100% nbr=16"
0048,SENSOR,1,UNIFIED,"t=217 [HELLO_TX] bat=100% nbr=16"
0048,SENSOR,1,UNIFIED,"t=224 [HELLO_TX] bat=100% nbr=16"
0048,SENSOR,1,UNIFIED,"t=231 [HELLO_TX] bat=100% nbr=16"
0048,SENSOR,1,UNIFIED,"t=237 [HELLO_TX] bat=100% nbr=16"
0048,SENSOR,1,UNIFIED,"t=242 [HELLO_TX] bat=100% nbr=16"
0048,SENSOR,1,UNIFIED,"t=246 [HELLO_TX] bat=100% nbr=16"
0049,SENSOR,1,UNIFIED,"t=4 [HELLO_TX] bat=100% nbr=0"
0049,SENSOR,1,UNIFIED,"t=4 [HELLO_RX] NEW 002B tier=1(UNK) verified=0 rssi=1.3"
0049,SENSOR,1,UNIFIED,"t=5 [HELLO_RX] NEW 005D tier=1(UNK) verified=0 rssi=0.6"
0049,SENSOR,1,UNIFIED,"t=6 [HELLO_RX] NEW 0023 tier=1(UNK) verified=0 rssi=0.7"
0049,SENSOR,1,UNIFIED,"t=8 [HELLO_RX] NEW 003F tier=1(UNK) verified=0 rssi=2.8"
0049,SENSOR,1,UNIFIED,"t=9 [HELLO_TX] bat=100% nbr=4"
0049,SENSOR,1,UNIFIED,"t=9 [HELLO_RX] NEW 0019 tier=1(UNK) verified=0 rssi=3.7"
0049,SENSOR,1,UNIFIED,"t=10 [HELLO_RX] NEW 001E tier=1(UNK) verified=0 rssi=13.5"
0049,SENSOR,1,UNIFIED,"t=14 [HELLO_TX] bat=100% nbr=6"
0049,SENSOR,1,UNIFIED,"t=15 [HELLO_RX] NEW 0029 tier=1(UNK) verified=0 rssi=0.6"
0049,SENSOR,1,UNIFIED,"t=18 [HELLO_RX] NEW 0033 tier=1(UNK) verified=0 rssi=0.5"
0049,SENSOR,1,UNIFIED,"t=19 [HELLO_TX] bat=100% nbr=8"
0049,SENSOR,1,UNIFIED,"t=24 [HELLO_TX] bat=100% nbr=8"
0049,SENSOR,1,UNIFIED,"t=31 [HELLO_RX] NEW FF07 tier=3(GWN) verified=0 rssi=0.1"
0049,SENSOR,1,UNIFIED,"t=32 [HELLO_TX] bat=100% nbr=9"
0049,SENSOR,1,UNIFIED,"t=32 [HELLO_RX] NEW 003B tier=1(UNK) verified=0 rssi=0.4"
0049,SENSOR,1,UNIFIED,"t=35 [HELLO_RX] NEW 004E tier=1(UNK) verified=0 rssi=0.2"
0049,SENSOR,1,UNIFIED,"t=37 [HELLO_TX] bat=100% nbr=11"
0049,SENSOR,1,UNIFIED,"t=43 [HELLO_TX] bat=100% nbr=11"
0049,SENSOR,1,UNIFIED,"t=49 [HELLO_RX] NEW AA07 tier=2(CH) verified=0 rssi=0.4"
0049,SENSOR,1,UNIFIED,"t=50 [HELLO_TX] bat=100% nbr=12"
0049,SENSOR,1,UNIFIED,"t=56 [HELLO_TX] bat=100% nbr=12"
0049,SENSOR,1,UNIFIED,"t=58 [HELLO_RX] NEW 0017 tier=1(UNK) verified=0 rssi=0.2"
0049,SENSOR,1,UNIFIED,"t=59 [HELLO_RX] NEW FF04 tier=3(GWN) verified=0 rssi=0.1"
0049,SENSOR,1,UNIFIED,"t=60 [HELLO_RX] NEW 0035 tier=1(UNK) verified=0 rssi=0.2"
0049,SENSOR,1,UNIFIED,"t=64 [HELLO_TX] bat=100% nbr=15"
0049,SENSOR,1,UNIFIED,"t=69 [HELLO_TX] bat=100% nbr=15"
0049,SENSOR,1,UNIFIED,"t=74 [HELLO_TX] bat=100% nbr=15"
0049,SENSOR,1,UNIFIED,"t=77 [HELLO_RX] NEW FF0D tier=3(GWN) verified=0 rssi=0.2"
0049,SENSOR,1,UNIFIED,"t=83 [HELLO_TX] bat=100% nbr=16"
0049,SENSOR,1,UNIFIED,"t=84 [HELLO_RX] NEW AA06 tier=2(CH) verified=0 rssi=0.4"
0049,SENSOR,1,UNIFIED,"t=85 [HELLO_RX] NEW 0027 tier=1(UNK) verified=0 rssi=0.3"
0049,SENSOR,1,UNIFIED,"t=91 [HELLO_TX] bat=100% nbr=18"
0049,SENSOR,1,UNIFIED,"t=91 [HELLO_RX] NEW 003E tier=1(UNK) verified=0 rssi=0.3"
0049,SENSOR,1,UNIFIED,"t=96 [HELLO_TX] bat=100% nbr=19"
0049,SENSOR,1,UNIFIED,"t=104 [HELLO_TX] bat=100% nbr=19"
0049,SENSOR,1,UNIFIED,"t=109 [HELLO_TX] bat=100% nbr=19"
0049,SENSOR,1,UNIFIED,"t=117 [HELLO_TX] bat=100% nbr=19"
0049,SENSOR,1,UNIFIED,"t=124 [HELLO_TX] bat=100% nbr=19"
0049,SENSOR,1,UNIFIED,"t=128 [HELLO_TX] bat=100% nbr=19"
0049,SENSOR,1,UNIFIED,"t=132 [HELLO_TX] bat=100% nbr=19"
0049,SENSOR,1,UNIFIED,"t=138 [HELLO_TX] bat=100% nbr=19"
0049,SENSOR,1,UNIFIED,"t=139 [HELLO_RX] NEW FF06 tier=3(GWN) verified=0 rssi=0.1"
0049,SENSOR,1,UNIFIED,"t=148 [HELLO_TX] bat=100% nbr=20"
0049,SENSOR,1,UNIFIED,"t=153 [HELLO_TX] bat=100% nbr=20"
0049,SENSOR,1,UNIFIED,"t=157 [HELLO_TX] bat=100% nbr=20"
0049,SENSOR,1,UNIFIED,"t=161 [HELLO_TX] bat=100% nbr=20"
0049,SENSOR,1,UNIFIED,"t=167 [HELLO_TX] bat=100% nbr=20"
0049,SENSOR,1,UNIFIED,"t=177 [HELLO_TX] bat=100% nbr=20"
0049,SENSOR,1,UNIFIED,"t=185 [HELLO_TX] bat=100% nbr=20"
0049,SENSOR,1,UNIFIED,"t=192 [HELLO_TX] bat=100% nbr=20"
0049,SENSOR,1,UNIFIED,"t=197 [HELLO_TX] bat=100% nbr=20"
0049,SENSOR,1,UNIFIED,"t=207 [HELLO_TX] bat=100% nbr=20"
0049,SENSOR,1,UNIFIED,"t=214 [HELLO_TX] bat=100% nbr=20"
0049,SENSOR,1,UNIFIED,"t=222 [HELLO_TX] bat=100% nbr=20"
0049,SENSOR,1,UNIFIED,"t=229 [HELLO_TX] bat=100% nbr=20"
0049,SENSOR,1,UNIFIED,"t=237 [HELLO_TX] bat=100% nbr=20"
0049,SENSOR,1,UNIFIED,"t=243 [HELLO_TX] bat=100% nbr=20"
0049,SENSOR,1,UNIFIED,"t=248 [HELLO_TX] bat=100% nbr=20"
004A,SENSOR,1,UNIFIED,"t=5 [HELLO_RX] NEW 0015 tier=1(UNK) verified=0 rssi=2.4"
004A,SENSOR,1,UNIFIED,"t=6 [HELLO_RX] NEW FF06 tier=3(GWN) verified=0 rssi=0.4"
004A,SENSOR,1,UNIFIED,"t=8 [HELLO_TX] bat=100% nbr=2"
004A,SENSOR,1,UNIFIED,"t=9 [HELLO_RX] NEW 0019 tier=1(UNK) verified=0 rssi=0.2"
004A,SENSOR,1,UNIFIED,"t=10 [HELLO_RX] NEW FF04 tier=3(GWN) verified=0 rssi=1.0"
004A,SENSOR,1,UNIFIED,"t=14 [HELLO_RX] NEW FF07 tier=3(GWN) verified=0 rssi=1.1"
004A,SENSOR,1,UNIFIED,"t=16 [HELLO_TX] bat=100% nbr=5"
004A,SENSOR,1,UNIFIED,"t=16 [HELLO_RX] NEW 004E tier=1(UNK) verified=0 rssi=0.5"
004A,SENSOR,1,UNIFIED,"t=21 [HELLO_TX] bat=100% nbr=6"
004A,SENSOR,1,UNIFIED,"t=22 [HELLO_RX] NEW 003B tier=1(UNK) verified=0 rssi=1.1"
004A,SENSOR,1,UNIFIED,"t=23 [HELLO_RX] NEW 004C tier=1(UNK) verified=0 rssi=0.3"
004A,SENSOR,1,UNIFIED,"t=24 [HELLO_RX] NEW 003F tier=1(UNK) verified=0 rssi=0.2"
004A,SENSOR,1,UNIFIED,"t=26 [HELLO_TX] bat=100% nbr=9"
004A,SENSOR,1,UNIFIED,"t=34 [HELLO_RX] NEW 0016 tier=1(UNK) verified=0 rssi=0.2"
004A,SENSOR,1,UNIFIED,"t=35 [HELLO_TX] bat=100% nbr=10"
004A,SENSOR,1,UNIFIED,"t=44 [HELLO_TX] bat=100% nbr=10"
004A,SENSOR,1,UNIFIED,"t=54 [HELLO_TX] bat=100% nbr=10"
004A,SENSOR,1,UNIFIED,"t=62 [HELLO_TX] bat=100% nbr=10"
004A,SENSOR,1,UNIFIED,"t=67 [HELLO_TX] bat=100% nbr=10"
004A,SENSOR,1,UNIFIED,"t=75 [HELLO_TX] bat=100% nbr=10"
004A,SENSOR,1,UNIFIED,"t=85 [HELLO_TX] bat=100% nbr=10"
004A,SENSOR,1,UNIFIED,"t=91 [HELLO_RX] NEW 0002 tier=1(UNK) verified=0 rssi=0.2"
004A,SENSOR,1,UNIFIED,"t=94 [HELLO_TX] bat=100% nbr=11"
004A,SENSOR,1,UNIFIED,"t=98 [HELLO_TX] bat=100% nbr=11"
004A,SENSOR,1,UNIFIED,"t=108 [HELLO_TX] bat=100% nbr=11"
004A,SENSOR,1,UNIFIED,"t=114 [HELLO_TX] bat=100% nbr=11"
004A,SENSOR,1,UNIFIED,"t=119 [HELLO_TX] bat=100% nbr=11"
004A,SENSOR,1,UNIFIED,"t=126 [HELLO_TX] bat=100% nbr=11"
004A,SENSOR,1,UNIFIED,"t=131 [HELLO_TX] bat=100% nbr=11"
004A,SENSOR,1,UNIFIED,"t=140 [HELLO_TX] bat=100% nbr=11"
004A,SENSOR,1,UNIFIED,"t=144 [HELLO_TX] bat=100% nbr=11"
004A,SENSOR,1,UNIFIED,"t=152 [HELLO_TX] bat=100% nbr=11"
004A,SENSOR,1,UNIFIED,"t=161 [HELLO_TX] bat=100% nbr=11"
004A,SENSOR,1,UNIFIED,"t=171 [HELLO_TX] bat=100% nbr=11"
004A,SENSOR,1,UNIFIED,"t=180 [HELLO_TX] bat=100% nbr=11"
004A,SENSOR,1,UNIFIED,"t=185 [HELLO_TX] bat=100% nbr=11"
004A,SENSOR,1,UNIFIED,"t=189 [HELLO_TX] bat=100% nbr=11"
004A,SENSOR,1,UNIFIED,"t=194 [HELLO_TX] bat=100% nbr=11"
004A,SENSOR,1,UNIFIED,"t=202 [HELLO_TX] bat=100% nbr=11"
004A,SENSOR,1,UNIFIED,"t=210 [HELLO_TX] bat=100% nbr=11"
004A,SENSOR,1,UNIFIED,"t=214 [HELLO_TX] bat=100% nbr=11"
004A,SENSOR,1,UNIFIED,"t=223 [HELLO_TX] bat=100% nbr=11"
004A,SENSOR,1,UNIFIED,"t=229 [HELLO_TX] bat=100% nbr=11"
004A,SENSOR,1,UNIFIED,"t=239 [HELLO_TX] bat=100% nbr=11"
004A,SENSOR,1,UNIFIED,"t=249 [HELLO_TX] bat=100% nbr=11"
004B,SENSOR,1,UNIFIED,"t=4 [HELLO_RX] NEW 0021 tier=1(UNK) verified=0 rssi=2.1"
004B,SENSOR,1,UNIFIED,"t=5 [HELLO_TX] bat=100% nbr=1"
004B,SENSOR,1,UNIFIED,"t=5 [HELLO_RX] NEW 0043 tier=1(UNK) verified=0 rssi=0.4"
004B,SENSOR,1,UNIFIED,"t=8 [HELLO_RX] NEW AA04 tier=2(CH) verified=0 rssi=0.8"
004B,SENSOR,1,UNIFIED,"t=10 [HELLO_RX] NEW AA09 tier=2(CH) verified=0 rssi=0.8"
004B,SENSOR,1,UNIFIED,"t=12 [HELLO_RX] NEW 005A tier=1(UNK) verified=0 rssi=0.5"
004B,SENSOR,1,UNIFIED,"t=14 [HELLO_TX] bat=100% nbr=5"
004B,SENSOR,1,UNIFIED,"t=14 [HELLO_RX] NEW AA0B tier=2(CH) verified=0 rssi=0.2"
004B,SENSOR,1,UNIFIED,"t=17 [HELLO_RX] NEW 0036 tier=1(UNK) verified=0 rssi=0.4"
004B,SENSOR,1,UNIFIED,"t=18 [HELLO_RX] NEW 0004 tier=1(UNK) verified=0 rssi=0.2"
004B,SENSOR,1,UNIFIED,"t=23 [HELLO_TX] bat=100% nbr=8"
004B,SENSOR,1,UNIFIED,"t=26 [HELLO_RX] NEW 0057 tier=1(UNK) verified=0 rssi=0.6"
004B,SENSOR,1,UNIFIED,"t=28 [HELLO_TX] bat=100% nbr=9"
004B,SENSOR,1,UNIFIED,"t=33 [HELLO_RX] NEW AA0A tier=2(CH) verified=0 rssi=0.5"
004B,SENSOR,1,UNIFIED,"t=37 [HELLO_TX] bat=100% nbr=10"
004B,SENSOR,1,UNIFIED,"t=46 [HELLO_TX] bat=100% nbr=10"
004B,SENSOR,1,UNIFIED,"t=48 [HELLO_RX] NEW 0052 tier=1(UNK) verified=0 rssi=0.4"
004B,SENSOR,1,UNIFIED,"t=53 [HELLO_RX] NEW FF05 tier=3(GWN) verified=0 rssi=0.2"
004B,SENSOR,1,UNIFIED,"t=54 [HELLO_TX] bat=100% nbr=12"
004B,SENSOR,1,UNIFIED,"t=54 [HELLO_RX] NEW 0042 tier=1(UNK) verified=0 rssi=0.9"
004B,SENSOR,1,UNIFIED,"t=55 [HELLO_RX] NEW 0007 tier=1(UNK) verified=0 rssi=0.4"
004B,SENSOR,1,UNIFIED,"t=61 [HELLO_TX] bat=100% nbr=14"
004B,SENSOR,1,UNIFIED,"t=69 [HELLO_TX] bat=100% nbr=14"
004B,SENSOR,1,UNIFIED,"t=74 [HELLO_TX] bat=100% nbr=14"
004B,SENSOR,1,UNIFIED,"t=74 [HELLO_RX] NEW AA07 tier=2(CH) verified=0 rssi=0.2"
004B,SENSOR,1,UNIFIED,"t=78 [HELLO_TX] bat=100% nbr=15"
004B,SENSOR,1,UNIFIED,"t=88 [HELLO_TX] bat=100% nbr=15"
004B,SENSOR,1,UNIFIED,"t=94 [HELLO_TX] bat=100% nbr=15"
004B,SENSOR,1,UNIFIED,"t=96 [HELLO_RX] NEW 000B tier=1(UNK) verified=0 rssi=0.2"
004B,SENSOR,1,UNIFIED,"t=98 [HELLO_TX] bat=100% nbr=16"
004B,SENSOR,1,UNIFIED,"t=99 [HELLO_RX] NEW AA05 tier=2(CH) verified=0 rssi=0.2"
004B,SENSOR,1,UNIFIED,"t=103 [HELLO_RX] NEW FF08 tier=3(GWN) verified=0 rssi=0.2"
004B,SENSOR,1,UNIFIED,"t=105 [HELLO_RX] NEW 0040 tier=1(UNK) verified=0 rssi=0.2"
004B,SENSOR,1,UNIFIED,"t=106 [HELLO_TX] bat=100% nbr=19"
004B,SENSOR,1,UNIFIED,"t=116 [HELLO_TX] bat=100% nbr=19"
004B,SENSOR,1,UNIFIED,"t=120 [HELLO_TX] bat=100% nbr=19"
004B,SENSOR,1,UNIFIED,"t=123 [HELLO_RX] NEW 0010 tier=1(UNK) verified=0 rssi=0.2"
004B,SENSOR,1,UNIFIED,"t=125 [HELLO_TX] bat=100% nbr=20"
004B,SENSOR,1,UNIFIED,"t=130 [HELLO_TX] bat=100% nbr=20"
004B,SENSOR,1,UNIFIED,"t=134 [HELLO_TX] bat=100% nbr=20"
004B,SENSOR,1,UNIFIED,"t=142 [HELLO_TX] bat=100% nbr=20"
004B,SENSOR,1,UNIFIED,"t=151 [HELLO_TX] bat=100% nbr=20"
004B,SENSOR,1,UNIFIED,"t=156 [HELLO_TX] bat=100% nbr=20"
004B,SENSOR,1,UNIFIED,"t=162 [HELLO_TX] bat=100% nbr=20"
004B,SENSOR,1,UNIFIED,"t=166 [HELLO_TX] bat=100% nbr=20"
004B,SENSOR,1,UNIFIED,"t=175 [HELLO_TX] bat=100% nbr=20"
004B,SENSOR,1,UNIFIED,"t=180 [HELLO_TX] bat=100% nbr=20"
004B,SENSOR,1,UNIFIED,"t=189 [HELLO_TX] bat=100% nbr=20"
004B,SENSOR,1,UNIFIED,"t=195 [HELLO_TX] bat=100% nbr=20"
004B,SENSOR,1,UNIFIED,"t=199 [HELLO_TX] bat=100% nbr=20"
004B,SENSOR,1,UNIFIED,"t=202 [HELLO_RX] NEW FF0C tier=3(GWN) verified=0 rssi=0.2"
004B,SENSOR,1,UNIFIED,"t=208 [HELLO_TX] bat=100% nbr=21"
004B,SENSOR,1,UNIFIED,"t=217 [HELLO_TX] bat=100% nbr=21"
004B,SENSOR,1,UNIFIED,"t=223 [HELLO_TX] bat=100% nbr=21"
004B,SENSOR,1,UNIFIED,"t=228 [HELLO_TX] bat=100% nbr=21"
004B,SENSOR,1,UNIFIED,"t=237 [HELLO_TX] bat=100% nbr=21"
004B,SENSOR,1,UNIFIED,"t=240 [HELLO_RX] NEW 0020 tier=1(UNK) verified=0 rssi=0.2"
004B,SENSOR,1,UNIFIED,"t=242 [HELLO_TX] bat=100% nbr=22"
004C,SENSOR,1,UNIFIED,"t=4 [HELLO_RX] NEW 0002 tier=1(UNK) verified=0 rssi=9.4"
004C,SENSOR,1,UNIFIED,"t=6 [HELLO_RX] NEW FF06 tier=3(GWN) verified=0 rssi=0.4"
004C,SENSOR,1,UNIFIED,"t=8 [HELLO_RX] NEW FF07 tier=3(GWN) verified=0 rssi=0.3"
004C,SENSOR,1,UNIFIED,"t=10 [HELLO_TX] bat=100% nbr=3"
004C,SENSOR,1,UNIFIED,"t=10 [HELLO_RX] NEW 0008 tier=1(UNK) verified=0 rssi=0.6"
004C,SENSOR,1,UNIFIED,"t=11 [HELLO_RX] NEW 003D tier=1(UNK) verified=0 rssi=0.4"
004C,SENSOR,1,UNIFIED,"t=13 [HELLO_RX] NEW 0003 tier=1(UNK) verified=0 rssi=0.7"
004C,SENSOR,1,UNIFIED,"t=14 [HELLO_RX] NEW 003B tier=1(UNK) verified=0 rssi=0.3"
004C,SENSOR,1,UNIFIED,"t=16 [HELLO_TX] bat=100% nbr=7"
004C,SENSOR,1,UNIFIED,"t=16 [HELLO_RX] NEW AA06 tier=2(CH) verified=0 rssi=0.3"
004C,SENSOR,1,UNIFIED,"t=20 [HELLO_RX] NEW 002C tier=1(UNK) verified=0 rssi=0.7"
004C,SENSOR,1,UNIFIED,"t=22 [HELLO_RX] NEW FF04 tier=3(GWN) verified=0 rssi=0.3"
004C,SENSOR,1,UNIFIED,"t=23 [HELLO_TX] bat=100% nbr=10"
004C,SENSOR,1,UNIFIED,"t=24 [HELLO_RX] NEW 003F tier=1(UNK) verified=0 rssi=0.2"
004C,SENSOR,1,UNIFIED,"t=28 [HELLO_RX] NEW 0034 tier=1(UNK) verified=0 rssi=0.3"
004C,SENSOR,1,UNIFIED,"t=29 [HELLO_TX] bat=100% nbr=12"
004C,SENSOR,1,UNIFIED,"t=31 [HELLO_RX] NEW 0030 tier=1(UNK) verified=0 rssi=1.2"
004C,SENSOR,1,UNIFIED,"t=35 [HELLO_RX] NEW 004A tier=1(UNK) verified=0 rssi=0.3"
004C,SENSOR,1,UNIFIED,"t=36 [HELLO_TX] bat=100% nbr=14"
004C,SENSOR,1,UNIFIED,"t=38 [HELLO_RX] NEW 000C tier=1(UNK) verified=0 rssi=0.2"
004C,SENSOR,1,UNIFIED,"t=44 [HELLO_TX] bat=100% nbr=15"
004C,SENSOR,1,UNIFIED,"t=49 [HELLO_TX] bat=100% nbr=15"
004C,SENSOR,1,UNIFIED,"t=58 [HELLO_TX] bat=100% nbr=15"
004C,SENSOR,1,UNIFIED,"t=59 [HELLO_RX] NEW 0016 tier=1(UNK) verified=0 rssi=0.2"
004C,SENSOR,1,UNIFIED,"t=68 [HELLO_TX] bat=100% nbr=16"
004C,SENSOR,1,UNIFIED,"t=78 [HELLO_TX] bat=100% nbr=16"
004C,SENSOR,1,UNIFIED,"t=85 [HELLO_TX] bat=100% nbr=16"
004C,SENSOR,1,UNIFIED,"t=91 [HELLO_TX] bat=100% nbr=16"
004C,SENSOR,1,UNIFIED,"t=96 [HELLO_TX] bat=100% nbr=16"
004C,SENSOR,1,UNIFIED,"t=105 [HELLO_TX] bat=100% nbr=16"
004C,SENSOR,1,UNIFIED,"t=106 [HELLO_RX] NEW AA07 tier=2(CH) verified=0 rssi=0.2"
004C,SENSOR,1,UNIFIED,"t=110 [HELLO_RX] NEW 0009 tier=1(UNK) verified=0 rssi=0.3"
004C,SENSOR,1,UNIFIED,"t=113 [HELLO_TX] bat=100% nbr=18"
004C,SENSOR,1,UNIFIED,"t=119 [HELLO_TX] bat=100% nbr=18"
004C,SENSOR,1,UNIFIED,"t=126 [HELLO_TX] bat=100% nbr=18"
004C,SENSOR,1,UNIFIED,"t=133 [HELLO_TX] bat=100% nbr=18"
004C,SENSOR,1,UNIFIED,"t=139 [HELLO_TX] bat=100% nbr=18"
004C,SENSOR,1,UNIFIED,"t=143 [HELLO_TX] bat=100% nbr=18"
004C,SENSOR,1,UNIFIED,"t=148 [HELLO_TX] bat=100% nbr=18"
004C,SENSOR,1,UNIFIED,"t=152 [HELLO_TX] bat=100% nbr=18"
004C,SENSOR,1,UNIFIED,"t=153 [HELLO_RX] NEW 0019 tier=1(UNK) verified=0 rssi=0.2"
004C,SENSOR,1,UNIFIED,"t=157 [HELLO_TX] bat=100% nbr=19"
004C,SENSOR,1,UNIFIED,"t=162 [HELLO_TX] bat=100% nbr=19"
004C,SENSOR,1,UNIFIED,"t=170 [HELLO_TX] bat=100% nbr=19"
004C,SENSOR,1,UNIFIED,"t=174 [HELLO_TX] bat=100% nbr=19"
004C,SENSOR,1,UNIFIED,"t=179 [HELLO_TX] bat=100% nbr=19"
004C,SENSOR,1,UNIFIED,"t=188 [HELLO_TX] bat=100% nbr=19"
004C,SENSOR,1,UNIFIED,"t=195 [HELLO_TX] bat=100% nbr=19"
004C,SENSOR,1,UNIFIED,"t=205 [HELLO_TX] bat=100% nbr=19"
004C,SENSOR,1,UNIFIED,"t=214 [HELLO_TX] bat=100% nbr=19"
004C,SENSOR,1,UNIFIED,"t=218 [HELLO_TX] bat=100% nbr=19"
004C,SENSOR,1,UNIFIED,"t=224 [HELLO_TX] bat=100% nbr=19"
004C,SENSOR,1,UNIFIED,"t=232 [HELLO_TX] bat=100% nbr=19"
004C,SENSOR,1,UNIFIED,"t=238 [HELLO_TX] bat=100% nbr=19"
004C,SENSOR,1,UNIFIED,"t=247 [HELLO_TX] bat=100% nbr=19"
004D,SENSOR,1,UNIFIED,"t=4 [HELLO_RX] NEW FF0C tier=3(GWN) verified=0 rssi=3.2"
004D,SENSOR,1,UNIFIED,"t=6 [HELLO_RX] NEW AA05 tier=2(CH) verified=0 rssi=0.7"
004D,SENSOR,1,UNIFIED,"t=8 [HELLO_RX] NEW AA04 tier=2(CH) verified=0 rssi=1.2"
004D,SENSOR,1,UNIFIED,"t=9 [HELLO_RX] NEW 0001 tier=1(UNK) verified=0 rssi=5.0"
004D,SENSOR,1,UNIFIED,"t=10 [HELLO_TX] bat=100% nbr=4"
004D,SENSOR,1,UNIFIED,"t=10 [HELLO_RX] NEW 000E tier=1(UNK) verified=0 rssi=9.8"
004D,SENSOR,1,UNIFIED,"t=13 [HELLO_RX] NEW FF05 tier=3(GWN) verified=0 rssi=1.6"
004D,SENSOR,1,UNIFIED,"t=16 [HELLO_TX] bat=100% nbr=6"
004D,SENSOR,1,UNIFIED,"t=19 [HELLO_RX] NEW 0053 tier=1(UNK) verified=0 rssi=0.8"
004D,SENSOR,1,UNIFIED,"t=22 [HELLO_RX] NEW 0039 tier=1(UNK) verified=0 rssi=1.3"
004D,SENSOR,1,UNIFIED,"t=23 [HELLO_RX] NEW FF08 tier=3(GWN) verified=0 rssi=0.6"
004D,SENSOR,1,UNIFIED,"t=25 [HELLO_TX] bat=100% nbr=9"
004D,SENSOR,1,UNIFIED,"t=26 [HELLO_RX] NEW 003A tier=1(UNK) verified=0 rssi=1.2"
004D,SENSOR,1,UNIFIED,"t=30 [HELLO_TX] bat=100% nbr=10"
004D,SENSOR,1,UNIFIED,"t=39 [HELLO_TX] bat=100% nbr=10"
004D,SENSOR,1,UNIFIED,"t=45 [HELLO_RX] NEW AA0A tier=2(CH) verified=0 rssi=0.2"
004D,SENSOR,1,UNIFIED,"t=49 [HELLO_TX] bat=100% nbr=11"
004D,SENSOR,1,UNIFIED,"t=56 [HELLO_TX] bat=100% nbr=11"
004D,SENSOR,1,UNIFIED,"t=60 [HELLO_TX] bat=100% nbr=11"
004D,SENSOR,1,UNIFIED,"t=66 [HELLO_TX] bat=100% nbr=11"
004D,SENSOR,1,UNIFIED,"t=76 [HELLO_TX] bat=100% nbr=11"
004D,SENSOR,1,UNIFIED,"t=86 [HELLO_TX] bat=100% nbr=11"
004D,SENSOR,1,UNIFIED,"t=88 [HELLO_RX] NEW AA09 tier=2(CH) verified=0 rssi=0.2"
004D,SENSOR,1,UNIFIED,"t=90 [HELLO_TX] bat=100% nbr=12"
004D,SENSOR,1,UNIFIED,"t=100 [HELLO_TX] bat=100% nbr=12"
004D,SENSOR,1,UNIFIED,"t=108 [HELLO_TX] bat=100% nbr=12"
004D,SENSOR,1,UNIFIED,"t=109 [HELLO_RX] NEW 0042 tier=1(UNK) verified=0 rssi=0.3"
004D,SENSOR,1,UNIFIED,"t=116 [HELLO_TX] bat=100% nbr=13"
004D,SENSOR,1,UNIFIED,"t=120 [HELLO_TX] bat=100% nbr=13"
004D,SENSOR,1,UNIFIED,"t=127 [HELLO_TX] bat=100% nbr=13"
004D,SENSOR,1,UNIFIED,"t=131 [HELLO_TX] bat=100% nbr=13"
004D,SENSOR,1,UNIFIED,"t=135 [HELLO_TX] bat=100% nbr=13"
004D,SENSOR,1,UNIFIED,"t=141 [HELLO_TX] bat=100% nbr=13"
004D,SENSOR,1,UNIFIED,"t=151 [HELLO_TX] bat=100% nbr=13"
004D,SENSOR,1,UNIFIED,"t=156 [HELLO_TX] bat=100% nbr=13"
004D,SENSOR,1,UNIFIED,"t=162 [HELLO_TX] bat=100% nbr=13"
004D,SENSOR,1,UNIFIED,"t=170 [HELLO_TX] bat=100% nbr=13"
004D,SENSOR,1,UNIFIED,"t=176 [HELLO_RX] NEW 0045 tier=1(UNK) verified=0 rssi=0.3"
004D,SENSOR,1,UNIFIED,"t=177 [HELLO_TX] bat=100% nbr=14"
004D,SENSOR,1,UNIFIED,"t=187 [HELLO_TX] bat=100% nbr=14"
004D,SENSOR,1,UNIFIED,"t=193 [HELLO_TX] bat=100% nbr=14"
004D,SENSOR,1,UNIFIED,"t=200 [HELLO_TX] bat=100% nbr=14"
004D,SENSOR,1,UNIFIED,"t=206 [HELLO_TX] bat=100% nbr=14"
004D,SENSOR,1,UNIFIED,"t=213 [HELLO_TX] bat=100% nbr=14"
004D,SENSOR,1,UNIFIED,"t=223 [HELLO_TX] bat=100% nbr=14"
004D,SENSOR,1,UNIFIED,"t=231 [HELLO_TX] bat=100% nbr=14"
004D,SENSOR,1,UNIFIED,"t=234 [HELLO_RX] NEW AA0B tier=2(CH) verified=0 rssi=0.2"
004D,SENSOR,1,UNIFIED,"t=239 [HELLO_TX] bat=100% nbr=15"
004D,SENSOR,1,UNIFIED,"t=246 [HELLO_TX] bat=100% nbr=15"
004E,SENSOR,1,UNIFIED,"t=4 [HELLO_RX] NEW 003B tier=1(UNK) verified=0 rssi=0.8"
004E,SENSOR,1,UNIFIED,"t=5 [HELLO_RX] NEW 0015 tier=1(UNK) verified=0 rssi=1.4"
004E,SENSOR,1,UNIFIED,"t=8 [HELLO_TX] bat=100% nbr=2"
004E,SENSOR,1,UNIFIED,"t=8 [HELLO_RX] NEW 004A tier=1(UNK) verified=0 rssi=0.5"
004E,SENSOR,1,UNIFIED,"t=9 [HELLO_RX] NEW 0019 tier=1(UNK) verified=0 rssi=0.2"
004E,SENSOR,1,UNIFIED,"t=16 [HELLO_TX] bat=100% nbr=4"
004E,SENSOR,1,UNIFIED,"t=24 [HELLO_RX] NEW 0049 tier=1(UNK) verified=0 rssi=0.2"
004E,SENSOR,1,UNIFIED,"t=26 [HELLO_TX] bat=100% nbr=5"
004E,SENSOR,1,UNIFIED,"t=29 [HELLO_RX] NEW FF06 tier=3(GWN) verified=0 rssi=0.1"
004E,SENSOR,1,UNIFIED,"t=35 [HELLO_TX] bat=100% nbr=6"
004E,SENSOR,1,UNIFIED,"t=42 [HELLO_RX] NEW 002B tier=1(UNK) verified=0 rssi=0.2"
004E,SENSOR,1,UNIFIED,"t=44 [HELLO_TX] bat=100% nbr=7"
004E,SENSOR,1,UNIFIED,"t=48 [HELLO_TX] bat=100% nbr=7"
004E,SENSOR,1,UNIFIED,"t=51 [HELLO_RX] NEW 003F tier=1(UNK) verified=0 rssi=0.2"
004E,SENSOR,1,UNIFIED,"t=52 [HELLO_TX] bat=100% nbr=8"
004E,SENSOR,1,UNIFIED,"t=57 [HELLO_TX] bat=100% nbr=8"
004E,SENSOR,1,UNIFIED,"t=59 [HELLO_RX] NEW FF04 tier=3(GWN) verified=0 rssi=0.4"
004E,SENSOR,1,UNIFIED,"t=67 [HELLO_TX] bat=100% nbr=9"
004E,SENSOR,1,UNIFIED,"t=72 [HELLO_TX] bat=100% nbr=9"
004E,SENSOR,1,UNIFIED,"t=74 [HELLO_RX] NEW FF07 tier=3(GWN) verified=0 rssi=0.4"
004E,SENSOR,1,UNIFIED,"t=76 [HELLO_TX] bat=100% nbr=10"
004E,SENSOR,1,UNIFIED,"t=81 [HELLO_TX] bat=100% nbr=10"
004E,SENSOR,1,UNIFIED,"t=89 [HELLO_TX] bat=100% nbr=10"
004E,SENSOR,1,UNIFIED,"t=99 [HELLO_TX] bat=100% nbr=10"
004E,SENSOR,1,UNIFIED,"t=109 [HELLO_TX] bat=100% nbr=10"
004E,SENSOR,1,UNIFIED,"t=119 [HELLO_TX] bat=100% nbr=10"
004E,SENSOR,1,UNIFIED,"t=121 [HELLO_RX] NEW 001E tier=1(UNK) verified=0 rssi=0.2"
004E,SENSOR,1,UNIFIED,"t=124 [HELLO_TX] bat=100% nbr=11"
004E,SENSOR,1,UNIFIED,"t=128 [HELLO_TX] bat=100% nbr=11"
004E,SENSOR,1,UNIFIED,"t=132 [HELLO_TX] bat=100% nbr=11"
004E,SENSOR,1,UNIFIED,"t=140 [HELLO_TX] bat=100% nbr=11"
004E,SENSOR,1,UNIFIED,"t=147 [HELLO_TX] bat=100% nbr=11"
004E,SENSOR,1,UNIFIED,"t=156 [HELLO_TX] bat=100% nbr=11"
004E,SENSOR,1,UNIFIED,"t=166 [HELLO_TX] bat=100% nbr=11"
004E,SENSOR,1,UNIFIED,"t=173 [HELLO_TX] bat=100% nbr=11"
004E,SENSOR,1,UNIFIED,"t=181 [HELLO_TX] bat=100% nbr=11"
004E,SENSOR,1,UNIFIED,"t=188 [HELLO_TX] bat=100% nbr=11"
004E,SENSOR,1,UNIFIED,"t=195 [HELLO_TX] bat=100% nbr=11"
004E,SENSOR,1,UNIFIED,"t=203 [HELLO_TX] bat=100% nbr=11"
004E,SENSOR,1,UNIFIED,"t=209 [HELLO_TX] bat=100% nbr=11"
004E,SENSOR,1,UNIFIED,"t=215 [HELLO_TX] bat=100% nbr=11"
004E,SENSOR,1,UNIFIED,"t=225 [HELLO_TX] bat=100% nbr=11"
004E,SENSOR,1,UNIFIED,"t=233 [HELLO_TX] bat=100% nbr=11"
004E,SENSOR,1,UNIFIED,"t=238 [HELLO_TX] bat=100% nbr=11"
004E,SENSOR,1,UNIFIED,"t=243 [HELLO_TX] bat=100% nbr=11"
004E,SENSOR,1,UNIFIED,"t=249 [HELLO_TX] bat=100% nbr=11"
004F,SENSOR,1,UNIFIED,"t=4 [HELLO_RX] NEW 001F tier=1(UNK) verified=0 rssi=9.7"
004F,SENSOR,1,UNIFIED,"t=6 [HELLO_RX] NEW AA05 tier=2(CH) verified=0 rssi=5.3"
004F,SENSOR,1,UNIFIED,"t=7 [HELLO_RX] NEW 0026 tier=1(UNK) verified=0 rssi=1.6"
004F,SENSOR,1,UNIFIED,"t=8 [HELLO_TX] bat=100% nbr=3"
004F,SENSOR,1,UNIFIED,"t=8 [HELLO_RX] NEW AA04 tier=2(CH) verified=0 rssi=0.3"
004F,SENSOR,1,UNIFIED,"t=9 [HELLO_RX] NEW 0053 tier=1(UNK) verified=0 rssi=0.8"
004F,SENSOR,1,UNIFIED,"t=10 [HELLO_RX] NEW FF0C tier=3(GWN) verified=0 rssi=0.8"
004F,SENSOR,1,UNIFIED,"t=11 [HELLO_RX] NEW 003E tier=1(UNK) verified=0 rssi=0.4"
004F,SENSOR,1,UNIFIED,"t=12 [HELLO_TX] bat=100% nbr=7"
004F,SENSOR,1,UNIFIED,"t=15 [HELLO_RX] NEW AA09 tier=2(CH) verified=0 rssi=0.7"
004F,SENSOR,1,UNIFIED,"t=21 [HELLO_RX] NEW 002D tier=1(UNK) verified=0 rssi=0.4"
004F,SENSOR,1,UNIFIED,"t=22 [HELLO_TX] bat=100% nbr=9"
004F,SENSOR,1,UNIFIED,"t=22 [HELLO_RX] NEW 0045 tier=1(UNK) verified=0 rssi=0.6"
004F,SENSOR,1,UNIFIED,"t=23 [HELLO_RX] NEW FF08 tier=3(GWN) verified=0 rssi=0.1"
004F,SENSOR,1,UNIFIED,"t=26 [HELLO_TX] bat=100% nbr=11"
004F,SENSOR,1,UNIFIED,"t=30 [HELLO_RX] NEW 0035 tier=1(UNK) verified=0 rssi=0.2"
004F,SENSOR,1,UNIFIED,"t=31 [HELLO_TX] bat=100% nbr=12"
004F,SENSOR,1,UNIFIED,"t=32 [HELLO_RX] NEW 0017 tier=1(UNK) verified=0 rssi=0.6"
004F,SENSOR,1,UNIFIED,"t=39 [HELLO_TX] bat=100% nbr=13"
004F,SENSOR,1,UNIFIED,"t=39 [HELLO_RX] NEW 004D tier=1(UNK) verified=0 rssi=0.2"
004F,SENSOR,1,UNIFIED,"t=47 [HELLO_TX] bat=100% nbr=14"
004F,SENSOR,1,UNIFIED,"t=48 [HELLO_RX] NEW 0027 tier=1(UNK) verified=0 rssi=0.3"
004F,SENSOR,1,UNIFIED,"t=54 [HELLO_RX] NEW FF0D tier=3(GWN) verified=0 rssi=0.6"
004F,SENSOR,1,UNIFIED,"t=55 [HELLO_TX] bat=100% nbr=16"
004F,SENSOR,1,UNIFIED,"t=62 [HELLO_TX] bat=100% nbr=16"
004F,SENSOR,1,UNIFIED,"t=70 [HELLO_TX] bat=100% nbr=16"
004F,SENSOR,1,UNIFIED,"t=74 [HELLO_RX] NEW AA07 tier=2(CH) verified=0 rssi=0.2"
004F,SENSOR,1,UNIFIED,"t=77 [HELLO_TX] bat=100% nbr=17"
004F,SENSOR,1,UNIFIED,"t=84 [HELLO_TX] bat=100% nbr=17"
004F,SENSOR,1,UNIFIED,"t=90 [HELLO_TX] bat=100% nbr=17"
004F,SENSOR,1,UNIFIED,"t=94 [HELLO_TX] bat=100% nbr=17"
004F,SENSOR,1,UNIFIED,"t=104 [HELLO_TX] bat=100% nbr=17"
004F,SENSOR,1,UNIFIED,"t=111 [HELLO_RX] NEW 0033 tier=1(UNK) verified=0 rssi=0.2"
004F,SENSOR,1,UNIFIED,"t=114 [HELLO_TX] bat=100% nbr=18"
004F,SENSOR,1,UNIFIED,"t=119 [HELLO_TX] bat=100% nbr=18"
004F,SENSOR,1,UNIFIED,"t=124 [HELLO_TX] bat=100% nbr=18"
004F,SENSOR,1,UNIFIED,"t=128 [HELLO_TX] bat=100% nbr=18"
004F,SENSOR,1,UNIFIED,"t=138 [HELLO_TX] bat=100% nbr=18"
004F,SENSOR,1,UNIFIED,"t=146 [HELLO_TX] bat=100% nbr=18"
004F,SENSOR,1,UNIFIED,"t=153 [HELLO_TX] bat=100% nbr=18"
004F,SENSOR,1,UNIFIED,"t=156 [HELLO_RX] NEW 0001 tier=1(UNK) verified=0 rssi=0.2"
004F,SENSOR,1,UNIFIED,"t=163 [HELLO_TX] bat=100% nbr=19"
004F,SENSOR,1,UNIFIED,"t=172 [HELLO_TX] bat=100% nbr=19"
004F,SENSOR,1,UNIFIED,"t=177 [HELLO_TX] bat=100% nbr=19"
004F,SENSOR,1,UNIFIED,"t=178 [HELLO_RX] NEW FF05 tier=3(GWN) verified=0 rssi=0.2"
004F,SENSOR,1,UNIFIED,"t=184 [HELLO_TX] bat=100% nbr=20"
004F,SENSOR,1,UNIFIED,"t=190 [HELLO_TX] bat=100% nbr=20"
004F,SENSOR,1,UNIFIED,"t=196 [HELLO_TX] bat=100% nbr=20"
004F,SENSOR,1,UNIFIED,"t=203 [HELLO_TX] bat=100% nbr=20"
004F,SENSOR,1,UNIFIED,"t=208 [HELLO_TX] bat=100% nbr=20"
004F,SENSOR,1,UNIFIED,"t=210 [HELLO_RX] NEW 0039 tier=1(UNK) verified=0 rssi=0.2"
004F,SENSOR,1,UNIFIED,"t=215 [HELLO_TX] bat=100% nbr=21"
004F,SENSOR,1,UNIFIED,"t=224 [HELLO_TX] bat=100% nbr=21"
004F,SENSOR,1,UNIFIED,"t=234 [HELLO_TX] bat=100% nbr=21"
004F,SENSOR,1,UNIFIED,"t=243 [HELLO_TX] bat=100% nbr=21"
004F,SENSOR,1,UNIFIED,"t=247 [HELLO_TX] bat=100% nbr=21"
0050,SENSOR,1,UNIFIED,"t=5 [HELLO_RX] NEW 0018 tier=1(UNK) verified=0 rssi=0.5"
0050,SENSOR,1,UNIFIED,"t=6 [HELLO_TX] bat=100% nbr=1"
0050,SENSOR,1,UNIFIED,"t=6 [HELLO_RX] NEW 0010 tier=1(UNK) verified=0 rssi=0.4"
0050,SENSOR,1,UNIFIED,"t=7 [HELLO_RX] NEW FF0B tier=3(GWN) verified=0 rssi=0.4"
0050,SENSOR,1,UNIFIED,"t=10 [HELLO_TX] bat=100% nbr=3"
0050,SENSOR,1,UNIFIED,"t=10 [HELLO_RX] NEW 0014 tier=1(UNK) verified=0 rssi=0.8"
0050,SENSOR,1,UNIFIED,"t=14 [HELLO_RX] NEW 000F tier=1(UNK) verified=0 rssi=0.2"
0050,SENSOR,1,UNIFIED,"t=16 [HELLO_RX] NEW FF03 tier=3(GWN) verified=0 rssi=0.1"
0050,SENSOR,1,UNIFIED,"t=20 [HELLO_TX] bat=100% nbr=6"
0050,SENSOR,1,UNIFIED,"t=25 [HELLO_TX] bat=100% nbr=6"
0050,SENSOR,1,UNIFIED,"t=27 [HELLO_RX] NEW 0051 tier=1(UNK) verified=0 rssi=0.3"
0050,SENSOR,1,UNIFIED,"t=32 [HELLO_TX] bat=100% nbr=7"
0050,SENSOR,1,UNIFIED,"t=34 [HELLO_RX] NEW FF0A tier=3(GWN) verified=1 rssi=0.2"
0050,SENSOR,1,UNIFIED,"t=36 [HELLO_RX] NEW 0058 tier=1(UNK) verified=0 rssi=0.4"
0050,SENSOR,1,UNIFIED,"t=37 [HELLO_RX] NEW 0013 tier=1(UNK) verified=0 rssi=0.4"
0050,SENSOR,1,UNIFIED,"t=39 [HELLO_TX] bat=100% nbr=10"
0050,SENSOR,1,UNIFIED,"t=43 [HELLO_TX] bat=100% nbr=10"
0050,SENSOR,1,UNIFIED,"t=48 [HELLO_TX] bat=100% nbr=10"
0050,SENSOR,1,UNIFIED,"t=54 [HELLO_TX] bat=100% nbr=10"
0050,SENSOR,1,UNIFIED,"t=61 [HELLO_TX] bat=100% nbr=10"
0050,SENSOR,1,UNIFIED,"t=67 [HELLO_TX] bat=100% nbr=10"
0050,SENSOR,1,UNIFIED,"t=76 [HELLO_TX] bat=100% nbr=10"
0050,SENSOR,1,UNIFIED,"t=80 [HELLO_TX] bat=100% nbr=10"
0050,SENSOR,1,UNIFIED,"t=83 [HELLO_RX] NEW 002F tier=1(UNK) verified=0 rssi=0.2"
0050,SENSOR,1,UNIFIED,"t=84 [HELLO_TX] bat=100% nbr=11"
0050,SENSOR,1,UNIFIED,"t=84 [HELLO_RX] NEW 0055 tier=1(UNK) verified=0 rssi=0.2"
0050,SENSOR,1,UNIFIED,"t=93 [HELLO_TX] bat=100% nbr=12"
0050,SENSOR,1,UNIFIED,"t=97 [HELLO_TX] bat=100% nbr=12"
0050,SENSOR,1,UNIFIED,"t=101 [HELLO_TX] bat=100% nbr=12"
0050,SENSOR,1,UNIFIED,"t=105 [HELLO_TX] bat=100% nbr=12"
0050,SENSOR,1,UNIFIED,"t=112 [HELLO_TX] bat=100% nbr=12"
0050,SENSOR,1,UNIFIED,"t=121 [HELLO_TX] bat=100% nbr=12"
0050,SENSOR,1,UNIFIED,"t=131 [HELLO_TX] bat=100% nbr=12"
0050,SENSOR,1,UNIFIED,"t=141 [HELLO_TX] bat=100% nbr=12"
0050,SENSOR,1,UNIFIED,"t=147 [HELLO_TX] bat=100% nbr=12"
0050,SENSOR,1,UNIFIED,"t=157 [HELLO_TX] bat=100% nbr=12"
0050,SENSOR,1,UNIFIED,"t=163 [HELLO_TX] bat=100% nbr=12"
0050,SENSOR,1,UNIFIED,"t=170 [HELLO_TX] bat=100% nbr=12"
0050,SENSOR,1,UNIFIED,"t=176 [HELLO_TX] bat=100% nbr=12"
0050,SENSOR,1,UNIFIED,"t=180 [HELLO_TX] bat=100% nbr=12"
0050,SENSOR,1,UNIFIED,"t=188 [HELLO_TX] bat=100% nbr=12"
0050,SENSOR,1,UNIFIED,"t=198 [HELLO_TX] bat=100% nbr=12"
0050,SENSOR,1,UNIFIED,"t=207 [HELLO_TX] bat=100% nbr=12"
0050,SENSOR,1,UNIFIED,"t=211 [HELLO_TX] bat=100% nbr=12"
0050,SENSOR,1,UNIFIED,"t=217 [HELLO_TX] bat=100% nbr=12"
0050,SENSOR,1,UNIFIED,"t=222 [HELLO_RX] NEW AA01 tier=2(CH) verified=0 rssi=0.2"
0050,SENSOR,1,UNIFIED,"t=226 [HELLO_TX] bat=100% nbr=13"
0050,SENSOR,1,UNIFIED,"t=235 [HELLO_TX] bat=100% nbr=13"
0050,SENSOR,1,UNIFIED,"t=245 [HELLO_TX] bat=100% nbr=13"
0051,SENSOR,1,UNIFIED,"t=5 [HELLO_TX] bat=100% nbr=0"
0051,SENSOR,1,UNIFIED,"t=5 [HELLO_RX] NEW 0018 tier=1(UNK) verified=0 rssi=0.5"
0051,SENSOR,1,UNIFIED,"t=7 [HELLO_RX] NEW 0013 tier=1(UNK) verified=0 rssi=18.5"
0051,SENSOR,1,UNIFIED,"t=8 [HELLO_RX] NEW 002A tier=1(UNK) verified=0 rssi=0.7"
0051,SENSOR,1,UNIFIED,"t=10 [HELLO_RX] NEW 002F tier=1(UNK) verified=0 rssi=12.9"
0051,SENSOR,1,UNIFIED,"t=14 [HELLO_TX] bat=100% nbr=4"
0051,SENSOR,1,UNIFIED,"t=14 [HELLO_RX] NEW 000F tier=1(UNK) verified=0 rssi=0.6"
0051,SENSOR,1,UNIFIED,"t=18 [HELLO_TX] bat=100% nbr=5"
0051,SENSOR,1,UNIFIED,"t=19 [HELLO_RX] NEW 0014 tier=1(UNK) verified=0 rssi=2.6"
0051,SENSOR,1,UNIFIED,"t=20 [HELLO_RX] NEW 0006 tier=1(UNK) verified=0 rssi=0.5"
0051,SENSOR,1,UNIFIED,"t=21 [HELLO_RX] NEW FF0A tier=3(GWN) verified=0 rssi=0.4"
0051,SENSOR,1,UNIFIED,"t=27 [HELLO_TX] bat=100% nbr=8"
0051,SENSOR,1,UNIFIED,"t=27 [HELLO_RX] NEW 0024 tier=1(UNK) verified=0 rssi=0.2"
0051,SENSOR,1,UNIFIED,"t=31 [HELLO_RX] NEW 0058 tier=1(UNK) verified=0 rssi=0.3"
0051,SENSOR,1,UNIFIED,"t=32 [HELLO_TX] bat=100% nbr=10"
0051,SENSOR,1,UNIFIED,"t=40 [HELLO_TX] bat=100% nbr=10"
0051,SENSOR,1,UNIFIED,"t=40 [HELLO_RX] NEW FF0B tier=3(GWN) verified=1 rssi=0.6"
0051,SENSOR,1,UNIFIED,"t=44 [HELLO_RX] NEW AA08 tier=2(CH) verified=0 rssi=0.5"
0051,SENSOR,1,UNIFIED,"t=50 [HELLO_TX] bat=100% nbr=12"
0051,SENSOR,1,UNIFIED,"t=56 [HELLO_TX] bat=100% nbr=12"
0051,SENSOR,1,UNIFIED,"t=60 [HELLO_TX] bat=100% nbr=12"
0051,SENSOR,1,UNIFIED,"t=69 [HELLO_TX] bat=100% nbr=12"
0051,SENSOR,1,UNIFIED,"t=74 [HELLO_TX] bat=100% nbr=12"
0051,SENSOR,1,UNIFIED,"t=80 [HELLO_RX] NEW AA01 tier=2(CH) verified=0 rssi=0.4"
0051,SENSOR,1,UNIFIED,"t=81 [HELLO_TX] bat=100% nbr=13"
0051,SENSOR,1,UNIFIED,"t=84 [HELLO_RX] NEW 0050 tier=1(UNK) verified=0 rssi=0.3"
0051,SENSOR,1,UNIFIED,"t=86 [HELLO_TX] bat=100% nbr=14"
0051,SENSOR,1,UNIFIED,"t=89 [HELLO_RX] NEW FF03 tier=3(GWN) verified=1 rssi=0.1"
0051,SENSOR,1,UNIFIED,"t=94 [HELLO_TX] bat=100% nbr=15"
0051,SENSOR,1,UNIFIED,"t=99 [HELLO_TX] bat=100% nbr=15"
0051,SENSOR,1,UNIFIED,"t=104 [HELLO_TX] bat=100% nbr=15"
0051,SENSOR,1,UNIFIED,"t=112 [HELLO_TX] bat=100% nbr=15"
0051,SENSOR,1,UNIFIED,"t=116 [HELLO_TX] bat=100% nbr=15"
0051,SENSOR,1,UNIFIED,"t=122 [HELLO_TX] bat=100% nbr=15"
0051,SENSOR,1,UNIFIED,"t=127 [HELLO_TX] bat=100% nbr=15"
0051,SENSOR,1,UNIFIED,"t=132 [HELLO_TX] bat=100% nbr=15"
0051,SENSOR,1,UNIFIED,"t=137 [HELLO_TX] bat=100% nbr=15"
0051,SENSOR,1,UNIFIED,"t=142 [HELLO_TX] bat=100% nbr=15"
0051,SENSOR,1,UNIFIED,"t=150 [HELLO_TX] bat=100% nbr=15"
0051,SENSOR,1,UNIFIED,"t=154 [HELLO_TX] bat=100% nbr=15"
0051,SENSOR,1,UNIFIED,"t=162 [HELLO_TX] bat=100% nbr=15"
0051,SENSOR,1,UNIFIED,"t=166 [HELLO_TX] bat=100% nbr=15"
0051,SENSOR,1,UNIFIED,"t=176 [HELLO_TX] bat=100% nbr=15"
0051,SENSOR,1,UNIFIED,"t=181 [HELLO_TX] bat=100% nbr=15"
0051,SENSOR,1,UNIFIED,"t=185 [HELLO_TX] bat=100% nbr=15"
0051,SENSOR,1,UNIFIED,"t=192 [HELLO_TX] bat=100% nbr=15"
0051,SENSOR,1,UNIFIED,"t=202 [HELLO_TX] bat=100% nbr=15"
0051,SENSOR,1,UNIFIED,"t=211 [HELLO_TX] bat=100% nbr=15"
0051,SENSOR,1,UNIFIED,"t=215 [HELLO_TX] bat=100% nbr=15"
0051,SENSOR,1,UNIFIED,"t=223 [HELLO_TX] bat=100% nbr=15"
0051,SENSOR,1,UNIFIED,"t=233 [HELLO_TX] bat=100% nbr=15"
0051,SENSOR,1,UNIFIED,"t=240 [HELLO_TX] bat=100% nbr=15"
0052,SENSOR,1,UNIFIED,"t=4 [HELLO_RX] NEW 005C tier=1(UNK) verified=0 rssi=1.1"
0052,SENSOR,1,UNIFIED,"t=5 [HELLO_RX] NEW 0036 tier=1(UNK) verified=0 rssi=15.6"
0052,SENSOR,1,UNIFIED,"t=7 [HELLO_TX] bat=100% nbr=2"
0052,SENSOR,1,UNIFIED,"t=7 [HELLO_RX] NEW 0020 tier=1(UNK) verified=0 rssi=1.8"
0052,SENSOR,1,UNIFIED,"t=8 [HELLO_RX] NEW AA04 tier=2(CH) verified=0 rssi=0.2"
0052,SENSOR,1,UNIFIED,"t=10 [HELLO_RX] NEW 0004 tier=1(UNK) verified=0 rssi=5.4"
0052,SENSOR,1,UNIFIED,"t=11 [HELLO_RX] NEW 001A tier=1(UNK) verified=0 rssi=0.5"
0052,SENSOR,1,UNIFIED,"t=14 [HELLO_TX] bat=100% nbr=6"
0052,SENSOR,1,UNIFIED,"t=16 [HELLO_RX] NEW 0055 tier=1(UNK) verified=0 rssi=0.4"
0052,SENSOR,1,UNIFIED,"t=19 [HELLO_TX] bat=100% nbr=7"
0052,SENSOR,1,UNIFIED,"t=19 [HELLO_RX] NEW AA09 tier=2(CH) verified=0 rssi=0.5"
0052,SENSOR,1,UNIFIED,"t=24 [HELLO_RX] NEW 005A tier=1(UNK) verified=0 rssi=0.2"
0052,SENSOR,1,UNIFIED,"t=28 [HELLO_RX] NEW 004B tier=1(UNK) verified=0 rssi=0.4"
0052,SENSOR,1,UNIFIED,"t=29 [HELLO_TX] bat=100% nbr=10"
0052,SENSOR,1,UNIFIED,"t=29 [HELLO_RX] NEW 0021 tier=1(UNK) verified=0 rssi=0.4"
0052,SENSOR,1,UNIFIED,"t=33 [HELLO_RX] NEW 0007 tier=1(UNK) verified=0 rssi=0.5"
0052,SENSOR,1,UNIFIED,"t=36 [HELLO_TX] bat=100% nbr=12"
0052,SENSOR,1,UNIFIED,"t=42 [HELLO_TX] bat=100% nbr=12"
0052,SENSOR,1,UNIFIED,"t=48 [HELLO_TX] bat=100% nbr=12"
0052,SENSOR,1,UNIFIED,"t=48 [HELLO_RX] NEW FF0A tier=3(GWN) verified=1 rssi=0.1"
0052,SENSOR,1,UNIFIED,"t=58 [HELLO_TX] bat=100% nbr=13"
0052,SENSOR,1,UNIFIED,"t=62 [HELLO_TX] bat=100% nbr=13"
0052,SENSOR,1,UNIFIED,"t=70 [HELLO_TX] bat=100% nbr=13"
0052,SENSOR,1,UNIFIED,"t=74 [HELLO_RX] NEW AA07 tier=2(CH) verified=0 rssi=0.4"
0052,SENSOR,1,UNIFIED,"t=80 [HELLO_TX] bat=100% nbr=14"
0052,SENSOR,1,UNIFIED,"t=84 [HELLO_TX] bat=100% nbr=14"
0052,SENSOR,1,UNIFIED,"t=91 [HELLO_TX] bat=100% nbr=14"
0052,SENSOR,1,UNIFIED,"t=99 [HELLO_RX] NEW 0058 tier=1(UNK) verified=0 rssi=0.2"
0052,SENSOR,1,UNIFIED,"t=100 [HELLO_TX] bat=100% nbr=15"
0052,SENSOR,1,UNIFIED,"t=110 [HELLO_TX] bat=100% nbr=15"
0052,SENSOR,1,UNIFIED,"t=119 [HELLO_TX] bat=100% nbr=15"
0052,SENSOR,1,UNIFIED,"t=127 [HELLO_TX] bat=100% nbr=15"
0052,SENSOR,1,UNIFIED,"t=136 [HELLO_RX] NEW AA06 tier=2(CH) verified=0 rssi=0.2"
0052,SENSOR,1,UNIFIED,"t=137 [HELLO_TX] bat=100% nbr=16"
0052,SENSOR,1,UNIFIED,"t=144 [HELLO_TX] bat=100% nbr=16"
0052,SENSOR,1,UNIFIED,"t=151 [HELLO_TX] bat=100% nbr=16"
0052,SENSOR,1,UNIFIED,"t=158 [HELLO_TX] bat=100% nbr=16"
0052,SENSOR,1,UNIFIED,"t=165 [HELLO_TX] bat=100% nbr=16"
0052,SENSOR,1,UNIFIED,"t=174 [HELLO_TX] bat=100% nbr=16"
0052,SENSOR,1,UNIFIED,"t=183 [HELLO_TX] bat=100% nbr=16"
0052,SENSOR,1,UNIFIED,"t=187 [HELLO_TX] bat=100% nbr=16"
0052,SENSOR,1,UNIFIED,"t=195 [HELLO_TX] bat=100% nbr=16"
0052,SENSOR,1,UNIFIED,"t=199 [HELLO_TX] bat=100% nbr=16"
0052,SENSOR,1,UNIFIED,"t=203 [HELLO_TX] bat=100% nbr=16"
0052,SENSOR,1,UNIFIED,"t=212 [HELLO_TX] bat=100% nbr=16"
0052,SENSOR,1,UNIFIED,"t=221 [HELLO_TX] bat=100% nbr=16"
0052,SENSOR,1,UNIFIED,"t=226 [HELLO_TX] bat=100% nbr=16"
0052,SENSOR,1,UNIFIED,"t=236 [HELLO_TX] bat=100% nbr=16"
0052,SENSOR,1,UNIFIED,"t=246 [HELLO_TX] bat=100% nbr=16"
0053,SENSOR,1,UNIFIED,"t=4 [HELLO_RX] NEW FF0C tier=3(GWN) verified=0 rssi=2.8"
0053,SENSOR,1,UNIFIED,"t=6 [HELLO_RX] NEW AA05 tier=2(CH) verified=0 rssi=11.8"
0053,SENSOR,1,UNIFIED,"t=7 [HELLO_RX] NEW 0026 tier=1(UNK) verified=0 rssi=0.6"
0053,SENSOR,1,UNIFIED,"t=8 [HELLO_RX] NEW AA04 tier=2(CH) verified=0 rssi=1.0"
0053,SENSOR,1,UNIFIED,"t=9 [HELLO_TX] bat=100% nbr=4"
0053,SENSOR,1,UNIFIED,"t=9 [HELLO_RX] NEW FF0D tier=3(GWN) verified=0 rssi=0.3"
0053,SENSOR,1,UNIFIED,"t=10 [HELLO_RX] NEW 000E tier=1(UNK) verified=0 rssi=0.4"
0053,SENSOR,1,UNIFIED,"t=13 [HELLO_RX] NEW 0045 tier=1(UNK) verified=0 rssi=1.2"
0053,SENSOR,1,UNIFIED,"t=15 [HELLO_RX] NEW AA09 tier=2(CH) verified=0 rssi=0.5"
0053,SENSOR,1,UNIFIED,"t=16 [HELLO_RX] NEW 004D tier=1(UNK) verified=0 rssi=0.8"
0053,SENSOR,1,UNIFIED,"t=19 [HELLO_TX] bat=100% nbr=9"
0053,SENSOR,1,UNIFIED,"t=21 [HELLO_RX] NEW 002D tier=1(UNK) verified=0 rssi=0.2"
0053,SENSOR,1,UNIFIED,"t=22 [HELLO_RX] NEW 0039 tier=1(UNK) verified=0 rssi=1.1"
0053,SENSOR,1,UNIFIED,"t=26 [HELLO_TX] bat=100% nbr=11"
0053,SENSOR,1,UNIFIED,"t=26 [HELLO_RX] NEW 004F tier=1(UNK) verified=0 rssi=0.8"
0053,SENSOR,1,UNIFIED,"t=27 [HELLO_RX] NEW FF08 tier=3(GWN) verified=0 rssi=0.2"
0053,SENSOR,1,UNIFIED,"t=28 [HELLO_RX] NEW 0001 tier=1(UNK) verified=0 rssi=1.3"
0053,SENSOR,1,UNIFIED,"t=29 [HELLO_RX] NEW 0042 tier=1(UNK) verified=0 rssi=0.3"
0053,SENSOR,1,UNIFIED,"t=33 [HELLO_TX] bat=100% nbr=15"
0053,SENSOR,1,UNIFIED,"t=40 [HELLO_TX] bat=100% nbr=15"
0053,SENSOR,1,UNIFIED,"t=44 [HELLO_TX] bat=100% nbr=15"
0053,SENSOR,1,UNIFIED,"t=46 [HELLO_RX] NEW 001F tier=1(UNK) verified=0 rssi=0.4"
0053,SENSOR,1,UNIFIED,"t=50 [HELLO_TX] bat=100% nbr=16"
0053,SENSOR,1,UNIFIED,"t=60 [HELLO_TX] bat=100% nbr=16"
0053,SENSOR,1,UNIFIED,"t=66 [HELLO_RX] NEW 0021 tier=1(UNK) verified=0 rssi=0.2"
0053,SENSOR,1,UNIFIED,"t=70 [HELLO_TX] bat=100% nbr=17"
0053,SENSOR,1,UNIFIED,"t=73 [HELLO_RX] NEW 0017 tier=1(UNK) verified=0 rssi=0.2"
0053,SENSOR,1,UNIFIED,"t=76 [HELLO_TX] bat=100% nbr=18"
0053,SENSOR,1,UNIFIED,"t=83 [HELLO_TX] bat=100% nbr=18"
0053,SENSOR,1,UNIFIED,"t=87 [HELLO_TX] bat=100% nbr=18"
0053,SENSOR,1,UNIFIED,"t=88 [HELLO_RX] NEW FF05 tier=3(GWN) verified=0 rssi=0.4"
0053,SENSOR,1,UNIFIED,"t=91 [HELLO_TX] bat=100% nbr=19"
0053,SENSOR,1,UNIFIED,"t=95 [HELLO_TX] bat=100% nbr=19"
0053,SENSOR,1,UNIFIED,"t=105 [HELLO_TX] bat=100% nbr=19"
0053,SENSOR,1,UNIFIED,"t=106 [HELLO_RX] NEW 003A tier=1(UNK) verified=0 rssi=0.3"
0053,SENSOR,1,UNIFIED,"t=112 [HELLO_TX] bat=100% nbr=20"
0053,SENSOR,1,UNIFIED,"t=119 [HELLO_TX] bat=100% nbr=20"
0053,SENSOR,1,UNIFIED,"t=123 [HELLO_TX] bat=100% nbr=20"
0053,SENSOR,1,UNIFIED,"t=130 [HELLO_TX] bat=100% nbr=20"
0053,SENSOR,1,UNIFIED,"t=136 [HELLO_TX] bat=100% nbr=20"
0053,SENSOR,1,UNIFIED,"t=145 [HELLO_TX] bat=100% nbr=20"
0053,SENSOR,1,UNIFIED,"t=150 [HELLO_TX] bat=100% nbr=20"
0053,SENSOR,1,UNIFIED,"t=160 [HELLO_TX] bat=100% nbr=20"
0053,SENSOR,1,UNIFIED,"t=168 [HELLO_TX] bat=100% nbr=20"
0053,SENSOR,1,UNIFIED,"t=177 [HELLO_TX] bat=100% nbr=20"
0053,SENSOR,1,UNIFIED,"t=181 [HELLO_TX] bat=100% nbr=20"
0053,SENSOR,1,UNIFIED,"t=189 [HELLO_TX] bat=100% nbr=20"
0053,SENSOR,1,UNIFIED,"t=193 [HELLO_TX] bat=100% nbr=20"
0053,SENSOR,1,UNIFIED,"t=199 [HELLO_TX] bat=100% nbr=20"
0053,SENSOR,1,UNIFIED,"t=205 [HELLO_TX] bat=100% nbr=20"
0053,SENSOR,1,UNIFIED,"t=214 [HELLO_TX] bat=100% nbr=20"
0053,SENSOR,1,UNIFIED,"t=219 [HELLO_TX] bat=100% nbr=20"
0053,SENSOR,1,UNIFIED,"t=224 [HELLO_TX] bat=100% nbr=20"
0053,SENSOR,1,UNIFIED,"t=229 [HELLO_TX] bat=100% nbr=20"
0053,SENSOR,1,UNIFIED,"t=234 [HELLO_TX] bat=100% nbr=20"
0053,SENSOR,1,UNIFIED,"t=239 [HELLO_TX] bat=100% nbr=20"
0053,SENSOR,1,UNIFIED,"t=243 [HELLO_TX] bat=100% nbr=20"
0054,SENSOR,1,UNIFIED,"t=4 [HELLO_RX] NEW 001D tier=1(UNK) verified=0 rssi=9.8"
0054,SENSOR,1,UNIFIED,"t=5 [HELLO_TX] bat=100% nbr=1"
0054,SENSOR,1,UNIFIED,"t=5 [HELLO_RX] NEW 005F tier=1(UNK) verified=0 rssi=0.5"
0054,SENSOR,1,UNIFIED,"t=6 [HELLO_RX] NEW AA03 tier=2(CH) verified=0 rssi=1.1"
0054,SENSOR,1,UNIFIED,"t=7 [HELLO_RX] NEW 0044 tier=1(UNK) verified=0 rssi=3.2"
0054,SENSOR,1,UNIFIED,"t=9 [HELLO_RX] NEW AA02 tier=2(CH) verified=0 rssi=71.5"
0054,SENSOR,1,UNIFIED,"t=10 [HELLO_RX] NEW AA08 tier=2(CH) verified=0 rssi=0.5"
0054,SENSOR,1,UNIFIED,"t=12 [HELLO_RX] NEW 0060 tier=1(UNK) verified=0 rssi=0.6"
0054,SENSOR,1,UNIFIED,"t=14 [HELLO_TX] bat=100% nbr=7"
0054,SENSOR,1,UNIFIED,"t=14 [HELLO_RX] NEW 0031 tier=1(UNK) verified=0 rssi=0.6"
0054,SENSOR,1,UNIFIED,"t=15 [HELLO_RX] NEW 0037 tier=1(UNK) verified=0 rssi=0.5"
0054,SENSOR,1,UNIFIED,"t=16 [HELLO_RX] NEW FF09 tier=3(GWN) verified=0 rssi=0.3"
0054,SENSOR,1,UNIFIED,"t=18 [HELLO_TX] bat=100% nbr=10"
0054,SENSOR,1,UNIFIED,"t=26 [HELLO_RX] NEW 001C tier=1(UNK) verified=0 rssi=7.3"
0054,SENSOR,1,UNIFIED,"t=27 [HELLO_TX] bat=100% nbr=11"
0054,SENSOR,1,UNIFIED,"t=30 [HELLO_RX] NEW FF01 tier=3(GWN) verified=0 rssi=1.0"
0054,SENSOR,1,UNIFIED,"t=33 [HELLO_RX] NEW 003C tier=1(UNK) verified=0 rssi=1.6"
0054,SENSOR,1,UNIFIED,"t=36 [HELLO_TX] bat=100% nbr=13"
0054,SENSOR,1,UNIFIED,"t=40 [HELLO_TX] bat=100% nbr=13"
0054,SENSOR,1,UNIFIED,"t=45 [HELLO_RX] NEW 002E tier=1(UNK) verified=0 rssi=0.2"
0054,SENSOR,1,UNIFIED,"t=49 [HELLO_TX] bat=100% nbr=14"
0054,SENSOR,1,UNIFIED,"t=57 [HELLO_RX] NEW FF02 tier=3(GWN) verified=0 rssi=0.4"
0054,SENSOR,1,UNIFIED,"t=58 [HELLO_TX] bat=100% nbr=15"
0054,SENSOR,1,UNIFIED,"t=66 [HELLO_RX] NEW 0025 tier=1(UNK) verified=0 rssi=0.5"
0054,SENSOR,1,UNIFIED,"t=67 [HELLO_TX] bat=100% nbr=16"
0054,SENSOR,1,UNIFIED,"t=72 [HELLO_TX] bat=100% nbr=16"
0054,SENSOR,1,UNIFIED,"t=81 [HELLO_TX] bat=100% nbr=16"
0054,SENSOR,1,UNIFIED,"t=89 [HELLO_TX] bat=100% nbr=16"
0054,SENSOR,1,UNIFIED,"t=89 [HELLO_RX] NEW FF03 tier=3(GWN) verified=1 rssi=0.3"
0054,SENSOR,1,UNIFIED,"t=99 [HELLO_TX] bat=100% nbr=17"
0054,SENSOR,1,UNIFIED,"t=109 [HELLO_TX] bat=100% nbr=17"
0054,SENSOR,1,UNIFIED,"t=118 [HELLO_TX] bat=100% nbr=17"
0054,SENSOR,1,UNIFIED,"t=123 [HELLO_TX] bat=100% nbr=17"
0054,SENSOR,1,UNIFIED,"t=124 [HELLO_RX] NEW 0059 tier=1(UNK) verified=0 rssi=0.2"
0054,SENSOR,1,UNIFIED,"t=130 [HELLO_TX] bat=100% nbr=18"
0054,SENSOR,1,UNIFIED,"t=139 [HELLO_TX] bat=100% nbr=18"
0054,SENSOR,1,UNIFIED,"t=149 [HELLO_TX] bat=100% nbr=18"
0054,SENSOR,1,UNIFIED,"t=153 [HELLO_RX] NEW 0063 tier=1(UNK) verified=0 rssi=0.2"
0054,SENSOR,1,UNIFIED,"t=157 [HELLO_TX] bat=100% nbr=19"
0054,SENSOR,1,UNIFIED,"t=159 [HELLO_RX] NEW 0041 tier=1(UNK) verified=0 rssi=0.2"
0054,SENSOR,1,UNIFIED,"t=161 [HELLO_TX] bat=100% nbr=20"
0054,SENSOR,1,UNIFIED,"t=167 [HELLO_TX] bat=100% nbr=20"
0054,SENSOR,1,UNIFIED,"t=175 [HELLO_TX] bat=100% nbr=20"
0054,SENSOR,1,UNIFIED,"t=183 [HELLO_TX] bat=100% nbr=20"
0054,SENSOR,1,UNIFIED,"t=189 [HELLO_TX] bat=100% nbr=20"
0054,SENSOR,1,UNIFIED,"t=199 [HELLO_TX] bat=100% nbr=20"
0054,SENSOR,1,UNIFIED,"t=208 [HELLO_TX] bat=100% nbr=20"
0054,SENSOR,1,UNIFIED,"t=216 [HELLO_TX] bat=100% nbr=20"
0054,SENSOR,1,UNIFIED,"t=220 [HELLO_TX] bat=100% nbr=20"
0054,SENSOR,1,UNIFIED,"t=227 [HELLO_TX] bat=100% nbr=20"
0054,SENSOR,1,UNIFIED,"t=231 [HELLO_TX] bat=100% nbr=20"
0054,SENSOR,1,UNIFIED,"t=235 [HELLO_TX] bat=100% nbr=20"
0054,SENSOR,1,UNIFIED,"t=239 [HELLO_TX] bat=100% nbr=20"
0054,SENSOR,1,UNIFIED,"t=249 [HELLO_TX] bat=100% nbr=20"
0055,SENSOR,1,UNIFIED,"t=4 [HELLO_RX] NEW 005C tier=1(UNK) verified=0 rssi=0.4"
0055,SENSOR,1,UNIFIED,"t=5 [HELLO_RX] NEW 0036 tier=1(UNK) verified=0 rssi=0.6"
0055,SENSOR,1,UNIFIED,"t=6 [HELLO_RX] NEW 0058 tier=1(UNK) verified=0 rssi=4.4"
0055,SENSOR,1,UNIFIED,"t=7 [HELLO_TX] bat=100% nbr=3"
0055,SENSOR,1,UNIFIED,"t=10 [HELLO_RX] NEW 0014 tier=1(UNK) verified=0 rssi=0.2"
0055,SENSOR,1,UNIFIED,"t=11 [HELLO_TX] bat=100% nbr=4"
0055,SENSOR,1,UNIFIED,"t=12 [HELLO_RX] NEW 0010 tier=1(UNK) verified=0 rssi=0.5"
0055,SENSOR,1,UNIFIED,"t=15 [HELLO_RX] NEW 0007 tier=1(UNK) verified=0 rssi=1.2"
0055,SENSOR,1,UNIFIED,"t=16 [HELLO_TX] bat=100% nbr=6"
0055,SENSOR,1,UNIFIED,"t=20 [HELLO_RX] NEW 0024 tier=1(UNK) verified=0 rssi=0.2"
0055,SENSOR,1,UNIFIED,"t=22 [HELLO_TX] bat=100% nbr=7"
0055,SENSOR,1,UNIFIED,"t=26 [HELLO_TX] bat=100% nbr=7"
0055,SENSOR,1,UNIFIED,"t=29 [HELLO_RX] NEW 005A tier=1(UNK) verified=0 rssi=0.3"
0055,SENSOR,1,UNIFIED,"t=30 [HELLO_TX] bat=100% nbr=8"
0055,SENSOR,1,UNIFIED,"t=32 [HELLO_RX] NEW 0051 tier=1(UNK) verified=0 rssi=0.2"
0055,SENSOR,1,UNIFIED,"t=34 [HELLO_TX] bat=100% nbr=9"
0055,SENSOR,1,UNIFIED,"t=41 [HELLO_TX] bat=100% nbr=9"
0055,SENSOR,1,UNIFIED,"t=46 [HELLO_TX] bat=100% nbr=9"
0055,SENSOR,1,UNIFIED,"t=47 [HELLO_RX] NEW FF0B tier=3(GWN) verified=1 rssi=0.1"
0055,SENSOR,1,UNIFIED,"t=53 [HELLO_TX] bat=100% nbr=10"
0055,SENSOR,1,UNIFIED,"t=58 [HELLO_TX] bat=100% nbr=10"
0055,SENSOR,1,UNIFIED,"t=58 [HELLO_RX] NEW 0052 tier=1(UNK) verified=0 rssi=0.4"
0055,SENSOR,1,UNIFIED,"t=59 [HELLO_RX] NEW 0020 tier=1(UNK) verified=0 rssi=0.2"
0055,SENSOR,1,UNIFIED,"t=68 [HELLO_TX] bat=100% nbr=12"
0055,SENSOR,1,UNIFIED,"t=75 [HELLO_TX] bat=100% nbr=12"
0055,SENSOR,1,UNIFIED,"t=77 [HELLO_RX] NEW 0004 tier=1(UNK) verified=0 rssi=0.3"
0055,SENSOR,1,UNIFIED,"t=84 [HELLO_TX] bat=100% nbr=13"
0055,SENSOR,1,UNIFIED,"t=93 [HELLO_TX] bat=100% nbr=13"
0055,SENSOR,1,UNIFIED,"t=97 [HELLO_TX] bat=100% nbr=13"
0055,SENSOR,1,UNIFIED,"t=98 [HELLO_RX] NEW 0013 tier=1(UNK) verified=0 rssi=0.2"
0055,SENSOR,1,UNIFIED,"t=104 [HELLO_TX] bat=100% nbr=14"
0055,SENSOR,1,UNIFIED,"t=110 [HELLO_RX] NEW 0011 tier=1(UNK) verified=0 rssi=0.2"
0055,SENSOR,1,UNIFIED,"t=112 [HELLO_TX] bat=100% nbr=15"
0055,SENSOR,1,UNIFIED,"t=122 [HELLO_TX] bat=100% nbr=15"
0055,SENSOR,1,UNIFIED,"t=128 [HELLO_TX] bat=100% nbr=15"
0055,SENSOR,1,UNIFIED,"t=137 [HELLO_TX] bat=100% nbr=15"
0055,SENSOR,1,UNIFIED,"t=145 [HELLO_TX] bat=100% nbr=15"
0055,SENSOR,1,UNIFIED,"t=154 [HELLO_TX] bat=100% nbr=15"
0055,SENSOR,1,UNIFIED,"t=161 [HELLO_TX] bat=100% nbr=15"
0055,SENSOR,1,UNIFIED,"t=166 [HELLO_TX] bat=100% nbr=15"
0055,SENSOR,1,UNIFIED,"t=174 [HELLO_TX] bat=100% nbr=15"
0055,SENSOR,1,UNIFIED,"t=181 [HELLO_TX] bat=100% nbr=15"
0055,SENSOR,1,UNIFIED,"t=187 [HELLO_TX] bat=100% nbr=15"
0055,SENSOR,1,UNIFIED,"t=191 [HELLO_TX] bat=100% nbr=15"
0055,SENSOR,1,UNIFIED,"t=197 [HELLO_TX] bat=100% nbr=15"
0055,SENSOR,1,UNIFIED,"t=202 [HELLO_TX] bat=100% nbr=15"
0055,SENSOR,1,UNIFIED,"t=210 [HELLO_TX] bat=100% nbr=15"
0055,SENSOR,1,UNIFIED,"t=219 [HELLO_TX] bat=100% nbr=15"
0055,SENSOR,1,UNIFIED,"t=227 [HELLO_TX] bat=100% nbr=15"
0055,SENSOR,1,UNIFIED,"t=235 [HELLO_TX] bat=100% nbr=15"
0055,SENSOR,1,UNIFIED,"t=243 [HELLO_TX] bat=100% nbr=15"
0055,SENSOR,1,UNIFIED,"t=248 [HELLO_TX] bat=100% nbr=15"
0056,SENSOR,1,UNIFIED,"t=4 [HELLO_TX] bat=100% nbr=0"
0056,SENSOR,1,UNIFIED,"t=4 [HELLO_RX] NEW 0022 tier=1(UNK) verified=0 rssi=0.5"
0056,SENSOR,1,UNIFIED,"t=5 [HELLO_RX] NEW 005B tier=1(UNK) verified=0 rssi=1.6"
0056,SENSOR,1,UNIFIED,"t=6 [HELLO_RX] NEW 0047 tier=1(UNK) verified=0 rssi=0.3"
0056,SENSOR,1,UNIFIED,"t=7 [HELLO_RX] NEW 000D tier=1(UNK) verified=0 rssi=0.7"
0056,SENSOR,1,UNIFIED,"t=9 [HELLO_RX] NEW 0005 tier=1(UNK) verified=0 rssi=0.7"
0056,SENSOR,1,UNIFIED,"t=10 [HELLO_RX] NEW 0046 tier=1(UNK) verified=0 rssi=8.0"
0056,SENSOR,1,UNIFIED,"t=11 [HELLO_RX] NEW 0025 tier=1(UNK) verified=0 rssi=0.2"
0056,SENSOR,1,UNIFIED,"t=12 [HELLO_TX] bat=100% nbr=7"
0056,SENSOR,1,UNIFIED,"t=14 [HELLO_RX] NEW 0061 tier=1(UNK) verified=0 rssi=7.0"
0056,SENSOR,1,UNIFIED,"t=19 [HELLO_RX] NEW FF06 tier=3(GWN) verified=0 rssi=0.3"
0056,SENSOR,1,UNIFIED,"t=20 [HELLO_TX] bat=100% nbr=9"
0056,SENSOR,1,UNIFIED,"t=22 [HELLO_RX] NEW 0041 tier=1(UNK) verified=0 rssi=0.5"
0056,SENSOR,1,UNIFIED,"t=24 [HELLO_RX] NEW 0009 tier=1(UNK) verified=0 rssi=0.6"
0056,SENSOR,1,UNIFIED,"t=29 [HELLO_TX] bat=100% nbr=11"
0056,SENSOR,1,UNIFIED,"t=32 [HELLO_RX] NEW AA03 tier=2(CH) verified=0 rssi=0.2"
0056,SENSOR,1,UNIFIED,"t=36 [HELLO_TX] bat=100% nbr=12"
0056,SENSOR,1,UNIFIED,"t=39 [HELLO_RX] NEW 0059 tier=1(UNK) verified=0 rssi=0.3"
0056,SENSOR,1,UNIFIED,"t=45 [HELLO_TX] bat=100% nbr=13"
0056,SENSOR,1,UNIFIED,"t=54 [HELLO_RX] NEW 0064 tier=1(UNK) verified=0 rssi=0.3"
0056,SENSOR,1,UNIFIED,"t=55 [HELLO_TX] bat=100% nbr=14"
0056,SENSOR,1,UNIFIED,"t=58 [HELLO_RX] NEW 0003 tier=1(UNK) verified=0 rssi=0.3"
0056,SENSOR,1,UNIFIED,"t=59 [HELLO_TX] bat=100% nbr=15"
0056,SENSOR,1,UNIFIED,"t=62 [HELLO_RX] NEW 002C tier=1(UNK) verified=0 rssi=0.2"
0056,SENSOR,1,UNIFIED,"t=63 [HELLO_TX] bat=100% nbr=16"
0056,SENSOR,1,UNIFIED,"t=72 [HELLO_TX] bat=100% nbr=16"
0056,SENSOR,1,UNIFIED,"t=80 [HELLO_TX] bat=100% nbr=16"
0056,SENSOR,1,UNIFIED,"t=81 [HELLO_RX] NEW 0038 tier=1(UNK) verified=0 rssi=0.2"
0056,SENSOR,1,UNIFIED,"t=88 [HELLO_TX] bat=100% nbr=17"
0056,SENSOR,1,UNIFIED,"t=92 [HELLO_TX] bat=100% nbr=17"
0056,SENSOR,1,UNIFIED,"t=98 [HELLO_TX] bat=100% nbr=17"
0056,SENSOR,1,UNIFIED,"t=99 [HELLO_RX] NEW 0030 tier=1(UNK) verified=0 rssi=0.2"
0056,SENSOR,1,UNIFIED,"t=106 [HELLO_TX] bat=100% nbr=18"
0056,SENSOR,1,UNIFIED,"t=111 [HELLO_TX] bat=100% nbr=18"
0056,SENSOR,1,UNIFIED,"t=118 [HELLO_TX] bat=100% nbr=18"
0056,SENSOR,1,UNIFIED,"t=121 [HELLO_RX] NEW 000C tier=1(UNK) verified=0 rssi=0.3"
0056,SENSOR,1,UNIFIED,"t=123 [HELLO_TX] bat=100% nbr=19"
0056,SENSOR,1,UNIFIED,"t=129 [HELLO_TX] bat=100% nbr=19"
0056,SENSOR,1,UNIFIED,"t=130 [HELLO_RX] NEW 0028 tier=1(UNK) verified=0 rssi=0.2"
0056,SENSOR,1,UNIFIED,"t=136 [HELLO_TX] bat=100% nbr=20"
0056,SENSOR,1,UNIFIED,"t=145 [HELLO_TX] bat=100% nbr=20"
0056,SENSOR,1,UNIFIED,"t=152 [HELLO_TX] bat=100% nbr=20"
0056,SENSOR,1,UNIFIED,"t=156 [HELLO_TX] bat=100% nbr=20"
0056,SENSOR,1,UNIFIED,"t=165 [HELLO_TX] bat=100% nbr=20"
0056,SENSOR,1,UNIFIED,"t=165 [HELLO_RX] NEW FF07 tier=3(GWN) verified=0 rssi=0.1"
0056,SENSOR,1,UNIFIED,"t=171 [HELLO_RX] NEW FF09 tier=3(GWN) verified=1 rssi=0.2"
0056,SENSOR,1,UNIFIED,"t=175 [HELLO_TX] bat=100% nbr=22"
0056,SENSOR,1,UNIFIED,"t=183 [HELLO_TX] bat=100% nbr=22"
0056,SENSOR,1,UNIFIED,"t=187 [HELLO_TX] bat=100% nbr=22"
0056,SENSOR,1,UNIFIED,"t=192 [HELLO_TX] bat=100% nbr=22"
0056,SENSOR,1,UNIFIED,"t=197 [HELLO_TX] bat=100% nbr=22"
0056,SENSOR,1,UNIFIED,"t=205 [HELLO_TX] bat=100% nbr=22"
0056,SENSOR,1,UNIFIED,"t=209 [HELLO_TX] bat=100% nbr=22"
0056,SENSOR,1,UNIFIED,"t=213 [HELLO_TX] bat=100% nbr=22"
0056,SENSOR,1,UNIFIED,"t=217 [HELLO_TX] bat=100% nbr=22"
0056,SENSOR,1,UNIFIED,"t=223 [HELLO_TX] bat=100% nbr=22"
0056,SENSOR,1,UNIFIED,"t=228 [HELLO_TX] bat=100% nbr=22"
0056,SENSOR,1,UNIFIED,"t=234 [HELLO_TX] bat=100% nbr=22"
0056,SENSOR,1,UNIFIED,"t=241 [HELLO_TX] bat=100% nbr=22"
0056,SENSOR,1,UNIFIED,"t=249 [HELLO_TX] bat=100% nbr=22"
0057,SENSOR,1,UNIFIED,"t=4 [HELLO_TX] bat=100% nbr=0"
0057,SENSOR,1,UNIFIED,"t=4 [HELLO_RX] NEW 0040 tier=1(UNK) verified=0 rssi=2.5"
0057,SENSOR,1,UNIFIED,"t=5 [HELLO_RX] NEW 0043 tier=1(UNK) verified=0 rssi=25.0"
0057,SENSOR,1,UNIFIED,"t=8 [HELLO_RX] NEW AA0B tier=2(CH) verified=0 rssi=0.9"
0057,SENSOR,1,UNIFIED,"t=9 [HELLO_RX] NEW AA0A tier=2(CH) verified=0 rssi=5.0"
0057,SENSOR,1,UNIFIED,"t=10 [HELLO_TX] bat=100% nbr=4"
0057,SENSOR,1,UNIFIED,"t=10 [HELLO_RX] NEW 001B tier=1(UNK) verified=0 rssi=1.8"
0057,SENSOR,1,UNIFIED,"t=16 [HELLO_TX] bat=100% nbr=5"
0057,SENSOR,1,UNIFIED,"t=17 [HELLO_RX] NEW AA04 tier=2(CH) verified=0 rssi=0.5"
0057,SENSOR,1,UNIFIED,"t=18 [HELLO_RX] NEW FF0C tier=3(GWN) verified=0 rssi=0.2"
0057,SENSOR,1,UNIFIED,"t=19 [HELLO_RX] NEW 000B tier=1(UNK) verified=0 rssi=1.8"
0057,SENSOR,1,UNIFIED,"t=23 [HELLO_RX] NEW 004B tier=1(UNK) verified=0 rssi=0.6"
0057,SENSOR,1,UNIFIED,"t=24 [HELLO_RX] NEW 005A tier=1(UNK) verified=0 rssi=0.8"
0057,SENSOR,1,UNIFIED,"t=26 [HELLO_TX] bat=100% nbr=10"
0057,SENSOR,1,UNIFIED,"t=27 [HELLO_RX] NEW 0010 tier=1(UNK) verified=0 rssi=0.2"
0057,SENSOR,1,UNIFIED,"t=31 [HELLO_RX] NEW 003A tier=1(UNK) verified=0 rssi=0.2"
0057,SENSOR,1,UNIFIED,"t=36 [HELLO_TX] bat=100% nbr=12"
0057,SENSOR,1,UNIFIED,"t=41 [HELLO_RX] NEW 0007 tier=1(UNK) verified=0 rssi=0.2"
0057,SENSOR,1,UNIFIED,"t=43 [HELLO_TX] bat=100% nbr=13"
0057,SENSOR,1,UNIFIED,"t=49 [HELLO_TX] bat=100% nbr=13"
0057,SENSOR,1,UNIFIED,"t=56 [HELLO_TX] bat=100% nbr=13"
0057,SENSOR,1,UNIFIED,"t=62 [HELLO_RX] NEW 0042 tier=1(UNK) verified=0 rssi=0.5"
0057,SENSOR,1,UNIFIED,"t=64 [HELLO_TX] bat=100% nbr=14"
0057,SENSOR,1,UNIFIED,"t=70 [HELLO_TX] bat=100% nbr=14"
0057,SENSOR,1,UNIFIED,"t=72 [HELLO_RX] NEW FF08 tier=3(GWN) verified=0 rssi=0.3"
0057,SENSOR,1,UNIFIED,"t=75 [HELLO_RX] NEW 0021 tier=1(UNK) verified=0 rssi=0.2"
0057,SENSOR,1,UNIFIED,"t=76 [HELLO_TX] bat=100% nbr=16"
0057,SENSOR,1,UNIFIED,"t=85 [HELLO_TX] bat=100% nbr=16"
0057,SENSOR,1,UNIFIED,"t=95 [HELLO_TX] bat=100% nbr=16"
0057,SENSOR,1,UNIFIED,"t=99 [HELLO_TX] bat=100% nbr=16"
0057,SENSOR,1,UNIFIED,"t=109 [HELLO_TX] bat=100% nbr=16"
0057,SENSOR,1,UNIFIED,"t=119 [HELLO_TX] bat=100% nbr=16"
0057,SENSOR,1,UNIFIED,"t=126 [HELLO_TX] bat=100% nbr=16"
0057,SENSOR,1,UNIFIED,"t=131 [HELLO_TX] bat=100% nbr=16"
0057,SENSOR,1,UNIFIED,"t=135 [HELLO_TX] bat=100% nbr=16"
0057,SENSOR,1,UNIFIED,"t=139 [HELLO_TX] bat=100% nbr=16"
0057,SENSOR,1,UNIFIED,"t=143 [HELLO_TX] bat=100% nbr=16"
0057,SENSOR,1,UNIFIED,"t=149 [HELLO_RX] NEW AA09 tier=2(CH) verified=0 rssi=0.2"
0057,SENSOR,1,UNIFIED,"t=150 [HELLO_TX] bat=100% nbr=17"
0057,SENSOR,1,UNIFIED,"t=156 [HELLO_TX] bat=100% nbr=17"
0057,SENSOR,1,UNIFIED,"t=163 [HELLO_TX] bat=100% nbr=17"
0057,SENSOR,1,UNIFIED,"t=168 [HELLO_TX] bat=100% nbr=17"
0057,SENSOR,1,UNIFIED,"t=173 [HELLO_TX] bat=100% nbr=17"
0057,SENSOR,1,UNIFIED,"t=181 [HELLO_TX] bat=100% nbr=17"
0057,SENSOR,1,UNIFIED,"t=188 [HELLO_TX] bat=100% nbr=17"
0057,SENSOR,1,UNIFIED,"t=197 [HELLO_TX] bat=100% nbr=17"
0057,SENSOR,1,UNIFIED,"t=207 [HELLO_TX] bat=100% nbr=17"
0057,SENSOR,1,UNIFIED,"t=217 [HELLO_TX] bat=100% nbr=17"
0057,SENSOR,1,UNIFIED,"t=227 [HELLO_TX] bat=100% nbr=17"
0057,SENSOR,1,UNIFIED,"t=236 [HELLO_TX] bat=100% nbr=17"
0057,SENSOR,1,UNIFIED,"t=242 [HELLO_TX] bat=100% nbr=17"
0057,SENSOR,1,UNIFIED,"t=246 [HELLO_TX] bat=100% nbr=17"
0058,SENSOR,1,UNIFIED,"t=4 [HELLO_RX] NEW 005A tier=1(UNK) verified=0 rssi=0.4"
0058,SENSOR,1,UNIFIED,"t=5 [HELLO_RX] NEW 0007 tier=1(UNK) verified=0 rssi=1.1"
0058,SENSOR,1,UNIFIED,"t=6 [HELLO_TX] bat=100% nbr=2"
0058,SENSOR,1,UNIFIED,"t=7 [HELLO_RX] NEW 0055 tier=1(UNK) verified=0 rssi=4.4"
0058,SENSOR,1,UNIFIED,"t=10 [HELLO_RX] NEW 0050 tier=1(UNK) verified=0 rssi=0.4"
0058,SENSOR,1,UNIFIED,"t=12 [HELLO_RX] NEW 0010 tier=1(UNK) verified=0 rssi=1.1"
0058,SENSOR,1,UNIFIED,"t=14 [HELLO_TX] bat=100% nbr=5"
0058,SENSOR,1,UNIFIED,"t=14 [HELLO_RX] NEW FF0A tier=3(GWN) verified=0 rssi=0.1"
0058,SENSOR,1,UNIFIED,"t=17 [HELLO_RX] NEW 0036 tier=1(UNK) verified=0 rssi=0.3"
0058,SENSOR,1,UNIFIED,"t=19 [HELLO_TX] bat=100% nbr=7"
0058,SENSOR,1,UNIFIED,"t=24 [HELLO_TX] bat=100% nbr=7"
0058,SENSOR,1,UNIFIED,"t=31 [HELLO_TX] bat=100% nbr=7"
0058,SENSOR,1,UNIFIED,"t=32 [HELLO_RX] NEW 0014 tier=1(UNK) verified=0 rssi=0.3"
0058,SENSOR,1,UNIFIED,"t=35 [HELLO_RX] NEW 002F tier=1(UNK) verified=0 rssi=0.2"
0058,SENSOR,1,UNIFIED,"t=36 [HELLO_TX] bat=100% nbr=9"
0058,SENSOR,1,UNIFIED,"t=37 [HELLO_RX] NEW 0013 tier=1(UNK) verified=0 rssi=0.2"
0058,SENSOR,1,UNIFIED,"t=40 [HELLO_RX] NEW FF0B tier=3(GWN) verified=1 rssi=0.2"
0058,SENSOR,1,UNIFIED,"t=42 [HELLO_TX] bat=100% nbr=11"
0058,SENSOR,1,UNIFIED,"t=42 [HELLO_RX] NEW 0052 tier=1(UNK) verified=0 rssi=0.2"
0058,SENSOR,1,UNIFIED,"t=50 [HELLO_RX] NEW 0051 tier=1(UNK) verified=0 rssi=0.3"
0058,SENSOR,1,UNIFIED,"t=51 [HELLO_TX] bat=100% nbr=13"
0058,SENSOR,1,UNIFIED,"t=60 [HELLO_TX] bat=100% nbr=13"
0058,SENSOR,1,UNIFIED,"t=68 [HELLO_TX] bat=100% nbr=13"
0058,SENSOR,1,UNIFIED,"t=73 [HELLO_TX] bat=100% nbr=13"
0058,SENSOR,1,UNIFIED,"t=78 [HELLO_TX] bat=100% nbr=13"
0058,SENSOR,1,UNIFIED,"t=82 [HELLO_RX] NEW 005C tier=1(UNK) verified=0 rssi=0.2"
0058,SENSOR,1,UNIFIED,"t=85 [HELLO_TX] bat=100% nbr=14"
0058,SENSOR,1,UNIFIED,"t=89 [HELLO_TX] bat=100% nbr=14"
0058,SENSOR,1,UNIFIED,"t=99 [HELLO_TX] bat=100% nbr=14"
0058,SENSOR,1,UNIFIED,"t=104 [HELLO_TX] bat=100% nbr=14"
0058,SENSOR,1,UNIFIED,"t=113 [HELLO_TX] bat=100% nbr=14"
0058,SENSOR,1,UNIFIED,"t=117 [HELLO_TX] bat=100% nbr=14"
0058,SENSOR,1,UNIFIED,"t=122 [HELLO_TX] bat=100% nbr=14"
0058,SENSOR,1,UNIFIED,"t=132 [HELLO_TX] bat=100% nbr=14"
0058,SENSOR,1,UNIFIED,"t=138 [HELLO_TX] bat=100% nbr=14"
0058,SENSOR,1,UNIFIED,"t=143 [HELLO_TX] bat=100% nbr=14"
0058,SENSOR,1,UNIFIED,"t=148 [HELLO_TX] bat=100% nbr=14"
0058,SENSOR,1,UNIFIED,"t=155 [HELLO_TX] bat=100% nbr=14"
0058,SENSOR,1,UNIFIED,"t=164 [HELLO_TX] bat=100% nbr=14"
0058,SENSOR,1,UNIFIED,"t=170 [HELLO_TX] bat=100% nbr=14"
0058,SENSOR,1,UNIFIED,"t=178 [HELLO_TX] bat=100% nbr=14"
0058,SENSOR,1,UNIFIED,"t=188 [HELLO_TX] bat=100% nbr=14"
0058,SENSOR,1,UNIFIED,"t=192 [HELLO_RX] NEW FF08 tier=3(GWN) verified=0 rssi=0.1"
0058,SENSOR,1,UNIFIED,"t=196 [HELLO_TX] bat=100% nbr=15"
0058,SENSOR,1,UNIFIED,"t=203 [HELLO_TX] bat=100% nbr=15"
0058,SENSOR,1,UNIFIED,"t=207 [HELLO_TX] bat=100% nbr=15"
0058,SENSOR,1,UNIFIED,"t=212 [HELLO_TX] bat=100% nbr=15"
0058,SENSOR,1,UNIFIED,"t=221 [HELLO_TX] bat=100% nbr=15"
0058,SENSOR,1,UNIFIED,"t=230 [HELLO_TX] bat=100% nbr=15"
0058,SENSOR,1,UNIFIED,"t=236 [HELLO_TX] bat=100% nbr=15"
0058,SENSOR,1,UNIFIED,"t=244 [HELLO_TX] bat=100% nbr=15"
0058,SENSOR,1,UNIFIED,"t=249 [HELLO_TX] bat=100% nbr=15"
0059,SENSOR,1,UNIFIED,"t=4 [HELLO_RX] NEW 0022 tier=1(UNK) verified=0 rssi=0.4"
0059,SENSOR,1,UNIFIED,"t=5 [HELLO_RX] NEW 005B tier=1(UNK) verified=0 rssi=2.0"
0059,SENSOR,1,UNIFIED,"t=6 [HELLO_RX] NEW 0038 tier=1(UNK) verified=0 rssi=1.4"
0059,SENSOR,1,UNIFIED,"t=7 [HELLO_RX] NEW 0041 tier=1(UNK) verified=0 rssi=4.8"
0059,SENSOR,1,UNIFIED,"t=9 [HELLO_TX] bat=100% nbr=4"
0059,SENSOR,1,UNIFIED,"t=10 [HELLO_RX] NEW AA08 tier=2(CH) verified=0 rssi=0.3"
0059,SENSOR,1,UNIFIED,"t=14 [HELLO_RX] NEW 0061 tier=1(UNK) verified=0 rssi=0.7"
0059,SENSOR,1,UNIFIED,"t=15 [HELLO_RX] NEW 0037 tier=1(UNK) verified=0 rssi=0.4"
0059,SENSOR,1,UNIFIED,"t=16 [HELLO_RX] NEW 0025 tier=1(UNK) verified=0 rssi=2.1"
0059,SENSOR,1,UNIFIED,"t=17 [HELLO_TX] bat=100% nbr=8"
0059,SENSOR,1,UNIFIED,"t=17 [HELLO_RX] NEW AA03 tier=2(CH) verified=0 rssi=0.6"
0059,SENSOR,1,UNIFIED,"t=19 [HELLO_RX] NEW AA02 tier=2(CH) verified=0 rssi=0.3"
0059,SENSOR,1,UNIFIED,"t=22 [HELLO_TX] bat=100% nbr=10"
0059,SENSOR,1,UNIFIED,"t=26 [HELLO_RX] NEW 0062 tier=1(UNK) verified=0 rssi=0.4"
0059,SENSOR,1,UNIFIED,"t=28 [HELLO_TX] bat=100% nbr=11"
0059,SENSOR,1,UNIFIED,"t=31 [HELLO_RX] NEW 0028 tier=1(UNK) verified=0 rssi=0.7"
0059,SENSOR,1,UNIFIED,"t=33 [HELLO_TX] bat=100% nbr=12"
0059,SENSOR,1,UNIFIED,"t=38 [HELLO_RX] NEW 000C tier=1(UNK) verified=0 rssi=0.2"
0059,SENSOR,1,UNIFIED,"t=39 [HELLO_TX] bat=100% nbr=13"
0059,SENSOR,1,UNIFIED,"t=40 [HELLO_RX] NEW 0054 tier=1(UNK) verified=0 rssi=0.2"
0059,SENSOR,1,UNIFIED,"t=43 [HELLO_TX] bat=100% nbr=14"
0059,SENSOR,1,UNIFIED,"t=43 [HELLO_RX] NEW 0060 tier=1(UNK) verified=0 rssi=0.3"
0059,SENSOR,1,UNIFIED,"t=49 [HELLO_TX] bat=100% nbr=15"
0059,SENSOR,1,UNIFIED,"t=53 [HELLO_TX] bat=100% nbr=15"
0059,SENSOR,1,UNIFIED,"t=53 [HELLO_RX] NEW 000D tier=1(UNK) verified=0 rssi=0.7"
0059,SENSOR,1,UNIFIED,"t=57 [HELLO_TX] bat=100% nbr=16"
0059,SENSOR,1,UNIFIED,"t=64 [HELLO_TX] bat=100% nbr=16"
0059,SENSOR,1,UNIFIED,"t=72 [HELLO_TX] bat=100% nbr=16"
0059,SENSOR,1,UNIFIED,"t=82 [HELLO_TX] bat=100% nbr=16"
0059,SENSOR,1,UNIFIED,"t=90 [HELLO_TX] bat=100% nbr=16"
0059,SENSOR,1,UNIFIED,"t=92 [HELLO_RX] NEW FF02 tier=3(GWN) verified=1 rssi=0.2"
0059,SENSOR,1,UNIFIED,"t=98 [HELLO_RX] NEW 0056 tier=1(UNK) verified=0 rssi=0.3"
0059,SENSOR,1,UNIFIED,"t=100 [HELLO_TX] bat=100% nbr=18"
0059,SENSOR,1,UNIFIED,"t=104 [HELLO_TX] bat=100% nbr=18"
0059,SENSOR,1,UNIFIED,"t=114 [HELLO_TX] bat=100% nbr=18"
0059,SENSOR,1,UNIFIED,"t=121 [HELLO_RX] NEW 0048 tier=1(UNK) verified=0 rssi=0.4"
0059,SENSOR,1,UNIFIED,"t=124 [HELLO_TX] bat=100% nbr=19"
0059,SENSOR,1,UNIFIED,"t=130 [HELLO_TX] bat=100% nbr=19"
0059,SENSOR,1,UNIFIED,"t=138 [HELLO_TX] bat=100% nbr=19"
0059,SENSOR,1,UNIFIED,"t=144 [HELLO_TX] bat=100% nbr=19"
0059,SENSOR,1,UNIFIED,"t=154 [HELLO_TX] bat=100% nbr=19"
0059,SENSOR,1,UNIFIED,"t=158 [HELLO_TX] bat=100% nbr=19"
0059,SENSOR,1,UNIFIED,"t=167 [HELLO_TX] bat=100% nbr=19"
0059,SENSOR,1,UNIFIED,"t=171 [HELLO_TX] bat=100% nbr=19"
0059,SENSOR,1,UNIFIED,"t=171 [HELLO_RX] NEW FF09 tier=3(GWN) verified=1 rssi=0.2"
0059,SENSOR,1,UNIFIED,"t=175 [HELLO_TX] bat=100% nbr=20"
0059,SENSOR,1,UNIFIED,"t=181 [HELLO_TX] bat=100% nbr=20"
0059,SENSOR,1,UNIFIED,"t=190 [HELLO_TX] bat=100% nbr=20"
0059,SENSOR,1,UNIFIED,"t=194 [HELLO_TX] bat=100% nbr=20"
0059,SENSOR,1,UNIFIED,"t=200 [HELLO_TX] bat=100% nbr=20"
0059,SENSOR,1,UNIFIED,"t=202 [HELLO_RX] NEW 0046 tier=1(UNK) verified=0 rssi=0.3"
0059,SENSOR,1,UNIFIED,"t=209 [HELLO_TX] bat=100% nbr=21"
0059,SENSOR,1,UNIFIED,"t=215 [HELLO_TX] bat=100% nbr=21"
0059,SENSOR,1,UNIFIED,"t=225 [HELLO_TX] bat=100% nbr=21"
0059,SENSOR,1,UNIFIED,"t=231 [HELLO_TX] bat=100% nbr=21"
0059,SENSOR,1,UNIFIED,"t=238 [HELLO_TX] bat=100% nbr=21"
0059,SENSOR,1,UNIFIED,"t=244 [HELLO_TX] bat=100% nbr=21"
005A,SENSOR,1,UNIFIED,"t=4 [HELLO_TX] bat=100% nbr=0"
005A,SENSOR,1,UNIFIED,"t=4 [HELLO_RX] NEW 0057 tier=1(UNK) verified=0 rssi=0.8"
005A,SENSOR,1,UNIFIED,"t=5 [HELLO_RX] NEW 0007 tier=1(UNK) verified=0 rssi=1.7"
005A,SENSOR,1,UNIFIED,"t=6 [HELLO_RX] NEW 0010 tier=1(UNK) verified=0 rssi=1.7"
005A,SENSOR,1,UNIFIED,"t=9 [HELLO_RX] NEW FF05 tier=3(GWN) verified=0 rssi=0.1"
005A,SENSOR,1,UNIFIED,"t=11 [HELLO_RX] NEW 0055 tier=1(UNK) verified=0 rssi=0.3"
005A,SENSOR,1,UNIFIED,"t=12 [HELLO_TX] bat=100% nbr=5"
005A,SENSOR,1,UNIFIED,"t=13 [HELLO_RX] NEW 0040 tier=1(UNK) verified=0 rssi=0.3"
005A,SENSOR,1,UNIFIED,"t=14 [HELLO_RX] NEW 004B tier=1(UNK) verified=0 rssi=0.5"
005A,SENSOR,1,UNIFIED,"t=17 [HELLO_RX] NEW AA04 tier=2(CH) verified=0 rssi=0.2"
005A,SENSOR,1,UNIFIED,"t=19 [HELLO_RX] NEW AA0B tier=2(CH) verified=0 rssi=0.2"
005A,SENSOR,1,UNIFIED,"t=20 [HELLO_TX] bat=100% nbr=9"
005A,SENSOR,1,UNIFIED,"t=20 [HELLO_RX] NEW 001B tier=1(UNK) verified=0 rssi=0.3"
005A,SENSOR,1,UNIFIED,"t=24 [HELLO_TX] bat=100% nbr=10"
005A,SENSOR,1,UNIFIED,"t=29 [HELLO_TX] bat=100% nbr=10"
005A,SENSOR,1,UNIFIED,"t=29 [HELLO_RX] NEW 0052 tier=1(UNK) verified=0 rssi=0.2"
005A,SENSOR,1,UNIFIED,"t=38 [HELLO_TX] bat=100% nbr=11"
005A,SENSOR,1,UNIFIED,"t=42 [HELLO_RX] NEW 0058 tier=1(UNK) verified=0 rssi=0.4"
005A,SENSOR,1,UNIFIED,"t=45 [HELLO_RX] NEW AA0A tier=2(CH) verified=0 rssi=0.5"
005A,SENSOR,1,UNIFIED,"t=47 [HELLO_TX] bat=100% nbr=13"
005A,SENSOR,1,UNIFIED,"t=54 [HELLO_TX] bat=100% nbr=13"
005A,SENSOR,1,UNIFIED,"t=56 [HELLO_RX] NEW 0021 tier=1(UNK) verified=0 rssi=0.2"
005A,SENSOR,1,UNIFIED,"t=63 [HELLO_TX] bat=100% nbr=14"
005A,SENSOR,1,UNIFIED,"t=72 [HELLO_RX] NEW FF08 tier=3(GWN) verified=0 rssi=0.1"
005A,SENSOR,1,UNIFIED,"t=73 [HELLO_TX] bat=100% nbr=15"
005A,SENSOR,1,UNIFIED,"t=74 [HELLO_RX] NEW 0043 tier=1(UNK) verified=0 rssi=0.5"
005A,SENSOR,1,UNIFIED,"t=79 [HELLO_TX] bat=100% nbr=16"
005A,SENSOR,1,UNIFIED,"t=82 [HELLO_RX] NEW 0036 tier=1(UNK) verified=0 rssi=0.3"
005A,SENSOR,1,UNIFIED,"t=85 [HELLO_TX] bat=100% nbr=17"
005A,SENSOR,1,UNIFIED,"t=89 [HELLO_TX] bat=100% nbr=17"
005A,SENSOR,1,UNIFIED,"t=97 [HELLO_TX] bat=100% nbr=17"
005A,SENSOR,1,UNIFIED,"t=106 [HELLO_TX] bat=100% nbr=17"
005A,SENSOR,1,UNIFIED,"t=110 [HELLO_TX] bat=100% nbr=17"
005A,SENSOR,1,UNIFIED,"t=116 [HELLO_TX] bat=100% nbr=17"
005A,SENSOR,1,UNIFIED,"t=124 [HELLO_RX] NEW 0042 tier=1(UNK) verified=0 rssi=0.2"
005A,SENSOR,1,UNIFIED,"t=125 [HELLO_TX] bat=100% nbr=18"
005A,SENSOR,1,UNIFIED,"t=132 [HELLO_TX] bat=100% nbr=18"
005A,SENSOR,1,UNIFIED,"t=140 [HELLO_TX] bat=100% nbr=18"
005A,SENSOR,1,UNIFIED,"t=147 [HELLO_TX] bat=100% nbr=18"
005A,SENSOR,1,UNIFIED,"t=152 [HELLO_TX] bat=100% nbr=18"
005A,SENSOR,1,UNIFIED,"t=157 [HELLO_TX] bat=100% nbr=18"
005A,SENSOR,1,UNIFIED,"t=167 [HELLO_TX] bat=100% nbr=18"
005A,SENSOR,1,UNIFIED,"t=176 [HELLO_TX] bat=100% nbr=18"
005A,SENSOR,1,UNIFIED,"t=184 [HELLO_TX] bat=100% nbr=18"
005A,SENSOR,1,UNIFIED,"t=188 [HELLO_TX] bat=100% nbr=18"
005A,SENSOR,1,UNIFIED,"t=198 [HELLO_TX] bat=100% nbr=18"
005A,SENSOR,1,UNIFIED,"t=204 [HELLO_TX] bat=100% nbr=18"
005A,SENSOR,1,UNIFIED,"t=214 [HELLO_TX] bat=100% nbr=18"
005A,SENSOR,1,UNIFIED,"t=218 [HELLO_RX] NEW 000B tier=1(UNK) verified=0 rssi=0.4"
005A,SENSOR,1,UNIFIED,"t=222 [HELLO_TX] bat=100% nbr=19"
005A,SENSOR,1,UNIFIED,"t=226 [HELLO_TX] bat=100% nbr=19"
005A,SENSOR,1,UNIFIED,"t=232 [HELLO_TX] bat=100% nbr=19"
005A,SENSOR,1,UNIFIED,"t=236 [HELLO_TX] bat=100% nbr=19"
005A,SENSOR,1,UNIFIED,"t=244 [HELLO_TX] bat=100% nbr=19"
005B,SENSOR,1,UNIFIED,"t=4 [HELLO_RX] NEW 0056 tier=1(UNK) verified=0 rssi=1.6"
005B,SENSOR,1,UNIFIED,"t=5 [HELLO_TX] bat=100% nbr=1"
005B,SENSOR,1,UNIFIED,"t=7 [HELLO_RX] NEW 0041 tier=1(UNK) verified=0 rssi=4.5"
005B,SENSOR,1,UNIFIED,"t=8 [HELLO_RX] NEW 0022 tier=1(UNK) verified=0 rssi=0.9"
005B,SENSOR,1,UNIFIED,"t=10 [HELLO_RX] NEW 0061 tier=1(UNK) verified=0 rssi=9.4"
005B,SENSOR,1,UNIFIED,"t=11 [HELLO_RX] NEW 0025 tier=1(UNK) verified=0 rssi=0.7"
005B,SENSOR,1,UNIFIED,"t=12 [HELLO_TX] bat=100% nbr=5"
005B,SENSOR,1,UNIFIED,"t=13 [HELLO_RX] NEW 000D tier=1(UNK) verified=0 rssi=1.3"
005B,SENSOR,1,UNIFIED,"t=15 [HELLO_RX] NEW 0046 tier=1(UNK) verified=0 rssi=0.9"
005B,SENSOR,1,UNIFIED,"t=20 [HELLO_TX] bat=100% nbr=7"
005B,SENSOR,1,UNIFIED,"t=24 [HELLO_RX] NEW 0064 tier=1(UNK) verified=0 rssi=0.2"
005B,SENSOR,1,UNIFIED,"t=25 [HELLO_RX] NEW AA03 tier=2(CH) verified=0 rssi=0.5"
005B,SENSOR,1,UNIFIED,"t=27 [HELLO_TX] bat=100% nbr=9"
005B,SENSOR,1,UNIFIED,"t=32 [HELLO_RX] NEW 0060 tier=1(UNK) verified=0 rssi=0.2"
005B,SENSOR,1,UNIFIED,"t=33 [HELLO_RX] NEW 0005 tier=1(UNK) verified=0 rssi=0.2"
005B,SENSOR,1,UNIFIED,"t=37 [HELLO_TX] bat=100% nbr=11"
005B,SENSOR,1,UNIFIED,"t=39 [HELLO_RX] NEW 0059 tier=1(UNK) verified=0 rssi=2.0"
005B,SENSOR,1,UNIFIED,"t=41 [HELLO_TX] bat=100% nbr=12"
005B,SENSOR,1,UNIFIED,"t=45 [HELLO_TX] bat=100% nbr=12"
005B,SENSOR,1,UNIFIED,"t=45 [HELLO_RX] NEW 000C tier=1(UNK) verified=0 rssi=0.3"
005B,SENSOR,1,UNIFIED,"t=55 [HELLO_TX] bat=100% nbr=13"
005B,SENSOR,1,UNIFIED,"t=59 [HELLO_TX] bat=100% nbr=13"
005B,SENSOR,1,UNIFIED,"t=61 [HELLO_RX] NEW FF06 tier=3(GWN) verified=0 rssi=0.1"
005B,SENSOR,1,UNIFIED,"t=62 [HELLO_RX] NEW 0038 tier=1(UNK) verified=0 rssi=0.5"
005B,SENSOR,1,UNIFIED,"t=64 [HELLO_TX] bat=100% nbr=15"
005B,SENSOR,1,UNIFIED,"t=70 [HELLO_TX] bat=100% nbr=15"
005B,SENSOR,1,UNIFIED,"t=75 [HELLO_RX] NEW 0009 tier=1(UNK) verified=0 rssi=0.2"
005B,SENSOR,1,UNIFIED,"t=80 [HELLO_TX] bat=100% nbr=16"
005B,SENSOR,1,UNIFIED,"t=87 [HELLO_RX] NEW FF09 tier=3(GWN) verified=1 rssi=0.3"
005B,SENSOR,1,UNIFIED,"t=90 [HELLO_TX] bat=100% nbr=17"
005B,SENSOR,1,UNIFIED,"t=95 [HELLO_RX] NEW 0028 tier=1(UNK) verified=0 rssi=0.3"
005B,SENSOR,1,UNIFIED,"t=96 [HELLO_TX] bat=100% nbr=18"
005B,SENSOR,1,UNIFIED,"t=97 [HELLO_RX] NEW FF02 tier=3(GWN) verified=1 rssi=0.2"
005B,SENSOR,1,UNIFIED,"t=103 [HELLO_TX] bat=100% nbr=19"
005B,SENSOR,1,UNIFIED,"t=109 [HELLO_TX] bat=100% nbr=19"
005B,SENSOR,1,UNIFIED,"t=112 [HELLO_RX] NEW FF01 tier=3(GWN) verified=1 rssi=0.2"
005B,SENSOR,1,UNIFIED,"t=114 [HELLO_RX] NEW 0063 tier=1(UNK) verified=0 rssi=0.2"
005B,SENSOR,1,UNIFIED,"t=117 [HELLO_TX] bat=100% nbr=21"
005B,SENSOR,1,UNIFIED,"t=121 [HELLO_TX] bat=100% nbr=21"
005B,SENSOR,1,UNIFIED,"t=127 [HELLO_TX] bat=100% nbr=21"
005B,SENSOR,1,UNIFIED,"t=131 [HELLO_TX] bat=100% nbr=21"
005B,SENSOR,1,UNIFIED,"t=136 [HELLO_TX] bat=100% nbr=21"
005B,SENSOR,1,UNIFIED,"t=142 [HELLO_TX] bat=100% nbr=21"
005B,SENSOR,1,UNIFIED,"t=147 [HELLO_TX] bat=100% nbr=21"
005B,SENSOR,1,UNIFIED,"t=156 [HELLO_TX] bat=100% nbr=21"
005B,SENSOR,1,UNIFIED,"t=164 [HELLO_TX] bat=100% nbr=21"
005B,SENSOR,1,UNIFIED,"t=174 [HELLO_TX] bat=100% nbr=21"
005B,SENSOR,1,UNIFIED,"t=184 [HELLO_TX] bat=100% nbr=21"
005B,SENSOR,1,UNIFIED,"t=185 [HELLO_RX] NEW FF03 tier=3(GWN) verified=1 rssi=0.1"
005B,SENSOR,1,UNIFIED,"t=194 [HELLO_TX] bat=100% nbr=22"
005B,SENSOR,1,UNIFIED,"t=197 [HELLO_RX] NEW 0048 tier=1(UNK) verified=0 rssi=0.2"
005B,SENSOR,1,UNIFIED,"t=201 [HELLO_TX] bat=100% nbr=23"
005B,SENSOR,1,UNIFIED,"t=210 [HELLO_TX] bat=100% nbr=23"
005B,SENSOR,1,UNIFIED,"t=216 [HELLO_TX] bat=100% nbr=23"
005B,SENSOR,1,UNIFIED,"t=223 [HELLO_RX] NEW AA02 tier=2(CH) verified=1 rssi=0.2"
005B,SENSOR,1,UNIFIED,"t=226 [HELLO_TX] bat=100% nbr=24"
005B,SENSOR,1,UNIFIED,"t=232 [HELLO_TX] bat=100% nbr=24"
005B,SENSOR,1,UNIFIED,"t=240 [HELLO_TX] bat=100% nbr=24"
005B,SENSOR,1,UNIFIED,"t=245 [HELLO_TX] bat=100% nbr=24"
005C,SENSOR,1,UNIFIED,"t=4 [HELLO_TX] bat=100% nbr=0"
005C,SENSOR,1,UNIFIED,"t=5 [HELLO_RX] NEW 0036 tier=1(UNK) verified=0 rssi=0.8"
005C,SENSOR,1,UNIFIED,"t=6 [HELLO_RX] NEW 001A tier=1(UNK) verified=0 rssi=1.4"
005C,SENSOR,1,UNIFIED,"t=7 [HELLO_RX] NEW 0020 tier=1(UNK) verified=0 rssi=1.9"
005C,SENSOR,1,UNIFIED,"t=10 [HELLO_RX] NEW 0004 tier=1(UNK) verified=0 rssi=2.9"
005C,SENSOR,1,UNIFIED,"t=12 [HELLO_TX] bat=100% nbr=4"
005C,SENSOR,1,UNIFIED,"t=12 [HELLO_RX] NEW 0024 tier=1(UNK) verified=0 rssi=0.3"
005C,SENSOR,1,UNIFIED,"t=16 [HELLO_RX] NEW 0055 tier=1(UNK) verified=0 rssi=0.4"
005C,SENSOR,1,UNIFIED,"t=17 [HELLO_TX] bat=100% nbr=6"
005C,SENSOR,1,UNIFIED,"t=26 [HELLO_TX] bat=100% nbr=6"
005C,SENSOR,1,UNIFIED,"t=29 [HELLO_RX] NEW 0052 tier=1(UNK) verified=0 rssi=1.1"
005C,SENSOR,1,UNIFIED,"t=34 [HELLO_TX] bat=100% nbr=7"
005C,SENSOR,1,UNIFIED,"t=34 [HELLO_RX] NEW AA07 tier=2(CH) verified=0 rssi=0.5"
005C,SENSOR,1,UNIFIED,"t=37 [HELLO_RX] NEW 0011 tier=1(UNK) verified=0 rssi=0.5"
005C,SENSOR,1,UNIFIED,"t=41 [HELLO_RX] NEW 0007 tier=1(UNK) verified=0 rssi=0.2"
005C,SENSOR,1,UNIFIED,"t=42 [HELLO_TX] bat=100% nbr=10"
005C,SENSOR,1,UNIFIED,"t=52 [HELLO_TX] bat=100% nbr=10"
005C,SENSOR,1,UNIFIED,"t=62 [HELLO_TX] bat=100% nbr=10"
005C,SENSOR,1,UNIFIED,"t=69 [HELLO_TX] bat=100% nbr=10"
005C,SENSOR,1,UNIFIED,"t=73 [HELLO_TX] bat=100% nbr=10"
005C,SENSOR,1,UNIFIED,"t=78 [HELLO_TX] bat=100% nbr=10"
005C,SENSOR,1,UNIFIED,"t=82 [HELLO_TX] bat=100% nbr=10"
005C,SENSOR,1,UNIFIED,"t=86 [HELLO_TX] bat=100% nbr=10"
005C,SENSOR,1,UNIFIED,"t=90 [HELLO_TX] bat=100% nbr=10"
005C,SENSOR,1,UNIFIED,"t=96 [HELLO_TX] bat=100% nbr=10"
005C,SENSOR,1,UNIFIED,"t=101 [HELLO_TX] bat=100% nbr=10"
005C,SENSOR,1,UNIFIED,"t=105 [HELLO_RX] NEW AA06 tier=2(CH) verified=0 rssi=0.4"
005C,SENSOR,1,UNIFIED,"t=107 [HELLO_TX] bat=100% nbr=11"
005C,SENSOR,1,UNIFIED,"t=112 [HELLO_TX] bat=100% nbr=11"
005C,SENSOR,1,UNIFIED,"t=117 [HELLO_TX] bat=100% nbr=11"
005C,SENSOR,1,UNIFIED,"t=123 [HELLO_TX] bat=100% nbr=11"
005C,SENSOR,1,UNIFIED,"t=130 [HELLO_TX] bat=100% nbr=11"
005C,SENSOR,1,UNIFIED,"t=139 [HELLO_TX] bat=100% nbr=11"
005C,SENSOR,1,UNIFIED,"t=144 [HELLO_TX] bat=100% nbr=11"
005C,SENSOR,1,UNIFIED,"t=149 [HELLO_TX] bat=100% nbr=11"
005C,SENSOR,1,UNIFIED,"t=155 [HELLO_RX] NEW 0058 tier=1(UNK) verified=0 rssi=0.2"
005C,SENSOR,1,UNIFIED,"t=156 [HELLO_TX] bat=100% nbr=12"
005C,SENSOR,1,UNIFIED,"t=161 [HELLO_TX] bat=100% nbr=12"
005C,SENSOR,1,UNIFIED,"t=166 [HELLO_TX] bat=100% nbr=12"
005C,SENSOR,1,UNIFIED,"t=175 [HELLO_TX] bat=100% nbr=12"
005C,SENSOR,1,UNIFIED,"t=184 [HELLO_TX] bat=100% nbr=12"
005C,SENSOR,1,UNIFIED,"t=193 [HELLO_TX] bat=100% nbr=12"
005C,SENSOR,1,UNIFIED,"t=198 [HELLO_TX] bat=100% nbr=12"
005C,SENSOR,1,UNIFIED,"t=203 [HELLO_TX] bat=100% nbr=12"
005C,SENSOR,1,UNIFIED,"t=209 [HELLO_RX] NEW AA09 tier=2(CH) verified=0 rssi=0.2"
005C,SENSOR,1,UNIFIED,"t=213 [HELLO_TX] bat=100% nbr=13"
005C,SENSOR,1,UNIFIED,"t=222 [HELLO_TX] bat=100% nbr=13"
005C,SENSOR,1,UNIFIED,"t=228 [HELLO_TX] bat=100% nbr=13"
005C,SENSOR,1,UNIFIED,"t=235 [HELLO_TX] bat=100% nbr=13"
005C,SENSOR,1,UNIFIED,"t=242 [HELLO_TX] bat=100% nbr=13"
005C,SENSOR,1,UNIFIED,"t=243 [HELLO_RX] NEW FF01 tier=3(GWN) verified=1 rssi=0.0"
005C,SENSOR,1,UNIFIED,"t=248 [HELLO_TX] bat=100% nbr=14"
005D,SENSOR,1,UNIFIED,"t=4 [HELLO_RX] NEW 0049 tier=1(UNK) verified=0 rssi=0.6"
005D,SENSOR,1,UNIFIED,"t=5 [HELLO_TX] bat=100% nbr=1"
005D,SENSOR,1,UNIFIED,"t=5 [HELLO_RX] NEW AA06 tier=2(CH) verified=0 rssi=2.6"
005D,SENSOR,1,UNIFIED,"t=6 [HELLO_RX] NEW 0029 tier=1(UNK) verified=0 rssi=7.0"
005D,SENSOR,1,UNIFIED,"t=8 [HELLO_RX] NEW 003F tier=1(UNK) verified=0 rssi=1.1"
005D,SENSOR,1,UNIFIED,"t=9 [HELLO_TX] bat=100% nbr=4"
005D,SENSOR,1,UNIFIED,"t=9 [HELLO_RX] NEW 0017 tier=1(UNK) verified=0 rssi=0.3"
005D,SENSOR,1,UNIFIED,"t=10 [HELLO_RX] NEW AA07 tier=2(CH) verified=0 rssi=4.8"
005D,SENSOR,1,UNIFIED,"t=14 [HELLO_RX] NEW 0023 tier=1(UNK) verified=0 rssi=2.1"
005D,SENSOR,1,UNIFIED,"t=16 [HELLO_TX] bat=100% nbr=7"
005D,SENSOR,1,UNIFIED,"t=17 [HELLO_RX] NEW 001A tier=1(UNK) verified=0 rssi=0.3"
005D,SENSOR,1,UNIFIED,"t=20 [HELLO_RX] NEW 0019 tier=1(UNK) verified=0 rssi=0.7"
005D,SENSOR,1,UNIFIED,"t=25 [HELLO_TX] bat=100% nbr=9"
005D,SENSOR,1,UNIFIED,"t=28 [HELLO_RX] NEW 003E tier=1(UNK) verified=0 rssi=0.4"
005D,SENSOR,1,UNIFIED,"t=32 [HELLO_RX] NEW 0033 tier=1(UNK) verified=0 rssi=0.2"
005D,SENSOR,1,UNIFIED,"t=33 [HELLO_TX] bat=100% nbr=11"
005D,SENSOR,1,UNIFIED,"t=33 [HELLO_RX] NEW 001E tier=1(UNK) verified=0 rssi=0.5"
005D,SENSOR,1,UNIFIED,"t=35 [HELLO_RX] NEW 0027 tier=1(UNK) verified=0 rssi=0.2"
005D,SENSOR,1,UNIFIED,"t=42 [HELLO_RX] NEW 0020 tier=1(UNK) verified=0 rssi=0.2"
005D,SENSOR,1,UNIFIED,"t=43 [HELLO_TX] bat=100% nbr=14"
005D,SENSOR,1,UNIFIED,"t=51 [HELLO_TX] bat=100% nbr=14"
005D,SENSOR,1,UNIFIED,"t=60 [HELLO_RX] NEW 0008 tier=1(UNK) verified=0 rssi=0.3"
005D,SENSOR,1,UNIFIED,"t=61 [HELLO_TX] bat=100% nbr=15"
005D,SENSOR,1,UNIFIED,"t=70 [HELLO_TX] bat=100% nbr=15"
005D,SENSOR,1,UNIFIED,"t=74 [HELLO_TX] bat=100% nbr=15"
005D,SENSOR,1,UNIFIED,"t=78 [HELLO_TX] bat=100% nbr=15"
005D,SENSOR,1,UNIFIED,"t=83 [HELLO_TX] bat=100% nbr=15"
005D,SENSOR,1,UNIFIED,"t=88 [HELLO_TX] bat=100% nbr=15"
005D,SENSOR,1,UNIFIED,"t=98 [HELLO_TX] bat=100% nbr=15"
005D,SENSOR,1,UNIFIED,"t=104 [HELLO_TX] bat=100% nbr=15"
005D,SENSOR,1,UNIFIED,"t=108 [HELLO_RX] NEW 003D tier=1(UNK) verified=0 rssi=0.2"
005D,SENSOR,1,UNIFIED,"t=112 [HELLO_TX] bat=100% nbr=16"
005D,SENSOR,1,UNIFIED,"t=118 [HELLO_TX] bat=100% nbr=16"
005D,SENSOR,1,UNIFIED,"t=128 [HELLO_TX] bat=100% nbr=16"
005D,SENSOR,1,UNIFIED,"t=137 [HELLO_TX] bat=100% nbr=16"
005D,SENSOR,1,UNIFIED,"t=143 [HELLO_TX] bat=100% nbr=16"
005D,SENSOR,1,UNIFIED,"t=148 [HELLO_TX] bat=100% nbr=16"
005D,SENSOR,1,UNIFIED,"t=149 [HELLO_RX] NEW AA09 tier=2(CH) verified=0 rssi=0.2"
005D,SENSOR,1,UNIFIED,"t=154 [HELLO_RX] NEW 002B tier=1(UNK) verified=0 rssi=0.2"
005D,SENSOR,1,UNIFIED,"t=156 [HELLO_TX] bat=100% nbr=18"
005D,SENSOR,1,UNIFIED,"t=162 [HELLO_TX] bat=100% nbr=18"
005D,SENSOR,1,UNIFIED,"t=167 [HELLO_TX] bat=100% nbr=18"
005D,SENSOR,1,UNIFIED,"t=174 [HELLO_TX] bat=100% nbr=18"
005D,SENSOR,1,UNIFIED,"t=181 [HELLO_TX] bat=100% nbr=18"
005D,SENSOR,1,UNIFIED,"t=191 [HELLO_TX] bat=100% nbr=18"
005D,SENSOR,1,UNIFIED,"t=200 [HELLO_TX] bat=100% nbr=18"
005D,SENSOR,1,UNIFIED,"t=207 [HELLO_TX] bat=100% nbr=18"
005D,SENSOR,1,UNIFIED,"t=213 [HELLO_TX] bat=100% nbr=18"
005D,SENSOR,1,UNIFIED,"t=217 [HELLO_TX] bat=100% nbr=18"
005D,SENSOR,1,UNIFIED,"t=226 [HELLO_TX] bat=100% nbr=18"
005D,SENSOR,1,UNIFIED,"t=235 [HELLO_RX] NEW 003B tier=1(UNK) verified=0 rssi=0.2"
005D,SENSOR,1,UNIFIED,"t=236 [HELLO_TX] bat=100% nbr=19"
005D,SENSOR,1,UNIFIED,"t=241 [HELLO_TX] bat=100% nbr=19"
005D,SENSOR,1,UNIFIED,"t=249 [HELLO_TX] bat=100% nbr=19"
005E,SENSOR,1,UNIFIED,"t=4 [HELLO_RX] NEW 0034 tier=1(UNK) verified=0 rssi=1.7"
005E,SENSOR,1,UNIFIED,"t=5 [HELLO_RX] NEW 0032 tier=1(UNK) verified=0 rssi=11.1"
005E,SENSOR,1,UNIFIED,"t=6 [HELLO_RX] NEW FF06 tier=3(GWN) verified=0 rssi=14.0"
005E,SENSOR,1,UNIFIED,"t=8 [HELLO_TX] bat=100% nbr=3"
005E,SENSOR,1,UNIFIED,"t=8 [HELLO_RX] NEW FF07 tier=3(GWN) verified=0 rssi=0.4"
005E,SENSOR,1,UNIFIED,"t=14 [HELLO_TX] bat=100% nbr=4"
005E,SENSOR,1,UNIFIED,"t=18 [HELLO_RX] NEW 0009 tier=1(UNK) verified=0 rssi=0.3"
005E,SENSOR,1,UNIFIED,"t=21 [HELLO_TX] bat=100% nbr=5"
005E,SENSOR,1,UNIFIED,"t=21 [HELLO_RX] NEW 0030 tier=1(UNK) verified=0 rssi=0.2"
005E,SENSOR,1,UNIFIED,"t=22 [HELLO_RX] NEW FF04 tier=3(GWN) verified=0 rssi=0.4"
005E,SENSOR,1,UNIFIED,"t=23 [HELLO_RX] NEW 0005 tier=1(UNK) verified=0 rssi=0.3"
005E,SENSOR,1,UNIFIED,"t=26 [HELLO_TX] bat=100% nbr=8"
005E,SENSOR,1,UNIFIED,"t=26 [HELLO_RX] NEW 0047 tier=1(UNK) verified=0 rssi=0.4"
005E,SENSOR,1,UNIFIED,"t=34 [HELLO_TX] bat=100% nbr=9"
005E,SENSOR,1,UNIFIED,"t=34 [HELLO_RX] NEW 0016 tier=1(UNK) verified=0 rssi=0.6"
005E,SENSOR,1,UNIFIED,"t=40 [HELLO_TX] bat=100% nbr=10"
005E,SENSOR,1,UNIFIED,"t=43 [HELLO_RX] NEW 0003 tier=1(UNK) verified=0 rssi=0.2"
005E,SENSOR,1,UNIFIED,"t=48 [HELLO_TX] bat=100% nbr=11"
005E,SENSOR,1,UNIFIED,"t=52 [HELLO_TX] bat=100% nbr=11"
005E,SENSOR,1,UNIFIED,"t=57 [HELLO_RX] NEW 002C tier=1(UNK) verified=0 rssi=0.4"
005E,SENSOR,1,UNIFIED,"t=60 [HELLO_TX] bat=100% nbr=12"
005E,SENSOR,1,UNIFIED,"t=65 [HELLO_TX] bat=100% nbr=12"
005E,SENSOR,1,UNIFIED,"t=74 [HELLO_TX] bat=100% nbr=12"
005E,SENSOR,1,UNIFIED,"t=83 [HELLO_TX] bat=100% nbr=12"
005E,SENSOR,1,UNIFIED,"t=87 [HELLO_TX] bat=100% nbr=12"
005E,SENSOR,1,UNIFIED,"t=92 [HELLO_TX] bat=100% nbr=12"
005E,SENSOR,1,UNIFIED,"t=101 [HELLO_TX] bat=100% nbr=12"
005E,SENSOR,1,UNIFIED,"t=109 [HELLO_TX] bat=100% nbr=12"
005E,SENSOR,1,UNIFIED,"t=115 [HELLO_TX] bat=100% nbr=12"
005E,SENSOR,1,UNIFIED,"t=123 [HELLO_TX] bat=100% nbr=12"
005E,SENSOR,1,UNIFIED,"t=129 [HELLO_TX] bat=100% nbr=12"
005E,SENSOR,1,UNIFIED,"t=133 [HELLO_TX] bat=100% nbr=12"
005E,SENSOR,1,UNIFIED,"t=137 [HELLO_TX] bat=100% nbr=12"
005E,SENSOR,1,UNIFIED,"t=145 [HELLO_TX] bat=100% nbr=12"
005E,SENSOR,1,UNIFIED,"t=153 [HELLO_TX] bat=100% nbr=12"
005E,SENSOR,1,UNIFIED,"t=161 [HELLO_TX] bat=100% nbr=12"
005E,SENSOR,1,UNIFIED,"t=168 [HELLO_TX] bat=100% nbr=12"
005E,SENSOR,1,UNIFIED,"t=176 [HELLO_TX] bat=100% nbr=12"
005E,SENSOR,1,UNIFIED,"t=186 [HELLO_TX] bat=100% nbr=12"
005E,SENSOR,1,UNIFIED,"t=191 [HELLO_TX] bat=100% nbr=12"
005E,SENSOR,1,UNIFIED,"t=195 [HELLO_TX] bat=100% nbr=12"
005E,SENSOR,1,UNIFIED,"t=200 [HELLO_TX] bat=100% nbr=12"
005E,SENSOR,1,UNIFIED,"t=207 [HELLO_TX] bat=100% nbr=12"
005E,SENSOR,1,UNIFIED,"t=213 [HELLO_TX] bat=100% nbr=12"
005E,SENSOR,1,UNIFIED,"t=218 [HELLO_TX] bat=100% nbr=12"
005E,SENSOR,1,UNIFIED,"t=227 [HELLO_TX] bat=100% nbr=12"
005E,SENSOR,1,UNIFIED,"t=231 [HELLO_TX] bat=100% nbr=12"
005E,SENSOR,1,UNIFIED,"t=240 [HELLO_TX] bat=100% nbr=12"
005E,SENSOR,1,UNIFIED,"t=247 [HELLO_TX] bat=100% nbr=12"
005F,SENSOR,1,UNIFIED,"t=5 [HELLO_TX] bat=100% nbr=0"
005F,SENSOR,1,UNIFIED,"t=5 [HELLO_RX] NEW 0054 tier=1(UNK) verified=0 rssi=0.5"
005F,SENSOR,1,UNIFIED,"t=7 [HELLO_RX] NEW FF0B tier=3(GWN) verified=0 rssi=0.3"
005F,SENSOR,1,UNIFIED,"t=9 [HELLO_RX] NEW AA02 tier=2(CH) verified=0 rssi=0.8"
005F,SENSOR,1,UNIFIED,"t=10 [HELLO_RX] NEW AA08 tier=2(CH) verified=0 rssi=6.6"
005F,SENSOR,1,UNIFIED,"t=11 [HELLO_TX] bat=100% nbr=4"
005F,SENSOR,1,UNIFIED,"t=11 [HELLO_RX] NEW 0044 tier=1(UNK) verified=0 rssi=0.2"
005F,SENSOR,1,UNIFIED,"t=14 [HELLO_RX] NEW FF0A tier=3(GWN) verified=0 rssi=0.3"
005F,SENSOR,1,UNIFIED,"t=15 [HELLO_RX] NEW 0037 tier=1(UNK) verified=0 rssi=1.2"
005F,SENSOR,1,UNIFIED,"t=16 [HELLO_TX] bat=100% nbr=7"
005F,SENSOR,1,UNIFIED,"t=21 [HELLO_TX] bat=100% nbr=7"
005F,SENSOR,1,UNIFIED,"t=23 [HELLO_RX] NEW 002E tier=1(UNK) verified=0 rssi=0.2"
005F,SENSOR,1,UNIFIED,"t=25 [HELLO_RX] NEW 0012 tier=1(UNK) verified=0 rssi=0.2"
005F,SENSOR,1,UNIFIED,"t=29 [HELLO_TX] bat=100% nbr=9"
005F,SENSOR,1,UNIFIED,"t=29 [HELLO_RX] NEW FF09 tier=3(GWN) verified=0 rssi=0.1"
005F,SENSOR,1,UNIFIED,"t=30 [HELLO_RX] NEW FF01 tier=3(GWN) verified=0 rssi=0.3"
005F,SENSOR,1,UNIFIED,"t=33 [HELLO_RX] NEW 0006 tier=1(UNK) verified=0 rssi=0.8"
005F,SENSOR,1,UNIFIED,"t=38 [HELLO_TX] bat=100% nbr=12"
005F,SENSOR,1,UNIFIED,"t=42 [HELLO_RX] NEW 001C tier=1(UNK) verified=0 rssi=0.5"
005F,SENSOR,1,UNIFIED,"t=48 [HELLO_TX] bat=100% nbr=13"
005F,SENSOR,1,UNIFIED,"t=50 [HELLO_RX] NEW 001D tier=1(UNK) verified=0 rssi=0.4"
005F,SENSOR,1,UNIFIED,"t=52 [HELLO_RX] NEW 002A tier=1(UNK) verified=0 rssi=0.3"
005F,SENSOR,1,UNIFIED,"t=56 [HELLO_TX] bat=100% nbr=15"
005F,SENSOR,1,UNIFIED,"t=57 [HELLO_RX] NEW FF02 tier=3(GWN) verified=0 rssi=0.1"
005F,SENSOR,1,UNIFIED,"t=63 [HELLO_RX] NEW AA01 tier=2(CH) verified=0 rssi=0.3"
005F,SENSOR,1,UNIFIED,"t=64 [HELLO_TX] bat=100% nbr=17"
005F,SENSOR,1,UNIFIED,"t=70 [HELLO_TX] bat=100% nbr=17"
005F,SENSOR,1,UNIFIED,"t=76 [HELLO_TX] bat=100% nbr=17"
005F,SENSOR,1,UNIFIED,"t=85 [HELLO_RX] NEW FF03 tier=3(GWN) verified=1 rssi=0.4"
005F,SENSOR,1,UNIFIED,"t=86 [HELLO_TX] bat=100% nbr=18"
005F,SENSOR,1,UNIFIED,"t=89 [HELLO_RX] NEW 0062 tier=1(UNK) verified=0 rssi=0.2"
005F,SENSOR,1,UNIFIED,"t=94 [HELLO_TX] bat=100% nbr=19"
005F,SENSOR,1,UNIFIED,"t=100 [HELLO_TX] bat=100% nbr=19"
005F,SENSOR,1,UNIFIED,"t=109 [HELLO_TX] bat=100% nbr=19"
005F,SENSOR,1,UNIFIED,"t=118 [HELLO_TX] bat=100% nbr=19"
005F,SENSOR,1,UNIFIED,"t=126 [HELLO_TX] bat=100% nbr=19"
005F,SENSOR,1,UNIFIED,"t=132 [HELLO_RX] NEW 0051 tier=1(UNK) verified=0 rssi=0.2"
005F,SENSOR,1,UNIFIED,"t=136 [HELLO_TX] bat=100% nbr=20"
005F,SENSOR,1,UNIFIED,"t=140 [HELLO_RX] NEW AA03 tier=2(CH) verified=0 rssi=0.2"
005F,SENSOR,1,UNIFIED,"t=145 [HELLO_TX] bat=100% nbr=21"
005F,SENSOR,1,UNIFIED,"t=145 [HELLO_RX] NEW 002F tier=1(UNK) verified=0 rssi=0.2"
005F,SENSOR,1,UNIFIED,"t=152 [HELLO_TX] bat=100% nbr=22"
005F,SENSOR,1,UNIFIED,"t=159 [HELLO_TX] bat=100% nbr=22"
005F,SENSOR,1,UNIFIED,"t=168 [HELLO_TX] bat=100% nbr=22"
005F,SENSOR,1,UNIFIED,"t=174 [HELLO_TX] bat=100% nbr=22"
005F,SENSOR,1,UNIFIED,"t=184 [HELLO_TX] bat=100% nbr=22"
005F,SENSOR,1,UNIFIED,"t=190 [HELLO_TX] bat=100% nbr=22"
005F,SENSOR,1,UNIFIED,"t=194 [HELLO_TX] bat=100% nbr=22"
005F,SENSOR,1,UNIFIED,"t=200 [HELLO_TX] bat=100% nbr=22"
005F,SENSOR,1,UNIFIED,"t=208 [HELLO_TX] bat=100% nbr=22"
005F,SENSOR,1,UNIFIED,"t=217 [HELLO_RX] NEW 0048 tier=1(UNK) verified=0 rssi=0.2"
005F,SENSOR,1,UNIFIED,"t=218 [HELLO_TX] bat=100% nbr=23"
005F,SENSOR,1,UNIFIED,"t=225 [HELLO_TX] bat=100% nbr=23"
005F,SENSOR,1,UNIFIED,"t=233 [HELLO_TX] bat=100% nbr=23"
005F,SENSOR,1,UNIFIED,"t=242 [HELLO_TX] bat=100% nbr=23"
005F,SENSOR,1,UNIFIED,"t=246 [HELLO_TX] bat=100% nbr=23"
0060,SENSOR,1,UNIFIED,"t=4 [HELLO_TX] bat=100% nbr=0"
0060,SENSOR,1,UNIFIED,"t=4 [HELLO_RX] NEW 001D tier=1(UNK) verified=0 rssi=0.5"
0060,SENSOR,1,UNIFIED,"t=6 [HELLO_RX] NEW AA03 tier=2(CH) verified=0 rssi=1322.6"
0060,SENSOR,1,UNIFIED,"t=7 [HELLO_RX] NEW 0025 tier=1(UNK) verified=0 rssi=1.4"
0060,SENSOR,1,UNIFIED,"t=8 [HELLO_RX] NEW 0022 tier=1(UNK) verified=0 rssi=0.6"
0060,SENSOR,1,UNIFIED,"t=9 [HELLO_RX] NEW 0031 tier=1(UNK) verified=0 rssi=1.0"
0060,SENSOR,1,UNIFIED,"t=10 [HELLO_RX] NEW FF01 tier=3(GWN) verified=0 rssi=1.0"
0060,SENSOR,1,UNIFIED,"t=12 [HELLO_TX] bat=100% nbr=6"
0060,SENSOR,1,UNIFIED,"t=13 [HELLO_RX] NEW 0041 tier=1(UNK) verified=0 rssi=0.5"
0060,SENSOR,1,UNIFIED,"t=15 [HELLO_RX] NEW 0063 tier=1(UNK) verified=0 rssi=2.4"
0060,SENSOR,1,UNIFIED,"t=16 [HELLO_RX] NEW FF02 tier=3(GWN) verified=0 rssi=1.0"
0060,SENSOR,1,UNIFIED,"t=18 [HELLO_RX] NEW 0054 tier=1(UNK) verified=0 rssi=0.6"
0060,SENSOR,1,UNIFIED,"t=19 [HELLO_RX] NEW AA02 tier=2(CH) verified=0 rssi=1.1"
0060,SENSOR,1,UNIFIED,"t=21 [HELLO_RX] NEW FF09 tier=3(GWN) verified=0 rssi=1.0"
0060,SENSOR,1,UNIFIED,"t=22 [HELLO_TX] bat=100% nbr=12"
0060,SENSOR,1,UNIFIED,"t=26 [HELLO_RX] NEW 001C tier=1(UNK) verified=0 rssi=0.3"
0060,SENSOR,1,UNIFIED,"t=27 [HELLO_RX] NEW 0044 tier=1(UNK) verified=0 rssi=0.7"
0060,SENSOR,1,UNIFIED,"t=32 [HELLO_TX] bat=100% nbr=14"
0060,SENSOR,1,UNIFIED,"t=37 [HELLO_TX] bat=100% nbr=14"
0060,SENSOR,1,UNIFIED,"t=43 [HELLO_TX] bat=100% nbr=14"
0060,SENSOR,1,UNIFIED,"t=44 [HELLO_RX] NEW AA08 tier=2(CH) verified=0 rssi=0.2"
0060,SENSOR,1,UNIFIED,"t=48 [HELLO_TX] bat=100% nbr=15"
0060,SENSOR,1,UNIFIED,"t=53 [HELLO_TX] bat=100% nbr=15"
0060,SENSOR,1,UNIFIED,"t=56 [HELLO_RX] NEW 0037 tier=1(UNK) verified=0 rssi=0.2"
0060,SENSOR,1,UNIFIED,"t=61 [HELLO_TX] bat=100% nbr=16"
0060,SENSOR,1,UNIFIED,"t=65 [HELLO_RX] NEW 0061 tier=1(UNK) verified=0 rssi=0.2"
0060,SENSOR,1,UNIFIED,"t=68 [HELLO_TX] bat=100% nbr=17"
0060,SENSOR,1,UNIFIED,"t=72 [HELLO_TX] bat=100% nbr=17"
0060,SENSOR,1,UNIFIED,"t=81 [HELLO_TX] bat=100% nbr=17"
0060,SENSOR,1,UNIFIED,"t=89 [HELLO_TX] bat=100% nbr=17"
0060,SENSOR,1,UNIFIED,"t=92 [HELLO_RX] NEW 003C tier=1(UNK) verified=0 rssi=0.5"
0060,SENSOR,1,UNIFIED,"t=98 [HELLO_TX] bat=100% nbr=18"
0060,SENSOR,1,UNIFIED,"t=98 [HELLO_RX] NEW 000A tier=1(UNK) verified=0 rssi=0.3"
0060,SENSOR,1,UNIFIED,"t=102 [HELLO_TX] bat=100% nbr=19"
0060,SENSOR,1,UNIFIED,"t=108 [HELLO_TX] bat=100% nbr=19"
0060,SENSOR,1,UNIFIED,"t=116 [HELLO_TX] bat=100% nbr=19"
0060,SENSOR,1,UNIFIED,"t=123 [HELLO_TX] bat=100% nbr=19"
0060,SENSOR,1,UNIFIED,"t=127 [HELLO_TX] bat=100% nbr=19"
0060,SENSOR,1,UNIFIED,"t=131 [HELLO_TX] bat=100% nbr=19"
0060,SENSOR,1,UNIFIED,"t=137 [HELLO_TX] bat=100% nbr=19"
0060,SENSOR,1,UNIFIED,"t=146 [HELLO_TX] bat=100% nbr=19"
0060,SENSOR,1,UNIFIED,"t=147 [HELLO_RX] NEW 005B tier=1(UNK) verified=0 rssi=0.2"
0060,SENSOR,1,UNIFIED,"t=156 [HELLO_TX] bat=100% nbr=20"
0060,SENSOR,1,UNIFIED,"t=165 [HELLO_TX] bat=100% nbr=20"
0060,SENSOR,1,UNIFIED,"t=169 [HELLO_TX] bat=100% nbr=20"
0060,SENSOR,1,UNIFIED,"t=177 [HELLO_TX] bat=100% nbr=20"
0060,SENSOR,1,UNIFIED,"t=181 [HELLO_TX] bat=100% nbr=20"
0060,SENSOR,1,UNIFIED,"t=188 [HELLO_TX] bat=100% nbr=20"
0060,SENSOR,1,UNIFIED,"t=195 [HELLO_TX] bat=100% nbr=20"
0060,SENSOR,1,UNIFIED,"t=200 [HELLO_RX] NEW 0064 tier=1(UNK) verified=0 rssi=0.2"
0060,SENSOR,1,UNIFIED,"t=203 [HELLO_TX] bat=100% nbr=21"
0060,SENSOR,1,UNIFIED,"t=209 [HELLO_RX] NEW 0059 tier=1(UNK) verified=0 rssi=0.3"
0060,SENSOR,1,UNIFIED,"t=211 [HELLO_TX] bat=100% nbr=22"
0060,SENSOR,1,UNIFIED,"t=217 [HELLO_TX] bat=100% nbr=22"
0060,SENSOR,1,UNIFIED,"t=222 [HELLO_TX] bat=100% nbr=22"
0060,SENSOR,1,UNIFIED,"t=231 [HELLO_TX] bat=100% nbr=22"
0060,SENSOR,1,UNIFIED,"t=241 [HELLO_TX] bat=100% nbr=22"
0061,SENSOR,1,UNIFIED,"t=4 [HELLO_RX] NEW 0056 tier=1(UNK) verified=0 rssi=7.0"
0061,SENSOR,1,UNIFIED,"t=5 [HELLO_RX] NEW 005B tier=1(UNK) verified=0 rssi=9.4"
0061,SENSOR,1,UNIFIED,"t=6 [HELLO_RX] NEW 0047 tier=1(UNK) verified=0 rssi=0.2"
0061,SENSOR,1,UNIFIED,"t=7 [HELLO_RX] NEW 000D tier=1(UNK) verified=0 rssi=1.3"
0061,SENSOR,1,UNIFIED,"t=8 [HELLO_RX] NEW 0022 tier=1(UNK) verified=0 rssi=0.7"
0061,SENSOR,1,UNIFIED,"t=9 [HELLO_RX] NEW 0005 tier=1(UNK) verified=0 rssi=0.3"
0061,SENSOR,1,UNIFIED,"t=10 [HELLO_TX] bat=100% nbr=6"
0061,SENSOR,1,UNIFIED,"t=10 [HELLO_RX] NEW 0046 tier=1(UNK) verified=0 rssi=2.2"
0061,SENSOR,1,UNIFIED,"t=11 [HELLO_RX] NEW 0038 tier=1(UNK) verified=0 rssi=0.3"
0061,SENSOR,1,UNIFIED,"t=14 [HELLO_TX] bat=100% nbr=8"
0061,SENSOR,1,UNIFIED,"t=17 [HELLO_RX] NEW 0059 tier=1(UNK) verified=0 rssi=0.7"
0061,SENSOR,1,UNIFIED,"t=23 [HELLO_TX] bat=100% nbr=9"
0061,SENSOR,1,UNIFIED,"t=24 [HELLO_RX] NEW 0064 tier=1(UNK) verified=0 rssi=0.2"
0061,SENSOR,1,UNIFIED,"t=28 [HELLO_TX] bat=100% nbr=10"
0061,SENSOR,1,UNIFIED,"t=34 [HELLO_TX] bat=100% nbr=10"
0061,SENSOR,1,UNIFIED,"t=44 [HELLO_TX] bat=100% nbr=10"
0061,SENSOR,1,UNIFIED,"t=46 [HELLO_RX] NEW 0025 tier=1(UNK) verified=0 rssi=0.4"
0061,SENSOR,1,UNIFIED,"t=48 [HELLO_RX] NEW 0003 tier=1(UNK) verified=0 rssi=0.2"
0061,SENSOR,1,UNIFIED,"t=49 [HELLO_TX] bat=100% nbr=12"
0061,SENSOR,1,UNIFIED,"t=51 [HELLO_RX] NEW 000C tier=1(UNK) verified=0 rssi=0.3"
0061,SENSOR,1,UNIFIED,"t=52 [HELLO_RX] NEW 0041 tier=1(UNK) verified=0 rssi=1.3"
0061,SENSOR,1,UNIFIED,"t=56 [HELLO_TX] bat=100% nbr=14"
0061,SENSOR,1,UNIFIED,"t=58 [HELLO_RX] NEW AA03 tier=2(CH) verified=0 rssi=0.3"
0061,SENSOR,1,UNIFIED,"t=65 [HELLO_TX] bat=100% nbr=15"
0061,SENSOR,1,UNIFIED,"t=71 [HELLO_TX] bat=100% nbr=15"
0061,SENSOR,1,UNIFIED,"t=79 [HELLO_TX] bat=100% nbr=15"
0061,SENSOR,1,UNIFIED,"t=85 [HELLO_TX] bat=100% nbr=15"
0061,SENSOR,1,UNIFIED,"t=89 [HELLO_TX] bat=100% nbr=15"
0061,SENSOR,1,UNIFIED,"t=96 [HELLO_TX] bat=100% nbr=15"
0061,SENSOR,1,UNIFIED,"t=101 [HELLO_RX] NEW FF06 tier=3(GWN) verified=0 rssi=0.2"
0061,SENSOR,1,UNIFIED,"t=103 [HELLO_TX] bat=100% nbr=16"
0061,SENSOR,1,UNIFIED,"t=113 [HELLO_TX] bat=100% nbr=16"
0061,SENSOR,1,UNIFIED,"t=120 [HELLO_TX] bat=100% nbr=16"
0061,SENSOR,1,UNIFIED,"t=126 [HELLO_TX] bat=100% nbr=16"
0061,SENSOR,1,UNIFIED,"t=134 [HELLO_TX] bat=100% nbr=16"
0061,SENSOR,1,UNIFIED,"t=137 [HELLO_RX] NEW 0028 tier=1(UNK) verified=0 rssi=0.2"
0061,SENSOR,1,UNIFIED,"t=139 [HELLO_TX] bat=100% nbr=17"
0061,SENSOR,1,UNIFIED,"t=143 [HELLO_RX] NEW FF02 tier=3(GWN) verified=1 rssi=0.2"
0061,SENSOR,1,UNIFIED,"t=146 [HELLO_TX] bat=100% nbr=18"
0061,SENSOR,1,UNIFIED,"t=146 [HELLO_RX] NEW 0060 tier=1(UNK) verified=0 rssi=0.2"
0061,SENSOR,1,UNIFIED,"t=154 [HELLO_TX] bat=100% nbr=19"
0061,SENSOR,1,UNIFIED,"t=155 [HELLO_RX] NEW FF01 tier=3(GWN) verified=1 rssi=0.2"
0061,SENSOR,1,UNIFIED,"t=160 [HELLO_TX] bat=100% nbr=20"
0061,SENSOR,1,UNIFIED,"t=166 [HELLO_TX] bat=100% nbr=20"
0061,SENSOR,1,UNIFIED,"t=175 [HELLO_TX] bat=100% nbr=20"
0061,SENSOR,1,UNIFIED,"t=179 [HELLO_TX] bat=100% nbr=20"
0061,SENSOR,1,UNIFIED,"t=180 [HELLO_RX] NEW 0009 tier=1(UNK) verified=0 rssi=0.3"
0061,SENSOR,1,UNIFIED,"t=187 [HELLO_TX] bat=100% nbr=21"
0061,SENSOR,1,UNIFIED,"t=196 [HELLO_TX] bat=100% nbr=21"
0061,SENSOR,1,UNIFIED,"t=201 [HELLO_TX] bat=100% nbr=21"
0061,SENSOR,1,UNIFIED,"t=210 [HELLO_TX] bat=100% nbr=21"
0061,SENSOR,1,UNIFIED,"t=216 [HELLO_TX] bat=100% nbr=21"
0061,SENSOR,1,UNIFIED,"t=225 [HELLO_TX] bat=100% nbr=21"
0061,SENSOR,1,UNIFIED,"t=234 [HELLO_TX] bat=100% nbr=21"
0061,SENSOR,1,UNIFIED,"t=243 [HELLO_TX] bat=100% nbr=21"
0061,SENSOR,1,UNIFIED,"t=243 [HELLO_RX] NEW FF09 tier=3(GWN) verified=1 rssi=0.2"
0062,SENSOR,1,UNIFIED,"t=6 [HELLO_RX] NEW 0038 tier=1(UNK) verified=0 rssi=2.8"
0062,SENSOR,1,UNIFIED,"t=7 [HELLO_RX] NEW 0048 tier=1(UNK) verified=0 rssi=39.4"
0062,SENSOR,1,UNIFIED,"t=9 [HELLO_TX] bat=100% nbr=2"
0062,SENSOR,1,UNIFIED,"t=9 [HELLO_RX] NEW 0059 tier=1(UNK) verified=0 rssi=0.4"
0062,SENSOR,1,UNIFIED,"t=12 [HELLO_RX] NEW 0028 tier=1(UNK) verified=0 rssi=8.0"
0062,SENSOR,1,UNIFIED,"t=13 [HELLO_TX] bat=100% nbr=4"
0062,SENSOR,1,UNIFIED,"t=15 [HELLO_RX] NEW 0037 tier=1(UNK) verified=0 rssi=0.5"
0062,SENSOR,1,UNIFIED,"t=17 [HELLO_TX] bat=100% nbr=5"
0062,SENSOR,1,UNIFIED,"t=18 [HELLO_RX] NEW 0011 tier=1(UNK) verified=0 rssi=1.2"
0062,SENSOR,1,UNIFIED,"t=26 [HELLO_TX] bat=100% nbr=6"
0062,SENSOR,1,UNIFIED,"t=33 [HELLO_RX] NEW 0024 tier=1(UNK) verified=0 rssi=1.7"
0062,SENSOR,1,UNIFIED,"t=35 [HELLO_RX] NEW AA08 tier=2(CH) verified=0 rssi=0.6"
0062,SENSOR,1,UNIFIED,"t=36 [HELLO_TX] bat=100% nbr=8"
0062,SENSOR,1,UNIFIED,"t=40 [HELLO_TX] bat=100% nbr=8"
0062,SENSOR,1,UNIFIED,"t=40 [HELLO_RX] NEW 000D tier=1(UNK) verified=0 rssi=0.4"
0062,SENSOR,1,UNIFIED,"t=45 [HELLO_RX] NEW 000C tier=1(UNK) verified=0 rssi=0.3"
0062,SENSOR,1,UNIFIED,"t=50 [HELLO_TX] bat=100% nbr=10"
0062,SENSOR,1,UNIFIED,"t=55 [HELLO_TX] bat=100% nbr=10"
0062,SENSOR,1,UNIFIED,"t=63 [HELLO_TX] bat=100% nbr=10"
0062,SENSOR,1,UNIFIED,"t=72 [HELLO_TX] bat=100% nbr=10"
0062,SENSOR,1,UNIFIED,"t=76 [HELLO_TX] bat=100% nbr=10"
0062,SENSOR,1,UNIFIED,"t=80 [HELLO_RX] NEW 0025 tier=1(UNK) verified=0 rssi=0.2"
0062,SENSOR,1,UNIFIED,"t=83 [HELLO_TX] bat=100% nbr=11"
0062,SENSOR,1,UNIFIED,"t=89 [HELLO_TX] bat=100% nbr=11"
0062,SENSOR,1,UNIFIED,"t=93 [HELLO_TX] bat=100% nbr=11"
0062,SENSOR,1,UNIFIED,"t=97 [HELLO_TX] bat=100% nbr=11"
0062,SENSOR,1,UNIFIED,"t=102 [HELLO_RX] NEW AA02 tier=2(CH) verified=0 rssi=0.2"
0062,SENSOR,1,UNIFIED,"t=103 [HELLO_TX] bat=100% nbr=12"
0062,SENSOR,1,UNIFIED,"t=109 [HELLO_RX] NEW 005B tier=1(UNK) verified=0 rssi=0.2"
0062,SENSOR,1,UNIFIED,"t=112 [HELLO_TX] bat=100% nbr=13"
0062,SENSOR,1,UNIFIED,"t=117 [HELLO_TX] bat=100% nbr=13"
0062,SENSOR,1,UNIFIED,"t=124 [HELLO_TX] bat=100% nbr=13"
0062,SENSOR,1,UNIFIED,"t=129 [HELLO_RX] NEW FF01 tier=3(GWN) verified=1 rssi=0.1"
0062,SENSOR,1,UNIFIED,"t=132 [HELLO_RX] NEW FF03 tier=3(GWN) verified=1 rssi=0.1"
0062,SENSOR,1,UNIFIED,"t=134 [HELLO_TX] bat=100% nbr=15"
0062,SENSOR,1,UNIFIED,"t=141 [HELLO_TX] bat=100% nbr=15"
0062,SENSOR,1,UNIFIED,"t=145 [HELLO_TX] bat=100% nbr=15"
0062,SENSOR,1,UNIFIED,"t=149 [HELLO_TX] bat=100% nbr=15"
0062,SENSOR,1,UNIFIED,"t=159 [HELLO_TX] bat=100% nbr=15"
0062,SENSOR,1,UNIFIED,"t=165 [HELLO_TX] bat=100% nbr=15"
0062,SENSOR,1,UNIFIED,"t=174 [HELLO_TX] bat=100% nbr=15"
0062,SENSOR,1,UNIFIED,"t=178 [HELLO_TX] bat=100% nbr=15"
0062,SENSOR,1,UNIFIED,"t=182 [HELLO_TX] bat=100% nbr=15"
0062,SENSOR,1,UNIFIED,"t=188 [HELLO_TX] bat=100% nbr=15"
0062,SENSOR,1,UNIFIED,"t=190 [HELLO_RX] NEW 005F tier=1(UNK) verified=0 rssi=0.2"
0062,SENSOR,1,UNIFIED,"t=195 [HELLO_TX] bat=100% nbr=16"
0062,SENSOR,1,UNIFIED,"t=201 [HELLO_RX] NEW 0041 tier=1(UNK) verified=0 rssi=0.2"
0062,SENSOR,1,UNIFIED,"t=205 [HELLO_TX] bat=100% nbr=17"
0062,SENSOR,1,UNIFIED,"t=212 [HELLO_TX] bat=100% nbr=17"
0062,SENSOR,1,UNIFIED,"t=218 [HELLO_RX] NEW FF02 tier=3(GWN) verified=1 rssi=0.1"
0062,SENSOR,1,UNIFIED,"t=219 [HELLO_TX] bat=100% nbr=18"
0062,SENSOR,1,UNIFIED,"t=223 [HELLO_TX] bat=100% nbr=18"
0062,SENSOR,1,UNIFIED,"t=229 [HELLO_TX] bat=100% nbr=18"
0062,SENSOR,1,UNIFIED,"t=236 [HELLO_TX] bat=100% nbr=18"
0062,SENSOR,1,UNIFIED,"t=243 [HELLO_TX] bat=100% nbr=18"
0063,SENSOR,1,UNIFIED,"t=4 [HELLO_RX] NEW 0060 tier=1(UNK) verified=0 rssi=2.4"
0063,SENSOR,1,UNIFIED,"t=5 [HELLO_RX] NEW 0064 tier=1(UNK) verified=0 rssi=0.4"
0063,SENSOR,1,UNIFIED,"t=6 [HELLO_RX] NEW AA03 tier=2(CH) verified=0 rssi=6.1"
0063,SENSOR,1,UNIFIED,"t=7 [HELLO_TX] bat=100% nbr=3"
0063,SENSOR,1,UNIFIED,"t=7 [HELLO_RX] NEW FF02 tier=3(GWN) verified=0 rssi=2.4"
0063,SENSOR,1,UNIFIED,"t=8 [HELLO_RX] NEW FF09 tier=3(GWN) verified=0 rssi=2.7"
0063,SENSOR,1,UNIFIED,"t=10 [HELLO_RX] NEW FF01 tier=3(GWN) verified=0 rssi=0.9"
0063,SENSOR,1,UNIFIED,"t=14 [HELLO_RX] NEW 003C tier=1(UNK) verified=0 rssi=0.2"
0063,SENSOR,1,UNIFIED,"t=15 [HELLO_TX] bat=100% nbr=7"
0063,SENSOR,1,UNIFIED,"t=25 [HELLO_TX] bat=100% nbr=7"
0063,SENSOR,1,UNIFIED,"t=27 [HELLO_RX] NEW 0054 tier=1(UNK) verified=0 rssi=0.2"
0063,SENSOR,1,UNIFIED,"t=28 [HELLO_RX] NEW AA02 tier=2(CH) verified=0 rssi=0.4"
0063,SENSOR,1,UNIFIED,"t=31 [HELLO_TX] bat=100% nbr=9"
0063,SENSOR,1,UNIFIED,"t=39 [HELLO_RX] NEW 000A tier=1(UNK) verified=0 rssi=1.0"
0063,SENSOR,1,UNIFIED,"t=40 [HELLO_TX] bat=100% nbr=10"
0063,SENSOR,1,UNIFIED,"t=45 [HELLO_RX] NEW 0031 tier=1(UNK) verified=0 rssi=0.6"
0063,SENSOR,1,UNIFIED,"t=47 [HELLO_TX] bat=100% nbr=11"
0063,SENSOR,1,UNIFIED,"t=56 [HELLO_RX] NEW 0022 tier=1(UNK) verified=0 rssi=0.8"
0063,SENSOR,1,UNIFIED,"t=57 [HELLO_TX] bat=100% nbr=12"
0063,SENSOR,1,UNIFIED,"t=67 [HELLO_TX] bat=100% nbr=12"
0063,SENSOR,1,UNIFIED,"t=71 [HELLO_TX] bat=100% nbr=12"
0063,SENSOR,1,UNIFIED,"t=78 [HELLO_TX] bat=100% nbr=12"
0063,SENSOR,1,UNIFIED,"t=80 [HELLO_RX] NEW 0025 tier=1(UNK) verified=0 rssi=0.5"
0063,SENSOR,1,UNIFIED,"t=82 [HELLO_TX] bat=100% nbr=13"
0063,SENSOR,1,UNIFIED,"t=90 [HELLO_TX] bat=100% nbr=13"
0063,SENSOR,1,UNIFIED,"t=90 [HELLO_RX] NEW 001D tier=1(UNK) verified=0 rssi=0.2"
0063,SENSOR,1,UNIFIED,"t=94 [HELLO_TX] bat=100% nbr=14"
0063,SENSOR,1,UNIFIED,"t=99 [HELLO_RX] NEW 0041 tier=1(UNK) verified=0 rssi=0.3"
0063,SENSOR,1,UNIFIED,"t=101 [HELLO_TX] bat=100% nbr=15"
0063,SENSOR,1,UNIFIED,"t=110 [HELLO_TX] bat=100% nbr=15"
0063,SENSOR,1,UNIFIED,"t=112 [HELLO_RX] NEW 0044 tier=1(UNK) verified=0 rssi=0.3"
0063,SENSOR,1,UNIFIED,"t=114 [HELLO_TX] bat=100% nbr=16"
0063,SENSOR,1,UNIFIED,"t=118 [HELLO_TX] bat=100% nbr=16"
0063,SENSOR,1,UNIFIED,"t=125 [HELLO_TX] bat=100% nbr=16"
0063,SENSOR,1,UNIFIED,"t=134 [HELLO_TX] bat=100% nbr=16"
0063,SENSOR,1,UNIFIED,"t=143 [HELLO_TX] bat=100% nbr=16"
0063,SENSOR,1,UNIFIED,"t=153 [HELLO_TX] bat=100% nbr=16"
0063,SENSOR,1,UNIFIED,"t=158 [HELLO_RX] NEW FF03 tier=3(GWN) verified=1 rssi=0.1"
0063,SENSOR,1,UNIFIED,"t=160 [HELLO_TX] bat=100% nbr=17"
0063,SENSOR,1,UNIFIED,"t=170 [HELLO_TX] bat=100% nbr=17"
0063,SENSOR,1,UNIFIED,"t=175 [HELLO_RX] NEW 001C tier=1(UNK) verified=0 rssi=0.2"
0063,SENSOR,1,UNIFIED,"t=180 [HELLO_TX] bat=100% nbr=18"
0063,SENSOR,1,UNIFIED,"t=190 [HELLO_TX] bat=100% nbr=18"
0063,SENSOR,1,UNIFIED,"t=195 [HELLO_TX] bat=100% nbr=18"
0063,SENSOR,1,UNIFIED,"t=201 [HELLO_TX] bat=100% nbr=18"
0063,SENSOR,1,UNIFIED,"t=207 [HELLO_TX] bat=100% nbr=18"
0063,SENSOR,1,UNIFIED,"t=212 [HELLO_TX] bat=100% nbr=18"
0063,SENSOR,1,UNIFIED,"t=217 [HELLO_TX] bat=100% nbr=18"
0063,SENSOR,1,UNIFIED,"t=222 [HELLO_TX] bat=100% nbr=18"
0063,SENSOR,1,UNIFIED,"t=230 [HELLO_TX] bat=100% nbr=18"
0063,SENSOR,1,UNIFIED,"t=236 [HELLO_TX] bat=100% nbr=18"
0063,SENSOR,1,UNIFIED,"t=241 [HELLO_TX] bat=100% nbr=18"
0064,SENSOR,1,UNIFIED,"t=4 [HELLO_RX] NEW 0022 tier=1(UNK) verified=0 rssi=0.9"
0064,SENSOR,1,UNIFIED,"t=5 [HELLO_TX] bat=100% nbr=1"
0064,SENSOR,1,UNIFIED,"t=6 [HELLO_RX] NEW AA03 tier=2(CH) verified=0 rssi=0.4"
0064,SENSOR,1,UNIFIED,"t=7 [HELLO_RX] NEW FF02 tier=3(GWN) verified=0 rssi=0.7"
0064,SENSOR,1,UNIFIED,"t=10 [HELLO_RX] NEW 0046 tier=1(UNK) verified=0 rssi=0.5"
0064,SENSOR,1,UNIFIED,"t=13 [HELLO_TX] bat=100% nbr=4"
0064,SENSOR,1,UNIFIED,"t=13 [HELLO_RX] NEW 0005 tier=1(UNK) verified=0 rssi=0.3"
0064,SENSOR,1,UNIFIED,"t=16 [HELLO_RX] NEW FF09 tier=3(GWN) verified=0 rssi=1.0"
0064,SENSOR,1,UNIFIED,"t=17 [HELLO_TX] bat=100% nbr=6"
0064,SENSOR,1,UNIFIED,"t=22 [HELLO_RX] NEW 0060 tier=1(UNK) verified=0 rssi=0.2"
0064,SENSOR,1,UNIFIED,"t=24 [HELLO_TX] bat=100% nbr=7"
0064,SENSOR,1,UNIFIED,"t=26 [HELLO_RX] NEW FF01 tier=3(GWN) verified=0 rssi=0.2"
0064,SENSOR,1,UNIFIED,"t=27 [HELLO_RX] NEW 0041 tier=1(UNK) verified=0 rssi=0.2"
0064,SENSOR,1,UNIFIED,"t=28 [HELLO_TX] bat=100% nbr=9"
0064,SENSOR,1,UNIFIED,"t=35 [HELLO_TX] bat=100% nbr=9"
0064,SENSOR,1,UNIFIED,"t=37 [HELLO_RX] NEW 005B tier=1(UNK) verified=0 rssi=0.2"
0064,SENSOR,1,UNIFIED,"t=44 [HELLO_TX] bat=100% nbr=10"
0064,SENSOR,1,UNIFIED,"t=44 [HELLO_RX] NEW 0061 tier=1(UNK) verified=0 rssi=0.2"
0064,SENSOR,1,UNIFIED,"t=45 [HELLO_RX] NEW 0047 tier=1(UNK) verified=0 rssi=0.2"
0064,SENSOR,1,UNIFIED,"t=54 [HELLO_TX] bat=100% nbr=12"
0064,SENSOR,1,UNIFIED,"t=54 [HELLO_RX] NEW 000A tier=1(UNK) verified=0 rssi=0.6"
0064,SENSOR,1,UNIFIED,"t=55 [HELLO_RX] NEW 0056 tier=1(UNK) verified=0 rssi=0.3"
0064,SENSOR,1,UNIFIED,"t=59 [HELLO_TX] bat=100% nbr=14"
0064,SENSOR,1,UNIFIED,"t=67 [HELLO_TX] bat=100% nbr=14"
0064,SENSOR,1,UNIFIED,"t=71 [HELLO_TX] bat=100% nbr=14"
0064,SENSOR,1,UNIFIED,"t=81 [HELLO_TX] bat=100% nbr=14"
0064,SENSOR,1,UNIFIED,"t=90 [HELLO_RX] NEW 0063 tier=1(UNK) verified=0 rssi=0.4"
0064,SENSOR,1,UNIFIED,"t=91 [HELLO_TX] bat=100% nbr=15"
0064,SENSOR,1,UNIFIED,"t=93 [HELLO_RX] NEW 0025 tier=1(UNK) verified=0 rssi=0.2"
0064,SENSOR,1,UNIFIED,"t=96 [HELLO_TX] bat=100% nbr=16"
0064,SENSOR,1,UNIFIED,"t=106 [HELLO_TX] bat=100% nbr=16"
0064,SENSOR,1,UNIFIED,"t=115 [HELLO_TX] bat=100% nbr=16"
0064,SENSOR,1,UNIFIED,"t=120 [HELLO_TX] bat=100% nbr=16"
0064,SENSOR,1,UNIFIED,"t=125 [HELLO_TX] bat=100% nbr=16"
0064,SENSOR,1,UNIFIED,"t=133 [HELLO_TX] bat=100% nbr=16"
0064,SENSOR,1,UNIFIED,"t=138 [HELLO_TX] bat=100% nbr=16"
0064,SENSOR,1,UNIFIED,"t=145 [HELLO_TX] bat=100% nbr=16"
0064,SENSOR,1,UNIFIED,"t=155 [HELLO_TX] bat=100% nbr=16"
0064,SENSOR,1,UNIFIED,"t=161 [HELLO_TX] bat=100% nbr=16"
0064,SENSOR,1,UNIFIED,"t=167 [HELLO_TX] bat=100% nbr=16"
0064,SENSOR,1,UNIFIED,"t=172 [HELLO_TX] bat=100% nbr=16"
0064,SENSOR,1,UNIFIED,"t=177 [HELLO_TX] bat=100% nbr=16"
0064,SENSOR,1,UNIFIED,"t=182 [HELLO_TX] bat=100% nbr=16"
0064,SENSOR,1,UNIFIED,"t=186 [HELLO_TX] bat=100% nbr=16"
0064,SENSOR,1,UNIFIED,"t=191 [HELLO_TX] bat=100% nbr=16"
0064,SENSOR,1,UNIFIED,"t=200 [HELLO_TX] bat=100% nbr=16"
0064,SENSOR,1,UNIFIED,"t=206 [HELLO_TX] bat=100% nbr=16"
0064,SENSOR,1,UNIFIED,"t=215 [HELLO_TX] bat=100% nbr=16"
0064,SENSOR,1,UNIFIED,"t=221 [HELLO_TX] bat=100% nbr=16"
0064,SENSOR,1,UNIFIED,"t=225 [HELLO_TX] bat=100% nbr=16"
0064,SENSOR,1,UNIFIED,"t=233 [HELLO_TX] bat=100% nbr=16"
0064,SENSOR,1,UNIFIED,"t=239 [HELLO_TX] bat=100% nbr=16"
0064,SENSOR,1,UNIFIED,"t=246 [HELLO_TX] bat=100% nbr=16"
