NodeID,NodeType,Tier,RadioType,LogEntry
FF01,GWN,3,BACKBONE,"t=1 [TX] HB.0 -> <BCAST>"
FF01,GWN,3,BACKBONE,"t=4 [PHY] Neighbour count: 2->3"
FF01,GWN,3,BACKBONE,"t=6 [PHY] Neighbour count: 4->5"
FF01,GWN,3,BACKBONE,"t=7 [PHY] Neighbour count: 5->6"
FF01,GWN,3,BACKBONE,"t=8 [TX] HB.0 -> <BCAST>"
FF01,GWN,3,BACKBONE,"t=9 [PHY] Neighbour count: 6->7"
FF01,GWN,3,BACKBONE,"t=10 [PHY] Neighbour count: 7->8"
FF01,GWN,3,BACKBONE,"t=11 [PHY] Neighbour count: 8->9"
FF01,GWN,3,BACKBONE,"t=14 [PHY] Neighbour count: 9->10"
FF01,GWN,3,BACKBONE,"t=15 [TX] HB.0 -> <BCAST>"
FF01,GWN,3,BACKBONE,"t=16 [PHY] Neighbour count: 10->11"
FF01,GWN,3,BACKBONE,"t=20 [PHY] Neighbour count: 11->12"
FF01,GWN,3,BACKBONE,"t=22 [TX] HB.0 -> <BCAST>"
FF01,GWN,3,BACKBONE,"t=22 [PHY] Neighbour count: 12->13"
FF01,GWN,3,BACKBONE,"t=29 [TX] HB.1 -> <BCAST>"
FF01,GWN,3,BACKBONE,"t=30 [PHY] Neighbour count: 13->14"
FF01,GWN,3,BACKBONE,"t=36 [TX] HB.1 -> <BCAST>"
FF01,GWN,3,BACKBONE,"t=43 [TX] HB.1 -> <BCAST>"
FF01,GWN,3,BACKBONE,"t=50 [TX] HB.1 -> <BCAST>"
FF01,GWN,3,BACKBONE,"t=50 [RX] CMD.0 <- FF08 RSSI=0.1"
FF01,GWN,3,BACKBONE,"t=50 [TX] CMD.1 -> FF08"
FF01,GWN,3,BACKBONE,"t=50 [TX] CMD.1 -> FF08"
FF01,GWN,3,BACKBONE,"t=50 [STATE] DISCOVERY -> HANDSHAKE"
FF01,GWN,3,BACKBONE,"[LOCK][SET] partner=FF08 timeout=6"
FF01,GWN,3,BACKBONE,"t=50 [HANDSHAKE] Lock set with FF08 (timer=6)"
FF01,GWN,3,BACKBONE,"t=53 [PHY] Neighbour count: 15->16"
FF01,GWN,3,BACKBONE,"t=54 [RX] CMD.2 <- FF08 RSSI=0.1"
FF01,GWN,3,BACKBONE,"[LOCK][REFRESH] partner=FF08 timeout=6"
FF01,GWN,3,BACKBONE,"[LOCK][SET] partner=FF08 timeout=6"
FF01,GWN,3,BACKBONE,"t=54 [PARENT] Set parent -> FF08"
FF01,GWN,3,BACKBONE,"t=55 [RX] CMD.4 <- FF08 RSSI=0.1"
FF01,GWN,3,BACKBONE,"[LOCK][REFRESH] partner=FF08 timeout=6"
FF01,GWN,3,BACKBONE,"t=55 [PHASE] Inherited phaseOffset=1 from parent FF08"
FF01,GWN,3,BACKBONE,"t=55 [ENC_HELLO] TX: gwCh=0; chCh=0; secCh=0; sn=0 (encrypted)"
FF01,GWN,3,BACKBONE,"t=55 [TX] CMD.5 -> FF08"
FF01,GWN,3,BACKBONE,"[LOCK][CLEAR][ENC_HELLO_TX] partner=FF08"
FF01,GWN,3,BACKBONE,"t=55 [HANDSHAKE] Lock cleared (was with FF08)"
FF01,GWN,3,BACKBONE,"t=55 [PHY] Neighbour count: 16->17"
FF01,GWN,3,BACKBONE,"[LOCK][SET] partner=FF0B timeout=6"
FF01,GWN,3,BACKBONE,"t=59 [HANDSHAKE] Lock set with FF0B (timer=6)"
FF01,GWN,3,BACKBONE,"[LOCK][SET] partner=FF0B timeout=6"
FF01,GWN,3,BACKBONE,"t=59 [TX] CMD.0 -> FF0B"
FF01,GWN,3,BACKBONE,"t=61 [RX] CMD.1 <- FF0B RSSI=0.3"
FF01,GWN,3,BACKBONE,"[LOCK][REFRESH] partner=FF0B timeout=6"
FF01,GWN,3,BACKBONE,"t=61 [TX] CMD.2 -> FF0B"
FF01,GWN,3,BACKBONE,"[LOCK][REFRESH] partner=FF0B timeout=6"
FF01,GWN,3,BACKBONE,"t=61 [HANDSHAKE] FF0B added to pendingChildren (awaiting ENC_HELLO)"
FF01,GWN,3,BACKBONE,"t=61 [TX] CMD.4 -> FF0B"
FF01,GWN,3,BACKBONE,"t=61 [PHASE] Sending phaseOffset=0 to child FF0B (self=1)"
FF01,GWN,3,BACKBONE,"[LOCK][REFRESH] partner=FF0B timeout=6"
FF01,GWN,3,BACKBONE,"[LOCK][SET] partner=FF0B timeout=6"
FF01,GWN,3,BACKBONE,"t=65 [ENC_HELLO] TX: gwCh=0; chCh=0; secCh=0; sn=0 (encrypted)"
FF01,GWN,3,BACKBONE,"t=65 [ENC_HELLO] Retry 1/3 sent (next at t=85)"
FF01,GWN,3,BACKBONE,"t=66 [RX] CMD.5 <- FF0B RSSI=0.3"
FF01,GWN,3,BACKBONE,"t=66 [HANDSHAKE] FF0B promoted to children (ENC_HELLO received)"
FF01,GWN,3,BACKBONE,"[LOCK][CLEAR][ENC_HELLO_RX] partner=FF0B"
FF01,GWN,3,BACKBONE,"t=66 [TX] CMD.5 -> FF08"
FF01,GWN,3,BACKBONE,"t=66 [HANDSHAKE] Lock cleared (was with FF0B)"
FF01,GWN,3,BACKBONE,"t=66 [RETRY] Reset retry state for FF0B (now child)"
FF01,GWN,3,BACKBONE,"t=66 [STATE] HANDSHAKE -> SECURE"
FF01,GWN,3,BACKBONE,"t=71 [TX] HB.3 -> FF00"
FF01,GWN,3,BACKBONE,"t=74 [RX_FWD] Encrypted CMD.5 from Child FF0B -> Queue for Parent FF08"
FF01,GWN,3,BACKBONE,"t=74 [Q_FWD] Queued CMD.5 (size=1/15)"
FF01,GWN,3,BACKBONE,"t=77 [RX_FWD] Encrypted CMD.5 from Child FF0B -> Queue for Parent FF08"
FF01,GWN,3,BACKBONE,"t=77 [Q_FWD] Queued CMD.5 (size=2/15)"
FF01,GWN,3,BACKBONE,"t=80 [RX_FWD] Encrypted HB.3 from Child FF0B -> Queue for Parent FF08"
FF01,GWN,3,BACKBONE,"t=80 [Q_FWD] Queued HB.3 (size=3/15)"
FF01,GWN,3,BACKBONE,"t=85 [ENC_HELLO] TX: gwCh=1; chCh=0; secCh=0; sn=0 (encrypted)"
FF01,GWN,3,BACKBONE,"t=85 [ENC_HELLO] Retry 2/3 sent (next at t=125)"
FF01,GWN,3,BACKBONE,"t=94 [RX_FWD] Encrypted CMD.5 from Child FF0B -> Queue for Parent FF08"
FF01,GWN,3,BACKBONE,"t=94 [Q_FWD] Queued CMD.5 (size=4/15)"
FF01,GWN,3,BACKBONE,"t=96 [RX] CMD.0 <- FF06 RSSI=0.0"
FF01,GWN,3,BACKBONE,"t=96 [TX] CMD.3 -> FF06"
FF01,GWN,3,BACKBONE,"t=125 [ENC_HELLO] TX: gwCh=1; chCh=0; secCh=0; sn=0 (encrypted)"
FF01,GWN,3,BACKBONE,"t=125 [ENC_HELLO] Retry 3/3 sent (next at t=205)"
FF01,GWN,3,BACKBONE,"t=134 [RX_FWD] Encrypted CMD.5 from Child FF0B -> Queue for Parent FF08"
FF01,GWN,3,BACKBONE,"t=134 [Q_FWD] Queued CMD.5 (size=5/15)"
FF01,GWN,3,BACKBONE,"t=200 [PHASE_RX] Listening (Q_fwd=5; Q_local=0)"
FF01,GWN,3,BACKBONE,"t=201 [DEQUEUE] From Q_fwd (waited 127 TFs)"
FF01,GWN,3,BACKBONE,"t=201 [PHASE_TX] Sent CMD.5 -> FF08 (Q_fwd=4; Q_local=0)"
FF01,GWN,3,BACKBONE,"t=202 [DEQUEUE] From Q_fwd (waited 125 TFs)"
FF01,GWN,3,BACKBONE,"t=202 [PHASE_TX] Sent CMD.5 -> FF08 (Q_fwd=3; Q_local=0)"
FF01,GWN,3,BACKBONE,"t=203 [DEQUEUE] From Q_fwd (waited 123 TFs)"
FF01,GWN,3,BACKBONE,"t=203 [PHASE_TX] Sent HB.3 -> FF08 (Q_fwd=2; Q_local=0)"
FF01,GWN,3,BACKBONE,"t=204 [PHASE_RX] Listening (Q_fwd=2; Q_local=0)"
FF01,GWN,3,BACKBONE,"t=204 [RX_FWD] Encrypted CMD.5 from Child FF0B -> Queue for Parent FF08"
FF01,GWN,3,BACKBONE,"t=204 [Q_FWD] Queued CMD.5 (size=3/15)"
FF01,GWN,3,BACKBONE,"t=205 [ENC_HELLO] TX: gwCh=1; chCh=0; secCh=0; sn=0 (encrypted)"
FF01,GWN,3,BACKBONE,"t=205 [ENC_HELLO] Registry refresh #1 sent (next at t=285)"
FF01,GWN,3,BACKBONE,"t=205 [PHASE_RX] Listening (Q_fwd=3; Q_local=0)"
FF01,GWN,3,BACKBONE,"t=205 [RX_FWD] Encrypted CMD.5 from Child FF0B -> Queue for Parent FF08"
FF01,GWN,3,BACKBONE,"t=205 [Q_FWD] Queued CMD.5 (size=4/15)"
FF01,GWN,3,BACKBONE,"t=206 [PHASE_RX] Listening (Q_fwd=4; Q_local=0)"
FF01,GWN,3,BACKBONE,"t=206 [RX_FWD] Encrypted CMD.5 from Child FF0B -> Queue for Parent FF08"
FF01,GWN,3,BACKBONE,"t=206 [Q_FWD] Queued CMD.5 (size=5/15)"
FF01,GWN,3,BACKBONE,"t=207 [DEQUEUE] From Q_fwd (waited 113 TFs)"
FF01,GWN,3,BACKBONE,"t=207 [PHASE_TX] Sent CMD.5 -> FF08 (Q_fwd=4; Q_local=0)"
FF01,GWN,3,BACKBONE,"t=207 [Q_LOCAL] Queued CH_HELLO.1 (size=1/15)"
FF01,GWN,3,BACKBONE,"t=208 [DEQUEUE] From Q_fwd (waited 74 TFs)"
FF01,GWN,3,BACKBONE,"t=208 [PHASE_TX] Sent CMD.5 -> FF08 (Q_fwd=3; Q_local=1)"
FF01,GWN,3,BACKBONE,"t=209 [DEQUEUE] From Q_fwd (waited 5 TFs)"
FF01,GWN,3,BACKBONE,"t=209 [PHASE_TX] Sent CMD.5 -> FF08 (Q_fwd=2; Q_local=1)"
FF01,GWN,3,BACKBONE,"t=210 [PHASE_RX] Listening (Q_fwd=2; Q_local=1)"
FF01,GWN,3,BACKBONE,"t=210 [RX_FWD] Encrypted CMD.5 from Child FF0B -> Queue for Parent FF08"
FF01,GWN,3,BACKBONE,"t=210 [Q_FWD] Queued CMD.5 (size=3/15)"
FF01,GWN,3,BACKBONE,"t=211 [PHASE_RX] Listening (Q_fwd=3; Q_local=1)"
FF01,GWN,3,BACKBONE,"t=211 [RX_FWD] Encrypted CMD.5 from Child FF0B -> Queue for Parent FF08"
FF01,GWN,3,BACKBONE,"t=211 [Q_FWD] Queued CMD.5 (size=4/15)"
FF01,GWN,3,BACKBONE,"t=212 [PHASE_RX] Listening (Q_fwd=4; Q_local=1)"
FF01,GWN,3,BACKBONE,"t=213 [DEQUEUE] From Q_fwd (waited 8 TFs)"
FF01,GWN,3,BACKBONE,"t=213 [PHASE_TX] Sent CMD.5 -> FF08 (Q_fwd=3; Q_local=1)"
FF01,GWN,3,BACKBONE,"t=214 [DEQUEUE] From Q_fwd (waited 8 TFs)"
FF01,GWN,3,BACKBONE,"t=214 [PHASE_TX] Sent CMD.5 -> FF08 (Q_fwd=2; Q_local=1)"
FF01,GWN,3,BACKBONE,"t=214 [RX_FWD] Encrypted CMD.5 from Child FF0B -> Queue for Parent FF08"
FF01,GWN,3,BACKBONE,"t=214 [Q_FWD] Queued CMD.5 (size=3/15)"
FF01,GWN,3,BACKBONE,"t=215 [DEQUEUE] From Q_fwd (waited 5 TFs)"
FF01,GWN,3,BACKBONE,"t=215 [PHASE_TX] Sent CMD.5 -> FF08 (Q_fwd=2; Q_local=1)"
FF01,GWN,3,BACKBONE,"t=216 [PHASE_RX] Listening (Q_fwd=2; Q_local=1)"
FF01,GWN,3,BACKBONE,"t=217 [PHASE_RX] Listening (Q_fwd=2; Q_local=1)"
FF01,GWN,3,BACKBONE,"t=218 [PHASE_RX] Listening (Q_fwd=2; Q_local=1)"
FF01,GWN,3,BACKBONE,"t=219 [DEQUEUE] From Q_fwd (waited 8 TFs)"
FF01,GWN,3,BACKBONE,"t=219 [PHASE_TX] Sent CMD.5 -> FF08 (Q_fwd=1; Q_local=1)"
FF01,GWN,3,BACKBONE,"t=220 [DEQUEUE] From Q_fwd (waited 6 TFs)"
FF01,GWN,3,BACKBONE,"t=220 [PHASE_TX] Sent CMD.5 -> FF08 (Q_fwd=0; Q_local=1)"
FF01,GWN,3,BACKBONE,"t=221 [DEQUEUE] From Q_local (waited 14 TFs)"
FF01,GWN,3,BACKBONE,"t=221 [PHASE_TX] Sent CH_HELLO.1 -> FF08 (Q_fwd=0; Q_local=0)"
FF01,GWN,3,BACKBONE,"t=221 [Q_LOCAL] Queued CH_HELLO.1 (size=1/15)"
FF01,GWN,3,BACKBONE,"t=222 [PHASE_RX] Listening (Q_fwd=0; Q_local=1)"
FF01,GWN,3,BACKBONE,"t=223 [PHASE_RX] Listening (Q_fwd=0; Q_local=1)"
FF01,GWN,3,BACKBONE,"t=224 [PHASE_RX] Listening (Q_fwd=0; Q_local=1)"
FF01,GWN,3,BACKBONE,"t=224 [RX_FWD] Encrypted CMD.5 from Child FF0B -> Queue for Parent FF08"
FF01,GWN,3,BACKBONE,"t=224 [Q_FWD] Queued CMD.5 (size=1/15)"
FF01,GWN,3,BACKBONE,"t=225 [DEQUEUE] From Q_fwd (waited 1 TFs)"
FF01,GWN,3,BACKBONE,"t=225 [PHASE_TX] Sent CMD.5 -> FF08 (Q_fwd=0; Q_local=1)"
FF01,GWN,3,BACKBONE,"t=226 [DEQUEUE] From Q_local (waited 5 TFs)"
FF01,GWN,3,BACKBONE,"t=226 [PHASE_TX] Sent CH_HELLO.1 -> FF08 (Q_fwd=0; Q_local=0)"
FF01,GWN,3,BACKBONE,"t=227 [PHASE_TX] IDLE (queues empty)"
FF01,GWN,3,BACKBONE,"t=228 [PHASE_RX] Listening (Q_fwd=0; Q_local=0)"
FF01,GWN,3,BACKBONE,"t=229 [PHASE_RX] Listening (Q_fwd=0; Q_local=0)"
FF01,GWN,3,BACKBONE,"t=230 [PHASE_RX] Listening (Q_fwd=0; Q_local=0)"
FF01,GWN,3,BACKBONE,"t=231 [PHASE_TX] IDLE (queues empty)"
FF01,GWN,3,BACKBONE,"t=232 [PHASE_TX] IDLE (queues empty)"
FF01,GWN,3,BACKBONE,"t=233 [PHASE_TX] IDLE (queues empty)"
FF01,GWN,3,BACKBONE,"t=234 [PHASE_RX] Listening (Q_fwd=0; Q_local=0)"
FF01,GWN,3,BACKBONE,"t=234 [RX_FWD] Encrypted CH_HELLO.1 from Child FF0B -> Queue for Parent FF08"
FF01,GWN,3,BACKBONE,"t=234 [Q_FWD] Queued CH_HELLO.1 (size=1/15)"
FF01,GWN,3,BACKBONE,"t=235 [PHASE_RX] Listening (Q_fwd=1; Q_local=0)"
FF01,GWN,3,BACKBONE,"t=235 [RX_FWD] Encrypted CMD.5 from Child FF0B -> Queue for Parent FF08"
FF01,GWN,3,BACKBONE,"t=235 [Q_FWD] Queued CMD.5 (size=2/15)"
FF01,GWN,3,BACKBONE,"t=236 [PHASE_RX] Listening (Q_fwd=2; Q_local=0)"
FF01,GWN,3,BACKBONE,"t=236 [RX_FWD] Encrypted CH_HELLO.1 from Child FF0B -> Queue for Parent FF08"
FF01,GWN,3,BACKBONE,"t=236 [Q_FWD] Queued CH_HELLO.1 (size=3/15)"
FF01,GWN,3,BACKBONE,"t=237 [DEQUEUE] From Q_fwd (waited 3 TFs)"
FF01,GWN,3,BACKBONE,"t=237 [PHASE_TX] Sent CH_HELLO.1 -> FF08 (Q_fwd=2; Q_local=0)"
FF01,GWN,3,BACKBONE,"t=238 [DEQUEUE] From Q_fwd (waited 3 TFs)"
FF01,GWN,3,BACKBONE,"t=238 [PHASE_TX] Sent CMD.5 -> FF08 (Q_fwd=1; Q_local=0)"
FF01,GWN,3,BACKBONE,"t=239 [DEQUEUE] From Q_fwd (waited 3 TFs)"
FF01,GWN,3,BACKBONE,"t=239 [PHASE_TX] Sent CH_HELLO.1 -> FF08 (Q_fwd=0; Q_local=0)"
FF01,GWN,3,BACKBONE,"t=240 [PHASE_RX] Listening (Q_fwd=0; Q_local=0)"
FF01,GWN,3,BACKBONE,"t=241 [PHASE_RX] Listening (Q_fwd=0; Q_local=0)"
FF01,GWN,3,BACKBONE,"t=242 [PHASE_RX] Listening (Q_fwd=0; Q_local=0)"
FF01,GWN,3,BACKBONE,"t=243 [PHASE_TX] IDLE (queues empty)"
FF01,GWN,3,BACKBONE,"t=244 [PHASE_TX] IDLE (queues empty)"
FF01,GWN,3,BACKBONE,"t=245 [PHASE_TX] IDLE (queues empty)"
FF01,GWN,3,BACKBONE,"t=246 [PHASE_RX] Listening (Q_fwd=0; Q_local=0)"
FF01,GWN,3,BACKBONE,"t=247 [PHASE_RX] Listening (Q_fwd=0; Q_local=0)"
FF01,GWN,3,BACKBONE,"t=248 [PHASE_RX] Listening (Q_fwd=0; Q_local=0)"
FF01,GWN,3,BACKBONE,"t=249 [PHASE_TX] IDLE (queues empty)"
FF01,GWN,3,ACCESS,"t=4 [PHY] Neighbour count: 2->3"
FF01,GWN,3,ACCESS,"t=5 [HELLO_TX] bcast battery=100.0%"
FF01,GWN,3,ACCESS,"t=6 [PHY] Neighbour count: 4->5"
FF01,GWN,3,ACCESS,"t=7 [PHY] Neighbour count: 5->6"
FF01,GWN,3,ACCESS,"t=9 [PHY] Neighbour count: 6->7"
FF01,GWN,3,ACCESS,"t=10 [PHY] Neighbour count: 7->8"
FF01,GWN,3,ACCESS,"t=11 [PHY] Neighbour count: 8->9"
FF01,GWN,3,ACCESS,"t=14 [HELLO_TX] bcast battery=100.0%"
FF01,GWN,3,ACCESS,"t=14 [PHY] Neighbour count: 9->10"
FF01,GWN,3,ACCESS,"t=16 [PHY] Neighbour count: 10->11"
FF01,GWN,3,ACCESS,"t=20 [PHY] Neighbour count: 11->12"
FF01,GWN,3,ACCESS,"t=22 [HELLO_TX] bcast battery=100.0%"
FF01,GWN,3,ACCESS,"t=22 [PHY] Neighbour count: 12->13"
FF01,GWN,3,ACCESS,"t=29 [HELLO_TX] bcast battery=100.0%"
FF01,GWN,3,ACCESS,"t=30 [PHY] Neighbour count: 13->14"
FF01,GWN,3,ACCESS,"t=38 [HELLO_TX] bcast battery=100.0%"
FF01,GWN,3,ACCESS,"t=43 [HELLO_TX] bcast battery=100.0%"
FF01,GWN,3,ACCESS,"t=47 [HELLO_TX] bcast battery=100.0%"
FF01,GWN,3,ACCESS,"t=53 [PHY] Neighbour count: 15->16"
FF01,GWN,3,ACCESS,"t=55 [PHY] Neighbour count: 16->17"
FF01,GWN,3,ACCESS,"t=56 [HELLO_TX] bcast battery=100.0%"
FF01,GWN,3,ACCESS,"t=65 [HELLO_TX] bcast battery=100.0%"
FF01,GWN,3,ACCESS,"t=72 [HELLO_TX] bcast battery=100.0%"
FF01,GWN,3,ACCESS,"t=80 [HELLO_TX] bcast battery=100.0%"
FF01,GWN,3,ACCESS,"t=86 [HELLO_TX] bcast battery=100.0%"
FF01,GWN,3,ACCESS,"t=95 [HELLO_TX] bcast battery=100.0%"
FF01,GWN,3,ACCESS,"t=105 [HELLO_TX] bcast battery=100.0%"
FF01,GWN,3,ACCESS,"t=115 [HELLO_TX] bcast battery=100.0%"
FF01,GWN,3,ACCESS,"t=120 [HELLO_TX] bcast battery=100.0%"
FF01,GWN,3,ACCESS,"t=127 [HELLO_TX] bcast battery=100.0%"
FF01,GWN,3,ACCESS,"t=133 [HELLO_TX] bcast battery=100.0%"
FF01,GWN,3,ACCESS,"t=141 [HELLO_TX] bcast battery=100.0%"
FF01,GWN,3,ACCESS,"t=147 [HELLO_TX] bcast battery=100.0%"
FF01,GWN,3,ACCESS,"t=155 [HELLO_TX] bcast battery=100.0%"
FF01,GWN,3,ACCESS,"t=159 [HELLO_TX] bcast battery=100.0%"
FF01,GWN,3,ACCESS,"t=168 [HELLO_TX] bcast battery=100.0%"
FF01,GWN,3,ACCESS,"t=175 [HELLO_TX] bcast battery=100.0%"
FF01,GWN,3,ACCESS,"t=181 [HELLO_TX] bcast battery=100.0%"
FF01,GWN,3,ACCESS,"t=189 [HELLO_TX] bcast battery=100.0%"
FF01,GWN,3,ACCESS,"t=194 [HELLO_TX] bcast battery=100.0%"
FF01,GWN,3,ACCESS,"t=202 [RX] CH_CMD.0 <- AA05"
FF01,GWN,3,ACCESS,"[LOCK][SET] partner=AA05 timeout=4"
FF01,GWN,3,ACCESS,"t=202 [CH_ACK] -> AA05 (sending key)"
FF01,GWN,3,ACCESS,"t=204 [HELLO_TX] bcast battery=100.0%"
FF01,GWN,3,ACCESS,"t=206 [TIMEOUT] Sent CH_REJECT to orphaned AA05"
FF01,GWN,3,ACCESS,"[LOCK][TIMEOUT] partner=AA05"
FF01,GWN,3,ACCESS,"t=207 [RX] CH_CMD.2 <- AA05"
FF01,GWN,3,ACCESS,"[LOCK][CLEAR][CH_SUCCESS] partner=AA05"
FF01,GWN,3,ACCESS,"t=207 [CH_JOINED] AA05 added to children"
FF01,GWN,3,ACCESS,"t=209 [HELLO_TX] bcast battery=100.0%"
FF01,GWN,3,ACCESS,"t=211 [RX] CH_CMD.3 <- AA03"
FF01,GWN,3,ACCESS,"t=212 [RX] CH_CMD.0 <- AA03"
FF01,GWN,3,ACCESS,"[LOCK][SET] partner=AA03 timeout=4"
FF01,GWN,3,ACCESS,"t=212 [CH_ACK] -> AA03 (sending key)"
FF01,GWN,3,ACCESS,"t=216 [TIMEOUT] Sent CH_REJECT to orphaned AA03"
FF01,GWN,3,ACCESS,"[LOCK][TIMEOUT] partner=AA03"
FF01,GWN,3,ACCESS,"t=216 [HELLO_TX] bcast battery=100.0%"
FF01,GWN,3,ACCESS,"t=221 [HELLO_TX] bcast battery=100.0%"
FF01,GWN,3,ACCESS,"t=221 [RX] CH_CMD.2 <- AA03"
FF01,GWN,3,ACCESS,"[LOCK][CLEAR][CH_SUCCESS] partner=AA03"
FF01,GWN,3,ACCESS,"t=221 [CH_JOINED] AA03 added to children"
FF01,GWN,3,ACCESS,"t=225 [HELLO_TX] bcast battery=100.0%"
FF01,GWN,3,ACCESS,"t=235 [HELLO_TX] bcast battery=100.0%"
FF01,GWN,3,ACCESS,"t=244 [HELLO_TX] bcast battery=100.0%"
FF01,GWN,3,UNIFIED,"[BB] t=1 [TX] HB.0 -> <BCAST>"
FF01,GWN,3,UNIFIED,"t=3 [PHY] Neighbor count=1"
FF01,GWN,3,UNIFIED,"t=4 [PHY] Neighbor count=2"
FF01,GWN,3,UNIFIED,"t=4 [PHY] Neighbour count: 2->3"
FF01,GWN,3,UNIFIED,"t=5 [PHY] Neighbor count=3"
FF01,GWN,3,UNIFIED,"[AC] t=5 [HELLO_TX] bcast battery=100.0%"
FF01,GWN,3,UNIFIED,"t=6 [PHY] Neighbor count=4"
FF01,GWN,3,UNIFIED,"t=6 [PHY] Neighbour count: 4->5"
FF01,GWN,3,UNIFIED,"t=7 [PHY] Neighbor count=5"
FF01,GWN,3,UNIFIED,"t=7 [PHY] Neighbour count: 5->6"
FF01,GWN,3,UNIFIED,"t=8 [PHY] Neighbor count=6"
FF01,GWN,3,UNIFIED,"[BB] t=8 [TX] HB.0 -> <BCAST>"
FF01,GWN,3,UNIFIED,"t=9 [PHY] Neighbour count: 6->7"
FF01,GWN,3,UNIFIED,"t=10 [PHY] Neighbor count=7"
FF01,GWN,3,UNIFIED,"t=10 [PHY] Neighbour count: 7->8"
FF01,GWN,3,UNIFIED,"t=11 [PHY] Neighbor count=8"
FF01,GWN,3,UNIFIED,"t=11 [PHY] Neighbour count: 8->9"
FF01,GWN,3,UNIFIED,"t=12 [PHY] Neighbor count=9"
FF01,GWN,3,UNIFIED,"[AC] t=14 [HELLO_TX] bcast battery=100.0%"
FF01,GWN,3,UNIFIED,"t=14 [PHY] Neighbour count: 9->10"
FF01,GWN,3,UNIFIED,"t=15 [PHY] Neighbor count=10"
FF01,GWN,3,UNIFIED,"[BB] t=15 [TX] HB.0 -> <BCAST>"
FF01,GWN,3,UNIFIED,"t=16 [PHY] Neighbour count: 10->11"
FF01,GWN,3,UNIFIED,"t=17 [PHY] Neighbor count=11"
FF01,GWN,3,UNIFIED,"t=20 [PHY] Neighbour count: 11->12"
FF01,GWN,3,UNIFIED,"t=21 [PHY] Neighbor count=12"
FF01,GWN,3,UNIFIED,"t=22 [STATE] BOOT→DISCOVERY (neighbors=12)"
FF01,GWN,3,UNIFIED,"[BB] t=22 [TX] HB.0 -> <BCAST>"
FF01,GWN,3,UNIFIED,"[AC] t=22 [HELLO_TX] bcast battery=100.0%"
FF01,GWN,3,UNIFIED,"t=22 [PHY] Neighbour count: 12->13"
FF01,GWN,3,UNIFIED,"t=23 [PHY] Neighbor count=13"
FF01,GWN,3,UNIFIED,"[BB] t=29 [TX] HB.1 -> <BCAST>"
FF01,GWN,3,UNIFIED,"[AC] t=29 [HELLO_TX] bcast battery=100.0%"
FF01,GWN,3,UNIFIED,"t=30 [PHY] Neighbour count: 13->14"
FF01,GWN,3,UNIFIED,"t=31 [PHY] Neighbor count=14"
FF01,GWN,3,UNIFIED,"t=36 [PHY] Neighbor count=15"
FF01,GWN,3,UNIFIED,"[BB] t=36 [TX] HB.1 -> <BCAST>"
FF01,GWN,3,UNIFIED,"[AC] t=38 [HELLO_TX] bcast battery=100.0%"
FF01,GWN,3,UNIFIED,"[BB] t=43 [TX] HB.1 -> <BCAST>"
FF01,GWN,3,UNIFIED,"[AC] t=43 [HELLO_TX] bcast battery=100.0%"
FF01,GWN,3,UNIFIED,"[AC] t=47 [HELLO_TX] bcast battery=100.0%"
FF01,GWN,3,UNIFIED,"[BB] t=50 [TX] HB.1 -> <BCAST>"
FF01,GWN,3,UNIFIED,"[BB] t=50 [RX] CMD.0 <- FF08 RSSI=0.1"
FF01,GWN,3,UNIFIED,"[BB] t=50 [TX] CMD.1 -> FF08"
FF01,GWN,3,UNIFIED,"[BB] t=50 [TX] CMD.1 -> FF08"
FF01,GWN,3,UNIFIED,"[BB] t=50 [STATE] DISCOVERY -> HANDSHAKE"
FF01,GWN,3,UNIFIED,"[BB] [LOCK][SET] partner=FF08 timeout=6"
FF01,GWN,3,UNIFIED,"[BB] t=50 [HANDSHAKE] Lock set with FF08 (timer=6)"
FF01,GWN,3,UNIFIED,"t=53 [PHY] Neighbour count: 15->16"
FF01,GWN,3,UNIFIED,"t=54 [PHY] Neighbor count=16"
FF01,GWN,3,UNIFIED,"[BB] t=54 [RX] CMD.2 <- FF08 RSSI=0.1"
FF01,GWN,3,UNIFIED,"[BB] [LOCK][REFRESH] partner=FF08 timeout=6"
FF01,GWN,3,UNIFIED,"[BB] [LOCK][SET] partner=FF08 timeout=6"
FF01,GWN,3,UNIFIED,"[BB] t=54 [PARENT] Set parent -> FF08"
FF01,GWN,3,UNIFIED,"[BB] t=55 [RX] CMD.4 <- FF08 RSSI=0.1"
FF01,GWN,3,UNIFIED,"[BB] [LOCK][REFRESH] partner=FF08 timeout=6"
FF01,GWN,3,UNIFIED,"[BB] t=55 [PHASE] Inherited phaseOffset=1 from parent FF08"
FF01,GWN,3,UNIFIED,"[BB] t=55 [ENC_HELLO] TX: gwCh=0; chCh=0; secCh=0; sn=0 (encrypted)"
FF01,GWN,3,UNIFIED,"[BB] t=55 [TX] CMD.5 -> FF08"
FF01,GWN,3,UNIFIED,"[BB] [LOCK][CLEAR][ENC_HELLO_TX] partner=FF08"
FF01,GWN,3,UNIFIED,"[BB] t=55 [HANDSHAKE] Lock cleared (was with FF08)"
FF01,GWN,3,UNIFIED,"t=55 [PHY] Neighbour count: 16->17"
FF01,GWN,3,UNIFIED,"t=56 [PHY] Neighbor count=17"
FF01,GWN,3,UNIFIED,"[AC] t=56 [HELLO_TX] bcast battery=100.0%"
FF01,GWN,3,UNIFIED,"t=59 [RECRUIT] INIT(1/4) -> FF0B"
FF01,GWN,3,UNIFIED,"[BB] [LOCK][SET] partner=FF0B timeout=6"
FF01,GWN,3,UNIFIED,"[BB] t=59 [HANDSHAKE] Lock set with FF0B (timer=6)"
FF01,GWN,3,UNIFIED,"[BB] [LOCK][SET] partner=FF0B timeout=6"
FF01,GWN,3,UNIFIED,"[BB] t=59 [TX] CMD.0 -> FF0B"
FF01,GWN,3,UNIFIED,"[BB] t=61 [RX] CMD.1 <- FF0B RSSI=0.3"
FF01,GWN,3,UNIFIED,"[BB] [LOCK][REFRESH] partner=FF0B timeout=6"
FF01,GWN,3,UNIFIED,"[BB] t=61 [TX] CMD.2 -> FF0B"
FF01,GWN,3,UNIFIED,"[BB] [LOCK][REFRESH] partner=FF0B timeout=6"
FF01,GWN,3,UNIFIED,"[BB] t=61 [HANDSHAKE] FF0B added to pendingChildren (awaiting ENC_HELLO)"
FF01,GWN,3,UNIFIED,"[BB] t=61 [TX] CMD.4 -> FF0B"
FF01,GWN,3,UNIFIED,"[BB] t=61 [PHASE] Sending phaseOffset=0 to child FF0B (self=1)"
FF01,GWN,3,UNIFIED,"[BB] [LOCK][REFRESH] partner=FF0B timeout=6"
FF01,GWN,3,UNIFIED,"[BB] [LOCK][SET] partner=FF0B timeout=6"
FF01,GWN,3,UNIFIED,"[BB] t=65 [ENC_HELLO] TX: gwCh=0; chCh=0; secCh=0; sn=0 (encrypted)"
FF01,GWN,3,UNIFIED,"[BB] t=65 [ENC_HELLO] Retry 1/3 sent (next at t=85)"
FF01,GWN,3,UNIFIED,"[AC] t=65 [HELLO_TX] bcast battery=100.0%"
FF01,GWN,3,UNIFIED,"[BB] t=66 [RX] CMD.5 <- FF0B RSSI=0.3"
FF01,GWN,3,UNIFIED,"[BB] t=66 [HANDSHAKE] FF0B promoted to children (ENC_HELLO received)"
FF01,GWN,3,UNIFIED,"[BB] [LOCK][CLEAR][ENC_HELLO_RX] partner=FF0B"
FF01,GWN,3,UNIFIED,"[BB] t=66 [TX] CMD.5 -> FF08"
FF01,GWN,3,UNIFIED,"[BB] t=66 [HANDSHAKE] Lock cleared (was with FF0B)"
FF01,GWN,3,UNIFIED,"[BB] t=66 [RETRY] Reset retry state for FF0B (now child)"
FF01,GWN,3,UNIFIED,"[BB] t=66 [STATE] HANDSHAKE -> SECURE"
FF01,GWN,3,UNIFIED,"[BB] t=71 [TX] HB.3 -> FF00"
FF01,GWN,3,UNIFIED,"[AC] t=72 [HELLO_TX] bcast battery=100.0%"
FF01,GWN,3,UNIFIED,"[BB] t=74 [RX_FWD] Encrypted CMD.5 from Child FF0B -> Queue for Parent FF08"
FF01,GWN,3,UNIFIED,"[BB] t=74 [Q_FWD] Queued CMD.5 (size=1/15)"
FF01,GWN,3,UNIFIED,"[BB] t=77 [RX_FWD] Encrypted CMD.5 from Child FF0B -> Queue for Parent FF08"
FF01,GWN,3,UNIFIED,"[BB] t=77 [Q_FWD] Queued CMD.5 (size=2/15)"
FF01,GWN,3,UNIFIED,"[AC] t=80 [HELLO_TX] bcast battery=100.0%"
FF01,GWN,3,UNIFIED,"[BB] t=80 [RX_FWD] Encrypted HB.3 from Child FF0B -> Queue for Parent FF08"
FF01,GWN,3,UNIFIED,"[BB] t=80 [Q_FWD] Queued HB.3 (size=3/15)"
FF01,GWN,3,UNIFIED,"[BB] t=85 [ENC_HELLO] TX: gwCh=1; chCh=0; secCh=0; sn=0 (encrypted)"
FF01,GWN,3,UNIFIED,"[BB] t=85 [ENC_HELLO] Retry 2/3 sent (next at t=125)"
FF01,GWN,3,UNIFIED,"[AC] t=86 [HELLO_TX] bcast battery=100.0%"
FF01,GWN,3,UNIFIED,"[BB] t=94 [RX_FWD] Encrypted CMD.5 from Child FF0B -> Queue for Parent FF08"
FF01,GWN,3,UNIFIED,"[BB] t=94 [Q_FWD] Queued CMD.5 (size=4/15)"
FF01,GWN,3,UNIFIED,"[AC] t=95 [HELLO_TX] bcast battery=100.0%"
FF01,GWN,3,UNIFIED,"[BB] t=96 [RX] CMD.0 <- FF06 RSSI=0.0"
FF01,GWN,3,UNIFIED,"[BB] t=96 [TX] CMD.3 -> FF06"
FF01,GWN,3,UNIFIED,"t=96 [REJ_PARENT] → FF06"
FF01,GWN,3,UNIFIED,"[AC] t=105 [HELLO_TX] bcast battery=100.0%"
FF01,GWN,3,UNIFIED,"[AC] t=115 [HELLO_TX] bcast battery=100.0%"
FF01,GWN,3,UNIFIED,"[AC] t=120 [HELLO_TX] bcast battery=100.0%"
FF01,GWN,3,UNIFIED,"[BB] t=125 [ENC_HELLO] TX: gwCh=1; chCh=0; secCh=0; sn=0 (encrypted)"
FF01,GWN,3,UNIFIED,"[BB] t=125 [ENC_HELLO] Retry 3/3 sent (next at t=205)"
FF01,GWN,3,UNIFIED,"[AC] t=127 [HELLO_TX] bcast battery=100.0%"
FF01,GWN,3,UNIFIED,"[AC] t=133 [HELLO_TX] bcast battery=100.0%"
FF01,GWN,3,UNIFIED,"[BB] t=134 [RX_FWD] Encrypted CMD.5 from Child FF0B -> Queue for Parent FF08"
FF01,GWN,3,UNIFIED,"[BB] t=134 [Q_FWD] Queued CMD.5 (size=5/15)"
FF01,GWN,3,UNIFIED,"[AC] t=141 [HELLO_TX] bcast battery=100.0%"
FF01,GWN,3,UNIFIED,"[AC] t=147 [HELLO_TX] bcast battery=100.0%"
FF01,GWN,3,UNIFIED,"[AC] t=155 [HELLO_TX] bcast battery=100.0%"
FF01,GWN,3,UNIFIED,"[AC] t=159 [HELLO_TX] bcast battery=100.0%"
FF01,GWN,3,UNIFIED,"[AC] t=168 [HELLO_TX] bcast battery=100.0%"
FF01,GWN,3,UNIFIED,"[AC] t=175 [HELLO_TX] bcast battery=100.0%"
FF01,GWN,3,UNIFIED,"[AC] t=181 [HELLO_TX] bcast battery=100.0%"
FF01,GWN,3,UNIFIED,"[AC] t=189 [HELLO_TX] bcast battery=100.0%"
FF01,GWN,3,UNIFIED,"[AC] t=194 [HELLO_TX] bcast battery=100.0%"
FF01,GWN,3,UNIFIED,"[BB] t=200 [PHASE_RX] Listening (Q_fwd=5; Q_local=0)"
FF01,GWN,3,UNIFIED,"[BB] t=201 [DEQUEUE] From Q_fwd (waited 127 TFs)"
FF01,GWN,3,UNIFIED,"[BB] t=201 [PHASE_TX] Sent CMD.5 -> FF08 (Q_fwd=4; Q_local=0)"
FF01,GWN,3,UNIFIED,"[BB] t=202 [DEQUEUE] From Q_fwd (waited 125 TFs)"
FF01,GWN,3,UNIFIED,"[BB] t=202 [PHASE_TX] Sent CMD.5 -> FF08 (Q_fwd=3; Q_local=0)"
FF01,GWN,3,UNIFIED,"[AC] t=202 [RX] CH_CMD.0 <- AA05"
FF01,GWN,3,UNIFIED,"[AC] [LOCK][SET] partner=AA05 timeout=4"
FF01,GWN,3,UNIFIED,"[AC] t=202 [CH_ACK] -> AA05 (sending key)"
FF01,GWN,3,UNIFIED,"[BB] t=203 [DEQUEUE] From Q_fwd (waited 123 TFs)"
FF01,GWN,3,UNIFIED,"[BB] t=203 [PHASE_TX] Sent HB.3 -> FF08 (Q_fwd=2; Q_local=0)"
FF01,GWN,3,UNIFIED,"[BB] t=204 [PHASE_RX] Listening (Q_fwd=2; Q_local=0)"
FF01,GWN,3,UNIFIED,"[AC] t=204 [HELLO_TX] bcast battery=100.0%"
FF01,GWN,3,UNIFIED,"[BB] t=204 [RX_FWD] Encrypted CMD.5 from Child FF0B -> Queue for Parent FF08"
FF01,GWN,3,UNIFIED,"[BB] t=204 [Q_FWD] Queued CMD.5 (size=3/15)"
FF01,GWN,3,UNIFIED,"[BB] t=205 [ENC_HELLO] TX: gwCh=1; chCh=0; secCh=0; sn=0 (encrypted)"
FF01,GWN,3,UNIFIED,"[BB] t=205 [ENC_HELLO] Registry refresh #1 sent (next at t=285)"
FF01,GWN,3,UNIFIED,"[BB] t=205 [PHASE_RX] Listening (Q_fwd=3; Q_local=0)"
FF01,GWN,3,UNIFIED,"[BB] t=205 [RX_FWD] Encrypted CMD.5 from Child FF0B -> Queue for Parent FF08"
FF01,GWN,3,UNIFIED,"[BB] t=205 [Q_FWD] Queued CMD.5 (size=4/15)"
FF01,GWN,3,UNIFIED,"[AC] t=206 [TIMEOUT] Sent CH_REJECT to orphaned AA05"
FF01,GWN,3,UNIFIED,"[AC] [LOCK][TIMEOUT] partner=AA05"
FF01,GWN,3,UNIFIED,"[BB] t=206 [PHASE_RX] Listening (Q_fwd=4; Q_local=0)"
FF01,GWN,3,UNIFIED,"[BB] t=206 [RX_FWD] Encrypted CMD.5 from Child FF0B -> Queue for Parent FF08"
FF01,GWN,3,UNIFIED,"[BB] t=206 [Q_FWD] Queued CMD.5 (size=5/15)"
FF01,GWN,3,UNIFIED,"[BB] t=207 [DEQUEUE] From Q_fwd (waited 113 TFs)"
FF01,GWN,3,UNIFIED,"[BB] t=207 [PHASE_TX] Sent CMD.5 -> FF08 (Q_fwd=4; Q_local=0)"
FF01,GWN,3,UNIFIED,"[AC] t=207 [RX] CH_CMD.2 <- AA05"
FF01,GWN,3,UNIFIED,"[AC] [LOCK][CLEAR][CH_SUCCESS] partner=AA05"
FF01,GWN,3,UNIFIED,"[AC] t=207 [CH_JOINED] AA05 added to children"
FF01,GWN,3,UNIFIED,"[BB] t=207 [Q_LOCAL] Queued CH_HELLO.1 (size=1/15)"
FF01,GWN,3,UNIFIED,"[BB] t=208 [DEQUEUE] From Q_fwd (waited 74 TFs)"
FF01,GWN,3,UNIFIED,"[BB] t=208 [PHASE_TX] Sent CMD.5 -> FF08 (Q_fwd=3; Q_local=1)"
FF01,GWN,3,UNIFIED,"[BB] t=209 [DEQUEUE] From Q_fwd (waited 5 TFs)"
FF01,GWN,3,UNIFIED,"[BB] t=209 [PHASE_TX] Sent CMD.5 -> FF08 (Q_fwd=2; Q_local=1)"
FF01,GWN,3,UNIFIED,"[AC] t=209 [HELLO_TX] bcast battery=100.0%"
FF01,GWN,3,UNIFIED,"[BB] t=210 [PHASE_RX] Listening (Q_fwd=2; Q_local=1)"
FF01,GWN,3,UNIFIED,"[BB] t=210 [RX_FWD] Encrypted CMD.5 from Child FF0B -> Queue for Parent FF08"
FF01,GWN,3,UNIFIED,"[BB] t=210 [Q_FWD] Queued CMD.5 (size=3/15)"
FF01,GWN,3,UNIFIED,"[BB] t=211 [PHASE_RX] Listening (Q_fwd=3; Q_local=1)"
FF01,GWN,3,UNIFIED,"[BB] t=211 [RX_FWD] Encrypted CMD.5 from Child FF0B -> Queue for Parent FF08"
FF01,GWN,3,UNIFIED,"[BB] t=211 [Q_FWD] Queued CMD.5 (size=4/15)"
FF01,GWN,3,UNIFIED,"[AC] t=211 [RX] CH_CMD.3 <- AA03"
FF01,GWN,3,UNIFIED,"[BB] t=212 [PHASE_RX] Listening (Q_fwd=4; Q_local=1)"
FF01,GWN,3,UNIFIED,"[AC] t=212 [RX] CH_CMD.0 <- AA03"
FF01,GWN,3,UNIFIED,"[AC] [LOCK][SET] partner=AA03 timeout=4"
FF01,GWN,3,UNIFIED,"[AC] t=212 [CH_ACK] -> AA03 (sending key)"
FF01,GWN,3,UNIFIED,"[BB] t=213 [DEQUEUE] From Q_fwd (waited 8 TFs)"
FF01,GWN,3,UNIFIED,"[BB] t=213 [PHASE_TX] Sent CMD.5 -> FF08 (Q_fwd=3; Q_local=1)"
FF01,GWN,3,UNIFIED,"[BB] t=214 [DEQUEUE] From Q_fwd (waited 8 TFs)"
FF01,GWN,3,UNIFIED,"[BB] t=214 [PHASE_TX] Sent CMD.5 -> FF08 (Q_fwd=2; Q_local=1)"
FF01,GWN,3,UNIFIED,"[BB] t=214 [RX_FWD] Encrypted CMD.5 from Child FF0B -> Queue for Parent FF08"
FF01,GWN,3,UNIFIED,"[BB] t=214 [Q_FWD] Queued CMD.5 (size=3/15)"
FF01,GWN,3,UNIFIED,"[BB] t=215 [DEQUEUE] From Q_fwd (waited 5 TFs)"
FF01,GWN,3,UNIFIED,"[BB] t=215 [PHASE_TX] Sent CMD.5 -> FF08 (Q_fwd=2; Q_local=1)"
FF01,GWN,3,UNIFIED,"[AC] t=216 [TIMEOUT] Sent CH_REJECT to orphaned AA03"
FF01,GWN,3,UNIFIED,"[AC] [LOCK][TIMEOUT] partner=AA03"
FF01,GWN,3,UNIFIED,"[BB] t=216 [PHASE_RX] Listening (Q_fwd=2; Q_local=1)"
FF01,GWN,3,UNIFIED,"[AC] t=216 [HELLO_TX] bcast battery=100.0%"
FF01,GWN,3,UNIFIED,"[BB] t=217 [PHASE_RX] Listening (Q_fwd=2; Q_local=1)"
FF01,GWN,3,UNIFIED,"[BB] t=218 [PHASE_RX] Listening (Q_fwd=2; Q_local=1)"
FF01,GWN,3,UNIFIED,"[BB] t=219 [DEQUEUE] From Q_fwd (waited 8 TFs)"
FF01,GWN,3,UNIFIED,"[BB] t=219 [PHASE_TX] Sent CMD.5 -> FF08 (Q_fwd=1; Q_local=1)"
FF01,GWN,3,UNIFIED,"[BB] t=220 [DEQUEUE] From Q_fwd (waited 6 TFs)"
FF01,GWN,3,UNIFIED,"[BB] t=220 [PHASE_TX] Sent CMD.5 -> FF08 (Q_fwd=0; Q_local=1)"
FF01,GWN,3,UNIFIED,"[BB] t=221 [DEQUEUE] From Q_local (waited 14 TFs)"
FF01,GWN,3,UNIFIED,"[BB] t=221 [PHASE_TX] Sent CH_HELLO.1 -> FF08 (Q_fwd=0; Q_local=0)"
FF01,GWN,3,UNIFIED,"[AC] t=221 [HELLO_TX] bcast battery=100.0%"
FF01,GWN,3,UNIFIED,"[AC] t=221 [RX] CH_CMD.2 <- AA03"
FF01,GWN,3,UNIFIED,"[AC] [LOCK][CLEAR][CH_SUCCESS] partner=AA03"
FF01,GWN,3,UNIFIED,"[AC] t=221 [CH_JOINED] AA03 added to children"
FF01,GWN,3,UNIFIED,"[BB] t=221 [Q_LOCAL] Queued CH_HELLO.1 (size=1/15)"
FF01,GWN,3,UNIFIED,"[BB] t=222 [PHASE_RX] Listening (Q_fwd=0; Q_local=1)"
FF01,GWN,3,UNIFIED,"[BB] t=223 [PHASE_RX] Listening (Q_fwd=0; Q_local=1)"
FF01,GWN,3,UNIFIED,"[BB] t=224 [PHASE_RX] Listening (Q_fwd=0; Q_local=1)"
FF01,GWN,3,UNIFIED,"[BB] t=224 [RX_FWD] Encrypted CMD.5 from Child FF0B -> Queue for Parent FF08"
FF01,GWN,3,UNIFIED,"[BB] t=224 [Q_FWD] Queued CMD.5 (size=1/15)"
FF01,GWN,3,UNIFIED,"[BB] t=225 [DEQUEUE] From Q_fwd (waited 1 TFs)"
FF01,GWN,3,UNIFIED,"[BB] t=225 [PHASE_TX] Sent CMD.5 -> FF08 (Q_fwd=0; Q_local=1)"
FF01,GWN,3,UNIFIED,"[AC] t=225 [HELLO_TX] bcast battery=100.0%"
FF01,GWN,3,UNIFIED,"[BB] t=226 [DEQUEUE] From Q_local (waited 5 TFs)"
FF01,GWN,3,UNIFIED,"[BB] t=226 [PHASE_TX] Sent CH_HELLO.1 -> FF08 (Q_fwd=0; Q_local=0)"
FF01,GWN,3,UNIFIED,"[BB] t=227 [PHASE_TX] IDLE (queues empty)"
FF01,GWN,3,UNIFIED,"[BB] t=228 [PHASE_RX] Listening (Q_fwd=0; Q_local=0)"
FF01,GWN,3,UNIFIED,"[BB] t=229 [PHASE_RX] Listening (Q_fwd=0; Q_local=0)"
FF01,GWN,3,UNIFIED,"[BB] t=230 [PHASE_RX] Listening (Q_fwd=0; Q_local=0)"
FF01,GWN,3,UNIFIED,"[BB] t=231 [PHASE_TX] IDLE (queues empty)"
FF01,GWN,3,UNIFIED,"[BB] t=232 [PHASE_TX] IDLE (queues empty)"
FF01,GWN,3,UNIFIED,"[BB] t=233 [PHASE_TX] IDLE (queues empty)"
FF01,GWN,3,UNIFIED,"[BB] t=234 [PHASE_RX] Listening (Q_fwd=0; Q_local=0)"
FF01,GWN,3,UNIFIED,"[BB] t=234 [RX_FWD] Encrypted CH_HELLO.1 from Child FF0B -> Queue for Parent FF08"
FF01,GWN,3,UNIFIED,"[BB] t=234 [Q_FWD] Queued CH_HELLO.1 (size=1/15)"
FF01,GWN,3,UNIFIED,"[BB] t=235 [PHASE_RX] Listening (Q_fwd=1; Q_local=0)"
FF01,GWN,3,UNIFIED,"[AC] t=235 [HELLO_TX] bcast battery=100.0%"
FF01,GWN,3,UNIFIED,"[BB] t=235 [RX_FWD] Encrypted CMD.5 from Child FF0B -> Queue for Parent FF08"
FF01,GWN,3,UNIFIED,"[BB] t=235 [Q_FWD] Queued CMD.5 (size=2/15)"
FF01,GWN,3,UNIFIED,"[BB] t=236 [PHASE_RX] Listening (Q_fwd=2; Q_local=0)"
FF01,GWN,3,UNIFIED,"[BB] t=236 [RX_FWD] Encrypted CH_HELLO.1 from Child FF0B -> Queue for Parent FF08"
FF01,GWN,3,UNIFIED,"[BB] t=236 [Q_FWD] Queued CH_HELLO.1 (size=3/15)"
FF01,GWN,3,UNIFIED,"[BB] t=237 [DEQUEUE] From Q_fwd (waited 3 TFs)"
FF01,GWN,3,UNIFIED,"[BB] t=237 [PHASE_TX] Sent CH_HELLO.1 -> FF08 (Q_fwd=2; Q_local=0)"
FF01,GWN,3,UNIFIED,"[BB] t=238 [DEQUEUE] From Q_fwd (waited 3 TFs)"
FF01,GWN,3,UNIFIED,"[BB] t=238 [PHASE_TX] Sent CMD.5 -> FF08 (Q_fwd=1; Q_local=0)"
FF01,GWN,3,UNIFIED,"[BB] t=239 [DEQUEUE] From Q_fwd (waited 3 TFs)"
FF01,GWN,3,UNIFIED,"[BB] t=239 [PHASE_TX] Sent CH_HELLO.1 -> FF08 (Q_fwd=0; Q_local=0)"
FF01,GWN,3,UNIFIED,"[BB] t=240 [PHASE_RX] Listening (Q_fwd=0; Q_local=0)"
FF01,GWN,3,UNIFIED,"[BB] t=241 [PHASE_RX] Listening (Q_fwd=0; Q_local=0)"
FF01,GWN,3,UNIFIED,"[BB] t=242 [PHASE_RX] Listening (Q_fwd=0; Q_local=0)"
FF01,GWN,3,UNIFIED,"[BB] t=243 [PHASE_TX] IDLE (queues empty)"
FF01,GWN,3,UNIFIED,"[BB] t=244 [PHASE_TX] IDLE (queues empty)"
FF01,GWN,3,UNIFIED,"[AC] t=244 [HELLO_TX] bcast battery=100.0%"
FF01,GWN,3,UNIFIED,"[BB] t=245 [PHASE_TX] IDLE (queues empty)"
FF01,GWN,3,UNIFIED,"[BB] t=246 [PHASE_RX] Listening (Q_fwd=0; Q_local=0)"
FF01,GWN,3,UNIFIED,"[BB] t=247 [PHASE_RX] Listening (Q_fwd=0; Q_local=0)"
FF01,GWN,3,UNIFIED,"[BB] t=248 [PHASE_RX] Listening (Q_fwd=0; Q_local=0)"
FF01,GWN,3,UNIFIED,"[BB] t=249 [PHASE_TX] IDLE (queues empty)"
FF02,GWN,3,BACKBONE,"t=4 [TX] HB.0 -> <BCAST>"
FF02,GWN,3,BACKBONE,"t=6 [PHY] Neighbour count: 4->5"
FF02,GWN,3,BACKBONE,"t=7 [PHY] Neighbour count: 5->6"
FF02,GWN,3,BACKBONE,"t=8 [PHY] Neighbour count: 6->7"
FF02,GWN,3,BACKBONE,"t=11 [TX] HB.0 -> <BCAST>"
FF02,GWN,3,BACKBONE,"t=14 [PHY] Neighbour count: 7->8"
FF02,GWN,3,BACKBONE,"t=15 [PHY] Neighbour count: 8->9"
FF02,GWN,3,BACKBONE,"t=18 [TX] HB.0 -> <BCAST>"
FF02,GWN,3,BACKBONE,"t=18 [PHY] Neighbour count: 9->10"
FF02,GWN,3,BACKBONE,"t=20 [PHY] Neighbour count: 10->11"
FF02,GWN,3,BACKBONE,"t=25 [TX] HB.1 -> <BCAST>"
FF02,GWN,3,BACKBONE,"t=28 [PHY] Neighbour count: 11->12"
FF02,GWN,3,BACKBONE,"t=32 [TX] HB.1 -> <BCAST>"
FF02,GWN,3,BACKBONE,"t=39 [TX] HB.1 -> <BCAST>"
FF02,GWN,3,BACKBONE,"t=46 [TX] HB.1 -> <BCAST>"
FF02,GWN,3,BACKBONE,"t=53 [TX] HB.1 -> <BCAST>"
FF02,GWN,3,BACKBONE,"t=55 [PHY] Neighbour count: 12->13"
FF02,GWN,3,BACKBONE,"t=60 [TX] HB.1 -> <BCAST>"
FF02,GWN,3,BACKBONE,"t=67 [TX] HB.1 -> <BCAST>"
FF02,GWN,3,BACKBONE,"t=68 [RX] CMD.0 <- FF0B RSSI=0.2"
FF02,GWN,3,BACKBONE,"t=68 [TX] CMD.1 -> FF0B"
FF02,GWN,3,BACKBONE,"t=68 [TX] CMD.1 -> FF0B"
FF02,GWN,3,BACKBONE,"t=68 [STATE] DISCOVERY -> HANDSHAKE"
FF02,GWN,3,BACKBONE,"[LOCK][SET] partner=FF0B timeout=6"
FF02,GWN,3,BACKBONE,"t=68 [HANDSHAKE] Lock set with FF0B (timer=6)"
FF02,GWN,3,BACKBONE,"t=72 [RX] CMD.2 <- FF0B RSSI=0.2"
FF02,GWN,3,BACKBONE,"[LOCK][REFRESH] partner=FF0B timeout=6"
FF02,GWN,3,BACKBONE,"[LOCK][SET] partner=FF0B timeout=6"
FF02,GWN,3,BACKBONE,"t=72 [PARENT] Set parent -> FF0B"
FF02,GWN,3,BACKBONE,"t=73 [RX] CMD.4 <- FF0B RSSI=0.2"
FF02,GWN,3,BACKBONE,"[LOCK][REFRESH] partner=FF0B timeout=6"
FF02,GWN,3,BACKBONE,"t=73 [PHASE] Inherited phaseOffset=1 from parent FF0B"
FF02,GWN,3,BACKBONE,"t=73 [ENC_HELLO] TX: gwCh=0; chCh=0; secCh=0; sn=0 (encrypted)"
FF02,GWN,3,BACKBONE,"t=73 [TX] CMD.5 -> FF0B"
FF02,GWN,3,BACKBONE,"[LOCK][CLEAR][ENC_HELLO_TX] partner=FF0B"
FF02,GWN,3,BACKBONE,"t=73 [HANDSHAKE] Lock cleared (was with FF0B)"
FF02,GWN,3,BACKBONE,"[LOCK][SET] partner=FF06 timeout=6"
FF02,GWN,3,BACKBONE,"t=77 [HANDSHAKE] Lock set with FF06 (timer=6)"
FF02,GWN,3,BACKBONE,"[LOCK][SET] partner=FF06 timeout=6"
FF02,GWN,3,BACKBONE,"t=77 [TX] CMD.0 -> FF06"
FF02,GWN,3,BACKBONE,"t=79 [RX] CMD.1 <- FF06 RSSI=0.2"
FF02,GWN,3,BACKBONE,"[LOCK][REFRESH] partner=FF06 timeout=6"
FF02,GWN,3,BACKBONE,"t=79 [TX] CMD.2 -> FF06"
FF02,GWN,3,BACKBONE,"[LOCK][REFRESH] partner=FF06 timeout=6"
FF02,GWN,3,BACKBONE,"t=79 [HANDSHAKE] FF06 added to pendingChildren (awaiting ENC_HELLO)"
FF02,GWN,3,BACKBONE,"t=79 [TX] CMD.4 -> FF06"
FF02,GWN,3,BACKBONE,"t=79 [PHASE] Sending phaseOffset=0 to child FF06 (self=1)"
FF02,GWN,3,BACKBONE,"[LOCK][REFRESH] partner=FF06 timeout=6"
FF02,GWN,3,BACKBONE,"[LOCK][SET] partner=FF06 timeout=6"
FF02,GWN,3,BACKBONE,"t=83 [ENC_HELLO] TX: gwCh=0; chCh=0; secCh=0; sn=0 (encrypted)"
FF02,GWN,3,BACKBONE,"t=83 [ENC_HELLO] Retry 1/3 sent (next at t=103)"
FF02,GWN,3,BACKBONE,"t=84 [RX] CMD.5 <- FF06 RSSI=0.2"
FF02,GWN,3,BACKBONE,"t=84 [HANDSHAKE] FF06 promoted to children (ENC_HELLO received)"
FF02,GWN,3,BACKBONE,"[LOCK][CLEAR][ENC_HELLO_RX] partner=FF06"
FF02,GWN,3,BACKBONE,"t=84 [TX] CMD.5 -> FF0B"
FF02,GWN,3,BACKBONE,"t=84 [HANDSHAKE] Lock cleared (was with FF06)"
FF02,GWN,3,BACKBONE,"t=84 [RETRY] Reset retry state for FF06 (now child)"
FF02,GWN,3,BACKBONE,"t=84 [STATE] HANDSHAKE -> SECURE"
FF02,GWN,3,BACKBONE,"t=92 [RX_FWD] Encrypted CMD.5 from Child FF06 -> Queue for Parent FF0B"
FF02,GWN,3,BACKBONE,"t=92 [Q_FWD] Queued CMD.5 (size=1/15)"
FF02,GWN,3,BACKBONE,"t=94 [RX] CMD.0 <- FF04 RSSI=0.1"
FF02,GWN,3,BACKBONE,"t=94 [TX] CMD.3 -> FF04"
FF02,GWN,3,BACKBONE,"t=103 [ENC_HELLO] TX: gwCh=1; chCh=0; secCh=0; sn=0 (encrypted)"
FF02,GWN,3,BACKBONE,"t=103 [ENC_HELLO] Retry 2/3 sent (next at t=143)"
FF02,GWN,3,BACKBONE,"t=109 [PHY] Neighbour count: 14->15"
FF02,GWN,3,BACKBONE,"t=112 [RX_FWD] Encrypted CMD.5 from Child FF06 -> Queue for Parent FF0B"
FF02,GWN,3,BACKBONE,"t=112 [Q_FWD] Queued CMD.5 (size=2/15)"
FF02,GWN,3,BACKBONE,"t=137 [PHY] Neighbour count: 15->16"
FF02,GWN,3,BACKBONE,"t=143 [ENC_HELLO] TX: gwCh=1; chCh=0; secCh=0; sn=0 (encrypted)"
FF02,GWN,3,BACKBONE,"t=143 [ENC_HELLO] Retry 3/3 sent (next at t=223)"
FF02,GWN,3,BACKBONE,"t=152 [RX_FWD] Encrypted CMD.5 from Child FF06 -> Queue for Parent FF0B"
FF02,GWN,3,BACKBONE,"t=152 [Q_FWD] Queued CMD.5 (size=3/15)"
FF02,GWN,3,BACKBONE,"t=200 [PHASE_RX] Listening (Q_fwd=3; Q_local=0)"
FF02,GWN,3,BACKBONE,"t=201 [DEQUEUE] From Q_fwd (waited 109 TFs)"
FF02,GWN,3,BACKBONE,"t=201 [PHASE_TX] Sent CMD.5 -> FF0B (Q_fwd=2; Q_local=0)"
FF02,GWN,3,BACKBONE,"t=202 [DEQUEUE] From Q_fwd (waited 90 TFs)"
FF02,GWN,3,BACKBONE,"t=202 [PHASE_TX] Sent CMD.5 -> FF0B (Q_fwd=1; Q_local=0)"
FF02,GWN,3,BACKBONE,"t=203 [DEQUEUE] From Q_fwd (waited 51 TFs)"
FF02,GWN,3,BACKBONE,"t=203 [PHASE_TX] Sent CMD.5 -> FF0B (Q_fwd=0; Q_local=0)"
FF02,GWN,3,BACKBONE,"t=204 [PHASE_RX] Listening (Q_fwd=0; Q_local=0)"
FF02,GWN,3,BACKBONE,"t=205 [PHASE_RX] Listening (Q_fwd=0; Q_local=0)"
FF02,GWN,3,BACKBONE,"t=206 [PHASE_RX] Listening (Q_fwd=0; Q_local=0)"
FF02,GWN,3,BACKBONE,"t=207 [PHASE_TX] IDLE (queues empty)"
FF02,GWN,3,BACKBONE,"t=208 [PHASE_TX] IDLE (queues empty)"
FF02,GWN,3,BACKBONE,"t=209 [PHASE_TX] IDLE (queues empty)"
FF02,GWN,3,BACKBONE,"t=210 [PHASE_RX] Listening (Q_fwd=0; Q_local=0)"
FF02,GWN,3,BACKBONE,"t=211 [PHASE_RX] Listening (Q_fwd=0; Q_local=0)"
FF02,GWN,3,BACKBONE,"t=212 [PHASE_RX] Listening (Q_fwd=0; Q_local=0)"
FF02,GWN,3,BACKBONE,"t=213 [PHASE_TX] IDLE (queues empty)"
FF02,GWN,3,BACKBONE,"t=214 [PHASE_TX] IDLE (queues empty)"
FF02,GWN,3,BACKBONE,"t=215 [PHASE_TX] IDLE (queues empty)"
FF02,GWN,3,BACKBONE,"t=216 [PHASE_RX] Listening (Q_fwd=0; Q_local=0)"
FF02,GWN,3,BACKBONE,"t=217 [PHASE_RX] Listening (Q_fwd=0; Q_local=0)"
FF02,GWN,3,BACKBONE,"t=218 [PHASE_RX] Listening (Q_fwd=0; Q_local=0)"
FF02,GWN,3,BACKBONE,"t=219 [PHASE_TX] IDLE (queues empty)"
FF02,GWN,3,BACKBONE,"t=220 [PHASE_TX] IDLE (queues empty)"
FF02,GWN,3,BACKBONE,"t=221 [PHASE_TX] IDLE (queues empty)"
FF02,GWN,3,BACKBONE,"t=222 [PHASE_RX] Listening (Q_fwd=0; Q_local=0)"
FF02,GWN,3,BACKBONE,"t=223 [ENC_HELLO] TX: gwCh=1; chCh=0; secCh=0; sn=0 (encrypted)"
FF02,GWN,3,BACKBONE,"t=223 [ENC_HELLO] Registry refresh #1 sent (next at t=303)"
FF02,GWN,3,BACKBONE,"t=223 [PHASE_RX] Listening (Q_fwd=0; Q_local=0)"
FF02,GWN,3,BACKBONE,"t=224 [PHASE_RX] Listening (Q_fwd=0; Q_local=0)"
FF02,GWN,3,BACKBONE,"t=225 [PHASE_TX] IDLE (queues empty)"
FF02,GWN,3,BACKBONE,"t=226 [PHASE_TX] IDLE (queues empty)"
FF02,GWN,3,BACKBONE,"t=227 [PHASE_TX] IDLE (queues empty)"
FF02,GWN,3,BACKBONE,"t=228 [PHASE_RX] Listening (Q_fwd=0; Q_local=0)"
FF02,GWN,3,BACKBONE,"t=228 [RX_FWD] Encrypted CH_HELLO.1 from Child FF06 -> Queue for Parent FF0B"
FF02,GWN,3,BACKBONE,"t=228 [Q_FWD] Queued CH_HELLO.1 (size=1/15)"
FF02,GWN,3,BACKBONE,"t=229 [PHASE_RX] Listening (Q_fwd=1; Q_local=0)"
FF02,GWN,3,BACKBONE,"t=230 [PHASE_RX] Listening (Q_fwd=1; Q_local=0)"
FF02,GWN,3,BACKBONE,"t=231 [DEQUEUE] From Q_fwd (waited 3 TFs)"
FF02,GWN,3,BACKBONE,"t=231 [PHASE_TX] Sent CH_HELLO.1 -> FF0B (Q_fwd=0; Q_local=0)"
FF02,GWN,3,BACKBONE,"t=232 [PHASE_TX] IDLE (queues empty)"
FF02,GWN,3,BACKBONE,"t=232 [RX_FWD] Encrypted CMD.5 from Child FF06 -> Queue for Parent FF0B"
FF02,GWN,3,BACKBONE,"t=232 [Q_FWD] Queued CMD.5 (size=1/15)"
FF02,GWN,3,BACKBONE,"t=233 [DEQUEUE] From Q_fwd (waited 1 TFs)"
FF02,GWN,3,BACKBONE,"t=233 [PHASE_TX] Sent CMD.5 -> FF0B (Q_fwd=0; Q_local=0)"
FF02,GWN,3,BACKBONE,"t=234 [PHASE_RX] Listening (Q_fwd=0; Q_local=0)"
FF02,GWN,3,BACKBONE,"t=235 [PHASE_RX] Listening (Q_fwd=0; Q_local=0)"
FF02,GWN,3,BACKBONE,"t=236 [PHASE_RX] Listening (Q_fwd=0; Q_local=0)"
FF02,GWN,3,BACKBONE,"t=237 [PHASE_TX] IDLE (queues empty)"
FF02,GWN,3,BACKBONE,"t=238 [PHASE_TX] IDLE (queues empty)"
FF02,GWN,3,BACKBONE,"t=239 [PHASE_TX] IDLE (queues empty)"
FF02,GWN,3,BACKBONE,"t=240 [PHASE_RX] Listening (Q_fwd=0; Q_local=0)"
FF02,GWN,3,BACKBONE,"t=241 [PHASE_RX] Listening (Q_fwd=0; Q_local=0)"
FF02,GWN,3,BACKBONE,"t=242 [PHASE_RX] Listening (Q_fwd=0; Q_local=0)"
FF02,GWN,3,BACKBONE,"t=243 [PHASE_TX] IDLE (queues empty)"
FF02,GWN,3,BACKBONE,"t=244 [PHASE_TX] IDLE (queues empty)"
FF02,GWN,3,BACKBONE,"t=245 [PHASE_TX] IDLE (queues empty)"
FF02,GWN,3,BACKBONE,"t=246 [PHASE_RX] Listening (Q_fwd=0; Q_local=0)"
FF02,GWN,3,BACKBONE,"t=247 [PHASE_RX] Listening (Q_fwd=0; Q_local=0)"
FF02,GWN,3,BACKBONE,"t=248 [PHASE_RX] Listening (Q_fwd=0; Q_local=0)"
FF02,GWN,3,BACKBONE,"t=249 [PHASE_TX] IDLE (queues empty)"
FF02,GWN,3,ACCESS,"t=6 [PHY] Neighbour count: 4->5"
FF02,GWN,3,ACCESS,"t=7 [PHY] Neighbour count: 5->6"
FF02,GWN,3,ACCESS,"t=8 [PHY] Neighbour count: 6->7"
FF02,GWN,3,ACCESS,"t=9 [HELLO_TX] bcast battery=100.0%"
FF02,GWN,3,ACCESS,"t=14 [PHY] Neighbour count: 7->8"
FF02,GWN,3,ACCESS,"t=15 [PHY] Neighbour count: 8->9"
FF02,GWN,3,ACCESS,"t=16 [HELLO_TX] bcast battery=100.0%"
FF02,GWN,3,ACCESS,"t=18 [PHY] Neighbour count: 9->10"
FF02,GWN,3,ACCESS,"t=20 [PHY] Neighbour count: 10->11"
FF02,GWN,3,ACCESS,"t=21 [HELLO_TX] bcast battery=100.0%"
FF02,GWN,3,ACCESS,"t=25 [HELLO_TX] bcast battery=100.0%"
FF02,GWN,3,ACCESS,"t=28 [PHY] Neighbour count: 11->12"
FF02,GWN,3,ACCESS,"t=32 [HELLO_TX] bcast battery=100.0%"
FF02,GWN,3,ACCESS,"t=36 [HELLO_TX] bcast battery=100.0%"
FF02,GWN,3,ACCESS,"t=40 [HELLO_TX] bcast battery=100.0%"
FF02,GWN,3,ACCESS,"t=46 [HELLO_TX] bcast battery=100.0%"
FF02,GWN,3,ACCESS,"t=51 [HELLO_TX] bcast battery=100.0%"
FF02,GWN,3,ACCESS,"t=55 [HELLO_TX] bcast battery=100.0%"
FF02,GWN,3,ACCESS,"t=55 [PHY] Neighbour count: 12->13"
FF02,GWN,3,ACCESS,"t=62 [HELLO_TX] bcast battery=100.0%"
FF02,GWN,3,ACCESS,"t=70 [HELLO_TX] bcast battery=100.0%"
FF02,GWN,3,ACCESS,"t=75 [HELLO_TX] bcast battery=100.0%"
FF02,GWN,3,ACCESS,"t=79 [HELLO_TX] bcast battery=100.0%"
FF02,GWN,3,ACCESS,"t=89 [HELLO_TX] bcast battery=100.0%"
FF02,GWN,3,ACCESS,"t=95 [HELLO_TX] bcast battery=100.0%"
FF02,GWN,3,ACCESS,"t=101 [HELLO_TX] bcast battery=100.0%"
FF02,GWN,3,ACCESS,"t=105 [HELLO_TX] bcast battery=100.0%"
FF02,GWN,3,ACCESS,"t=109 [PHY] Neighbour count: 14->15"
FF02,GWN,3,ACCESS,"t=113 [HELLO_TX] bcast battery=100.0%"
FF02,GWN,3,ACCESS,"t=117 [HELLO_TX] bcast battery=100.0%"
FF02,GWN,3,ACCESS,"t=124 [HELLO_TX] bcast battery=100.0%"
FF02,GWN,3,ACCESS,"t=128 [HELLO_TX] bcast battery=100.0%"
FF02,GWN,3,ACCESS,"t=133 [HELLO_TX] bcast battery=100.0%"
FF02,GWN,3,ACCESS,"t=137 [HELLO_TX] bcast battery=100.0%"
FF02,GWN,3,ACCESS,"t=137 [PHY] Neighbour count: 15->16"
FF02,GWN,3,ACCESS,"t=147 [HELLO_TX] bcast battery=100.0%"
FF02,GWN,3,ACCESS,"t=151 [HELLO_TX] bcast battery=100.0%"
FF02,GWN,3,ACCESS,"t=156 [HELLO_TX] bcast battery=100.0%"
FF02,GWN,3,ACCESS,"t=160 [HELLO_TX] bcast battery=100.0%"
FF02,GWN,3,ACCESS,"t=168 [HELLO_TX] bcast battery=100.0%"
FF02,GWN,3,ACCESS,"t=172 [HELLO_TX] bcast battery=100.0%"
FF02,GWN,3,ACCESS,"t=176 [HELLO_TX] bcast battery=100.0%"
FF02,GWN,3,ACCESS,"t=181 [HELLO_TX] bcast battery=100.0%"
FF02,GWN,3,ACCESS,"t=189 [HELLO_TX] bcast battery=100.0%"
FF02,GWN,3,ACCESS,"t=194 [HELLO_TX] bcast battery=100.0%"
FF02,GWN,3,ACCESS,"t=199 [HELLO_TX] bcast battery=100.0%"
FF02,GWN,3,ACCESS,"t=202 [RX] CH_CMD.0 <- AA07"
FF02,GWN,3,ACCESS,"[LOCK][SET] partner=AA07 timeout=4"
FF02,GWN,3,ACCESS,"t=202 [CH_ACK] -> AA07 (sending key)"
FF02,GWN,3,ACCESS,"t=206 [TIMEOUT] Sent CH_REJECT to orphaned AA07"
FF02,GWN,3,ACCESS,"[LOCK][TIMEOUT] partner=AA07"
FF02,GWN,3,ACCESS,"t=206 [RX] CH_CMD.3 <- AA07"
FF02,GWN,3,ACCESS,"t=209 [HELLO_TX] bcast battery=100.0%"
FF02,GWN,3,ACCESS,"t=215 [HELLO_TX] bcast battery=100.0%"
FF02,GWN,3,ACCESS,"t=223 [HELLO_TX] bcast battery=100.0%"
FF02,GWN,3,ACCESS,"t=229 [HELLO_TX] bcast battery=100.0%"
FF02,GWN,3,ACCESS,"t=235 [HELLO_TX] bcast battery=100.0%"
FF02,GWN,3,ACCESS,"t=244 [HELLO_TX] bcast battery=100.0%"
FF02,GWN,3,UNIFIED,"t=2 [PHY] Neighbor count=1"
FF02,GWN,3,UNIFIED,"t=3 [PHY] Neighbor count=2"
FF02,GWN,3,UNIFIED,"t=4 [PHY] Neighbor count=3"
FF02,GWN,3,UNIFIED,"[BB] t=4 [TX] HB.0 -> <BCAST>"
FF02,GWN,3,UNIFIED,"t=6 [PHY] Neighbor count=4"
FF02,GWN,3,UNIFIED,"t=6 [PHY] Neighbour count: 4->5"
FF02,GWN,3,UNIFIED,"t=7 [PHY] Neighbor count=5"
FF02,GWN,3,UNIFIED,"t=7 [PHY] Neighbour count: 5->6"
FF02,GWN,3,UNIFIED,"t=8 [PHY] Neighbor count=6"
FF02,GWN,3,UNIFIED,"t=8 [PHY] Neighbour count: 6->7"
FF02,GWN,3,UNIFIED,"t=9 [PHY] Neighbor count=7"
FF02,GWN,3,UNIFIED,"[AC] t=9 [HELLO_TX] bcast battery=100.0%"
FF02,GWN,3,UNIFIED,"[BB] t=11 [TX] HB.0 -> <BCAST>"
FF02,GWN,3,UNIFIED,"t=14 [PHY] Neighbour count: 7->8"
FF02,GWN,3,UNIFIED,"t=15 [PHY] Neighbor count=8"
FF02,GWN,3,UNIFIED,"t=15 [PHY] Neighbour count: 8->9"
FF02,GWN,3,UNIFIED,"t=16 [PHY] Neighbor count=9"
FF02,GWN,3,UNIFIED,"[AC] t=16 [HELLO_TX] bcast battery=100.0%"
FF02,GWN,3,UNIFIED,"[BB] t=18 [TX] HB.0 -> <BCAST>"
FF02,GWN,3,UNIFIED,"t=18 [PHY] Neighbour count: 9->10"
FF02,GWN,3,UNIFIED,"t=19 [PHY] Neighbor count=10"
FF02,GWN,3,UNIFIED,"t=20 [PHY] Neighbour count: 10->11"
FF02,GWN,3,UNIFIED,"t=21 [PHY] Neighbor count=11"
FF02,GWN,3,UNIFIED,"[AC] t=21 [HELLO_TX] bcast battery=100.0%"
FF02,GWN,3,UNIFIED,"t=22 [STATE] BOOT→DISCOVERY (neighbors=11)"
FF02,GWN,3,UNIFIED,"[BB] t=25 [TX] HB.1 -> <BCAST>"
FF02,GWN,3,UNIFIED,"[AC] t=25 [HELLO_TX] bcast battery=100.0%"
FF02,GWN,3,UNIFIED,"t=28 [PHY] Neighbour count: 11->12"
FF02,GWN,3,UNIFIED,"t=29 [PHY] Neighbor count=12"
FF02,GWN,3,UNIFIED,"[BB] t=32 [TX] HB.1 -> <BCAST>"
FF02,GWN,3,UNIFIED,"[AC] t=32 [HELLO_TX] bcast battery=100.0%"
FF02,GWN,3,UNIFIED,"[AC] t=36 [HELLO_TX] bcast battery=100.0%"
FF02,GWN,3,UNIFIED,"[BB] t=39 [TX] HB.1 -> <BCAST>"
FF02,GWN,3,UNIFIED,"[AC] t=40 [HELLO_TX] bcast battery=100.0%"
FF02,GWN,3,UNIFIED,"[BB] t=46 [TX] HB.1 -> <BCAST>"
FF02,GWN,3,UNIFIED,"[AC] t=46 [HELLO_TX] bcast battery=100.0%"
FF02,GWN,3,UNIFIED,"[AC] t=51 [HELLO_TX] bcast battery=100.0%"
FF02,GWN,3,UNIFIED,"[BB] t=53 [TX] HB.1 -> <BCAST>"
FF02,GWN,3,UNIFIED,"[AC] t=55 [HELLO_TX] bcast battery=100.0%"
FF02,GWN,3,UNIFIED,"t=55 [PHY] Neighbour count: 12->13"
FF02,GWN,3,UNIFIED,"t=56 [PHY] Neighbor count=13"
FF02,GWN,3,UNIFIED,"[BB] t=60 [TX] HB.1 -> <BCAST>"
FF02,GWN,3,UNIFIED,"[AC] t=62 [HELLO_TX] bcast battery=100.0%"
FF02,GWN,3,UNIFIED,"[BB] t=67 [TX] HB.1 -> <BCAST>"
FF02,GWN,3,UNIFIED,"[BB] t=68 [RX] CMD.0 <- FF0B RSSI=0.2"
FF02,GWN,3,UNIFIED,"[BB] t=68 [TX] CMD.1 -> FF0B"
FF02,GWN,3,UNIFIED,"[BB] t=68 [TX] CMD.1 -> FF0B"
FF02,GWN,3,UNIFIED,"[BB] t=68 [STATE] DISCOVERY -> HANDSHAKE"
FF02,GWN,3,UNIFIED,"[BB] [LOCK][SET] partner=FF0B timeout=6"
FF02,GWN,3,UNIFIED,"[BB] t=68 [HANDSHAKE] Lock set with FF0B (timer=6)"
FF02,GWN,3,UNIFIED,"[AC] t=70 [HELLO_TX] bcast battery=100.0%"
FF02,GWN,3,UNIFIED,"[BB] t=72 [RX] CMD.2 <- FF0B RSSI=0.2"
FF02,GWN,3,UNIFIED,"[BB] [LOCK][REFRESH] partner=FF0B timeout=6"
FF02,GWN,3,UNIFIED,"[BB] [LOCK][SET] partner=FF0B timeout=6"
FF02,GWN,3,UNIFIED,"[BB] t=72 [PARENT] Set parent -> FF0B"
FF02,GWN,3,UNIFIED,"[BB] t=73 [RX] CMD.4 <- FF0B RSSI=0.2"
FF02,GWN,3,UNIFIED,"[BB] [LOCK][REFRESH] partner=FF0B timeout=6"
FF02,GWN,3,UNIFIED,"[BB] t=73 [PHASE] Inherited phaseOffset=1 from parent FF0B"
FF02,GWN,3,UNIFIED,"[BB] t=73 [ENC_HELLO] TX: gwCh=0; chCh=0; secCh=0; sn=0 (encrypted)"
FF02,GWN,3,UNIFIED,"[BB] t=73 [TX] CMD.5 -> FF0B"
FF02,GWN,3,UNIFIED,"[BB] [LOCK][CLEAR][ENC_HELLO_TX] partner=FF0B"
FF02,GWN,3,UNIFIED,"[BB] t=73 [HANDSHAKE] Lock cleared (was with FF0B)"
FF02,GWN,3,UNIFIED,"[AC] t=75 [HELLO_TX] bcast battery=100.0%"
FF02,GWN,3,UNIFIED,"t=77 [RECRUIT] INIT(1/4) -> FF06"
FF02,GWN,3,UNIFIED,"[BB] [LOCK][SET] partner=FF06 timeout=6"
FF02,GWN,3,UNIFIED,"[BB] t=77 [HANDSHAKE] Lock set with FF06 (timer=6)"
FF02,GWN,3,UNIFIED,"[BB] [LOCK][SET] partner=FF06 timeout=6"
FF02,GWN,3,UNIFIED,"[BB] t=77 [TX] CMD.0 -> FF06"
FF02,GWN,3,UNIFIED,"[AC] t=79 [HELLO_TX] bcast battery=100.0%"
FF02,GWN,3,UNIFIED,"[BB] t=79 [RX] CMD.1 <- FF06 RSSI=0.2"
FF02,GWN,3,UNIFIED,"[BB] [LOCK][REFRESH] partner=FF06 timeout=6"
FF02,GWN,3,UNIFIED,"[BB] t=79 [TX] CMD.2 -> FF06"
FF02,GWN,3,UNIFIED,"[BB] [LOCK][REFRESH] partner=FF06 timeout=6"
FF02,GWN,3,UNIFIED,"[BB] t=79 [HANDSHAKE] FF06 added to pendingChildren (awaiting ENC_HELLO)"
FF02,GWN,3,UNIFIED,"[BB] t=79 [TX] CMD.4 -> FF06"
FF02,GWN,3,UNIFIED,"[BB] t=79 [PHASE] Sending phaseOffset=0 to child FF06 (self=1)"
FF02,GWN,3,UNIFIED,"[BB] [LOCK][REFRESH] partner=FF06 timeout=6"
FF02,GWN,3,UNIFIED,"[BB] [LOCK][SET] partner=FF06 timeout=6"
FF02,GWN,3,UNIFIED,"[BB] t=83 [ENC_HELLO] TX: gwCh=0; chCh=0; secCh=0; sn=0 (encrypted)"
FF02,GWN,3,UNIFIED,"[BB] t=83 [ENC_HELLO] Retry 1/3 sent (next at t=103)"
FF02,GWN,3,UNIFIED,"[BB] t=84 [RX] CMD.5 <- FF06 RSSI=0.2"
FF02,GWN,3,UNIFIED,"[BB] t=84 [HANDSHAKE] FF06 promoted to children (ENC_HELLO received)"
FF02,GWN,3,UNIFIED,"[BB] [LOCK][CLEAR][ENC_HELLO_RX] partner=FF06"
FF02,GWN,3,UNIFIED,"[BB] t=84 [TX] CMD.5 -> FF0B"
FF02,GWN,3,UNIFIED,"[BB] t=84 [HANDSHAKE] Lock cleared (was with FF06)"
FF02,GWN,3,UNIFIED,"[BB] t=84 [RETRY] Reset retry state for FF06 (now child)"
FF02,GWN,3,UNIFIED,"[BB] t=84 [STATE] HANDSHAKE -> SECURE"
FF02,GWN,3,UNIFIED,"[AC] t=89 [HELLO_TX] bcast battery=100.0%"
FF02,GWN,3,UNIFIED,"[BB] t=92 [RX_FWD] Encrypted CMD.5 from Child FF06 -> Queue for Parent FF0B"
FF02,GWN,3,UNIFIED,"[BB] t=92 [Q_FWD] Queued CMD.5 (size=1/15)"
FF02,GWN,3,UNIFIED,"t=94 [PHY] Neighbor count=14"
FF02,GWN,3,UNIFIED,"[BB] t=94 [RX] CMD.0 <- FF04 RSSI=0.1"
FF02,GWN,3,UNIFIED,"[BB] t=94 [TX] CMD.3 -> FF04"
FF02,GWN,3,UNIFIED,"t=94 [REJ_PARENT] → FF04"
FF02,GWN,3,UNIFIED,"[AC] t=95 [HELLO_TX] bcast battery=100.0%"
FF02,GWN,3,UNIFIED,"[AC] t=101 [HELLO_TX] bcast battery=100.0%"
FF02,GWN,3,UNIFIED,"[BB] t=103 [ENC_HELLO] TX: gwCh=1; chCh=0; secCh=0; sn=0 (encrypted)"
FF02,GWN,3,UNIFIED,"[BB] t=103 [ENC_HELLO] Retry 2/3 sent (next at t=143)"
FF02,GWN,3,UNIFIED,"[AC] t=105 [HELLO_TX] bcast battery=100.0%"
FF02,GWN,3,UNIFIED,"t=109 [PHY] Neighbour count: 14->15"
FF02,GWN,3,UNIFIED,"t=110 [PHY] Neighbor count=15"
FF02,GWN,3,UNIFIED,"[BB] t=112 [RX_FWD] Encrypted CMD.5 from Child FF06 -> Queue for Parent FF0B"
FF02,GWN,3,UNIFIED,"[BB] t=112 [Q_FWD] Queued CMD.5 (size=2/15)"
FF02,GWN,3,UNIFIED,"[AC] t=113 [HELLO_TX] bcast battery=100.0%"
FF02,GWN,3,UNIFIED,"[AC] t=117 [HELLO_TX] bcast battery=100.0%"
FF02,GWN,3,UNIFIED,"[AC] t=124 [HELLO_TX] bcast battery=100.0%"
FF02,GWN,3,UNIFIED,"[AC] t=128 [HELLO_TX] bcast battery=100.0%"
FF02,GWN,3,UNIFIED,"[AC] t=133 [HELLO_TX] bcast battery=100.0%"
FF02,GWN,3,UNIFIED,"[AC] t=137 [HELLO_TX] bcast battery=100.0%"
FF02,GWN,3,UNIFIED,"t=137 [PHY] Neighbour count: 15->16"
FF02,GWN,3,UNIFIED,"t=138 [PHY] Neighbor count=16"
FF02,GWN,3,UNIFIED,"[BB] t=143 [ENC_HELLO] TX: gwCh=1; chCh=0; secCh=0; sn=0 (encrypted)"
FF02,GWN,3,UNIFIED,"[BB] t=143 [ENC_HELLO] Retry 3/3 sent (next at t=223)"
FF02,GWN,3,UNIFIED,"[AC] t=147 [HELLO_TX] bcast battery=100.0%"
FF02,GWN,3,UNIFIED,"[AC] t=151 [HELLO_TX] bcast battery=100.0%"
FF02,GWN,3,UNIFIED,"[BB] t=152 [RX_FWD] Encrypted CMD.5 from Child FF06 -> Queue for Parent FF0B"
FF02,GWN,3,UNIFIED,"[BB] t=152 [Q_FWD] Queued CMD.5 (size=3/15)"
FF02,GWN,3,UNIFIED,"[AC] t=156 [HELLO_TX] bcast battery=100.0%"
FF02,GWN,3,UNIFIED,"[AC] t=160 [HELLO_TX] bcast battery=100.0%"
FF02,GWN,3,UNIFIED,"[AC] t=168 [HELLO_TX] bcast battery=100.0%"
FF02,GWN,3,UNIFIED,"[AC] t=172 [HELLO_TX] bcast battery=100.0%"
FF02,GWN,3,UNIFIED,"[AC] t=176 [HELLO_TX] bcast battery=100.0%"
FF02,GWN,3,UNIFIED,"[AC] t=181 [HELLO_TX] bcast battery=100.0%"
FF02,GWN,3,UNIFIED,"[AC] t=189 [HELLO_TX] bcast battery=100.0%"
FF02,GWN,3,UNIFIED,"[AC] t=194 [HELLO_TX] bcast battery=100.0%"
FF02,GWN,3,UNIFIED,"[AC] t=199 [HELLO_TX] bcast battery=100.0%"
FF02,GWN,3,UNIFIED,"[BB] t=200 [PHASE_RX] Listening (Q_fwd=3; Q_local=0)"
FF02,GWN,3,UNIFIED,"[BB] t=201 [DEQUEUE] From Q_fwd (waited 109 TFs)"
FF02,GWN,3,UNIFIED,"[BB] t=201 [PHASE_TX] Sent CMD.5 -> FF0B (Q_fwd=2; Q_local=0)"
FF02,GWN,3,UNIFIED,"[BB] t=202 [DEQUEUE] From Q_fwd (waited 90 TFs)"
FF02,GWN,3,UNIFIED,"[BB] t=202 [PHASE_TX] Sent CMD.5 -> FF0B (Q_fwd=1; Q_local=0)"
FF02,GWN,3,UNIFIED,"[AC] t=202 [RX] CH_CMD.0 <- AA07"
FF02,GWN,3,UNIFIED,"[AC] [LOCK][SET] partner=AA07 timeout=4"
FF02,GWN,3,UNIFIED,"[AC] t=202 [CH_ACK] -> AA07 (sending key)"
FF02,GWN,3,UNIFIED,"[BB] t=203 [DEQUEUE] From Q_fwd (waited 51 TFs)"
FF02,GWN,3,UNIFIED,"[BB] t=203 [PHASE_TX] Sent CMD.5 -> FF0B (Q_fwd=0; Q_local=0)"
FF02,GWN,3,UNIFIED,"[BB] t=204 [PHASE_RX] Listening (Q_fwd=0; Q_local=0)"
FF02,GWN,3,UNIFIED,"[BB] t=205 [PHASE_RX] Listening (Q_fwd=0; Q_local=0)"
FF02,GWN,3,UNIFIED,"[AC] t=206 [TIMEOUT] Sent CH_REJECT to orphaned AA07"
FF02,GWN,3,UNIFIED,"[AC] [LOCK][TIMEOUT] partner=AA07"
FF02,GWN,3,UNIFIED,"[BB] t=206 [PHASE_RX] Listening (Q_fwd=0; Q_local=0)"
FF02,GWN,3,UNIFIED,"[AC] t=206 [RX] CH_CMD.3 <- AA07"
FF02,GWN,3,UNIFIED,"[BB] t=207 [PHASE_TX] IDLE (queues empty)"
FF02,GWN,3,UNIFIED,"[BB] t=208 [PHASE_TX] IDLE (queues empty)"
FF02,GWN,3,UNIFIED,"[BB] t=209 [PHASE_TX] IDLE (queues empty)"
FF02,GWN,3,UNIFIED,"[AC] t=209 [HELLO_TX] bcast battery=100.0%"
FF02,GWN,3,UNIFIED,"[BB] t=210 [PHASE_RX] Listening (Q_fwd=0; Q_local=0)"
FF02,GWN,3,UNIFIED,"[BB] t=211 [PHASE_RX] Listening (Q_fwd=0; Q_local=0)"
FF02,GWN,3,UNIFIED,"[BB] t=212 [PHASE_RX] Listening (Q_fwd=0; Q_local=0)"
FF02,GWN,3,UNIFIED,"[BB] t=213 [PHASE_TX] IDLE (queues empty)"
FF02,GWN,3,UNIFIED,"[BB] t=214 [PHASE_TX] IDLE (queues empty)"
FF02,GWN,3,UNIFIED,"[BB] t=215 [PHASE_TX] IDLE (queues empty)"
FF02,GWN,3,UNIFIED,"[AC] t=215 [HELLO_TX] bcast battery=100.0%"
FF02,GWN,3,UNIFIED,"[BB] t=216 [PHASE_RX] Listening (Q_fwd=0; Q_local=0)"
FF02,GWN,3,UNIFIED,"[BB] t=217 [PHASE_RX] Listening (Q_fwd=0; Q_local=0)"
FF02,GWN,3,UNIFIED,"[BB] t=218 [PHASE_RX] Listening (Q_fwd=0; Q_local=0)"
FF02,GWN,3,UNIFIED,"[BB] t=219 [PHASE_TX] IDLE (queues empty)"
FF02,GWN,3,UNIFIED,"[BB] t=220 [PHASE_TX] IDLE (queues empty)"
FF02,GWN,3,UNIFIED,"[BB] t=221 [PHASE_TX] IDLE (queues empty)"
FF02,GWN,3,UNIFIED,"[BB] t=222 [PHASE_RX] Listening (Q_fwd=0; Q_local=0)"
FF02,GWN,3,UNIFIED,"[BB] t=223 [ENC_HELLO] TX: gwCh=1; chCh=0; secCh=0; sn=0 (encrypted)"
FF02,GWN,3,UNIFIED,"[BB] t=223 [ENC_HELLO] Registry refresh #1 sent (next at t=303)"
FF02,GWN,3,UNIFIED,"[BB] t=223 [PHASE_RX] Listening (Q_fwd=0; Q_local=0)"
FF02,GWN,3,UNIFIED,"[AC] t=223 [HELLO_TX] bcast battery=100.0%"
FF02,GWN,3,UNIFIED,"[BB] t=224 [PHASE_RX] Listening (Q_fwd=0; Q_local=0)"
FF02,GWN,3,UNIFIED,"[BB] t=225 [PHASE_TX] IDLE (queues empty)"
FF02,GWN,3,UNIFIED,"[BB] t=226 [PHASE_TX] IDLE (queues empty)"
FF02,GWN,3,UNIFIED,"[BB] t=227 [PHASE_TX] IDLE (queues empty)"
FF02,GWN,3,UNIFIED,"[BB] t=228 [PHASE_RX] Listening (Q_fwd=0; Q_local=0)"
FF02,GWN,3,UNIFIED,"[BB] t=228 [RX_FWD] Encrypted CH_HELLO.1 from Child FF06 -> Queue for Parent FF0B"
FF02,GWN,3,UNIFIED,"[BB] t=228 [Q_FWD] Queued CH_HELLO.1 (size=1/15)"
FF02,GWN,3,UNIFIED,"[BB] t=229 [PHASE_RX] Listening (Q_fwd=1; Q_local=0)"
FF02,GWN,3,UNIFIED,"[AC] t=229 [HELLO_TX] bcast battery=100.0%"
FF02,GWN,3,UNIFIED,"[BB] t=230 [PHASE_RX] Listening (Q_fwd=1; Q_local=0)"
FF02,GWN,3,UNIFIED,"[BB] t=231 [DEQUEUE] From Q_fwd (waited 3 TFs)"
FF02,GWN,3,UNIFIED,"[BB] t=231 [PHASE_TX] Sent CH_HELLO.1 -> FF0B (Q_fwd=0; Q_local=0)"
FF02,GWN,3,UNIFIED,"[BB] t=232 [PHASE_TX] IDLE (queues empty)"
FF02,GWN,3,UNIFIED,"[BB] t=232 [RX_FWD] Encrypted CMD.5 from Child FF06 -> Queue for Parent FF0B"
FF02,GWN,3,UNIFIED,"[BB] t=232 [Q_FWD] Queued CMD.5 (size=1/15)"
FF02,GWN,3,UNIFIED,"[BB] t=233 [DEQUEUE] From Q_fwd (waited 1 TFs)"
FF02,GWN,3,UNIFIED,"[BB] t=233 [PHASE_TX] Sent CMD.5 -> FF0B (Q_fwd=0; Q_local=0)"
FF02,GWN,3,UNIFIED,"[BB] t=234 [PHASE_RX] Listening (Q_fwd=0; Q_local=0)"
FF02,GWN,3,UNIFIED,"[BB] t=235 [PHASE_RX] Listening (Q_fwd=0; Q_local=0)"
FF02,GWN,3,UNIFIED,"[AC] t=235 [HELLO_TX] bcast battery=100.0%"
FF02,GWN,3,UNIFIED,"[BB] t=236 [PHASE_RX] Listening (Q_fwd=0; Q_local=0)"
FF02,GWN,3,UNIFIED,"[BB] t=237 [PHASE_TX] IDLE (queues empty)"
FF02,GWN,3,UNIFIED,"[BB] t=238 [PHASE_TX] IDLE (queues empty)"
FF02,GWN,3,UNIFIED,"[BB] t=239 [PHASE_TX] IDLE (queues empty)"
FF02,GWN,3,UNIFIED,"[BB] t=240 [PHASE_RX] Listening (Q_fwd=0; Q_local=0)"
FF02,GWN,3,UNIFIED,"[BB] t=241 [PHASE_RX] Listening (Q_fwd=0; Q_local=0)"
FF02,GWN,3,UNIFIED,"[BB] t=242 [PHASE_RX] Listening (Q_fwd=0; Q_local=0)"
FF02,GWN,3,UNIFIED,"[BB] t=243 [PHASE_TX] IDLE (queues empty)"
FF02,GWN,3,UNIFIED,"[BB] t=244 [PHASE_TX] IDLE (queues empty)"
FF02,GWN,3,UNIFIED,"[AC] t=244 [HELLO_TX] bcast battery=100.0%"
FF02,GWN,3,UNIFIED,"[BB] t=245 [PHASE_TX] IDLE (queues empty)"
FF02,GWN,3,UNIFIED,"[BB] t=246 [PHASE_RX] Listening (Q_fwd=0; Q_local=0)"
FF02,GWN,3,UNIFIED,"[BB] t=247 [PHASE_RX] Listening (Q_fwd=0; Q_local=0)"
FF02,GWN,3,UNIFIED,"[BB] t=248 [PHASE_RX] Listening (Q_fwd=0; Q_local=0)"
FF02,GWN,3,UNIFIED,"[BB] t=249 [PHASE_TX] IDLE (queues empty)"
FF03,SINK,3,BACKBONE,"t=2 [TX] HB.0 -> <BCAST>"
FF03,SINK,3,BACKBONE,"t=5 [PHY] Neighbour count: 3->4"
FF03,SINK,3,BACKBONE,"t=6 [PHY] Neighbour count: 4->5"
FF03,SINK,3,BACKBONE,"t=7 [PHY] Neighbour count: 5->6"
FF03,SINK,3,BACKBONE,"t=8 [PHY] Neighbour count: 6->7"
FF03,SINK,3,BACKBONE,"t=9 [TX] HB.0 -> <BCAST>"
FF03,SINK,3,BACKBONE,"t=9 [PHY] Neighbour count: 7->8"
FF03,SINK,3,BACKBONE,"t=10 [PHY] Neighbour count: 8->9"
FF03,SINK,3,BACKBONE,"t=12 [PHY] Neighbour count: 10->11"
FF03,SINK,3,BACKBONE,"t=16 [TX] HB.0 -> <BCAST>"
FF03,SINK,3,BACKBONE,"t=17 [PHY] Neighbour count: 11->12"
FF03,SINK,3,BACKBONE,"t=19 [PHY] Neighbour count: 12->13"
FF03,SINK,3,BACKBONE,"[LOCK][SET] partner=FF0A timeout=6"
FF03,SINK,3,BACKBONE,"t=22 [HANDSHAKE] Lock set with FF0A (timer=6)"
FF03,SINK,3,BACKBONE,"[LOCK][SET] partner=FF0A timeout=6"
FF03,SINK,3,BACKBONE,"t=22 [TX] CMD.0 -> FF0A"
FF03,SINK,3,BACKBONE,"t=24 [RX] CMD.1 <- FF0A RSSI=1.1"
FF03,SINK,3,BACKBONE,"[LOCK][REFRESH] partner=FF0A timeout=6"
FF03,SINK,3,BACKBONE,"t=24 [TX] CMD.2 -> FF0A"
FF03,SINK,3,BACKBONE,"[LOCK][REFRESH] partner=FF0A timeout=6"
FF03,SINK,3,BACKBONE,"t=24 [HANDSHAKE] FF0A added to pendingChildren (awaiting ENC_HELLO)"
FF03,SINK,3,BACKBONE,"t=24 [TX] CMD.4 -> FF0A"
FF03,SINK,3,BACKBONE,"t=24 [PHASE] Sending phaseOffset=1 to child FF0A (self=0)"
FF03,SINK,3,BACKBONE,"[LOCK][REFRESH] partner=FF0A timeout=6"
FF03,SINK,3,BACKBONE,"[LOCK][SET] partner=FF0A timeout=6"
FF03,SINK,3,BACKBONE,"[LOCK][CLEAR][SUCCESS] partner=FF0A"
FF03,SINK,3,BACKBONE,"[LOCK][SET] partner=FF08 timeout=6"
FF03,SINK,3,BACKBONE,"t=31 [HANDSHAKE] Lock set with FF08 (timer=6)"
FF03,SINK,3,BACKBONE,"[LOCK][SET] partner=FF08 timeout=6"
FF03,SINK,3,BACKBONE,"t=31 [TX] CMD.0 -> FF08"
FF03,SINK,3,BACKBONE,"t=33 [PHY] Neighbour count: 14->15"
FF03,SINK,3,BACKBONE,"t=36 [PHY] Neighbour count: 15->16"
FF03,SINK,3,BACKBONE,"[LOCK][CLEAR] partner=FF08"
FF03,SINK,3,BACKBONE,"t=37 [SINK] Received encrypted CMD.5 from child FF0A - TERMINATING"
FF03,SINK,3,BACKBONE,"[LOCK][SET] partner=FF0C timeout=6"
FF03,SINK,3,BACKBONE,"t=39 [HANDSHAKE] Lock set with FF0C (timer=6)"
FF03,SINK,3,BACKBONE,"[LOCK][SET] partner=FF0C timeout=6"
FF03,SINK,3,BACKBONE,"t=39 [TX] CMD.0 -> FF0C"
FF03,SINK,3,BACKBONE,"t=41 [RX] CMD.1 <- FF0C RSSI=0.1"
FF03,SINK,3,BACKBONE,"[LOCK][REFRESH] partner=FF0C timeout=6"
FF03,SINK,3,BACKBONE,"t=41 [TX] CMD.2 -> FF0C"
FF03,SINK,3,BACKBONE,"[LOCK][REFRESH] partner=FF0C timeout=6"
FF03,SINK,3,BACKBONE,"t=41 [HANDSHAKE] FF0C added to pendingChildren (awaiting ENC_HELLO)"
FF03,SINK,3,BACKBONE,"t=41 [TX] CMD.4 -> FF0C"
FF03,SINK,3,BACKBONE,"t=41 [PHASE] Sending phaseOffset=1 to child FF0C (self=0)"
FF03,SINK,3,BACKBONE,"[LOCK][REFRESH] partner=FF0C timeout=6"
FF03,SINK,3,BACKBONE,"[LOCK][SET] partner=FF0C timeout=6"
FF03,SINK,3,BACKBONE,"[LOCK][CLEAR][SUCCESS] partner=FF0C"
FF03,SINK,3,BACKBONE,"t=47 [RX] CMD.0 <- FF08 RSSI=0.7"
FF03,SINK,3,BACKBONE,"t=47 [TX] CMD.3 -> FF08"
FF03,SINK,3,BACKBONE,"t=54 [SINK] Received encrypted CMD.5 from child FF0C - TERMINATING"
FF03,SINK,3,BACKBONE,"t=57 [SINK] Received encrypted CMD.5 from child FF0A - TERMINATING"
FF03,SINK,3,BACKBONE,"t=62 [PHY] Neighbour count: 16->17"
FF03,SINK,3,BACKBONE,"t=71 [PHY] Neighbour count: 17->18"
FF03,SINK,3,BACKBONE,"t=74 [SINK] Received encrypted CMD.5 from child FF0C - TERMINATING"
FF03,SINK,3,BACKBONE,"t=97 [SINK] Received encrypted CMD.5 from child FF0A - TERMINATING"
FF03,SINK,3,BACKBONE,"t=114 [SINK] Received encrypted CMD.5 from child FF0C - TERMINATING"
FF03,SINK,3,BACKBONE,"t=132 [PHY] Neighbour count: 18->19"
FF03,SINK,3,BACKBONE,"t=147 [PHY] Neighbour count: 19->20"
FF03,SINK,3,BACKBONE,"t=177 [SINK] Received encrypted CMD.5 from child FF0A - TERMINATING"
FF03,SINK,3,BACKBONE,"t=194 [SINK] Received encrypted CMD.5 from child FF0C - TERMINATING"
FF03,SINK,3,BACKBONE,"t=201 [SINK] Received encrypted CMD.5 from child FF0A - TERMINATING"
FF03,SINK,3,BACKBONE,"t=202 [SINK] Received encrypted CMD.5 from child FF0A - TERMINATING"
FF03,SINK,3,BACKBONE,"t=203 [SINK] Received encrypted CMD.5 from child FF0A - TERMINATING"
FF03,SINK,3,BACKBONE,"t=207 [SINK] Received encrypted CMD.5 from child FF0A - TERMINATING"
FF03,SINK,3,BACKBONE,"t=208 [SINK] Received encrypted CMD.5 from child FF0A - TERMINATING"
FF03,SINK,3,BACKBONE,"t=209 [SINK] Received encrypted CMD.5 from child FF0A - TERMINATING"
FF03,SINK,3,BACKBONE,"t=213 [SINK] Received encrypted CMD.5 from child FF0A - TERMINATING"
FF03,SINK,3,BACKBONE,"t=214 [SINK] Received encrypted CMD.5 from child FF0A - TERMINATING"
FF03,SINK,3,BACKBONE,"t=215 [SINK] Received encrypted CMD.5 from child FF0A - TERMINATING"
FF03,SINK,3,BACKBONE,"t=219 [SINK] Received encrypted CMD.5 from child FF0A - TERMINATING"
FF03,SINK,3,BACKBONE,"t=220 [SINK] Received encrypted CMD.5 from child FF0A - TERMINATING"
FF03,SINK,3,BACKBONE,"t=221 [SINK] Received encrypted CMD.5 from child FF0C - TERMINATING"
FF03,SINK,3,BACKBONE,"t=225 [SINK] Received encrypted CMD.5 from child FF0A - TERMINATING"
FF03,SINK,3,BACKBONE,"t=226 [SINK] Received encrypted CMD.5 from child FF0A - TERMINATING"
FF03,SINK,3,BACKBONE,"t=227 [SINK] Received encrypted CMD.5 from child FF0A - TERMINATING"
FF03,SINK,3,BACKBONE,"t=231 [SINK] Received encrypted CMD.5 from child FF0A - TERMINATING"
FF03,SINK,3,BACKBONE,"t=232 [SINK] Received encrypted CMD.5 from child FF0A - TERMINATING"
FF03,SINK,3,BACKBONE,"t=233 [SINK] Received encrypted CMD.5 from child FF0A - TERMINATING"
FF03,SINK,3,BACKBONE,"t=237 [SINK] Received encrypted CMD.5 from child FF0A - TERMINATING"
FF03,SINK,3,BACKBONE,"t=238 [SINK] Received encrypted CMD.5 from child FF0A - TERMINATING"
FF03,SINK,3,BACKBONE,"t=243 [SINK] Received encrypted CMD.5 from child FF0C - TERMINATING"
FF03,SINK,3,BACKBONE,"t=244 [SINK] Received encrypted CH_HELLO.1 from child FF0A - TERMINATING"
FF03,SINK,3,BACKBONE,"t=245 [SINK] Received encrypted CMD.5 from child FF0A - TERMINATING"
FF03,SINK,3,BACKBONE,"t=249 [SINK] Received encrypted CH_HELLO.1 from child FF0A - TERMINATING"
FF03,SINK,3,ACCESS,"t=5 [PHY] Neighbour count: 3->4"
FF03,SINK,3,ACCESS,"t=6 [PHY] Neighbour count: 4->5"
FF03,SINK,3,ACCESS,"t=7 [PHY] Neighbour count: 5->6"
FF03,SINK,3,ACCESS,"t=8 [PHY] Neighbour count: 6->7"
FF03,SINK,3,ACCESS,"t=9 [HELLO_TX] bcast battery=100.0%"
FF03,SINK,3,ACCESS,"t=9 [PHY] Neighbour count: 7->8"
FF03,SINK,3,ACCESS,"t=10 [PHY] Neighbour count: 8->9"
FF03,SINK,3,ACCESS,"t=12 [PHY] Neighbour count: 10->11"
FF03,SINK,3,ACCESS,"t=14 [HELLO_TX] bcast battery=100.0%"
FF03,SINK,3,ACCESS,"t=17 [PHY] Neighbour count: 11->12"
FF03,SINK,3,ACCESS,"t=19 [PHY] Neighbour count: 12->13"
FF03,SINK,3,ACCESS,"t=33 [PHY] Neighbour count: 14->15"
FF03,SINK,3,ACCESS,"t=36 [PHY] Neighbour count: 15->16"
FF03,SINK,3,ACCESS,"t=62 [PHY] Neighbour count: 16->17"
FF03,SINK,3,ACCESS,"t=71 [PHY] Neighbour count: 17->18"
FF03,SINK,3,ACCESS,"t=132 [PHY] Neighbour count: 18->19"
FF03,SINK,3,ACCESS,"t=147 [PHY] Neighbour count: 19->20"
FF03,SINK,3,UNIFIED,"t=2 [PHY] Neighbor count=1"
FF03,SINK,3,UNIFIED,"[BB] t=2 [TX] HB.0 -> <BCAST>"
FF03,SINK,3,UNIFIED,"t=3 [PHY] Neighbor count=2"
FF03,SINK,3,UNIFIED,"t=4 [PHY] Neighbor count=3"
FF03,SINK,3,UNIFIED,"t=5 [PHY] Neighbour count: 3->4"
FF03,SINK,3,UNIFIED,"t=6 [PHY] Neighbor count=4"
FF03,SINK,3,UNIFIED,"t=6 [PHY] Neighbour count: 4->5"
FF03,SINK,3,UNIFIED,"t=7 [PHY] Neighbor count=5"
FF03,SINK,3,UNIFIED,"t=7 [PHY] Neighbour count: 5->6"
FF03,SINK,3,UNIFIED,"t=8 [PHY] Neighbor count=6"
FF03,SINK,3,UNIFIED,"t=8 [PHY] Neighbour count: 6->7"
FF03,SINK,3,UNIFIED,"t=9 [PHY] Neighbor count=7"
FF03,SINK,3,UNIFIED,"[BB] t=9 [TX] HB.0 -> <BCAST>"
FF03,SINK,3,UNIFIED,"[AC] t=9 [HELLO_TX] bcast battery=100.0%"
FF03,SINK,3,UNIFIED,"t=9 [PHY] Neighbour count: 7->8"
FF03,SINK,3,UNIFIED,"t=10 [PHY] Neighbor count=8"
FF03,SINK,3,UNIFIED,"t=10 [PHY] Neighbour count: 8->9"
FF03,SINK,3,UNIFIED,"t=11 [PHY] Neighbor count=9"
FF03,SINK,3,UNIFIED,"t=12 [PHY] Neighbor count=10"
FF03,SINK,3,UNIFIED,"t=12 [PHY] Neighbour count: 10->11"
FF03,SINK,3,UNIFIED,"t=13 [PHY] Neighbor count=11"
FF03,SINK,3,UNIFIED,"[AC] t=14 [HELLO_TX] bcast battery=100.0%"
FF03,SINK,3,UNIFIED,"[BB] t=16 [TX] HB.0 -> <BCAST>"
FF03,SINK,3,UNIFIED,"t=17 [PHY] Neighbour count: 11->12"
FF03,SINK,3,UNIFIED,"t=18 [PHY] Neighbor count=12"
FF03,SINK,3,UNIFIED,"t=19 [PHY] Neighbour count: 12->13"
FF03,SINK,3,UNIFIED,"t=20 [PHY] Neighbor count=13"
FF03,SINK,3,UNIFIED,"t=21 [SINK] Boot complete; ready to recruit"
FF03,SINK,3,UNIFIED,"t=21 [SINK] Recruitment targets (threshold 0.95): 7 nodes"
FF03,SINK,3,UNIFIED,"t=22 [RECRUIT] INIT(2/4) -> FF0A"
FF03,SINK,3,UNIFIED,"[BB] [LOCK][SET] partner=FF0A timeout=6"
FF03,SINK,3,UNIFIED,"[BB] t=22 [HANDSHAKE] Lock set with FF0A (timer=6)"
FF03,SINK,3,UNIFIED,"[BB] [LOCK][SET] partner=FF0A timeout=6"
FF03,SINK,3,UNIFIED,"[BB] t=22 [TX] CMD.0 -> FF0A"
FF03,SINK,3,UNIFIED,"[BB] t=24 [RX] CMD.1 <- FF0A RSSI=1.1"
FF03,SINK,3,UNIFIED,"[BB] [LOCK][REFRESH] partner=FF0A timeout=6"
FF03,SINK,3,UNIFIED,"[BB] t=24 [TX] CMD.2 -> FF0A"
FF03,SINK,3,UNIFIED,"[BB] [LOCK][REFRESH] partner=FF0A timeout=6"
FF03,SINK,3,UNIFIED,"[BB] t=24 [HANDSHAKE] FF0A added to pendingChildren (awaiting ENC_HELLO)"
FF03,SINK,3,UNIFIED,"[BB] t=24 [TX] CMD.4 -> FF0A"
FF03,SINK,3,UNIFIED,"[BB] t=24 [PHASE] Sending phaseOffset=1 to child FF0A (self=0)"
FF03,SINK,3,UNIFIED,"[BB] [LOCK][REFRESH] partner=FF0A timeout=6"
FF03,SINK,3,UNIFIED,"[BB] [LOCK][SET] partner=FF0A timeout=6"
FF03,SINK,3,UNIFIED,"[BB] [LOCK][CLEAR][SUCCESS] partner=FF0A"
FF03,SINK,3,UNIFIED,"t=29 [SINK] Promoted FF0A to children (DIRECT ENC_HELLO)"
FF03,SINK,3,UNIFIED,"t=29 [SINK] ENC_HELLO from FF0A (parent=FF03): sn=0   "
FF03,SINK,3,UNIFIED,"t=30 [PHY] Neighbor count=14"
FF03,SINK,3,UNIFIED,"t=31 [RECRUIT] INIT(2/4) -> FF08"
FF03,SINK,3,UNIFIED,"[BB] [LOCK][SET] partner=FF08 timeout=6"
FF03,SINK,3,UNIFIED,"[BB] t=31 [HANDSHAKE] Lock set with FF08 (timer=6)"
FF03,SINK,3,UNIFIED,"[BB] [LOCK][SET] partner=FF08 timeout=6"
FF03,SINK,3,UNIFIED,"[BB] t=31 [TX] CMD.0 -> FF08"
FF03,SINK,3,UNIFIED,"t=33 [PHY] Neighbour count: 14->15"
FF03,SINK,3,UNIFIED,"t=34 [PHY] Neighbor count=15"
FF03,SINK,3,UNIFIED,"t=36 [PHY] Neighbour count: 15->16"
FF03,SINK,3,UNIFIED,"t=37 [PHY] Neighbor count=16"
FF03,SINK,3,UNIFIED,"t=37 [SINK_TIMEOUT] Attempt 2/4 for FF08 - will retry"
FF03,SINK,3,UNIFIED,"[BB] [LOCK][CLEAR] partner=FF08"
FF03,SINK,3,UNIFIED,"[BB] t=37 [SINK] Received encrypted CMD.5 from child FF0A - TERMINATING"
FF03,SINK,3,UNIFIED,"t=37 [SINK] ENC_HELLO from FF0A (parent=FF03): sn=0   "
FF03,SINK,3,UNIFIED,"t=39 [RECRUIT] INIT(2/4) -> FF0C"
FF03,SINK,3,UNIFIED,"[BB] [LOCK][SET] partner=FF0C timeout=6"
FF03,SINK,3,UNIFIED,"[BB] t=39 [HANDSHAKE] Lock set with FF0C (timer=6)"
FF03,SINK,3,UNIFIED,"[BB] [LOCK][SET] partner=FF0C timeout=6"
FF03,SINK,3,UNIFIED,"[BB] t=39 [TX] CMD.0 -> FF0C"
FF03,SINK,3,UNIFIED,"[BB] t=41 [RX] CMD.1 <- FF0C RSSI=0.1"
FF03,SINK,3,UNIFIED,"[BB] [LOCK][REFRESH] partner=FF0C timeout=6"
FF03,SINK,3,UNIFIED,"[BB] t=41 [TX] CMD.2 -> FF0C"
FF03,SINK,3,UNIFIED,"[BB] [LOCK][REFRESH] partner=FF0C timeout=6"
FF03,SINK,3,UNIFIED,"[BB] t=41 [HANDSHAKE] FF0C added to pendingChildren (awaiting ENC_HELLO)"
FF03,SINK,3,UNIFIED,"[BB] t=41 [TX] CMD.4 -> FF0C"
FF03,SINK,3,UNIFIED,"[BB] t=41 [PHASE] Sending phaseOffset=1 to child FF0C (self=0)"
FF03,SINK,3,UNIFIED,"[BB] [LOCK][REFRESH] partner=FF0C timeout=6"
FF03,SINK,3,UNIFIED,"[BB] [LOCK][SET] partner=FF0C timeout=6"
FF03,SINK,3,UNIFIED,"[BB] [LOCK][CLEAR][SUCCESS] partner=FF0C"
FF03,SINK,3,UNIFIED,"t=46 [SINK] Promoted FF0C to children (DIRECT ENC_HELLO)"
FF03,SINK,3,UNIFIED,"t=46 [SINK] ENC_HELLO from FF0C (parent=FF03): sn=0   "
FF03,SINK,3,UNIFIED,"t=47 [SINK] Recruitment complete; 2 nodes secured"
FF03,SINK,3,UNIFIED,"[BB] t=47 [RX] CMD.0 <- FF08 RSSI=0.7"
FF03,SINK,3,UNIFIED,"[BB] t=47 [TX] CMD.3 -> FF08"
FF03,SINK,3,UNIFIED,"t=47 [REJ_PARENT] → FF08"
FF03,SINK,3,UNIFIED,"t=48 [SINK] Terminal: recruitment exhausted; 2 children secured"
FF03,SINK,3,UNIFIED,"[BB] t=54 [SINK] Received encrypted CMD.5 from child FF0C - TERMINATING"
FF03,SINK,3,UNIFIED,"t=54 [SINK] ENC_HELLO from FF0C (parent=FF03): sn=0   "
FF03,SINK,3,UNIFIED,"[BB] t=57 [SINK] Received encrypted CMD.5 from child FF0A - TERMINATING"
FF03,SINK,3,UNIFIED,"t=57 [SINK] ENC_HELLO from FF0A (parent=FF03): sn=0 gwCh=[FF08]  "
FF03,SINK,3,UNIFIED,"t=62 [PHY] Neighbour count: 16->17"
FF03,SINK,3,UNIFIED,"t=63 [PHY] Neighbor count=17"
FF03,SINK,3,UNIFIED,"t=71 [PHY] Neighbour count: 17->18"
FF03,SINK,3,UNIFIED,"t=72 [PHY] Neighbor count=18"
FF03,SINK,3,UNIFIED,"[BB] t=74 [SINK] Received encrypted CMD.5 from child FF0C - TERMINATING"
FF03,SINK,3,UNIFIED,"t=74 [SINK] ENC_HELLO from FF0C (parent=FF03): sn=0 gwCh=[FF07]  "
FF03,SINK,3,UNIFIED,"[BB] t=97 [SINK] Received encrypted CMD.5 from child FF0A - TERMINATING"
FF03,SINK,3,UNIFIED,"t=97 [SINK] ENC_HELLO from FF0A (parent=FF03): sn=0 gwCh=[FF08]  "
FF03,SINK,3,UNIFIED,"[BB] t=114 [SINK] Received encrypted CMD.5 from child FF0C - TERMINATING"
FF03,SINK,3,UNIFIED,"t=114 [SINK] ENC_HELLO from FF0C (parent=FF03): sn=0 gwCh=[FF07]  "
FF03,SINK,3,UNIFIED,"t=132 [PHY] Neighbour count: 18->19"
FF03,SINK,3,UNIFIED,"t=133 [PHY] Neighbor count=19"
FF03,SINK,3,UNIFIED,"t=147 [PHY] Neighbour count: 19->20"
FF03,SINK,3,UNIFIED,"t=148 [PHY] Neighbor count=20"
FF03,SINK,3,UNIFIED,"[BB] t=177 [SINK] Received encrypted CMD.5 from child FF0A - TERMINATING"
FF03,SINK,3,UNIFIED,"t=177 [SINK] ENC_HELLO from FF0A (parent=FF03): sn=0 gwCh=[FF08]  "
FF03,SINK,3,UNIFIED,"[BB] t=194 [SINK] Received encrypted CMD.5 from child FF0C - TERMINATING"
FF03,SINK,3,UNIFIED,"t=194 [SINK] ENC_HELLO from FF0C (parent=FF03): sn=0 gwCh=[FF07]  "
FF03,SINK,3,UNIFIED,"[BB] t=201 [SINK] Received encrypted CMD.5 from child FF0A - TERMINATING"
FF03,SINK,3,UNIFIED,"t=201 [SINK] FORWARDED ENC_HELLO: orig=FF08 via FF0A"
FF03,SINK,3,UNIFIED,"t=201 [SINK] ENC_HELLO from FF08 (parent=FF0A): sn=0   "
FF03,SINK,3,UNIFIED,"[BB] t=202 [SINK] Received encrypted CMD.5 from child FF0A - TERMINATING"
FF03,SINK,3,UNIFIED,"t=202 [SINK] FORWARDED ENC_HELLO: orig=FF01 via FF0A"
FF03,SINK,3,UNIFIED,"t=202 [SINK] ENC_HELLO from FF01 (parent=FF08): sn=0   "
FF03,SINK,3,UNIFIED,"[BB] t=203 [SINK] Received encrypted CMD.5 from child FF0A - TERMINATING"
FF03,SINK,3,UNIFIED,"t=203 [SINK] FORWARDED ENC_HELLO: orig=FF08 via FF0A"
FF03,SINK,3,UNIFIED,"t=203 [SINK] ENC_HELLO from FF08 (parent=FF0A): sn=0 gwCh=[FF01]  "
FF03,SINK,3,UNIFIED,"[BB] t=207 [SINK] Received encrypted CMD.5 from child FF0A - TERMINATING"
FF03,SINK,3,UNIFIED,"t=207 [SINK] FORWARDED ENC_HELLO: orig=FF08 via FF0A"
FF03,SINK,3,UNIFIED,"t=207 [SINK] ENC_HELLO from FF08 (parent=FF0A): sn=0 gwCh=[FF01]  "
FF03,SINK,3,UNIFIED,"[BB] t=208 [SINK] Received encrypted CMD.5 from child FF0A - TERMINATING"
FF03,SINK,3,UNIFIED,"t=208 [SINK] FORWARDED ENC_HELLO: orig=FF08 via FF0A"
FF03,SINK,3,UNIFIED,"t=208 [SINK] ENC_HELLO from FF08 (parent=FF0A): sn=0 gwCh=[FF01]  "
FF03,SINK,3,UNIFIED,"[BB] t=209 [SINK] Received encrypted CMD.5 from child FF0A - TERMINATING"
FF03,SINK,3,UNIFIED,"t=209 [SINK] FORWARDED ENC_HELLO: orig=FF01 via FF0A"
FF03,SINK,3,UNIFIED,"t=209 [SINK] ENC_HELLO from FF01 (parent=FF08): sn=0   "
FF03,SINK,3,UNIFIED,"[BB] t=213 [SINK] Received encrypted CMD.5 from child FF0A - TERMINATING"
FF03,SINK,3,UNIFIED,"t=213 [SINK] FORWARDED ENC_HELLO: orig=FF0B via FF0A"
FF03,SINK,3,UNIFIED,"t=213 [SINK] ENC_HELLO from FF0B (parent=FF01): sn=0   "
FF03,SINK,3,UNIFIED,"[BB] t=214 [SINK] Received encrypted CMD.5 from child FF0A - TERMINATING"
FF03,SINK,3,UNIFIED,"t=214 [SINK] FORWARDED ENC_HELLO: orig=FF01 via FF0A"
FF03,SINK,3,UNIFIED,"t=214 [SINK] ENC_HELLO from FF01 (parent=FF08): sn=0 gwCh=[FF0B]  "
FF03,SINK,3,UNIFIED,"[BB] t=215 [SINK] Received encrypted CMD.5 from child FF0A - TERMINATING"
FF03,SINK,3,UNIFIED,"t=215 [SINK] FORWARDED ENC_HELLO: orig=FF01 via FF0A"
FF03,SINK,3,UNIFIED,"t=215 [SINK] ENC_HELLO from FF01 (parent=FF08): sn=0 gwCh=[FF0B]  "
FF03,SINK,3,UNIFIED,"[BB] t=219 [SINK] Received encrypted CMD.5 from child FF0A - TERMINATING"
FF03,SINK,3,UNIFIED,"t=219 [SINK] FORWARDED ENC_HELLO: orig=FF0B via FF0A"
FF03,SINK,3,UNIFIED,"t=219 [SINK] ENC_HELLO from FF0B (parent=FF01): sn=0   "
FF03,SINK,3,UNIFIED,"[BB] t=220 [SINK] Received encrypted CMD.5 from child FF0A - TERMINATING"
FF03,SINK,3,UNIFIED,"t=220 [SINK] FORWARDED ENC_HELLO: orig=FF02 via FF0A"
FF03,SINK,3,UNIFIED,"t=220 [SINK] ENC_HELLO from FF02 (parent=FF0B): sn=0   "
FF03,SINK,3,UNIFIED,"[BB] t=221 [SINK] Received encrypted CMD.5 from child FF0C - TERMINATING"
FF03,SINK,3,UNIFIED,"t=221 [SINK] FORWARDED ENC_HELLO: orig=FF09 via FF0C"
FF03,SINK,3,UNIFIED,"t=221 [SINK] ENC_HELLO from FF09 (parent=FF05): sn=0 gwCh=[FF04]  "
FF03,SINK,3,UNIFIED,"[BB] t=225 [SINK] Received encrypted CMD.5 from child FF0A - TERMINATING"
FF03,SINK,3,UNIFIED,"t=225 [SINK] FORWARDED ENC_HELLO: orig=FF01 via FF0A"
FF03,SINK,3,UNIFIED,"t=225 [SINK] ENC_HELLO from FF01 (parent=FF08): sn=0 gwCh=[FF0B]  "
FF03,SINK,3,UNIFIED,"[BB] t=226 [SINK] Received encrypted CMD.5 from child FF0A - TERMINATING"
FF03,SINK,3,UNIFIED,"t=226 [SINK] FORWARDED ENC_HELLO: orig=FF0B via FF0A"
FF03,SINK,3,UNIFIED,"t=226 [SINK] ENC_HELLO from FF0B (parent=FF01): sn=0 gwCh=[FF02]  "
FF03,SINK,3,UNIFIED,"[BB] t=227 [SINK] Received encrypted CMD.5 from child FF0A - TERMINATING"
FF03,SINK,3,UNIFIED,"t=227 [SINK] FORWARDED ENC_HELLO: orig=FF06 via FF0A"
FF03,SINK,3,UNIFIED,"t=227 [SINK] ENC_HELLO from FF06 (parent=FF02): sn=0   "
FF03,SINK,3,UNIFIED,"[BB] t=231 [SINK] Received encrypted CMD.5 from child FF0A - TERMINATING"
FF03,SINK,3,UNIFIED,"t=231 [SINK] FORWARDED ENC_HELLO: orig=FF02 via FF0A"
FF03,SINK,3,UNIFIED,"t=231 [SINK] ENC_HELLO from FF02 (parent=FF0B): sn=0 gwCh=[FF06]  "
FF03,SINK,3,UNIFIED,"[BB] t=232 [SINK] Received encrypted CMD.5 from child FF0A - TERMINATING"
FF03,SINK,3,UNIFIED,"t=232 [SINK] FORWARDED ENC_HELLO: orig=FF06 via FF0A"
FF03,SINK,3,UNIFIED,"t=232 [SINK] ENC_HELLO from FF06 (parent=FF02): sn=0   "
FF03,SINK,3,UNIFIED,"[BB] t=233 [SINK] Received encrypted CMD.5 from child FF0A - TERMINATING"
FF03,SINK,3,UNIFIED,"t=233 [SINK] FORWARDED ENC_HELLO: orig=FF06 via FF0A"
FF03,SINK,3,UNIFIED,"t=233 [SINK] ENC_HELLO from FF06 (parent=FF02): sn=0   "
FF03,SINK,3,UNIFIED,"[BB] t=237 [SINK] Received encrypted CMD.5 from child FF0A - TERMINATING"
FF03,SINK,3,UNIFIED,"t=237 [SINK] FORWARDED ENC_HELLO: orig=FF06 via FF0A"
FF03,SINK,3,UNIFIED,"t=237 [SINK] ENC_HELLO from FF06 (parent=FF02): sn=0   "
FF03,SINK,3,UNIFIED,"[BB] t=238 [SINK] Received encrypted CMD.5 from child FF0A - TERMINATING"
FF03,SINK,3,UNIFIED,"t=238 [SINK] FORWARDED ENC_HELLO: orig=FF0B via FF0A"
FF03,SINK,3,UNIFIED,"t=238 [SINK] ENC_HELLO from FF0B (parent=FF01): sn=0 gwCh=[FF02]  "
FF03,SINK,3,UNIFIED,"[BB] t=243 [SINK] Received encrypted CMD.5 from child FF0C - TERMINATING"
FF03,SINK,3,UNIFIED,"t=243 [SINK] FORWARDED ENC_HELLO: orig=FF04 via FF0C"
FF03,SINK,3,UNIFIED,"t=243 [SINK] ENC_HELLO from FF04 (parent=FF09): sn=0  chCh=[AA01] "
FF03,SINK,3,UNIFIED,"[BB] t=244 [SINK] Received encrypted CH_HELLO.1 from child FF0A - TERMINATING"
FF03,SINK,3,UNIFIED,"t=244 [SINK] CH_HELLO: CH AA01 joined via GWN FF06"
FF03,SINK,3,UNIFIED,"[BB] t=245 [SINK] Received encrypted CMD.5 from child FF0A - TERMINATING"
FF03,SINK,3,UNIFIED,"t=245 [SINK] FORWARDED ENC_HELLO: orig=FF06 via FF0A"
FF03,SINK,3,UNIFIED,"t=245 [SINK] ENC_HELLO from FF06 (parent=FF02): sn=0  chCh=[AA01] "
FF03,SINK,3,UNIFIED,"[BB] t=249 [SINK] Received encrypted CH_HELLO.1 from child FF0A - TERMINATING"
FF03,SINK,3,UNIFIED,"t=249 [SINK] CH_HELLO: CH AA07 joined via GWN FF0B"
FF04,GWN,3,BACKBONE,"t=4 [PHY] Neighbour count: 3->4"
FF04,GWN,3,BACKBONE,"t=5 [PHY] Neighbour count: 4->5"
FF04,GWN,3,BACKBONE,"t=6 [PHY] Neighbour count: 5->6"
FF04,GWN,3,BACKBONE,"t=7 [TX] HB.0 -> <BCAST>"
FF04,GWN,3,BACKBONE,"t=12 [PHY] Neighbour count: 6->7"
FF04,GWN,3,BACKBONE,"t=14 [TX] HB.0 -> <BCAST>"
FF04,GWN,3,BACKBONE,"t=14 [PHY] Neighbour count: 7->8"
FF04,GWN,3,BACKBONE,"t=16 [PHY] Neighbour count: 8->9"
FF04,GWN,3,BACKBONE,"t=20 [PHY] Neighbour count: 9->10"
FF04,GWN,3,BACKBONE,"t=21 [TX] HB.0 -> <BCAST>"
FF04,GWN,3,BACKBONE,"t=22 [PHY] Neighbour count: 10->11"
FF04,GWN,3,BACKBONE,"t=24 [PHY] Neighbour count: 11->12"
FF04,GWN,3,BACKBONE,"t=26 [PHY] Neighbour count: 12->13"
FF04,GWN,3,BACKBONE,"t=28 [TX] HB.1 -> <BCAST>"
FF04,GWN,3,BACKBONE,"t=33 [PHY] Neighbour count: 13->14"
FF04,GWN,3,BACKBONE,"t=35 [TX] HB.1 -> <BCAST>"
FF04,GWN,3,BACKBONE,"t=42 [TX] HB.1 -> <BCAST>"
FF04,GWN,3,BACKBONE,"t=49 [TX] HB.1 -> <BCAST>"
FF04,GWN,3,BACKBONE,"t=56 [TX] HB.1 -> <BCAST>"
FF04,GWN,3,BACKBONE,"t=59 [PHY] Neighbour count: 14->15"
FF04,GWN,3,BACKBONE,"t=63 [TX] HB.1 -> <BCAST>"
FF04,GWN,3,BACKBONE,"t=63 [PHY] Neighbour count: 15->16"
FF04,GWN,3,BACKBONE,"t=64 [PHY] Neighbour count: 16->17"
FF04,GWN,3,BACKBONE,"t=65 [PHY] Neighbour count: 17->18"
FF04,GWN,3,BACKBONE,"t=67 [PHY] Neighbour count: 18->19"
FF04,GWN,3,BACKBONE,"t=70 [TX] HB.1 -> <BCAST>"
FF04,GWN,3,BACKBONE,"t=73 [PHY] Neighbour count: 19->20"
FF04,GWN,3,BACKBONE,"t=75 [RX] CMD.0 <- FF09 RSSI=1.2"
FF04,GWN,3,BACKBONE,"t=75 [TX] CMD.1 -> FF09"
FF04,GWN,3,BACKBONE,"t=75 [TX] CMD.1 -> FF09"
FF04,GWN,3,BACKBONE,"t=75 [STATE] DISCOVERY -> HANDSHAKE"
FF04,GWN,3,BACKBONE,"[LOCK][SET] partner=FF09 timeout=6"
FF04,GWN,3,BACKBONE,"t=75 [HANDSHAKE] Lock set with FF09 (timer=6)"
FF04,GWN,3,BACKBONE,"t=79 [RX] CMD.2 <- FF09 RSSI=1.2"
FF04,GWN,3,BACKBONE,"[LOCK][REFRESH] partner=FF09 timeout=6"
FF04,GWN,3,BACKBONE,"[LOCK][SET] partner=FF09 timeout=6"
FF04,GWN,3,BACKBONE,"t=79 [PARENT] Set parent -> FF09"
FF04,GWN,3,BACKBONE,"t=80 [RX] CMD.4 <- FF09 RSSI=1.2"
FF04,GWN,3,BACKBONE,"[LOCK][REFRESH] partner=FF09 timeout=6"
FF04,GWN,3,BACKBONE,"t=80 [PHASE] Inherited phaseOffset=1 from parent FF09"
FF04,GWN,3,BACKBONE,"t=80 [ENC_HELLO] TX: gwCh=0; chCh=0; secCh=0; sn=0 (encrypted)"
FF04,GWN,3,BACKBONE,"t=80 [TX] CMD.5 -> FF09"
FF04,GWN,3,BACKBONE,"[LOCK][CLEAR][ENC_HELLO_TX] partner=FF09"
FF04,GWN,3,BACKBONE,"t=80 [HANDSHAKE] Lock cleared (was with FF09)"
FF04,GWN,3,BACKBONE,"[LOCK][SET] partner=FF07 timeout=6"
FF04,GWN,3,BACKBONE,"t=84 [HANDSHAKE] Lock set with FF07 (timer=6)"
FF04,GWN,3,BACKBONE,"[LOCK][SET] partner=FF07 timeout=6"
FF04,GWN,3,BACKBONE,"t=84 [TX] CMD.0 -> FF07"
FF04,GWN,3,BACKBONE,"t=86 [RX] CMD.3 <- FF07 RSSI=0.7"
FF04,GWN,3,BACKBONE,"[LOCK][CLEAR][REJECT] partner=FF07"
FF04,GWN,3,BACKBONE,"t=86 [REJECT] Neighbor FF07 marked REJECT"
FF04,GWN,3,BACKBONE,"t=86 [HANDSHAKE] Lock cleared (was with FF07)"
FF04,GWN,3,BACKBONE,"t=86 [STATE] HANDSHAKE -> SECURE"
FF04,GWN,3,BACKBONE,"[LOCK][SET] partner=FF02 timeout=6"
FF04,GWN,3,BACKBONE,"t=87 [HANDSHAKE] Lock set with FF02 (timer=6)"
FF04,GWN,3,BACKBONE,"[LOCK][SET] partner=FF02 timeout=6"
FF04,GWN,3,BACKBONE,"t=87 [TX] CMD.0 -> FF02"
FF04,GWN,3,BACKBONE,"t=90 [ENC_HELLO] TX: gwCh=0; chCh=0; secCh=0; sn=0 (encrypted)"
FF04,GWN,3,BACKBONE,"t=90 [ENC_HELLO] Retry 1/3 sent (next at t=110)"
FF04,GWN,3,BACKBONE,"t=92 [PHY] Neighbour count: 20->21"
FF04,GWN,3,BACKBONE,"[LOCK][CLEAR] partner=FF02"
FF04,GWN,3,BACKBONE,"[LOCK][SET] partner=FF02 timeout=6"
FF04,GWN,3,BACKBONE,"t=94 [HANDSHAKE] Lock set with FF02 (timer=6)"
FF04,GWN,3,BACKBONE,"[LOCK][SET] partner=FF02 timeout=6"
FF04,GWN,3,BACKBONE,"t=94 [TX] CMD.0 -> FF02"
FF04,GWN,3,BACKBONE,"t=96 [RX] CMD.3 <- FF02 RSSI=0.1"
FF04,GWN,3,BACKBONE,"[LOCK][CLEAR][REJECT] partner=FF02"
FF04,GWN,3,BACKBONE,"t=96 [REJECT] Neighbor FF02 marked REJECT"
FF04,GWN,3,BACKBONE,"t=96 [HANDSHAKE] Lock cleared (was with FF02)"
FF04,GWN,3,BACKBONE,"t=96 [STATE] HANDSHAKE -> SECURE"
FF04,GWN,3,BACKBONE,"t=108 [PHY] Neighbour count: 21->22"
FF04,GWN,3,BACKBONE,"t=110 [ENC_HELLO] TX: gwCh=0; chCh=0; secCh=0; sn=0 (encrypted)"
FF04,GWN,3,BACKBONE,"t=110 [ENC_HELLO] Retry 2/3 sent (next at t=150)"
FF04,GWN,3,BACKBONE,"t=134 [PHY] Neighbour count: 22->23"
FF04,GWN,3,BACKBONE,"t=150 [ENC_HELLO] TX: gwCh=0; chCh=0; secCh=0; sn=0 (encrypted)"
FF04,GWN,3,BACKBONE,"t=150 [ENC_HELLO] Retry 3/3 sent (next at t=230)"
FF04,GWN,3,BACKBONE,"t=159 [PHY] Neighbour count: 23->24"
FF04,GWN,3,BACKBONE,"t=181 [PHY] Neighbour count: 24->25"
FF04,GWN,3,BACKBONE,"t=200 [PHASE_RX] Listening (Q_fwd=0; Q_local=0)"
FF04,GWN,3,BACKBONE,"t=201 [PHASE_TX] IDLE (queues empty)"
FF04,GWN,3,BACKBONE,"t=202 [PHASE_TX] IDLE (queues empty)"
FF04,GWN,3,BACKBONE,"t=203 [PHASE_TX] IDLE (queues empty)"
FF04,GWN,3,BACKBONE,"t=204 [PHASE_RX] Listening (Q_fwd=0; Q_local=0)"
FF04,GWN,3,BACKBONE,"t=205 [PHASE_RX] Listening (Q_fwd=0; Q_local=0)"
FF04,GWN,3,BACKBONE,"t=206 [PHASE_RX] Listening (Q_fwd=0; Q_local=0)"
FF04,GWN,3,BACKBONE,"t=207 [PHASE_TX] IDLE (queues empty)"
FF04,GWN,3,BACKBONE,"t=208 [PHASE_TX] IDLE (queues empty)"
FF04,GWN,3,BACKBONE,"t=209 [PHASE_TX] IDLE (queues empty)"
FF04,GWN,3,BACKBONE,"t=209 [Q_LOCAL] Queued CH_HELLO.1 (size=1/15)"
FF04,GWN,3,BACKBONE,"t=210 [PHASE_RX] Listening (Q_fwd=0; Q_local=1)"
FF04,GWN,3,BACKBONE,"t=211 [PHASE_RX] Listening (Q_fwd=0; Q_local=1)"
FF04,GWN,3,BACKBONE,"t=212 [PHASE_RX] Listening (Q_fwd=0; Q_local=1)"
FF04,GWN,3,BACKBONE,"t=213 [DEQUEUE] From Q_local (waited 4 TFs)"
FF04,GWN,3,BACKBONE,"t=213 [PHASE_TX] Sent CH_HELLO.1 -> FF09 (Q_fwd=0; Q_local=0)"
FF04,GWN,3,BACKBONE,"t=214 [PHASE_TX] IDLE (queues empty)"
FF04,GWN,3,BACKBONE,"t=215 [PHASE_TX] IDLE (queues empty)"
FF04,GWN,3,BACKBONE,"t=216 [PHASE_RX] Listening (Q_fwd=0; Q_local=0)"
FF04,GWN,3,BACKBONE,"t=217 [PHASE_RX] Listening (Q_fwd=0; Q_local=0)"
FF04,GWN,3,BACKBONE,"t=218 [PHASE_RX] Listening (Q_fwd=0; Q_local=0)"
FF04,GWN,3,BACKBONE,"t=219 [PHASE_TX] IDLE (queues empty)"
FF04,GWN,3,BACKBONE,"t=220 [PHASE_TX] IDLE (queues empty)"
FF04,GWN,3,BACKBONE,"t=221 [PHASE_TX] IDLE (queues empty)"
FF04,GWN,3,BACKBONE,"t=222 [PHASE_RX] Listening (Q_fwd=0; Q_local=0)"
FF04,GWN,3,BACKBONE,"t=223 [PHASE_RX] Listening (Q_fwd=0; Q_local=0)"
FF04,GWN,3,BACKBONE,"t=224 [PHASE_RX] Listening (Q_fwd=0; Q_local=0)"
FF04,GWN,3,BACKBONE,"t=225 [PHASE_TX] IDLE (queues empty)"
FF04,GWN,3,BACKBONE,"t=226 [PHASE_TX] IDLE (queues empty)"
FF04,GWN,3,BACKBONE,"t=227 [PHASE_TX] IDLE (queues empty)"
FF04,GWN,3,BACKBONE,"t=228 [PHASE_RX] Listening (Q_fwd=0; Q_local=0)"
FF04,GWN,3,BACKBONE,"t=229 [PHASE_RX] Listening (Q_fwd=0; Q_local=0)"
FF04,GWN,3,BACKBONE,"t=230 [ENC_HELLO] TX: gwCh=0; chCh=1; secCh=0; sn=0 (encrypted)"
FF04,GWN,3,BACKBONE,"t=230 [ENC_HELLO] Registry refresh #1 sent (next at t=310)"
FF04,GWN,3,BACKBONE,"t=230 [PHASE_RX] Listening (Q_fwd=0; Q_local=0)"
FF04,GWN,3,BACKBONE,"t=231 [PHASE_TX] IDLE (queues empty)"
FF04,GWN,3,BACKBONE,"t=232 [PHASE_TX] IDLE (queues empty)"
FF04,GWN,3,BACKBONE,"t=233 [PHASE_TX] IDLE (queues empty)"
FF04,GWN,3,BACKBONE,"t=234 [PHASE_RX] Listening (Q_fwd=0; Q_local=0)"
FF04,GWN,3,BACKBONE,"t=235 [PHASE_RX] Listening (Q_fwd=0; Q_local=0)"
FF04,GWN,3,BACKBONE,"t=236 [PHASE_RX] Listening (Q_fwd=0; Q_local=0)"
FF04,GWN,3,BACKBONE,"t=237 [PHASE_TX] IDLE (queues empty)"
FF04,GWN,3,BACKBONE,"t=238 [PHASE_TX] IDLE (queues empty)"
FF04,GWN,3,BACKBONE,"t=239 [PHASE_TX] IDLE (queues empty)"
FF04,GWN,3,BACKBONE,"t=240 [PHASE_RX] Listening (Q_fwd=0; Q_local=0)"
FF04,GWN,3,BACKBONE,"t=241 [PHASE_RX] Listening (Q_fwd=0; Q_local=0)"
FF04,GWN,3,BACKBONE,"t=242 [PHASE_RX] Listening (Q_fwd=0; Q_local=0)"
FF04,GWN,3,BACKBONE,"t=243 [PHASE_TX] IDLE (queues empty)"
FF04,GWN,3,BACKBONE,"t=244 [PHASE_TX] IDLE (queues empty)"
FF04,GWN,3,BACKBONE,"t=245 [PHASE_TX] IDLE (queues empty)"
FF04,GWN,3,BACKBONE,"t=246 [PHASE_RX] Listening (Q_fwd=0; Q_local=0)"
FF04,GWN,3,BACKBONE,"t=247 [PHASE_RX] Listening (Q_fwd=0; Q_local=0)"
FF04,GWN,3,BACKBONE,"t=248 [PHASE_RX] Listening (Q_fwd=0; Q_local=0)"
FF04,GWN,3,BACKBONE,"t=249 [PHASE_TX] IDLE (queues empty)"
FF04,GWN,3,ACCESS,"t=4 [PHY] Neighbour count: 3->4"
FF04,GWN,3,ACCESS,"t=5 [PHY] Neighbour count: 4->5"
FF04,GWN,3,ACCESS,"t=6 [PHY] Neighbour count: 5->6"
FF04,GWN,3,ACCESS,"t=10 [HELLO_TX] bcast battery=100.0%"
FF04,GWN,3,ACCESS,"t=12 [PHY] Neighbour count: 6->7"
FF04,GWN,3,ACCESS,"t=14 [PHY] Neighbour count: 7->8"
FF04,GWN,3,ACCESS,"t=16 [PHY] Neighbour count: 8->9"
FF04,GWN,3,ACCESS,"t=20 [HELLO_TX] bcast battery=100.0%"
FF04,GWN,3,ACCESS,"t=20 [PHY] Neighbour count: 9->10"
FF04,GWN,3,ACCESS,"t=22 [PHY] Neighbour count: 10->11"
FF04,GWN,3,ACCESS,"t=24 [PHY] Neighbour count: 11->12"
FF04,GWN,3,ACCESS,"t=26 [HELLO_TX] bcast battery=100.0%"
FF04,GWN,3,ACCESS,"t=26 [PHY] Neighbour count: 12->13"
FF04,GWN,3,ACCESS,"t=33 [PHY] Neighbour count: 13->14"
FF04,GWN,3,ACCESS,"t=36 [HELLO_TX] bcast battery=100.0%"
FF04,GWN,3,ACCESS,"t=41 [HELLO_TX] bcast battery=100.0%"
FF04,GWN,3,ACCESS,"t=47 [HELLO_TX] bcast battery=100.0%"
FF04,GWN,3,ACCESS,"t=53 [HELLO_TX] bcast battery=100.0%"
FF04,GWN,3,ACCESS,"t=57 [HELLO_TX] bcast battery=100.0%"
FF04,GWN,3,ACCESS,"t=59 [PHY] Neighbour count: 14->15"
FF04,GWN,3,ACCESS,"t=63 [PHY] Neighbour count: 15->16"
FF04,GWN,3,ACCESS,"t=64 [PHY] Neighbour count: 16->17"
FF04,GWN,3,ACCESS,"t=65 [PHY] Neighbour count: 17->18"
FF04,GWN,3,ACCESS,"t=66 [HELLO_TX] bcast battery=100.0%"
FF04,GWN,3,ACCESS,"t=67 [PHY] Neighbour count: 18->19"
FF04,GWN,3,ACCESS,"t=73 [PHY] Neighbour count: 19->20"
FF04,GWN,3,ACCESS,"t=74 [HELLO_TX] bcast battery=100.0%"
FF04,GWN,3,ACCESS,"t=81 [HELLO_TX] bcast battery=100.0%"
FF04,GWN,3,ACCESS,"t=89 [HELLO_TX] bcast battery=100.0%"
FF04,GWN,3,ACCESS,"t=92 [PHY] Neighbour count: 20->21"
FF04,GWN,3,ACCESS,"t=98 [HELLO_TX] bcast battery=100.0%"
FF04,GWN,3,ACCESS,"t=103 [HELLO_TX] bcast battery=100.0%"
FF04,GWN,3,ACCESS,"t=107 [HELLO_TX] bcast battery=100.0%"
FF04,GWN,3,ACCESS,"t=108 [PHY] Neighbour count: 21->22"
FF04,GWN,3,ACCESS,"t=113 [HELLO_TX] bcast battery=100.0%"
FF04,GWN,3,ACCESS,"t=122 [HELLO_TX] bcast battery=100.0%"
FF04,GWN,3,ACCESS,"t=130 [HELLO_TX] bcast battery=100.0%"
FF04,GWN,3,ACCESS,"t=134 [PHY] Neighbour count: 22->23"
FF04,GWN,3,ACCESS,"t=138 [HELLO_TX] bcast battery=100.0%"
FF04,GWN,3,ACCESS,"t=144 [HELLO_TX] bcast battery=100.0%"
FF04,GWN,3,ACCESS,"t=149 [HELLO_TX] bcast battery=100.0%"
FF04,GWN,3,ACCESS,"t=156 [HELLO_TX] bcast battery=100.0%"
FF04,GWN,3,ACCESS,"t=159 [PHY] Neighbour count: 23->24"
FF04,GWN,3,ACCESS,"t=161 [HELLO_TX] bcast battery=100.0%"
FF04,GWN,3,ACCESS,"t=171 [HELLO_TX] bcast battery=100.0%"
FF04,GWN,3,ACCESS,"t=181 [HELLO_TX] bcast battery=100.0%"
FF04,GWN,3,ACCESS,"t=181 [PHY] Neighbour count: 24->25"
FF04,GWN,3,ACCESS,"t=191 [HELLO_TX] bcast battery=100.0%"
FF04,GWN,3,ACCESS,"t=200 [HELLO_TX] bcast battery=100.0%"
FF04,GWN,3,ACCESS,"t=202 [RX] CH_CMD.0 <- AA01"
FF04,GWN,3,ACCESS,"[LOCK][SET] partner=AA01 timeout=4"
FF04,GWN,3,ACCESS,"t=202 [CH_ACK] -> AA01 (sending key)"
FF04,GWN,3,ACCESS,"t=205 [HELLO_TX] bcast battery=100.0%"
FF04,GWN,3,ACCESS,"t=206 [TIMEOUT] Sent CH_REJECT to orphaned AA01"
FF04,GWN,3,ACCESS,"[LOCK][TIMEOUT] partner=AA01"
FF04,GWN,3,ACCESS,"t=209 [RX] CH_CMD.2 <- AA01"
FF04,GWN,3,ACCESS,"[LOCK][CLEAR][CH_SUCCESS] partner=AA01"
FF04,GWN,3,ACCESS,"t=209 [CH_JOINED] AA01 added to children"
FF04,GWN,3,ACCESS,"t=212 [RX] CH_CMD.0 <- AA09"
FF04,GWN,3,ACCESS,"[LOCK][SET] partner=AA09 timeout=4"
FF04,GWN,3,ACCESS,"t=212 [CH_ACK] -> AA09 (sending key)"
FF04,GWN,3,ACCESS,"t=214 [HELLO_TX] bcast battery=100.0%"
FF04,GWN,3,ACCESS,"t=216 [TIMEOUT] Sent CH_REJECT to orphaned AA09"
FF04,GWN,3,ACCESS,"[LOCK][TIMEOUT] partner=AA09"
FF04,GWN,3,ACCESS,"t=216 [RX] CH_CMD.3 <- AA09"
FF04,GWN,3,ACCESS,"t=217 [RX] CH_CMD.0 <- AA09"
FF04,GWN,3,ACCESS,"[LOCK][SET] partner=AA09 timeout=4"
FF04,GWN,3,ACCESS,"t=217 [CH_ACK] -> AA09 (sending key)"
FF04,GWN,3,ACCESS,"t=220 [HELLO_TX] bcast battery=100.0%"
FF04,GWN,3,ACCESS,"t=221 [TIMEOUT] Sent CH_REJECT to orphaned AA09"
FF04,GWN,3,ACCESS,"[LOCK][TIMEOUT] partner=AA09"
FF04,GWN,3,ACCESS,"t=221 [RX] CH_CMD.3 <- AA09"
FF04,GWN,3,ACCESS,"t=224 [HELLO_TX] bcast battery=100.0%"
FF04,GWN,3,ACCESS,"t=234 [HELLO_TX] bcast battery=100.0%"
FF04,GWN,3,ACCESS,"t=244 [HELLO_TX] bcast battery=100.0%"
FF04,GWN,3,UNIFIED,"t=2 [PHY] Neighbor count=1"
FF04,GWN,3,UNIFIED,"t=3 [PHY] Neighbor count=2"
FF04,GWN,3,UNIFIED,"t=4 [PHY] Neighbor count=3"
FF04,GWN,3,UNIFIED,"t=4 [PHY] Neighbour count: 3->4"
FF04,GWN,3,UNIFIED,"t=5 [PHY] Neighbor count=4"
FF04,GWN,3,UNIFIED,"t=5 [PHY] Neighbour count: 4->5"
FF04,GWN,3,UNIFIED,"t=6 [PHY] Neighbor count=5"
FF04,GWN,3,UNIFIED,"t=6 [PHY] Neighbour count: 5->6"
FF04,GWN,3,UNIFIED,"t=7 [PHY] Neighbor count=6"
FF04,GWN,3,UNIFIED,"[BB] t=7 [TX] HB.0 -> <BCAST>"
FF04,GWN,3,UNIFIED,"[AC] t=10 [HELLO_TX] bcast battery=100.0%"
FF04,GWN,3,UNIFIED,"t=12 [PHY] Neighbour count: 6->7"
FF04,GWN,3,UNIFIED,"t=13 [PHY] Neighbor count=7"
FF04,GWN,3,UNIFIED,"[BB] t=14 [TX] HB.0 -> <BCAST>"
FF04,GWN,3,UNIFIED,"t=14 [PHY] Neighbour count: 7->8"
FF04,GWN,3,UNIFIED,"t=15 [PHY] Neighbor count=8"
FF04,GWN,3,UNIFIED,"t=16 [PHY] Neighbour count: 8->9"
FF04,GWN,3,UNIFIED,"t=17 [PHY] Neighbor count=9"
FF04,GWN,3,UNIFIED,"[AC] t=20 [HELLO_TX] bcast battery=100.0%"
FF04,GWN,3,UNIFIED,"t=20 [PHY] Neighbour count: 9->10"
FF04,GWN,3,UNIFIED,"t=21 [PHY] Neighbor count=10"
FF04,GWN,3,UNIFIED,"[BB] t=21 [TX] HB.0 -> <BCAST>"
FF04,GWN,3,UNIFIED,"t=22 [STATE] BOOT→DISCOVERY (neighbors=10)"
FF04,GWN,3,UNIFIED,"t=22 [PHY] Neighbour count: 10->11"
FF04,GWN,3,UNIFIED,"t=23 [PHY] Neighbor count=11"
FF04,GWN,3,UNIFIED,"t=24 [PHY] Neighbour count: 11->12"
FF04,GWN,3,UNIFIED,"t=25 [PHY] Neighbor count=12"
FF04,GWN,3,UNIFIED,"[AC] t=26 [HELLO_TX] bcast battery=100.0%"
FF04,GWN,3,UNIFIED,"t=26 [PHY] Neighbour count: 12->13"
FF04,GWN,3,UNIFIED,"t=27 [PHY] Neighbor count=13"
FF04,GWN,3,UNIFIED,"[BB] t=28 [TX] HB.1 -> <BCAST>"
FF04,GWN,3,UNIFIED,"t=33 [PHY] Neighbour count: 13->14"
FF04,GWN,3,UNIFIED,"t=34 [PHY] Neighbor count=14"
FF04,GWN,3,UNIFIED,"[BB] t=35 [TX] HB.1 -> <BCAST>"
FF04,GWN,3,UNIFIED,"[AC] t=36 [HELLO_TX] bcast battery=100.0%"
FF04,GWN,3,UNIFIED,"[AC] t=41 [HELLO_TX] bcast battery=100.0%"
FF04,GWN,3,UNIFIED,"[BB] t=42 [TX] HB.1 -> <BCAST>"
FF04,GWN,3,UNIFIED,"[AC] t=47 [HELLO_TX] bcast battery=100.0%"
FF04,GWN,3,UNIFIED,"[BB] t=49 [TX] HB.1 -> <BCAST>"
FF04,GWN,3,UNIFIED,"[AC] t=53 [HELLO_TX] bcast battery=100.0%"
FF04,GWN,3,UNIFIED,"[BB] t=56 [TX] HB.1 -> <BCAST>"
FF04,GWN,3,UNIFIED,"[AC] t=57 [HELLO_TX] bcast battery=100.0%"
FF04,GWN,3,UNIFIED,"t=59 [PHY] Neighbour count: 14->15"
FF04,GWN,3,UNIFIED,"t=60 [PHY] Neighbor count=15"
FF04,GWN,3,UNIFIED,"[BB] t=63 [TX] HB.1 -> <BCAST>"
FF04,GWN,3,UNIFIED,"t=63 [PHY] Neighbour count: 15->16"
FF04,GWN,3,UNIFIED,"t=64 [PHY] Neighbor count=16"
FF04,GWN,3,UNIFIED,"t=64 [PHY] Neighbour count: 16->17"
FF04,GWN,3,UNIFIED,"t=65 [PHY] Neighbor count=17"
FF04,GWN,3,UNIFIED,"t=65 [PHY] Neighbour count: 17->18"
FF04,GWN,3,UNIFIED,"t=66 [PHY] Neighbor count=18"
FF04,GWN,3,UNIFIED,"[AC] t=66 [HELLO_TX] bcast battery=100.0%"
FF04,GWN,3,UNIFIED,"t=67 [PHY] Neighbour count: 18->19"
FF04,GWN,3,UNIFIED,"t=68 [PHY] Neighbor count=19"
FF04,GWN,3,UNIFIED,"[BB] t=70 [TX] HB.1 -> <BCAST>"
FF04,GWN,3,UNIFIED,"t=73 [PHY] Neighbour count: 19->20"
FF04,GWN,3,UNIFIED,"t=74 [PHY] Neighbor count=20"
FF04,GWN,3,UNIFIED,"[AC] t=74 [HELLO_TX] bcast battery=100.0%"
FF04,GWN,3,UNIFIED,"[BB] t=75 [RX] CMD.0 <- FF09 RSSI=1.2"
FF04,GWN,3,UNIFIED,"[BB] t=75 [TX] CMD.1 -> FF09"
FF04,GWN,3,UNIFIED,"[BB] t=75 [TX] CMD.1 -> FF09"
FF04,GWN,3,UNIFIED,"[BB] t=75 [STATE] DISCOVERY -> HANDSHAKE"
FF04,GWN,3,UNIFIED,"[BB] [LOCK][SET] partner=FF09 timeout=6"
FF04,GWN,3,UNIFIED,"[BB] t=75 [HANDSHAKE] Lock set with FF09 (timer=6)"
FF04,GWN,3,UNIFIED,"[BB] t=79 [RX] CMD.2 <- FF09 RSSI=1.2"
FF04,GWN,3,UNIFIED,"[BB] [LOCK][REFRESH] partner=FF09 timeout=6"
FF04,GWN,3,UNIFIED,"[BB] [LOCK][SET] partner=FF09 timeout=6"
FF04,GWN,3,UNIFIED,"[BB] t=79 [PARENT] Set parent -> FF09"
FF04,GWN,3,UNIFIED,"[BB] t=80 [RX] CMD.4 <- FF09 RSSI=1.2"
FF04,GWN,3,UNIFIED,"[BB] [LOCK][REFRESH] partner=FF09 timeout=6"
FF04,GWN,3,UNIFIED,"[BB] t=80 [PHASE] Inherited phaseOffset=1 from parent FF09"
FF04,GWN,3,UNIFIED,"[BB] t=80 [ENC_HELLO] TX: gwCh=0; chCh=0; secCh=0; sn=0 (encrypted)"
FF04,GWN,3,UNIFIED,"[BB] t=80 [TX] CMD.5 -> FF09"
FF04,GWN,3,UNIFIED,"[BB] [LOCK][CLEAR][ENC_HELLO_TX] partner=FF09"
FF04,GWN,3,UNIFIED,"[BB] t=80 [HANDSHAKE] Lock cleared (was with FF09)"
FF04,GWN,3,UNIFIED,"[AC] t=81 [HELLO_TX] bcast battery=100.0%"
FF04,GWN,3,UNIFIED,"t=84 [RECRUIT] INIT(1/4) -> FF07"
FF04,GWN,3,UNIFIED,"[BB] [LOCK][SET] partner=FF07 timeout=6"
FF04,GWN,3,UNIFIED,"[BB] t=84 [HANDSHAKE] Lock set with FF07 (timer=6)"
FF04,GWN,3,UNIFIED,"[BB] [LOCK][SET] partner=FF07 timeout=6"
FF04,GWN,3,UNIFIED,"[BB] t=84 [TX] CMD.0 -> FF07"
FF04,GWN,3,UNIFIED,"[BB] t=86 [RX] CMD.3 <- FF07 RSSI=0.7"
FF04,GWN,3,UNIFIED,"[BB] [LOCK][CLEAR][REJECT] partner=FF07"
FF04,GWN,3,UNIFIED,"t=86 [RX] PARENT_REJECT from FF07; trying next"
FF04,GWN,3,UNIFIED,"[BB] t=86 [REJECT] Neighbor FF07 marked REJECT"
FF04,GWN,3,UNIFIED,"[BB] t=86 [HANDSHAKE] Lock cleared (was with FF07)"
FF04,GWN,3,UNIFIED,"[BB] t=86 [STATE] HANDSHAKE -> SECURE"
FF04,GWN,3,UNIFIED,"t=87 [RECRUIT] INIT(1/4) -> FF02"
FF04,GWN,3,UNIFIED,"[BB] [LOCK][SET] partner=FF02 timeout=6"
FF04,GWN,3,UNIFIED,"[BB] t=87 [HANDSHAKE] Lock set with FF02 (timer=6)"
FF04,GWN,3,UNIFIED,"[BB] [LOCK][SET] partner=FF02 timeout=6"
FF04,GWN,3,UNIFIED,"[BB] t=87 [TX] CMD.0 -> FF02"
FF04,GWN,3,UNIFIED,"[AC] t=89 [HELLO_TX] bcast battery=100.0%"
FF04,GWN,3,UNIFIED,"[BB] t=90 [ENC_HELLO] TX: gwCh=0; chCh=0; secCh=0; sn=0 (encrypted)"
FF04,GWN,3,UNIFIED,"[BB] t=90 [ENC_HELLO] Retry 1/3 sent (next at t=110)"
FF04,GWN,3,UNIFIED,"t=92 [PHY] Neighbour count: 20->21"
FF04,GWN,3,UNIFIED,"t=93 [PHY] Neighbor count=21"
FF04,GWN,3,UNIFIED,"t=93 [TIMEOUT] Attempt 1/4 for FF02 - will retry"
FF04,GWN,3,UNIFIED,"[BB] [LOCK][CLEAR] partner=FF02"
FF04,GWN,3,UNIFIED,"t=94 [RECRUIT] INIT(2/4) -> FF02"
FF04,GWN,3,UNIFIED,"[BB] [LOCK][SET] partner=FF02 timeout=6"
FF04,GWN,3,UNIFIED,"[BB] t=94 [HANDSHAKE] Lock set with FF02 (timer=6)"
FF04,GWN,3,UNIFIED,"[BB] [LOCK][SET] partner=FF02 timeout=6"
FF04,GWN,3,UNIFIED,"[BB] t=94 [TX] CMD.0 -> FF02"
FF04,GWN,3,UNIFIED,"[BB] t=96 [RX] CMD.3 <- FF02 RSSI=0.1"
FF04,GWN,3,UNIFIED,"[BB] [LOCK][CLEAR][REJECT] partner=FF02"
FF04,GWN,3,UNIFIED,"t=96 [RX] PARENT_REJECT from FF02; trying next"
FF04,GWN,3,UNIFIED,"[BB] t=96 [REJECT] Neighbor FF02 marked REJECT"
FF04,GWN,3,UNIFIED,"[BB] t=96 [HANDSHAKE] Lock cleared (was with FF02)"
FF04,GWN,3,UNIFIED,"[BB] t=96 [STATE] HANDSHAKE -> SECURE"
FF04,GWN,3,UNIFIED,"t=97 [SCALE_EXHAUSTED] Power 6.00 -> 6.60 (all neighbors rejected)"
FF04,GWN,3,UNIFIED,"t=98 [SCALE_EXHAUSTED] Power 6.60 -> 7.26 (all neighbors rejected)"
FF04,GWN,3,UNIFIED,"[AC] t=98 [HELLO_TX] bcast battery=100.0%"
FF04,GWN,3,UNIFIED,"t=99 [SCALE_EXHAUSTED] Power 7.26 -> 7.99 (all neighbors rejected)"
FF04,GWN,3,UNIFIED,"t=100 [SCALE_EXHAUSTED] Power 7.99 -> 8.78 (all neighbors rejected)"
FF04,GWN,3,UNIFIED,"t=101 [SCALE_EXHAUSTED] Power 8.78 -> 9.66 (all neighbors rejected)"
FF04,GWN,3,UNIFIED,"t=102 [SCALE_EXHAUSTED] Power 9.66 -> 10.63 (all neighbors rejected)"
FF04,GWN,3,UNIFIED,"t=103 [SCALE_EXHAUSTED] Power 10.63 -> 11.69 (all neighbors rejected)"
FF04,GWN,3,UNIFIED,"[AC] t=103 [HELLO_TX] bcast battery=100.0%"
FF04,GWN,3,UNIFIED,"t=104 [SCALE_EXHAUSTED] Power 11.69 -> 12.00 (all neighbors rejected)"
FF04,GWN,3,UNIFIED,"t=105 [TERMINAL] All neighbors rejected at Max Power. Waiting."
FF04,GWN,3,UNIFIED,"t=106 [TERMINAL] All neighbors rejected at Max Power. Waiting."
FF04,GWN,3,UNIFIED,"t=107 [TERMINAL] All neighbors rejected at Max Power. Waiting."
FF04,GWN,3,UNIFIED,"[AC] t=107 [HELLO_TX] bcast battery=100.0%"
FF04,GWN,3,UNIFIED,"t=108 [TERMINAL] All neighbors rejected at Max Power. Waiting."
FF04,GWN,3,UNIFIED,"t=108 [PHY] Neighbour count: 21->22"
FF04,GWN,3,UNIFIED,"t=109 [PHY] Neighbor count=22"
FF04,GWN,3,UNIFIED,"t=109 [TERMINAL] All neighbors rejected at Max Power. Waiting."
FF04,GWN,3,UNIFIED,"[BB] t=110 [ENC_HELLO] TX: gwCh=0; chCh=0; secCh=0; sn=0 (encrypted)"
FF04,GWN,3,UNIFIED,"[BB] t=110 [ENC_HELLO] Retry 2/3 sent (next at t=150)"
FF04,GWN,3,UNIFIED,"t=110 [TERMINAL] All neighbors rejected at Max Power. Waiting."
FF04,GWN,3,UNIFIED,"t=111 [TERMINAL] All neighbors rejected at Max Power. Waiting."
FF04,GWN,3,UNIFIED,"t=112 [TERMINAL] All neighbors rejected at Max Power. Waiting."
FF04,GWN,3,UNIFIED,"t=113 [TERMINAL] All neighbors rejected at Max Power. Waiting."
FF04,GWN,3,UNIFIED,"[AC] t=113 [HELLO_TX] bcast battery=100.0%"
FF04,GWN,3,UNIFIED,"t=114 [TERMINAL] All neighbors rejected at Max Power. Waiting."
FF04,GWN,3,UNIFIED,"t=115 [TERMINAL] All neighbors rejected at Max Power. Waiting."
FF04,GWN,3,UNIFIED,"t=116 [TERMINAL] All neighbors rejected at Max Power. Waiting."
FF04,GWN,3,UNIFIED,"t=117 [TERMINAL] All neighbors rejected at Max Power. Waiting."
FF04,GWN,3,UNIFIED,"t=118 [TERMINAL] All neighbors rejected at Max Power. Waiting."
FF04,GWN,3,UNIFIED,"t=119 [TERMINAL] All neighbors rejected at Max Power. Waiting."
FF04,GWN,3,UNIFIED,"t=120 [TERMINAL] All neighbors rejected at Max Power. Waiting."
FF04,GWN,3,UNIFIED,"t=121 [TERMINAL] All neighbors rejected at Max Power. Waiting."
FF04,GWN,3,UNIFIED,"t=122 [TERMINAL] All neighbors rejected at Max Power. Waiting."
FF04,GWN,3,UNIFIED,"[AC] t=122 [HELLO_TX] bcast battery=100.0%"
FF04,GWN,3,UNIFIED,"t=123 [TERMINAL] All neighbors rejected at Max Power. Waiting."
FF04,GWN,3,UNIFIED,"t=124 [TERMINAL] All neighbors rejected at Max Power. Waiting."
FF04,GWN,3,UNIFIED,"t=125 [TERMINAL] All neighbors rejected at Max Power. Waiting."
FF04,GWN,3,UNIFIED,"t=126 [TERMINAL] All neighbors rejected at Max Power. Waiting."
FF04,GWN,3,UNIFIED,"t=127 [TERMINAL] All neighbors rejected at Max Power. Waiting."
FF04,GWN,3,UNIFIED,"t=128 [TERMINAL] All neighbors rejected at Max Power. Waiting."
FF04,GWN,3,UNIFIED,"t=129 [TERMINAL] All neighbors rejected at Max Power. Waiting."
FF04,GWN,3,UNIFIED,"t=130 [TERMINAL] All neighbors rejected at Max Power. Waiting."
FF04,GWN,3,UNIFIED,"[AC] t=130 [HELLO_TX] bcast battery=100.0%"
FF04,GWN,3,UNIFIED,"t=131 [TERMINAL] All neighbors rejected at Max Power. Waiting."
FF04,GWN,3,UNIFIED,"t=132 [TERMINAL] All neighbors rejected at Max Power. Waiting."
FF04,GWN,3,UNIFIED,"t=133 [TERMINAL] All neighbors rejected at Max Power. Waiting."
FF04,GWN,3,UNIFIED,"t=134 [TERMINAL] All neighbors rejected at Max Power. Waiting."
FF04,GWN,3,UNIFIED,"t=134 [PHY] Neighbour count: 22->23"
FF04,GWN,3,UNIFIED,"t=135 [PHY] Neighbor count=23"
FF04,GWN,3,UNIFIED,"t=135 [TERMINAL] All neighbors rejected at Max Power. Waiting."
FF04,GWN,3,UNIFIED,"t=136 [TERMINAL] All neighbors rejected at Max Power. Waiting."
FF04,GWN,3,UNIFIED,"t=137 [TERMINAL] All neighbors rejected at Max Power. Waiting."
FF04,GWN,3,UNIFIED,"t=138 [TERMINAL] All neighbors rejected at Max Power. Waiting."
FF04,GWN,3,UNIFIED,"[AC] t=138 [HELLO_TX] bcast battery=100.0%"
FF04,GWN,3,UNIFIED,"t=139 [TERMINAL] All neighbors rejected at Max Power. Waiting."
FF04,GWN,3,UNIFIED,"t=140 [TERMINAL] All neighbors rejected at Max Power. Waiting."
FF04,GWN,3,UNIFIED,"t=141 [TERMINAL] All neighbors rejected at Max Power. Waiting."
FF04,GWN,3,UNIFIED,"t=142 [TERMINAL] All neighbors rejected at Max Power. Waiting."
FF04,GWN,3,UNIFIED,"t=143 [TERMINAL] All neighbors rejected at Max Power. Waiting."
FF04,GWN,3,UNIFIED,"t=144 [TERMINAL] All neighbors rejected at Max Power. Waiting."
FF04,GWN,3,UNIFIED,"[AC] t=144 [HELLO_TX] bcast battery=100.0%"
FF04,GWN,3,UNIFIED,"t=145 [TERMINAL] All neighbors rejected at Max Power. Waiting."
FF04,GWN,3,UNIFIED,"t=146 [TERMINAL] All neighbors rejected at Max Power. Waiting."
FF04,GWN,3,UNIFIED,"t=147 [TERMINAL] All neighbors rejected at Max Power. Waiting."
FF04,GWN,3,UNIFIED,"t=148 [TERMINAL] All neighbors rejected at Max Power. Waiting."
FF04,GWN,3,UNIFIED,"t=149 [TERMINAL] All neighbors rejected at Max Power. Waiting."
FF04,GWN,3,UNIFIED,"[AC] t=149 [HELLO_TX] bcast battery=100.0%"
FF04,GWN,3,UNIFIED,"[BB] t=150 [ENC_HELLO] TX: gwCh=0; chCh=0; secCh=0; sn=0 (encrypted)"
FF04,GWN,3,UNIFIED,"[BB] t=150 [ENC_HELLO] Retry 3/3 sent (next at t=230)"
FF04,GWN,3,UNIFIED,"t=150 [TERMINAL] All neighbors rejected at Max Power. Waiting."
FF04,GWN,3,UNIFIED,"t=151 [TERMINAL] All neighbors rejected at Max Power. Waiting."
FF04,GWN,3,UNIFIED,"t=152 [TERMINAL] All neighbors rejected at Max Power. Waiting."
FF04,GWN,3,UNIFIED,"t=153 [TERMINAL] All neighbors rejected at Max Power. Waiting."
FF04,GWN,3,UNIFIED,"t=154 [TERMINAL] All neighbors rejected at Max Power. Waiting."
FF04,GWN,3,UNIFIED,"t=155 [TERMINAL] All neighbors rejected at Max Power. Waiting."
FF04,GWN,3,UNIFIED,"t=156 [TERMINAL] All neighbors rejected at Max Power. Waiting."
FF04,GWN,3,UNIFIED,"[AC] t=156 [HELLO_TX] bcast battery=100.0%"
FF04,GWN,3,UNIFIED,"t=157 [TERMINAL] All neighbors rejected at Max Power. Waiting."
FF04,GWN,3,UNIFIED,"t=158 [TERMINAL] All neighbors rejected at Max Power. Waiting."
FF04,GWN,3,UNIFIED,"t=159 [TERMINAL] All neighbors rejected at Max Power. Waiting."
FF04,GWN,3,UNIFIED,"t=159 [PHY] Neighbour count: 23->24"
FF04,GWN,3,UNIFIED,"t=160 [PHY] Neighbor count=24"
FF04,GWN,3,UNIFIED,"t=160 [TERMINAL] All neighbors rejected at Max Power. Waiting."
FF04,GWN,3,UNIFIED,"t=161 [TERMINAL] All neighbors rejected at Max Power. Waiting."
FF04,GWN,3,UNIFIED,"[AC] t=161 [HELLO_TX] bcast battery=100.0%"
FF04,GWN,3,UNIFIED,"t=162 [TERMINAL] All neighbors rejected at Max Power. Waiting."
FF04,GWN,3,UNIFIED,"t=163 [TERMINAL] All neighbors rejected at Max Power. Waiting."
FF04,GWN,3,UNIFIED,"t=164 [TERMINAL] All neighbors rejected at Max Power. Waiting."
FF04,GWN,3,UNIFIED,"t=165 [TERMINAL] All neighbors rejected at Max Power. Waiting."
FF04,GWN,3,UNIFIED,"t=166 [TERMINAL] All neighbors rejected at Max Power. Waiting."
FF04,GWN,3,UNIFIED,"t=167 [TERMINAL] All neighbors rejected at Max Power. Waiting."
FF04,GWN,3,UNIFIED,"t=168 [TERMINAL] All neighbors rejected at Max Power. Waiting."
FF04,GWN,3,UNIFIED,"t=169 [TERMINAL] All neighbors rejected at Max Power. Waiting."
FF04,GWN,3,UNIFIED,"t=170 [TERMINAL] All neighbors rejected at Max Power. Waiting."
FF04,GWN,3,UNIFIED,"t=171 [TERMINAL] All neighbors rejected at Max Power. Waiting."
FF04,GWN,3,UNIFIED,"[AC] t=171 [HELLO_TX] bcast battery=100.0%"
FF04,GWN,3,UNIFIED,"t=172 [TERMINAL] All neighbors rejected at Max Power. Waiting."
FF04,GWN,3,UNIFIED,"t=173 [TERMINAL] All neighbors rejected at Max Power. Waiting."
FF04,GWN,3,UNIFIED,"t=174 [TERMINAL] All neighbors rejected at Max Power. Waiting."
FF04,GWN,3,UNIFIED,"t=175 [TERMINAL] All neighbors rejected at Max Power. Waiting."
FF04,GWN,3,UNIFIED,"t=176 [TERMINAL] All neighbors rejected at Max Power. Waiting."
FF04,GWN,3,UNIFIED,"t=177 [TERMINAL] All neighbors rejected at Max Power. Waiting."
FF04,GWN,3,UNIFIED,"t=178 [TERMINAL] All neighbors rejected at Max Power. Waiting."
FF04,GWN,3,UNIFIED,"t=179 [TERMINAL] All neighbors rejected at Max Power. Waiting."
FF04,GWN,3,UNIFIED,"t=180 [TERMINAL] All neighbors rejected at Max Power. Waiting."
FF04,GWN,3,UNIFIED,"t=181 [TERMINAL] All neighbors rejected at Max Power. Waiting."
FF04,GWN,3,UNIFIED,"[AC] t=181 [HELLO_TX] bcast battery=100.0%"
FF04,GWN,3,UNIFIED,"t=181 [PHY] Neighbour count: 24->25"
FF04,GWN,3,UNIFIED,"t=182 [PHY] Neighbor count=25"
FF04,GWN,3,UNIFIED,"t=182 [TERMINAL] All neighbors rejected at Max Power. Waiting."
FF04,GWN,3,UNIFIED,"t=183 [TERMINAL] All neighbors rejected at Max Power. Waiting."
FF04,GWN,3,UNIFIED,"t=184 [TERMINAL] All neighbors rejected at Max Power. Waiting."
FF04,GWN,3,UNIFIED,"t=185 [TERMINAL] All neighbors rejected at Max Power. Waiting."
FF04,GWN,3,UNIFIED,"t=186 [TERMINAL] All neighbors rejected at Max Power. Waiting."
FF04,GWN,3,UNIFIED,"t=187 [TERMINAL] All neighbors rejected at Max Power. Waiting."
FF04,GWN,3,UNIFIED,"t=188 [TERMINAL] All neighbors rejected at Max Power. Waiting."
FF04,GWN,3,UNIFIED,"t=189 [TERMINAL] All neighbors rejected at Max Power. Waiting."
FF04,GWN,3,UNIFIED,"t=190 [TERMINAL] All neighbors rejected at Max Power. Waiting."
FF04,GWN,3,UNIFIED,"t=191 [TERMINAL] All neighbors rejected at Max Power. Waiting."
FF04,GWN,3,UNIFIED,"[AC] t=191 [HELLO_TX] bcast battery=100.0%"
FF04,GWN,3,UNIFIED,"t=192 [TERMINAL] All neighbors rejected at Max Power. Waiting."
FF04,GWN,3,UNIFIED,"t=193 [TERMINAL] All neighbors rejected at Max Power. Waiting."
FF04,GWN,3,UNIFIED,"t=194 [TERMINAL] All neighbors rejected at Max Power. Waiting."
FF04,GWN,3,UNIFIED,"t=195 [TERMINAL] All neighbors rejected at Max Power. Waiting."
FF04,GWN,3,UNIFIED,"t=196 [TERMINAL] All neighbors rejected at Max Power. Waiting."
FF04,GWN,3,UNIFIED,"t=197 [TERMINAL] All neighbors rejected at Max Power. Waiting."
FF04,GWN,3,UNIFIED,"t=198 [TERMINAL] All neighbors rejected at Max Power. Waiting."
FF04,GWN,3,UNIFIED,"t=199 [TERMINAL] All neighbors rejected at Max Power. Waiting."
FF04,GWN,3,UNIFIED,"[BB] t=200 [PHASE_RX] Listening (Q_fwd=0; Q_local=0)"
FF04,GWN,3,UNIFIED,"t=200 [TERMINAL] All neighbors rejected at Max Power. Waiting."
FF04,GWN,3,UNIFIED,"[AC] t=200 [HELLO_TX] bcast battery=100.0%"
FF04,GWN,3,UNIFIED,"[BB] t=201 [PHASE_TX] IDLE (queues empty)"
FF04,GWN,3,UNIFIED,"t=201 [TERMINAL] All neighbors rejected at Max Power. Waiting."
FF04,GWN,3,UNIFIED,"[BB] t=202 [PHASE_TX] IDLE (queues empty)"
FF04,GWN,3,UNIFIED,"t=202 [TERMINAL] All neighbors rejected at Max Power. Waiting."
FF04,GWN,3,UNIFIED,"[AC] t=202 [RX] CH_CMD.0 <- AA01"
FF04,GWN,3,UNIFIED,"[AC] [LOCK][SET] partner=AA01 timeout=4"
FF04,GWN,3,UNIFIED,"[AC] t=202 [CH_ACK] -> AA01 (sending key)"
FF04,GWN,3,UNIFIED,"[BB] t=203 [PHASE_TX] IDLE (queues empty)"
FF04,GWN,3,UNIFIED,"t=203 [TERMINAL] All neighbors rejected at Max Power. Waiting."
FF04,GWN,3,UNIFIED,"[BB] t=204 [PHASE_RX] Listening (Q_fwd=0; Q_local=0)"
FF04,GWN,3,UNIFIED,"t=204 [TERMINAL] All neighbors rejected at Max Power. Waiting."
FF04,GWN,3,UNIFIED,"[BB] t=205 [PHASE_RX] Listening (Q_fwd=0; Q_local=0)"
FF04,GWN,3,UNIFIED,"t=205 [TERMINAL] All neighbors rejected at Max Power. Waiting."
FF04,GWN,3,UNIFIED,"[AC] t=205 [HELLO_TX] bcast battery=100.0%"
FF04,GWN,3,UNIFIED,"[AC] t=206 [TIMEOUT] Sent CH_REJECT to orphaned AA01"
FF04,GWN,3,UNIFIED,"[AC] [LOCK][TIMEOUT] partner=AA01"
FF04,GWN,3,UNIFIED,"[BB] t=206 [PHASE_RX] Listening (Q_fwd=0; Q_local=0)"
FF04,GWN,3,UNIFIED,"t=206 [TERMINAL] All neighbors rejected at Max Power. Waiting."
FF04,GWN,3,UNIFIED,"[BB] t=207 [PHASE_TX] IDLE (queues empty)"
FF04,GWN,3,UNIFIED,"t=207 [TERMINAL] All neighbors rejected at Max Power. Waiting."
FF04,GWN,3,UNIFIED,"[BB] t=208 [PHASE_TX] IDLE (queues empty)"
FF04,GWN,3,UNIFIED,"t=208 [TERMINAL] All neighbors rejected at Max Power. Waiting."
FF04,GWN,3,UNIFIED,"[BB] t=209 [PHASE_TX] IDLE (queues empty)"
FF04,GWN,3,UNIFIED,"t=209 [TERMINAL] All neighbors rejected at Max Power. Waiting."
FF04,GWN,3,UNIFIED,"[AC] t=209 [RX] CH_CMD.2 <- AA01"
FF04,GWN,3,UNIFIED,"[AC] [LOCK][CLEAR][CH_SUCCESS] partner=AA01"
FF04,GWN,3,UNIFIED,"[AC] t=209 [CH_JOINED] AA01 added to children"
FF04,GWN,3,UNIFIED,"[BB] t=209 [Q_LOCAL] Queued CH_HELLO.1 (size=1/15)"
FF04,GWN,3,UNIFIED,"[BB] t=210 [PHASE_RX] Listening (Q_fwd=0; Q_local=1)"
FF04,GWN,3,UNIFIED,"t=210 [TERMINAL] All neighbors rejected at Max Power. Waiting."
FF04,GWN,3,UNIFIED,"[BB] t=211 [PHASE_RX] Listening (Q_fwd=0; Q_local=1)"
FF04,GWN,3,UNIFIED,"t=211 [TERMINAL] All neighbors rejected at Max Power. Waiting."
FF04,GWN,3,UNIFIED,"[BB] t=212 [PHASE_RX] Listening (Q_fwd=0; Q_local=1)"
FF04,GWN,3,UNIFIED,"t=212 [TERMINAL] All neighbors rejected at Max Power. Waiting."
FF04,GWN,3,UNIFIED,"[AC] t=212 [RX] CH_CMD.0 <- AA09"
FF04,GWN,3,UNIFIED,"[AC] [LOCK][SET] partner=AA09 timeout=4"
FF04,GWN,3,UNIFIED,"[AC] t=212 [CH_ACK] -> AA09 (sending key)"
FF04,GWN,3,UNIFIED,"[BB] t=213 [DEQUEUE] From Q_local (waited 4 TFs)"
FF04,GWN,3,UNIFIED,"[BB] t=213 [PHASE_TX] Sent CH_HELLO.1 -> FF09 (Q_fwd=0; Q_local=0)"
FF04,GWN,3,UNIFIED,"t=213 [TERMINAL] All neighbors rejected at Max Power. Waiting."
FF04,GWN,3,UNIFIED,"[BB] t=214 [PHASE_TX] IDLE (queues empty)"
FF04,GWN,3,UNIFIED,"t=214 [TERMINAL] All neighbors rejected at Max Power. Waiting."
FF04,GWN,3,UNIFIED,"[AC] t=214 [HELLO_TX] bcast battery=100.0%"
FF04,GWN,3,UNIFIED,"[BB] t=215 [PHASE_TX] IDLE (queues empty)"
FF04,GWN,3,UNIFIED,"t=215 [TERMINAL] All neighbors rejected at Max Power. Waiting."
FF04,GWN,3,UNIFIED,"[AC] t=216 [TIMEOUT] Sent CH_REJECT to orphaned AA09"
FF04,GWN,3,UNIFIED,"[AC] [LOCK][TIMEOUT] partner=AA09"
FF04,GWN,3,UNIFIED,"[BB] t=216 [PHASE_RX] Listening (Q_fwd=0; Q_local=0)"
FF04,GWN,3,UNIFIED,"t=216 [TERMINAL] All neighbors rejected at Max Power. Waiting."
FF04,GWN,3,UNIFIED,"[AC] t=216 [RX] CH_CMD.3 <- AA09"
FF04,GWN,3,UNIFIED,"[BB] t=217 [PHASE_RX] Listening (Q_fwd=0; Q_local=0)"
FF04,GWN,3,UNIFIED,"t=217 [TERMINAL] All neighbors rejected at Max Power. Waiting."
FF04,GWN,3,UNIFIED,"[AC] t=217 [RX] CH_CMD.0 <- AA09"
FF04,GWN,3,UNIFIED,"[AC] [LOCK][SET] partner=AA09 timeout=4"
FF04,GWN,3,UNIFIED,"[AC] t=217 [CH_ACK] -> AA09 (sending key)"
FF04,GWN,3,UNIFIED,"[BB] t=218 [PHASE_RX] Listening (Q_fwd=0; Q_local=0)"
FF04,GWN,3,UNIFIED,"t=218 [TERMINAL] All neighbors rejected at Max Power. Waiting."
FF04,GWN,3,UNIFIED,"[BB] t=219 [PHASE_TX] IDLE (queues empty)"
FF04,GWN,3,UNIFIED,"t=219 [TERMINAL] All neighbors rejected at Max Power. Waiting."
FF04,GWN,3,UNIFIED,"[BB] t=220 [PHASE_TX] IDLE (queues empty)"
FF04,GWN,3,UNIFIED,"t=220 [TERMINAL] All neighbors rejected at Max Power. Waiting."
FF04,GWN,3,UNIFIED,"[AC] t=220 [HELLO_TX] bcast battery=100.0%"
FF04,GWN,3,UNIFIED,"[AC] t=221 [TIMEOUT] Sent CH_REJECT to orphaned AA09"
FF04,GWN,3,UNIFIED,"[AC] [LOCK][TIMEOUT] partner=AA09"
FF04,GWN,3,UNIFIED,"[BB] t=221 [PHASE_TX] IDLE (queues empty)"
FF04,GWN,3,UNIFIED,"t=221 [TERMINAL] All neighbors rejected at Max Power. Waiting."
FF04,GWN,3,UNIFIED,"[AC] t=221 [RX] CH_CMD.3 <- AA09"
FF04,GWN,3,UNIFIED,"[BB] t=222 [PHASE_RX] Listening (Q_fwd=0; Q_local=0)"
FF04,GWN,3,UNIFIED,"t=222 [TERMINAL] All neighbors rejected at Max Power. Waiting."
FF04,GWN,3,UNIFIED,"[BB] t=223 [PHASE_RX] Listening (Q_fwd=0; Q_local=0)"
FF04,GWN,3,UNIFIED,"t=223 [TERMINAL] All neighbors rejected at Max Power. Waiting."
FF04,GWN,3,UNIFIED,"[BB] t=224 [PHASE_RX] Listening (Q_fwd=0; Q_local=0)"
FF04,GWN,3,UNIFIED,"t=224 [TERMINAL] All neighbors rejected at Max Power. Waiting."
FF04,GWN,3,UNIFIED,"[AC] t=224 [HELLO_TX] bcast battery=100.0%"
FF04,GWN,3,UNIFIED,"[BB] t=225 [PHASE_TX] IDLE (queues empty)"
FF04,GWN,3,UNIFIED,"t=225 [TERMINAL] All neighbors rejected at Max Power. Waiting."
FF04,GWN,3,UNIFIED,"[BB] t=226 [PHASE_TX] IDLE (queues empty)"
FF04,GWN,3,UNIFIED,"t=226 [TERMINAL] All neighbors rejected at Max Power. Waiting."
FF04,GWN,3,UNIFIED,"[BB] t=227 [PHASE_TX] IDLE (queues empty)"
FF04,GWN,3,UNIFIED,"t=227 [TERMINAL] All neighbors rejected at Max Power. Waiting."
FF04,GWN,3,UNIFIED,"[BB] t=228 [PHASE_RX] Listening (Q_fwd=0; Q_local=0)"
FF04,GWN,3,UNIFIED,"t=228 [TERMINAL] All neighbors rejected at Max Power. Waiting."
FF04,GWN,3,UNIFIED,"[BB] t=229 [PHASE_RX] Listening (Q_fwd=0; Q_local=0)"
FF04,GWN,3,UNIFIED,"t=229 [TERMINAL] All neighbors rejected at Max Power. Waiting."
FF04,GWN,3,UNIFIED,"[BB] t=230 [ENC_HELLO] TX: gwCh=0; chCh=1; secCh=0; sn=0 (encrypted)"
FF04,GWN,3,UNIFIED,"[BB] t=230 [ENC_HELLO] Registry refresh #1 sent (next at t=310)"
FF04,GWN,3,UNIFIED,"[BB] t=230 [PHASE_RX] Listening (Q_fwd=0; Q_local=0)"
FF04,GWN,3,UNIFIED,"t=230 [TERMINAL] All neighbors rejected at Max Power. Waiting."
FF04,GWN,3,UNIFIED,"[BB] t=231 [PHASE_TX] IDLE (queues empty)"
FF04,GWN,3,UNIFIED,"t=231 [TERMINAL] All neighbors rejected at Max Power. Waiting."
FF04,GWN,3,UNIFIED,"[BB] t=232 [PHASE_TX] IDLE (queues empty)"
FF04,GWN,3,UNIFIED,"t=232 [TERMINAL] All neighbors rejected at Max Power. Waiting."
FF04,GWN,3,UNIFIED,"[BB] t=233 [PHASE_TX] IDLE (queues empty)"
FF04,GWN,3,UNIFIED,"t=233 [TERMINAL] All neighbors rejected at Max Power. Waiting."
FF04,GWN,3,UNIFIED,"[BB] t=234 [PHASE_RX] Listening (Q_fwd=0; Q_local=0)"
FF04,GWN,3,UNIFIED,"t=234 [TERMINAL] All neighbors rejected at Max Power. Waiting."
FF04,GWN,3,UNIFIED,"[AC] t=234 [HELLO_TX] bcast battery=100.0%"
FF04,GWN,3,UNIFIED,"[BB] t=235 [PHASE_RX] Listening (Q_fwd=0; Q_local=0)"
FF04,GWN,3,UNIFIED,"t=235 [TERMINAL] All neighbors rejected at Max Power. Waiting."
FF04,GWN,3,UNIFIED,"[BB] t=236 [PHASE_RX] Listening (Q_fwd=0; Q_local=0)"
FF04,GWN,3,UNIFIED,"t=236 [TERMINAL] All neighbors rejected at Max Power. Waiting."
FF04,GWN,3,UNIFIED,"[BB] t=237 [PHASE_TX] IDLE (queues empty)"
FF04,GWN,3,UNIFIED,"t=237 [TERMINAL] All neighbors rejected at Max Power. Waiting."
FF04,GWN,3,UNIFIED,"[BB] t=238 [PHASE_TX] IDLE (queues empty)"
FF04,GWN,3,UNIFIED,"t=238 [TERMINAL] All neighbors rejected at Max Power. Waiting."
FF04,GWN,3,UNIFIED,"[BB] t=239 [PHASE_TX] IDLE (queues empty)"
FF04,GWN,3,UNIFIED,"t=239 [TERMINAL] All neighbors rejected at Max Power. Waiting."
FF04,GWN,3,UNIFIED,"[BB] t=240 [PHASE_RX] Listening (Q_fwd=0; Q_local=0)"
FF04,GWN,3,UNIFIED,"t=240 [TERMINAL] All neighbors rejected at Max Power. Waiting."
FF04,GWN,3,UNIFIED,"[BB] t=241 [PHASE_RX] Listening (Q_fwd=0; Q_local=0)"
FF04,GWN,3,UNIFIED,"t=241 [TERMINAL] All neighbors rejected at Max Power. Waiting."
FF04,GWN,3,UNIFIED,"[BB] t=242 [PHASE_RX] Listening (Q_fwd=0; Q_local=0)"
FF04,GWN,3,UNIFIED,"t=242 [TERMINAL] All neighbors rejected at Max Power. Waiting."
FF04,GWN,3,UNIFIED,"[BB] t=243 [PHASE_TX] IDLE (queues empty)"
FF04,GWN,3,UNIFIED,"t=243 [TERMINAL] All neighbors rejected at Max Power. Waiting."
FF04,GWN,3,UNIFIED,"[BB] t=244 [PHASE_TX] IDLE (queues empty)"
FF04,GWN,3,UNIFIED,"t=244 [TERMINAL] All neighbors rejected at Max Power. Waiting."
FF04,GWN,3,UNIFIED,"[AC] t=244 [HELLO_TX] bcast battery=100.0%"
FF04,GWN,3,UNIFIED,"[BB] t=245 [PHASE_TX] IDLE (queues empty)"
FF04,GWN,3,UNIFIED,"t=245 [TERMINAL] All neighbors rejected at Max Power. Waiting."
FF04,GWN,3,UNIFIED,"[BB] t=246 [PHASE_RX] Listening (Q_fwd=0; Q_local=0)"
FF04,GWN,3,UNIFIED,"t=246 [TERMINAL] All neighbors rejected at Max Power. Waiting."
FF04,GWN,3,UNIFIED,"[BB] t=247 [PHASE_RX] Listening (Q_fwd=0; Q_local=0)"
FF04,GWN,3,UNIFIED,"t=247 [TERMINAL] All neighbors rejected at Max Power. Waiting."
FF04,GWN,3,UNIFIED,"[BB] t=248 [PHASE_RX] Listening (Q_fwd=0; Q_local=0)"
FF04,GWN,3,UNIFIED,"t=248 [TERMINAL] All neighbors rejected at Max Power. Waiting."
FF04,GWN,3,UNIFIED,"[BB] t=249 [PHASE_TX] IDLE (queues empty)"
FF04,GWN,3,UNIFIED,"t=249 [TERMINAL] All neighbors rejected at Max Power. Waiting."
FF05,GWN,3,BACKBONE,"t=4 [TX] HB.0 -> <BCAST>"
FF05,GWN,3,BACKBONE,"t=5 [PHY] Neighbour count: 3->4"
FF05,GWN,3,BACKBONE,"t=6 [PHY] Neighbour count: 4->5"
FF05,GWN,3,BACKBONE,"t=8 [PHY] Neighbour count: 5->6"
FF05,GWN,3,BACKBONE,"t=9 [PHY] Neighbour count: 6->7"
FF05,GWN,3,BACKBONE,"t=10 [PHY] Neighbour count: 7->8"
FF05,GWN,3,BACKBONE,"t=11 [TX] HB.0 -> <BCAST>"
FF05,GWN,3,BACKBONE,"t=12 [PHY] Neighbour count: 8->9"
FF05,GWN,3,BACKBONE,"t=14 [PHY] Neighbour count: 9->10"
FF05,GWN,3,BACKBONE,"t=15 [PHY] Neighbour count: 10->11"
FF05,GWN,3,BACKBONE,"t=17 [PHY] Neighbour count: 11->12"
FF05,GWN,3,BACKBONE,"t=18 [TX] HB.0 -> <BCAST>"
FF05,GWN,3,BACKBONE,"t=18 [PHY] Neighbour count: 12->13"
FF05,GWN,3,BACKBONE,"t=25 [TX] HB.1 -> <BCAST>"
FF05,GWN,3,BACKBONE,"t=25 [PHY] Neighbour count: 13->14"
FF05,GWN,3,BACKBONE,"t=32 [TX] HB.1 -> <BCAST>"
FF05,GWN,3,BACKBONE,"t=32 [PHY] Neighbour count: 14->15"
FF05,GWN,3,BACKBONE,"t=39 [TX] HB.1 -> <BCAST>"
FF05,GWN,3,BACKBONE,"t=45 [PHY] Neighbour count: 15->16"
FF05,GWN,3,BACKBONE,"t=46 [TX] HB.1 -> <BCAST>"
FF05,GWN,3,BACKBONE,"t=53 [TX] HB.1 -> <BCAST>"
FF05,GWN,3,BACKBONE,"t=57 [RX] CMD.0 <- FF07 RSSI=8.0"
FF05,GWN,3,BACKBONE,"t=57 [TX] CMD.1 -> FF07"
FF05,GWN,3,BACKBONE,"t=57 [TX] CMD.1 -> FF07"
FF05,GWN,3,BACKBONE,"t=57 [STATE] DISCOVERY -> HANDSHAKE"
FF05,GWN,3,BACKBONE,"[LOCK][SET] partner=FF07 timeout=6"
FF05,GWN,3,BACKBONE,"t=57 [HANDSHAKE] Lock set with FF07 (timer=6)"
FF05,GWN,3,BACKBONE,"t=61 [RX] CMD.2 <- FF07 RSSI=8.0"
FF05,GWN,3,BACKBONE,"[LOCK][REFRESH] partner=FF07 timeout=6"
FF05,GWN,3,BACKBONE,"[LOCK][SET] partner=FF07 timeout=6"
FF05,GWN,3,BACKBONE,"t=61 [PARENT] Set parent -> FF07"
FF05,GWN,3,BACKBONE,"t=62 [RX] CMD.4 <- FF07 RSSI=8.0"
FF05,GWN,3,BACKBONE,"[LOCK][REFRESH] partner=FF07 timeout=6"
FF05,GWN,3,BACKBONE,"t=62 [PHASE] Inherited phaseOffset=1 from parent FF07"
FF05,GWN,3,BACKBONE,"t=62 [ENC_HELLO] TX: gwCh=0; chCh=0; secCh=0; sn=0 (encrypted)"
FF05,GWN,3,BACKBONE,"t=62 [TX] CMD.5 -> FF07"
FF05,GWN,3,BACKBONE,"[LOCK][CLEAR][ENC_HELLO_TX] partner=FF07"
FF05,GWN,3,BACKBONE,"t=62 [HANDSHAKE] Lock cleared (was with FF07)"
FF05,GWN,3,BACKBONE,"t=65 [PHY] Neighbour count: 16->17"
FF05,GWN,3,BACKBONE,"[LOCK][SET] partner=FF09 timeout=6"
FF05,GWN,3,BACKBONE,"t=66 [HANDSHAKE] Lock set with FF09 (timer=6)"
FF05,GWN,3,BACKBONE,"[LOCK][SET] partner=FF09 timeout=6"
FF05,GWN,3,BACKBONE,"t=66 [TX] CMD.0 -> FF09"
FF05,GWN,3,BACKBONE,"t=68 [RX] CMD.1 <- FF09 RSSI=8.1"
FF05,GWN,3,BACKBONE,"[LOCK][REFRESH] partner=FF09 timeout=6"
FF05,GWN,3,BACKBONE,"t=68 [TX] CMD.2 -> FF09"
FF05,GWN,3,BACKBONE,"[LOCK][REFRESH] partner=FF09 timeout=6"
FF05,GWN,3,BACKBONE,"t=68 [HANDSHAKE] FF09 added to pendingChildren (awaiting ENC_HELLO)"
FF05,GWN,3,BACKBONE,"t=68 [TX] CMD.4 -> FF09"
FF05,GWN,3,BACKBONE,"t=68 [PHASE] Sending phaseOffset=0 to child FF09 (self=1)"
FF05,GWN,3,BACKBONE,"[LOCK][REFRESH] partner=FF09 timeout=6"
FF05,GWN,3,BACKBONE,"[LOCK][SET] partner=FF09 timeout=6"
FF05,GWN,3,BACKBONE,"t=70 [PHY] Neighbour count: 17->18"
FF05,GWN,3,BACKBONE,"t=72 [ENC_HELLO] TX: gwCh=0; chCh=0; secCh=0; sn=0 (encrypted)"
FF05,GWN,3,BACKBONE,"t=72 [ENC_HELLO] Retry 1/3 sent (next at t=92)"
FF05,GWN,3,BACKBONE,"t=73 [RX] CMD.5 <- FF09 RSSI=8.1"
FF05,GWN,3,BACKBONE,"t=73 [HANDSHAKE] FF09 promoted to children (ENC_HELLO received)"
FF05,GWN,3,BACKBONE,"[LOCK][CLEAR][ENC_HELLO_RX] partner=FF09"
FF05,GWN,3,BACKBONE,"t=73 [TX] CMD.5 -> FF07"
FF05,GWN,3,BACKBONE,"t=73 [HANDSHAKE] Lock cleared (was with FF09)"
FF05,GWN,3,BACKBONE,"t=73 [RETRY] Reset retry state for FF09 (now child)"
FF05,GWN,3,BACKBONE,"t=73 [STATE] HANDSHAKE -> SECURE"
FF05,GWN,3,BACKBONE,"t=81 [RX_FWD] Encrypted CMD.5 from Child FF09 -> Queue for Parent FF07"
FF05,GWN,3,BACKBONE,"t=81 [Q_FWD] Queued CMD.5 (size=1/15)"
FF05,GWN,3,BACKBONE,"t=84 [RX_FWD] Encrypted CMD.5 from Child FF09 -> Queue for Parent FF07"
FF05,GWN,3,BACKBONE,"t=84 [Q_FWD] Queued CMD.5 (size=2/15)"
FF05,GWN,3,BACKBONE,"t=92 [ENC_HELLO] TX: gwCh=1; chCh=0; secCh=0; sn=0 (encrypted)"
FF05,GWN,3,BACKBONE,"t=92 [ENC_HELLO] Retry 2/3 sent (next at t=132)"
FF05,GWN,3,BACKBONE,"t=101 [RX_FWD] Encrypted CMD.5 from Child FF09 -> Queue for Parent FF07"
FF05,GWN,3,BACKBONE,"t=101 [Q_FWD] Queued CMD.5 (size=3/15)"
FF05,GWN,3,BACKBONE,"t=132 [ENC_HELLO] TX: gwCh=1; chCh=0; secCh=0; sn=0 (encrypted)"
FF05,GWN,3,BACKBONE,"t=132 [ENC_HELLO] Retry 3/3 sent (next at t=212)"
FF05,GWN,3,BACKBONE,"t=141 [RX_FWD] Encrypted CMD.5 from Child FF09 -> Queue for Parent FF07"
FF05,GWN,3,BACKBONE,"t=141 [Q_FWD] Queued CMD.5 (size=4/15)"
FF05,GWN,3,BACKBONE,"t=154 [PHY] Neighbour count: 19->20"
FF05,GWN,3,BACKBONE,"t=159 [PHY] Neighbour count: 20->21"
FF05,GWN,3,BACKBONE,"t=200 [PHASE_RX] Listening (Q_fwd=4; Q_local=0)"
FF05,GWN,3,BACKBONE,"t=200 [RX_FWD] Encrypted CMD.5 from Child FF09 -> Queue for Parent FF07"
FF05,GWN,3,BACKBONE,"t=200 [Q_FWD] Queued CMD.5 (size=5/15)"
FF05,GWN,3,BACKBONE,"t=201 [DEQUEUE] From Q_fwd (waited 120 TFs)"
FF05,GWN,3,BACKBONE,"t=201 [PHASE_TX] Sent CMD.5 -> FF07 (Q_fwd=4; Q_local=0)"
FF05,GWN,3,BACKBONE,"t=202 [DEQUEUE] From Q_fwd (waited 118 TFs)"
FF05,GWN,3,BACKBONE,"t=202 [PHASE_TX] Sent CMD.5 -> FF07 (Q_fwd=3; Q_local=0)"
FF05,GWN,3,BACKBONE,"t=203 [DEQUEUE] From Q_fwd (waited 102 TFs)"
FF05,GWN,3,BACKBONE,"t=203 [PHASE_TX] Sent CMD.5 -> FF07 (Q_fwd=2; Q_local=0)"
FF05,GWN,3,BACKBONE,"t=204 [PHASE_RX] Listening (Q_fwd=2; Q_local=0)"
FF05,GWN,3,BACKBONE,"t=204 [RX_FWD] Encrypted CMD.5 from Child FF09 -> Queue for Parent FF07"
FF05,GWN,3,BACKBONE,"t=204 [Q_FWD] Queued CMD.5 (size=3/15)"
FF05,GWN,3,BACKBONE,"t=205 [PHASE_RX] Listening (Q_fwd=3; Q_local=0)"
FF05,GWN,3,BACKBONE,"t=205 [RX_FWD] Encrypted CMD.5 from Child FF09 -> Queue for Parent FF07"
FF05,GWN,3,BACKBONE,"t=205 [Q_FWD] Queued CMD.5 (size=4/15)"
FF05,GWN,3,BACKBONE,"t=206 [PHASE_RX] Listening (Q_fwd=4; Q_local=0)"
FF05,GWN,3,BACKBONE,"t=207 [DEQUEUE] From Q_fwd (waited 66 TFs)"
FF05,GWN,3,BACKBONE,"t=207 [PHASE_TX] Sent CMD.5 -> FF07 (Q_fwd=3; Q_local=0)"
FF05,GWN,3,BACKBONE,"t=208 [DEQUEUE] From Q_fwd (waited 8 TFs)"
FF05,GWN,3,BACKBONE,"t=208 [PHASE_TX] Sent CMD.5 -> FF07 (Q_fwd=2; Q_local=0)"
FF05,GWN,3,BACKBONE,"t=209 [DEQUEUE] From Q_fwd (waited 5 TFs)"
FF05,GWN,3,BACKBONE,"t=209 [PHASE_TX] Sent CMD.5 -> FF07 (Q_fwd=1; Q_local=0)"
FF05,GWN,3,BACKBONE,"t=209 [PHY] Neighbour count: 21->22"
FF05,GWN,3,BACKBONE,"t=210 [PHASE_RX] Listening (Q_fwd=1; Q_local=0)"
FF05,GWN,3,BACKBONE,"t=211 [PHASE_RX] Listening (Q_fwd=1; Q_local=0)"
FF05,GWN,3,BACKBONE,"t=212 [ENC_HELLO] TX: gwCh=1; chCh=0; secCh=0; sn=0 (encrypted)"
FF05,GWN,3,BACKBONE,"t=212 [ENC_HELLO] Registry refresh #1 sent (next at t=292)"
FF05,GWN,3,BACKBONE,"t=212 [PHASE_RX] Listening (Q_fwd=1; Q_local=0)"
FF05,GWN,3,BACKBONE,"t=213 [DEQUEUE] From Q_fwd (waited 8 TFs)"
FF05,GWN,3,BACKBONE,"t=213 [PHASE_TX] Sent CMD.5 -> FF07 (Q_fwd=0; Q_local=0)"
FF05,GWN,3,BACKBONE,"t=214 [PHASE_TX] IDLE (queues empty)"
FF05,GWN,3,BACKBONE,"t=215 [PHASE_TX] IDLE (queues empty)"
FF05,GWN,3,BACKBONE,"t=216 [PHASE_RX] Listening (Q_fwd=0; Q_local=0)"
FF05,GWN,3,BACKBONE,"t=216 [RX_FWD] Encrypted CH_HELLO.1 from Child FF09 -> Queue for Parent FF07"
FF05,GWN,3,BACKBONE,"t=216 [Q_FWD] Queued CH_HELLO.1 (size=1/15)"
FF05,GWN,3,BACKBONE,"t=217 [PHASE_RX] Listening (Q_fwd=1; Q_local=0)"
FF05,GWN,3,BACKBONE,"t=218 [PHASE_RX] Listening (Q_fwd=1; Q_local=0)"
FF05,GWN,3,BACKBONE,"t=219 [DEQUEUE] From Q_fwd (waited 3 TFs)"
FF05,GWN,3,BACKBONE,"t=219 [PHASE_TX] Sent CH_HELLO.1 -> FF07 (Q_fwd=0; Q_local=0)"
FF05,GWN,3,BACKBONE,"t=220 [PHASE_TX] IDLE (queues empty)"
FF05,GWN,3,BACKBONE,"t=221 [PHASE_TX] IDLE (queues empty)"
FF05,GWN,3,BACKBONE,"t=221 [RX_FWD] Encrypted CMD.5 from Child FF09 -> Queue for Parent FF07"
FF05,GWN,3,BACKBONE,"t=221 [Q_FWD] Queued CMD.5 (size=1/15)"
FF05,GWN,3,BACKBONE,"t=222 [PHASE_RX] Listening (Q_fwd=1; Q_local=0)"
FF05,GWN,3,BACKBONE,"t=223 [PHASE_RX] Listening (Q_fwd=1; Q_local=0)"
FF05,GWN,3,BACKBONE,"t=224 [PHASE_RX] Listening (Q_fwd=1; Q_local=0)"
FF05,GWN,3,BACKBONE,"t=225 [DEQUEUE] From Q_fwd (waited 4 TFs)"
FF05,GWN,3,BACKBONE,"t=225 [PHASE_TX] Sent CMD.5 -> FF07 (Q_fwd=0; Q_local=0)"
FF05,GWN,3,BACKBONE,"t=226 [PHASE_TX] IDLE (queues empty)"
FF05,GWN,3,BACKBONE,"t=227 [PHASE_TX] IDLE (queues empty)"
FF05,GWN,3,BACKBONE,"t=228 [PHASE_RX] Listening (Q_fwd=0; Q_local=0)"
FF05,GWN,3,BACKBONE,"t=229 [PHASE_RX] Listening (Q_fwd=0; Q_local=0)"
FF05,GWN,3,BACKBONE,"t=230 [PHASE_RX] Listening (Q_fwd=0; Q_local=0)"
FF05,GWN,3,BACKBONE,"t=231 [PHASE_TX] IDLE (queues empty)"
FF05,GWN,3,BACKBONE,"t=232 [PHASE_TX] IDLE (queues empty)"
FF05,GWN,3,BACKBONE,"t=233 [PHASE_TX] IDLE (queues empty)"
FF05,GWN,3,BACKBONE,"t=234 [PHASE_RX] Listening (Q_fwd=0; Q_local=0)"
FF05,GWN,3,BACKBONE,"t=234 [RX_FWD] Encrypted CMD.5 from Child FF09 -> Queue for Parent FF07"
FF05,GWN,3,BACKBONE,"t=234 [Q_FWD] Queued CMD.5 (size=1/15)"
FF05,GWN,3,BACKBONE,"t=235 [PHASE_RX] Listening (Q_fwd=1; Q_local=0)"
FF05,GWN,3,BACKBONE,"t=236 [PHASE_RX] Listening (Q_fwd=1; Q_local=0)"
FF05,GWN,3,BACKBONE,"t=237 [DEQUEUE] From Q_fwd (waited 3 TFs)"
FF05,GWN,3,BACKBONE,"t=237 [PHASE_TX] Sent CMD.5 -> FF07 (Q_fwd=0; Q_local=0)"
FF05,GWN,3,BACKBONE,"t=238 [PHASE_TX] IDLE (queues empty)"
FF05,GWN,3,BACKBONE,"t=239 [PHASE_TX] IDLE (queues empty)"
FF05,GWN,3,BACKBONE,"t=240 [PHASE_RX] Listening (Q_fwd=0; Q_local=0)"
FF05,GWN,3,BACKBONE,"t=241 [PHASE_RX] Listening (Q_fwd=0; Q_local=0)"
FF05,GWN,3,BACKBONE,"t=242 [PHASE_RX] Listening (Q_fwd=0; Q_local=0)"
FF05,GWN,3,BACKBONE,"t=243 [PHASE_TX] IDLE (queues empty)"
FF05,GWN,3,BACKBONE,"t=244 [PHASE_TX] IDLE (queues empty)"
FF05,GWN,3,BACKBONE,"t=245 [PHASE_TX] IDLE (queues empty)"
FF05,GWN,3,BACKBONE,"t=246 [PHASE_RX] Listening (Q_fwd=0; Q_local=0)"
FF05,GWN,3,BACKBONE,"t=247 [PHASE_RX] Listening (Q_fwd=0; Q_local=0)"
FF05,GWN,3,BACKBONE,"t=248 [PHASE_RX] Listening (Q_fwd=0; Q_local=0)"
FF05,GWN,3,BACKBONE,"t=249 [PHASE_TX] IDLE (queues empty)"
FF05,GWN,3,ACCESS,"t=4 [HELLO_TX] bcast battery=100.0%"
FF05,GWN,3,ACCESS,"t=5 [PHY] Neighbour count: 3->4"
FF05,GWN,3,ACCESS,"t=6 [PHY] Neighbour count: 4->5"
FF05,GWN,3,ACCESS,"t=8 [PHY] Neighbour count: 5->6"
FF05,GWN,3,ACCESS,"t=9 [PHY] Neighbour count: 6->7"
FF05,GWN,3,ACCESS,"t=10 [PHY] Neighbour count: 7->8"
FF05,GWN,3,ACCESS,"t=12 [PHY] Neighbour count: 8->9"
FF05,GWN,3,ACCESS,"t=14 [HELLO_TX] bcast battery=100.0%"
FF05,GWN,3,ACCESS,"t=14 [PHY] Neighbour count: 9->10"
FF05,GWN,3,ACCESS,"t=15 [PHY] Neighbour count: 10->11"
FF05,GWN,3,ACCESS,"t=17 [PHY] Neighbour count: 11->12"
FF05,GWN,3,ACCESS,"t=18 [HELLO_TX] bcast battery=100.0%"
FF05,GWN,3,ACCESS,"t=18 [PHY] Neighbour count: 12->13"
FF05,GWN,3,ACCESS,"t=22 [HELLO_TX] bcast battery=100.0%"
FF05,GWN,3,ACCESS,"t=25 [PHY] Neighbour count: 13->14"
FF05,GWN,3,ACCESS,"t=30 [HELLO_TX] bcast battery=100.0%"
FF05,GWN,3,ACCESS,"t=32 [PHY] Neighbour count: 14->15"
FF05,GWN,3,ACCESS,"t=39 [HELLO_TX] bcast battery=100.0%"
FF05,GWN,3,ACCESS,"t=44 [HELLO_TX] bcast battery=100.0%"
FF05,GWN,3,ACCESS,"t=45 [PHY] Neighbour count: 15->16"
FF05,GWN,3,ACCESS,"t=48 [HELLO_TX] bcast battery=100.0%"
FF05,GWN,3,ACCESS,"t=57 [HELLO_TX] bcast battery=100.0%"
FF05,GWN,3,ACCESS,"t=62 [HELLO_TX] bcast battery=100.0%"
FF05,GWN,3,ACCESS,"t=65 [PHY] Neighbour count: 16->17"
FF05,GWN,3,ACCESS,"t=70 [PHY] Neighbour count: 17->18"
FF05,GWN,3,ACCESS,"t=72 [HELLO_TX] bcast battery=100.0%"
FF05,GWN,3,ACCESS,"t=76 [HELLO_TX] bcast battery=100.0%"
FF05,GWN,3,ACCESS,"t=84 [HELLO_TX] bcast battery=100.0%"
FF05,GWN,3,ACCESS,"t=88 [HELLO_TX] bcast battery=100.0%"
FF05,GWN,3,ACCESS,"t=95 [HELLO_TX] bcast battery=100.0%"
FF05,GWN,3,ACCESS,"t=105 [HELLO_TX] bcast battery=100.0%"
FF05,GWN,3,ACCESS,"t=115 [HELLO_TX] bcast battery=100.0%"
FF05,GWN,3,ACCESS,"t=120 [HELLO_TX] bcast battery=100.0%"
FF05,GWN,3,ACCESS,"t=128 [HELLO_TX] bcast battery=100.0%"
FF05,GWN,3,ACCESS,"t=138 [HELLO_TX] bcast battery=100.0%"
FF05,GWN,3,ACCESS,"t=146 [HELLO_TX] bcast battery=100.0%"
FF05,GWN,3,ACCESS,"t=154 [PHY] Neighbour count: 19->20"
FF05,GWN,3,ACCESS,"t=156 [HELLO_TX] bcast battery=100.0%"
FF05,GWN,3,ACCESS,"t=159 [PHY] Neighbour count: 20->21"
FF05,GWN,3,ACCESS,"t=163 [HELLO_TX] bcast battery=100.0%"
FF05,GWN,3,ACCESS,"t=167 [HELLO_TX] bcast battery=100.0%"
FF05,GWN,3,ACCESS,"t=174 [HELLO_TX] bcast battery=100.0%"
FF05,GWN,3,ACCESS,"t=184 [HELLO_TX] bcast battery=100.0%"
FF05,GWN,3,ACCESS,"t=188 [HELLO_TX] bcast battery=100.0%"
FF05,GWN,3,ACCESS,"t=193 [HELLO_TX] bcast battery=100.0%"
FF05,GWN,3,ACCESS,"t=203 [HELLO_TX] bcast battery=100.0%"
FF05,GWN,3,ACCESS,"t=209 [PHY] Neighbour count: 21->22"
FF05,GWN,3,ACCESS,"t=212 [HELLO_TX] bcast battery=100.0%"
FF05,GWN,3,ACCESS,"t=220 [HELLO_TX] bcast battery=100.0%"
FF05,GWN,3,ACCESS,"t=224 [HELLO_TX] bcast battery=100.0%"
FF05,GWN,3,ACCESS,"t=228 [HELLO_TX] bcast battery=100.0%"
FF05,GWN,3,ACCESS,"t=237 [HELLO_TX] bcast battery=100.0%"
FF05,GWN,3,ACCESS,"t=243 [HELLO_TX] bcast battery=100.0%"
FF05,GWN,3,UNIFIED,"t=2 [PHY] Neighbor count=1"
FF05,GWN,3,UNIFIED,"t=3 [PHY] Neighbor count=2"
FF05,GWN,3,UNIFIED,"t=4 [PHY] Neighbor count=3"
FF05,GWN,3,UNIFIED,"[BB] t=4 [TX] HB.0 -> <BCAST>"
FF05,GWN,3,UNIFIED,"[AC] t=4 [HELLO_TX] bcast battery=100.0%"
FF05,GWN,3,UNIFIED,"t=5 [PHY] Neighbour count: 3->4"
FF05,GWN,3,UNIFIED,"t=6 [PHY] Neighbor count=4"
FF05,GWN,3,UNIFIED,"t=6 [PHY] Neighbour count: 4->5"
FF05,GWN,3,UNIFIED,"t=7 [PHY] Neighbor count=5"
FF05,GWN,3,UNIFIED,"t=8 [PHY] Neighbour count: 5->6"
FF05,GWN,3,UNIFIED,"t=9 [PHY] Neighbor count=6"
FF05,GWN,3,UNIFIED,"t=9 [PHY] Neighbour count: 6->7"
FF05,GWN,3,UNIFIED,"t=10 [PHY] Neighbor count=7"
FF05,GWN,3,UNIFIED,"t=10 [PHY] Neighbour count: 7->8"
FF05,GWN,3,UNIFIED,"t=11 [PHY] Neighbor count=8"
FF05,GWN,3,UNIFIED,"[BB] t=11 [TX] HB.0 -> <BCAST>"
FF05,GWN,3,UNIFIED,"t=12 [PHY] Neighbour count: 8->9"
FF05,GWN,3,UNIFIED,"t=13 [PHY] Neighbor count=9"
FF05,GWN,3,UNIFIED,"[AC] t=14 [HELLO_TX] bcast battery=100.0%"
FF05,GWN,3,UNIFIED,"t=14 [PHY] Neighbour count: 9->10"
FF05,GWN,3,UNIFIED,"t=15 [PHY] Neighbor count=10"
FF05,GWN,3,UNIFIED,"t=15 [PHY] Neighbour count: 10->11"
FF05,GWN,3,UNIFIED,"t=16 [PHY] Neighbor count=11"
FF05,GWN,3,UNIFIED,"t=17 [PHY] Neighbour count: 11->12"
FF05,GWN,3,UNIFIED,"t=18 [PHY] Neighbor count=12"
FF05,GWN,3,UNIFIED,"[BB] t=18 [TX] HB.0 -> <BCAST>"
FF05,GWN,3,UNIFIED,"[AC] t=18 [HELLO_TX] bcast battery=100.0%"
FF05,GWN,3,UNIFIED,"t=18 [PHY] Neighbour count: 12->13"
FF05,GWN,3,UNIFIED,"t=19 [PHY] Neighbor count=13"
FF05,GWN,3,UNIFIED,"t=22 [STATE] BOOT→DISCOVERY (neighbors=13)"
FF05,GWN,3,UNIFIED,"[AC] t=22 [HELLO_TX] bcast battery=100.0%"
FF05,GWN,3,UNIFIED,"[BB] t=25 [TX] HB.1 -> <BCAST>"
FF05,GWN,3,UNIFIED,"t=25 [PHY] Neighbour count: 13->14"
FF05,GWN,3,UNIFIED,"t=26 [PHY] Neighbor count=14"
FF05,GWN,3,UNIFIED,"[AC] t=30 [HELLO_TX] bcast battery=100.0%"
FF05,GWN,3,UNIFIED,"[BB] t=32 [TX] HB.1 -> <BCAST>"
FF05,GWN,3,UNIFIED,"t=32 [PHY] Neighbour count: 14->15"
FF05,GWN,3,UNIFIED,"t=33 [PHY] Neighbor count=15"
FF05,GWN,3,UNIFIED,"[BB] t=39 [TX] HB.1 -> <BCAST>"
FF05,GWN,3,UNIFIED,"[AC] t=39 [HELLO_TX] bcast battery=100.0%"
FF05,GWN,3,UNIFIED,"[AC] t=44 [HELLO_TX] bcast battery=100.0%"
FF05,GWN,3,UNIFIED,"t=45 [PHY] Neighbour count: 15->16"
FF05,GWN,3,UNIFIED,"t=46 [PHY] Neighbor count=16"
FF05,GWN,3,UNIFIED,"[BB] t=46 [TX] HB.1 -> <BCAST>"
FF05,GWN,3,UNIFIED,"[AC] t=48 [HELLO_TX] bcast battery=100.0%"
FF05,GWN,3,UNIFIED,"[BB] t=53 [TX] HB.1 -> <BCAST>"
FF05,GWN,3,UNIFIED,"[AC] t=57 [HELLO_TX] bcast battery=100.0%"
FF05,GWN,3,UNIFIED,"[BB] t=57 [RX] CMD.0 <- FF07 RSSI=8.0"
FF05,GWN,3,UNIFIED,"[BB] t=57 [TX] CMD.1 -> FF07"
FF05,GWN,3,UNIFIED,"[BB] t=57 [TX] CMD.1 -> FF07"
FF05,GWN,3,UNIFIED,"[BB] t=57 [STATE] DISCOVERY -> HANDSHAKE"
FF05,GWN,3,UNIFIED,"[BB] [LOCK][SET] partner=FF07 timeout=6"
FF05,GWN,3,UNIFIED,"[BB] t=57 [HANDSHAKE] Lock set with FF07 (timer=6)"
FF05,GWN,3,UNIFIED,"[BB] t=61 [RX] CMD.2 <- FF07 RSSI=8.0"
FF05,GWN,3,UNIFIED,"[BB] [LOCK][REFRESH] partner=FF07 timeout=6"
FF05,GWN,3,UNIFIED,"[BB] [LOCK][SET] partner=FF07 timeout=6"
FF05,GWN,3,UNIFIED,"[BB] t=61 [PARENT] Set parent -> FF07"
FF05,GWN,3,UNIFIED,"[AC] t=62 [HELLO_TX] bcast battery=100.0%"
FF05,GWN,3,UNIFIED,"[BB] t=62 [RX] CMD.4 <- FF07 RSSI=8.0"
FF05,GWN,3,UNIFIED,"[BB] [LOCK][REFRESH] partner=FF07 timeout=6"
FF05,GWN,3,UNIFIED,"[BB] t=62 [PHASE] Inherited phaseOffset=1 from parent FF07"
FF05,GWN,3,UNIFIED,"[BB] t=62 [ENC_HELLO] TX: gwCh=0; chCh=0; secCh=0; sn=0 (encrypted)"
FF05,GWN,3,UNIFIED,"[BB] t=62 [TX] CMD.5 -> FF07"
FF05,GWN,3,UNIFIED,"[BB] [LOCK][CLEAR][ENC_HELLO_TX] partner=FF07"
FF05,GWN,3,UNIFIED,"[BB] t=62 [HANDSHAKE] Lock cleared (was with FF07)"
FF05,GWN,3,UNIFIED,"t=65 [PHY] Neighbour count: 16->17"
FF05,GWN,3,UNIFIED,"t=66 [PHY] Neighbor count=17"
FF05,GWN,3,UNIFIED,"t=66 [RECRUIT] INIT(1/4) -> FF09"
FF05,GWN,3,UNIFIED,"[BB] [LOCK][SET] partner=FF09 timeout=6"
FF05,GWN,3,UNIFIED,"[BB] t=66 [HANDSHAKE] Lock set with FF09 (timer=6)"
FF05,GWN,3,UNIFIED,"[BB] [LOCK][SET] partner=FF09 timeout=6"
FF05,GWN,3,UNIFIED,"[BB] t=66 [TX] CMD.0 -> FF09"
FF05,GWN,3,UNIFIED,"[BB] t=68 [RX] CMD.1 <- FF09 RSSI=8.1"
FF05,GWN,3,UNIFIED,"[BB] [LOCK][REFRESH] partner=FF09 timeout=6"
FF05,GWN,3,UNIFIED,"[BB] t=68 [TX] CMD.2 -> FF09"
FF05,GWN,3,UNIFIED,"[BB] [LOCK][REFRESH] partner=FF09 timeout=6"
FF05,GWN,3,UNIFIED,"[BB] t=68 [HANDSHAKE] FF09 added to pendingChildren (awaiting ENC_HELLO)"
FF05,GWN,3,UNIFIED,"[BB] t=68 [TX] CMD.4 -> FF09"
FF05,GWN,3,UNIFIED,"[BB] t=68 [PHASE] Sending phaseOffset=0 to child FF09 (self=1)"
FF05,GWN,3,UNIFIED,"[BB] [LOCK][REFRESH] partner=FF09 timeout=6"
FF05,GWN,3,UNIFIED,"[BB] [LOCK][SET] partner=FF09 timeout=6"
FF05,GWN,3,UNIFIED,"t=70 [PHY] Neighbour count: 17->18"
FF05,GWN,3,UNIFIED,"t=71 [PHY] Neighbor count=18"
FF05,GWN,3,UNIFIED,"[BB] t=72 [ENC_HELLO] TX: gwCh=0; chCh=0; secCh=0; sn=0 (encrypted)"
FF05,GWN,3,UNIFIED,"[BB] t=72 [ENC_HELLO] Retry 1/3 sent (next at t=92)"
FF05,GWN,3,UNIFIED,"[AC] t=72 [HELLO_TX] bcast battery=100.0%"
FF05,GWN,3,UNIFIED,"[BB] t=73 [RX] CMD.5 <- FF09 RSSI=8.1"
FF05,GWN,3,UNIFIED,"[BB] t=73 [HANDSHAKE] FF09 promoted to children (ENC_HELLO received)"
FF05,GWN,3,UNIFIED,"[BB] [LOCK][CLEAR][ENC_HELLO_RX] partner=FF09"
FF05,GWN,3,UNIFIED,"[BB] t=73 [TX] CMD.5 -> FF07"
FF05,GWN,3,UNIFIED,"[BB] t=73 [HANDSHAKE] Lock cleared (was with FF09)"
FF05,GWN,3,UNIFIED,"[BB] t=73 [RETRY] Reset retry state for FF09 (now child)"
FF05,GWN,3,UNIFIED,"[BB] t=73 [STATE] HANDSHAKE -> SECURE"
FF05,GWN,3,UNIFIED,"[AC] t=76 [HELLO_TX] bcast battery=100.0%"
FF05,GWN,3,UNIFIED,"[BB] t=81 [RX_FWD] Encrypted CMD.5 from Child FF09 -> Queue for Parent FF07"
FF05,GWN,3,UNIFIED,"[BB] t=81 [Q_FWD] Queued CMD.5 (size=1/15)"
FF05,GWN,3,UNIFIED,"[AC] t=84 [HELLO_TX] bcast battery=100.0%"
FF05,GWN,3,UNIFIED,"[BB] t=84 [RX_FWD] Encrypted CMD.5 from Child FF09 -> Queue for Parent FF07"
FF05,GWN,3,UNIFIED,"[BB] t=84 [Q_FWD] Queued CMD.5 (size=2/15)"
FF05,GWN,3,UNIFIED,"[AC] t=88 [HELLO_TX] bcast battery=100.0%"
FF05,GWN,3,UNIFIED,"[BB] t=92 [ENC_HELLO] TX: gwCh=1; chCh=0; secCh=0; sn=0 (encrypted)"
FF05,GWN,3,UNIFIED,"[BB] t=92 [ENC_HELLO] Retry 2/3 sent (next at t=132)"
FF05,GWN,3,UNIFIED,"t=94 [PHY] Neighbor count=19"
FF05,GWN,3,UNIFIED,"[AC] t=95 [HELLO_TX] bcast battery=100.0%"
FF05,GWN,3,UNIFIED,"[BB] t=101 [RX_FWD] Encrypted CMD.5 from Child FF09 -> Queue for Parent FF07"
FF05,GWN,3,UNIFIED,"[BB] t=101 [Q_FWD] Queued CMD.5 (size=3/15)"
FF05,GWN,3,UNIFIED,"[AC] t=105 [HELLO_TX] bcast battery=100.0%"
FF05,GWN,3,UNIFIED,"[AC] t=115 [HELLO_TX] bcast battery=100.0%"
FF05,GWN,3,UNIFIED,"[AC] t=120 [HELLO_TX] bcast battery=100.0%"
FF05,GWN,3,UNIFIED,"[AC] t=128 [HELLO_TX] bcast battery=100.0%"
FF05,GWN,3,UNIFIED,"[BB] t=132 [ENC_HELLO] TX: gwCh=1; chCh=0; secCh=0; sn=0 (encrypted)"
FF05,GWN,3,UNIFIED,"[BB] t=132 [ENC_HELLO] Retry 3/3 sent (next at t=212)"
FF05,GWN,3,UNIFIED,"[AC] t=138 [HELLO_TX] bcast battery=100.0%"
FF05,GWN,3,UNIFIED,"[BB] t=141 [RX_FWD] Encrypted CMD.5 from Child FF09 -> Queue for Parent FF07"
FF05,GWN,3,UNIFIED,"[BB] t=141 [Q_FWD] Queued CMD.5 (size=4/15)"
FF05,GWN,3,UNIFIED,"[AC] t=146 [HELLO_TX] bcast battery=100.0%"
FF05,GWN,3,UNIFIED,"t=154 [PHY] Neighbour count: 19->20"
FF05,GWN,3,UNIFIED,"t=155 [PHY] Neighbor count=20"
FF05,GWN,3,UNIFIED,"[AC] t=156 [HELLO_TX] bcast battery=100.0%"
FF05,GWN,3,UNIFIED,"t=159 [PHY] Neighbour count: 20->21"
FF05,GWN,3,UNIFIED,"t=160 [PHY] Neighbor count=21"
FF05,GWN,3,UNIFIED,"[AC] t=163 [HELLO_TX] bcast battery=100.0%"
FF05,GWN,3,UNIFIED,"[AC] t=167 [HELLO_TX] bcast battery=100.0%"
FF05,GWN,3,UNIFIED,"[AC] t=174 [HELLO_TX] bcast battery=100.0%"
FF05,GWN,3,UNIFIED,"[AC] t=184 [HELLO_TX] bcast battery=100.0%"
FF05,GWN,3,UNIFIED,"[AC] t=188 [HELLO_TX] bcast battery=100.0%"
FF05,GWN,3,UNIFIED,"[AC] t=193 [HELLO_TX] bcast battery=100.0%"
FF05,GWN,3,UNIFIED,"[BB] t=200 [PHASE_RX] Listening (Q_fwd=4; Q_local=0)"
FF05,GWN,3,UNIFIED,"[BB] t=200 [RX_FWD] Encrypted CMD.5 from Child FF09 -> Queue for Parent FF07"
FF05,GWN,3,UNIFIED,"[BB] t=200 [Q_FWD] Queued CMD.5 (size=5/15)"
FF05,GWN,3,UNIFIED,"[BB] t=201 [DEQUEUE] From Q_fwd (waited 120 TFs)"
FF05,GWN,3,UNIFIED,"[BB] t=201 [PHASE_TX] Sent CMD.5 -> FF07 (Q_fwd=4; Q_local=0)"
FF05,GWN,3,UNIFIED,"[BB] t=202 [DEQUEUE] From Q_fwd (waited 118 TFs)"
FF05,GWN,3,UNIFIED,"[BB] t=202 [PHASE_TX] Sent CMD.5 -> FF07 (Q_fwd=3; Q_local=0)"
FF05,GWN,3,UNIFIED,"[BB] t=203 [DEQUEUE] From Q_fwd (waited 102 TFs)"
FF05,GWN,3,UNIFIED,"[BB] t=203 [PHASE_TX] Sent CMD.5 -> FF07 (Q_fwd=2; Q_local=0)"
FF05,GWN,3,UNIFIED,"[AC] t=203 [HELLO_TX] bcast battery=100.0%"
FF05,GWN,3,UNIFIED,"[BB] t=204 [PHASE_RX] Listening (Q_fwd=2; Q_local=0)"
FF05,GWN,3,UNIFIED,"[BB] t=204 [RX_FWD] Encrypted CMD.5 from Child FF09 -> Queue for Parent FF07"
FF05,GWN,3,UNIFIED,"[BB] t=204 [Q_FWD] Queued CMD.5 (size=3/15)"
FF05,GWN,3,UNIFIED,"[BB] t=205 [PHASE_RX] Listening (Q_fwd=3; Q_local=0)"
FF05,GWN,3,UNIFIED,"[BB] t=205 [RX_FWD] Encrypted CMD.5 from Child FF09 -> Queue for Parent FF07"
FF05,GWN,3,UNIFIED,"[BB] t=205 [Q_FWD] Queued CMD.5 (size=4/15)"
FF05,GWN,3,UNIFIED,"[BB] t=206 [PHASE_RX] Listening (Q_fwd=4; Q_local=0)"
FF05,GWN,3,UNIFIED,"[BB] t=207 [DEQUEUE] From Q_fwd (waited 66 TFs)"
FF05,GWN,3,UNIFIED,"[BB] t=207 [PHASE_TX] Sent CMD.5 -> FF07 (Q_fwd=3; Q_local=0)"
FF05,GWN,3,UNIFIED,"[BB] t=208 [DEQUEUE] From Q_fwd (waited 8 TFs)"
FF05,GWN,3,UNIFIED,"[BB] t=208 [PHASE_TX] Sent CMD.5 -> FF07 (Q_fwd=2; Q_local=0)"
FF05,GWN,3,UNIFIED,"[BB] t=209 [DEQUEUE] From Q_fwd (waited 5 TFs)"
FF05,GWN,3,UNIFIED,"[BB] t=209 [PHASE_TX] Sent CMD.5 -> FF07 (Q_fwd=1; Q_local=0)"
FF05,GWN,3,UNIFIED,"t=209 [PHY] Neighbour count: 21->22"
FF05,GWN,3,UNIFIED,"t=210 [PHY] Neighbor count=22"
FF05,GWN,3,UNIFIED,"[BB] t=210 [PHASE_RX] Listening (Q_fwd=1; Q_local=0)"
FF05,GWN,3,UNIFIED,"[BB] t=211 [PHASE_RX] Listening (Q_fwd=1; Q_local=0)"
FF05,GWN,3,UNIFIED,"[BB] t=212 [ENC_HELLO] TX: gwCh=1; chCh=0; secCh=0; sn=0 (encrypted)"
FF05,GWN,3,UNIFIED,"[BB] t=212 [ENC_HELLO] Registry refresh #1 sent (next at t=292)"
FF05,GWN,3,UNIFIED,"[BB] t=212 [PHASE_RX] Listening (Q_fwd=1; Q_local=0)"
FF05,GWN,3,UNIFIED,"[AC] t=212 [HELLO_TX] bcast battery=100.0%"
FF05,GWN,3,UNIFIED,"[BB] t=213 [DEQUEUE] From Q_fwd (waited 8 TFs)"
FF05,GWN,3,UNIFIED,"[BB] t=213 [PHASE_TX] Sent CMD.5 -> FF07 (Q_fwd=0; Q_local=0)"
FF05,GWN,3,UNIFIED,"[BB] t=214 [PHASE_TX] IDLE (queues empty)"
FF05,GWN,3,UNIFIED,"[BB] t=215 [PHASE_TX] IDLE (queues empty)"
FF05,GWN,3,UNIFIED,"[BB] t=216 [PHASE_RX] Listening (Q_fwd=0; Q_local=0)"
FF05,GWN,3,UNIFIED,"[BB] t=216 [RX_FWD] Encrypted CH_HELLO.1 from Child FF09 -> Queue for Parent FF07"
FF05,GWN,3,UNIFIED,"[BB] t=216 [Q_FWD] Queued CH_HELLO.1 (size=1/15)"
FF05,GWN,3,UNIFIED,"[BB] t=217 [PHASE_RX] Listening (Q_fwd=1; Q_local=0)"
FF05,GWN,3,UNIFIED,"[BB] t=218 [PHASE_RX] Listening (Q_fwd=1; Q_local=0)"
FF05,GWN,3,UNIFIED,"[BB] t=219 [DEQUEUE] From Q_fwd (waited 3 TFs)"
FF05,GWN,3,UNIFIED,"[BB] t=219 [PHASE_TX] Sent CH_HELLO.1 -> FF07 (Q_fwd=0; Q_local=0)"
FF05,GWN,3,UNIFIED,"[BB] t=220 [PHASE_TX] IDLE (queues empty)"
FF05,GWN,3,UNIFIED,"[AC] t=220 [HELLO_TX] bcast battery=100.0%"
FF05,GWN,3,UNIFIED,"[BB] t=221 [PHASE_TX] IDLE (queues empty)"
FF05,GWN,3,UNIFIED,"[BB] t=221 [RX_FWD] Encrypted CMD.5 from Child FF09 -> Queue for Parent FF07"
FF05,GWN,3,UNIFIED,"[BB] t=221 [Q_FWD] Queued CMD.5 (size=1/15)"
FF05,GWN,3,UNIFIED,"[BB] t=222 [PHASE_RX] Listening (Q_fwd=1; Q_local=0)"
FF05,GWN,3,UNIFIED,"[BB] t=223 [PHASE_RX] Listening (Q_fwd=1; Q_local=0)"
FF05,GWN,3,UNIFIED,"[BB] t=224 [PHASE_RX] Listening (Q_fwd=1; Q_local=0)"
FF05,GWN,3,UNIFIED,"[AC] t=224 [HELLO_TX] bcast battery=100.0%"
FF05,GWN,3,UNIFIED,"[BB] t=225 [DEQUEUE] From Q_fwd (waited 4 TFs)"
FF05,GWN,3,UNIFIED,"[BB] t=225 [PHASE_TX] Sent CMD.5 -> FF07 (Q_fwd=0; Q_local=0)"
FF05,GWN,3,UNIFIED,"[BB] t=226 [PHASE_TX] IDLE (queues empty)"
FF05,GWN,3,UNIFIED,"[BB] t=227 [PHASE_TX] IDLE (queues empty)"
FF05,GWN,3,UNIFIED,"[BB] t=228 [PHASE_RX] Listening (Q_fwd=0; Q_local=0)"
FF05,GWN,3,UNIFIED,"[AC] t=228 [HELLO_TX] bcast battery=100.0%"
FF05,GWN,3,UNIFIED,"[BB] t=229 [PHASE_RX] Listening (Q_fwd=0; Q_local=0)"
FF05,GWN,3,UNIFIED,"[BB] t=230 [PHASE_RX] Listening (Q_fwd=0; Q_local=0)"
FF05,GWN,3,UNIFIED,"[BB] t=231 [PHASE_TX] IDLE (queues empty)"
FF05,GWN,3,UNIFIED,"[BB] t=232 [PHASE_TX] IDLE (queues empty)"
FF05,GWN,3,UNIFIED,"[BB] t=233 [PHASE_TX] IDLE (queues empty)"
FF05,GWN,3,UNIFIED,"[BB] t=234 [PHASE_RX] Listening (Q_fwd=0; Q_local=0)"
FF05,GWN,3,UNIFIED,"[BB] t=234 [RX_FWD] Encrypted CMD.5 from Child FF09 -> Queue for Parent FF07"
FF05,GWN,3,UNIFIED,"[BB] t=234 [Q_FWD] Queued CMD.5 (size=1/15)"
FF05,GWN,3,UNIFIED,"[BB] t=235 [PHASE_RX] Listening (Q_fwd=1; Q_local=0)"
FF05,GWN,3,UNIFIED,"[BB] t=236 [PHASE_RX] Listening (Q_fwd=1; Q_local=0)"
FF05,GWN,3,UNIFIED,"[BB] t=237 [DEQUEUE] From Q_fwd (waited 3 TFs)"
FF05,GWN,3,UNIFIED,"[BB] t=237 [PHASE_TX] Sent CMD.5 -> FF07 (Q_fwd=0; Q_local=0)"
FF05,GWN,3,UNIFIED,"[AC] t=237 [HELLO_TX] bcast battery=100.0%"
FF05,GWN,3,UNIFIED,"[BB] t=238 [PHASE_TX] IDLE (queues empty)"
FF05,GWN,3,UNIFIED,"[BB] t=239 [PHASE_TX] IDLE (queues empty)"
FF05,GWN,3,UNIFIED,"[BB] t=240 [PHASE_RX] Listening (Q_fwd=0; Q_local=0)"
FF05,GWN,3,UNIFIED,"[BB] t=241 [PHASE_RX] Listening (Q_fwd=0; Q_local=0)"
FF05,GWN,3,UNIFIED,"[BB] t=242 [PHASE_RX] Listening (Q_fwd=0; Q_local=0)"
FF05,GWN,3,UNIFIED,"[BB] t=243 [PHASE_TX] IDLE (queues empty)"
FF05,GWN,3,UNIFIED,"[AC] t=243 [HELLO_TX] bcast battery=100.0%"
FF05,GWN,3,UNIFIED,"[BB] t=244 [PHASE_TX] IDLE (queues empty)"
FF05,GWN,3,UNIFIED,"[BB] t=245 [PHASE_TX] IDLE (queues empty)"
FF05,GWN,3,UNIFIED,"[BB] t=246 [PHASE_RX] Listening (Q_fwd=0; Q_local=0)"
FF05,GWN,3,UNIFIED,"[BB] t=247 [PHASE_RX] Listening (Q_fwd=0; Q_local=0)"
FF05,GWN,3,UNIFIED,"[BB] t=248 [PHASE_RX] Listening (Q_fwd=0; Q_local=0)"
FF05,GWN,3,UNIFIED,"[BB] t=249 [PHASE_TX] IDLE (queues empty)"
FF06,GWN,3,BACKBONE,"t=1 [TX] HB.0 -> <BCAST>"
FF06,GWN,3,BACKBONE,"t=4 [PHY] Neighbour count: 3->4"
FF06,GWN,3,BACKBONE,"t=6 [PHY] Neighbour count: 5->6"
FF06,GWN,3,BACKBONE,"t=7 [PHY] Neighbour count: 6->7"
FF06,GWN,3,BACKBONE,"t=8 [TX] HB.0 -> <BCAST>"
FF06,GWN,3,BACKBONE,"t=9 [PHY] Neighbour count: 7->8"
FF06,GWN,3,BACKBONE,"t=10 [PHY] Neighbour count: 8->9"
FF06,GWN,3,BACKBONE,"t=14 [PHY] Neighbour count: 9->10"
FF06,GWN,3,BACKBONE,"t=15 [TX] HB.0 -> <BCAST>"
FF06,GWN,3,BACKBONE,"t=16 [PHY] Neighbour count: 10->11"
FF06,GWN,3,BACKBONE,"t=17 [PHY] Neighbour count: 11->12"
FF06,GWN,3,BACKBONE,"t=22 [TX] HB.0 -> <BCAST>"
FF06,GWN,3,BACKBONE,"t=23 [PHY] Neighbour count: 12->13"
FF06,GWN,3,BACKBONE,"t=24 [PHY] Neighbour count: 13->14"
FF06,GWN,3,BACKBONE,"t=28 [PHY] Neighbour count: 14->15"
FF06,GWN,3,BACKBONE,"t=29 [TX] HB.1 -> <BCAST>"
FF06,GWN,3,BACKBONE,"t=36 [TX] HB.1 -> <BCAST>"
FF06,GWN,3,BACKBONE,"t=43 [TX] HB.1 -> <BCAST>"
FF06,GWN,3,BACKBONE,"t=50 [TX] HB.1 -> <BCAST>"
FF06,GWN,3,BACKBONE,"t=57 [TX] HB.1 -> <BCAST>"
FF06,GWN,3,BACKBONE,"t=62 [PHY] Neighbour count: 15->16"
FF06,GWN,3,BACKBONE,"t=64 [TX] HB.1 -> <BCAST>"
FF06,GWN,3,BACKBONE,"t=71 [TX] HB.1 -> <BCAST>"
FF06,GWN,3,BACKBONE,"t=77 [RX] CMD.0 <- FF02 RSSI=0.2"
FF06,GWN,3,BACKBONE,"t=77 [TX] CMD.1 -> FF02"
FF06,GWN,3,BACKBONE,"t=77 [TX] CMD.1 -> FF02"
FF06,GWN,3,BACKBONE,"t=77 [STATE] DISCOVERY -> HANDSHAKE"
FF06,GWN,3,BACKBONE,"[LOCK][SET] partner=FF02 timeout=6"
FF06,GWN,3,BACKBONE,"t=77 [HANDSHAKE] Lock set with FF02 (timer=6)"
FF06,GWN,3,BACKBONE,"t=81 [RX] CMD.2 <- FF02 RSSI=0.2"
FF06,GWN,3,BACKBONE,"[LOCK][REFRESH] partner=FF02 timeout=6"
FF06,GWN,3,BACKBONE,"[LOCK][SET] partner=FF02 timeout=6"
FF06,GWN,3,BACKBONE,"t=81 [PARENT] Set parent -> FF02"
FF06,GWN,3,BACKBONE,"t=82 [RX] CMD.4 <- FF02 RSSI=0.2"
FF06,GWN,3,BACKBONE,"[LOCK][REFRESH] partner=FF02 timeout=6"
FF06,GWN,3,BACKBONE,"t=82 [PHASE] Inherited phaseOffset=0 from parent FF02"
FF06,GWN,3,BACKBONE,"t=82 [ENC_HELLO] TX: gwCh=0; chCh=0; secCh=0; sn=0 (encrypted)"
FF06,GWN,3,BACKBONE,"t=82 [TX] CMD.5 -> FF02"
FF06,GWN,3,BACKBONE,"[LOCK][CLEAR][ENC_HELLO_TX] partner=FF02"
FF06,GWN,3,BACKBONE,"t=82 [HANDSHAKE] Lock cleared (was with FF02)"
FF06,GWN,3,BACKBONE,"[LOCK][SET] partner=FF09 timeout=6"
FF06,GWN,3,BACKBONE,"t=86 [HANDSHAKE] Lock set with FF09 (timer=6)"
FF06,GWN,3,BACKBONE,"[LOCK][SET] partner=FF09 timeout=6"
FF06,GWN,3,BACKBONE,"t=86 [TX] CMD.0 -> FF09"
FF06,GWN,3,BACKBONE,"t=88 [RX] CMD.3 <- FF09 RSSI=0.4"
FF06,GWN,3,BACKBONE,"[LOCK][CLEAR][REJECT] partner=FF09"
FF06,GWN,3,BACKBONE,"t=88 [REJECT] Neighbor FF09 marked REJECT"
FF06,GWN,3,BACKBONE,"t=88 [HANDSHAKE] Lock cleared (was with FF09)"
FF06,GWN,3,BACKBONE,"t=88 [STATE] HANDSHAKE -> SECURE"
FF06,GWN,3,BACKBONE,"[LOCK][SET] partner=FF01 timeout=6"
FF06,GWN,3,BACKBONE,"t=89 [HANDSHAKE] Lock set with FF01 (timer=6)"
FF06,GWN,3,BACKBONE,"[LOCK][SET] partner=FF01 timeout=6"
FF06,GWN,3,BACKBONE,"t=89 [TX] CMD.0 -> FF01"
FF06,GWN,3,BACKBONE,"t=92 [ENC_HELLO] TX: gwCh=0; chCh=0; secCh=0; sn=0 (encrypted)"
FF06,GWN,3,BACKBONE,"t=92 [ENC_HELLO] Retry 1/3 sent (next at t=112)"
FF06,GWN,3,BACKBONE,"[LOCK][CLEAR] partner=FF01"
FF06,GWN,3,BACKBONE,"[LOCK][SET] partner=FF01 timeout=6"
FF06,GWN,3,BACKBONE,"t=96 [HANDSHAKE] Lock set with FF01 (timer=6)"
FF06,GWN,3,BACKBONE,"[LOCK][SET] partner=FF01 timeout=6"
FF06,GWN,3,BACKBONE,"t=96 [TX] CMD.0 -> FF01"
FF06,GWN,3,BACKBONE,"t=98 [RX] CMD.3 <- FF01 RSSI=0.0"
FF06,GWN,3,BACKBONE,"[LOCK][CLEAR][REJECT] partner=FF01"
FF06,GWN,3,BACKBONE,"t=98 [REJECT] Neighbor FF01 marked REJECT"
FF06,GWN,3,BACKBONE,"t=98 [HANDSHAKE] Lock cleared (was with FF01)"
FF06,GWN,3,BACKBONE,"t=98 [STATE] HANDSHAKE -> SECURE"
FF06,GWN,3,BACKBONE,"[LOCK][SET] partner=FF08 timeout=6"
FF06,GWN,3,BACKBONE,"t=99 [HANDSHAKE] Lock set with FF08 (timer=6)"
FF06,GWN,3,BACKBONE,"[LOCK][SET] partner=FF08 timeout=6"
FF06,GWN,3,BACKBONE,"t=99 [TX] CMD.0 -> FF08"
FF06,GWN,3,BACKBONE,"t=101 [RX] CMD.3 <- FF08 RSSI=0.0"
FF06,GWN,3,BACKBONE,"[LOCK][CLEAR][REJECT] partner=FF08"
FF06,GWN,3,BACKBONE,"t=101 [REJECT] Neighbor FF08 marked REJECT"
FF06,GWN,3,BACKBONE,"t=101 [HANDSHAKE] Lock cleared (was with FF08)"
FF06,GWN,3,BACKBONE,"t=101 [STATE] HANDSHAKE -> SECURE"
FF06,GWN,3,BACKBONE,"t=101 [PHY] Neighbour count: 16->17"
FF06,GWN,3,BACKBONE,"t=106 [PHY] Neighbour count: 17->18"
FF06,GWN,3,BACKBONE,"t=112 [ENC_HELLO] TX: gwCh=0; chCh=0; secCh=0; sn=0 (encrypted)"
FF06,GWN,3,BACKBONE,"t=112 [ENC_HELLO] Retry 2/3 sent (next at t=152)"
FF06,GWN,3,BACKBONE,"t=152 [ENC_HELLO] TX: gwCh=0; chCh=0; secCh=0; sn=0 (encrypted)"
FF06,GWN,3,BACKBONE,"t=152 [ENC_HELLO] Retry 3/3 sent (next at t=232)"
FF06,GWN,3,BACKBONE,"t=153 [PHY] Neighbour count: 18->19"
FF06,GWN,3,BACKBONE,"t=200 [PHASE_TX] IDLE (queues empty)"
FF06,GWN,3,BACKBONE,"t=201 [PHASE_RX] Listening (Q_fwd=0; Q_local=0)"
FF06,GWN,3,BACKBONE,"t=202 [PHASE_RX] Listening (Q_fwd=0; Q_local=0)"
FF06,GWN,3,BACKBONE,"t=203 [PHASE_RX] Listening (Q_fwd=0; Q_local=0)"
FF06,GWN,3,BACKBONE,"t=204 [PHASE_TX] IDLE (queues empty)"
FF06,GWN,3,BACKBONE,"t=205 [PHASE_TX] IDLE (queues empty)"
FF06,GWN,3,BACKBONE,"t=206 [PHASE_TX] IDLE (queues empty)"
FF06,GWN,3,BACKBONE,"t=207 [PHASE_RX] Listening (Q_fwd=0; Q_local=0)"
FF06,GWN,3,BACKBONE,"t=208 [PHASE_RX] Listening (Q_fwd=0; Q_local=0)"
FF06,GWN,3,BACKBONE,"t=209 [PHASE_RX] Listening (Q_fwd=0; Q_local=0)"
FF06,GWN,3,BACKBONE,"t=210 [PHASE_TX] IDLE (queues empty)"
FF06,GWN,3,BACKBONE,"t=211 [PHASE_TX] IDLE (queues empty)"
FF06,GWN,3,BACKBONE,"t=212 [PHASE_TX] IDLE (queues empty)"
FF06,GWN,3,BACKBONE,"t=213 [PHASE_RX] Listening (Q_fwd=0; Q_local=0)"
FF06,GWN,3,BACKBONE,"t=214 [PHASE_RX] Listening (Q_fwd=0; Q_local=0)"
FF06,GWN,3,BACKBONE,"t=215 [PHASE_RX] Listening (Q_fwd=0; Q_local=0)"
FF06,GWN,3,BACKBONE,"t=216 [PHASE_TX] IDLE (queues empty)"
FF06,GWN,3,BACKBONE,"t=217 [PHASE_TX] IDLE (queues empty)"
FF06,GWN,3,BACKBONE,"t=218 [PHASE_TX] IDLE (queues empty)"
FF06,GWN,3,BACKBONE,"t=219 [PHASE_RX] Listening (Q_fwd=0; Q_local=0)"
FF06,GWN,3,BACKBONE,"t=220 [PHASE_RX] Listening (Q_fwd=0; Q_local=0)"
FF06,GWN,3,BACKBONE,"t=221 [PHASE_RX] Listening (Q_fwd=0; Q_local=0)"
FF06,GWN,3,BACKBONE,"t=222 [PHASE_TX] IDLE (queues empty)"
FF06,GWN,3,BACKBONE,"t=223 [PHASE_TX] IDLE (queues empty)"
FF06,GWN,3,BACKBONE,"t=224 [PHASE_TX] IDLE (queues empty)"
FF06,GWN,3,BACKBONE,"t=225 [PHASE_RX] Listening (Q_fwd=0; Q_local=0)"
FF06,GWN,3,BACKBONE,"t=226 [PHASE_RX] Listening (Q_fwd=0; Q_local=0)"
FF06,GWN,3,BACKBONE,"t=227 [PHASE_RX] Listening (Q_fwd=0; Q_local=0)"
FF06,GWN,3,BACKBONE,"t=227 [Q_LOCAL] Queued CH_HELLO.1 (size=1/15)"
FF06,GWN,3,BACKBONE,"t=228 [DEQUEUE] From Q_local (waited 1 TFs)"
FF06,GWN,3,BACKBONE,"t=228 [PHASE_TX] Sent CH_HELLO.1 -> FF02 (Q_fwd=0; Q_local=0)"
FF06,GWN,3,BACKBONE,"t=229 [PHASE_TX] IDLE (queues empty)"
FF06,GWN,3,BACKBONE,"t=230 [PHASE_TX] IDLE (queues empty)"
FF06,GWN,3,BACKBONE,"t=231 [PHASE_RX] Listening (Q_fwd=0; Q_local=0)"
FF06,GWN,3,BACKBONE,"t=232 [ENC_HELLO] TX: gwCh=0; chCh=1; secCh=0; sn=0 (encrypted)"
FF06,GWN,3,BACKBONE,"t=232 [ENC_HELLO] Registry refresh #1 sent (next at t=312)"
FF06,GWN,3,BACKBONE,"t=232 [PHASE_RX] Listening (Q_fwd=0; Q_local=0)"
FF06,GWN,3,BACKBONE,"t=233 [PHASE_RX] Listening (Q_fwd=0; Q_local=0)"
FF06,GWN,3,BACKBONE,"t=234 [PHASE_TX] IDLE (queues empty)"
FF06,GWN,3,BACKBONE,"t=235 [PHASE_TX] IDLE (queues empty)"
FF06,GWN,3,BACKBONE,"t=236 [PHASE_TX] IDLE (queues empty)"
FF06,GWN,3,BACKBONE,"t=237 [PHASE_RX] Listening (Q_fwd=0; Q_local=0)"
FF06,GWN,3,BACKBONE,"t=238 [PHASE_RX] Listening (Q_fwd=0; Q_local=0)"
FF06,GWN,3,BACKBONE,"t=239 [PHASE_RX] Listening (Q_fwd=0; Q_local=0)"
FF06,GWN,3,BACKBONE,"t=240 [PHASE_TX] IDLE (queues empty)"
FF06,GWN,3,BACKBONE,"t=241 [PHASE_TX] IDLE (queues empty)"
FF06,GWN,3,BACKBONE,"t=242 [PHASE_TX] IDLE (queues empty)"
FF06,GWN,3,BACKBONE,"t=243 [PHASE_RX] Listening (Q_fwd=0; Q_local=0)"
FF06,GWN,3,BACKBONE,"t=244 [PHASE_RX] Listening (Q_fwd=0; Q_local=0)"
FF06,GWN,3,BACKBONE,"t=245 [PHASE_RX] Listening (Q_fwd=0; Q_local=0)"
FF06,GWN,3,BACKBONE,"t=246 [PHASE_TX] IDLE (queues empty)"
FF06,GWN,3,BACKBONE,"t=247 [PHASE_TX] IDLE (queues empty)"
FF06,GWN,3,BACKBONE,"t=248 [PHASE_TX] IDLE (queues empty)"
FF06,GWN,3,BACKBONE,"t=249 [PHASE_RX] Listening (Q_fwd=0; Q_local=0)"
FF06,GWN,3,ACCESS,"t=4 [PHY] Neighbour count: 3->4"
FF06,GWN,3,ACCESS,"t=6 [PHY] Neighbour count: 5->6"
FF06,GWN,3,ACCESS,"t=7 [HELLO_TX] bcast battery=100.0%"
FF06,GWN,3,ACCESS,"t=7 [PHY] Neighbour count: 6->7"
FF06,GWN,3,ACCESS,"t=9 [PHY] Neighbour count: 7->8"
FF06,GWN,3,ACCESS,"t=10 [PHY] Neighbour count: 8->9"
FF06,GWN,3,ACCESS,"t=14 [PHY] Neighbour count: 9->10"
FF06,GWN,3,ACCESS,"t=16 [HELLO_TX] bcast battery=100.0%"
FF06,GWN,3,ACCESS,"t=16 [PHY] Neighbour count: 10->11"
FF06,GWN,3,ACCESS,"t=17 [PHY] Neighbour count: 11->12"
FF06,GWN,3,ACCESS,"t=22 [HELLO_TX] bcast battery=100.0%"
FF06,GWN,3,ACCESS,"t=23 [PHY] Neighbour count: 12->13"
FF06,GWN,3,ACCESS,"t=24 [PHY] Neighbour count: 13->14"
FF06,GWN,3,ACCESS,"t=28 [HELLO_TX] bcast battery=100.0%"
FF06,GWN,3,ACCESS,"t=28 [PHY] Neighbour count: 14->15"
FF06,GWN,3,ACCESS,"t=33 [HELLO_TX] bcast battery=100.0%"
FF06,GWN,3,ACCESS,"t=39 [HELLO_TX] bcast battery=100.0%"
FF06,GWN,3,ACCESS,"t=48 [HELLO_TX] bcast battery=100.0%"
FF06,GWN,3,ACCESS,"t=53 [HELLO_TX] bcast battery=100.0%"
FF06,GWN,3,ACCESS,"t=60 [HELLO_TX] bcast battery=100.0%"
FF06,GWN,3,ACCESS,"t=62 [PHY] Neighbour count: 15->16"
FF06,GWN,3,ACCESS,"t=69 [HELLO_TX] bcast battery=100.0%"
FF06,GWN,3,ACCESS,"t=75 [HELLO_TX] bcast battery=100.0%"
FF06,GWN,3,ACCESS,"t=83 [HELLO_TX] bcast battery=100.0%"
FF06,GWN,3,ACCESS,"t=90 [HELLO_TX] bcast battery=100.0%"
FF06,GWN,3,ACCESS,"t=98 [HELLO_TX] bcast battery=100.0%"
FF06,GWN,3,ACCESS,"t=101 [PHY] Neighbour count: 16->17"
FF06,GWN,3,ACCESS,"t=105 [HELLO_TX] bcast battery=100.0%"
FF06,GWN,3,ACCESS,"t=106 [PHY] Neighbour count: 17->18"
FF06,GWN,3,ACCESS,"t=114 [HELLO_TX] bcast battery=100.0%"
FF06,GWN,3,ACCESS,"t=123 [HELLO_TX] bcast battery=100.0%"
FF06,GWN,3,ACCESS,"t=127 [HELLO_TX] bcast battery=100.0%"
FF06,GWN,3,ACCESS,"t=135 [HELLO_TX] bcast battery=100.0%"
FF06,GWN,3,ACCESS,"t=140 [HELLO_TX] bcast battery=100.0%"
FF06,GWN,3,ACCESS,"t=150 [HELLO_TX] bcast battery=100.0%"
FF06,GWN,3,ACCESS,"t=153 [PHY] Neighbour count: 18->19"
FF06,GWN,3,ACCESS,"t=157 [HELLO_TX] bcast battery=100.0%"
FF06,GWN,3,ACCESS,"t=166 [HELLO_TX] bcast battery=100.0%"
FF06,GWN,3,ACCESS,"t=174 [HELLO_TX] bcast battery=100.0%"
FF06,GWN,3,ACCESS,"t=183 [HELLO_TX] bcast battery=100.0%"
FF06,GWN,3,ACCESS,"t=187 [HELLO_TX] bcast battery=100.0%"
FF06,GWN,3,ACCESS,"t=191 [HELLO_TX] bcast battery=100.0%"
FF06,GWN,3,ACCESS,"t=196 [HELLO_TX] bcast battery=100.0%"
FF06,GWN,3,ACCESS,"t=206 [HELLO_TX] bcast battery=100.0%"
FF06,GWN,3,ACCESS,"t=208 [RX] CH_CMD.0 <- AA01"
FF06,GWN,3,ACCESS,"[LOCK][SET] partner=AA01 timeout=4"
FF06,GWN,3,ACCESS,"t=208 [CH_ACK] -> AA01 (sending key)"
FF06,GWN,3,ACCESS,"t=211 [HELLO_TX] bcast battery=100.0%"
FF06,GWN,3,ACCESS,"t=212 [TIMEOUT] Sent CH_REJECT to orphaned AA01"
FF06,GWN,3,ACCESS,"[LOCK][TIMEOUT] partner=AA01"
FF06,GWN,3,ACCESS,"t=219 [HELLO_TX] bcast battery=100.0%"
FF06,GWN,3,ACCESS,"t=223 [HELLO_TX] bcast battery=100.0%"
FF06,GWN,3,ACCESS,"t=227 [RX] CH_CMD.2 <- AA01"
FF06,GWN,3,ACCESS,"[LOCK][CLEAR][CH_SUCCESS] partner=AA01"
FF06,GWN,3,ACCESS,"t=227 [CH_JOINED] AA01 added to children"
FF06,GWN,3,ACCESS,"t=229 [HELLO_TX] bcast battery=100.0%"
FF06,GWN,3,ACCESS,"t=235 [RX] CH_CMD.0 <- AA09"
FF06,GWN,3,ACCESS,"[LOCK][SET] partner=AA09 timeout=4"
FF06,GWN,3,ACCESS,"t=235 [CH_ACK] -> AA09 (sending key)"
FF06,GWN,3,ACCESS,"t=238 [HELLO_TX] bcast battery=100.0%"
FF06,GWN,3,ACCESS,"t=239 [TIMEOUT] Sent CH_REJECT to orphaned AA09"
FF06,GWN,3,ACCESS,"[LOCK][TIMEOUT] partner=AA09"
FF06,GWN,3,ACCESS,"t=248 [HELLO_TX] bcast battery=100.0%"
FF06,GWN,3,UNIFIED,"[BB] t=1 [TX] HB.0 -> <BCAST>"
FF06,GWN,3,UNIFIED,"t=2 [PHY] Neighbor count=1"
FF06,GWN,3,UNIFIED,"t=3 [PHY] Neighbor count=2"
FF06,GWN,3,UNIFIED,"t=4 [PHY] Neighbor count=3"
FF06,GWN,3,UNIFIED,"t=4 [PHY] Neighbour count: 3->4"
FF06,GWN,3,UNIFIED,"t=5 [PHY] Neighbor count=4"
FF06,GWN,3,UNIFIED,"t=6 [PHY] Neighbor count=5"
FF06,GWN,3,UNIFIED,"t=6 [PHY] Neighbour count: 5->6"
FF06,GWN,3,UNIFIED,"t=7 [PHY] Neighbor count=6"
FF06,GWN,3,UNIFIED,"[AC] t=7 [HELLO_TX] bcast battery=100.0%"
FF06,GWN,3,UNIFIED,"t=7 [PHY] Neighbour count: 6->7"
FF06,GWN,3,UNIFIED,"t=8 [PHY] Neighbor count=7"
FF06,GWN,3,UNIFIED,"[BB] t=8 [TX] HB.0 -> <BCAST>"
FF06,GWN,3,UNIFIED,"t=9 [PHY] Neighbour count: 7->8"
FF06,GWN,3,UNIFIED,"t=10 [PHY] Neighbor count=8"
FF06,GWN,3,UNIFIED,"t=10 [PHY] Neighbour count: 8->9"
FF06,GWN,3,UNIFIED,"t=11 [PHY] Neighbor count=9"
FF06,GWN,3,UNIFIED,"t=14 [PHY] Neighbour count: 9->10"
FF06,GWN,3,UNIFIED,"t=15 [PHY] Neighbor count=10"
FF06,GWN,3,UNIFIED,"[BB] t=15 [TX] HB.0 -> <BCAST>"
FF06,GWN,3,UNIFIED,"[AC] t=16 [HELLO_TX] bcast battery=100.0%"
FF06,GWN,3,UNIFIED,"t=16 [PHY] Neighbour count: 10->11"
FF06,GWN,3,UNIFIED,"t=17 [PHY] Neighbor count=11"
FF06,GWN,3,UNIFIED,"t=17 [PHY] Neighbour count: 11->12"
FF06,GWN,3,UNIFIED,"t=18 [PHY] Neighbor count=12"
FF06,GWN,3,UNIFIED,"t=22 [STATE] BOOT→DISCOVERY (neighbors=12)"
FF06,GWN,3,UNIFIED,"[BB] t=22 [TX] HB.0 -> <BCAST>"
FF06,GWN,3,UNIFIED,"[AC] t=22 [HELLO_TX] bcast battery=100.0%"
FF06,GWN,3,UNIFIED,"t=23 [PHY] Neighbour count: 12->13"
FF06,GWN,3,UNIFIED,"t=24 [PHY] Neighbor count=13"
FF06,GWN,3,UNIFIED,"t=24 [PHY] Neighbour count: 13->14"
FF06,GWN,3,UNIFIED,"t=25 [PHY] Neighbor count=14"
FF06,GWN,3,UNIFIED,"[AC] t=28 [HELLO_TX] bcast battery=100.0%"
FF06,GWN,3,UNIFIED,"t=28 [PHY] Neighbour count: 14->15"
FF06,GWN,3,UNIFIED,"t=29 [PHY] Neighbor count=15"
FF06,GWN,3,UNIFIED,"[BB] t=29 [TX] HB.1 -> <BCAST>"
FF06,GWN,3,UNIFIED,"[AC] t=33 [HELLO_TX] bcast battery=100.0%"
FF06,GWN,3,UNIFIED,"[BB] t=36 [TX] HB.1 -> <BCAST>"
FF06,GWN,3,UNIFIED,"[AC] t=39 [HELLO_TX] bcast battery=100.0%"
FF06,GWN,3,UNIFIED,"[BB] t=43 [TX] HB.1 -> <BCAST>"
FF06,GWN,3,UNIFIED,"[AC] t=48 [HELLO_TX] bcast battery=100.0%"
FF06,GWN,3,UNIFIED,"[BB] t=50 [TX] HB.1 -> <BCAST>"
FF06,GWN,3,UNIFIED,"[AC] t=53 [HELLO_TX] bcast battery=100.0%"
FF06,GWN,3,UNIFIED,"[BB] t=57 [TX] HB.1 -> <BCAST>"
FF06,GWN,3,UNIFIED,"[AC] t=60 [HELLO_TX] bcast battery=100.0%"
FF06,GWN,3,UNIFIED,"t=62 [PHY] Neighbour count: 15->16"
FF06,GWN,3,UNIFIED,"t=63 [PHY] Neighbor count=16"
FF06,GWN,3,UNIFIED,"[BB] t=64 [TX] HB.1 -> <BCAST>"
FF06,GWN,3,UNIFIED,"[AC] t=69 [HELLO_TX] bcast battery=100.0%"
FF06,GWN,3,UNIFIED,"[BB] t=71 [TX] HB.1 -> <BCAST>"
FF06,GWN,3,UNIFIED,"[AC] t=75 [HELLO_TX] bcast battery=100.0%"
FF06,GWN,3,UNIFIED,"[BB] t=77 [RX] CMD.0 <- FF02 RSSI=0.2"
FF06,GWN,3,UNIFIED,"[BB] t=77 [TX] CMD.1 -> FF02"
FF06,GWN,3,UNIFIED,"[BB] t=77 [TX] CMD.1 -> FF02"
FF06,GWN,3,UNIFIED,"[BB] t=77 [STATE] DISCOVERY -> HANDSHAKE"
FF06,GWN,3,UNIFIED,"[BB] [LOCK][SET] partner=FF02 timeout=6"
FF06,GWN,3,UNIFIED,"[BB] t=77 [HANDSHAKE] Lock set with FF02 (timer=6)"
FF06,GWN,3,UNIFIED,"[BB] t=81 [RX] CMD.2 <- FF02 RSSI=0.2"
FF06,GWN,3,UNIFIED,"[BB] [LOCK][REFRESH] partner=FF02 timeout=6"
FF06,GWN,3,UNIFIED,"[BB] [LOCK][SET] partner=FF02 timeout=6"
FF06,GWN,3,UNIFIED,"[BB] t=81 [PARENT] Set parent -> FF02"
FF06,GWN,3,UNIFIED,"[BB] t=82 [RX] CMD.4 <- FF02 RSSI=0.2"
FF06,GWN,3,UNIFIED,"[BB] [LOCK][REFRESH] partner=FF02 timeout=6"
FF06,GWN,3,UNIFIED,"[BB] t=82 [PHASE] Inherited phaseOffset=0 from parent FF02"
FF06,GWN,3,UNIFIED,"[BB] t=82 [ENC_HELLO] TX: gwCh=0; chCh=0; secCh=0; sn=0 (encrypted)"
FF06,GWN,3,UNIFIED,"[BB] t=82 [TX] CMD.5 -> FF02"
FF06,GWN,3,UNIFIED,"[BB] [LOCK][CLEAR][ENC_HELLO_TX] partner=FF02"
FF06,GWN,3,UNIFIED,"[BB] t=82 [HANDSHAKE] Lock cleared (was with FF02)"
FF06,GWN,3,UNIFIED,"[AC] t=83 [HELLO_TX] bcast battery=100.0%"
FF06,GWN,3,UNIFIED,"t=86 [RECRUIT] INIT(1/4) -> FF09"
FF06,GWN,3,UNIFIED,"[BB] [LOCK][SET] partner=FF09 timeout=6"
FF06,GWN,3,UNIFIED,"[BB] t=86 [HANDSHAKE] Lock set with FF09 (timer=6)"
FF06,GWN,3,UNIFIED,"[BB] [LOCK][SET] partner=FF09 timeout=6"
FF06,GWN,3,UNIFIED,"[BB] t=86 [TX] CMD.0 -> FF09"
FF06,GWN,3,UNIFIED,"[BB] t=88 [RX] CMD.3 <- FF09 RSSI=0.4"
FF06,GWN,3,UNIFIED,"[BB] [LOCK][CLEAR][REJECT] partner=FF09"
FF06,GWN,3,UNIFIED,"t=88 [RX] PARENT_REJECT from FF09; trying next"
FF06,GWN,3,UNIFIED,"[BB] t=88 [REJECT] Neighbor FF09 marked REJECT"
FF06,GWN,3,UNIFIED,"[BB] t=88 [HANDSHAKE] Lock cleared (was with FF09)"
FF06,GWN,3,UNIFIED,"[BB] t=88 [STATE] HANDSHAKE -> SECURE"
FF06,GWN,3,UNIFIED,"t=89 [RECRUIT] INIT(1/4) -> FF01"
FF06,GWN,3,UNIFIED,"[BB] [LOCK][SET] partner=FF01 timeout=6"
FF06,GWN,3,UNIFIED,"[BB] t=89 [HANDSHAKE] Lock set with FF01 (timer=6)"
FF06,GWN,3,UNIFIED,"[BB] [LOCK][SET] partner=FF01 timeout=6"
FF06,GWN,3,UNIFIED,"[BB] t=89 [TX] CMD.0 -> FF01"
FF06,GWN,3,UNIFIED,"[AC] t=90 [HELLO_TX] bcast battery=100.0%"
FF06,GWN,3,UNIFIED,"[BB] t=92 [ENC_HELLO] TX: gwCh=0; chCh=0; secCh=0; sn=0 (encrypted)"
FF06,GWN,3,UNIFIED,"[BB] t=92 [ENC_HELLO] Retry 1/3 sent (next at t=112)"
FF06,GWN,3,UNIFIED,"t=95 [TIMEOUT] Attempt 1/4 for FF01 - will retry"
FF06,GWN,3,UNIFIED,"[BB] [LOCK][CLEAR] partner=FF01"
FF06,GWN,3,UNIFIED,"t=96 [RECRUIT] INIT(2/4) -> FF01"
FF06,GWN,3,UNIFIED,"[BB] [LOCK][SET] partner=FF01 timeout=6"
FF06,GWN,3,UNIFIED,"[BB] t=96 [HANDSHAKE] Lock set with FF01 (timer=6)"
FF06,GWN,3,UNIFIED,"[BB] [LOCK][SET] partner=FF01 timeout=6"
FF06,GWN,3,UNIFIED,"[BB] t=96 [TX] CMD.0 -> FF01"
FF06,GWN,3,UNIFIED,"[AC] t=98 [HELLO_TX] bcast battery=100.0%"
FF06,GWN,3,UNIFIED,"[BB] t=98 [RX] CMD.3 <- FF01 RSSI=0.0"
FF06,GWN,3,UNIFIED,"[BB] [LOCK][CLEAR][REJECT] partner=FF01"
FF06,GWN,3,UNIFIED,"t=98 [RX] PARENT_REJECT from FF01; trying next"
FF06,GWN,3,UNIFIED,"[BB] t=98 [REJECT] Neighbor FF01 marked REJECT"
FF06,GWN,3,UNIFIED,"[BB] t=98 [HANDSHAKE] Lock cleared (was with FF01)"
FF06,GWN,3,UNIFIED,"[BB] t=98 [STATE] HANDSHAKE -> SECURE"
FF06,GWN,3,UNIFIED,"t=99 [RECRUIT] INIT(1/4) -> FF08"
FF06,GWN,3,UNIFIED,"[BB] [LOCK][SET] partner=FF08 timeout=6"
FF06,GWN,3,UNIFIED,"[BB] t=99 [HANDSHAKE] Lock set with FF08 (timer=6)"
FF06,GWN,3,UNIFIED,"[BB] [LOCK][SET] partner=FF08 timeout=6"
FF06,GWN,3,UNIFIED,"[BB] t=99 [TX] CMD.0 -> FF08"
FF06,GWN,3,UNIFIED,"[BB] t=101 [RX] CMD.3 <- FF08 RSSI=0.0"
FF06,GWN,3,UNIFIED,"[BB] [LOCK][CLEAR][REJECT] partner=FF08"
FF06,GWN,3,UNIFIED,"t=101 [RX] PARENT_REJECT from FF08; trying next"
FF06,GWN,3,UNIFIED,"[BB] t=101 [REJECT] Neighbor FF08 marked REJECT"
FF06,GWN,3,UNIFIED,"[BB] t=101 [HANDSHAKE] Lock cleared (was with FF08)"
FF06,GWN,3,UNIFIED,"[BB] t=101 [STATE] HANDSHAKE -> SECURE"
FF06,GWN,3,UNIFIED,"t=101 [PHY] Neighbour count: 16->17"
FF06,GWN,3,UNIFIED,"t=102 [PHY] Neighbor count=17"
FF06,GWN,3,UNIFIED,"t=102 [SCALE_EXHAUSTED] Power 6.00 -> 6.60 (all neighbors rejected)"
FF06,GWN,3,UNIFIED,"t=103 [SCALE_EXHAUSTED] Power 6.60 -> 7.26 (all neighbors rejected)"
FF06,GWN,3,UNIFIED,"t=104 [SCALE_EXHAUSTED] Power 7.26 -> 7.99 (all neighbors rejected)"
FF06,GWN,3,UNIFIED,"t=105 [SCALE_EXHAUSTED] Power 7.99 -> 8.78 (all neighbors rejected)"
FF06,GWN,3,UNIFIED,"[AC] t=105 [HELLO_TX] bcast battery=100.0%"
FF06,GWN,3,UNIFIED,"t=106 [SCALE_EXHAUSTED] Power 8.78 -> 9.66 (all neighbors rejected)"
FF06,GWN,3,UNIFIED,"t=106 [PHY] Neighbour count: 17->18"
FF06,GWN,3,UNIFIED,"t=107 [PHY] Neighbor count=18"
FF06,GWN,3,UNIFIED,"t=107 [SCALE_EXHAUSTED] Power 9.66 -> 10.63 (all neighbors rejected)"
FF06,GWN,3,UNIFIED,"t=108 [SCALE_EXHAUSTED] Power 10.63 -> 11.69 (all neighbors rejected)"
FF06,GWN,3,UNIFIED,"t=109 [SCALE_EXHAUSTED] Power 11.69 -> 12.00 (all neighbors rejected)"
FF06,GWN,3,UNIFIED,"t=110 [TERMINAL] All neighbors rejected at Max Power. Waiting."
FF06,GWN,3,UNIFIED,"t=111 [TERMINAL] All neighbors rejected at Max Power. Waiting."
FF06,GWN,3,UNIFIED,"[BB] t=112 [ENC_HELLO] TX: gwCh=0; chCh=0; secCh=0; sn=0 (encrypted)"
FF06,GWN,3,UNIFIED,"[BB] t=112 [ENC_HELLO] Retry 2/3 sent (next at t=152)"
FF06,GWN,3,UNIFIED,"t=112 [TERMINAL] All neighbors rejected at Max Power. Waiting."
FF06,GWN,3,UNIFIED,"t=113 [TERMINAL] All neighbors rejected at Max Power. Waiting."
FF06,GWN,3,UNIFIED,"t=114 [TERMINAL] All neighbors rejected at Max Power. Waiting."
FF06,GWN,3,UNIFIED,"[AC] t=114 [HELLO_TX] bcast battery=100.0%"
FF06,GWN,3,UNIFIED,"t=115 [TERMINAL] All neighbors rejected at Max Power. Waiting."
FF06,GWN,3,UNIFIED,"t=116 [TERMINAL] All neighbors rejected at Max Power. Waiting."
FF06,GWN,3,UNIFIED,"t=117 [TERMINAL] All neighbors rejected at Max Power. Waiting."
FF06,GWN,3,UNIFIED,"t=118 [TERMINAL] All neighbors rejected at Max Power. Waiting."
FF06,GWN,3,UNIFIED,"t=119 [TERMINAL] All neighbors rejected at Max Power. Waiting."
FF06,GWN,3,UNIFIED,"t=120 [TERMINAL] All neighbors rejected at Max Power. Waiting."
FF06,GWN,3,UNIFIED,"t=121 [TERMINAL] All neighbors rejected at Max Power. Waiting."
FF06,GWN,3,UNIFIED,"t=122 [TERMINAL] All neighbors rejected at Max Power. Waiting."
FF06,GWN,3,UNIFIED,"t=123 [TERMINAL] All neighbors rejected at Max Power. Waiting."
FF06,GWN,3,UNIFIED,"[AC] t=123 [HELLO_TX] bcast battery=100.0%"
FF06,GWN,3,UNIFIED,"t=124 [TERMINAL] All neighbors rejected at Max Power. Waiting."
FF06,GWN,3,UNIFIED,"t=125 [TERMINAL] All neighbors rejected at Max Power. Waiting."
FF06,GWN,3,UNIFIED,"t=126 [TERMINAL] All neighbors rejected at Max Power. Waiting."
FF06,GWN,3,UNIFIED,"t=127 [TERMINAL] All neighbors rejected at Max Power. Waiting."
FF06,GWN,3,UNIFIED,"[AC] t=127 [HELLO_TX] bcast battery=100.0%"
FF06,GWN,3,UNIFIED,"t=128 [TERMINAL] All neighbors rejected at Max Power. Waiting."
FF06,GWN,3,UNIFIED,"t=129 [TERMINAL] All neighbors rejected at Max Power. Waiting."
FF06,GWN,3,UNIFIED,"t=130 [TERMINAL] All neighbors rejected at Max Power. Waiting."
FF06,GWN,3,UNIFIED,"t=131 [TERMINAL] All neighbors rejected at Max Power. Waiting."
FF06,GWN,3,UNIFIED,"t=132 [TERMINAL] All neighbors rejected at Max Power. Waiting."
FF06,GWN,3,UNIFIED,"t=133 [TERMINAL] All neighbors rejected at Max Power. Waiting."
FF06,GWN,3,UNIFIED,"t=134 [TERMINAL] All neighbors rejected at Max Power. Waiting."
FF06,GWN,3,UNIFIED,"t=135 [TERMINAL] All neighbors rejected at Max Power. Waiting."
FF06,GWN,3,UNIFIED,"[AC] t=135 [HELLO_TX] bcast battery=100.0%"
FF06,GWN,3,UNIFIED,"t=136 [TERMINAL] All neighbors rejected at Max Power. Waiting."
FF06,GWN,3,UNIFIED,"t=137 [TERMINAL] All neighbors rejected at Max Power. Waiting."
FF06,GWN,3,UNIFIED,"t=138 [TERMINAL] All neighbors rejected at Max Power. Waiting."
FF06,GWN,3,UNIFIED,"t=139 [TERMINAL] All neighbors rejected at Max Power. Waiting."
FF06,GWN,3,UNIFIED,"t=140 [TERMINAL] All neighbors rejected at Max Power. Waiting."
FF06,GWN,3,UNIFIED,"[AC] t=140 [HELLO_TX] bcast battery=100.0%"
FF06,GWN,3,UNIFIED,"t=141 [TERMINAL] All neighbors rejected at Max Power. Waiting."
FF06,GWN,3,UNIFIED,"t=142 [TERMINAL] All neighbors rejected at Max Power. Waiting."
FF06,GWN,3,UNIFIED,"t=143 [TERMINAL] All neighbors rejected at Max Power. Waiting."
FF06,GWN,3,UNIFIED,"t=144 [TERMINAL] All neighbors rejected at Max Power. Waiting."
FF06,GWN,3,UNIFIED,"t=145 [TERMINAL] All neighbors rejected at Max Power. Waiting."
FF06,GWN,3,UNIFIED,"t=146 [TERMINAL] All neighbors rejected at Max Power. Waiting."
FF06,GWN,3,UNIFIED,"t=147 [TERMINAL] All neighbors rejected at Max Power. Waiting."
FF06,GWN,3,UNIFIED,"t=148 [TERMINAL] All neighbors rejected at Max Power. Waiting."
FF06,GWN,3,UNIFIED,"t=149 [TERMINAL] All neighbors rejected at Max Power. Waiting."
FF06,GWN,3,UNIFIED,"t=150 [TERMINAL] All neighbors rejected at Max Power. Waiting."
FF06,GWN,3,UNIFIED,"[AC] t=150 [HELLO_TX] bcast battery=100.0%"
FF06,GWN,3,UNIFIED,"t=151 [TERMINAL] All neighbors rejected at Max Power. Waiting."
FF06,GWN,3,UNIFIED,"[BB] t=152 [ENC_HELLO] TX: gwCh=0; chCh=0; secCh=0; sn=0 (encrypted)"
FF06,GWN,3,UNIFIED,"[BB] t=152 [ENC_HELLO] Retry 3/3 sent (next at t=232)"
FF06,GWN,3,UNIFIED,"t=152 [TERMINAL] All neighbors rejected at Max Power. Waiting."
FF06,GWN,3,UNIFIED,"t=153 [TERMINAL] All neighbors rejected at Max Power. Waiting."
FF06,GWN,3,UNIFIED,"t=153 [PHY] Neighbour count: 18->19"
FF06,GWN,3,UNIFIED,"t=154 [PHY] Neighbor count=19"
FF06,GWN,3,UNIFIED,"t=154 [TERMINAL] All neighbors rejected at Max Power. Waiting."
FF06,GWN,3,UNIFIED,"t=155 [TERMINAL] All neighbors rejected at Max Power. Waiting."
FF06,GWN,3,UNIFIED,"t=156 [TERMINAL] All neighbors rejected at Max Power. Waiting."
FF06,GWN,3,UNIFIED,"t=157 [TERMINAL] All neighbors rejected at Max Power. Waiting."
FF06,GWN,3,UNIFIED,"[AC] t=157 [HELLO_TX] bcast battery=100.0%"
FF06,GWN,3,UNIFIED,"t=158 [TERMINAL] All neighbors rejected at Max Power. Waiting."
FF06,GWN,3,UNIFIED,"t=159 [TERMINAL] All neighbors rejected at Max Power. Waiting."
FF06,GWN,3,UNIFIED,"t=160 [TERMINAL] All neighbors rejected at Max Power. Waiting."
FF06,GWN,3,UNIFIED,"t=161 [TERMINAL] All neighbors rejected at Max Power. Waiting."
FF06,GWN,3,UNIFIED,"t=162 [TERMINAL] All neighbors rejected at Max Power. Waiting."
FF06,GWN,3,UNIFIED,"t=163 [TERMINAL] All neighbors rejected at Max Power. Waiting."
FF06,GWN,3,UNIFIED,"t=164 [TERMINAL] All neighbors rejected at Max Power. Waiting."
FF06,GWN,3,UNIFIED,"t=165 [TERMINAL] All neighbors rejected at Max Power. Waiting."
FF06,GWN,3,UNIFIED,"t=166 [TERMINAL] All neighbors rejected at Max Power. Waiting."
FF06,GWN,3,UNIFIED,"[AC] t=166 [HELLO_TX] bcast battery=100.0%"
FF06,GWN,3,UNIFIED,"t=167 [TERMINAL] All neighbors rejected at Max Power. Waiting."
FF06,GWN,3,UNIFIED,"t=168 [TERMINAL] All neighbors rejected at Max Power. Waiting."
FF06,GWN,3,UNIFIED,"t=169 [TERMINAL] All neighbors rejected at Max Power. Waiting."
FF06,GWN,3,UNIFIED,"t=170 [TERMINAL] All neighbors rejected at Max Power. Waiting."
FF06,GWN,3,UNIFIED,"t=171 [TERMINAL] All neighbors rejected at Max Power. Waiting."
FF06,GWN,3,UNIFIED,"t=172 [TERMINAL] All neighbors rejected at Max Power. Waiting."
FF06,GWN,3,UNIFIED,"t=173 [TERMINAL] All neighbors rejected at Max Power. Waiting."
FF06,GWN,3,UNIFIED,"t=174 [TERMINAL] All neighbors rejected at Max Power. Waiting."
FF06,GWN,3,UNIFIED,"[AC] t=174 [HELLO_TX] bcast battery=100.0%"
FF06,GWN,3,UNIFIED,"t=175 [TERMINAL] All neighbors rejected at Max Power. Waiting."
FF06,GWN,3,UNIFIED,"t=176 [TERMINAL] All neighbors rejected at Max Power. Waiting."
FF06,GWN,3,UNIFIED,"t=177 [TERMINAL] All neighbors rejected at Max Power. Waiting."
FF06,GWN,3,UNIFIED,"t=178 [TERMINAL] All neighbors rejected at Max Power. Waiting."
FF06,GWN,3,UNIFIED,"t=179 [TERMINAL] All neighbors rejected at Max Power. Waiting."
FF06,GWN,3,UNIFIED,"t=180 [TERMINAL] All neighbors rejected at Max Power. Waiting."
FF06,GWN,3,UNIFIED,"t=181 [TERMINAL] All neighbors rejected at Max Power. Waiting."
FF06,GWN,3,UNIFIED,"t=182 [TERMINAL] All neighbors rejected at Max Power. Waiting."
FF06,GWN,3,UNIFIED,"t=183 [TERMINAL] All neighbors rejected at Max Power. Waiting."
FF06,GWN,3,UNIFIED,"[AC] t=183 [HELLO_TX] bcast battery=100.0%"
FF06,GWN,3,UNIFIED,"t=184 [TERMINAL] All neighbors rejected at Max Power. Waiting."
FF06,GWN,3,UNIFIED,"t=185 [TERMINAL] All neighbors rejected at Max Power. Waiting."
FF06,GWN,3,UNIFIED,"t=186 [TERMINAL] All neighbors rejected at Max Power. Waiting."
FF06,GWN,3,UNIFIED,"t=187 [TERMINAL] All neighbors rejected at Max Power. Waiting."
FF06,GWN,3,UNIFIED,"[AC] t=187 [HELLO_TX] bcast battery=100.0%"
FF06,GWN,3,UNIFIED,"t=188 [TERMINAL] All neighbors rejected at Max Power. Waiting."
FF06,GWN,3,UNIFIED,"t=189 [TERMINAL] All neighbors rejected at Max Power. Waiting."
FF06,GWN,3,UNIFIED,"t=190 [TERMINAL] All neighbors rejected at Max Power. Waiting."
FF06,GWN,3,UNIFIED,"t=191 [TERMINAL] All neighbors rejected at Max Power. Waiting."
FF06,GWN,3,UNIFIED,"[AC] t=191 [HELLO_TX] bcast battery=100.0%"
FF06,GWN,3,UNIFIED,"t=192 [TERMINAL] All neighbors rejected at Max Power. Waiting."
FF06,GWN,3,UNIFIED,"t=193 [TERMINAL] All neighbors rejected at Max Power. Waiting."
FF06,GWN,3,UNIFIED,"t=194 [TERMINAL] All neighbors rejected at Max Power. Waiting."
FF06,GWN,3,UNIFIED,"t=195 [TERMINAL] All neighbors rejected at Max Power. Waiting."
FF06,GWN,3,UNIFIED,"t=196 [TERMINAL] All neighbors rejected at Max Power. Waiting."
FF06,GWN,3,UNIFIED,"[AC] t=196 [HELLO_TX] bcast battery=100.0%"
FF06,GWN,3,UNIFIED,"t=197 [TERMINAL] All neighbors rejected at Max Power. Waiting."
FF06,GWN,3,UNIFIED,"t=198 [TERMINAL] All neighbors rejected at Max Power. Waiting."
FF06,GWN,3,UNIFIED,"t=199 [TERMINAL] All neighbors rejected at Max Power. Waiting."
FF06,GWN,3,UNIFIED,"[BB] t=200 [PHASE_TX] IDLE (queues empty)"
FF06,GWN,3,UNIFIED,"t=200 [TERMINAL] All neighbors rejected at Max Power. Waiting."
FF06,GWN,3,UNIFIED,"[BB] t=201 [PHASE_RX] Listening (Q_fwd=0; Q_local=0)"
FF06,GWN,3,UNIFIED,"t=201 [TERMINAL] All neighbors rejected at Max Power. Waiting."
FF06,GWN,3,UNIFIED,"[BB] t=202 [PHASE_RX] Listening (Q_fwd=0; Q_local=0)"
FF06,GWN,3,UNIFIED,"t=202 [TERMINAL] All neighbors rejected at Max Power. Waiting."
FF06,GWN,3,UNIFIED,"[BB] t=203 [PHASE_RX] Listening (Q_fwd=0; Q_local=0)"
FF06,GWN,3,UNIFIED,"t=203 [TERMINAL] All neighbors rejected at Max Power. Waiting."
FF06,GWN,3,UNIFIED,"[BB] t=204 [PHASE_TX] IDLE (queues empty)"
FF06,GWN,3,UNIFIED,"t=204 [TERMINAL] All neighbors rejected at Max Power. Waiting."
FF06,GWN,3,UNIFIED,"[BB] t=205 [PHASE_TX] IDLE (queues empty)"
FF06,GWN,3,UNIFIED,"t=205 [TERMINAL] All neighbors rejected at Max Power. Waiting."
FF06,GWN,3,UNIFIED,"[BB] t=206 [PHASE_TX] IDLE (queues empty)"
FF06,GWN,3,UNIFIED,"t=206 [TERMINAL] All neighbors rejected at Max Power. Waiting."
FF06,GWN,3,UNIFIED,"[AC] t=206 [HELLO_TX] bcast battery=100.0%"
FF06,GWN,3,UNIFIED,"[BB] t=207 [PHASE_RX] Listening (Q_fwd=0; Q_local=0)"
FF06,GWN,3,UNIFIED,"t=207 [TERMINAL] All neighbors rejected at Max Power. Waiting."
FF06,GWN,3,UNIFIED,"[BB] t=208 [PHASE_RX] Listening (Q_fwd=0; Q_local=0)"
FF06,GWN,3,UNIFIED,"t=208 [TERMINAL] All neighbors rejected at Max Power. Waiting."
FF06,GWN,3,UNIFIED,"[AC] t=208 [RX] CH_CMD.0 <- AA01"
FF06,GWN,3,UNIFIED,"[AC] [LOCK][SET] partner=AA01 timeout=4"
FF06,GWN,3,UNIFIED,"[AC] t=208 [CH_ACK] -> AA01 (sending key)"
FF06,GWN,3,UNIFIED,"[BB] t=209 [PHASE_RX] Listening (Q_fwd=0; Q_local=0)"
FF06,GWN,3,UNIFIED,"t=209 [TERMINAL] All neighbors rejected at Max Power. Waiting."
FF06,GWN,3,UNIFIED,"[BB] t=210 [PHASE_TX] IDLE (queues empty)"
FF06,GWN,3,UNIFIED,"t=210 [TERMINAL] All neighbors rejected at Max Power. Waiting."
FF06,GWN,3,UNIFIED,"[BB] t=211 [PHASE_TX] IDLE (queues empty)"
FF06,GWN,3,UNIFIED,"t=211 [TERMINAL] All neighbors rejected at Max Power. Waiting."
FF06,GWN,3,UNIFIED,"[AC] t=211 [HELLO_TX] bcast battery=100.0%"
FF06,GWN,3,UNIFIED,"[AC] t=212 [TIMEOUT] Sent CH_REJECT to orphaned AA01"
FF06,GWN,3,UNIFIED,"[AC] [LOCK][TIMEOUT] partner=AA01"
FF06,GWN,3,UNIFIED,"[BB] t=212 [PHASE_TX] IDLE (queues empty)"
FF06,GWN,3,UNIFIED,"t=212 [TERMINAL] All neighbors rejected at Max Power. Waiting."
FF06,GWN,3,UNIFIED,"[BB] t=213 [PHASE_RX] Listening (Q_fwd=0; Q_local=0)"
FF06,GWN,3,UNIFIED,"t=213 [TERMINAL] All neighbors rejected at Max Power. Waiting."
FF06,GWN,3,UNIFIED,"[BB] t=214 [PHASE_RX] Listening (Q_fwd=0; Q_local=0)"
FF06,GWN,3,UNIFIED,"t=214 [TERMINAL] All neighbors rejected at Max Power. Waiting."
FF06,GWN,3,UNIFIED,"[BB] t=215 [PHASE_RX] Listening (Q_fwd=0; Q_local=0)"
FF06,GWN,3,UNIFIED,"t=215 [TERMINAL] All neighbors rejected at Max Power. Waiting."
FF06,GWN,3,UNIFIED,"[BB] t=216 [PHASE_TX] IDLE (queues empty)"
FF06,GWN,3,UNIFIED,"t=216 [TERMINAL] All neighbors rejected at Max Power. Waiting."
FF06,GWN,3,UNIFIED,"[BB] t=217 [PHASE_TX] IDLE (queues empty)"
FF06,GWN,3,UNIFIED,"t=217 [TERMINAL] All neighbors rejected at Max Power. Waiting."
FF06,GWN,3,UNIFIED,"[BB] t=218 [PHASE_TX] IDLE (queues empty)"
FF06,GWN,3,UNIFIED,"t=218 [TERMINAL] All neighbors rejected at Max Power. Waiting."
FF06,GWN,3,UNIFIED,"[BB] t=219 [PHASE_RX] Listening (Q_fwd=0; Q_local=0)"
FF06,GWN,3,UNIFIED,"t=219 [TERMINAL] All neighbors rejected at Max Power. Waiting."
FF06,GWN,3,UNIFIED,"[AC] t=219 [HELLO_TX] bcast battery=100.0%"
FF06,GWN,3,UNIFIED,"[BB] t=220 [PHASE_RX] Listening (Q_fwd=0; Q_local=0)"
FF06,GWN,3,UNIFIED,"t=220 [TERMINAL] All neighbors rejected at Max Power. Waiting."
FF06,GWN,3,UNIFIED,"[BB] t=221 [PHASE_RX] Listening (Q_fwd=0; Q_local=0)"
FF06,GWN,3,UNIFIED,"t=221 [TERMINAL] All neighbors rejected at Max Power. Waiting."
FF06,GWN,3,UNIFIED,"[BB] t=222 [PHASE_TX] IDLE (queues empty)"
FF06,GWN,3,UNIFIED,"t=222 [TERMINAL] All neighbors rejected at Max Power. Waiting."
FF06,GWN,3,UNIFIED,"[BB] t=223 [PHASE_TX] IDLE (queues empty)"
FF06,GWN,3,UNIFIED,"t=223 [TERMINAL] All neighbors rejected at Max Power. Waiting."
FF06,GWN,3,UNIFIED,"[AC] t=223 [HELLO_TX] bcast battery=100.0%"
FF06,GWN,3,UNIFIED,"[BB] t=224 [PHASE_TX] IDLE (queues empty)"
FF06,GWN,3,UNIFIED,"t=224 [TERMINAL] All neighbors rejected at Max Power. Waiting."
FF06,GWN,3,UNIFIED,"[BB] t=225 [PHASE_RX] Listening (Q_fwd=0; Q_local=0)"
FF06,GWN,3,UNIFIED,"t=225 [TERMINAL] All neighbors rejected at Max Power. Waiting."
FF06,GWN,3,UNIFIED,"[BB] t=226 [PHASE_RX] Listening (Q_fwd=0; Q_local=0)"
FF06,GWN,3,UNIFIED,"t=226 [TERMINAL] All neighbors rejected at Max Power. Waiting."
FF06,GWN,3,UNIFIED,"[BB] t=227 [PHASE_RX] Listening (Q_fwd=0; Q_local=0)"
FF06,GWN,3,UNIFIED,"t=227 [TERMINAL] All neighbors rejected at Max Power. Waiting."
FF06,GWN,3,UNIFIED,"[AC] t=227 [RX] CH_CMD.2 <- AA01"
FF06,GWN,3,UNIFIED,"[AC] [LOCK][CLEAR][CH_SUCCESS] partner=AA01"
FF06,GWN,3,UNIFIED,"[AC] t=227 [CH_JOINED] AA01 added to children"
FF06,GWN,3,UNIFIED,"[BB] t=227 [Q_LOCAL] Queued CH_HELLO.1 (size=1/15)"
FF06,GWN,3,UNIFIED,"[BB] t=228 [DEQUEUE] From Q_local (waited 1 TFs)"
FF06,GWN,3,UNIFIED,"[BB] t=228 [PHASE_TX] Sent CH_HELLO.1 -> FF02 (Q_fwd=0; Q_local=0)"
FF06,GWN,3,UNIFIED,"t=228 [TERMINAL] All neighbors rejected at Max Power. Waiting."
FF06,GWN,3,UNIFIED,"[BB] t=229 [PHASE_TX] IDLE (queues empty)"
FF06,GWN,3,UNIFIED,"t=229 [TERMINAL] All neighbors rejected at Max Power. Waiting."
FF06,GWN,3,UNIFIED,"[AC] t=229 [HELLO_TX] bcast battery=100.0%"
FF06,GWN,3,UNIFIED,"[BB] t=230 [PHASE_TX] IDLE (queues empty)"
FF06,GWN,3,UNIFIED,"t=230 [TERMINAL] All neighbors rejected at Max Power. Waiting."
FF06,GWN,3,UNIFIED,"[BB] t=231 [PHASE_RX] Listening (Q_fwd=0; Q_local=0)"
FF06,GWN,3,UNIFIED,"t=231 [TERMINAL] All neighbors rejected at Max Power. Waiting."
FF06,GWN,3,UNIFIED,"[BB] t=232 [ENC_HELLO] TX: gwCh=0; chCh=1; secCh=0; sn=0 (encrypted)"
FF06,GWN,3,UNIFIED,"[BB] t=232 [ENC_HELLO] Registry refresh #1 sent (next at t=312)"
FF06,GWN,3,UNIFIED,"[BB] t=232 [PHASE_RX] Listening (Q_fwd=0; Q_local=0)"
FF06,GWN,3,UNIFIED,"t=232 [TERMINAL] All neighbors rejected at Max Power. Waiting."
FF06,GWN,3,UNIFIED,"[BB] t=233 [PHASE_RX] Listening (Q_fwd=0; Q_local=0)"
FF06,GWN,3,UNIFIED,"t=233 [TERMINAL] All neighbors rejected at Max Power. Waiting."
FF06,GWN,3,UNIFIED,"[BB] t=234 [PHASE_TX] IDLE (queues empty)"
FF06,GWN,3,UNIFIED,"t=234 [TERMINAL] All neighbors rejected at Max Power. Waiting."
FF06,GWN,3,UNIFIED,"[BB] t=235 [PHASE_TX] IDLE (queues empty)"
FF06,GWN,3,UNIFIED,"t=235 [TERMINAL] All neighbors rejected at Max Power. Waiting."
FF06,GWN,3,UNIFIED,"[AC] t=235 [RX] CH_CMD.0 <- AA09"
FF06,GWN,3,UNIFIED,"[AC] [LOCK][SET] partner=AA09 timeout=4"
FF06,GWN,3,UNIFIED,"[AC] t=235 [CH_ACK] -> AA09 (sending key)"
FF06,GWN,3,UNIFIED,"[BB] t=236 [PHASE_TX] IDLE (queues empty)"
FF06,GWN,3,UNIFIED,"t=236 [TERMINAL] All neighbors rejected at Max Power. Waiting."
FF06,GWN,3,UNIFIED,"[BB] t=237 [PHASE_RX] Listening (Q_fwd=0; Q_local=0)"
FF06,GWN,3,UNIFIED,"t=237 [TERMINAL] All neighbors rejected at Max Power. Waiting."
FF06,GWN,3,UNIFIED,"[BB] t=238 [PHASE_RX] Listening (Q_fwd=0; Q_local=0)"
FF06,GWN,3,UNIFIED,"t=238 [TERMINAL] All neighbors rejected at Max Power. Waiting."
FF06,GWN,3,UNIFIED,"[AC] t=238 [HELLO_TX] bcast battery=100.0%"
FF06,GWN,3,UNIFIED,"[AC] t=239 [TIMEOUT] Sent CH_REJECT to orphaned AA09"
FF06,GWN,3,UNIFIED,"[AC] [LOCK][TIMEOUT] partner=AA09"
FF06,GWN,3,UNIFIED,"[BB] t=239 [PHASE_RX] Listening (Q_fwd=0; Q_local=0)"
FF06,GWN,3,UNIFIED,"t=239 [TERMINAL] All neighbors rejected at Max Power. Waiting."
FF06,GWN,3,UNIFIED,"[BB] t=240 [PHASE_TX] IDLE (queues empty)"
FF06,GWN,3,UNIFIED,"t=240 [TERMINAL] All neighbors rejected at Max Power. Waiting."
FF06,GWN,3,UNIFIED,"[BB] t=241 [PHASE_TX] IDLE (queues empty)"
FF06,GWN,3,UNIFIED,"t=241 [TERMINAL] All neighbors rejected at Max Power. Waiting."
FF06,GWN,3,UNIFIED,"[BB] t=242 [PHASE_TX] IDLE (queues empty)"
FF06,GWN,3,UNIFIED,"t=242 [TERMINAL] All neighbors rejected at Max Power. Waiting."
FF06,GWN,3,UNIFIED,"[BB] t=243 [PHASE_RX] Listening (Q_fwd=0; Q_local=0)"
FF06,GWN,3,UNIFIED,"t=243 [TERMINAL] All neighbors rejected at Max Power. Waiting."
FF06,GWN,3,UNIFIED,"[BB] t=244 [PHASE_RX] Listening (Q_fwd=0; Q_local=0)"
FF06,GWN,3,UNIFIED,"t=244 [TERMINAL] All neighbors rejected at Max Power. Waiting."
FF06,GWN,3,UNIFIED,"[BB] t=245 [PHASE_RX] Listening (Q_fwd=0; Q_local=0)"
FF06,GWN,3,UNIFIED,"t=245 [TERMINAL] All neighbors rejected at Max Power. Waiting."
FF06,GWN,3,UNIFIED,"[BB] t=246 [PHASE_TX] IDLE (queues empty)"
FF06,GWN,3,UNIFIED,"t=246 [TERMINAL] All neighbors rejected at Max Power. Waiting."
FF06,GWN,3,UNIFIED,"[BB] t=247 [PHASE_TX] IDLE (queues empty)"
FF06,GWN,3,UNIFIED,"t=247 [TERMINAL] All neighbors rejected at Max Power. Waiting."
FF06,GWN,3,UNIFIED,"[BB] t=248 [PHASE_TX] IDLE (queues empty)"
FF06,GWN,3,UNIFIED,"t=248 [TERMINAL] All neighbors rejected at Max Power. Waiting."
FF06,GWN,3,UNIFIED,"[AC] t=248 [HELLO_TX] bcast battery=100.0%"
FF06,GWN,3,UNIFIED,"[BB] t=249 [PHASE_RX] Listening (Q_fwd=0; Q_local=0)"
FF06,GWN,3,UNIFIED,"t=249 [TERMINAL] All neighbors rejected at Max Power. Waiting."
FF07,GWN,3,BACKBONE,"t=2 [TX] HB.0 -> <BCAST>"
FF07,GWN,3,BACKBONE,"t=4 [PHY] Neighbour count: 3->4"
FF07,GWN,3,BACKBONE,"t=5 [PHY] Neighbour count: 4->5"
FF07,GWN,3,BACKBONE,"t=6 [PHY] Neighbour count: 5->6"
FF07,GWN,3,BACKBONE,"t=8 [PHY] Neighbour count: 6->7"
FF07,GWN,3,BACKBONE,"t=9 [TX] HB.0 -> <BCAST>"
FF07,GWN,3,BACKBONE,"t=9 [PHY] Neighbour count: 7->8"
FF07,GWN,3,BACKBONE,"t=12 [PHY] Neighbour count: 8->9"
FF07,GWN,3,BACKBONE,"t=16 [TX] HB.0 -> <BCAST>"
FF07,GWN,3,BACKBONE,"t=16 [PHY] Neighbour count: 9->10"
FF07,GWN,3,BACKBONE,"t=17 [PHY] Neighbour count: 10->11"
FF07,GWN,3,BACKBONE,"t=23 [TX] HB.1 -> <BCAST>"
FF07,GWN,3,BACKBONE,"t=26 [PHY] Neighbour count: 11->12"
FF07,GWN,3,BACKBONE,"t=30 [TX] HB.1 -> <BCAST>"
FF07,GWN,3,BACKBONE,"t=37 [TX] HB.1 -> <BCAST>"
FF07,GWN,3,BACKBONE,"t=42 [PHY] Neighbour count: 12->13"
FF07,GWN,3,BACKBONE,"t=43 [PHY] Neighbour count: 13->14"
FF07,GWN,3,BACKBONE,"t=44 [TX] HB.1 -> <BCAST>"
FF07,GWN,3,BACKBONE,"t=48 [RX] CMD.0 <- FF0C RSSI=0.1"
FF07,GWN,3,BACKBONE,"t=48 [TX] CMD.1 -> FF0C"
FF07,GWN,3,BACKBONE,"t=48 [TX] CMD.1 -> FF0C"
FF07,GWN,3,BACKBONE,"t=48 [STATE] DISCOVERY -> HANDSHAKE"
FF07,GWN,3,BACKBONE,"[LOCK][SET] partner=FF0C timeout=6"
FF07,GWN,3,BACKBONE,"t=48 [HANDSHAKE] Lock set with FF0C (timer=6)"
FF07,GWN,3,BACKBONE,"t=52 [RX] CMD.2 <- FF0C RSSI=0.1"
FF07,GWN,3,BACKBONE,"[LOCK][REFRESH] partner=FF0C timeout=6"
FF07,GWN,3,BACKBONE,"[LOCK][SET] partner=FF0C timeout=6"
FF07,GWN,3,BACKBONE,"t=52 [PARENT] Set parent -> FF0C"
FF07,GWN,3,BACKBONE,"t=53 [RX] CMD.4 <- FF0C RSSI=0.1"
FF07,GWN,3,BACKBONE,"[LOCK][REFRESH] partner=FF0C timeout=6"
FF07,GWN,3,BACKBONE,"t=53 [PHASE] Inherited phaseOffset=0 from parent FF0C"
FF07,GWN,3,BACKBONE,"t=53 [ENC_HELLO] TX: gwCh=0; chCh=0; secCh=0; sn=0 (encrypted)"
FF07,GWN,3,BACKBONE,"t=53 [TX] CMD.5 -> FF0C"
FF07,GWN,3,BACKBONE,"[LOCK][CLEAR][ENC_HELLO_TX] partner=FF0C"
FF07,GWN,3,BACKBONE,"t=53 [HANDSHAKE] Lock cleared (was with FF0C)"
FF07,GWN,3,BACKBONE,"t=54 [PHY] Neighbour count: 14->15"
FF07,GWN,3,BACKBONE,"[LOCK][SET] partner=FF05 timeout=6"
FF07,GWN,3,BACKBONE,"t=57 [HANDSHAKE] Lock set with FF05 (timer=6)"
FF07,GWN,3,BACKBONE,"[LOCK][SET] partner=FF05 timeout=6"
FF07,GWN,3,BACKBONE,"t=57 [TX] CMD.0 -> FF05"
FF07,GWN,3,BACKBONE,"t=59 [RX] CMD.1 <- FF05 RSSI=8.0"
FF07,GWN,3,BACKBONE,"[LOCK][REFRESH] partner=FF05 timeout=6"
FF07,GWN,3,BACKBONE,"t=59 [TX] CMD.2 -> FF05"
FF07,GWN,3,BACKBONE,"[LOCK][REFRESH] partner=FF05 timeout=6"
FF07,GWN,3,BACKBONE,"t=59 [HANDSHAKE] FF05 added to pendingChildren (awaiting ENC_HELLO)"
FF07,GWN,3,BACKBONE,"t=59 [TX] CMD.4 -> FF05"
FF07,GWN,3,BACKBONE,"t=59 [PHASE] Sending phaseOffset=1 to child FF05 (self=0)"
FF07,GWN,3,BACKBONE,"[LOCK][REFRESH] partner=FF05 timeout=6"
FF07,GWN,3,BACKBONE,"[LOCK][SET] partner=FF05 timeout=6"
FF07,GWN,3,BACKBONE,"t=63 [ENC_HELLO] TX: gwCh=0; chCh=0; secCh=0; sn=0 (encrypted)"
FF07,GWN,3,BACKBONE,"t=63 [ENC_HELLO] Retry 1/3 sent (next at t=83)"
FF07,GWN,3,BACKBONE,"t=64 [RX] CMD.5 <- FF05 RSSI=8.0"
FF07,GWN,3,BACKBONE,"t=64 [HANDSHAKE] FF05 promoted to children (ENC_HELLO received)"
FF07,GWN,3,BACKBONE,"[LOCK][CLEAR][ENC_HELLO_RX] partner=FF05"
FF07,GWN,3,BACKBONE,"t=64 [TX] CMD.5 -> FF0C"
FF07,GWN,3,BACKBONE,"t=64 [HANDSHAKE] Lock cleared (was with FF05)"
FF07,GWN,3,BACKBONE,"t=64 [RETRY] Reset retry state for FF05 (now child)"
FF07,GWN,3,BACKBONE,"t=64 [STATE] HANDSHAKE -> SECURE"
FF07,GWN,3,BACKBONE,"t=65 [PHY] Neighbour count: 15->16"
FF07,GWN,3,BACKBONE,"t=69 [PHY] Neighbour count: 16->17"
FF07,GWN,3,BACKBONE,"t=72 [RX_FWD] Encrypted CMD.5 from Child FF05 -> Queue for Parent FF0C"
FF07,GWN,3,BACKBONE,"t=72 [Q_FWD] Queued CMD.5 (size=1/15)"
FF07,GWN,3,BACKBONE,"t=75 [RX_FWD] Encrypted CMD.5 from Child FF05 -> Queue for Parent FF0C"
FF07,GWN,3,BACKBONE,"t=75 [Q_FWD] Queued CMD.5 (size=2/15)"
FF07,GWN,3,BACKBONE,"t=83 [ENC_HELLO] TX: gwCh=1; chCh=0; secCh=0; sn=0 (encrypted)"
FF07,GWN,3,BACKBONE,"t=83 [ENC_HELLO] Retry 2/3 sent (next at t=123)"
FF07,GWN,3,BACKBONE,"t=84 [RX] CMD.0 <- FF04 RSSI=0.7"
FF07,GWN,3,BACKBONE,"t=84 [TX] CMD.3 -> FF04"
FF07,GWN,3,BACKBONE,"t=92 [RX_FWD] Encrypted CMD.5 from Child FF05 -> Queue for Parent FF0C"
FF07,GWN,3,BACKBONE,"t=92 [Q_FWD] Queued CMD.5 (size=3/15)"
FF07,GWN,3,BACKBONE,"t=111 [PHY] Neighbour count: 18->19"
FF07,GWN,3,BACKBONE,"t=123 [ENC_HELLO] TX: gwCh=1; chCh=0; secCh=0; sn=0 (encrypted)"
FF07,GWN,3,BACKBONE,"t=123 [ENC_HELLO] Retry 3/3 sent (next at t=203)"
FF07,GWN,3,BACKBONE,"t=132 [RX_FWD] Encrypted CMD.5 from Child FF05 -> Queue for Parent FF0C"
FF07,GWN,3,BACKBONE,"t=132 [Q_FWD] Queued CMD.5 (size=4/15)"
FF07,GWN,3,BACKBONE,"t=200 [DEQUEUE] From Q_fwd (waited 128 TFs)"
FF07,GWN,3,BACKBONE,"t=200 [PHASE_TX] Sent CMD.5 -> FF0C (Q_fwd=3; Q_local=0)"
FF07,GWN,3,BACKBONE,"t=201 [PHASE_RX] Listening (Q_fwd=3; Q_local=0)"
FF07,GWN,3,BACKBONE,"t=201 [RX_FWD] Encrypted CMD.5 from Child FF05 -> Queue for Parent FF0C"
FF07,GWN,3,BACKBONE,"t=201 [Q_FWD] Queued CMD.5 (size=4/15)"
FF07,GWN,3,BACKBONE,"t=202 [PHASE_RX] Listening (Q_fwd=4; Q_local=0)"
FF07,GWN,3,BACKBONE,"t=202 [RX_FWD] Encrypted CMD.5 from Child FF05 -> Queue for Parent FF0C"
FF07,GWN,3,BACKBONE,"t=202 [Q_FWD] Queued CMD.5 (size=5/15)"
FF07,GWN,3,BACKBONE,"t=203 [ENC_HELLO] TX: gwCh=1; chCh=0; secCh=0; sn=0 (encrypted)"
FF07,GWN,3,BACKBONE,"t=203 [ENC_HELLO] Registry refresh #1 sent (next at t=283)"
FF07,GWN,3,BACKBONE,"t=203 [PHASE_RX] Listening (Q_fwd=5; Q_local=0)"
FF07,GWN,3,BACKBONE,"t=203 [RX_FWD] Encrypted CMD.5 from Child FF05 -> Queue for Parent FF0C"
FF07,GWN,3,BACKBONE,"t=203 [Q_FWD] Queued CMD.5 (size=6/15)"
FF07,GWN,3,BACKBONE,"t=204 [DEQUEUE] From Q_fwd (waited 129 TFs)"
FF07,GWN,3,BACKBONE,"t=204 [PHASE_TX] Sent CMD.5 -> FF0C (Q_fwd=5; Q_local=0)"
FF07,GWN,3,BACKBONE,"t=205 [DEQUEUE] From Q_fwd (waited 113 TFs)"
FF07,GWN,3,BACKBONE,"t=205 [PHASE_TX] Sent CMD.5 -> FF0C (Q_fwd=4; Q_local=0)"
FF07,GWN,3,BACKBONE,"t=206 [DEQUEUE] From Q_fwd (waited 74 TFs)"
FF07,GWN,3,BACKBONE,"t=206 [PHASE_TX] Sent CMD.5 -> FF0C (Q_fwd=3; Q_local=0)"
FF07,GWN,3,BACKBONE,"t=207 [PHASE_RX] Listening (Q_fwd=3; Q_local=0)"
FF07,GWN,3,BACKBONE,"t=207 [RX_FWD] Encrypted CMD.5 from Child FF05 -> Queue for Parent FF0C"
FF07,GWN,3,BACKBONE,"t=207 [Q_FWD] Queued CMD.5 (size=4/15)"
FF07,GWN,3,BACKBONE,"t=208 [PHASE_RX] Listening (Q_fwd=4; Q_local=0)"
FF07,GWN,3,BACKBONE,"t=208 [RX_FWD] Encrypted CMD.5 from Child FF05 -> Queue for Parent FF0C"
FF07,GWN,3,BACKBONE,"t=208 [Q_FWD] Queued CMD.5 (size=5/15)"
FF07,GWN,3,BACKBONE,"t=209 [PHASE_RX] Listening (Q_fwd=5; Q_local=0)"
FF07,GWN,3,BACKBONE,"t=209 [RX_FWD] Encrypted CMD.5 from Child FF05 -> Queue for Parent FF0C"
FF07,GWN,3,BACKBONE,"t=209 [Q_FWD] Queued CMD.5 (size=6/15)"
FF07,GWN,3,BACKBONE,"t=210 [DEQUEUE] From Q_fwd (waited 9 TFs)"
FF07,GWN,3,BACKBONE,"t=210 [PHASE_TX] Sent CMD.5 -> FF0C (Q_fwd=5; Q_local=0)"
FF07,GWN,3,BACKBONE,"t=211 [DEQUEUE] From Q_fwd (waited 9 TFs)"
FF07,GWN,3,BACKBONE,"t=211 [PHASE_TX] Sent CMD.5 -> FF0C (Q_fwd=4; Q_local=0)"
FF07,GWN,3,BACKBONE,"t=212 [DEQUEUE] From Q_fwd (waited 9 TFs)"
FF07,GWN,3,BACKBONE,"t=212 [PHASE_TX] Sent CMD.5 -> FF0C (Q_fwd=3; Q_local=0)"
FF07,GWN,3,BACKBONE,"t=212 [RX_FWD] Encrypted CMD.5 from Child FF05 -> Queue for Parent FF0C"
FF07,GWN,3,BACKBONE,"t=212 [Q_FWD] Queued CMD.5 (size=4/15)"
FF07,GWN,3,BACKBONE,"t=213 [PHASE_RX] Listening (Q_fwd=4; Q_local=0)"
FF07,GWN,3,BACKBONE,"t=213 [RX_FWD] Encrypted CMD.5 from Child FF05 -> Queue for Parent FF0C"
FF07,GWN,3,BACKBONE,"t=213 [Q_FWD] Queued CMD.5 (size=5/15)"
FF07,GWN,3,BACKBONE,"t=214 [PHASE_RX] Listening (Q_fwd=5; Q_local=0)"
FF07,GWN,3,BACKBONE,"t=215 [PHASE_RX] Listening (Q_fwd=5; Q_local=0)"
FF07,GWN,3,BACKBONE,"t=216 [DEQUEUE] From Q_fwd (waited 9 TFs)"
FF07,GWN,3,BACKBONE,"t=216 [PHASE_TX] Sent CMD.5 -> FF0C (Q_fwd=4; Q_local=0)"
FF07,GWN,3,BACKBONE,"t=217 [DEQUEUE] From Q_fwd (waited 9 TFs)"
FF07,GWN,3,BACKBONE,"t=217 [PHASE_TX] Sent CMD.5 -> FF0C (Q_fwd=3; Q_local=0)"
FF07,GWN,3,BACKBONE,"t=218 [DEQUEUE] From Q_fwd (waited 9 TFs)"
FF07,GWN,3,BACKBONE,"t=218 [PHASE_TX] Sent CMD.5 -> FF0C (Q_fwd=2; Q_local=0)"
FF07,GWN,3,BACKBONE,"t=219 [PHASE_RX] Listening (Q_fwd=2; Q_local=0)"
FF07,GWN,3,BACKBONE,"t=219 [RX_FWD] Encrypted CH_HELLO.1 from Child FF05 -> Queue for Parent FF0C"
FF07,GWN,3,BACKBONE,"t=219 [Q_FWD] Queued CH_HELLO.1 (size=3/15)"
FF07,GWN,3,BACKBONE,"t=220 [PHASE_RX] Listening (Q_fwd=3; Q_local=0)"
FF07,GWN,3,BACKBONE,"t=221 [PHASE_RX] Listening (Q_fwd=3; Q_local=0)"
FF07,GWN,3,BACKBONE,"t=222 [DEQUEUE] From Q_fwd (waited 10 TFs)"
FF07,GWN,3,BACKBONE,"t=222 [PHASE_TX] Sent CMD.5 -> FF0C (Q_fwd=2; Q_local=0)"
FF07,GWN,3,BACKBONE,"t=223 [DEQUEUE] From Q_fwd (waited 10 TFs)"
FF07,GWN,3,BACKBONE,"t=223 [PHASE_TX] Sent CMD.5 -> FF0C (Q_fwd=1; Q_local=0)"
FF07,GWN,3,BACKBONE,"t=224 [DEQUEUE] From Q_fwd (waited 5 TFs)"
FF07,GWN,3,BACKBONE,"t=224 [PHASE_TX] Sent CH_HELLO.1 -> FF0C (Q_fwd=0; Q_local=0)"
FF07,GWN,3,BACKBONE,"t=225 [PHASE_RX] Listening (Q_fwd=0; Q_local=0)"
FF07,GWN,3,BACKBONE,"t=225 [RX_FWD] Encrypted CMD.5 from Child FF05 -> Queue for Parent FF0C"
FF07,GWN,3,BACKBONE,"t=225 [Q_FWD] Queued CMD.5 (size=1/15)"
FF07,GWN,3,BACKBONE,"t=226 [PHASE_RX] Listening (Q_fwd=1; Q_local=0)"
FF07,GWN,3,BACKBONE,"t=227 [PHASE_RX] Listening (Q_fwd=1; Q_local=0)"
FF07,GWN,3,BACKBONE,"t=228 [DEQUEUE] From Q_fwd (waited 3 TFs)"
FF07,GWN,3,BACKBONE,"t=228 [PHASE_TX] Sent CMD.5 -> FF0C (Q_fwd=0; Q_local=0)"
FF07,GWN,3,BACKBONE,"t=229 [PHASE_TX] IDLE (queues empty)"
FF07,GWN,3,BACKBONE,"t=230 [PHASE_TX] IDLE (queues empty)"
FF07,GWN,3,BACKBONE,"t=231 [PHASE_RX] Listening (Q_fwd=0; Q_local=0)"
FF07,GWN,3,BACKBONE,"t=232 [PHASE_RX] Listening (Q_fwd=0; Q_local=0)"
FF07,GWN,3,BACKBONE,"t=233 [PHASE_RX] Listening (Q_fwd=0; Q_local=0)"
FF07,GWN,3,BACKBONE,"t=234 [PHASE_TX] IDLE (queues empty)"
FF07,GWN,3,BACKBONE,"t=235 [PHASE_TX] IDLE (queues empty)"
FF07,GWN,3,BACKBONE,"t=236 [PHASE_TX] IDLE (queues empty)"
FF07,GWN,3,BACKBONE,"t=237 [PHASE_RX] Listening (Q_fwd=0; Q_local=0)"
FF07,GWN,3,BACKBONE,"t=237 [RX_FWD] Encrypted CMD.5 from Child FF05 -> Queue for Parent FF0C"
FF07,GWN,3,BACKBONE,"t=237 [Q_FWD] Queued CMD.5 (size=1/15)"
FF07,GWN,3,BACKBONE,"t=238 [PHASE_RX] Listening (Q_fwd=1; Q_local=0)"
FF07,GWN,3,BACKBONE,"t=239 [PHASE_RX] Listening (Q_fwd=1; Q_local=0)"
FF07,GWN,3,BACKBONE,"t=240 [DEQUEUE] From Q_fwd (waited 3 TFs)"
FF07,GWN,3,BACKBONE,"t=240 [PHASE_TX] Sent CMD.5 -> FF0C (Q_fwd=0; Q_local=0)"
FF07,GWN,3,BACKBONE,"t=241 [PHASE_TX] IDLE (queues empty)"
FF07,GWN,3,BACKBONE,"t=242 [PHASE_TX] IDLE (queues empty)"
FF07,GWN,3,BACKBONE,"t=243 [PHASE_RX] Listening (Q_fwd=0; Q_local=0)"
FF07,GWN,3,BACKBONE,"t=244 [PHASE_RX] Listening (Q_fwd=0; Q_local=0)"
FF07,GWN,3,BACKBONE,"t=245 [PHASE_RX] Listening (Q_fwd=0; Q_local=0)"
FF07,GWN,3,BACKBONE,"t=246 [PHASE_TX] IDLE (queues empty)"
FF07,GWN,3,BACKBONE,"t=247 [PHASE_TX] IDLE (queues empty)"
FF07,GWN,3,BACKBONE,"t=248 [PHASE_TX] IDLE (queues empty)"
FF07,GWN,3,BACKBONE,"t=249 [PHASE_RX] Listening (Q_fwd=0; Q_local=0)"
FF07,GWN,3,ACCESS,"t=4 [PHY] Neighbour count: 3->4"
FF07,GWN,3,ACCESS,"t=5 [PHY] Neighbour count: 4->5"
FF07,GWN,3,ACCESS,"t=6 [PHY] Neighbour count: 5->6"
FF07,GWN,3,ACCESS,"t=7 [HELLO_TX] bcast battery=100.0%"
FF07,GWN,3,ACCESS,"t=8 [PHY] Neighbour count: 6->7"
FF07,GWN,3,ACCESS,"t=9 [PHY] Neighbour count: 7->8"
FF07,GWN,3,ACCESS,"t=12 [PHY] Neighbour count: 8->9"
FF07,GWN,3,ACCESS,"t=15 [HELLO_TX] bcast battery=100.0%"
FF07,GWN,3,ACCESS,"t=16 [PHY] Neighbour count: 9->10"
FF07,GWN,3,ACCESS,"t=17 [PHY] Neighbour count: 10->11"
FF07,GWN,3,ACCESS,"t=20 [HELLO_TX] bcast battery=100.0%"
FF07,GWN,3,ACCESS,"t=24 [HELLO_TX] bcast battery=100.0%"
FF07,GWN,3,ACCESS,"t=26 [PHY] Neighbour count: 11->12"
FF07,GWN,3,ACCESS,"t=31 [HELLO_TX] bcast battery=100.0%"
FF07,GWN,3,ACCESS,"t=39 [HELLO_TX] bcast battery=100.0%"
FF07,GWN,3,ACCESS,"t=42 [PHY] Neighbour count: 12->13"
FF07,GWN,3,ACCESS,"t=43 [PHY] Neighbour count: 13->14"
FF07,GWN,3,ACCESS,"t=47 [HELLO_TX] bcast battery=100.0%"
FF07,GWN,3,ACCESS,"t=54 [HELLO_TX] bcast battery=100.0%"
FF07,GWN,3,ACCESS,"t=54 [PHY] Neighbour count: 14->15"
FF07,GWN,3,ACCESS,"t=61 [HELLO_TX] bcast battery=100.0%"
FF07,GWN,3,ACCESS,"t=65 [PHY] Neighbour count: 15->16"
FF07,GWN,3,ACCESS,"t=68 [HELLO_TX] bcast battery=100.0%"
FF07,GWN,3,ACCESS,"t=69 [PHY] Neighbour count: 16->17"
FF07,GWN,3,ACCESS,"t=72 [HELLO_TX] bcast battery=100.0%"
FF07,GWN,3,ACCESS,"t=76 [HELLO_TX] bcast battery=100.0%"
FF07,GWN,3,ACCESS,"t=82 [HELLO_TX] bcast battery=100.0%"
FF07,GWN,3,ACCESS,"t=88 [HELLO_TX] bcast battery=100.0%"
FF07,GWN,3,ACCESS,"t=94 [HELLO_TX] bcast battery=100.0%"
FF07,GWN,3,ACCESS,"t=100 [HELLO_TX] bcast battery=100.0%"
FF07,GWN,3,ACCESS,"t=105 [HELLO_TX] bcast battery=100.0%"
FF07,GWN,3,ACCESS,"t=111 [PHY] Neighbour count: 18->19"
FF07,GWN,3,ACCESS,"t=112 [HELLO_TX] bcast battery=100.0%"
FF07,GWN,3,ACCESS,"t=116 [HELLO_TX] bcast battery=100.0%"
FF07,GWN,3,ACCESS,"t=121 [HELLO_TX] bcast battery=100.0%"
FF07,GWN,3,ACCESS,"t=127 [HELLO_TX] bcast battery=100.0%"
FF07,GWN,3,ACCESS,"t=135 [HELLO_TX] bcast battery=100.0%"
FF07,GWN,3,ACCESS,"t=143 [HELLO_TX] bcast battery=100.0%"
FF07,GWN,3,ACCESS,"t=147 [HELLO_TX] bcast battery=100.0%"
FF07,GWN,3,ACCESS,"t=156 [HELLO_TX] bcast battery=100.0%"
FF07,GWN,3,ACCESS,"t=165 [HELLO_TX] bcast battery=100.0%"
FF07,GWN,3,ACCESS,"t=174 [HELLO_TX] bcast battery=100.0%"
FF07,GWN,3,ACCESS,"t=178 [HELLO_TX] bcast battery=100.0%"
FF07,GWN,3,ACCESS,"t=186 [HELLO_TX] bcast battery=100.0%"
FF07,GWN,3,ACCESS,"t=193 [HELLO_TX] bcast battery=100.0%"
FF07,GWN,3,ACCESS,"t=203 [HELLO_TX] bcast battery=100.0%"
FF07,GWN,3,ACCESS,"t=208 [HELLO_TX] bcast battery=100.0%"
FF07,GWN,3,ACCESS,"t=212 [HELLO_TX] bcast battery=100.0%"
FF07,GWN,3,ACCESS,"t=222 [HELLO_TX] bcast battery=100.0%"
FF07,GWN,3,ACCESS,"t=227 [HELLO_TX] bcast battery=100.0%"
FF07,GWN,3,ACCESS,"t=230 [RX] CH_CMD.0 <- AA02"
FF07,GWN,3,ACCESS,"[LOCK][SET] partner=AA02 timeout=4"
FF07,GWN,3,ACCESS,"t=230 [CH_ACK] -> AA02 (sending key)"
FF07,GWN,3,ACCESS,"t=231 [HELLO_TX] bcast battery=100.0%"
FF07,GWN,3,ACCESS,"t=234 [TIMEOUT] Sent CH_REJECT to orphaned AA02"
FF07,GWN,3,ACCESS,"[LOCK][TIMEOUT] partner=AA02"
FF07,GWN,3,ACCESS,"t=240 [HELLO_TX] bcast battery=100.0%"
FF07,GWN,3,ACCESS,"t=245 [HELLO_TX] bcast battery=100.0%"
FF07,GWN,3,ACCESS,"t=249 [HELLO_TX] bcast battery=100.0%"
FF07,GWN,3,UNIFIED,"t=2 [PHY] Neighbor count=1"
FF07,GWN,3,UNIFIED,"[BB] t=2 [TX] HB.0 -> <BCAST>"
FF07,GWN,3,UNIFIED,"t=3 [PHY] Neighbor count=2"
FF07,GWN,3,UNIFIED,"t=4 [PHY] Neighbor count=3"
FF07,GWN,3,UNIFIED,"t=4 [PHY] Neighbour count: 3->4"
FF07,GWN,3,UNIFIED,"t=5 [PHY] Neighbor count=4"
FF07,GWN,3,UNIFIED,"t=5 [PHY] Neighbour count: 4->5"
FF07,GWN,3,UNIFIED,"t=6 [PHY] Neighbor count=5"
FF07,GWN,3,UNIFIED,"t=6 [PHY] Neighbour count: 5->6"
FF07,GWN,3,UNIFIED,"t=7 [PHY] Neighbor count=6"
FF07,GWN,3,UNIFIED,"[AC] t=7 [HELLO_TX] bcast battery=100.0%"
FF07,GWN,3,UNIFIED,"t=8 [PHY] Neighbour count: 6->7"
FF07,GWN,3,UNIFIED,"t=9 [PHY] Neighbor count=7"
FF07,GWN,3,UNIFIED,"[BB] t=9 [TX] HB.0 -> <BCAST>"
FF07,GWN,3,UNIFIED,"t=9 [PHY] Neighbour count: 7->8"
FF07,GWN,3,UNIFIED,"t=10 [PHY] Neighbor count=8"
FF07,GWN,3,UNIFIED,"t=12 [PHY] Neighbour count: 8->9"
FF07,GWN,3,UNIFIED,"t=13 [PHY] Neighbor count=9"
FF07,GWN,3,UNIFIED,"[AC] t=15 [HELLO_TX] bcast battery=100.0%"
FF07,GWN,3,UNIFIED,"[BB] t=16 [TX] HB.0 -> <BCAST>"
FF07,GWN,3,UNIFIED,"t=16 [PHY] Neighbour count: 9->10"
FF07,GWN,3,UNIFIED,"t=17 [PHY] Neighbor count=10"
FF07,GWN,3,UNIFIED,"t=17 [PHY] Neighbour count: 10->11"
FF07,GWN,3,UNIFIED,"t=18 [PHY] Neighbor count=11"
FF07,GWN,3,UNIFIED,"[AC] t=20 [HELLO_TX] bcast battery=100.0%"
FF07,GWN,3,UNIFIED,"t=22 [STATE] BOOT→DISCOVERY (neighbors=11)"
FF07,GWN,3,UNIFIED,"[BB] t=23 [TX] HB.1 -> <BCAST>"
FF07,GWN,3,UNIFIED,"[AC] t=24 [HELLO_TX] bcast battery=100.0%"
FF07,GWN,3,UNIFIED,"t=26 [PHY] Neighbour count: 11->12"
FF07,GWN,3,UNIFIED,"t=27 [PHY] Neighbor count=12"
FF07,GWN,3,UNIFIED,"[BB] t=30 [TX] HB.1 -> <BCAST>"
FF07,GWN,3,UNIFIED,"[AC] t=31 [HELLO_TX] bcast battery=100.0%"
FF07,GWN,3,UNIFIED,"[BB] t=37 [TX] HB.1 -> <BCAST>"
FF07,GWN,3,UNIFIED,"[AC] t=39 [HELLO_TX] bcast battery=100.0%"
FF07,GWN,3,UNIFIED,"t=42 [PHY] Neighbour count: 12->13"
FF07,GWN,3,UNIFIED,"t=43 [PHY] Neighbor count=13"
FF07,GWN,3,UNIFIED,"t=43 [PHY] Neighbour count: 13->14"
FF07,GWN,3,UNIFIED,"t=44 [PHY] Neighbor count=14"
FF07,GWN,3,UNIFIED,"[BB] t=44 [TX] HB.1 -> <BCAST>"
FF07,GWN,3,UNIFIED,"[AC] t=47 [HELLO_TX] bcast battery=100.0%"
FF07,GWN,3,UNIFIED,"[BB] t=48 [RX] CMD.0 <- FF0C RSSI=0.1"
FF07,GWN,3,UNIFIED,"[BB] t=48 [TX] CMD.1 -> FF0C"
FF07,GWN,3,UNIFIED,"[BB] t=48 [TX] CMD.1 -> FF0C"
FF07,GWN,3,UNIFIED,"[BB] t=48 [STATE] DISCOVERY -> HANDSHAKE"
FF07,GWN,3,UNIFIED,"[BB] [LOCK][SET] partner=FF0C timeout=6"
FF07,GWN,3,UNIFIED,"[BB] t=48 [HANDSHAKE] Lock set with FF0C (timer=6)"
FF07,GWN,3,UNIFIED,"[BB] t=52 [RX] CMD.2 <- FF0C RSSI=0.1"
FF07,GWN,3,UNIFIED,"[BB] [LOCK][REFRESH] partner=FF0C timeout=6"
FF07,GWN,3,UNIFIED,"[BB] [LOCK][SET] partner=FF0C timeout=6"
FF07,GWN,3,UNIFIED,"[BB] t=52 [PARENT] Set parent -> FF0C"
FF07,GWN,3,UNIFIED,"[BB] t=53 [RX] CMD.4 <- FF0C RSSI=0.1"
FF07,GWN,3,UNIFIED,"[BB] [LOCK][REFRESH] partner=FF0C timeout=6"
FF07,GWN,3,UNIFIED,"[BB] t=53 [PHASE] Inherited phaseOffset=0 from parent FF0C"
FF07,GWN,3,UNIFIED,"[BB] t=53 [ENC_HELLO] TX: gwCh=0; chCh=0; secCh=0; sn=0 (encrypted)"
FF07,GWN,3,UNIFIED,"[BB] t=53 [TX] CMD.5 -> FF0C"
FF07,GWN,3,UNIFIED,"[BB] [LOCK][CLEAR][ENC_HELLO_TX] partner=FF0C"
FF07,GWN,3,UNIFIED,"[BB] t=53 [HANDSHAKE] Lock cleared (was with FF0C)"
FF07,GWN,3,UNIFIED,"[AC] t=54 [HELLO_TX] bcast battery=100.0%"
FF07,GWN,3,UNIFIED,"t=54 [PHY] Neighbour count: 14->15"
FF07,GWN,3,UNIFIED,"t=55 [PHY] Neighbor count=15"
FF07,GWN,3,UNIFIED,"t=57 [RECRUIT] INIT(1/4) -> FF05"
FF07,GWN,3,UNIFIED,"[BB] [LOCK][SET] partner=FF05 timeout=6"
FF07,GWN,3,UNIFIED,"[BB] t=57 [HANDSHAKE] Lock set with FF05 (timer=6)"
FF07,GWN,3,UNIFIED,"[BB] [LOCK][SET] partner=FF05 timeout=6"
FF07,GWN,3,UNIFIED,"[BB] t=57 [TX] CMD.0 -> FF05"
FF07,GWN,3,UNIFIED,"[BB] t=59 [RX] CMD.1 <- FF05 RSSI=8.0"
FF07,GWN,3,UNIFIED,"[BB] [LOCK][REFRESH] partner=FF05 timeout=6"
FF07,GWN,3,UNIFIED,"[BB] t=59 [TX] CMD.2 -> FF05"
FF07,GWN,3,UNIFIED,"[BB] [LOCK][REFRESH] partner=FF05 timeout=6"
FF07,GWN,3,UNIFIED,"[BB] t=59 [HANDSHAKE] FF05 added to pendingChildren (awaiting ENC_HELLO)"
FF07,GWN,3,UNIFIED,"[BB] t=59 [TX] CMD.4 -> FF05"
FF07,GWN,3,UNIFIED,"[BB] t=59 [PHASE] Sending phaseOffset=1 to child FF05 (self=0)"
FF07,GWN,3,UNIFIED,"[BB] [LOCK][REFRESH] partner=FF05 timeout=6"
FF07,GWN,3,UNIFIED,"[BB] [LOCK][SET] partner=FF05 timeout=6"
FF07,GWN,3,UNIFIED,"[AC] t=61 [HELLO_TX] bcast battery=100.0%"
FF07,GWN,3,UNIFIED,"[BB] t=63 [ENC_HELLO] TX: gwCh=0; chCh=0; secCh=0; sn=0 (encrypted)"
FF07,GWN,3,UNIFIED,"[BB] t=63 [ENC_HELLO] Retry 1/3 sent (next at t=83)"
FF07,GWN,3,UNIFIED,"[BB] t=64 [RX] CMD.5 <- FF05 RSSI=8.0"
FF07,GWN,3,UNIFIED,"[BB] t=64 [HANDSHAKE] FF05 promoted to children (ENC_HELLO received)"
FF07,GWN,3,UNIFIED,"[BB] [LOCK][CLEAR][ENC_HELLO_RX] partner=FF05"
FF07,GWN,3,UNIFIED,"[BB] t=64 [TX] CMD.5 -> FF0C"
FF07,GWN,3,UNIFIED,"[BB] t=64 [HANDSHAKE] Lock cleared (was with FF05)"
FF07,GWN,3,UNIFIED,"[BB] t=64 [RETRY] Reset retry state for FF05 (now child)"
FF07,GWN,3,UNIFIED,"[BB] t=64 [STATE] HANDSHAKE -> SECURE"
FF07,GWN,3,UNIFIED,"t=65 [PHY] Neighbour count: 15->16"
FF07,GWN,3,UNIFIED,"t=66 [PHY] Neighbor count=16"
FF07,GWN,3,UNIFIED,"[AC] t=68 [HELLO_TX] bcast battery=100.0%"
FF07,GWN,3,UNIFIED,"t=69 [PHY] Neighbour count: 16->17"
FF07,GWN,3,UNIFIED,"t=70 [PHY] Neighbor count=17"
FF07,GWN,3,UNIFIED,"[AC] t=72 [HELLO_TX] bcast battery=100.0%"
FF07,GWN,3,UNIFIED,"[BB] t=72 [RX_FWD] Encrypted CMD.5 from Child FF05 -> Queue for Parent FF0C"
FF07,GWN,3,UNIFIED,"[BB] t=72 [Q_FWD] Queued CMD.5 (size=1/15)"
FF07,GWN,3,UNIFIED,"[BB] t=75 [RX_FWD] Encrypted CMD.5 from Child FF05 -> Queue for Parent FF0C"
FF07,GWN,3,UNIFIED,"[BB] t=75 [Q_FWD] Queued CMD.5 (size=2/15)"
FF07,GWN,3,UNIFIED,"[AC] t=76 [HELLO_TX] bcast battery=100.0%"
FF07,GWN,3,UNIFIED,"[AC] t=82 [HELLO_TX] bcast battery=100.0%"
FF07,GWN,3,UNIFIED,"[BB] t=83 [ENC_HELLO] TX: gwCh=1; chCh=0; secCh=0; sn=0 (encrypted)"
FF07,GWN,3,UNIFIED,"[BB] t=83 [ENC_HELLO] Retry 2/3 sent (next at t=123)"
FF07,GWN,3,UNIFIED,"[BB] t=84 [RX] CMD.0 <- FF04 RSSI=0.7"
FF07,GWN,3,UNIFIED,"[BB] t=84 [TX] CMD.3 -> FF04"
FF07,GWN,3,UNIFIED,"t=84 [REJ_PARENT] → FF04"
FF07,GWN,3,UNIFIED,"[AC] t=88 [HELLO_TX] bcast battery=100.0%"
FF07,GWN,3,UNIFIED,"[BB] t=92 [RX_FWD] Encrypted CMD.5 from Child FF05 -> Queue for Parent FF0C"
FF07,GWN,3,UNIFIED,"[BB] t=92 [Q_FWD] Queued CMD.5 (size=3/15)"
FF07,GWN,3,UNIFIED,"t=94 [PHY] Neighbor count=18"
FF07,GWN,3,UNIFIED,"[AC] t=94 [HELLO_TX] bcast battery=100.0%"
FF07,GWN,3,UNIFIED,"[AC] t=100 [HELLO_TX] bcast battery=100.0%"
FF07,GWN,3,UNIFIED,"[AC] t=105 [HELLO_TX] bcast battery=100.0%"
FF07,GWN,3,UNIFIED,"t=111 [PHY] Neighbour count: 18->19"
FF07,GWN,3,UNIFIED,"t=112 [PHY] Neighbor count=19"
FF07,GWN,3,UNIFIED,"[AC] t=112 [HELLO_TX] bcast battery=100.0%"
FF07,GWN,3,UNIFIED,"[AC] t=116 [HELLO_TX] bcast battery=100.0%"
FF07,GWN,3,UNIFIED,"[AC] t=121 [HELLO_TX] bcast battery=100.0%"
FF07,GWN,3,UNIFIED,"[BB] t=123 [ENC_HELLO] TX: gwCh=1; chCh=0; secCh=0; sn=0 (encrypted)"
FF07,GWN,3,UNIFIED,"[BB] t=123 [ENC_HELLO] Retry 3/3 sent (next at t=203)"
FF07,GWN,3,UNIFIED,"[AC] t=127 [HELLO_TX] bcast battery=100.0%"
FF07,GWN,3,UNIFIED,"[BB] t=132 [RX_FWD] Encrypted CMD.5 from Child FF05 -> Queue for Parent FF0C"
FF07,GWN,3,UNIFIED,"[BB] t=132 [Q_FWD] Queued CMD.5 (size=4/15)"
FF07,GWN,3,UNIFIED,"[AC] t=135 [HELLO_TX] bcast battery=100.0%"
FF07,GWN,3,UNIFIED,"[AC] t=143 [HELLO_TX] bcast battery=100.0%"
FF07,GWN,3,UNIFIED,"[AC] t=147 [HELLO_TX] bcast battery=100.0%"
FF07,GWN,3,UNIFIED,"[AC] t=156 [HELLO_TX] bcast battery=100.0%"
FF07,GWN,3,UNIFIED,"[AC] t=165 [HELLO_TX] bcast battery=100.0%"
FF07,GWN,3,UNIFIED,"[AC] t=174 [HELLO_TX] bcast battery=100.0%"
FF07,GWN,3,UNIFIED,"[AC] t=178 [HELLO_TX] bcast battery=100.0%"
FF07,GWN,3,UNIFIED,"[AC] t=186 [HELLO_TX] bcast battery=100.0%"
FF07,GWN,3,UNIFIED,"[AC] t=193 [HELLO_TX] bcast battery=100.0%"
FF07,GWN,3,UNIFIED,"[BB] t=200 [DEQUEUE] From Q_fwd (waited 128 TFs)"
FF07,GWN,3,UNIFIED,"[BB] t=200 [PHASE_TX] Sent CMD.5 -> FF0C (Q_fwd=3; Q_local=0)"
FF07,GWN,3,UNIFIED,"[BB] t=201 [PHASE_RX] Listening (Q_fwd=3; Q_local=0)"
FF07,GWN,3,UNIFIED,"[BB] t=201 [RX_FWD] Encrypted CMD.5 from Child FF05 -> Queue for Parent FF0C"
FF07,GWN,3,UNIFIED,"[BB] t=201 [Q_FWD] Queued CMD.5 (size=4/15)"
FF07,GWN,3,UNIFIED,"[BB] t=202 [PHASE_RX] Listening (Q_fwd=4; Q_local=0)"
FF07,GWN,3,UNIFIED,"[BB] t=202 [RX_FWD] Encrypted CMD.5 from Child FF05 -> Queue for Parent FF0C"
FF07,GWN,3,UNIFIED,"[BB] t=202 [Q_FWD] Queued CMD.5 (size=5/15)"
FF07,GWN,3,UNIFIED,"[BB] t=203 [ENC_HELLO] TX: gwCh=1; chCh=0; secCh=0; sn=0 (encrypted)"
FF07,GWN,3,UNIFIED,"[BB] t=203 [ENC_HELLO] Registry refresh #1 sent (next at t=283)"
FF07,GWN,3,UNIFIED,"[BB] t=203 [PHASE_RX] Listening (Q_fwd=5; Q_local=0)"
FF07,GWN,3,UNIFIED,"[AC] t=203 [HELLO_TX] bcast battery=100.0%"
FF07,GWN,3,UNIFIED,"[BB] t=203 [RX_FWD] Encrypted CMD.5 from Child FF05 -> Queue for Parent FF0C"
FF07,GWN,3,UNIFIED,"[BB] t=203 [Q_FWD] Queued CMD.5 (size=6/15)"
FF07,GWN,3,UNIFIED,"[BB] t=204 [DEQUEUE] From Q_fwd (waited 129 TFs)"
FF07,GWN,3,UNIFIED,"[BB] t=204 [PHASE_TX] Sent CMD.5 -> FF0C (Q_fwd=5; Q_local=0)"
FF07,GWN,3,UNIFIED,"[BB] t=205 [DEQUEUE] From Q_fwd (waited 113 TFs)"
FF07,GWN,3,UNIFIED,"[BB] t=205 [PHASE_TX] Sent CMD.5 -> FF0C (Q_fwd=4; Q_local=0)"
FF07,GWN,3,UNIFIED,"[BB] t=206 [DEQUEUE] From Q_fwd (waited 74 TFs)"
FF07,GWN,3,UNIFIED,"[BB] t=206 [PHASE_TX] Sent CMD.5 -> FF0C (Q_fwd=3; Q_local=0)"
FF07,GWN,3,UNIFIED,"[BB] t=207 [PHASE_RX] Listening (Q_fwd=3; Q_local=0)"
FF07,GWN,3,UNIFIED,"[BB] t=207 [RX_FWD] Encrypted CMD.5 from Child FF05 -> Queue for Parent FF0C"
FF07,GWN,3,UNIFIED,"[BB] t=207 [Q_FWD] Queued CMD.5 (size=4/15)"
FF07,GWN,3,UNIFIED,"[BB] t=208 [PHASE_RX] Listening (Q_fwd=4; Q_local=0)"
FF07,GWN,3,UNIFIED,"[AC] t=208 [HELLO_TX] bcast battery=100.0%"
FF07,GWN,3,UNIFIED,"[BB] t=208 [RX_FWD] Encrypted CMD.5 from Child FF05 -> Queue for Parent FF0C"
FF07,GWN,3,UNIFIED,"[BB] t=208 [Q_FWD] Queued CMD.5 (size=5/15)"
FF07,GWN,3,UNIFIED,"[BB] t=209 [PHASE_RX] Listening (Q_fwd=5; Q_local=0)"
FF07,GWN,3,UNIFIED,"[BB] t=209 [RX_FWD] Encrypted CMD.5 from Child FF05 -> Queue for Parent FF0C"
FF07,GWN,3,UNIFIED,"[BB] t=209 [Q_FWD] Queued CMD.5 (size=6/15)"
FF07,GWN,3,UNIFIED,"[BB] t=210 [DEQUEUE] From Q_fwd (waited 9 TFs)"
FF07,GWN,3,UNIFIED,"[BB] t=210 [PHASE_TX] Sent CMD.5 -> FF0C (Q_fwd=5; Q_local=0)"
FF07,GWN,3,UNIFIED,"[BB] t=211 [DEQUEUE] From Q_fwd (waited 9 TFs)"
FF07,GWN,3,UNIFIED,"[BB] t=211 [PHASE_TX] Sent CMD.5 -> FF0C (Q_fwd=4; Q_local=0)"
FF07,GWN,3,UNIFIED,"[BB] t=212 [DEQUEUE] From Q_fwd (waited 9 TFs)"
FF07,GWN,3,UNIFIED,"[BB] t=212 [PHASE_TX] Sent CMD.5 -> FF0C (Q_fwd=3; Q_local=0)"
FF07,GWN,3,UNIFIED,"[AC] t=212 [HELLO_TX] bcast battery=100.0%"
FF07,GWN,3,UNIFIED,"[BB] t=212 [RX_FWD] Encrypted CMD.5 from Child FF05 -> Queue for Parent FF0C"
FF07,GWN,3,UNIFIED,"[BB] t=212 [Q_FWD] Queued CMD.5 (size=4/15)"
FF07,GWN,3,UNIFIED,"[BB] t=213 [PHASE_RX] Listening (Q_fwd=4; Q_local=0)"
FF07,GWN,3,UNIFIED,"[BB] t=213 [RX_FWD] Encrypted CMD.5 from Child FF05 -> Queue for Parent FF0C"
FF07,GWN,3,UNIFIED,"[BB] t=213 [Q_FWD] Queued CMD.5 (size=5/15)"
FF07,GWN,3,UNIFIED,"[BB] t=214 [PHASE_RX] Listening (Q_fwd=5; Q_local=0)"
FF07,GWN,3,UNIFIED,"[BB] t=215 [PHASE_RX] Listening (Q_fwd=5; Q_local=0)"
FF07,GWN,3,UNIFIED,"[BB] t=216 [DEQUEUE] From Q_fwd (waited 9 TFs)"
FF07,GWN,3,UNIFIED,"[BB] t=216 [PHASE_TX] Sent CMD.5 -> FF0C (Q_fwd=4; Q_local=0)"
FF07,GWN,3,UNIFIED,"[BB] t=217 [DEQUEUE] From Q_fwd (waited 9 TFs)"
FF07,GWN,3,UNIFIED,"[BB] t=217 [PHASE_TX] Sent CMD.5 -> FF0C (Q_fwd=3; Q_local=0)"
FF07,GWN,3,UNIFIED,"[BB] t=218 [DEQUEUE] From Q_fwd (waited 9 TFs)"
FF07,GWN,3,UNIFIED,"[BB] t=218 [PHASE_TX] Sent CMD.5 -> FF0C (Q_fwd=2; Q_local=0)"
FF07,GWN,3,UNIFIED,"[BB] t=219 [PHASE_RX] Listening (Q_fwd=2; Q_local=0)"
FF07,GWN,3,UNIFIED,"[BB] t=219 [RX_FWD] Encrypted CH_HELLO.1 from Child FF05 -> Queue for Parent FF0C"
FF07,GWN,3,UNIFIED,"[BB] t=219 [Q_FWD] Queued CH_HELLO.1 (size=3/15)"
FF07,GWN,3,UNIFIED,"[BB] t=220 [PHASE_RX] Listening (Q_fwd=3; Q_local=0)"
FF07,GWN,3,UNIFIED,"[BB] t=221 [PHASE_RX] Listening (Q_fwd=3; Q_local=0)"
FF07,GWN,3,UNIFIED,"[BB] t=222 [DEQUEUE] From Q_fwd (waited 10 TFs)"
FF07,GWN,3,UNIFIED,"[BB] t=222 [PHASE_TX] Sent CMD.5 -> FF0C (Q_fwd=2; Q_local=0)"
FF07,GWN,3,UNIFIED,"[AC] t=222 [HELLO_TX] bcast battery=100.0%"
FF07,GWN,3,UNIFIED,"[BB] t=223 [DEQUEUE] From Q_fwd (waited 10 TFs)"
FF07,GWN,3,UNIFIED,"[BB] t=223 [PHASE_TX] Sent CMD.5 -> FF0C (Q_fwd=1; Q_local=0)"
FF07,GWN,3,UNIFIED,"[BB] t=224 [DEQUEUE] From Q_fwd (waited 5 TFs)"
FF07,GWN,3,UNIFIED,"[BB] t=224 [PHASE_TX] Sent CH_HELLO.1 -> FF0C (Q_fwd=0; Q_local=0)"
FF07,GWN,3,UNIFIED,"[BB] t=225 [PHASE_RX] Listening (Q_fwd=0; Q_local=0)"
FF07,GWN,3,UNIFIED,"[BB] t=225 [RX_FWD] Encrypted CMD.5 from Child FF05 -> Queue for Parent FF0C"
FF07,GWN,3,UNIFIED,"[BB] t=225 [Q_FWD] Queued CMD.5 (size=1/15)"
FF07,GWN,3,UNIFIED,"[BB] t=226 [PHASE_RX] Listening (Q_fwd=1; Q_local=0)"
FF07,GWN,3,UNIFIED,"[BB] t=227 [PHASE_RX] Listening (Q_fwd=1; Q_local=0)"
FF07,GWN,3,UNIFIED,"[AC] t=227 [HELLO_TX] bcast battery=100.0%"
FF07,GWN,3,UNIFIED,"[BB] t=228 [DEQUEUE] From Q_fwd (waited 3 TFs)"
FF07,GWN,3,UNIFIED,"[BB] t=228 [PHASE_TX] Sent CMD.5 -> FF0C (Q_fwd=0; Q_local=0)"
FF07,GWN,3,UNIFIED,"[BB] t=229 [PHASE_TX] IDLE (queues empty)"
FF07,GWN,3,UNIFIED,"[BB] t=230 [PHASE_TX] IDLE (queues empty)"
FF07,GWN,3,UNIFIED,"[AC] t=230 [RX] CH_CMD.0 <- AA02"
FF07,GWN,3,UNIFIED,"[AC] [LOCK][SET] partner=AA02 timeout=4"
FF07,GWN,3,UNIFIED,"[AC] t=230 [CH_ACK] -> AA02 (sending key)"
FF07,GWN,3,UNIFIED,"[BB] t=231 [PHASE_RX] Listening (Q_fwd=0; Q_local=0)"
FF07,GWN,3,UNIFIED,"[AC] t=231 [HELLO_TX] bcast battery=100.0%"
FF07,GWN,3,UNIFIED,"[BB] t=232 [PHASE_RX] Listening (Q_fwd=0; Q_local=0)"
FF07,GWN,3,UNIFIED,"[BB] t=233 [PHASE_RX] Listening (Q_fwd=0; Q_local=0)"
FF07,GWN,3,UNIFIED,"[AC] t=234 [TIMEOUT] Sent CH_REJECT to orphaned AA02"
FF07,GWN,3,UNIFIED,"[AC] [LOCK][TIMEOUT] partner=AA02"
FF07,GWN,3,UNIFIED,"[BB] t=234 [PHASE_TX] IDLE (queues empty)"
FF07,GWN,3,UNIFIED,"[BB] t=235 [PHASE_TX] IDLE (queues empty)"
FF07,GWN,3,UNIFIED,"[BB] t=236 [PHASE_TX] IDLE (queues empty)"
FF07,GWN,3,UNIFIED,"[BB] t=237 [PHASE_RX] Listening (Q_fwd=0; Q_local=0)"
FF07,GWN,3,UNIFIED,"[BB] t=237 [RX_FWD] Encrypted CMD.5 from Child FF05 -> Queue for Parent FF0C"
FF07,GWN,3,UNIFIED,"[BB] t=237 [Q_FWD] Queued CMD.5 (size=1/15)"
FF07,GWN,3,UNIFIED,"[BB] t=238 [PHASE_RX] Listening (Q_fwd=1; Q_local=0)"
FF07,GWN,3,UNIFIED,"[BB] t=239 [PHASE_RX] Listening (Q_fwd=1; Q_local=0)"
FF07,GWN,3,UNIFIED,"[BB] t=240 [DEQUEUE] From Q_fwd (waited 3 TFs)"
FF07,GWN,3,UNIFIED,"[BB] t=240 [PHASE_TX] Sent CMD.5 -> FF0C (Q_fwd=0; Q_local=0)"
FF07,GWN,3,UNIFIED,"[AC] t=240 [HELLO_TX] bcast battery=100.0%"
FF07,GWN,3,UNIFIED,"[BB] t=241 [PHASE_TX] IDLE (queues empty)"
FF07,GWN,3,UNIFIED,"[BB] t=242 [PHASE_TX] IDLE (queues empty)"
FF07,GWN,3,UNIFIED,"[BB] t=243 [PHASE_RX] Listening (Q_fwd=0; Q_local=0)"
FF07,GWN,3,UNIFIED,"[BB] t=244 [PHASE_RX] Listening (Q_fwd=0; Q_local=0)"
FF07,GWN,3,UNIFIED,"[BB] t=245 [PHASE_RX] Listening (Q_fwd=0; Q_local=0)"
FF07,GWN,3,UNIFIED,"[AC] t=245 [HELLO_TX] bcast battery=100.0%"
FF07,GWN,3,UNIFIED,"[BB] t=246 [PHASE_TX] IDLE (queues empty)"
FF07,GWN,3,UNIFIED,"[BB] t=247 [PHASE_TX] IDLE (queues empty)"
FF07,GWN,3,UNIFIED,"[BB] t=248 [PHASE_TX] IDLE (queues empty)"
FF07,GWN,3,UNIFIED,"[BB] t=249 [PHASE_RX] Listening (Q_fwd=0; Q_local=0)"
FF07,GWN,3,UNIFIED,"[AC] t=249 [HELLO_TX] bcast battery=100.0%"
FF08,GWN,3,BACKBONE,"t=4 [TX] HB.0 -> <BCAST>"
FF08,GWN,3,BACKBONE,"t=4 [PHY] Neighbour count: 2->3"
FF08,GWN,3,BACKBONE,"t=6 [PHY] Neighbour count: 3->4"
FF08,GWN,3,BACKBONE,"t=7 [PHY] Neighbour count: 4->5"
FF08,GWN,3,BACKBONE,"t=10 [PHY] Neighbour count: 5->6"
FF08,GWN,3,BACKBONE,"t=11 [TX] HB.0 -> <BCAST>"
FF08,GWN,3,BACKBONE,"t=12 [PHY] Neighbour count: 7->8"
FF08,GWN,3,BACKBONE,"t=15 [PHY] Neighbour count: 8->9"
FF08,GWN,3,BACKBONE,"t=18 [TX] HB.0 -> <BCAST>"
FF08,GWN,3,BACKBONE,"t=19 [PHY] Neighbour count: 9->10"
FF08,GWN,3,BACKBONE,"t=20 [PHY] Neighbour count: 10->11"
FF08,GWN,3,BACKBONE,"t=23 [PHY] Neighbour count: 11->12"
FF08,GWN,3,BACKBONE,"t=25 [TX] HB.1 -> <BCAST>"
FF08,GWN,3,BACKBONE,"t=28 [PHY] Neighbour count: 13->14"
FF08,GWN,3,BACKBONE,"t=31 [RX] CMD.0 <- FF0A RSSI=12.8"
FF08,GWN,3,BACKBONE,"t=31 [TX] CMD.1 -> FF0A"
FF08,GWN,3,BACKBONE,"t=31 [TX] CMD.1 -> FF0A"
FF08,GWN,3,BACKBONE,"t=31 [STATE] DISCOVERY -> HANDSHAKE"
FF08,GWN,3,BACKBONE,"[LOCK][SET] partner=FF0A timeout=6"
FF08,GWN,3,BACKBONE,"t=31 [HANDSHAKE] Lock set with FF0A (timer=6)"
FF08,GWN,3,BACKBONE,"t=35 [RX] CMD.2 <- FF0A RSSI=12.8"
FF08,GWN,3,BACKBONE,"[LOCK][REFRESH] partner=FF0A timeout=6"
FF08,GWN,3,BACKBONE,"[LOCK][SET] partner=FF0A timeout=6"
FF08,GWN,3,BACKBONE,"t=35 [PARENT] Set parent -> FF0A"
FF08,GWN,3,BACKBONE,"t=36 [RX] CMD.4 <- FF0A RSSI=12.8"
FF08,GWN,3,BACKBONE,"[LOCK][REFRESH] partner=FF0A timeout=6"
FF08,GWN,3,BACKBONE,"t=36 [PHASE] Inherited phaseOffset=0 from parent FF0A"
FF08,GWN,3,BACKBONE,"t=36 [ENC_HELLO] TX: gwCh=0; chCh=0; secCh=0; sn=0 (encrypted)"
FF08,GWN,3,BACKBONE,"t=36 [TX] CMD.5 -> FF0A"
FF08,GWN,3,BACKBONE,"[LOCK][CLEAR][ENC_HELLO_TX] partner=FF0A"
FF08,GWN,3,BACKBONE,"t=36 [HANDSHAKE] Lock cleared (was with FF0A)"
FF08,GWN,3,BACKBONE,"[LOCK][SET] partner=FF03 timeout=6"
FF08,GWN,3,BACKBONE,"t=40 [HANDSHAKE] Lock set with FF03 (timer=6)"
FF08,GWN,3,BACKBONE,"[LOCK][SET] partner=FF03 timeout=6"
FF08,GWN,3,BACKBONE,"t=40 [TX] CMD.0 -> FF03"
FF08,GWN,3,BACKBONE,"t=42 [PHY] Neighbour count: 14->15"
FF08,GWN,3,BACKBONE,"t=45 [PHY] Neighbour count: 15->16"
FF08,GWN,3,BACKBONE,"t=46 [ENC_HELLO] TX: gwCh=0; chCh=0; secCh=0; sn=0 (encrypted)"
FF08,GWN,3,BACKBONE,"t=46 [ENC_HELLO] Retry 1/3 sent (next at t=66)"
FF08,GWN,3,BACKBONE,"[LOCK][CLEAR] partner=FF03"
FF08,GWN,3,BACKBONE,"[LOCK][SET] partner=FF03 timeout=6"
FF08,GWN,3,BACKBONE,"t=47 [HANDSHAKE] Lock set with FF03 (timer=6)"
FF08,GWN,3,BACKBONE,"[LOCK][SET] partner=FF03 timeout=6"
FF08,GWN,3,BACKBONE,"t=47 [TX] CMD.0 -> FF03"
FF08,GWN,3,BACKBONE,"t=49 [RX] CMD.3 <- FF03 RSSI=0.7"
FF08,GWN,3,BACKBONE,"[LOCK][CLEAR][REJECT] partner=FF03"
FF08,GWN,3,BACKBONE,"t=49 [REJECT] Neighbor FF03 marked REJECT"
FF08,GWN,3,BACKBONE,"t=49 [HANDSHAKE] Lock cleared (was with FF03)"
FF08,GWN,3,BACKBONE,"t=49 [STATE] HANDSHAKE -> SECURE"
FF08,GWN,3,BACKBONE,"[LOCK][SET] partner=FF01 timeout=6"
FF08,GWN,3,BACKBONE,"t=50 [HANDSHAKE] Lock set with FF01 (timer=6)"
FF08,GWN,3,BACKBONE,"[LOCK][SET] partner=FF01 timeout=6"
FF08,GWN,3,BACKBONE,"t=50 [TX] CMD.0 -> FF01"
FF08,GWN,3,BACKBONE,"t=52 [RX] CMD.1 <- FF01 RSSI=0.1"
FF08,GWN,3,BACKBONE,"[LOCK][REFRESH] partner=FF01 timeout=6"
FF08,GWN,3,BACKBONE,"t=52 [TX] CMD.2 -> FF01"
FF08,GWN,3,BACKBONE,"[LOCK][REFRESH] partner=FF01 timeout=6"
FF08,GWN,3,BACKBONE,"t=52 [HANDSHAKE] FF01 added to pendingChildren (awaiting ENC_HELLO)"
FF08,GWN,3,BACKBONE,"t=52 [TX] CMD.4 -> FF01"
FF08,GWN,3,BACKBONE,"t=52 [PHASE] Sending phaseOffset=1 to child FF01 (self=0)"
FF08,GWN,3,BACKBONE,"[LOCK][REFRESH] partner=FF01 timeout=6"
FF08,GWN,3,BACKBONE,"[LOCK][SET] partner=FF01 timeout=6"
FF08,GWN,3,BACKBONE,"t=57 [RX] CMD.5 <- FF01 RSSI=0.1"
FF08,GWN,3,BACKBONE,"t=57 [HANDSHAKE] FF01 promoted to children (ENC_HELLO received)"
FF08,GWN,3,BACKBONE,"[LOCK][CLEAR][ENC_HELLO_RX] partner=FF01"
FF08,GWN,3,BACKBONE,"t=57 [TX] CMD.5 -> FF0A"
FF08,GWN,3,BACKBONE,"t=57 [HANDSHAKE] Lock cleared (was with FF01)"
FF08,GWN,3,BACKBONE,"t=57 [RETRY] Reset retry state for FF01 (now child)"
FF08,GWN,3,BACKBONE,"t=57 [STATE] HANDSHAKE -> SECURE"
FF08,GWN,3,BACKBONE,"t=65 [RX_FWD] Encrypted CMD.5 from Child FF01 -> Queue for Parent FF0A"
FF08,GWN,3,BACKBONE,"t=65 [Q_FWD] Queued CMD.5 (size=1/15)"
FF08,GWN,3,BACKBONE,"t=66 [ENC_HELLO] TX: gwCh=1; chCh=0; secCh=0; sn=0 (encrypted)"
FF08,GWN,3,BACKBONE,"t=66 [ENC_HELLO] Retry 2/3 sent (next at t=106)"
FF08,GWN,3,BACKBONE,"t=68 [RX_FWD] Encrypted CMD.5 from Child FF01 -> Queue for Parent FF0A"
FF08,GWN,3,BACKBONE,"t=68 [Q_FWD] Queued CMD.5 (size=2/15)"
FF08,GWN,3,BACKBONE,"t=85 [RX_FWD] Encrypted CMD.5 from Child FF01 -> Queue for Parent FF0A"
FF08,GWN,3,BACKBONE,"t=85 [Q_FWD] Queued CMD.5 (size=3/15)"
FF08,GWN,3,BACKBONE,"t=99 [RX] CMD.0 <- FF06 RSSI=0.0"
FF08,GWN,3,BACKBONE,"t=99 [TX] CMD.3 -> FF06"
FF08,GWN,3,BACKBONE,"t=99 [PHY] Neighbour count: 17->18"
FF08,GWN,3,BACKBONE,"t=106 [ENC_HELLO] TX: gwCh=1; chCh=0; secCh=0; sn=0 (encrypted)"
FF08,GWN,3,BACKBONE,"t=106 [ENC_HELLO] Retry 3/3 sent (next at t=186)"
FF08,GWN,3,BACKBONE,"t=125 [RX_FWD] Encrypted CMD.5 from Child FF01 -> Queue for Parent FF0A"
FF08,GWN,3,BACKBONE,"t=125 [Q_FWD] Queued CMD.5 (size=4/15)"
FF08,GWN,3,BACKBONE,"t=186 [ENC_HELLO] TX: gwCh=1; chCh=0; secCh=0; sn=0 (encrypted)"
FF08,GWN,3,BACKBONE,"t=186 [ENC_HELLO] Registry refresh #1 sent (next at t=266)"
FF08,GWN,3,BACKBONE,"t=200 [DEQUEUE] From Q_fwd (waited 135 TFs)"
FF08,GWN,3,BACKBONE,"t=200 [PHASE_TX] Sent CMD.5 -> FF0A (Q_fwd=3; Q_local=0)"
FF08,GWN,3,BACKBONE,"t=201 [PHASE_RX] Listening (Q_fwd=3; Q_local=0)"
FF08,GWN,3,BACKBONE,"t=201 [RX_FWD] Encrypted CMD.5 from Child FF01 -> Queue for Parent FF0A"
FF08,GWN,3,BACKBONE,"t=201 [Q_FWD] Queued CMD.5 (size=4/15)"
FF08,GWN,3,BACKBONE,"t=202 [PHASE_RX] Listening (Q_fwd=4; Q_local=0)"
FF08,GWN,3,BACKBONE,"t=202 [RX_FWD] Encrypted CMD.5 from Child FF01 -> Queue for Parent FF0A"
FF08,GWN,3,BACKBONE,"t=202 [Q_FWD] Queued CMD.5 (size=5/15)"
FF08,GWN,3,BACKBONE,"t=203 [PHASE_RX] Listening (Q_fwd=5; Q_local=0)"
FF08,GWN,3,BACKBONE,"t=203 [RX_FWD] Encrypted HB.3 from Child FF01 -> Queue for Parent FF0A"
FF08,GWN,3,BACKBONE,"t=203 [Q_FWD] Queued HB.3 (size=6/15)"
FF08,GWN,3,BACKBONE,"t=204 [DEQUEUE] From Q_fwd (waited 136 TFs)"
FF08,GWN,3,BACKBONE,"t=204 [PHASE_TX] Sent CMD.5 -> FF0A (Q_fwd=5; Q_local=0)"
FF08,GWN,3,BACKBONE,"t=205 [DEQUEUE] From Q_fwd (waited 120 TFs)"
FF08,GWN,3,BACKBONE,"t=205 [PHASE_TX] Sent CMD.5 -> FF0A (Q_fwd=4; Q_local=0)"
FF08,GWN,3,BACKBONE,"t=205 [RX_FWD] Encrypted CMD.5 from Child FF01 -> Queue for Parent FF0A"
FF08,GWN,3,BACKBONE,"t=205 [Q_FWD] Queued CMD.5 (size=5/15)"
FF08,GWN,3,BACKBONE,"t=206 [DEQUEUE] From Q_fwd (waited 81 TFs)"
FF08,GWN,3,BACKBONE,"t=206 [PHASE_TX] Sent CMD.5 -> FF0A (Q_fwd=4; Q_local=0)"
FF08,GWN,3,BACKBONE,"t=207 [PHASE_RX] Listening (Q_fwd=4; Q_local=0)"
FF08,GWN,3,BACKBONE,"t=208 [PHASE_RX] Listening (Q_fwd=4; Q_local=0)"
FF08,GWN,3,BACKBONE,"t=208 [RX_FWD] Encrypted CMD.5 from Child FF01 -> Queue for Parent FF0A"
FF08,GWN,3,BACKBONE,"t=208 [Q_FWD] Queued CMD.5 (size=5/15)"
FF08,GWN,3,BACKBONE,"t=209 [PHASE_RX] Listening (Q_fwd=5; Q_local=0)"
FF08,GWN,3,BACKBONE,"t=209 [RX_FWD] Encrypted CMD.5 from Child FF01 -> Queue for Parent FF0A"
FF08,GWN,3,BACKBONE,"t=209 [Q_FWD] Queued CMD.5 (size=6/15)"
FF08,GWN,3,BACKBONE,"t=210 [DEQUEUE] From Q_fwd (waited 9 TFs)"
FF08,GWN,3,BACKBONE,"t=210 [PHASE_TX] Sent CMD.5 -> FF0A (Q_fwd=5; Q_local=0)"
FF08,GWN,3,BACKBONE,"t=211 [DEQUEUE] From Q_fwd (waited 9 TFs)"
FF08,GWN,3,BACKBONE,"t=211 [PHASE_TX] Sent CMD.5 -> FF0A (Q_fwd=4; Q_local=0)"
FF08,GWN,3,BACKBONE,"t=212 [DEQUEUE] From Q_fwd (waited 9 TFs)"
FF08,GWN,3,BACKBONE,"t=212 [PHASE_TX] Sent HB.3 -> FF0A (Q_fwd=3; Q_local=0)"
FF08,GWN,3,BACKBONE,"t=213 [PHASE_RX] Listening (Q_fwd=3; Q_local=0)"
FF08,GWN,3,BACKBONE,"t=213 [RX_FWD] Encrypted CMD.5 from Child FF01 -> Queue for Parent FF0A"
FF08,GWN,3,BACKBONE,"t=213 [Q_FWD] Queued CMD.5 (size=4/15)"
FF08,GWN,3,BACKBONE,"t=214 [PHASE_RX] Listening (Q_fwd=4; Q_local=0)"
FF08,GWN,3,BACKBONE,"t=214 [RX_FWD] Encrypted CMD.5 from Child FF01 -> Queue for Parent FF0A"
FF08,GWN,3,BACKBONE,"t=214 [Q_FWD] Queued CMD.5 (size=5/15)"
FF08,GWN,3,BACKBONE,"t=215 [PHASE_RX] Listening (Q_fwd=5; Q_local=0)"
FF08,GWN,3,BACKBONE,"t=215 [RX_FWD] Encrypted CMD.5 from Child FF01 -> Queue for Parent FF0A"
FF08,GWN,3,BACKBONE,"t=215 [Q_FWD] Queued CMD.5 (size=6/15)"
FF08,GWN,3,BACKBONE,"t=216 [DEQUEUE] From Q_fwd (waited 11 TFs)"
FF08,GWN,3,BACKBONE,"t=216 [PHASE_TX] Sent CMD.5 -> FF0A (Q_fwd=5; Q_local=0)"
FF08,GWN,3,BACKBONE,"t=217 [DEQUEUE] From Q_fwd (waited 9 TFs)"
FF08,GWN,3,BACKBONE,"t=217 [PHASE_TX] Sent CMD.5 -> FF0A (Q_fwd=4; Q_local=0)"
FF08,GWN,3,BACKBONE,"t=218 [DEQUEUE] From Q_fwd (waited 9 TFs)"
FF08,GWN,3,BACKBONE,"t=218 [PHASE_TX] Sent CMD.5 -> FF0A (Q_fwd=3; Q_local=0)"
FF08,GWN,3,BACKBONE,"t=219 [PHASE_RX] Listening (Q_fwd=3; Q_local=0)"
FF08,GWN,3,BACKBONE,"t=219 [RX_FWD] Encrypted CMD.5 from Child FF01 -> Queue for Parent FF0A"
FF08,GWN,3,BACKBONE,"t=219 [Q_FWD] Queued CMD.5 (size=4/15)"
FF08,GWN,3,BACKBONE,"t=220 [PHASE_RX] Listening (Q_fwd=4; Q_local=0)"
FF08,GWN,3,BACKBONE,"t=220 [RX_FWD] Encrypted CMD.5 from Child FF01 -> Queue for Parent FF0A"
FF08,GWN,3,BACKBONE,"t=220 [Q_FWD] Queued CMD.5 (size=5/15)"
FF08,GWN,3,BACKBONE,"t=221 [PHASE_RX] Listening (Q_fwd=5; Q_local=0)"
FF08,GWN,3,BACKBONE,"t=222 [DEQUEUE] From Q_fwd (waited 9 TFs)"
FF08,GWN,3,BACKBONE,"t=222 [PHASE_TX] Sent CMD.5 -> FF0A (Q_fwd=4; Q_local=0)"
FF08,GWN,3,BACKBONE,"t=223 [DEQUEUE] From Q_fwd (waited 9 TFs)"
FF08,GWN,3,BACKBONE,"t=223 [PHASE_TX] Sent CMD.5 -> FF0A (Q_fwd=3; Q_local=0)"
FF08,GWN,3,BACKBONE,"t=224 [DEQUEUE] From Q_fwd (waited 9 TFs)"
FF08,GWN,3,BACKBONE,"t=224 [PHASE_TX] Sent CMD.5 -> FF0A (Q_fwd=2; Q_local=0)"
FF08,GWN,3,BACKBONE,"t=225 [PHASE_RX] Listening (Q_fwd=2; Q_local=0)"
FF08,GWN,3,BACKBONE,"t=225 [RX_FWD] Encrypted CMD.5 from Child FF01 -> Queue for Parent FF0A"
FF08,GWN,3,BACKBONE,"t=225 [Q_FWD] Queued CMD.5 (size=3/15)"
FF08,GWN,3,BACKBONE,"t=226 [PHASE_RX] Listening (Q_fwd=3; Q_local=0)"
FF08,GWN,3,BACKBONE,"t=226 [RX_FWD] Encrypted CH_HELLO.1 from Child FF01 -> Queue for Parent FF0A"
FF08,GWN,3,BACKBONE,"t=226 [Q_FWD] Queued CH_HELLO.1 (size=4/15)"
FF08,GWN,3,BACKBONE,"t=227 [PHASE_RX] Listening (Q_fwd=4; Q_local=0)"
FF08,GWN,3,BACKBONE,"t=228 [DEQUEUE] From Q_fwd (waited 9 TFs)"
FF08,GWN,3,BACKBONE,"t=228 [PHASE_TX] Sent CMD.5 -> FF0A (Q_fwd=3; Q_local=0)"
FF08,GWN,3,BACKBONE,"t=229 [DEQUEUE] From Q_fwd (waited 9 TFs)"
FF08,GWN,3,BACKBONE,"t=229 [PHASE_TX] Sent CMD.5 -> FF0A (Q_fwd=2; Q_local=0)"
FF08,GWN,3,BACKBONE,"t=230 [DEQUEUE] From Q_fwd (waited 5 TFs)"
FF08,GWN,3,BACKBONE,"t=230 [PHASE_TX] Sent CMD.5 -> FF0A (Q_fwd=1; Q_local=0)"
FF08,GWN,3,BACKBONE,"t=231 [PHASE_RX] Listening (Q_fwd=1; Q_local=0)"
FF08,GWN,3,BACKBONE,"t=232 [PHASE_RX] Listening (Q_fwd=1; Q_local=0)"
FF08,GWN,3,BACKBONE,"t=233 [PHASE_RX] Listening (Q_fwd=1; Q_local=0)"
FF08,GWN,3,BACKBONE,"t=234 [DEQUEUE] From Q_fwd (waited 8 TFs)"
FF08,GWN,3,BACKBONE,"t=234 [PHASE_TX] Sent CH_HELLO.1 -> FF0A (Q_fwd=0; Q_local=0)"
FF08,GWN,3,BACKBONE,"t=235 [PHASE_TX] IDLE (queues empty)"
FF08,GWN,3,BACKBONE,"t=236 [PHASE_TX] IDLE (queues empty)"
FF08,GWN,3,BACKBONE,"t=237 [PHASE_RX] Listening (Q_fwd=0; Q_local=0)"
FF08,GWN,3,BACKBONE,"t=237 [RX_FWD] Encrypted CH_HELLO.1 from Child FF01 -> Queue for Parent FF0A"
FF08,GWN,3,BACKBONE,"t=237 [Q_FWD] Queued CH_HELLO.1 (size=1/15)"
FF08,GWN,3,BACKBONE,"t=238 [PHASE_RX] Listening (Q_fwd=1; Q_local=0)"
FF08,GWN,3,BACKBONE,"t=238 [RX_FWD] Encrypted CMD.5 from Child FF01 -> Queue for Parent FF0A"
FF08,GWN,3,BACKBONE,"t=238 [Q_FWD] Queued CMD.5 (size=2/15)"
FF08,GWN,3,BACKBONE,"t=239 [PHASE_RX] Listening (Q_fwd=2; Q_local=0)"
FF08,GWN,3,BACKBONE,"t=239 [RX_FWD] Encrypted CH_HELLO.1 from Child FF01 -> Queue for Parent FF0A"
FF08,GWN,3,BACKBONE,"t=239 [Q_FWD] Queued CH_HELLO.1 (size=3/15)"
FF08,GWN,3,BACKBONE,"t=240 [DEQUEUE] From Q_fwd (waited 3 TFs)"
FF08,GWN,3,BACKBONE,"t=240 [PHASE_TX] Sent CH_HELLO.1 -> FF0A (Q_fwd=2; Q_local=0)"
FF08,GWN,3,BACKBONE,"t=241 [DEQUEUE] From Q_fwd (waited 3 TFs)"
FF08,GWN,3,BACKBONE,"t=241 [PHASE_TX] Sent CMD.5 -> FF0A (Q_fwd=1; Q_local=0)"
FF08,GWN,3,BACKBONE,"t=242 [DEQUEUE] From Q_fwd (waited 3 TFs)"
FF08,GWN,3,BACKBONE,"t=242 [PHASE_TX] Sent CH_HELLO.1 -> FF0A (Q_fwd=0; Q_local=0)"
FF08,GWN,3,BACKBONE,"t=243 [PHASE_RX] Listening (Q_fwd=0; Q_local=0)"
FF08,GWN,3,BACKBONE,"t=244 [PHASE_RX] Listening (Q_fwd=0; Q_local=0)"
FF08,GWN,3,BACKBONE,"t=245 [PHASE_RX] Listening (Q_fwd=0; Q_local=0)"
FF08,GWN,3,BACKBONE,"t=246 [PHASE_TX] IDLE (queues empty)"
FF08,GWN,3,BACKBONE,"t=247 [PHASE_TX] IDLE (queues empty)"
FF08,GWN,3,BACKBONE,"t=248 [PHASE_TX] IDLE (queues empty)"
FF08,GWN,3,BACKBONE,"t=249 [PHASE_RX] Listening (Q_fwd=0; Q_local=0)"
FF08,GWN,3,ACCESS,"t=4 [PHY] Neighbour count: 2->3"
FF08,GWN,3,ACCESS,"t=6 [PHY] Neighbour count: 3->4"
FF08,GWN,3,ACCESS,"t=7 [PHY] Neighbour count: 4->5"
FF08,GWN,3,ACCESS,"t=8 [HELLO_TX] bcast battery=100.0%"
FF08,GWN,3,ACCESS,"t=10 [PHY] Neighbour count: 5->6"
FF08,GWN,3,ACCESS,"t=12 [PHY] Neighbour count: 7->8"
FF08,GWN,3,ACCESS,"t=14 [HELLO_TX] bcast battery=100.0%"
FF08,GWN,3,ACCESS,"t=15 [PHY] Neighbour count: 8->9"
FF08,GWN,3,ACCESS,"t=19 [PHY] Neighbour count: 9->10"
FF08,GWN,3,ACCESS,"t=20 [HELLO_TX] bcast battery=100.0%"
FF08,GWN,3,ACCESS,"t=20 [PHY] Neighbour count: 10->11"
FF08,GWN,3,ACCESS,"t=23 [PHY] Neighbour count: 11->12"
FF08,GWN,3,ACCESS,"t=28 [HELLO_TX] bcast battery=100.0%"
FF08,GWN,3,ACCESS,"t=28 [PHY] Neighbour count: 13->14"
FF08,GWN,3,ACCESS,"t=34 [HELLO_TX] bcast battery=100.0%"
FF08,GWN,3,ACCESS,"t=42 [HELLO_TX] bcast battery=100.0%"
FF08,GWN,3,ACCESS,"t=42 [PHY] Neighbour count: 14->15"
FF08,GWN,3,ACCESS,"t=45 [PHY] Neighbour count: 15->16"
FF08,GWN,3,ACCESS,"t=46 [HELLO_TX] bcast battery=100.0%"
FF08,GWN,3,ACCESS,"t=52 [HELLO_TX] bcast battery=100.0%"
FF08,GWN,3,ACCESS,"t=59 [HELLO_TX] bcast battery=100.0%"
FF08,GWN,3,ACCESS,"t=68 [HELLO_TX] bcast battery=100.0%"
FF08,GWN,3,ACCESS,"t=72 [HELLO_TX] bcast battery=100.0%"
FF08,GWN,3,ACCESS,"t=82 [HELLO_TX] bcast battery=100.0%"
FF08,GWN,3,ACCESS,"t=88 [HELLO_TX] bcast battery=100.0%"
FF08,GWN,3,ACCESS,"t=98 [HELLO_TX] bcast battery=100.0%"
FF08,GWN,3,ACCESS,"t=99 [PHY] Neighbour count: 17->18"
FF08,GWN,3,ACCESS,"t=103 [HELLO_TX] bcast battery=100.0%"
FF08,GWN,3,ACCESS,"t=108 [HELLO_TX] bcast battery=100.0%"
FF08,GWN,3,ACCESS,"t=116 [HELLO_TX] bcast battery=100.0%"
FF08,GWN,3,ACCESS,"t=123 [HELLO_TX] bcast battery=100.0%"
FF08,GWN,3,ACCESS,"t=127 [HELLO_TX] bcast battery=100.0%"
FF08,GWN,3,ACCESS,"t=135 [HELLO_TX] bcast battery=100.0%"
FF08,GWN,3,ACCESS,"t=140 [HELLO_TX] bcast battery=100.0%"
FF08,GWN,3,ACCESS,"t=146 [HELLO_TX] bcast battery=100.0%"
FF08,GWN,3,ACCESS,"t=154 [HELLO_TX] bcast battery=100.0%"
FF08,GWN,3,ACCESS,"t=160 [HELLO_TX] bcast battery=100.0%"
FF08,GWN,3,ACCESS,"t=167 [HELLO_TX] bcast battery=100.0%"
FF08,GWN,3,ACCESS,"t=171 [HELLO_TX] bcast battery=100.0%"
FF08,GWN,3,ACCESS,"t=175 [HELLO_TX] bcast battery=100.0%"
FF08,GWN,3,ACCESS,"t=180 [HELLO_TX] bcast battery=100.0%"
FF08,GWN,3,ACCESS,"t=189 [HELLO_TX] bcast battery=100.0%"
FF08,GWN,3,ACCESS,"t=196 [HELLO_TX] bcast battery=100.0%"
FF08,GWN,3,ACCESS,"t=201 [HELLO_TX] bcast battery=100.0%"
FF08,GWN,3,ACCESS,"t=209 [HELLO_TX] bcast battery=100.0%"
FF08,GWN,3,ACCESS,"t=213 [HELLO_TX] bcast battery=100.0%"
FF08,GWN,3,ACCESS,"t=218 [HELLO_TX] bcast battery=100.0%"
FF08,GWN,3,ACCESS,"t=223 [HELLO_TX] bcast battery=100.0%"
FF08,GWN,3,ACCESS,"t=224 [RX] CH_CMD.3 <- AA04"
FF08,GWN,3,ACCESS,"t=229 [RX] CH_CMD.3 <- AA04"
FF08,GWN,3,ACCESS,"t=232 [HELLO_TX] bcast battery=100.0%"
FF08,GWN,3,ACCESS,"t=234 [RX] CH_CMD.3 <- AA04"
FF08,GWN,3,ACCESS,"t=235 [RX] CH_CMD.0 <- AA04"
FF08,GWN,3,ACCESS,"[LOCK][SET] partner=AA04 timeout=4"
FF08,GWN,3,ACCESS,"t=235 [CH_ACK] -> AA04 (sending key)"
FF08,GWN,3,ACCESS,"t=239 [TIMEOUT] Sent CH_REJECT to orphaned AA04"
FF08,GWN,3,ACCESS,"[LOCK][TIMEOUT] partner=AA04"
FF08,GWN,3,ACCESS,"t=239 [RX] CH_CMD.3 <- AA04"
FF08,GWN,3,ACCESS,"t=241 [HELLO_TX] bcast battery=100.0%"
FF08,GWN,3,ACCESS,"t=247 [HELLO_TX] bcast battery=100.0%"
FF08,GWN,3,UNIFIED,"t=2 [PHY] Neighbor count=1"
FF08,GWN,3,UNIFIED,"t=3 [PHY] Neighbor count=2"
FF08,GWN,3,UNIFIED,"[BB] t=4 [TX] HB.0 -> <BCAST>"
FF08,GWN,3,UNIFIED,"t=4 [PHY] Neighbour count: 2->3"
FF08,GWN,3,UNIFIED,"t=5 [PHY] Neighbor count=3"
FF08,GWN,3,UNIFIED,"t=6 [PHY] Neighbour count: 3->4"
FF08,GWN,3,UNIFIED,"t=7 [PHY] Neighbor count=4"
FF08,GWN,3,UNIFIED,"t=7 [PHY] Neighbour count: 4->5"
FF08,GWN,3,UNIFIED,"t=8 [PHY] Neighbor count=5"
FF08,GWN,3,UNIFIED,"[AC] t=8 [HELLO_TX] bcast battery=100.0%"
FF08,GWN,3,UNIFIED,"t=10 [PHY] Neighbour count: 5->6"
FF08,GWN,3,UNIFIED,"t=11 [PHY] Neighbor count=6"
FF08,GWN,3,UNIFIED,"[BB] t=11 [TX] HB.0 -> <BCAST>"
FF08,GWN,3,UNIFIED,"t=12 [PHY] Neighbor count=7"
FF08,GWN,3,UNIFIED,"t=12 [PHY] Neighbour count: 7->8"
FF08,GWN,3,UNIFIED,"t=13 [PHY] Neighbor count=8"
FF08,GWN,3,UNIFIED,"[AC] t=14 [HELLO_TX] bcast battery=100.0%"
FF08,GWN,3,UNIFIED,"t=15 [PHY] Neighbour count: 8->9"
FF08,GWN,3,UNIFIED,"t=16 [PHY] Neighbor count=9"
FF08,GWN,3,UNIFIED,"[BB] t=18 [TX] HB.0 -> <BCAST>"
FF08,GWN,3,UNIFIED,"t=19 [PHY] Neighbour count: 9->10"
FF08,GWN,3,UNIFIED,"t=20 [PHY] Neighbor count=10"
FF08,GWN,3,UNIFIED,"[AC] t=20 [HELLO_TX] bcast battery=100.0%"
FF08,GWN,3,UNIFIED,"t=20 [PHY] Neighbour count: 10->11"
FF08,GWN,3,UNIFIED,"t=21 [PHY] Neighbor count=11"
FF08,GWN,3,UNIFIED,"t=22 [STATE] BOOT→DISCOVERY (neighbors=11)"
FF08,GWN,3,UNIFIED,"t=23 [PHY] Neighbour count: 11->12"
FF08,GWN,3,UNIFIED,"t=24 [PHY] Neighbor count=12"
FF08,GWN,3,UNIFIED,"[BB] t=25 [TX] HB.1 -> <BCAST>"
FF08,GWN,3,UNIFIED,"t=26 [PHY] Neighbor count=13"
FF08,GWN,3,UNIFIED,"[AC] t=28 [HELLO_TX] bcast battery=100.0%"
FF08,GWN,3,UNIFIED,"t=28 [PHY] Neighbour count: 13->14"
FF08,GWN,3,UNIFIED,"t=29 [PHY] Neighbor count=14"
FF08,GWN,3,UNIFIED,"[BB] t=31 [RX] CMD.0 <- FF0A RSSI=12.8"
FF08,GWN,3,UNIFIED,"[BB] t=31 [TX] CMD.1 -> FF0A"
FF08,GWN,3,UNIFIED,"[BB] t=31 [TX] CMD.1 -> FF0A"
FF08,GWN,3,UNIFIED,"[BB] t=31 [STATE] DISCOVERY -> HANDSHAKE"
FF08,GWN,3,UNIFIED,"[BB] [LOCK][SET] partner=FF0A timeout=6"
FF08,GWN,3,UNIFIED,"[BB] t=31 [HANDSHAKE] Lock set with FF0A (timer=6)"
FF08,GWN,3,UNIFIED,"[AC] t=34 [HELLO_TX] bcast battery=100.0%"
FF08,GWN,3,UNIFIED,"[BB] t=35 [RX] CMD.2 <- FF0A RSSI=12.8"
FF08,GWN,3,UNIFIED,"[BB] [LOCK][REFRESH] partner=FF0A timeout=6"
FF08,GWN,3,UNIFIED,"[BB] [LOCK][SET] partner=FF0A timeout=6"
FF08,GWN,3,UNIFIED,"[BB] t=35 [PARENT] Set parent -> FF0A"
FF08,GWN,3,UNIFIED,"[BB] t=36 [RX] CMD.4 <- FF0A RSSI=12.8"
FF08,GWN,3,UNIFIED,"[BB] [LOCK][REFRESH] partner=FF0A timeout=6"
FF08,GWN,3,UNIFIED,"[BB] t=36 [PHASE] Inherited phaseOffset=0 from parent FF0A"
FF08,GWN,3,UNIFIED,"[BB] t=36 [ENC_HELLO] TX: gwCh=0; chCh=0; secCh=0; sn=0 (encrypted)"
FF08,GWN,3,UNIFIED,"[BB] t=36 [TX] CMD.5 -> FF0A"
FF08,GWN,3,UNIFIED,"[BB] [LOCK][CLEAR][ENC_HELLO_TX] partner=FF0A"
FF08,GWN,3,UNIFIED,"[BB] t=36 [HANDSHAKE] Lock cleared (was with FF0A)"
FF08,GWN,3,UNIFIED,"t=40 [RECRUIT] INIT(1/4) -> FF03"
FF08,GWN,3,UNIFIED,"[BB] [LOCK][SET] partner=FF03 timeout=6"
FF08,GWN,3,UNIFIED,"[BB] t=40 [HANDSHAKE] Lock set with FF03 (timer=6)"
FF08,GWN,3,UNIFIED,"[BB] [LOCK][SET] partner=FF03 timeout=6"
FF08,GWN,3,UNIFIED,"[BB] t=40 [TX] CMD.0 -> FF03"
FF08,GWN,3,UNIFIED,"[AC] t=42 [HELLO_TX] bcast battery=100.0%"
FF08,GWN,3,UNIFIED,"t=42 [PHY] Neighbour count: 14->15"
FF08,GWN,3,UNIFIED,"t=43 [PHY] Neighbor count=15"
FF08,GWN,3,UNIFIED,"t=45 [PHY] Neighbour count: 15->16"
FF08,GWN,3,UNIFIED,"t=46 [PHY] Neighbor count=16"
FF08,GWN,3,UNIFIED,"[BB] t=46 [ENC_HELLO] TX: gwCh=0; chCh=0; secCh=0; sn=0 (encrypted)"
FF08,GWN,3,UNIFIED,"[BB] t=46 [ENC_HELLO] Retry 1/3 sent (next at t=66)"
FF08,GWN,3,UNIFIED,"t=46 [TIMEOUT] Attempt 1/4 for FF03 - will retry"
FF08,GWN,3,UNIFIED,"[BB] [LOCK][CLEAR] partner=FF03"
FF08,GWN,3,UNIFIED,"[AC] t=46 [HELLO_TX] bcast battery=100.0%"
FF08,GWN,3,UNIFIED,"t=47 [RECRUIT] INIT(2/4) -> FF03"
FF08,GWN,3,UNIFIED,"[BB] [LOCK][SET] partner=FF03 timeout=6"
FF08,GWN,3,UNIFIED,"[BB] t=47 [HANDSHAKE] Lock set with FF03 (timer=6)"
FF08,GWN,3,UNIFIED,"[BB] [LOCK][SET] partner=FF03 timeout=6"
FF08,GWN,3,UNIFIED,"[BB] t=47 [TX] CMD.0 -> FF03"
FF08,GWN,3,UNIFIED,"[BB] t=49 [RX] CMD.3 <- FF03 RSSI=0.7"
FF08,GWN,3,UNIFIED,"[BB] [LOCK][CLEAR][REJECT] partner=FF03"
FF08,GWN,3,UNIFIED,"t=49 [RX] PARENT_REJECT from FF03; trying next"
FF08,GWN,3,UNIFIED,"[BB] t=49 [REJECT] Neighbor FF03 marked REJECT"
FF08,GWN,3,UNIFIED,"[BB] t=49 [HANDSHAKE] Lock cleared (was with FF03)"
FF08,GWN,3,UNIFIED,"[BB] t=49 [STATE] HANDSHAKE -> SECURE"
FF08,GWN,3,UNIFIED,"t=50 [RECRUIT] INIT(1/4) -> FF01"
FF08,GWN,3,UNIFIED,"[BB] [LOCK][SET] partner=FF01 timeout=6"
FF08,GWN,3,UNIFIED,"[BB] t=50 [HANDSHAKE] Lock set with FF01 (timer=6)"
FF08,GWN,3,UNIFIED,"[BB] [LOCK][SET] partner=FF01 timeout=6"
FF08,GWN,3,UNIFIED,"[BB] t=50 [TX] CMD.0 -> FF01"
FF08,GWN,3,UNIFIED,"[AC] t=52 [HELLO_TX] bcast battery=100.0%"
FF08,GWN,3,UNIFIED,"[BB] t=52 [RX] CMD.1 <- FF01 RSSI=0.1"
FF08,GWN,3,UNIFIED,"[BB] [LOCK][REFRESH] partner=FF01 timeout=6"
FF08,GWN,3,UNIFIED,"[BB] t=52 [TX] CMD.2 -> FF01"
FF08,GWN,3,UNIFIED,"[BB] [LOCK][REFRESH] partner=FF01 timeout=6"
FF08,GWN,3,UNIFIED,"[BB] t=52 [HANDSHAKE] FF01 added to pendingChildren (awaiting ENC_HELLO)"
FF08,GWN,3,UNIFIED,"[BB] t=52 [TX] CMD.4 -> FF01"
FF08,GWN,3,UNIFIED,"[BB] t=52 [PHASE] Sending phaseOffset=1 to child FF01 (self=0)"
FF08,GWN,3,UNIFIED,"[BB] [LOCK][REFRESH] partner=FF01 timeout=6"
FF08,GWN,3,UNIFIED,"[BB] [LOCK][SET] partner=FF01 timeout=6"
FF08,GWN,3,UNIFIED,"[BB] t=57 [RX] CMD.5 <- FF01 RSSI=0.1"
FF08,GWN,3,UNIFIED,"[BB] t=57 [HANDSHAKE] FF01 promoted to children (ENC_HELLO received)"
FF08,GWN,3,UNIFIED,"[BB] [LOCK][CLEAR][ENC_HELLO_RX] partner=FF01"
FF08,GWN,3,UNIFIED,"[BB] t=57 [TX] CMD.5 -> FF0A"
FF08,GWN,3,UNIFIED,"[BB] t=57 [HANDSHAKE] Lock cleared (was with FF01)"
FF08,GWN,3,UNIFIED,"[BB] t=57 [RETRY] Reset retry state for FF01 (now child)"
FF08,GWN,3,UNIFIED,"[BB] t=57 [STATE] HANDSHAKE -> SECURE"
FF08,GWN,3,UNIFIED,"t=59 [PHY] Neighbor count=17"
FF08,GWN,3,UNIFIED,"[AC] t=59 [HELLO_TX] bcast battery=100.0%"
FF08,GWN,3,UNIFIED,"[BB] t=65 [RX_FWD] Encrypted CMD.5 from Child FF01 -> Queue for Parent FF0A"
FF08,GWN,3,UNIFIED,"[BB] t=65 [Q_FWD] Queued CMD.5 (size=1/15)"
FF08,GWN,3,UNIFIED,"[BB] t=66 [ENC_HELLO] TX: gwCh=1; chCh=0; secCh=0; sn=0 (encrypted)"
FF08,GWN,3,UNIFIED,"[BB] t=66 [ENC_HELLO] Retry 2/3 sent (next at t=106)"
FF08,GWN,3,UNIFIED,"[AC] t=68 [HELLO_TX] bcast battery=100.0%"
FF08,GWN,3,UNIFIED,"[BB] t=68 [RX_FWD] Encrypted CMD.5 from Child FF01 -> Queue for Parent FF0A"
FF08,GWN,3,UNIFIED,"[BB] t=68 [Q_FWD] Queued CMD.5 (size=2/15)"
FF08,GWN,3,UNIFIED,"[AC] t=72 [HELLO_TX] bcast battery=100.0%"
FF08,GWN,3,UNIFIED,"[AC] t=82 [HELLO_TX] bcast battery=100.0%"
FF08,GWN,3,UNIFIED,"[BB] t=85 [RX_FWD] Encrypted CMD.5 from Child FF01 -> Queue for Parent FF0A"
FF08,GWN,3,UNIFIED,"[BB] t=85 [Q_FWD] Queued CMD.5 (size=3/15)"
FF08,GWN,3,UNIFIED,"[AC] t=88 [HELLO_TX] bcast battery=100.0%"
FF08,GWN,3,UNIFIED,"[AC] t=98 [HELLO_TX] bcast battery=100.0%"
FF08,GWN,3,UNIFIED,"[BB] t=99 [RX] CMD.0 <- FF06 RSSI=0.0"
FF08,GWN,3,UNIFIED,"[BB] t=99 [TX] CMD.3 -> FF06"
FF08,GWN,3,UNIFIED,"t=99 [REJ_PARENT] → FF06"
FF08,GWN,3,UNIFIED,"t=99 [PHY] Neighbour count: 17->18"
FF08,GWN,3,UNIFIED,"t=100 [PHY] Neighbor count=18"
FF08,GWN,3,UNIFIED,"[AC] t=103 [HELLO_TX] bcast battery=100.0%"
FF08,GWN,3,UNIFIED,"[BB] t=106 [ENC_HELLO] TX: gwCh=1; chCh=0; secCh=0; sn=0 (encrypted)"
FF08,GWN,3,UNIFIED,"[BB] t=106 [ENC_HELLO] Retry 3/3 sent (next at t=186)"
FF08,GWN,3,UNIFIED,"[AC] t=108 [HELLO_TX] bcast battery=100.0%"
FF08,GWN,3,UNIFIED,"[AC] t=116 [HELLO_TX] bcast battery=100.0%"
FF08,GWN,3,UNIFIED,"[AC] t=123 [HELLO_TX] bcast battery=100.0%"
FF08,GWN,3,UNIFIED,"[BB] t=125 [RX_FWD] Encrypted CMD.5 from Child FF01 -> Queue for Parent FF0A"
FF08,GWN,3,UNIFIED,"[BB] t=125 [Q_FWD] Queued CMD.5 (size=4/15)"
FF08,GWN,3,UNIFIED,"[AC] t=127 [HELLO_TX] bcast battery=100.0%"
FF08,GWN,3,UNIFIED,"[AC] t=135 [HELLO_TX] bcast battery=100.0%"
FF08,GWN,3,UNIFIED,"[AC] t=140 [HELLO_TX] bcast battery=100.0%"
FF08,GWN,3,UNIFIED,"[AC] t=146 [HELLO_TX] bcast battery=100.0%"
FF08,GWN,3,UNIFIED,"[AC] t=154 [HELLO_TX] bcast battery=100.0%"
FF08,GWN,3,UNIFIED,"[AC] t=160 [HELLO_TX] bcast battery=100.0%"
FF08,GWN,3,UNIFIED,"[AC] t=167 [HELLO_TX] bcast battery=100.0%"
FF08,GWN,3,UNIFIED,"[AC] t=171 [HELLO_TX] bcast battery=100.0%"
FF08,GWN,3,UNIFIED,"[AC] t=175 [HELLO_TX] bcast battery=100.0%"
FF08,GWN,3,UNIFIED,"[AC] t=180 [HELLO_TX] bcast battery=100.0%"
FF08,GWN,3,UNIFIED,"[BB] t=186 [ENC_HELLO] TX: gwCh=1; chCh=0; secCh=0; sn=0 (encrypted)"
FF08,GWN,3,UNIFIED,"[BB] t=186 [ENC_HELLO] Registry refresh #1 sent (next at t=266)"
FF08,GWN,3,UNIFIED,"[AC] t=189 [HELLO_TX] bcast battery=100.0%"
FF08,GWN,3,UNIFIED,"[AC] t=196 [HELLO_TX] bcast battery=100.0%"
FF08,GWN,3,UNIFIED,"[BB] t=200 [DEQUEUE] From Q_fwd (waited 135 TFs)"
FF08,GWN,3,UNIFIED,"[BB] t=200 [PHASE_TX] Sent CMD.5 -> FF0A (Q_fwd=3; Q_local=0)"
FF08,GWN,3,UNIFIED,"[BB] t=201 [PHASE_RX] Listening (Q_fwd=3; Q_local=0)"
FF08,GWN,3,UNIFIED,"[AC] t=201 [HELLO_TX] bcast battery=100.0%"
FF08,GWN,3,UNIFIED,"[BB] t=201 [RX_FWD] Encrypted CMD.5 from Child FF01 -> Queue for Parent FF0A"
FF08,GWN,3,UNIFIED,"[BB] t=201 [Q_FWD] Queued CMD.5 (size=4/15)"
FF08,GWN,3,UNIFIED,"[BB] t=202 [PHASE_RX] Listening (Q_fwd=4; Q_local=0)"
FF08,GWN,3,UNIFIED,"[BB] t=202 [RX_FWD] Encrypted CMD.5 from Child FF01 -> Queue for Parent FF0A"
FF08,GWN,3,UNIFIED,"[BB] t=202 [Q_FWD] Queued CMD.5 (size=5/15)"
FF08,GWN,3,UNIFIED,"[BB] t=203 [PHASE_RX] Listening (Q_fwd=5; Q_local=0)"
FF08,GWN,3,UNIFIED,"[BB] t=203 [RX_FWD] Encrypted HB.3 from Child FF01 -> Queue for Parent FF0A"
FF08,GWN,3,UNIFIED,"[BB] t=203 [Q_FWD] Queued HB.3 (size=6/15)"
FF08,GWN,3,UNIFIED,"[BB] t=204 [DEQUEUE] From Q_fwd (waited 136 TFs)"
FF08,GWN,3,UNIFIED,"[BB] t=204 [PHASE_TX] Sent CMD.5 -> FF0A (Q_fwd=5; Q_local=0)"
FF08,GWN,3,UNIFIED,"[BB] t=205 [DEQUEUE] From Q_fwd (waited 120 TFs)"
FF08,GWN,3,UNIFIED,"[BB] t=205 [PHASE_TX] Sent CMD.5 -> FF0A (Q_fwd=4; Q_local=0)"
FF08,GWN,3,UNIFIED,"[BB] t=205 [RX_FWD] Encrypted CMD.5 from Child FF01 -> Queue for Parent FF0A"
FF08,GWN,3,UNIFIED,"[BB] t=205 [Q_FWD] Queued CMD.5 (size=5/15)"
FF08,GWN,3,UNIFIED,"[BB] t=206 [DEQUEUE] From Q_fwd (waited 81 TFs)"
FF08,GWN,3,UNIFIED,"[BB] t=206 [PHASE_TX] Sent CMD.5 -> FF0A (Q_fwd=4; Q_local=0)"
FF08,GWN,3,UNIFIED,"[BB] t=207 [PHASE_RX] Listening (Q_fwd=4; Q_local=0)"
FF08,GWN,3,UNIFIED,"[BB] t=208 [PHASE_RX] Listening (Q_fwd=4; Q_local=0)"
FF08,GWN,3,UNIFIED,"[BB] t=208 [RX_FWD] Encrypted CMD.5 from Child FF01 -> Queue for Parent FF0A"
FF08,GWN,3,UNIFIED,"[BB] t=208 [Q_FWD] Queued CMD.5 (size=5/15)"
FF08,GWN,3,UNIFIED,"[BB] t=209 [PHASE_RX] Listening (Q_fwd=5; Q_local=0)"
FF08,GWN,3,UNIFIED,"[AC] t=209 [HELLO_TX] bcast battery=100.0%"
FF08,GWN,3,UNIFIED,"[BB] t=209 [RX_FWD] Encrypted CMD.5 from Child FF01 -> Queue for Parent FF0A"
FF08,GWN,3,UNIFIED,"[BB] t=209 [Q_FWD] Queued CMD.5 (size=6/15)"
FF08,GWN,3,UNIFIED,"[BB] t=210 [DEQUEUE] From Q_fwd (waited 9 TFs)"
FF08,GWN,3,UNIFIED,"[BB] t=210 [PHASE_TX] Sent CMD.5 -> FF0A (Q_fwd=5; Q_local=0)"
FF08,GWN,3,UNIFIED,"[BB] t=211 [DEQUEUE] From Q_fwd (waited 9 TFs)"
FF08,GWN,3,UNIFIED,"[BB] t=211 [PHASE_TX] Sent CMD.5 -> FF0A (Q_fwd=4; Q_local=0)"
FF08,GWN,3,UNIFIED,"[BB] t=212 [DEQUEUE] From Q_fwd (waited 9 TFs)"
FF08,GWN,3,UNIFIED,"[BB] t=212 [PHASE_TX] Sent HB.3 -> FF0A (Q_fwd=3; Q_local=0)"
FF08,GWN,3,UNIFIED,"[BB] t=213 [PHASE_RX] Listening (Q_fwd=3; Q_local=0)"
FF08,GWN,3,UNIFIED,"[AC] t=213 [HELLO_TX] bcast battery=100.0%"
FF08,GWN,3,UNIFIED,"[BB] t=213 [RX_FWD] Encrypted CMD.5 from Child FF01 -> Queue for Parent FF0A"
FF08,GWN,3,UNIFIED,"[BB] t=213 [Q_FWD] Queued CMD.5 (size=4/15)"
FF08,GWN,3,UNIFIED,"[BB] t=214 [PHASE_RX] Listening (Q_fwd=4; Q_local=0)"
FF08,GWN,3,UNIFIED,"[BB] t=214 [RX_FWD] Encrypted CMD.5 from Child FF01 -> Queue for Parent FF0A"
FF08,GWN,3,UNIFIED,"[BB] t=214 [Q_FWD] Queued CMD.5 (size=5/15)"
FF08,GWN,3,UNIFIED,"[BB] t=215 [PHASE_RX] Listening (Q_fwd=5; Q_local=0)"
FF08,GWN,3,UNIFIED,"[BB] t=215 [RX_FWD] Encrypted CMD.5 from Child FF01 -> Queue for Parent FF0A"
FF08,GWN,3,UNIFIED,"[BB] t=215 [Q_FWD] Queued CMD.5 (size=6/15)"
FF08,GWN,3,UNIFIED,"[BB] t=216 [DEQUEUE] From Q_fwd (waited 11 TFs)"
FF08,GWN,3,UNIFIED,"[BB] t=216 [PHASE_TX] Sent CMD.5 -> FF0A (Q_fwd=5; Q_local=0)"
FF08,GWN,3,UNIFIED,"[BB] t=217 [DEQUEUE] From Q_fwd (waited 9 TFs)"
FF08,GWN,3,UNIFIED,"[BB] t=217 [PHASE_TX] Sent CMD.5 -> FF0A (Q_fwd=4; Q_local=0)"
FF08,GWN,3,UNIFIED,"[BB] t=218 [DEQUEUE] From Q_fwd (waited 9 TFs)"
FF08,GWN,3,UNIFIED,"[BB] t=218 [PHASE_TX] Sent CMD.5 -> FF0A (Q_fwd=3; Q_local=0)"
FF08,GWN,3,UNIFIED,"[AC] t=218 [HELLO_TX] bcast battery=100.0%"
FF08,GWN,3,UNIFIED,"[BB] t=219 [PHASE_RX] Listening (Q_fwd=3; Q_local=0)"
FF08,GWN,3,UNIFIED,"[BB] t=219 [RX_FWD] Encrypted CMD.5 from Child FF01 -> Queue for Parent FF0A"
FF08,GWN,3,UNIFIED,"[BB] t=219 [Q_FWD] Queued CMD.5 (size=4/15)"
FF08,GWN,3,UNIFIED,"[BB] t=220 [PHASE_RX] Listening (Q_fwd=4; Q_local=0)"
FF08,GWN,3,UNIFIED,"[BB] t=220 [RX_FWD] Encrypted CMD.5 from Child FF01 -> Queue for Parent FF0A"
FF08,GWN,3,UNIFIED,"[BB] t=220 [Q_FWD] Queued CMD.5 (size=5/15)"
FF08,GWN,3,UNIFIED,"[BB] t=221 [PHASE_RX] Listening (Q_fwd=5; Q_local=0)"
FF08,GWN,3,UNIFIED,"[BB] t=222 [DEQUEUE] From Q_fwd (waited 9 TFs)"
FF08,GWN,3,UNIFIED,"[BB] t=222 [PHASE_TX] Sent CMD.5 -> FF0A (Q_fwd=4; Q_local=0)"
FF08,GWN,3,UNIFIED,"[BB] t=223 [DEQUEUE] From Q_fwd (waited 9 TFs)"
FF08,GWN,3,UNIFIED,"[BB] t=223 [PHASE_TX] Sent CMD.5 -> FF0A (Q_fwd=3; Q_local=0)"
FF08,GWN,3,UNIFIED,"[AC] t=223 [HELLO_TX] bcast battery=100.0%"
FF08,GWN,3,UNIFIED,"[BB] t=224 [DEQUEUE] From Q_fwd (waited 9 TFs)"
FF08,GWN,3,UNIFIED,"[BB] t=224 [PHASE_TX] Sent CMD.5 -> FF0A (Q_fwd=2; Q_local=0)"
FF08,GWN,3,UNIFIED,"[AC] t=224 [RX] CH_CMD.3 <- AA04"
FF08,GWN,3,UNIFIED,"[BB] t=225 [PHASE_RX] Listening (Q_fwd=2; Q_local=0)"
FF08,GWN,3,UNIFIED,"[BB] t=225 [RX_FWD] Encrypted CMD.5 from Child FF01 -> Queue for Parent FF0A"
FF08,GWN,3,UNIFIED,"[BB] t=225 [Q_FWD] Queued CMD.5 (size=3/15)"
FF08,GWN,3,UNIFIED,"[BB] t=226 [PHASE_RX] Listening (Q_fwd=3; Q_local=0)"
FF08,GWN,3,UNIFIED,"[BB] t=226 [RX_FWD] Encrypted CH_HELLO.1 from Child FF01 -> Queue for Parent FF0A"
FF08,GWN,3,UNIFIED,"[BB] t=226 [Q_FWD] Queued CH_HELLO.1 (size=4/15)"
FF08,GWN,3,UNIFIED,"[BB] t=227 [PHASE_RX] Listening (Q_fwd=4; Q_local=0)"
FF08,GWN,3,UNIFIED,"[BB] t=228 [DEQUEUE] From Q_fwd (waited 9 TFs)"
FF08,GWN,3,UNIFIED,"[BB] t=228 [PHASE_TX] Sent CMD.5 -> FF0A (Q_fwd=3; Q_local=0)"
FF08,GWN,3,UNIFIED,"[BB] t=229 [DEQUEUE] From Q_fwd (waited 9 TFs)"
FF08,GWN,3,UNIFIED,"[BB] t=229 [PHASE_TX] Sent CMD.5 -> FF0A (Q_fwd=2; Q_local=0)"
FF08,GWN,3,UNIFIED,"[AC] t=229 [RX] CH_CMD.3 <- AA04"
FF08,GWN,3,UNIFIED,"[BB] t=230 [DEQUEUE] From Q_fwd (waited 5 TFs)"
FF08,GWN,3,UNIFIED,"[BB] t=230 [PHASE_TX] Sent CMD.5 -> FF0A (Q_fwd=1; Q_local=0)"
FF08,GWN,3,UNIFIED,"[BB] t=231 [PHASE_RX] Listening (Q_fwd=1; Q_local=0)"
FF08,GWN,3,UNIFIED,"[BB] t=232 [PHASE_RX] Listening (Q_fwd=1; Q_local=0)"
FF08,GWN,3,UNIFIED,"[AC] t=232 [HELLO_TX] bcast battery=100.0%"
FF08,GWN,3,UNIFIED,"[BB] t=233 [PHASE_RX] Listening (Q_fwd=1; Q_local=0)"
FF08,GWN,3,UNIFIED,"[BB] t=234 [DEQUEUE] From Q_fwd (waited 8 TFs)"
FF08,GWN,3,UNIFIED,"[BB] t=234 [PHASE_TX] Sent CH_HELLO.1 -> FF0A (Q_fwd=0; Q_local=0)"
FF08,GWN,3,UNIFIED,"[AC] t=234 [RX] CH_CMD.3 <- AA04"
FF08,GWN,3,UNIFIED,"[BB] t=235 [PHASE_TX] IDLE (queues empty)"
FF08,GWN,3,UNIFIED,"[AC] t=235 [RX] CH_CMD.0 <- AA04"
FF08,GWN,3,UNIFIED,"[AC] [LOCK][SET] partner=AA04 timeout=4"
FF08,GWN,3,UNIFIED,"[AC] t=235 [CH_ACK] -> AA04 (sending key)"
FF08,GWN,3,UNIFIED,"[BB] t=236 [PHASE_TX] IDLE (queues empty)"
FF08,GWN,3,UNIFIED,"[BB] t=237 [PHASE_RX] Listening (Q_fwd=0; Q_local=0)"
FF08,GWN,3,UNIFIED,"[BB] t=237 [RX_FWD] Encrypted CH_HELLO.1 from Child FF01 -> Queue for Parent FF0A"
FF08,GWN,3,UNIFIED,"[BB] t=237 [Q_FWD] Queued CH_HELLO.1 (size=1/15)"
FF08,GWN,3,UNIFIED,"[BB] t=238 [PHASE_RX] Listening (Q_fwd=1; Q_local=0)"
FF08,GWN,3,UNIFIED,"[BB] t=238 [RX_FWD] Encrypted CMD.5 from Child FF01 -> Queue for Parent FF0A"
FF08,GWN,3,UNIFIED,"[BB] t=238 [Q_FWD] Queued CMD.5 (size=2/15)"
FF08,GWN,3,UNIFIED,"[AC] t=239 [TIMEOUT] Sent CH_REJECT to orphaned AA04"
FF08,GWN,3,UNIFIED,"[AC] [LOCK][TIMEOUT] partner=AA04"
FF08,GWN,3,UNIFIED,"[BB] t=239 [PHASE_RX] Listening (Q_fwd=2; Q_local=0)"
FF08,GWN,3,UNIFIED,"[BB] t=239 [RX_FWD] Encrypted CH_HELLO.1 from Child FF01 -> Queue for Parent FF0A"
FF08,GWN,3,UNIFIED,"[BB] t=239 [Q_FWD] Queued CH_HELLO.1 (size=3/15)"
FF08,GWN,3,UNIFIED,"[AC] t=239 [RX] CH_CMD.3 <- AA04"
FF08,GWN,3,UNIFIED,"[BB] t=240 [DEQUEUE] From Q_fwd (waited 3 TFs)"
FF08,GWN,3,UNIFIED,"[BB] t=240 [PHASE_TX] Sent CH_HELLO.1 -> FF0A (Q_fwd=2; Q_local=0)"
FF08,GWN,3,UNIFIED,"[BB] t=241 [DEQUEUE] From Q_fwd (waited 3 TFs)"
FF08,GWN,3,UNIFIED,"[BB] t=241 [PHASE_TX] Sent CMD.5 -> FF0A (Q_fwd=1; Q_local=0)"
FF08,GWN,3,UNIFIED,"[AC] t=241 [HELLO_TX] bcast battery=100.0%"
FF08,GWN,3,UNIFIED,"[BB] t=242 [DEQUEUE] From Q_fwd (waited 3 TFs)"
FF08,GWN,3,UNIFIED,"[BB] t=242 [PHASE_TX] Sent CH_HELLO.1 -> FF0A (Q_fwd=0; Q_local=0)"
FF08,GWN,3,UNIFIED,"[BB] t=243 [PHASE_RX] Listening (Q_fwd=0; Q_local=0)"
FF08,GWN,3,UNIFIED,"[BB] t=244 [PHASE_RX] Listening (Q_fwd=0; Q_local=0)"
FF08,GWN,3,UNIFIED,"[BB] t=245 [PHASE_RX] Listening (Q_fwd=0; Q_local=0)"
FF08,GWN,3,UNIFIED,"[BB] t=246 [PHASE_TX] IDLE (queues empty)"
FF08,GWN,3,UNIFIED,"[BB] t=247 [PHASE_TX] IDLE (queues empty)"
FF08,GWN,3,UNIFIED,"[AC] t=247 [HELLO_TX] bcast battery=100.0%"
FF08,GWN,3,UNIFIED,"[BB] t=248 [PHASE_TX] IDLE (queues empty)"
FF08,GWN,3,UNIFIED,"[BB] t=249 [PHASE_RX] Listening (Q_fwd=0; Q_local=0)"
FF09,GWN,3,BACKBONE,"t=2 [TX] HB.0 -> <BCAST>"
FF09,GWN,3,BACKBONE,"t=4 [PHY] Neighbour count: 2->3"
FF09,GWN,3,BACKBONE,"t=6 [PHY] Neighbour count: 4->5"
FF09,GWN,3,BACKBONE,"t=8 [PHY] Neighbour count: 5->6"
FF09,GWN,3,BACKBONE,"t=9 [TX] HB.0 -> <BCAST>"
FF09,GWN,3,BACKBONE,"t=9 [PHY] Neighbour count: 6->7"
FF09,GWN,3,BACKBONE,"t=10 [PHY] Neighbour count: 7->8"
FF09,GWN,3,BACKBONE,"t=16 [TX] HB.0 -> <BCAST>"
FF09,GWN,3,BACKBONE,"t=16 [PHY] Neighbour count: 9->10"
FF09,GWN,3,BACKBONE,"t=17 [PHY] Neighbour count: 10->11"
FF09,GWN,3,BACKBONE,"t=23 [TX] HB.1 -> <BCAST>"
FF09,GWN,3,BACKBONE,"t=23 [PHY] Neighbour count: 11->12"
FF09,GWN,3,BACKBONE,"t=29 [PHY] Neighbour count: 12->13"
FF09,GWN,3,BACKBONE,"t=30 [TX] HB.1 -> <BCAST>"
FF09,GWN,3,BACKBONE,"t=37 [TX] HB.1 -> <BCAST>"
FF09,GWN,3,BACKBONE,"t=44 [TX] HB.1 -> <BCAST>"
FF09,GWN,3,BACKBONE,"t=51 [TX] HB.1 -> <BCAST>"
FF09,GWN,3,BACKBONE,"t=58 [TX] HB.1 -> <BCAST>"
FF09,GWN,3,BACKBONE,"t=59 [PHY] Neighbour count: 14->15"
FF09,GWN,3,BACKBONE,"t=65 [TX] HB.1 -> <BCAST>"
FF09,GWN,3,BACKBONE,"t=65 [PHY] Neighbour count: 15->16"
FF09,GWN,3,BACKBONE,"t=66 [RX] CMD.0 <- FF05 RSSI=8.1"
FF09,GWN,3,BACKBONE,"t=66 [TX] CMD.1 -> FF05"
FF09,GWN,3,BACKBONE,"t=66 [TX] CMD.1 -> FF05"
FF09,GWN,3,BACKBONE,"t=66 [STATE] DISCOVERY -> HANDSHAKE"
FF09,GWN,3,BACKBONE,"[LOCK][SET] partner=FF05 timeout=6"
FF09,GWN,3,BACKBONE,"t=66 [HANDSHAKE] Lock set with FF05 (timer=6)"
FF09,GWN,3,BACKBONE,"t=70 [RX] CMD.2 <- FF05 RSSI=8.1"
FF09,GWN,3,BACKBONE,"[LOCK][REFRESH] partner=FF05 timeout=6"
FF09,GWN,3,BACKBONE,"[LOCK][SET] partner=FF05 timeout=6"
FF09,GWN,3,BACKBONE,"t=70 [PARENT] Set parent -> FF05"
FF09,GWN,3,BACKBONE,"t=71 [RX] CMD.4 <- FF05 RSSI=8.1"
FF09,GWN,3,BACKBONE,"[LOCK][REFRESH] partner=FF05 timeout=6"
FF09,GWN,3,BACKBONE,"t=71 [PHASE] Inherited phaseOffset=0 from parent FF05"
FF09,GWN,3,BACKBONE,"t=71 [ENC_HELLO] TX: gwCh=0; chCh=0; secCh=0; sn=0 (encrypted)"
FF09,GWN,3,BACKBONE,"t=71 [TX] CMD.5 -> FF05"
FF09,GWN,3,BACKBONE,"[LOCK][CLEAR][ENC_HELLO_TX] partner=FF05"
FF09,GWN,3,BACKBONE,"t=71 [HANDSHAKE] Lock cleared (was with FF05)"
FF09,GWN,3,BACKBONE,"[LOCK][SET] partner=FF04 timeout=6"
FF09,GWN,3,BACKBONE,"t=75 [HANDSHAKE] Lock set with FF04 (timer=6)"
FF09,GWN,3,BACKBONE,"[LOCK][SET] partner=FF04 timeout=6"
FF09,GWN,3,BACKBONE,"t=75 [TX] CMD.0 -> FF04"
FF09,GWN,3,BACKBONE,"t=77 [RX] CMD.1 <- FF04 RSSI=1.2"
FF09,GWN,3,BACKBONE,"[LOCK][REFRESH] partner=FF04 timeout=6"
FF09,GWN,3,BACKBONE,"t=77 [TX] CMD.2 -> FF04"
FF09,GWN,3,BACKBONE,"[LOCK][REFRESH] partner=FF04 timeout=6"
FF09,GWN,3,BACKBONE,"t=77 [HANDSHAKE] FF04 added to pendingChildren (awaiting ENC_HELLO)"
FF09,GWN,3,BACKBONE,"t=77 [TX] CMD.4 -> FF04"
FF09,GWN,3,BACKBONE,"t=77 [PHASE] Sending phaseOffset=1 to child FF04 (self=0)"
FF09,GWN,3,BACKBONE,"[LOCK][REFRESH] partner=FF04 timeout=6"
FF09,GWN,3,BACKBONE,"[LOCK][SET] partner=FF04 timeout=6"
FF09,GWN,3,BACKBONE,"t=81 [ENC_HELLO] TX: gwCh=0; chCh=0; secCh=0; sn=0 (encrypted)"
FF09,GWN,3,BACKBONE,"t=81 [ENC_HELLO] Retry 1/3 sent (next at t=101)"
FF09,GWN,3,BACKBONE,"t=82 [RX] CMD.5 <- FF04 RSSI=1.2"
FF09,GWN,3,BACKBONE,"t=82 [HANDSHAKE] FF04 promoted to children (ENC_HELLO received)"
FF09,GWN,3,BACKBONE,"[LOCK][CLEAR][ENC_HELLO_RX] partner=FF04"
FF09,GWN,3,BACKBONE,"t=82 [TX] CMD.5 -> FF05"
FF09,GWN,3,BACKBONE,"t=82 [HANDSHAKE] Lock cleared (was with FF04)"
FF09,GWN,3,BACKBONE,"t=82 [RETRY] Reset retry state for FF04 (now child)"
FF09,GWN,3,BACKBONE,"t=82 [STATE] HANDSHAKE -> SECURE"
FF09,GWN,3,BACKBONE,"t=86 [RX] CMD.0 <- FF06 RSSI=0.4"
FF09,GWN,3,BACKBONE,"t=86 [TX] CMD.3 -> FF06"
FF09,GWN,3,BACKBONE,"t=90 [RX_FWD] Encrypted CMD.5 from Child FF04 -> Queue for Parent FF05"
FF09,GWN,3,BACKBONE,"t=90 [Q_FWD] Queued CMD.5 (size=1/15)"
FF09,GWN,3,BACKBONE,"t=101 [ENC_HELLO] TX: gwCh=1; chCh=0; secCh=0; sn=0 (encrypted)"
FF09,GWN,3,BACKBONE,"t=101 [ENC_HELLO] Retry 2/3 sent (next at t=141)"
FF09,GWN,3,BACKBONE,"t=110 [RX_FWD] Encrypted CMD.5 from Child FF04 -> Queue for Parent FF05"
FF09,GWN,3,BACKBONE,"t=110 [Q_FWD] Queued CMD.5 (size=2/15)"
FF09,GWN,3,BACKBONE,"t=141 [ENC_HELLO] TX: gwCh=1; chCh=0; secCh=0; sn=0 (encrypted)"
FF09,GWN,3,BACKBONE,"t=141 [ENC_HELLO] Retry 3/3 sent (next at t=221)"
FF09,GWN,3,BACKBONE,"t=150 [RX_FWD] Encrypted CMD.5 from Child FF04 -> Queue for Parent FF05"
FF09,GWN,3,BACKBONE,"t=150 [Q_FWD] Queued CMD.5 (size=3/15)"
FF09,GWN,3,BACKBONE,"t=154 [PHY] Neighbour count: 16->17"
FF09,GWN,3,BACKBONE,"t=199 [PHY] Neighbour count: 17->18"
FF09,GWN,3,BACKBONE,"t=200 [DEQUEUE] From Q_fwd (waited 110 TFs)"
FF09,GWN,3,BACKBONE,"t=200 [PHASE_TX] Sent CMD.5 -> FF05 (Q_fwd=2; Q_local=0)"
FF09,GWN,3,BACKBONE,"t=201 [PHASE_RX] Listening (Q_fwd=2; Q_local=0)"
FF09,GWN,3,BACKBONE,"t=202 [PHASE_RX] Listening (Q_fwd=2; Q_local=0)"
FF09,GWN,3,BACKBONE,"t=203 [PHASE_RX] Listening (Q_fwd=2; Q_local=0)"
FF09,GWN,3,BACKBONE,"t=204 [DEQUEUE] From Q_fwd (waited 94 TFs)"
FF09,GWN,3,BACKBONE,"t=204 [PHASE_TX] Sent CMD.5 -> FF05 (Q_fwd=1; Q_local=0)"
FF09,GWN,3,BACKBONE,"t=205 [DEQUEUE] From Q_fwd (waited 55 TFs)"
FF09,GWN,3,BACKBONE,"t=205 [PHASE_TX] Sent CMD.5 -> FF05 (Q_fwd=0; Q_local=0)"
FF09,GWN,3,BACKBONE,"t=206 [PHASE_TX] IDLE (queues empty)"
FF09,GWN,3,BACKBONE,"t=207 [PHASE_RX] Listening (Q_fwd=0; Q_local=0)"
FF09,GWN,3,BACKBONE,"t=208 [PHASE_RX] Listening (Q_fwd=0; Q_local=0)"
FF09,GWN,3,BACKBONE,"t=209 [PHASE_RX] Listening (Q_fwd=0; Q_local=0)"
FF09,GWN,3,BACKBONE,"t=210 [PHASE_TX] IDLE (queues empty)"
FF09,GWN,3,BACKBONE,"t=211 [PHASE_TX] IDLE (queues empty)"
FF09,GWN,3,BACKBONE,"t=212 [PHASE_TX] IDLE (queues empty)"
FF09,GWN,3,BACKBONE,"t=213 [PHASE_RX] Listening (Q_fwd=0; Q_local=0)"
FF09,GWN,3,BACKBONE,"t=213 [RX_FWD] Encrypted CH_HELLO.1 from Child FF04 -> Queue for Parent FF05"
FF09,GWN,3,BACKBONE,"t=213 [Q_FWD] Queued CH_HELLO.1 (size=1/15)"
FF09,GWN,3,BACKBONE,"t=214 [PHASE_RX] Listening (Q_fwd=1; Q_local=0)"
FF09,GWN,3,BACKBONE,"t=215 [PHASE_RX] Listening (Q_fwd=1; Q_local=0)"
FF09,GWN,3,BACKBONE,"t=216 [DEQUEUE] From Q_fwd (waited 3 TFs)"
FF09,GWN,3,BACKBONE,"t=216 [PHASE_TX] Sent CH_HELLO.1 -> FF05 (Q_fwd=0; Q_local=0)"
FF09,GWN,3,BACKBONE,"t=217 [PHASE_TX] IDLE (queues empty)"
FF09,GWN,3,BACKBONE,"t=218 [PHASE_TX] IDLE (queues empty)"
FF09,GWN,3,BACKBONE,"t=219 [PHASE_RX] Listening (Q_fwd=0; Q_local=0)"
FF09,GWN,3,BACKBONE,"t=220 [PHASE_RX] Listening (Q_fwd=0; Q_local=0)"
FF09,GWN,3,BACKBONE,"t=221 [ENC_HELLO] TX: gwCh=1; chCh=0; secCh=0; sn=0 (encrypted)"
FF09,GWN,3,BACKBONE,"t=221 [ENC_HELLO] Registry refresh #1 sent (next at t=301)"
FF09,GWN,3,BACKBONE,"t=221 [PHASE_RX] Listening (Q_fwd=0; Q_local=0)"
FF09,GWN,3,BACKBONE,"t=222 [PHASE_TX] IDLE (queues empty)"
FF09,GWN,3,BACKBONE,"t=223 [PHASE_TX] IDLE (queues empty)"
FF09,GWN,3,BACKBONE,"t=224 [PHASE_TX] IDLE (queues empty)"
FF09,GWN,3,BACKBONE,"t=225 [PHASE_RX] Listening (Q_fwd=0; Q_local=0)"
FF09,GWN,3,BACKBONE,"t=226 [PHASE_RX] Listening (Q_fwd=0; Q_local=0)"
FF09,GWN,3,BACKBONE,"t=227 [PHASE_RX] Listening (Q_fwd=0; Q_local=0)"
FF09,GWN,3,BACKBONE,"t=228 [PHASE_TX] IDLE (queues empty)"
FF09,GWN,3,BACKBONE,"t=229 [PHASE_TX] IDLE (queues empty)"
FF09,GWN,3,BACKBONE,"t=230 [PHASE_TX] IDLE (queues empty)"
FF09,GWN,3,BACKBONE,"t=230 [RX_FWD] Encrypted CMD.5 from Child FF04 -> Queue for Parent FF05"
FF09,GWN,3,BACKBONE,"t=230 [Q_FWD] Queued CMD.5 (size=1/15)"
FF09,GWN,3,BACKBONE,"t=231 [PHASE_RX] Listening (Q_fwd=1; Q_local=0)"
FF09,GWN,3,BACKBONE,"t=232 [PHASE_RX] Listening (Q_fwd=1; Q_local=0)"
FF09,GWN,3,BACKBONE,"t=233 [PHASE_RX] Listening (Q_fwd=1; Q_local=0)"
FF09,GWN,3,BACKBONE,"t=234 [DEQUEUE] From Q_fwd (waited 4 TFs)"
FF09,GWN,3,BACKBONE,"t=234 [PHASE_TX] Sent CMD.5 -> FF05 (Q_fwd=0; Q_local=0)"
FF09,GWN,3,BACKBONE,"t=235 [PHASE_TX] IDLE (queues empty)"
FF09,GWN,3,BACKBONE,"t=236 [PHASE_TX] IDLE (queues empty)"
FF09,GWN,3,BACKBONE,"t=237 [PHASE_RX] Listening (Q_fwd=0; Q_local=0)"
FF09,GWN,3,BACKBONE,"t=238 [PHASE_RX] Listening (Q_fwd=0; Q_local=0)"
FF09,GWN,3,BACKBONE,"t=239 [PHASE_RX] Listening (Q_fwd=0; Q_local=0)"
FF09,GWN,3,BACKBONE,"t=240 [PHASE_TX] IDLE (queues empty)"
FF09,GWN,3,BACKBONE,"t=241 [PHASE_TX] IDLE (queues empty)"
FF09,GWN,3,BACKBONE,"t=242 [PHASE_TX] IDLE (queues empty)"
FF09,GWN,3,BACKBONE,"t=243 [PHASE_RX] Listening (Q_fwd=0; Q_local=0)"
FF09,GWN,3,BACKBONE,"t=244 [PHASE_RX] Listening (Q_fwd=0; Q_local=0)"
FF09,GWN,3,BACKBONE,"t=245 [PHASE_RX] Listening (Q_fwd=0; Q_local=0)"
FF09,GWN,3,BACKBONE,"t=246 [PHASE_TX] IDLE (queues empty)"
FF09,GWN,3,BACKBONE,"t=247 [PHASE_TX] IDLE (queues empty)"
FF09,GWN,3,BACKBONE,"t=248 [PHASE_TX] IDLE (queues empty)"
FF09,GWN,3,BACKBONE,"t=249 [PHASE_RX] Listening (Q_fwd=0; Q_local=0)"
FF09,GWN,3,ACCESS,"t=4 [PHY] Neighbour count: 2->3"
FF09,GWN,3,ACCESS,"t=6 [PHY] Neighbour count: 4->5"
FF09,GWN,3,ACCESS,"t=7 [HELLO_TX] bcast battery=100.0%"
FF09,GWN,3,ACCESS,"t=8 [PHY] Neighbour count: 5->6"
FF09,GWN,3,ACCESS,"t=9 [PHY] Neighbour count: 6->7"
FF09,GWN,3,ACCESS,"t=10 [PHY] Neighbour count: 7->8"
FF09,GWN,3,ACCESS,"t=11 [HELLO_TX] bcast battery=100.0%"
FF09,GWN,3,ACCESS,"t=16 [PHY] Neighbour count: 9->10"
FF09,GWN,3,ACCESS,"t=17 [PHY] Neighbour count: 10->11"
FF09,GWN,3,ACCESS,"t=21 [HELLO_TX] bcast battery=100.0%"
FF09,GWN,3,ACCESS,"t=23 [PHY] Neighbour count: 11->12"
FF09,GWN,3,ACCESS,"t=27 [HELLO_TX] bcast battery=100.0%"
FF09,GWN,3,ACCESS,"t=29 [PHY] Neighbour count: 12->13"
FF09,GWN,3,ACCESS,"t=33 [HELLO_TX] bcast battery=100.0%"
FF09,GWN,3,ACCESS,"t=38 [HELLO_TX] bcast battery=100.0%"
FF09,GWN,3,ACCESS,"t=47 [HELLO_TX] bcast battery=100.0%"
FF09,GWN,3,ACCESS,"t=52 [HELLO_TX] bcast battery=100.0%"
FF09,GWN,3,ACCESS,"t=59 [PHY] Neighbour count: 14->15"
FF09,GWN,3,ACCESS,"t=61 [HELLO_TX] bcast battery=100.0%"
FF09,GWN,3,ACCESS,"t=65 [PHY] Neighbour count: 15->16"
FF09,GWN,3,ACCESS,"t=71 [HELLO_TX] bcast battery=100.0%"
FF09,GWN,3,ACCESS,"t=81 [HELLO_TX] bcast battery=100.0%"
FF09,GWN,3,ACCESS,"t=86 [HELLO_TX] bcast battery=100.0%"
FF09,GWN,3,ACCESS,"t=90 [HELLO_TX] bcast battery=100.0%"
FF09,GWN,3,ACCESS,"t=94 [HELLO_TX] bcast battery=100.0%"
FF09,GWN,3,ACCESS,"t=103 [HELLO_TX] bcast battery=100.0%"
FF09,GWN,3,ACCESS,"t=112 [HELLO_TX] bcast battery=100.0%"
FF09,GWN,3,ACCESS,"t=122 [HELLO_TX] bcast battery=100.0%"
FF09,GWN,3,ACCESS,"t=132 [HELLO_TX] bcast battery=100.0%"
FF09,GWN,3,ACCESS,"t=137 [HELLO_TX] bcast battery=100.0%"
FF09,GWN,3,ACCESS,"t=143 [HELLO_TX] bcast battery=100.0%"
FF09,GWN,3,ACCESS,"t=150 [HELLO_TX] bcast battery=100.0%"
FF09,GWN,3,ACCESS,"t=154 [PHY] Neighbour count: 16->17"
FF09,GWN,3,ACCESS,"t=157 [HELLO_TX] bcast battery=100.0%"
FF09,GWN,3,ACCESS,"t=162 [HELLO_TX] bcast battery=100.0%"
FF09,GWN,3,ACCESS,"t=172 [HELLO_TX] bcast battery=100.0%"
FF09,GWN,3,ACCESS,"t=178 [HELLO_TX] bcast battery=100.0%"
FF09,GWN,3,ACCESS,"t=182 [HELLO_TX] bcast battery=100.0%"
FF09,GWN,3,ACCESS,"t=192 [HELLO_TX] bcast battery=100.0%"
FF09,GWN,3,ACCESS,"t=199 [PHY] Neighbour count: 17->18"
FF09,GWN,3,ACCESS,"t=200 [HELLO_TX] bcast battery=100.0%"
FF09,GWN,3,ACCESS,"t=206 [HELLO_TX] bcast battery=100.0%"
FF09,GWN,3,ACCESS,"t=210 [HELLO_TX] bcast battery=100.0%"
FF09,GWN,3,ACCESS,"t=215 [HELLO_TX] bcast battery=100.0%"
FF09,GWN,3,ACCESS,"t=219 [HELLO_TX] bcast battery=100.0%"
FF09,GWN,3,ACCESS,"t=224 [HELLO_TX] bcast battery=100.0%"
FF09,GWN,3,ACCESS,"t=233 [HELLO_TX] bcast battery=100.0%"
FF09,GWN,3,ACCESS,"t=237 [HELLO_TX] bcast battery=100.0%"
FF09,GWN,3,ACCESS,"t=246 [HELLO_TX] bcast battery=100.0%"
FF09,GWN,3,UNIFIED,"t=2 [PHY] Neighbor count=1"
FF09,GWN,3,UNIFIED,"[BB] t=2 [TX] HB.0 -> <BCAST>"
FF09,GWN,3,UNIFIED,"t=3 [PHY] Neighbor count=2"
FF09,GWN,3,UNIFIED,"t=4 [PHY] Neighbour count: 2->3"
FF09,GWN,3,UNIFIED,"t=5 [PHY] Neighbor count=3"
FF09,GWN,3,UNIFIED,"t=6 [PHY] Neighbor count=4"
FF09,GWN,3,UNIFIED,"t=6 [PHY] Neighbour count: 4->5"
FF09,GWN,3,UNIFIED,"t=7 [PHY] Neighbor count=5"
FF09,GWN,3,UNIFIED,"[AC] t=7 [HELLO_TX] bcast battery=100.0%"
FF09,GWN,3,UNIFIED,"t=8 [PHY] Neighbour count: 5->6"
FF09,GWN,3,UNIFIED,"t=9 [PHY] Neighbor count=6"
FF09,GWN,3,UNIFIED,"[BB] t=9 [TX] HB.0 -> <BCAST>"
FF09,GWN,3,UNIFIED,"t=9 [PHY] Neighbour count: 6->7"
FF09,GWN,3,UNIFIED,"t=10 [PHY] Neighbor count=7"
FF09,GWN,3,UNIFIED,"t=10 [PHY] Neighbour count: 7->8"
FF09,GWN,3,UNIFIED,"t=11 [PHY] Neighbor count=8"
FF09,GWN,3,UNIFIED,"[AC] t=11 [HELLO_TX] bcast battery=100.0%"
FF09,GWN,3,UNIFIED,"t=14 [PHY] Neighbor count=9"
FF09,GWN,3,UNIFIED,"[BB] t=16 [TX] HB.0 -> <BCAST>"
FF09,GWN,3,UNIFIED,"t=16 [PHY] Neighbour count: 9->10"
FF09,GWN,3,UNIFIED,"t=17 [PHY] Neighbor count=10"
FF09,GWN,3,UNIFIED,"t=17 [PHY] Neighbour count: 10->11"
FF09,GWN,3,UNIFIED,"t=18 [PHY] Neighbor count=11"
FF09,GWN,3,UNIFIED,"[AC] t=21 [HELLO_TX] bcast battery=100.0%"
FF09,GWN,3,UNIFIED,"t=22 [STATE] BOOT→DISCOVERY (neighbors=11)"
FF09,GWN,3,UNIFIED,"[BB] t=23 [TX] HB.1 -> <BCAST>"
FF09,GWN,3,UNIFIED,"t=23 [PHY] Neighbour count: 11->12"
FF09,GWN,3,UNIFIED,"t=24 [PHY] Neighbor count=12"
FF09,GWN,3,UNIFIED,"[AC] t=27 [HELLO_TX] bcast battery=100.0%"
FF09,GWN,3,UNIFIED,"t=29 [PHY] Neighbour count: 12->13"
FF09,GWN,3,UNIFIED,"t=30 [PHY] Neighbor count=13"
FF09,GWN,3,UNIFIED,"[BB] t=30 [TX] HB.1 -> <BCAST>"
FF09,GWN,3,UNIFIED,"[AC] t=33 [HELLO_TX] bcast battery=100.0%"
FF09,GWN,3,UNIFIED,"[BB] t=37 [TX] HB.1 -> <BCAST>"
FF09,GWN,3,UNIFIED,"[AC] t=38 [HELLO_TX] bcast battery=100.0%"
FF09,GWN,3,UNIFIED,"t=39 [PHY] Neighbor count=14"
FF09,GWN,3,UNIFIED,"[BB] t=44 [TX] HB.1 -> <BCAST>"
FF09,GWN,3,UNIFIED,"[AC] t=47 [HELLO_TX] bcast battery=100.0%"
FF09,GWN,3,UNIFIED,"[BB] t=51 [TX] HB.1 -> <BCAST>"
FF09,GWN,3,UNIFIED,"[AC] t=52 [HELLO_TX] bcast battery=100.0%"
FF09,GWN,3,UNIFIED,"[BB] t=58 [TX] HB.1 -> <BCAST>"
FF09,GWN,3,UNIFIED,"t=59 [PHY] Neighbour count: 14->15"
FF09,GWN,3,UNIFIED,"t=60 [PHY] Neighbor count=15"
FF09,GWN,3,UNIFIED,"[AC] t=61 [HELLO_TX] bcast battery=100.0%"
FF09,GWN,3,UNIFIED,"[BB] t=65 [TX] HB.1 -> <BCAST>"
FF09,GWN,3,UNIFIED,"t=65 [PHY] Neighbour count: 15->16"
FF09,GWN,3,UNIFIED,"t=66 [PHY] Neighbor count=16"
FF09,GWN,3,UNIFIED,"[BB] t=66 [RX] CMD.0 <- FF05 RSSI=8.1"
FF09,GWN,3,UNIFIED,"[BB] t=66 [TX] CMD.1 -> FF05"
FF09,GWN,3,UNIFIED,"[BB] t=66 [TX] CMD.1 -> FF05"
FF09,GWN,3,UNIFIED,"[BB] t=66 [STATE] DISCOVERY -> HANDSHAKE"
FF09,GWN,3,UNIFIED,"[BB] [LOCK][SET] partner=FF05 timeout=6"
FF09,GWN,3,UNIFIED,"[BB] t=66 [HANDSHAKE] Lock set with FF05 (timer=6)"
FF09,GWN,3,UNIFIED,"[BB] t=70 [RX] CMD.2 <- FF05 RSSI=8.1"
FF09,GWN,3,UNIFIED,"[BB] [LOCK][REFRESH] partner=FF05 timeout=6"
FF09,GWN,3,UNIFIED,"[BB] [LOCK][SET] partner=FF05 timeout=6"
FF09,GWN,3,UNIFIED,"[BB] t=70 [PARENT] Set parent -> FF05"
FF09,GWN,3,UNIFIED,"[AC] t=71 [HELLO_TX] bcast battery=100.0%"
FF09,GWN,3,UNIFIED,"[BB] t=71 [RX] CMD.4 <- FF05 RSSI=8.1"
FF09,GWN,3,UNIFIED,"[BB] [LOCK][REFRESH] partner=FF05 timeout=6"
FF09,GWN,3,UNIFIED,"[BB] t=71 [PHASE] Inherited phaseOffset=0 from parent FF05"
FF09,GWN,3,UNIFIED,"[BB] t=71 [ENC_HELLO] TX: gwCh=0; chCh=0; secCh=0; sn=0 (encrypted)"
FF09,GWN,3,UNIFIED,"[BB] t=71 [TX] CMD.5 -> FF05"
FF09,GWN,3,UNIFIED,"[BB] [LOCK][CLEAR][ENC_HELLO_TX] partner=FF05"
FF09,GWN,3,UNIFIED,"[BB] t=71 [HANDSHAKE] Lock cleared (was with FF05)"
FF09,GWN,3,UNIFIED,"t=75 [RECRUIT] INIT(1/4) -> FF04"
FF09,GWN,3,UNIFIED,"[BB] [LOCK][SET] partner=FF04 timeout=6"
FF09,GWN,3,UNIFIED,"[BB] t=75 [HANDSHAKE] Lock set with FF04 (timer=6)"
FF09,GWN,3,UNIFIED,"[BB] [LOCK][SET] partner=FF04 timeout=6"
FF09,GWN,3,UNIFIED,"[BB] t=75 [TX] CMD.0 -> FF04"
FF09,GWN,3,UNIFIED,"[BB] t=77 [RX] CMD.1 <- FF04 RSSI=1.2"
FF09,GWN,3,UNIFIED,"[BB] [LOCK][REFRESH] partner=FF04 timeout=6"
FF09,GWN,3,UNIFIED,"[BB] t=77 [TX] CMD.2 -> FF04"
FF09,GWN,3,UNIFIED,"[BB] [LOCK][REFRESH] partner=FF04 timeout=6"
FF09,GWN,3,UNIFIED,"[BB] t=77 [HANDSHAKE] FF04 added to pendingChildren (awaiting ENC_HELLO)"
FF09,GWN,3,UNIFIED,"[BB] t=77 [TX] CMD.4 -> FF04"
FF09,GWN,3,UNIFIED,"[BB] t=77 [PHASE] Sending phaseOffset=1 to child FF04 (self=0)"
FF09,GWN,3,UNIFIED,"[BB] [LOCK][REFRESH] partner=FF04 timeout=6"
FF09,GWN,3,UNIFIED,"[BB] [LOCK][SET] partner=FF04 timeout=6"
FF09,GWN,3,UNIFIED,"[BB] t=81 [ENC_HELLO] TX: gwCh=0; chCh=0; secCh=0; sn=0 (encrypted)"
FF09,GWN,3,UNIFIED,"[BB] t=81 [ENC_HELLO] Retry 1/3 sent (next at t=101)"
FF09,GWN,3,UNIFIED,"[AC] t=81 [HELLO_TX] bcast battery=100.0%"
FF09,GWN,3,UNIFIED,"[BB] t=82 [RX] CMD.5 <- FF04 RSSI=1.2"
FF09,GWN,3,UNIFIED,"[BB] t=82 [HANDSHAKE] FF04 promoted to children (ENC_HELLO received)"
FF09,GWN,3,UNIFIED,"[BB] [LOCK][CLEAR][ENC_HELLO_RX] partner=FF04"
FF09,GWN,3,UNIFIED,"[BB] t=82 [TX] CMD.5 -> FF05"
FF09,GWN,3,UNIFIED,"[BB] t=82 [HANDSHAKE] Lock cleared (was with FF04)"
FF09,GWN,3,UNIFIED,"[BB] t=82 [RETRY] Reset retry state for FF04 (now child)"
FF09,GWN,3,UNIFIED,"[BB] t=82 [STATE] HANDSHAKE -> SECURE"
FF09,GWN,3,UNIFIED,"[AC] t=86 [HELLO_TX] bcast battery=100.0%"
FF09,GWN,3,UNIFIED,"[BB] t=86 [RX] CMD.0 <- FF06 RSSI=0.4"
FF09,GWN,3,UNIFIED,"[BB] t=86 [TX] CMD.3 -> FF06"
FF09,GWN,3,UNIFIED,"t=86 [REJ_PARENT] → FF06"
FF09,GWN,3,UNIFIED,"[AC] t=90 [HELLO_TX] bcast battery=100.0%"
FF09,GWN,3,UNIFIED,"[BB] t=90 [RX_FWD] Encrypted CMD.5 from Child FF04 -> Queue for Parent FF05"
FF09,GWN,3,UNIFIED,"[BB] t=90 [Q_FWD] Queued CMD.5 (size=1/15)"
FF09,GWN,3,UNIFIED,"[AC] t=94 [HELLO_TX] bcast battery=100.0%"
FF09,GWN,3,UNIFIED,"[BB] t=101 [ENC_HELLO] TX: gwCh=1; chCh=0; secCh=0; sn=0 (encrypted)"
FF09,GWN,3,UNIFIED,"[BB] t=101 [ENC_HELLO] Retry 2/3 sent (next at t=141)"
FF09,GWN,3,UNIFIED,"[AC] t=103 [HELLO_TX] bcast battery=100.0%"
FF09,GWN,3,UNIFIED,"[BB] t=110 [RX_FWD] Encrypted CMD.5 from Child FF04 -> Queue for Parent FF05"
FF09,GWN,3,UNIFIED,"[BB] t=110 [Q_FWD] Queued CMD.5 (size=2/15)"
FF09,GWN,3,UNIFIED,"[AC] t=112 [HELLO_TX] bcast battery=100.0%"
FF09,GWN,3,UNIFIED,"[AC] t=122 [HELLO_TX] bcast battery=100.0%"
FF09,GWN,3,UNIFIED,"[AC] t=132 [HELLO_TX] bcast battery=100.0%"
FF09,GWN,3,UNIFIED,"[AC] t=137 [HELLO_TX] bcast battery=100.0%"
FF09,GWN,3,UNIFIED,"[BB] t=141 [ENC_HELLO] TX: gwCh=1; chCh=0; secCh=0; sn=0 (encrypted)"
FF09,GWN,3,UNIFIED,"[BB] t=141 [ENC_HELLO] Retry 3/3 sent (next at t=221)"
FF09,GWN,3,UNIFIED,"[AC] t=143 [HELLO_TX] bcast battery=100.0%"
FF09,GWN,3,UNIFIED,"[AC] t=150 [HELLO_TX] bcast battery=100.0%"
FF09,GWN,3,UNIFIED,"[BB] t=150 [RX_FWD] Encrypted CMD.5 from Child FF04 -> Queue for Parent FF05"
FF09,GWN,3,UNIFIED,"[BB] t=150 [Q_FWD] Queued CMD.5 (size=3/15)"
FF09,GWN,3,UNIFIED,"t=154 [PHY] Neighbour count: 16->17"
FF09,GWN,3,UNIFIED,"t=155 [PHY] Neighbor count=17"
FF09,GWN,3,UNIFIED,"[AC] t=157 [HELLO_TX] bcast battery=100.0%"
FF09,GWN,3,UNIFIED,"[AC] t=162 [HELLO_TX] bcast battery=100.0%"
FF09,GWN,3,UNIFIED,"[AC] t=172 [HELLO_TX] bcast battery=100.0%"
FF09,GWN,3,UNIFIED,"[AC] t=178 [HELLO_TX] bcast battery=100.0%"
FF09,GWN,3,UNIFIED,"[AC] t=182 [HELLO_TX] bcast battery=100.0%"
FF09,GWN,3,UNIFIED,"[AC] t=192 [HELLO_TX] bcast battery=100.0%"
FF09,GWN,3,UNIFIED,"t=199 [PHY] Neighbour count: 17->18"
FF09,GWN,3,UNIFIED,"t=200 [PHY] Neighbor count=18"
FF09,GWN,3,UNIFIED,"[BB] t=200 [DEQUEUE] From Q_fwd (waited 110 TFs)"
FF09,GWN,3,UNIFIED,"[BB] t=200 [PHASE_TX] Sent CMD.5 -> FF05 (Q_fwd=2; Q_local=0)"
FF09,GWN,3,UNIFIED,"[AC] t=200 [HELLO_TX] bcast battery=100.0%"
FF09,GWN,3,UNIFIED,"[BB] t=201 [PHASE_RX] Listening (Q_fwd=2; Q_local=0)"
FF09,GWN,3,UNIFIED,"[BB] t=202 [PHASE_RX] Listening (Q_fwd=2; Q_local=0)"
FF09,GWN,3,UNIFIED,"[BB] t=203 [PHASE_RX] Listening (Q_fwd=2; Q_local=0)"
FF09,GWN,3,UNIFIED,"[BB] t=204 [DEQUEUE] From Q_fwd (waited 94 TFs)"
FF09,GWN,3,UNIFIED,"[BB] t=204 [PHASE_TX] Sent CMD.5 -> FF05 (Q_fwd=1; Q_local=0)"
FF09,GWN,3,UNIFIED,"[BB] t=205 [DEQUEUE] From Q_fwd (waited 55 TFs)"
FF09,GWN,3,UNIFIED,"[BB] t=205 [PHASE_TX] Sent CMD.5 -> FF05 (Q_fwd=0; Q_local=0)"
FF09,GWN,3,UNIFIED,"[BB] t=206 [PHASE_TX] IDLE (queues empty)"
FF09,GWN,3,UNIFIED,"[AC] t=206 [HELLO_TX] bcast battery=100.0%"
FF09,GWN,3,UNIFIED,"[BB] t=207 [PHASE_RX] Listening (Q_fwd=0; Q_local=0)"
FF09,GWN,3,UNIFIED,"[BB] t=208 [PHASE_RX] Listening (Q_fwd=0; Q_local=0)"
FF09,GWN,3,UNIFIED,"[BB] t=209 [PHASE_RX] Listening (Q_fwd=0; Q_local=0)"
FF09,GWN,3,UNIFIED,"[BB] t=210 [PHASE_TX] IDLE (queues empty)"
FF09,GWN,3,UNIFIED,"[AC] t=210 [HELLO_TX] bcast battery=100.0%"
FF09,GWN,3,UNIFIED,"[BB] t=211 [PHASE_TX] IDLE (queues empty)"
FF09,GWN,3,UNIFIED,"[BB] t=212 [PHASE_TX] IDLE (queues empty)"
FF09,GWN,3,UNIFIED,"[BB] t=213 [PHASE_RX] Listening (Q_fwd=0; Q_local=0)"
FF09,GWN,3,UNIFIED,"[BB] t=213 [RX_FWD] Encrypted CH_HELLO.1 from Child FF04 -> Queue for Parent FF05"
FF09,GWN,3,UNIFIED,"[BB] t=213 [Q_FWD] Queued CH_HELLO.1 (size=1/15)"
FF09,GWN,3,UNIFIED,"[BB] t=214 [PHASE_RX] Listening (Q_fwd=1; Q_local=0)"
FF09,GWN,3,UNIFIED,"[BB] t=215 [PHASE_RX] Listening (Q_fwd=1; Q_local=0)"
FF09,GWN,3,UNIFIED,"[AC] t=215 [HELLO_TX] bcast battery=100.0%"
FF09,GWN,3,UNIFIED,"[BB] t=216 [DEQUEUE] From Q_fwd (waited 3 TFs)"
FF09,GWN,3,UNIFIED,"[BB] t=216 [PHASE_TX] Sent CH_HELLO.1 -> FF05 (Q_fwd=0; Q_local=0)"
FF09,GWN,3,UNIFIED,"[BB] t=217 [PHASE_TX] IDLE (queues empty)"
FF09,GWN,3,UNIFIED,"[BB] t=218 [PHASE_TX] IDLE (queues empty)"
FF09,GWN,3,UNIFIED,"[BB] t=219 [PHASE_RX] Listening (Q_fwd=0; Q_local=0)"
FF09,GWN,3,UNIFIED,"[AC] t=219 [HELLO_TX] bcast battery=100.0%"
FF09,GWN,3,UNIFIED,"[BB] t=220 [PHASE_RX] Listening (Q_fwd=0; Q_local=0)"
FF09,GWN,3,UNIFIED,"[BB] t=221 [ENC_HELLO] TX: gwCh=1; chCh=0; secCh=0; sn=0 (encrypted)"
FF09,GWN,3,UNIFIED,"[BB] t=221 [ENC_HELLO] Registry refresh #1 sent (next at t=301)"
FF09,GWN,3,UNIFIED,"[BB] t=221 [PHASE_RX] Listening (Q_fwd=0; Q_local=0)"
FF09,GWN,3,UNIFIED,"[BB] t=222 [PHASE_TX] IDLE (queues empty)"
FF09,GWN,3,UNIFIED,"[BB] t=223 [PHASE_TX] IDLE (queues empty)"
FF09,GWN,3,UNIFIED,"[BB] t=224 [PHASE_TX] IDLE (queues empty)"
FF09,GWN,3,UNIFIED,"[AC] t=224 [HELLO_TX] bcast battery=100.0%"
FF09,GWN,3,UNIFIED,"[BB] t=225 [PHASE_RX] Listening (Q_fwd=0; Q_local=0)"
FF09,GWN,3,UNIFIED,"[BB] t=226 [PHASE_RX] Listening (Q_fwd=0; Q_local=0)"
FF09,GWN,3,UNIFIED,"[BB] t=227 [PHASE_RX] Listening (Q_fwd=0; Q_local=0)"
FF09,GWN,3,UNIFIED,"[BB] t=228 [PHASE_TX] IDLE (queues empty)"
FF09,GWN,3,UNIFIED,"[BB] t=229 [PHASE_TX] IDLE (queues empty)"
FF09,GWN,3,UNIFIED,"[BB] t=230 [PHASE_TX] IDLE (queues empty)"
FF09,GWN,3,UNIFIED,"[BB] t=230 [RX_FWD] Encrypted CMD.5 from Child FF04 -> Queue for Parent FF05"
FF09,GWN,3,UNIFIED,"[BB] t=230 [Q_FWD] Queued CMD.5 (size=1/15)"
FF09,GWN,3,UNIFIED,"[BB] t=231 [PHASE_RX] Listening (Q_fwd=1; Q_local=0)"
FF09,GWN,3,UNIFIED,"[BB] t=232 [PHASE_RX] Listening (Q_fwd=1; Q_local=0)"
FF09,GWN,3,UNIFIED,"[BB] t=233 [PHASE_RX] Listening (Q_fwd=1; Q_local=0)"
FF09,GWN,3,UNIFIED,"[AC] t=233 [HELLO_TX] bcast battery=100.0%"
FF09,GWN,3,UNIFIED,"[BB] t=234 [DEQUEUE] From Q_fwd (waited 4 TFs)"
FF09,GWN,3,UNIFIED,"[BB] t=234 [PHASE_TX] Sent CMD.5 -> FF05 (Q_fwd=0; Q_local=0)"
FF09,GWN,3,UNIFIED,"[BB] t=235 [PHASE_TX] IDLE (queues empty)"
FF09,GWN,3,UNIFIED,"[BB] t=236 [PHASE_TX] IDLE (queues empty)"
FF09,GWN,3,UNIFIED,"[BB] t=237 [PHASE_RX] Listening (Q_fwd=0; Q_local=0)"
FF09,GWN,3,UNIFIED,"[AC] t=237 [HELLO_TX] bcast battery=100.0%"
FF09,GWN,3,UNIFIED,"[BB] t=238 [PHASE_RX] Listening (Q_fwd=0; Q_local=0)"
FF09,GWN,3,UNIFIED,"[BB] t=239 [PHASE_RX] Listening (Q_fwd=0; Q_local=0)"
FF09,GWN,3,UNIFIED,"[BB] t=240 [PHASE_TX] IDLE (queues empty)"
FF09,GWN,3,UNIFIED,"[BB] t=241 [PHASE_TX] IDLE (queues empty)"
FF09,GWN,3,UNIFIED,"[BB] t=242 [PHASE_TX] IDLE (queues empty)"
FF09,GWN,3,UNIFIED,"[BB] t=243 [PHASE_RX] Listening (Q_fwd=0; Q_local=0)"
FF09,GWN,3,UNIFIED,"[BB] t=244 [PHASE_RX] Listening (Q_fwd=0; Q_local=0)"
FF09,GWN,3,UNIFIED,"[BB] t=245 [PHASE_RX] Listening (Q_fwd=0; Q_local=0)"
FF09,GWN,3,UNIFIED,"[BB] t=246 [PHASE_TX] IDLE (queues empty)"
FF09,GWN,3,UNIFIED,"[AC] t=246 [HELLO_TX] bcast battery=100.0%"
FF09,GWN,3,UNIFIED,"[BB] t=247 [PHASE_TX] IDLE (queues empty)"
FF09,GWN,3,UNIFIED,"[BB] t=248 [PHASE_TX] IDLE (queues empty)"
FF09,GWN,3,UNIFIED,"[BB] t=249 [PHASE_RX] Listening (Q_fwd=0; Q_local=0)"
FF0A,GWN,3,BACKBONE,"t=4 [PHY] Neighbour count: 3->4"
FF0A,GWN,3,BACKBONE,"t=6 [TX] HB.0 -> <BCAST>"
FF0A,GWN,3,BACKBONE,"t=6 [PHY] Neighbour count: 4->5"
FF0A,GWN,3,BACKBONE,"t=7 [PHY] Neighbour count: 5->6"
FF0A,GWN,3,BACKBONE,"t=8 [PHY] Neighbour count: 6->7"
FF0A,GWN,3,BACKBONE,"t=9 [PHY] Neighbour count: 7->8"
FF0A,GWN,3,BACKBONE,"t=10 [PHY] Neighbour count: 8->9"
FF0A,GWN,3,BACKBONE,"t=11 [PHY] Neighbour count: 9->10"
FF0A,GWN,3,BACKBONE,"t=13 [TX] HB.0 -> <BCAST>"
FF0A,GWN,3,BACKBONE,"t=16 [PHY] Neighbour count: 10->11"
FF0A,GWN,3,BACKBONE,"t=18 [PHY] Neighbour count: 11->12"
FF0A,GWN,3,BACKBONE,"t=20 [TX] HB.0 -> <BCAST>"
FF0A,GWN,3,BACKBONE,"t=22 [RX] CMD.0 <- FF03 RSSI=1.1"
FF0A,GWN,3,BACKBONE,"t=22 [TX] CMD.1 -> FF03"
FF0A,GWN,3,BACKBONE,"t=22 [TX] CMD.1 -> FF03"
FF0A,GWN,3,BACKBONE,"t=22 [STATE] DISCOVERY -> HANDSHAKE"
FF0A,GWN,3,BACKBONE,"[LOCK][SET] partner=FF03 timeout=6"
FF0A,GWN,3,BACKBONE,"t=22 [HANDSHAKE] Lock set with FF03 (timer=6)"
FF0A,GWN,3,BACKBONE,"t=26 [RX] CMD.2 <- FF03 RSSI=1.1"
FF0A,GWN,3,BACKBONE,"[LOCK][REFRESH] partner=FF03 timeout=6"
FF0A,GWN,3,BACKBONE,"[LOCK][SET] partner=FF03 timeout=6"
FF0A,GWN,3,BACKBONE,"t=26 [PARENT] Set parent -> FF03"
FF0A,GWN,3,BACKBONE,"t=27 [RX] CMD.4 <- FF03 RSSI=1.1"
FF0A,GWN,3,BACKBONE,"[LOCK][REFRESH] partner=FF03 timeout=6"
FF0A,GWN,3,BACKBONE,"t=27 [PHASE] Inherited phaseOffset=1 from parent FF03"
FF0A,GWN,3,BACKBONE,"t=27 [ENC_HELLO] TX: gwCh=0; chCh=0; secCh=0; sn=0 (encrypted)"
FF0A,GWN,3,BACKBONE,"t=27 [TX] CMD.5 -> FF03"
FF0A,GWN,3,BACKBONE,"[LOCK][CLEAR][ENC_HELLO_TX] partner=FF03"
FF0A,GWN,3,BACKBONE,"t=27 [HANDSHAKE] Lock cleared (was with FF03)"
FF0A,GWN,3,BACKBONE,"t=29 [PHY] Neighbour count: 13->14"
FF0A,GWN,3,BACKBONE,"[LOCK][SET] partner=FF08 timeout=6"
FF0A,GWN,3,BACKBONE,"t=31 [HANDSHAKE] Lock set with FF08 (timer=6)"
FF0A,GWN,3,BACKBONE,"[LOCK][SET] partner=FF08 timeout=6"
FF0A,GWN,3,BACKBONE,"t=31 [TX] CMD.0 -> FF08"
FF0A,GWN,3,BACKBONE,"t=33 [RX] CMD.1 <- FF08 RSSI=12.8"
FF0A,GWN,3,BACKBONE,"[LOCK][REFRESH] partner=FF08 timeout=6"
FF0A,GWN,3,BACKBONE,"t=33 [TX] CMD.2 -> FF08"
FF0A,GWN,3,BACKBONE,"[LOCK][REFRESH] partner=FF08 timeout=6"
FF0A,GWN,3,BACKBONE,"t=33 [HANDSHAKE] FF08 added to pendingChildren (awaiting ENC_HELLO)"
FF0A,GWN,3,BACKBONE,"t=33 [TX] CMD.4 -> FF08"
FF0A,GWN,3,BACKBONE,"t=33 [PHASE] Sending phaseOffset=0 to child FF08 (self=1)"
FF0A,GWN,3,BACKBONE,"[LOCK][REFRESH] partner=FF08 timeout=6"
FF0A,GWN,3,BACKBONE,"[LOCK][SET] partner=FF08 timeout=6"
FF0A,GWN,3,BACKBONE,"t=37 [ENC_HELLO] TX: gwCh=0; chCh=0; secCh=0; sn=0 (encrypted)"
FF0A,GWN,3,BACKBONE,"t=37 [ENC_HELLO] Retry 1/3 sent (next at t=57)"
FF0A,GWN,3,BACKBONE,"t=38 [RX] CMD.5 <- FF08 RSSI=12.8"
FF0A,GWN,3,BACKBONE,"t=38 [HANDSHAKE] FF08 promoted to children (ENC_HELLO received)"
FF0A,GWN,3,BACKBONE,"[LOCK][CLEAR][ENC_HELLO_RX] partner=FF08"
FF0A,GWN,3,BACKBONE,"t=38 [TX] CMD.5 -> FF03"
FF0A,GWN,3,BACKBONE,"t=38 [HANDSHAKE] Lock cleared (was with FF08)"
FF0A,GWN,3,BACKBONE,"t=38 [RETRY] Reset retry state for FF08 (now child)"
FF0A,GWN,3,BACKBONE,"t=38 [STATE] HANDSHAKE -> SECURE"
FF0A,GWN,3,BACKBONE,"t=39 [PHY] Neighbour count: 14->15"
FF0A,GWN,3,BACKBONE,"t=44 [PHY] Neighbour count: 15->16"
FF0A,GWN,3,BACKBONE,"t=46 [RX_FWD] Encrypted CMD.5 from Child FF08 -> Queue for Parent FF03"
FF0A,GWN,3,BACKBONE,"t=46 [Q_FWD] Queued CMD.5 (size=1/15)"
FF0A,GWN,3,BACKBONE,"t=57 [ENC_HELLO] TX: gwCh=1; chCh=0; secCh=0; sn=0 (encrypted)"
FF0A,GWN,3,BACKBONE,"t=57 [ENC_HELLO] Retry 2/3 sent (next at t=97)"
FF0A,GWN,3,BACKBONE,"t=57 [PHY] Neighbour count: 16->17"
FF0A,GWN,3,BACKBONE,"t=59 [RX_FWD] Encrypted CMD.5 from Child FF08 -> Queue for Parent FF03"
FF0A,GWN,3,BACKBONE,"t=59 [Q_FWD] Queued CMD.5 (size=2/15)"
FF0A,GWN,3,BACKBONE,"t=61 [PHY] Neighbour count: 17->18"
FF0A,GWN,3,BACKBONE,"t=66 [RX_FWD] Encrypted CMD.5 from Child FF08 -> Queue for Parent FF03"
FF0A,GWN,3,BACKBONE,"t=66 [Q_FWD] Queued CMD.5 (size=3/15)"
FF0A,GWN,3,BACKBONE,"t=67 [PHY] Neighbour count: 18->19"
FF0A,GWN,3,BACKBONE,"t=76 [PHY] Neighbour count: 19->20"
FF0A,GWN,3,BACKBONE,"t=97 [ENC_HELLO] TX: gwCh=1; chCh=0; secCh=0; sn=0 (encrypted)"
FF0A,GWN,3,BACKBONE,"t=97 [ENC_HELLO] Retry 3/3 sent (next at t=177)"
FF0A,GWN,3,BACKBONE,"t=106 [RX_FWD] Encrypted CMD.5 from Child FF08 -> Queue for Parent FF03"
FF0A,GWN,3,BACKBONE,"t=106 [Q_FWD] Queued CMD.5 (size=4/15)"
FF0A,GWN,3,BACKBONE,"t=122 [PHY] Neighbour count: 20->21"
FF0A,GWN,3,BACKBONE,"t=130 [PHY] Neighbour count: 21->22"
FF0A,GWN,3,BACKBONE,"t=152 [PHY] Neighbour count: 22->23"
FF0A,GWN,3,BACKBONE,"t=177 [ENC_HELLO] TX: gwCh=1; chCh=0; secCh=0; sn=0 (encrypted)"
FF0A,GWN,3,BACKBONE,"t=177 [ENC_HELLO] Registry refresh #1 sent (next at t=257)"
FF0A,GWN,3,BACKBONE,"t=186 [RX_FWD] Encrypted CMD.5 from Child FF08 -> Queue for Parent FF03"
FF0A,GWN,3,BACKBONE,"t=186 [Q_FWD] Queued CMD.5 (size=5/15)"
FF0A,GWN,3,BACKBONE,"t=200 [PHASE_RX] Listening (Q_fwd=5; Q_local=0)"
FF0A,GWN,3,BACKBONE,"t=200 [RX_FWD] Encrypted CMD.5 from Child FF08 -> Queue for Parent FF03"
FF0A,GWN,3,BACKBONE,"t=200 [Q_FWD] Queued CMD.5 (size=6/15)"
FF0A,GWN,3,BACKBONE,"t=201 [DEQUEUE] From Q_fwd (waited 155 TFs)"
FF0A,GWN,3,BACKBONE,"t=201 [PHASE_TX] Sent CMD.5 -> FF03 (Q_fwd=5; Q_local=0)"
FF0A,GWN,3,BACKBONE,"t=202 [DEQUEUE] From Q_fwd (waited 143 TFs)"
FF0A,GWN,3,BACKBONE,"t=202 [PHASE_TX] Sent CMD.5 -> FF03 (Q_fwd=4; Q_local=0)"
FF0A,GWN,3,BACKBONE,"t=203 [DEQUEUE] From Q_fwd (waited 137 TFs)"
FF0A,GWN,3,BACKBONE,"t=203 [PHASE_TX] Sent CMD.5 -> FF03 (Q_fwd=3; Q_local=0)"
FF0A,GWN,3,BACKBONE,"t=204 [PHASE_RX] Listening (Q_fwd=3; Q_local=0)"
FF0A,GWN,3,BACKBONE,"t=204 [RX_FWD] Encrypted CMD.5 from Child FF08 -> Queue for Parent FF03"
FF0A,GWN,3,BACKBONE,"t=204 [Q_FWD] Queued CMD.5 (size=4/15)"
FF0A,GWN,3,BACKBONE,"t=205 [PHASE_RX] Listening (Q_fwd=4; Q_local=0)"
FF0A,GWN,3,BACKBONE,"t=205 [RX_FWD] Encrypted CMD.5 from Child FF08 -> Queue for Parent FF03"
FF0A,GWN,3,BACKBONE,"t=205 [Q_FWD] Queued CMD.5 (size=5/15)"
FF0A,GWN,3,BACKBONE,"t=206 [PHASE_RX] Listening (Q_fwd=5; Q_local=0)"
FF0A,GWN,3,BACKBONE,"t=206 [RX_FWD] Encrypted CMD.5 from Child FF08 -> Queue for Parent FF03"
FF0A,GWN,3,BACKBONE,"t=206 [Q_FWD] Queued CMD.5 (size=6/15)"
FF0A,GWN,3,BACKBONE,"t=207 [DEQUEUE] From Q_fwd (waited 101 TFs)"
FF0A,GWN,3,BACKBONE,"t=207 [PHASE_TX] Sent CMD.5 -> FF03 (Q_fwd=5; Q_local=0)"
FF0A,GWN,3,BACKBONE,"t=208 [DEQUEUE] From Q_fwd (waited 22 TFs)"
FF0A,GWN,3,BACKBONE,"t=208 [PHASE_TX] Sent CMD.5 -> FF03 (Q_fwd=4; Q_local=0)"
FF0A,GWN,3,BACKBONE,"t=209 [DEQUEUE] From Q_fwd (waited 9 TFs)"
FF0A,GWN,3,BACKBONE,"t=209 [PHASE_TX] Sent CMD.5 -> FF03 (Q_fwd=3; Q_local=0)"
FF0A,GWN,3,BACKBONE,"t=210 [PHASE_RX] Listening (Q_fwd=3; Q_local=0)"
FF0A,GWN,3,BACKBONE,"t=210 [RX_FWD] Encrypted CMD.5 from Child FF08 -> Queue for Parent FF03"
FF0A,GWN,3,BACKBONE,"t=210 [Q_FWD] Queued CMD.5 (size=4/15)"
FF0A,GWN,3,BACKBONE,"t=211 [PHASE_RX] Listening (Q_fwd=4; Q_local=0)"
FF0A,GWN,3,BACKBONE,"t=211 [RX_FWD] Encrypted CMD.5 from Child FF08 -> Queue for Parent FF03"
FF0A,GWN,3,BACKBONE,"t=211 [Q_FWD] Queued CMD.5 (size=5/15)"
FF0A,GWN,3,BACKBONE,"t=212 [PHASE_RX] Listening (Q_fwd=5; Q_local=0)"
FF0A,GWN,3,BACKBONE,"t=212 [RX_FWD] Encrypted HB.3 from Child FF08 -> Queue for Parent FF03"
FF0A,GWN,3,BACKBONE,"t=212 [Q_FWD] Queued HB.3 (size=6/15)"
FF0A,GWN,3,BACKBONE,"t=213 [DEQUEUE] From Q_fwd (waited 9 TFs)"
FF0A,GWN,3,BACKBONE,"t=213 [PHASE_TX] Sent CMD.5 -> FF03 (Q_fwd=5; Q_local=0)"
FF0A,GWN,3,BACKBONE,"t=214 [DEQUEUE] From Q_fwd (waited 9 TFs)"
FF0A,GWN,3,BACKBONE,"t=214 [PHASE_TX] Sent CMD.5 -> FF03 (Q_fwd=4; Q_local=0)"
FF0A,GWN,3,BACKBONE,"t=215 [DEQUEUE] From Q_fwd (waited 9 TFs)"
FF0A,GWN,3,BACKBONE,"t=215 [PHASE_TX] Sent CMD.5 -> FF03 (Q_fwd=3; Q_local=0)"
FF0A,GWN,3,BACKBONE,"t=216 [PHASE_RX] Listening (Q_fwd=3; Q_local=0)"
FF0A,GWN,3,BACKBONE,"t=216 [RX_FWD] Encrypted CMD.5 from Child FF08 -> Queue for Parent FF03"
FF0A,GWN,3,BACKBONE,"t=216 [Q_FWD] Queued CMD.5 (size=4/15)"
FF0A,GWN,3,BACKBONE,"t=217 [PHASE_RX] Listening (Q_fwd=4; Q_local=0)"
FF0A,GWN,3,BACKBONE,"t=217 [RX_FWD] Encrypted CMD.5 from Child FF08 -> Queue for Parent FF03"
FF0A,GWN,3,BACKBONE,"t=217 [Q_FWD] Queued CMD.5 (size=5/15)"
FF0A,GWN,3,BACKBONE,"t=218 [PHASE_RX] Listening (Q_fwd=5; Q_local=0)"
FF0A,GWN,3,BACKBONE,"t=218 [RX_FWD] Encrypted CMD.5 from Child FF08 -> Queue for Parent FF03"
FF0A,GWN,3,BACKBONE,"t=218 [Q_FWD] Queued CMD.5 (size=6/15)"
FF0A,GWN,3,BACKBONE,"t=219 [DEQUEUE] From Q_fwd (waited 9 TFs)"
FF0A,GWN,3,BACKBONE,"t=219 [PHASE_TX] Sent CMD.5 -> FF03 (Q_fwd=5; Q_local=0)"
FF0A,GWN,3,BACKBONE,"t=220 [DEQUEUE] From Q_fwd (waited 9 TFs)"
FF0A,GWN,3,BACKBONE,"t=220 [PHASE_TX] Sent CMD.5 -> FF03 (Q_fwd=4; Q_local=0)"
FF0A,GWN,3,BACKBONE,"t=221 [DEQUEUE] From Q_fwd (waited 9 TFs)"
FF0A,GWN,3,BACKBONE,"t=221 [PHASE_TX] Sent HB.3 -> FF03 (Q_fwd=3; Q_local=0)"
FF0A,GWN,3,BACKBONE,"t=222 [PHASE_RX] Listening (Q_fwd=3; Q_local=0)"
FF0A,GWN,3,BACKBONE,"t=222 [RX_FWD] Encrypted CMD.5 from Child FF08 -> Queue for Parent FF03"
FF0A,GWN,3,BACKBONE,"t=222 [Q_FWD] Queued CMD.5 (size=4/15)"
FF0A,GWN,3,BACKBONE,"t=223 [PHASE_RX] Listening (Q_fwd=4; Q_local=0)"
FF0A,GWN,3,BACKBONE,"t=223 [RX_FWD] Encrypted CMD.5 from Child FF08 -> Queue for Parent FF03"
FF0A,GWN,3,BACKBONE,"t=223 [Q_FWD] Queued CMD.5 (size=5/15)"
FF0A,GWN,3,BACKBONE,"t=224 [PHASE_RX] Listening (Q_fwd=5; Q_local=0)"
FF0A,GWN,3,BACKBONE,"t=224 [RX_FWD] Encrypted CMD.5 from Child FF08 -> Queue for Parent FF03"
FF0A,GWN,3,BACKBONE,"t=224 [Q_FWD] Queued CMD.5 (size=6/15)"
FF0A,GWN,3,BACKBONE,"t=225 [DEQUEUE] From Q_fwd (waited 9 TFs)"
FF0A,GWN,3,BACKBONE,"t=225 [PHASE_TX] Sent CMD.5 -> FF03 (Q_fwd=5; Q_local=0)"
FF0A,GWN,3,BACKBONE,"t=226 [DEQUEUE] From Q_fwd (waited 9 TFs)"
FF0A,GWN,3,BACKBONE,"t=226 [PHASE_TX] Sent CMD.5 -> FF03 (Q_fwd=4; Q_local=0)"
FF0A,GWN,3,BACKBONE,"t=227 [DEQUEUE] From Q_fwd (waited 9 TFs)"
FF0A,GWN,3,BACKBONE,"t=227 [PHASE_TX] Sent CMD.5 -> FF03 (Q_fwd=3; Q_local=0)"
FF0A,GWN,3,BACKBONE,"t=228 [PHASE_RX] Listening (Q_fwd=3; Q_local=0)"
FF0A,GWN,3,BACKBONE,"t=228 [RX_FWD] Encrypted CMD.5 from Child FF08 -> Queue for Parent FF03"
FF0A,GWN,3,BACKBONE,"t=228 [Q_FWD] Queued CMD.5 (size=4/15)"
FF0A,GWN,3,BACKBONE,"t=229 [PHASE_RX] Listening (Q_fwd=4; Q_local=0)"
FF0A,GWN,3,BACKBONE,"t=229 [RX_FWD] Encrypted CMD.5 from Child FF08 -> Queue for Parent FF03"
FF0A,GWN,3,BACKBONE,"t=229 [Q_FWD] Queued CMD.5 (size=5/15)"
FF0A,GWN,3,BACKBONE,"t=230 [PHASE_RX] Listening (Q_fwd=5; Q_local=0)"
FF0A,GWN,3,BACKBONE,"t=230 [RX_FWD] Encrypted CMD.5 from Child FF08 -> Queue for Parent FF03"
FF0A,GWN,3,BACKBONE,"t=230 [Q_FWD] Queued CMD.5 (size=6/15)"
FF0A,GWN,3,BACKBONE,"t=231 [DEQUEUE] From Q_fwd (waited 9 TFs)"
FF0A,GWN,3,BACKBONE,"t=231 [PHASE_TX] Sent CMD.5 -> FF03 (Q_fwd=5; Q_local=0)"
FF0A,GWN,3,BACKBONE,"t=232 [DEQUEUE] From Q_fwd (waited 9 TFs)"
FF0A,GWN,3,BACKBONE,"t=232 [PHASE_TX] Sent CMD.5 -> FF03 (Q_fwd=4; Q_local=0)"
FF0A,GWN,3,BACKBONE,"t=233 [DEQUEUE] From Q_fwd (waited 9 TFs)"
FF0A,GWN,3,BACKBONE,"t=233 [PHASE_TX] Sent CMD.5 -> FF03 (Q_fwd=3; Q_local=0)"
FF0A,GWN,3,BACKBONE,"t=234 [PHASE_RX] Listening (Q_fwd=3; Q_local=0)"
FF0A,GWN,3,BACKBONE,"t=234 [RX_FWD] Encrypted CH_HELLO.1 from Child FF08 -> Queue for Parent FF03"
FF0A,GWN,3,BACKBONE,"t=234 [Q_FWD] Queued CH_HELLO.1 (size=4/15)"
FF0A,GWN,3,BACKBONE,"t=235 [PHASE_RX] Listening (Q_fwd=4; Q_local=0)"
FF0A,GWN,3,BACKBONE,"t=236 [PHASE_RX] Listening (Q_fwd=4; Q_local=0)"
FF0A,GWN,3,BACKBONE,"t=237 [DEQUEUE] From Q_fwd (waited 9 TFs)"
FF0A,GWN,3,BACKBONE,"t=237 [PHASE_TX] Sent CMD.5 -> FF03 (Q_fwd=3; Q_local=0)"
FF0A,GWN,3,BACKBONE,"t=238 [DEQUEUE] From Q_fwd (waited 9 TFs)"
FF0A,GWN,3,BACKBONE,"t=238 [PHASE_TX] Sent CMD.5 -> FF03 (Q_fwd=2; Q_local=0)"
FF0A,GWN,3,BACKBONE,"t=239 [DEQUEUE] From Q_fwd (waited 9 TFs)"
FF0A,GWN,3,BACKBONE,"t=239 [PHASE_TX] Sent CMD.5 -> FF03 (Q_fwd=1; Q_local=0)"
FF0A,GWN,3,BACKBONE,"t=240 [PHASE_RX] Listening (Q_fwd=1; Q_local=0)"
FF0A,GWN,3,BACKBONE,"t=240 [RX_FWD] Encrypted CH_HELLO.1 from Child FF08 -> Queue for Parent FF03"
FF0A,GWN,3,BACKBONE,"t=240 [Q_FWD] Queued CH_HELLO.1 (size=2/15)"
FF0A,GWN,3,BACKBONE,"t=241 [PHASE_RX] Listening (Q_fwd=2; Q_local=0)"
FF0A,GWN,3,BACKBONE,"t=241 [RX_FWD] Encrypted CMD.5 from Child FF08 -> Queue for Parent FF03"
FF0A,GWN,3,BACKBONE,"t=241 [Q_FWD] Queued CMD.5 (size=3/15)"
FF0A,GWN,3,BACKBONE,"t=242 [PHASE_RX] Listening (Q_fwd=3; Q_local=0)"
FF0A,GWN,3,BACKBONE,"t=242 [RX_FWD] Encrypted CH_HELLO.1 from Child FF08 -> Queue for Parent FF03"
FF0A,GWN,3,BACKBONE,"t=242 [Q_FWD] Queued CH_HELLO.1 (size=4/15)"
FF0A,GWN,3,BACKBONE,"t=243 [DEQUEUE] From Q_fwd (waited 9 TFs)"
FF0A,GWN,3,BACKBONE,"t=243 [PHASE_TX] Sent CH_HELLO.1 -> FF03 (Q_fwd=3; Q_local=0)"
FF0A,GWN,3,BACKBONE,"t=244 [DEQUEUE] From Q_fwd (waited 4 TFs)"
FF0A,GWN,3,BACKBONE,"t=244 [PHASE_TX] Sent CH_HELLO.1 -> FF03 (Q_fwd=2; Q_local=0)"
FF0A,GWN,3,BACKBONE,"t=245 [DEQUEUE] From Q_fwd (waited 4 TFs)"
FF0A,GWN,3,BACKBONE,"t=245 [PHASE_TX] Sent CMD.5 -> FF03 (Q_fwd=1; Q_local=0)"
FF0A,GWN,3,BACKBONE,"t=246 [PHASE_RX] Listening (Q_fwd=1; Q_local=0)"
FF0A,GWN,3,BACKBONE,"t=247 [PHASE_RX] Listening (Q_fwd=1; Q_local=0)"
FF0A,GWN,3,BACKBONE,"t=248 [PHASE_RX] Listening (Q_fwd=1; Q_local=0)"
FF0A,GWN,3,BACKBONE,"t=249 [DEQUEUE] From Q_fwd (waited 7 TFs)"
FF0A,GWN,3,BACKBONE,"t=249 [PHASE_TX] Sent CH_HELLO.1 -> FF03 (Q_fwd=0; Q_local=0)"
FF0A,GWN,3,ACCESS,"t=4 [PHY] Neighbour count: 3->4"
FF0A,GWN,3,ACCESS,"t=6 [HELLO_TX] bcast battery=100.0%"
FF0A,GWN,3,ACCESS,"t=6 [PHY] Neighbour count: 4->5"
FF0A,GWN,3,ACCESS,"t=7 [PHY] Neighbour count: 5->6"
FF0A,GWN,3,ACCESS,"t=8 [PHY] Neighbour count: 6->7"
FF0A,GWN,3,ACCESS,"t=9 [PHY] Neighbour count: 7->8"
FF0A,GWN,3,ACCESS,"t=10 [PHY] Neighbour count: 8->9"
FF0A,GWN,3,ACCESS,"t=11 [PHY] Neighbour count: 9->10"
FF0A,GWN,3,ACCESS,"t=14 [HELLO_TX] bcast battery=100.0%"
FF0A,GWN,3,ACCESS,"t=16 [PHY] Neighbour count: 10->11"
FF0A,GWN,3,ACCESS,"t=18 [PHY] Neighbour count: 11->12"
FF0A,GWN,3,ACCESS,"t=22 [HELLO_TX] bcast battery=100.0%"
FF0A,GWN,3,ACCESS,"t=26 [HELLO_TX] bcast battery=100.0%"
FF0A,GWN,3,ACCESS,"t=29 [PHY] Neighbour count: 13->14"
FF0A,GWN,3,ACCESS,"t=34 [HELLO_TX] bcast battery=100.0%"
FF0A,GWN,3,ACCESS,"t=39 [PHY] Neighbour count: 14->15"
FF0A,GWN,3,ACCESS,"t=43 [HELLO_TX] bcast battery=100.0%"
FF0A,GWN,3,ACCESS,"t=44 [PHY] Neighbour count: 15->16"
FF0A,GWN,3,ACCESS,"t=51 [HELLO_TX] bcast battery=100.0%"
FF0A,GWN,3,ACCESS,"t=55 [HELLO_TX] bcast battery=100.0%"
FF0A,GWN,3,ACCESS,"t=57 [PHY] Neighbour count: 16->17"
FF0A,GWN,3,ACCESS,"t=59 [HELLO_TX] bcast battery=100.0%"
FF0A,GWN,3,ACCESS,"t=61 [PHY] Neighbour count: 17->18"
FF0A,GWN,3,ACCESS,"t=67 [PHY] Neighbour count: 18->19"
FF0A,GWN,3,ACCESS,"t=69 [HELLO_TX] bcast battery=100.0%"
FF0A,GWN,3,ACCESS,"t=76 [PHY] Neighbour count: 19->20"
FF0A,GWN,3,ACCESS,"t=78 [HELLO_TX] bcast battery=100.0%"
FF0A,GWN,3,ACCESS,"t=85 [HELLO_TX] bcast battery=100.0%"
FF0A,GWN,3,ACCESS,"t=91 [HELLO_TX] bcast battery=100.0%"
FF0A,GWN,3,ACCESS,"t=98 [HELLO_TX] bcast battery=100.0%"
FF0A,GWN,3,ACCESS,"t=108 [HELLO_TX] bcast battery=100.0%"
FF0A,GWN,3,ACCESS,"t=114 [HELLO_TX] bcast battery=100.0%"
FF0A,GWN,3,ACCESS,"t=120 [HELLO_TX] bcast battery=100.0%"
FF0A,GWN,3,ACCESS,"t=122 [PHY] Neighbour count: 20->21"
FF0A,GWN,3,ACCESS,"t=128 [HELLO_TX] bcast battery=100.0%"
FF0A,GWN,3,ACCESS,"t=130 [PHY] Neighbour count: 21->22"
FF0A,GWN,3,ACCESS,"t=138 [HELLO_TX] bcast battery=100.0%"
FF0A,GWN,3,ACCESS,"t=144 [HELLO_TX] bcast battery=100.0%"
FF0A,GWN,3,ACCESS,"t=150 [HELLO_TX] bcast battery=100.0%"
FF0A,GWN,3,ACCESS,"t=152 [PHY] Neighbour count: 22->23"
FF0A,GWN,3,ACCESS,"t=159 [HELLO_TX] bcast battery=100.0%"
FF0A,GWN,3,ACCESS,"t=166 [HELLO_TX] bcast battery=100.0%"
FF0A,GWN,3,ACCESS,"t=171 [HELLO_TX] bcast battery=100.0%"
FF0A,GWN,3,ACCESS,"t=178 [HELLO_TX] bcast battery=100.0%"
FF0A,GWN,3,ACCESS,"t=184 [HELLO_TX] bcast battery=100.0%"
FF0A,GWN,3,ACCESS,"t=189 [HELLO_TX] bcast battery=100.0%"
FF0A,GWN,3,ACCESS,"t=193 [HELLO_TX] bcast battery=100.0%"
FF0A,GWN,3,ACCESS,"t=200 [HELLO_TX] bcast battery=100.0%"
FF0A,GWN,3,ACCESS,"t=206 [RX] CH_CMD.3 <- AA04"
FF0A,GWN,3,ACCESS,"t=207 [RX] CH_CMD.0 <- AA04"
FF0A,GWN,3,ACCESS,"[LOCK][SET] partner=AA04 timeout=4"
FF0A,GWN,3,ACCESS,"t=207 [CH_ACK] -> AA04 (sending key)"
FF0A,GWN,3,ACCESS,"t=209 [HELLO_TX] bcast battery=100.0%"
FF0A,GWN,3,ACCESS,"t=211 [TIMEOUT] Sent CH_REJECT to orphaned AA04"
FF0A,GWN,3,ACCESS,"[LOCK][TIMEOUT] partner=AA04"
FF0A,GWN,3,ACCESS,"t=217 [HELLO_TX] bcast battery=100.0%"
FF0A,GWN,3,ACCESS,"t=222 [HELLO_TX] bcast battery=100.0%"
FF0A,GWN,3,ACCESS,"t=226 [HELLO_TX] bcast battery=100.0%"
FF0A,GWN,3,ACCESS,"t=234 [HELLO_TX] bcast battery=100.0%"
FF0A,GWN,3,ACCESS,"t=242 [HELLO_TX] bcast battery=100.0%"
FF0A,GWN,3,UNIFIED,"t=2 [PHY] Neighbor count=1"
FF0A,GWN,3,UNIFIED,"t=3 [PHY] Neighbor count=2"
FF0A,GWN,3,UNIFIED,"t=4 [PHY] Neighbor count=3"
FF0A,GWN,3,UNIFIED,"t=4 [PHY] Neighbour count: 3->4"
FF0A,GWN,3,UNIFIED,"t=5 [PHY] Neighbor count=4"
FF0A,GWN,3,UNIFIED,"[BB] t=6 [TX] HB.0 -> <BCAST>"
FF0A,GWN,3,UNIFIED,"[AC] t=6 [HELLO_TX] bcast battery=100.0%"
FF0A,GWN,3,UNIFIED,"t=6 [PHY] Neighbour count: 4->5"
FF0A,GWN,3,UNIFIED,"t=7 [PHY] Neighbor count=5"
FF0A,GWN,3,UNIFIED,"t=7 [PHY] Neighbour count: 5->6"
FF0A,GWN,3,UNIFIED,"t=8 [PHY] Neighbor count=6"
FF0A,GWN,3,UNIFIED,"t=8 [PHY] Neighbour count: 6->7"
FF0A,GWN,3,UNIFIED,"t=9 [PHY] Neighbor count=7"
FF0A,GWN,3,UNIFIED,"t=9 [PHY] Neighbour count: 7->8"
FF0A,GWN,3,UNIFIED,"t=10 [PHY] Neighbor count=8"
FF0A,GWN,3,UNIFIED,"t=10 [PHY] Neighbour count: 8->9"
FF0A,GWN,3,UNIFIED,"t=11 [PHY] Neighbor count=9"
FF0A,GWN,3,UNIFIED,"t=11 [PHY] Neighbour count: 9->10"
FF0A,GWN,3,UNIFIED,"t=12 [PHY] Neighbor count=10"
FF0A,GWN,3,UNIFIED,"[BB] t=13 [TX] HB.0 -> <BCAST>"
FF0A,GWN,3,UNIFIED,"[AC] t=14 [HELLO_TX] bcast battery=100.0%"
FF0A,GWN,3,UNIFIED,"t=16 [PHY] Neighbour count: 10->11"
FF0A,GWN,3,UNIFIED,"t=17 [PHY] Neighbor count=11"
FF0A,GWN,3,UNIFIED,"t=18 [PHY] Neighbour count: 11->12"
FF0A,GWN,3,UNIFIED,"t=19 [PHY] Neighbor count=12"
FF0A,GWN,3,UNIFIED,"t=20 [PHY] Neighbor count=13"
FF0A,GWN,3,UNIFIED,"[BB] t=20 [TX] HB.0 -> <BCAST>"
FF0A,GWN,3,UNIFIED,"t=22 [STATE] BOOT→DISCOVERY (neighbors=13)"
FF0A,GWN,3,UNIFIED,"[AC] t=22 [HELLO_TX] bcast battery=100.0%"
FF0A,GWN,3,UNIFIED,"[BB] t=22 [RX] CMD.0 <- FF03 RSSI=1.1"
FF0A,GWN,3,UNIFIED,"[BB] t=22 [TX] CMD.1 -> FF03"
FF0A,GWN,3,UNIFIED,"[BB] t=22 [TX] CMD.1 -> FF03"
FF0A,GWN,3,UNIFIED,"[BB] t=22 [STATE] DISCOVERY -> HANDSHAKE"
FF0A,GWN,3,UNIFIED,"[BB] [LOCK][SET] partner=FF03 timeout=6"
FF0A,GWN,3,UNIFIED,"[BB] t=22 [HANDSHAKE] Lock set with FF03 (timer=6)"
FF0A,GWN,3,UNIFIED,"[AC] t=26 [HELLO_TX] bcast battery=100.0%"
FF0A,GWN,3,UNIFIED,"[BB] t=26 [RX] CMD.2 <- FF03 RSSI=1.1"
FF0A,GWN,3,UNIFIED,"[BB] [LOCK][REFRESH] partner=FF03 timeout=6"
FF0A,GWN,3,UNIFIED,"[BB] [LOCK][SET] partner=FF03 timeout=6"
FF0A,GWN,3,UNIFIED,"[BB] t=26 [PARENT] Set parent -> FF03"
FF0A,GWN,3,UNIFIED,"[BB] t=27 [RX] CMD.4 <- FF03 RSSI=1.1"
FF0A,GWN,3,UNIFIED,"[BB] [LOCK][REFRESH] partner=FF03 timeout=6"
FF0A,GWN,3,UNIFIED,"[BB] t=27 [PHASE] Inherited phaseOffset=1 from parent FF03"
FF0A,GWN,3,UNIFIED,"[BB] t=27 [ENC_HELLO] TX: gwCh=0; chCh=0; secCh=0; sn=0 (encrypted)"
FF0A,GWN,3,UNIFIED,"[BB] t=27 [TX] CMD.5 -> FF03"
FF0A,GWN,3,UNIFIED,"[BB] [LOCK][CLEAR][ENC_HELLO_TX] partner=FF03"
FF0A,GWN,3,UNIFIED,"[BB] t=27 [HANDSHAKE] Lock cleared (was with FF03)"
FF0A,GWN,3,UNIFIED,"t=29 [PHY] Neighbour count: 13->14"
FF0A,GWN,3,UNIFIED,"t=30 [PHY] Neighbor count=14"
FF0A,GWN,3,UNIFIED,"t=31 [RECRUIT] INIT(1/4) -> FF08"
FF0A,GWN,3,UNIFIED,"[BB] [LOCK][SET] partner=FF08 timeout=6"
FF0A,GWN,3,UNIFIED,"[BB] t=31 [HANDSHAKE] Lock set with FF08 (timer=6)"
FF0A,GWN,3,UNIFIED,"[BB] [LOCK][SET] partner=FF08 timeout=6"
FF0A,GWN,3,UNIFIED,"[BB] t=31 [TX] CMD.0 -> FF08"
FF0A,GWN,3,UNIFIED,"[BB] t=33 [RX] CMD.1 <- FF08 RSSI=12.8"
FF0A,GWN,3,UNIFIED,"[BB] [LOCK][REFRESH] partner=FF08 timeout=6"
FF0A,GWN,3,UNIFIED,"[BB] t=33 [TX] CMD.2 -> FF08"
FF0A,GWN,3,UNIFIED,"[BB] [LOCK][REFRESH] partner=FF08 timeout=6"
FF0A,GWN,3,UNIFIED,"[BB] t=33 [HANDSHAKE] FF08 added to pendingChildren (awaiting ENC_HELLO)"
FF0A,GWN,3,UNIFIED,"[BB] t=33 [TX] CMD.4 -> FF08"
FF0A,GWN,3,UNIFIED,"[BB] t=33 [PHASE] Sending phaseOffset=0 to child FF08 (self=1)"
FF0A,GWN,3,UNIFIED,"[BB] [LOCK][REFRESH] partner=FF08 timeout=6"
FF0A,GWN,3,UNIFIED,"[BB] [LOCK][SET] partner=FF08 timeout=6"
FF0A,GWN,3,UNIFIED,"[AC] t=34 [HELLO_TX] bcast battery=100.0%"
FF0A,GWN,3,UNIFIED,"[BB] t=37 [ENC_HELLO] TX: gwCh=0; chCh=0; secCh=0; sn=0 (encrypted)"
FF0A,GWN,3,UNIFIED,"[BB] t=37 [ENC_HELLO] Retry 1/3 sent (next at t=57)"
FF0A,GWN,3,UNIFIED,"[BB] t=38 [RX] CMD.5 <- FF08 RSSI=12.8"
FF0A,GWN,3,UNIFIED,"[BB] t=38 [HANDSHAKE] FF08 promoted to children (ENC_HELLO received)"
FF0A,GWN,3,UNIFIED,"[BB] [LOCK][CLEAR][ENC_HELLO_RX] partner=FF08"
FF0A,GWN,3,UNIFIED,"[BB] t=38 [TX] CMD.5 -> FF03"
FF0A,GWN,3,UNIFIED,"[BB] t=38 [HANDSHAKE] Lock cleared (was with FF08)"
FF0A,GWN,3,UNIFIED,"[BB] t=38 [RETRY] Reset retry state for FF08 (now child)"
FF0A,GWN,3,UNIFIED,"[BB] t=38 [STATE] HANDSHAKE -> SECURE"
FF0A,GWN,3,UNIFIED,"t=39 [PHY] Neighbour count: 14->15"
FF0A,GWN,3,UNIFIED,"t=40 [PHY] Neighbor count=15"
FF0A,GWN,3,UNIFIED,"[AC] t=43 [HELLO_TX] bcast battery=100.0%"
FF0A,GWN,3,UNIFIED,"t=44 [PHY] Neighbour count: 15->16"
FF0A,GWN,3,UNIFIED,"t=45 [PHY] Neighbor count=16"
FF0A,GWN,3,UNIFIED,"[BB] t=46 [RX_FWD] Encrypted CMD.5 from Child FF08 -> Queue for Parent FF03"
FF0A,GWN,3,UNIFIED,"[BB] t=46 [Q_FWD] Queued CMD.5 (size=1/15)"
FF0A,GWN,3,UNIFIED,"[AC] t=51 [HELLO_TX] bcast battery=100.0%"
FF0A,GWN,3,UNIFIED,"[AC] t=55 [HELLO_TX] bcast battery=100.0%"
FF0A,GWN,3,UNIFIED,"[BB] t=57 [ENC_HELLO] TX: gwCh=1; chCh=0; secCh=0; sn=0 (encrypted)"
FF0A,GWN,3,UNIFIED,"[BB] t=57 [ENC_HELLO] Retry 2/3 sent (next at t=97)"
FF0A,GWN,3,UNIFIED,"t=57 [PHY] Neighbour count: 16->17"
FF0A,GWN,3,UNIFIED,"t=58 [PHY] Neighbor count=17"
FF0A,GWN,3,UNIFIED,"[AC] t=59 [HELLO_TX] bcast battery=100.0%"
FF0A,GWN,3,UNIFIED,"[BB] t=59 [RX_FWD] Encrypted CMD.5 from Child FF08 -> Queue for Parent FF03"
FF0A,GWN,3,UNIFIED,"[BB] t=59 [Q_FWD] Queued CMD.5 (size=2/15)"
FF0A,GWN,3,UNIFIED,"t=61 [PHY] Neighbour count: 17->18"
FF0A,GWN,3,UNIFIED,"t=62 [PHY] Neighbor count=18"
FF0A,GWN,3,UNIFIED,"[BB] t=66 [RX_FWD] Encrypted CMD.5 from Child FF08 -> Queue for Parent FF03"
FF0A,GWN,3,UNIFIED,"[BB] t=66 [Q_FWD] Queued CMD.5 (size=3/15)"
FF0A,GWN,3,UNIFIED,"t=67 [PHY] Neighbour count: 18->19"
FF0A,GWN,3,UNIFIED,"t=68 [PHY] Neighbor count=19"
FF0A,GWN,3,UNIFIED,"[AC] t=69 [HELLO_TX] bcast battery=100.0%"
FF0A,GWN,3,UNIFIED,"t=76 [PHY] Neighbour count: 19->20"
FF0A,GWN,3,UNIFIED,"t=77 [PHY] Neighbor count=20"
FF0A,GWN,3,UNIFIED,"[AC] t=78 [HELLO_TX] bcast battery=100.0%"
FF0A,GWN,3,UNIFIED,"[AC] t=85 [HELLO_TX] bcast battery=100.0%"
FF0A,GWN,3,UNIFIED,"[AC] t=91 [HELLO_TX] bcast battery=100.0%"
FF0A,GWN,3,UNIFIED,"[BB] t=97 [ENC_HELLO] TX: gwCh=1; chCh=0; secCh=0; sn=0 (encrypted)"
FF0A,GWN,3,UNIFIED,"[BB] t=97 [ENC_HELLO] Retry 3/3 sent (next at t=177)"
FF0A,GWN,3,UNIFIED,"[AC] t=98 [HELLO_TX] bcast battery=100.0%"
FF0A,GWN,3,UNIFIED,"[BB] t=106 [RX_FWD] Encrypted CMD.5 from Child FF08 -> Queue for Parent FF03"
FF0A,GWN,3,UNIFIED,"[BB] t=106 [Q_FWD] Queued CMD.5 (size=4/15)"
FF0A,GWN,3,UNIFIED,"[AC] t=108 [HELLO_TX] bcast battery=100.0%"
FF0A,GWN,3,UNIFIED,"[AC] t=114 [HELLO_TX] bcast battery=100.0%"
FF0A,GWN,3,UNIFIED,"[AC] t=120 [HELLO_TX] bcast battery=100.0%"
FF0A,GWN,3,UNIFIED,"t=122 [PHY] Neighbour count: 20->21"
FF0A,GWN,3,UNIFIED,"t=123 [PHY] Neighbor count=21"
FF0A,GWN,3,UNIFIED,"[AC] t=128 [HELLO_TX] bcast battery=100.0%"
FF0A,GWN,3,UNIFIED,"t=130 [PHY] Neighbour count: 21->22"
FF0A,GWN,3,UNIFIED,"t=131 [PHY] Neighbor count=22"
FF0A,GWN,3,UNIFIED,"[AC] t=138 [HELLO_TX] bcast battery=100.0%"
FF0A,GWN,3,UNIFIED,"[AC] t=144 [HELLO_TX] bcast battery=100.0%"
FF0A,GWN,3,UNIFIED,"[AC] t=150 [HELLO_TX] bcast battery=100.0%"
FF0A,GWN,3,UNIFIED,"t=152 [PHY] Neighbour count: 22->23"
FF0A,GWN,3,UNIFIED,"t=153 [PHY] Neighbor count=23"
FF0A,GWN,3,UNIFIED,"[AC] t=159 [HELLO_TX] bcast battery=100.0%"
FF0A,GWN,3,UNIFIED,"[AC] t=166 [HELLO_TX] bcast battery=100.0%"
FF0A,GWN,3,UNIFIED,"[AC] t=171 [HELLO_TX] bcast battery=100.0%"
FF0A,GWN,3,UNIFIED,"[BB] t=177 [ENC_HELLO] TX: gwCh=1; chCh=0; secCh=0; sn=0 (encrypted)"
FF0A,GWN,3,UNIFIED,"[BB] t=177 [ENC_HELLO] Registry refresh #1 sent (next at t=257)"
FF0A,GWN,3,UNIFIED,"[AC] t=178 [HELLO_TX] bcast battery=100.0%"
FF0A,GWN,3,UNIFIED,"[AC] t=184 [HELLO_TX] bcast battery=100.0%"
FF0A,GWN,3,UNIFIED,"[BB] t=186 [RX_FWD] Encrypted CMD.5 from Child FF08 -> Queue for Parent FF03"
FF0A,GWN,3,UNIFIED,"[BB] t=186 [Q_FWD] Queued CMD.5 (size=5/15)"
FF0A,GWN,3,UNIFIED,"[AC] t=189 [HELLO_TX] bcast battery=100.0%"
FF0A,GWN,3,UNIFIED,"[AC] t=193 [HELLO_TX] bcast battery=100.0%"
FF0A,GWN,3,UNIFIED,"[BB] t=200 [PHASE_RX] Listening (Q_fwd=5; Q_local=0)"
FF0A,GWN,3,UNIFIED,"[AC] t=200 [HELLO_TX] bcast battery=100.0%"
FF0A,GWN,3,UNIFIED,"[BB] t=200 [RX_FWD] Encrypted CMD.5 from Child FF08 -> Queue for Parent FF03"
FF0A,GWN,3,UNIFIED,"[BB] t=200 [Q_FWD] Queued CMD.5 (size=6/15)"
FF0A,GWN,3,UNIFIED,"[BB] t=201 [DEQUEUE] From Q_fwd (waited 155 TFs)"
FF0A,GWN,3,UNIFIED,"[BB] t=201 [PHASE_TX] Sent CMD.5 -> FF03 (Q_fwd=5; Q_local=0)"
FF0A,GWN,3,UNIFIED,"[BB] t=202 [DEQUEUE] From Q_fwd (waited 143 TFs)"
FF0A,GWN,3,UNIFIED,"[BB] t=202 [PHASE_TX] Sent CMD.5 -> FF03 (Q_fwd=4; Q_local=0)"
FF0A,GWN,3,UNIFIED,"[BB] t=203 [DEQUEUE] From Q_fwd (waited 137 TFs)"
FF0A,GWN,3,UNIFIED,"[BB] t=203 [PHASE_TX] Sent CMD.5 -> FF03 (Q_fwd=3; Q_local=0)"
FF0A,GWN,3,UNIFIED,"[BB] t=204 [PHASE_RX] Listening (Q_fwd=3; Q_local=0)"
FF0A,GWN,3,UNIFIED,"[BB] t=204 [RX_FWD] Encrypted CMD.5 from Child FF08 -> Queue for Parent FF03"
FF0A,GWN,3,UNIFIED,"[BB] t=204 [Q_FWD] Queued CMD.5 (size=4/15)"
FF0A,GWN,3,UNIFIED,"[BB] t=205 [PHASE_RX] Listening (Q_fwd=4; Q_local=0)"
FF0A,GWN,3,UNIFIED,"[BB] t=205 [RX_FWD] Encrypted CMD.5 from Child FF08 -> Queue for Parent FF03"
FF0A,GWN,3,UNIFIED,"[BB] t=205 [Q_FWD] Queued CMD.5 (size=5/15)"
FF0A,GWN,3,UNIFIED,"[BB] t=206 [PHASE_RX] Listening (Q_fwd=5; Q_local=0)"
FF0A,GWN,3,UNIFIED,"[BB] t=206 [RX_FWD] Encrypted CMD.5 from Child FF08 -> Queue for Parent FF03"
FF0A,GWN,3,UNIFIED,"[BB] t=206 [Q_FWD] Queued CMD.5 (size=6/15)"
FF0A,GWN,3,UNIFIED,"[AC] t=206 [RX] CH_CMD.3 <- AA04"
FF0A,GWN,3,UNIFIED,"[BB] t=207 [DEQUEUE] From Q_fwd (waited 101 TFs)"
FF0A,GWN,3,UNIFIED,"[BB] t=207 [PHASE_TX] Sent CMD.5 -> FF03 (Q_fwd=5; Q_local=0)"
FF0A,GWN,3,UNIFIED,"[AC] t=207 [RX] CH_CMD.0 <- AA04"
FF0A,GWN,3,UNIFIED,"[AC] [LOCK][SET] partner=AA04 timeout=4"
FF0A,GWN,3,UNIFIED,"[AC] t=207 [CH_ACK] -> AA04 (sending key)"
FF0A,GWN,3,UNIFIED,"[BB] t=208 [DEQUEUE] From Q_fwd (waited 22 TFs)"
FF0A,GWN,3,UNIFIED,"[BB] t=208 [PHASE_TX] Sent CMD.5 -> FF03 (Q_fwd=4; Q_local=0)"
FF0A,GWN,3,UNIFIED,"[BB] t=209 [DEQUEUE] From Q_fwd (waited 9 TFs)"
FF0A,GWN,3,UNIFIED,"[BB] t=209 [PHASE_TX] Sent CMD.5 -> FF03 (Q_fwd=3; Q_local=0)"
FF0A,GWN,3,UNIFIED,"[AC] t=209 [HELLO_TX] bcast battery=100.0%"
FF0A,GWN,3,UNIFIED,"[BB] t=210 [PHASE_RX] Listening (Q_fwd=3; Q_local=0)"
FF0A,GWN,3,UNIFIED,"[BB] t=210 [RX_FWD] Encrypted CMD.5 from Child FF08 -> Queue for Parent FF03"
FF0A,GWN,3,UNIFIED,"[BB] t=210 [Q_FWD] Queued CMD.5 (size=4/15)"
FF0A,GWN,3,UNIFIED,"[AC] t=211 [TIMEOUT] Sent CH_REJECT to orphaned AA04"
FF0A,GWN,3,UNIFIED,"[AC] [LOCK][TIMEOUT] partner=AA04"
FF0A,GWN,3,UNIFIED,"[BB] t=211 [PHASE_RX] Listening (Q_fwd=4; Q_local=0)"
FF0A,GWN,3,UNIFIED,"[BB] t=211 [RX_FWD] Encrypted CMD.5 from Child FF08 -> Queue for Parent FF03"
FF0A,GWN,3,UNIFIED,"[BB] t=211 [Q_FWD] Queued CMD.5 (size=5/15)"
FF0A,GWN,3,UNIFIED,"[BB] t=212 [PHASE_RX] Listening (Q_fwd=5; Q_local=0)"
FF0A,GWN,3,UNIFIED,"[BB] t=212 [RX_FWD] Encrypted HB.3 from Child FF08 -> Queue for Parent FF03"
FF0A,GWN,3,UNIFIED,"[BB] t=212 [Q_FWD] Queued HB.3 (size=6/15)"
FF0A,GWN,3,UNIFIED,"[BB] t=213 [DEQUEUE] From Q_fwd (waited 9 TFs)"
FF0A,GWN,3,UNIFIED,"[BB] t=213 [PHASE_TX] Sent CMD.5 -> FF03 (Q_fwd=5; Q_local=0)"
FF0A,GWN,3,UNIFIED,"[BB] t=214 [DEQUEUE] From Q_fwd (waited 9 TFs)"
FF0A,GWN,3,UNIFIED,"[BB] t=214 [PHASE_TX] Sent CMD.5 -> FF03 (Q_fwd=4; Q_local=0)"
FF0A,GWN,3,UNIFIED,"[BB] t=215 [DEQUEUE] From Q_fwd (waited 9 TFs)"
FF0A,GWN,3,UNIFIED,"[BB] t=215 [PHASE_TX] Sent CMD.5 -> FF03 (Q_fwd=3; Q_local=0)"
FF0A,GWN,3,UNIFIED,"[BB] t=216 [PHASE_RX] Listening (Q_fwd=3; Q_local=0)"
FF0A,GWN,3,UNIFIED,"[BB] t=216 [RX_FWD] Encrypted CMD.5 from Child FF08 -> Queue for Parent FF03"
FF0A,GWN,3,UNIFIED,"[BB] t=216 [Q_FWD] Queued CMD.5 (size=4/15)"
FF0A,GWN,3,UNIFIED,"[BB] t=217 [PHASE_RX] Listening (Q_fwd=4; Q_local=0)"
FF0A,GWN,3,UNIFIED,"[AC] t=217 [HELLO_TX] bcast battery=100.0%"
FF0A,GWN,3,UNIFIED,"[BB] t=217 [RX_FWD] Encrypted CMD.5 from Child FF08 -> Queue for Parent FF03"
FF0A,GWN,3,UNIFIED,"[BB] t=217 [Q_FWD] Queued CMD.5 (size=5/15)"
FF0A,GWN,3,UNIFIED,"[BB] t=218 [PHASE_RX] Listening (Q_fwd=5; Q_local=0)"
FF0A,GWN,3,UNIFIED,"[BB] t=218 [RX_FWD] Encrypted CMD.5 from Child FF08 -> Queue for Parent FF03"
FF0A,GWN,3,UNIFIED,"[BB] t=218 [Q_FWD] Queued CMD.5 (size=6/15)"
FF0A,GWN,3,UNIFIED,"[BB] t=219 [DEQUEUE] From Q_fwd (waited 9 TFs)"
FF0A,GWN,3,UNIFIED,"[BB] t=219 [PHASE_TX] Sent CMD.5 -> FF03 (Q_fwd=5; Q_local=0)"
FF0A,GWN,3,UNIFIED,"[BB] t=220 [DEQUEUE] From Q_fwd (waited 9 TFs)"
FF0A,GWN,3,UNIFIED,"[BB] t=220 [PHASE_TX] Sent CMD.5 -> FF03 (Q_fwd=4; Q_local=0)"
FF0A,GWN,3,UNIFIED,"[BB] t=221 [DEQUEUE] From Q_fwd (waited 9 TFs)"
FF0A,GWN,3,UNIFIED,"[BB] t=221 [PHASE_TX] Sent HB.3 -> FF03 (Q_fwd=3; Q_local=0)"
FF0A,GWN,3,UNIFIED,"[BB] t=222 [PHASE_RX] Listening (Q_fwd=3; Q_local=0)"
FF0A,GWN,3,UNIFIED,"[AC] t=222 [HELLO_TX] bcast battery=100.0%"
FF0A,GWN,3,UNIFIED,"[BB] t=222 [RX_FWD] Encrypted CMD.5 from Child FF08 -> Queue for Parent FF03"
FF0A,GWN,3,UNIFIED,"[BB] t=222 [Q_FWD] Queued CMD.5 (size=4/15)"
FF0A,GWN,3,UNIFIED,"[BB] t=223 [PHASE_RX] Listening (Q_fwd=4; Q_local=0)"
FF0A,GWN,3,UNIFIED,"[BB] t=223 [RX_FWD] Encrypted CMD.5 from Child FF08 -> Queue for Parent FF03"
FF0A,GWN,3,UNIFIED,"[BB] t=223 [Q_FWD] Queued CMD.5 (size=5/15)"
FF0A,GWN,3,UNIFIED,"[BB] t=224 [PHASE_RX] Listening (Q_fwd=5; Q_local=0)"
FF0A,GWN,3,UNIFIED,"[BB] t=224 [RX_FWD] Encrypted CMD.5 from Child FF08 -> Queue for Parent FF03"
FF0A,GWN,3,UNIFIED,"[BB] t=224 [Q_FWD] Queued CMD.5 (size=6/15)"
FF0A,GWN,3,UNIFIED,"[BB] t=225 [DEQUEUE] From Q_fwd (waited 9 TFs)"
FF0A,GWN,3,UNIFIED,"[BB] t=225 [PHASE_TX] Sent CMD.5 -> FF03 (Q_fwd=5; Q_local=0)"
FF0A,GWN,3,UNIFIED,"[BB] t=226 [DEQUEUE] From Q_fwd (waited 9 TFs)"
FF0A,GWN,3,UNIFIED,"[BB] t=226 [PHASE_TX] Sent CMD.5 -> FF03 (Q_fwd=4; Q_local=0)"
FF0A,GWN,3,UNIFIED,"[AC] t=226 [HELLO_TX] bcast battery=100.0%"
FF0A,GWN,3,UNIFIED,"[BB] t=227 [DEQUEUE] From Q_fwd (waited 9 TFs)"
FF0A,GWN,3,UNIFIED,"[BB] t=227 [PHASE_TX] Sent CMD.5 -> FF03 (Q_fwd=3; Q_local=0)"
FF0A,GWN,3,UNIFIED,"[BB] t=228 [PHASE_RX] Listening (Q_fwd=3; Q_local=0)"
FF0A,GWN,3,UNIFIED,"[BB] t=228 [RX_FWD] Encrypted CMD.5 from Child FF08 -> Queue for Parent FF03"
FF0A,GWN,3,UNIFIED,"[BB] t=228 [Q_FWD] Queued CMD.5 (size=4/15)"
FF0A,GWN,3,UNIFIED,"[BB] t=229 [PHASE_RX] Listening (Q_fwd=4; Q_local=0)"
FF0A,GWN,3,UNIFIED,"[BB] t=229 [RX_FWD] Encrypted CMD.5 from Child FF08 -> Queue for Parent FF03"
FF0A,GWN,3,UNIFIED,"[BB] t=229 [Q_FWD] Queued CMD.5 (size=5/15)"
FF0A,GWN,3,UNIFIED,"[BB] t=230 [PHASE_RX] Listening (Q_fwd=5; Q_local=0)"
FF0A,GWN,3,UNIFIED,"[BB] t=230 [RX_FWD] Encrypted CMD.5 from Child FF08 -> Queue for Parent FF03"
FF0A,GWN,3,UNIFIED,"[BB] t=230 [Q_FWD] Queued CMD.5 (size=6/15)"
FF0A,GWN,3,UNIFIED,"[BB] t=231 [DEQUEUE] From Q_fwd (waited 9 TFs)"
FF0A,GWN,3,UNIFIED,"[BB] t=231 [PHASE_TX] Sent CMD.5 -> FF03 (Q_fwd=5; Q_local=0)"
FF0A,GWN,3,UNIFIED,"[BB] t=232 [DEQUEUE] From Q_fwd (waited 9 TFs)"
FF0A,GWN,3,UNIFIED,"[BB] t=232 [PHASE_TX] Sent CMD.5 -> FF03 (Q_fwd=4; Q_local=0)"
FF0A,GWN,3,UNIFIED,"[BB] t=233 [DEQUEUE] From Q_fwd (waited 9 TFs)"
FF0A,GWN,3,UNIFIED,"[BB] t=233 [PHASE_TX] Sent CMD.5 -> FF03 (Q_fwd=3; Q_local=0)"
FF0A,GWN,3,UNIFIED,"[BB] t=234 [PHASE_RX] Listening (Q_fwd=3; Q_local=0)"
FF0A,GWN,3,UNIFIED,"[AC] t=234 [HELLO_TX] bcast battery=100.0%"
FF0A,GWN,3,UNIFIED,"[BB] t=234 [RX_FWD] Encrypted CH_HELLO.1 from Child FF08 -> Queue for Parent FF03"
FF0A,GWN,3,UNIFIED,"[BB] t=234 [Q_FWD] Queued CH_HELLO.1 (size=4/15)"
FF0A,GWN,3,UNIFIED,"[BB] t=235 [PHASE_RX] Listening (Q_fwd=4; Q_local=0)"
FF0A,GWN,3,UNIFIED,"[BB] t=236 [PHASE_RX] Listening (Q_fwd=4; Q_local=0)"
FF0A,GWN,3,UNIFIED,"[BB] t=237 [DEQUEUE] From Q_fwd (waited 9 TFs)"
FF0A,GWN,3,UNIFIED,"[BB] t=237 [PHASE_TX] Sent CMD.5 -> FF03 (Q_fwd=3; Q_local=0)"
FF0A,GWN,3,UNIFIED,"[BB] t=238 [DEQUEUE] From Q_fwd (waited 9 TFs)"
FF0A,GWN,3,UNIFIED,"[BB] t=238 [PHASE_TX] Sent CMD.5 -> FF03 (Q_fwd=2; Q_local=0)"
FF0A,GWN,3,UNIFIED,"[BB] t=239 [DEQUEUE] From Q_fwd (waited 9 TFs)"
FF0A,GWN,3,UNIFIED,"[BB] t=239 [PHASE_TX] Sent CMD.5 -> FF03 (Q_fwd=1; Q_local=0)"
FF0A,GWN,3,UNIFIED,"[BB] t=240 [PHASE_RX] Listening (Q_fwd=1; Q_local=0)"
FF0A,GWN,3,UNIFIED,"[BB] t=240 [RX_FWD] Encrypted CH_HELLO.1 from Child FF08 -> Queue for Parent FF03"
FF0A,GWN,3,UNIFIED,"[BB] t=240 [Q_FWD] Queued CH_HELLO.1 (size=2/15)"
FF0A,GWN,3,UNIFIED,"[BB] t=241 [PHASE_RX] Listening (Q_fwd=2; Q_local=0)"
FF0A,GWN,3,UNIFIED,"[BB] t=241 [RX_FWD] Encrypted CMD.5 from Child FF08 -> Queue for Parent FF03"
FF0A,GWN,3,UNIFIED,"[BB] t=241 [Q_FWD] Queued CMD.5 (size=3/15)"
FF0A,GWN,3,UNIFIED,"[BB] t=242 [PHASE_RX] Listening (Q_fwd=3; Q_local=0)"
FF0A,GWN,3,UNIFIED,"[AC] t=242 [HELLO_TX] bcast battery=100.0%"
FF0A,GWN,3,UNIFIED,"[BB] t=242 [RX_FWD] Encrypted CH_HELLO.1 from Child FF08 -> Queue for Parent FF03"
FF0A,GWN,3,UNIFIED,"[BB] t=242 [Q_FWD] Queued CH_HELLO.1 (size=4/15)"
FF0A,GWN,3,UNIFIED,"[BB] t=243 [DEQUEUE] From Q_fwd (waited 9 TFs)"
FF0A,GWN,3,UNIFIED,"[BB] t=243 [PHASE_TX] Sent CH_HELLO.1 -> FF03 (Q_fwd=3; Q_local=0)"
FF0A,GWN,3,UNIFIED,"[BB] t=244 [DEQUEUE] From Q_fwd (waited 4 TFs)"
FF0A,GWN,3,UNIFIED,"[BB] t=244 [PHASE_TX] Sent CH_HELLO.1 -> FF03 (Q_fwd=2; Q_local=0)"
FF0A,GWN,3,UNIFIED,"[BB] t=245 [DEQUEUE] From Q_fwd (waited 4 TFs)"
FF0A,GWN,3,UNIFIED,"[BB] t=245 [PHASE_TX] Sent CMD.5 -> FF03 (Q_fwd=1; Q_local=0)"
FF0A,GWN,3,UNIFIED,"[BB] t=246 [PHASE_RX] Listening (Q_fwd=1; Q_local=0)"
FF0A,GWN,3,UNIFIED,"[BB] t=247 [PHASE_RX] Listening (Q_fwd=1; Q_local=0)"
FF0A,GWN,3,UNIFIED,"[BB] t=248 [PHASE_RX] Listening (Q_fwd=1; Q_local=0)"
FF0A,GWN,3,UNIFIED,"[BB] t=249 [DEQUEUE] From Q_fwd (waited 7 TFs)"
FF0A,GWN,3,UNIFIED,"[BB] t=249 [PHASE_TX] Sent CH_HELLO.1 -> FF03 (Q_fwd=0; Q_local=0)"
FF0B,GWN,3,BACKBONE,"t=3 [TX] HB.0 -> <BCAST>"
FF0B,GWN,3,BACKBONE,"t=4 [PHY] Neighbour count: 2->3"
FF0B,GWN,3,BACKBONE,"t=6 [PHY] Neighbour count: 3->4"
FF0B,GWN,3,BACKBONE,"t=7 [PHY] Neighbour count: 4->5"
FF0B,GWN,3,BACKBONE,"t=8 [PHY] Neighbour count: 5->6"
FF0B,GWN,3,BACKBONE,"t=9 [PHY] Neighbour count: 6->7"
FF0B,GWN,3,BACKBONE,"t=10 [TX] HB.0 -> <BCAST>"
FF0B,GWN,3,BACKBONE,"t=10 [PHY] Neighbour count: 7->8"
FF0B,GWN,3,BACKBONE,"t=11 [PHY] Neighbour count: 8->9"
FF0B,GWN,3,BACKBONE,"t=14 [PHY] Neighbour count: 10->11"
FF0B,GWN,3,BACKBONE,"t=15 [PHY] Neighbour count: 11->12"
FF0B,GWN,3,BACKBONE,"t=17 [TX] HB.0 -> <BCAST>"
FF0B,GWN,3,BACKBONE,"t=23 [PHY] Neighbour count: 12->13"
FF0B,GWN,3,BACKBONE,"t=24 [TX] HB.1 -> <BCAST>"
FF0B,GWN,3,BACKBONE,"t=25 [PHY] Neighbour count: 13->14"
FF0B,GWN,3,BACKBONE,"t=27 [PHY] Neighbour count: 14->15"
FF0B,GWN,3,BACKBONE,"t=31 [TX] HB.1 -> <BCAST>"
FF0B,GWN,3,BACKBONE,"t=31 [PHY] Neighbour count: 15->16"
FF0B,GWN,3,BACKBONE,"t=34 [PHY] Neighbour count: 16->17"
FF0B,GWN,3,BACKBONE,"t=38 [TX] HB.1 -> <BCAST>"
FF0B,GWN,3,BACKBONE,"t=39 [PHY] Neighbour count: 18->19"
FF0B,GWN,3,BACKBONE,"t=41 [PHY] Neighbour count: 19->20"
FF0B,GWN,3,BACKBONE,"t=42 [PHY] Neighbour count: 20->21"
FF0B,GWN,3,BACKBONE,"t=44 [PHY] Neighbour count: 21->22"
FF0B,GWN,3,BACKBONE,"t=45 [TX] HB.1 -> <BCAST>"
FF0B,GWN,3,BACKBONE,"t=52 [TX] HB.1 -> <BCAST>"
FF0B,GWN,3,BACKBONE,"t=59 [TX] HB.1 -> <BCAST>"
FF0B,GWN,3,BACKBONE,"t=59 [RX] CMD.0 <- FF01 RSSI=0.3"
FF0B,GWN,3,BACKBONE,"t=59 [TX] CMD.1 -> FF01"
FF0B,GWN,3,BACKBONE,"t=59 [TX] CMD.1 -> FF01"
FF0B,GWN,3,BACKBONE,"t=59 [STATE] DISCOVERY -> HANDSHAKE"
FF0B,GWN,3,BACKBONE,"[LOCK][SET] partner=FF01 timeout=6"
FF0B,GWN,3,BACKBONE,"t=59 [HANDSHAKE] Lock set with FF01 (timer=6)"
FF0B,GWN,3,BACKBONE,"t=63 [RX] CMD.2 <- FF01 RSSI=0.3"
FF0B,GWN,3,BACKBONE,"[LOCK][REFRESH] partner=FF01 timeout=6"
FF0B,GWN,3,BACKBONE,"[LOCK][SET] partner=FF01 timeout=6"
FF0B,GWN,3,BACKBONE,"t=63 [PARENT] Set parent -> FF01"
FF0B,GWN,3,BACKBONE,"t=64 [RX] CMD.4 <- FF01 RSSI=0.3"
FF0B,GWN,3,BACKBONE,"[LOCK][REFRESH] partner=FF01 timeout=6"
FF0B,GWN,3,BACKBONE,"t=64 [PHASE] Inherited phaseOffset=0 from parent FF01"
FF0B,GWN,3,BACKBONE,"t=64 [ENC_HELLO] TX: gwCh=0; chCh=0; secCh=0; sn=0 (encrypted)"
FF0B,GWN,3,BACKBONE,"t=64 [TX] CMD.5 -> FF01"
FF0B,GWN,3,BACKBONE,"[LOCK][CLEAR][ENC_HELLO_TX] partner=FF01"
FF0B,GWN,3,BACKBONE,"t=64 [HANDSHAKE] Lock cleared (was with FF01)"
FF0B,GWN,3,BACKBONE,"[LOCK][SET] partner=FF02 timeout=6"
FF0B,GWN,3,BACKBONE,"t=68 [HANDSHAKE] Lock set with FF02 (timer=6)"
FF0B,GWN,3,BACKBONE,"[LOCK][SET] partner=FF02 timeout=6"
FF0B,GWN,3,BACKBONE,"t=68 [TX] CMD.0 -> FF02"
FF0B,GWN,3,BACKBONE,"t=70 [RX] CMD.1 <- FF02 RSSI=0.2"
FF0B,GWN,3,BACKBONE,"[LOCK][REFRESH] partner=FF02 timeout=6"
FF0B,GWN,3,BACKBONE,"t=70 [TX] CMD.2 -> FF02"
FF0B,GWN,3,BACKBONE,"[LOCK][REFRESH] partner=FF02 timeout=6"
FF0B,GWN,3,BACKBONE,"t=70 [HANDSHAKE] FF02 added to pendingChildren (awaiting ENC_HELLO)"
FF0B,GWN,3,BACKBONE,"t=70 [TX] CMD.4 -> FF02"
FF0B,GWN,3,BACKBONE,"t=70 [PHASE] Sending phaseOffset=1 to child FF02 (self=0)"
FF0B,GWN,3,BACKBONE,"[LOCK][REFRESH] partner=FF02 timeout=6"
FF0B,GWN,3,BACKBONE,"[LOCK][SET] partner=FF02 timeout=6"
FF0B,GWN,3,BACKBONE,"t=74 [ENC_HELLO] TX: gwCh=0; chCh=0; secCh=0; sn=0 (encrypted)"
FF0B,GWN,3,BACKBONE,"t=74 [ENC_HELLO] Retry 1/3 sent (next at t=94)"
FF0B,GWN,3,BACKBONE,"t=75 [RX] CMD.5 <- FF02 RSSI=0.2"
FF0B,GWN,3,BACKBONE,"t=75 [HANDSHAKE] FF02 promoted to children (ENC_HELLO received)"
FF0B,GWN,3,BACKBONE,"[LOCK][CLEAR][ENC_HELLO_RX] partner=FF02"
FF0B,GWN,3,BACKBONE,"t=75 [TX] CMD.5 -> FF01"
FF0B,GWN,3,BACKBONE,"t=75 [HANDSHAKE] Lock cleared (was with FF02)"
FF0B,GWN,3,BACKBONE,"t=75 [RETRY] Reset retry state for FF02 (now child)"
FF0B,GWN,3,BACKBONE,"t=75 [STATE] HANDSHAKE -> SECURE"
FF0B,GWN,3,BACKBONE,"t=80 [TX] HB.3 -> FF00"
FF0B,GWN,3,BACKBONE,"t=83 [RX_FWD] Encrypted CMD.5 from Child FF02 -> Queue for Parent FF01"
FF0B,GWN,3,BACKBONE,"t=83 [Q_FWD] Queued CMD.5 (size=1/15)"
FF0B,GWN,3,BACKBONE,"t=86 [RX_FWD] Encrypted CMD.5 from Child FF02 -> Queue for Parent FF01"
FF0B,GWN,3,BACKBONE,"t=86 [Q_FWD] Queued CMD.5 (size=2/15)"
FF0B,GWN,3,BACKBONE,"t=91 [PHY] Neighbour count: 22->23"
FF0B,GWN,3,BACKBONE,"t=94 [ENC_HELLO] TX: gwCh=1; chCh=0; secCh=0; sn=0 (encrypted)"
FF0B,GWN,3,BACKBONE,"t=94 [ENC_HELLO] Retry 2/3 sent (next at t=134)"
FF0B,GWN,3,BACKBONE,"t=134 [ENC_HELLO] TX: gwCh=1; chCh=0; secCh=0; sn=0 (encrypted)"
FF0B,GWN,3,BACKBONE,"t=134 [ENC_HELLO] Retry 3/3 sent (next at t=214)"
FF0B,GWN,3,BACKBONE,"t=135 [PHY] Neighbour count: 23->24"
FF0B,GWN,3,BACKBONE,"t=143 [RX_FWD] Encrypted CMD.5 from Child FF02 -> Queue for Parent FF01"
FF0B,GWN,3,BACKBONE,"t=143 [Q_FWD] Queued CMD.5 (size=3/15)"
FF0B,GWN,3,BACKBONE,"t=170 [PHY] Neighbour count: 24->25"
FF0B,GWN,3,BACKBONE,"t=200 [DEQUEUE] From Q_fwd (waited 117 TFs)"
FF0B,GWN,3,BACKBONE,"t=200 [PHASE_TX] Sent CMD.5 -> FF01 (Q_fwd=2; Q_local=0)"
FF0B,GWN,3,BACKBONE,"t=201 [PHASE_RX] Listening (Q_fwd=2; Q_local=0)"
FF0B,GWN,3,BACKBONE,"t=201 [RX_FWD] Encrypted CMD.5 from Child FF02 -> Queue for Parent FF01"
FF0B,GWN,3,BACKBONE,"t=201 [Q_FWD] Queued CMD.5 (size=3/15)"
FF0B,GWN,3,BACKBONE,"t=202 [PHASE_RX] Listening (Q_fwd=3; Q_local=0)"
FF0B,GWN,3,BACKBONE,"t=202 [RX_FWD] Encrypted CMD.5 from Child FF02 -> Queue for Parent FF01"
FF0B,GWN,3,BACKBONE,"t=202 [Q_FWD] Queued CMD.5 (size=4/15)"
FF0B,GWN,3,BACKBONE,"t=203 [PHASE_RX] Listening (Q_fwd=4; Q_local=0)"
FF0B,GWN,3,BACKBONE,"t=203 [RX_FWD] Encrypted CMD.5 from Child FF02 -> Queue for Parent FF01"
FF0B,GWN,3,BACKBONE,"t=203 [Q_FWD] Queued CMD.5 (size=5/15)"
FF0B,GWN,3,BACKBONE,"t=204 [DEQUEUE] From Q_fwd (waited 118 TFs)"
FF0B,GWN,3,BACKBONE,"t=204 [PHASE_TX] Sent CMD.5 -> FF01 (Q_fwd=4; Q_local=0)"
FF0B,GWN,3,BACKBONE,"t=205 [DEQUEUE] From Q_fwd (waited 62 TFs)"
FF0B,GWN,3,BACKBONE,"t=205 [PHASE_TX] Sent CMD.5 -> FF01 (Q_fwd=3; Q_local=0)"
FF0B,GWN,3,BACKBONE,"t=206 [DEQUEUE] From Q_fwd (waited 5 TFs)"
FF0B,GWN,3,BACKBONE,"t=206 [PHASE_TX] Sent CMD.5 -> FF01 (Q_fwd=2; Q_local=0)"
FF0B,GWN,3,BACKBONE,"t=207 [PHASE_RX] Listening (Q_fwd=2; Q_local=0)"
FF0B,GWN,3,BACKBONE,"t=208 [PHASE_RX] Listening (Q_fwd=2; Q_local=0)"
FF0B,GWN,3,BACKBONE,"t=209 [PHASE_RX] Listening (Q_fwd=2; Q_local=0)"
FF0B,GWN,3,BACKBONE,"t=210 [DEQUEUE] From Q_fwd (waited 8 TFs)"
FF0B,GWN,3,BACKBONE,"t=210 [PHASE_TX] Sent CMD.5 -> FF01 (Q_fwd=1; Q_local=0)"
FF0B,GWN,3,BACKBONE,"t=211 [DEQUEUE] From Q_fwd (waited 8 TFs)"
FF0B,GWN,3,BACKBONE,"t=211 [PHASE_TX] Sent CMD.5 -> FF01 (Q_fwd=0; Q_local=0)"
FF0B,GWN,3,BACKBONE,"t=212 [PHASE_TX] IDLE (queues empty)"
FF0B,GWN,3,BACKBONE,"t=213 [PHASE_RX] Listening (Q_fwd=0; Q_local=0)"
FF0B,GWN,3,BACKBONE,"t=214 [ENC_HELLO] TX: gwCh=1; chCh=0; secCh=0; sn=0 (encrypted)"
FF0B,GWN,3,BACKBONE,"t=214 [ENC_HELLO] Registry refresh #1 sent (next at t=294)"
FF0B,GWN,3,BACKBONE,"t=214 [PHASE_RX] Listening (Q_fwd=0; Q_local=0)"
FF0B,GWN,3,BACKBONE,"t=215 [PHASE_RX] Listening (Q_fwd=0; Q_local=0)"
FF0B,GWN,3,BACKBONE,"t=216 [PHASE_TX] IDLE (queues empty)"
FF0B,GWN,3,BACKBONE,"t=217 [PHASE_TX] IDLE (queues empty)"
FF0B,GWN,3,BACKBONE,"t=218 [PHASE_TX] IDLE (queues empty)"
FF0B,GWN,3,BACKBONE,"t=219 [PHASE_RX] Listening (Q_fwd=0; Q_local=0)"
FF0B,GWN,3,BACKBONE,"t=220 [PHASE_RX] Listening (Q_fwd=0; Q_local=0)"
FF0B,GWN,3,BACKBONE,"t=221 [PHASE_RX] Listening (Q_fwd=0; Q_local=0)"
FF0B,GWN,3,BACKBONE,"t=222 [PHASE_TX] IDLE (queues empty)"
FF0B,GWN,3,BACKBONE,"t=223 [PHASE_TX] IDLE (queues empty)"
FF0B,GWN,3,BACKBONE,"t=223 [RX_FWD] Encrypted CMD.5 from Child FF02 -> Queue for Parent FF01"
FF0B,GWN,3,BACKBONE,"t=223 [Q_FWD] Queued CMD.5 (size=1/15)"
FF0B,GWN,3,BACKBONE,"t=224 [DEQUEUE] From Q_fwd (waited 1 TFs)"
FF0B,GWN,3,BACKBONE,"t=224 [PHASE_TX] Sent CMD.5 -> FF01 (Q_fwd=0; Q_local=0)"
FF0B,GWN,3,BACKBONE,"t=225 [PHASE_RX] Listening (Q_fwd=0; Q_local=0)"
FF0B,GWN,3,BACKBONE,"t=226 [PHASE_RX] Listening (Q_fwd=0; Q_local=0)"
FF0B,GWN,3,BACKBONE,"t=227 [PHASE_RX] Listening (Q_fwd=0; Q_local=0)"
FF0B,GWN,3,BACKBONE,"t=228 [PHASE_TX] IDLE (queues empty)"
FF0B,GWN,3,BACKBONE,"t=229 [PHASE_TX] IDLE (queues empty)"
FF0B,GWN,3,BACKBONE,"t=230 [PHASE_TX] IDLE (queues empty)"
FF0B,GWN,3,BACKBONE,"t=231 [PHASE_RX] Listening (Q_fwd=0; Q_local=0)"
FF0B,GWN,3,BACKBONE,"t=231 [RX_FWD] Encrypted CH_HELLO.1 from Child FF02 -> Queue for Parent FF01"
FF0B,GWN,3,BACKBONE,"t=231 [Q_FWD] Queued CH_HELLO.1 (size=1/15)"
FF0B,GWN,3,BACKBONE,"t=232 [PHASE_RX] Listening (Q_fwd=1; Q_local=0)"
FF0B,GWN,3,BACKBONE,"t=233 [PHASE_RX] Listening (Q_fwd=1; Q_local=0)"
FF0B,GWN,3,BACKBONE,"t=233 [RX_FWD] Encrypted CMD.5 from Child FF02 -> Queue for Parent FF01"
FF0B,GWN,3,BACKBONE,"t=233 [Q_FWD] Queued CMD.5 (size=2/15)"
FF0B,GWN,3,BACKBONE,"t=234 [DEQUEUE] From Q_fwd (waited 3 TFs)"
FF0B,GWN,3,BACKBONE,"t=234 [PHASE_TX] Sent CH_HELLO.1 -> FF01 (Q_fwd=1; Q_local=0)"
FF0B,GWN,3,BACKBONE,"t=234 [Q_LOCAL] Queued CH_HELLO.1 (size=1/15)"
FF0B,GWN,3,BACKBONE,"t=235 [DEQUEUE] From Q_fwd (waited 2 TFs)"
FF0B,GWN,3,BACKBONE,"t=235 [PHASE_TX] Sent CMD.5 -> FF01 (Q_fwd=0; Q_local=1)"
FF0B,GWN,3,BACKBONE,"t=236 [DEQUEUE] From Q_local (waited 2 TFs)"
FF0B,GWN,3,BACKBONE,"t=236 [PHASE_TX] Sent CH_HELLO.1 -> FF01 (Q_fwd=0; Q_local=0)"
FF0B,GWN,3,BACKBONE,"t=237 [PHASE_RX] Listening (Q_fwd=0; Q_local=0)"
FF0B,GWN,3,BACKBONE,"t=238 [PHASE_RX] Listening (Q_fwd=0; Q_local=0)"
FF0B,GWN,3,BACKBONE,"t=239 [PHASE_RX] Listening (Q_fwd=0; Q_local=0)"
FF0B,GWN,3,BACKBONE,"t=240 [PHASE_TX] IDLE (queues empty)"
FF0B,GWN,3,BACKBONE,"t=241 [PHASE_TX] IDLE (queues empty)"
FF0B,GWN,3,BACKBONE,"t=242 [PHASE_TX] IDLE (queues empty)"
FF0B,GWN,3,BACKBONE,"t=243 [PHASE_RX] Listening (Q_fwd=0; Q_local=0)"
FF0B,GWN,3,BACKBONE,"t=244 [PHASE_RX] Listening (Q_fwd=0; Q_local=0)"
FF0B,GWN,3,BACKBONE,"t=245 [PHASE_RX] Listening (Q_fwd=0; Q_local=0)"
FF0B,GWN,3,BACKBONE,"t=246 [PHASE_TX] IDLE (queues empty)"
FF0B,GWN,3,BACKBONE,"t=247 [PHASE_TX] IDLE (queues empty)"
FF0B,GWN,3,BACKBONE,"t=248 [PHASE_TX] IDLE (queues empty)"
FF0B,GWN,3,BACKBONE,"t=249 [PHASE_RX] Listening (Q_fwd=0; Q_local=0)"
FF0B,GWN,3,ACCESS,"t=4 [HELLO_TX] bcast battery=100.0%"
FF0B,GWN,3,ACCESS,"t=4 [PHY] Neighbour count: 2->3"
FF0B,GWN,3,ACCESS,"t=6 [PHY] Neighbour count: 3->4"
FF0B,GWN,3,ACCESS,"t=7 [PHY] Neighbour count: 4->5"
FF0B,GWN,3,ACCESS,"t=8 [HELLO_TX] bcast battery=100.0%"
FF0B,GWN,3,ACCESS,"t=8 [PHY] Neighbour count: 5->6"
FF0B,GWN,3,ACCESS,"t=9 [PHY] Neighbour count: 6->7"
FF0B,GWN,3,ACCESS,"t=10 [PHY] Neighbour count: 7->8"
FF0B,GWN,3,ACCESS,"t=11 [PHY] Neighbour count: 8->9"
FF0B,GWN,3,ACCESS,"t=14 [PHY] Neighbour count: 10->11"
FF0B,GWN,3,ACCESS,"t=15 [PHY] Neighbour count: 11->12"
FF0B,GWN,3,ACCESS,"t=17 [HELLO_TX] bcast battery=100.0%"
FF0B,GWN,3,ACCESS,"t=23 [PHY] Neighbour count: 12->13"
FF0B,GWN,3,ACCESS,"t=25 [PHY] Neighbour count: 13->14"
FF0B,GWN,3,ACCESS,"t=26 [HELLO_TX] bcast battery=100.0%"
FF0B,GWN,3,ACCESS,"t=27 [PHY] Neighbour count: 14->15"
FF0B,GWN,3,ACCESS,"t=31 [HELLO_TX] bcast battery=100.0%"
FF0B,GWN,3,ACCESS,"t=31 [PHY] Neighbour count: 15->16"
FF0B,GWN,3,ACCESS,"t=34 [PHY] Neighbour count: 16->17"
FF0B,GWN,3,ACCESS,"t=39 [PHY] Neighbour count: 18->19"
FF0B,GWN,3,ACCESS,"t=41 [HELLO_TX] bcast battery=100.0%"
FF0B,GWN,3,ACCESS,"t=41 [PHY] Neighbour count: 19->20"
FF0B,GWN,3,ACCESS,"t=42 [PHY] Neighbour count: 20->21"
FF0B,GWN,3,ACCESS,"t=44 [PHY] Neighbour count: 21->22"
FF0B,GWN,3,ACCESS,"t=51 [HELLO_TX] bcast battery=100.0%"
FF0B,GWN,3,ACCESS,"t=56 [HELLO_TX] bcast battery=100.0%"
FF0B,GWN,3,ACCESS,"t=63 [HELLO_TX] bcast battery=100.0%"
FF0B,GWN,3,ACCESS,"t=73 [HELLO_TX] bcast battery=100.0%"
FF0B,GWN,3,ACCESS,"t=81 [HELLO_TX] bcast battery=100.0%"
FF0B,GWN,3,ACCESS,"t=91 [HELLO_TX] bcast battery=100.0%"
FF0B,GWN,3,ACCESS,"t=91 [PHY] Neighbour count: 22->23"
FF0B,GWN,3,ACCESS,"t=101 [HELLO_TX] bcast battery=100.0%"
FF0B,GWN,3,ACCESS,"t=105 [HELLO_TX] bcast battery=100.0%"
FF0B,GWN,3,ACCESS,"t=113 [HELLO_TX] bcast battery=100.0%"
FF0B,GWN,3,ACCESS,"t=122 [HELLO_TX] bcast battery=100.0%"
FF0B,GWN,3,ACCESS,"t=126 [HELLO_TX] bcast battery=100.0%"
FF0B,GWN,3,ACCESS,"t=135 [HELLO_TX] bcast battery=100.0%"
FF0B,GWN,3,ACCESS,"t=135 [PHY] Neighbour count: 23->24"
FF0B,GWN,3,ACCESS,"t=140 [HELLO_TX] bcast battery=100.0%"
FF0B,GWN,3,ACCESS,"t=145 [HELLO_TX] bcast battery=100.0%"
FF0B,GWN,3,ACCESS,"t=152 [HELLO_TX] bcast battery=100.0%"
FF0B,GWN,3,ACCESS,"t=157 [HELLO_TX] bcast battery=100.0%"
FF0B,GWN,3,ACCESS,"t=163 [HELLO_TX] bcast battery=100.0%"
FF0B,GWN,3,ACCESS,"t=170 [PHY] Neighbour count: 24->25"
FF0B,GWN,3,ACCESS,"t=172 [HELLO_TX] bcast battery=100.0%"
FF0B,GWN,3,ACCESS,"t=179 [HELLO_TX] bcast battery=100.0%"
FF0B,GWN,3,ACCESS,"t=188 [HELLO_TX] bcast battery=100.0%"
FF0B,GWN,3,ACCESS,"t=194 [HELLO_TX] bcast battery=100.0%"
FF0B,GWN,3,ACCESS,"t=204 [HELLO_TX] bcast battery=100.0%"
FF0B,GWN,3,ACCESS,"t=206 [RX] CH_CMD.3 <- AA0A"
FF0B,GWN,3,ACCESS,"t=211 [RX] CH_CMD.3 <- AA0A"
FF0B,GWN,3,ACCESS,"t=212 [HELLO_TX] bcast battery=100.0%"
FF0B,GWN,3,ACCESS,"t=219 [HELLO_TX] bcast battery=100.0%"
FF0B,GWN,3,ACCESS,"t=225 [HELLO_TX] bcast battery=100.0%"
FF0B,GWN,3,ACCESS,"t=226 [RX] CH_CMD.3 <- AA0A"
FF0B,GWN,3,ACCESS,"t=227 [RX] CH_CMD.0 <- AA07"
FF0B,GWN,3,ACCESS,"[LOCK][SET] partner=AA07 timeout=4"
FF0B,GWN,3,ACCESS,"t=227 [CH_ACK] -> AA07 (sending key)"
FF0B,GWN,3,ACCESS,"t=230 [HELLO_TX] bcast battery=100.0%"
FF0B,GWN,3,ACCESS,"t=231 [TIMEOUT] Sent CH_REJECT to orphaned AA07"
FF0B,GWN,3,ACCESS,"[LOCK][TIMEOUT] partner=AA07"
FF0B,GWN,3,ACCESS,"t=234 [RX] CH_CMD.2 <- AA07"
FF0B,GWN,3,ACCESS,"[LOCK][CLEAR][CH_SUCCESS] partner=AA07"
FF0B,GWN,3,ACCESS,"t=234 [CH_JOINED] AA07 added to children"
FF0B,GWN,3,ACCESS,"t=239 [HELLO_TX] bcast battery=100.0%"
FF0B,GWN,3,ACCESS,"t=249 [HELLO_TX] bcast battery=100.0%"
FF0B,GWN,3,UNIFIED,"t=2 [PHY] Neighbor count=1"
FF0B,GWN,3,UNIFIED,"t=3 [PHY] Neighbor count=2"
FF0B,GWN,3,UNIFIED,"[BB] t=3 [TX] HB.0 -> <BCAST>"
FF0B,GWN,3,UNIFIED,"[AC] t=4 [HELLO_TX] bcast battery=100.0%"
FF0B,GWN,3,UNIFIED,"t=4 [PHY] Neighbour count: 2->3"
FF0B,GWN,3,UNIFIED,"t=5 [PHY] Neighbor count=3"
FF0B,GWN,3,UNIFIED,"t=6 [PHY] Neighbour count: 3->4"
FF0B,GWN,3,UNIFIED,"t=7 [PHY] Neighbor count=4"
FF0B,GWN,3,UNIFIED,"t=7 [PHY] Neighbour count: 4->5"
FF0B,GWN,3,UNIFIED,"t=8 [PHY] Neighbor count=5"
FF0B,GWN,3,UNIFIED,"[AC] t=8 [HELLO_TX] bcast battery=100.0%"
FF0B,GWN,3,UNIFIED,"t=8 [PHY] Neighbour count: 5->6"
FF0B,GWN,3,UNIFIED,"t=9 [PHY] Neighbor count=6"
FF0B,GWN,3,UNIFIED,"t=9 [PHY] Neighbour count: 6->7"
FF0B,GWN,3,UNIFIED,"t=10 [PHY] Neighbor count=7"
FF0B,GWN,3,UNIFIED,"[BB] t=10 [TX] HB.0 -> <BCAST>"
FF0B,GWN,3,UNIFIED,"t=10 [PHY] Neighbour count: 7->8"
FF0B,GWN,3,UNIFIED,"t=11 [PHY] Neighbor count=8"
FF0B,GWN,3,UNIFIED,"t=11 [PHY] Neighbour count: 8->9"
FF0B,GWN,3,UNIFIED,"t=12 [PHY] Neighbor count=9"
FF0B,GWN,3,UNIFIED,"t=14 [PHY] Neighbor count=10"
FF0B,GWN,3,UNIFIED,"t=14 [PHY] Neighbour count: 10->11"
FF0B,GWN,3,UNIFIED,"t=15 [PHY] Neighbor count=11"
FF0B,GWN,3,UNIFIED,"t=15 [PHY] Neighbour count: 11->12"
FF0B,GWN,3,UNIFIED,"t=16 [PHY] Neighbor count=12"
FF0B,GWN,3,UNIFIED,"[BB] t=17 [TX] HB.0 -> <BCAST>"
FF0B,GWN,3,UNIFIED,"[AC] t=17 [HELLO_TX] bcast battery=100.0%"
FF0B,GWN,3,UNIFIED,"t=22 [STATE] BOOT→DISCOVERY (neighbors=12)"
FF0B,GWN,3,UNIFIED,"t=23 [PHY] Neighbour count: 12->13"
FF0B,GWN,3,UNIFIED,"t=24 [PHY] Neighbor count=13"
FF0B,GWN,3,UNIFIED,"[BB] t=24 [TX] HB.1 -> <BCAST>"
FF0B,GWN,3,UNIFIED,"t=25 [PHY] Neighbour count: 13->14"
FF0B,GWN,3,UNIFIED,"t=26 [PHY] Neighbor count=14"
FF0B,GWN,3,UNIFIED,"[AC] t=26 [HELLO_TX] bcast battery=100.0%"
FF0B,GWN,3,UNIFIED,"t=27 [PHY] Neighbour count: 14->15"
FF0B,GWN,3,UNIFIED,"t=28 [PHY] Neighbor count=15"
FF0B,GWN,3,UNIFIED,"[BB] t=31 [TX] HB.1 -> <BCAST>"
FF0B,GWN,3,UNIFIED,"[AC] t=31 [HELLO_TX] bcast battery=100.0%"
FF0B,GWN,3,UNIFIED,"t=31 [PHY] Neighbour count: 15->16"
FF0B,GWN,3,UNIFIED,"t=32 [PHY] Neighbor count=16"
FF0B,GWN,3,UNIFIED,"t=34 [PHY] Neighbour count: 16->17"
FF0B,GWN,3,UNIFIED,"t=35 [PHY] Neighbor count=17"
FF0B,GWN,3,UNIFIED,"t=36 [PHY] Neighbor count=18"
FF0B,GWN,3,UNIFIED,"[BB] t=38 [TX] HB.1 -> <BCAST>"
FF0B,GWN,3,UNIFIED,"t=39 [PHY] Neighbour count: 18->19"
FF0B,GWN,3,UNIFIED,"t=40 [PHY] Neighbor count=19"
FF0B,GWN,3,UNIFIED,"[AC] t=41 [HELLO_TX] bcast battery=100.0%"
FF0B,GWN,3,UNIFIED,"t=41 [PHY] Neighbour count: 19->20"
FF0B,GWN,3,UNIFIED,"t=42 [PHY] Neighbor count=20"
FF0B,GWN,3,UNIFIED,"t=42 [PHY] Neighbour count: 20->21"
FF0B,GWN,3,UNIFIED,"t=43 [PHY] Neighbor count=21"
FF0B,GWN,3,UNIFIED,"t=44 [PHY] Neighbour count: 21->22"
FF0B,GWN,3,UNIFIED,"t=45 [PHY] Neighbor count=22"
FF0B,GWN,3,UNIFIED,"[BB] t=45 [TX] HB.1 -> <BCAST>"
FF0B,GWN,3,UNIFIED,"[AC] t=51 [HELLO_TX] bcast battery=100.0%"
FF0B,GWN,3,UNIFIED,"[BB] t=52 [TX] HB.1 -> <BCAST>"
FF0B,GWN,3,UNIFIED,"[AC] t=56 [HELLO_TX] bcast battery=100.0%"
FF0B,GWN,3,UNIFIED,"[BB] t=59 [TX] HB.1 -> <BCAST>"
FF0B,GWN,3,UNIFIED,"[BB] t=59 [RX] CMD.0 <- FF01 RSSI=0.3"
FF0B,GWN,3,UNIFIED,"[BB] t=59 [TX] CMD.1 -> FF01"
FF0B,GWN,3,UNIFIED,"[BB] t=59 [TX] CMD.1 -> FF01"
FF0B,GWN,3,UNIFIED,"[BB] t=59 [STATE] DISCOVERY -> HANDSHAKE"
FF0B,GWN,3,UNIFIED,"[BB] [LOCK][SET] partner=FF01 timeout=6"
FF0B,GWN,3,UNIFIED,"[BB] t=59 [HANDSHAKE] Lock set with FF01 (timer=6)"
FF0B,GWN,3,UNIFIED,"[AC] t=63 [HELLO_TX] bcast battery=100.0%"
FF0B,GWN,3,UNIFIED,"[BB] t=63 [RX] CMD.2 <- FF01 RSSI=0.3"
FF0B,GWN,3,UNIFIED,"[BB] [LOCK][REFRESH] partner=FF01 timeout=6"
FF0B,GWN,3,UNIFIED,"[BB] [LOCK][SET] partner=FF01 timeout=6"
FF0B,GWN,3,UNIFIED,"[BB] t=63 [PARENT] Set parent -> FF01"
FF0B,GWN,3,UNIFIED,"[BB] t=64 [RX] CMD.4 <- FF01 RSSI=0.3"
FF0B,GWN,3,UNIFIED,"[BB] [LOCK][REFRESH] partner=FF01 timeout=6"
FF0B,GWN,3,UNIFIED,"[BB] t=64 [PHASE] Inherited phaseOffset=0 from parent FF01"
FF0B,GWN,3,UNIFIED,"[BB] t=64 [ENC_HELLO] TX: gwCh=0; chCh=0; secCh=0; sn=0 (encrypted)"
FF0B,GWN,3,UNIFIED,"[BB] t=64 [TX] CMD.5 -> FF01"
FF0B,GWN,3,UNIFIED,"[BB] [LOCK][CLEAR][ENC_HELLO_TX] partner=FF01"
FF0B,GWN,3,UNIFIED,"[BB] t=64 [HANDSHAKE] Lock cleared (was with FF01)"
FF0B,GWN,3,UNIFIED,"t=68 [RECRUIT] INIT(1/4) -> FF02"
FF0B,GWN,3,UNIFIED,"[BB] [LOCK][SET] partner=FF02 timeout=6"
FF0B,GWN,3,UNIFIED,"[BB] t=68 [HANDSHAKE] Lock set with FF02 (timer=6)"
FF0B,GWN,3,UNIFIED,"[BB] [LOCK][SET] partner=FF02 timeout=6"
FF0B,GWN,3,UNIFIED,"[BB] t=68 [TX] CMD.0 -> FF02"
FF0B,GWN,3,UNIFIED,"[BB] t=70 [RX] CMD.1 <- FF02 RSSI=0.2"
FF0B,GWN,3,UNIFIED,"[BB] [LOCK][REFRESH] partner=FF02 timeout=6"
FF0B,GWN,3,UNIFIED,"[BB] t=70 [TX] CMD.2 -> FF02"
FF0B,GWN,3,UNIFIED,"[BB] [LOCK][REFRESH] partner=FF02 timeout=6"
FF0B,GWN,3,UNIFIED,"[BB] t=70 [HANDSHAKE] FF02 added to pendingChildren (awaiting ENC_HELLO)"
FF0B,GWN,3,UNIFIED,"[BB] t=70 [TX] CMD.4 -> FF02"
FF0B,GWN,3,UNIFIED,"[BB] t=70 [PHASE] Sending phaseOffset=1 to child FF02 (self=0)"
FF0B,GWN,3,UNIFIED,"[BB] [LOCK][REFRESH] partner=FF02 timeout=6"
FF0B,GWN,3,UNIFIED,"[BB] [LOCK][SET] partner=FF02 timeout=6"
FF0B,GWN,3,UNIFIED,"[AC] t=73 [HELLO_TX] bcast battery=100.0%"
FF0B,GWN,3,UNIFIED,"[BB] t=74 [ENC_HELLO] TX: gwCh=0; chCh=0; secCh=0; sn=0 (encrypted)"
FF0B,GWN,3,UNIFIED,"[BB] t=74 [ENC_HELLO] Retry 1/3 sent (next at t=94)"
FF0B,GWN,3,UNIFIED,"[BB] t=75 [RX] CMD.5 <- FF02 RSSI=0.2"
FF0B,GWN,3,UNIFIED,"[BB] t=75 [HANDSHAKE] FF02 promoted to children (ENC_HELLO received)"
FF0B,GWN,3,UNIFIED,"[BB] [LOCK][CLEAR][ENC_HELLO_RX] partner=FF02"
FF0B,GWN,3,UNIFIED,"[BB] t=75 [TX] CMD.5 -> FF01"
FF0B,GWN,3,UNIFIED,"[BB] t=75 [HANDSHAKE] Lock cleared (was with FF02)"
FF0B,GWN,3,UNIFIED,"[BB] t=75 [RETRY] Reset retry state for FF02 (now child)"
FF0B,GWN,3,UNIFIED,"[BB] t=75 [STATE] HANDSHAKE -> SECURE"
FF0B,GWN,3,UNIFIED,"[BB] t=80 [TX] HB.3 -> FF00"
FF0B,GWN,3,UNIFIED,"[AC] t=81 [HELLO_TX] bcast battery=100.0%"
FF0B,GWN,3,UNIFIED,"[BB] t=83 [RX_FWD] Encrypted CMD.5 from Child FF02 -> Queue for Parent FF01"
FF0B,GWN,3,UNIFIED,"[BB] t=83 [Q_FWD] Queued CMD.5 (size=1/15)"
FF0B,GWN,3,UNIFIED,"[BB] t=86 [RX_FWD] Encrypted CMD.5 from Child FF02 -> Queue for Parent FF01"
FF0B,GWN,3,UNIFIED,"[BB] t=86 [Q_FWD] Queued CMD.5 (size=2/15)"
FF0B,GWN,3,UNIFIED,"[AC] t=91 [HELLO_TX] bcast battery=100.0%"
FF0B,GWN,3,UNIFIED,"t=91 [PHY] Neighbour count: 22->23"
FF0B,GWN,3,UNIFIED,"t=92 [PHY] Neighbor count=23"
FF0B,GWN,3,UNIFIED,"[BB] t=94 [ENC_HELLO] TX: gwCh=1; chCh=0; secCh=0; sn=0 (encrypted)"
FF0B,GWN,3,UNIFIED,"[BB] t=94 [ENC_HELLO] Retry 2/3 sent (next at t=134)"
FF0B,GWN,3,UNIFIED,"[AC] t=101 [HELLO_TX] bcast battery=100.0%"
FF0B,GWN,3,UNIFIED,"[AC] t=105 [HELLO_TX] bcast battery=100.0%"
FF0B,GWN,3,UNIFIED,"[AC] t=113 [HELLO_TX] bcast battery=100.0%"
FF0B,GWN,3,UNIFIED,"[AC] t=122 [HELLO_TX] bcast battery=100.0%"
FF0B,GWN,3,UNIFIED,"[AC] t=126 [HELLO_TX] bcast battery=100.0%"
FF0B,GWN,3,UNIFIED,"[BB] t=134 [ENC_HELLO] TX: gwCh=1; chCh=0; secCh=0; sn=0 (encrypted)"
FF0B,GWN,3,UNIFIED,"[BB] t=134 [ENC_HELLO] Retry 3/3 sent (next at t=214)"
FF0B,GWN,3,UNIFIED,"[AC] t=135 [HELLO_TX] bcast battery=100.0%"
FF0B,GWN,3,UNIFIED,"t=135 [PHY] Neighbour count: 23->24"
FF0B,GWN,3,UNIFIED,"t=136 [PHY] Neighbor count=24"
FF0B,GWN,3,UNIFIED,"[AC] t=140 [HELLO_TX] bcast battery=100.0%"
FF0B,GWN,3,UNIFIED,"[BB] t=143 [RX_FWD] Encrypted CMD.5 from Child FF02 -> Queue for Parent FF01"
FF0B,GWN,3,UNIFIED,"[BB] t=143 [Q_FWD] Queued CMD.5 (size=3/15)"
FF0B,GWN,3,UNIFIED,"[AC] t=145 [HELLO_TX] bcast battery=100.0%"
FF0B,GWN,3,UNIFIED,"[AC] t=152 [HELLO_TX] bcast battery=100.0%"
FF0B,GWN,3,UNIFIED,"[AC] t=157 [HELLO_TX] bcast battery=100.0%"
FF0B,GWN,3,UNIFIED,"[AC] t=163 [HELLO_TX] bcast battery=100.0%"
FF0B,GWN,3,UNIFIED,"t=170 [PHY] Neighbour count: 24->25"
FF0B,GWN,3,UNIFIED,"t=171 [PHY] Neighbor count=25"
FF0B,GWN,3,UNIFIED,"[AC] t=172 [HELLO_TX] bcast battery=100.0%"
FF0B,GWN,3,UNIFIED,"[AC] t=179 [HELLO_TX] bcast battery=100.0%"
FF0B,GWN,3,UNIFIED,"[AC] t=188 [HELLO_TX] bcast battery=100.0%"
FF0B,GWN,3,UNIFIED,"[AC] t=194 [HELLO_TX] bcast battery=100.0%"
FF0B,GWN,3,UNIFIED,"[BB] t=200 [DEQUEUE] From Q_fwd (waited 117 TFs)"
FF0B,GWN,3,UNIFIED,"[BB] t=200 [PHASE_TX] Sent CMD.5 -> FF01 (Q_fwd=2; Q_local=0)"
FF0B,GWN,3,UNIFIED,"[BB] t=201 [PHASE_RX] Listening (Q_fwd=2; Q_local=0)"
FF0B,GWN,3,UNIFIED,"[BB] t=201 [RX_FWD] Encrypted CMD.5 from Child FF02 -> Queue for Parent FF01"
FF0B,GWN,3,UNIFIED,"[BB] t=201 [Q_FWD] Queued CMD.5 (size=3/15)"
FF0B,GWN,3,UNIFIED,"[BB] t=202 [PHASE_RX] Listening (Q_fwd=3; Q_local=0)"
FF0B,GWN,3,UNIFIED,"[BB] t=202 [RX_FWD] Encrypted CMD.5 from Child FF02 -> Queue for Parent FF01"
FF0B,GWN,3,UNIFIED,"[BB] t=202 [Q_FWD] Queued CMD.5 (size=4/15)"
FF0B,GWN,3,UNIFIED,"[BB] t=203 [PHASE_RX] Listening (Q_fwd=4; Q_local=0)"
FF0B,GWN,3,UNIFIED,"[BB] t=203 [RX_FWD] Encrypted CMD.5 from Child FF02 -> Queue for Parent FF01"
FF0B,GWN,3,UNIFIED,"[BB] t=203 [Q_FWD] Queued CMD.5 (size=5/15)"
FF0B,GWN,3,UNIFIED,"[BB] t=204 [DEQUEUE] From Q_fwd (waited 118 TFs)"
FF0B,GWN,3,UNIFIED,"[BB] t=204 [PHASE_TX] Sent CMD.5 -> FF01 (Q_fwd=4; Q_local=0)"
FF0B,GWN,3,UNIFIED,"[AC] t=204 [HELLO_TX] bcast battery=100.0%"
FF0B,GWN,3,UNIFIED,"[BB] t=205 [DEQUEUE] From Q_fwd (waited 62 TFs)"
FF0B,GWN,3,UNIFIED,"[BB] t=205 [PHASE_TX] Sent CMD.5 -> FF01 (Q_fwd=3; Q_local=0)"
FF0B,GWN,3,UNIFIED,"[BB] t=206 [DEQUEUE] From Q_fwd (waited 5 TFs)"
FF0B,GWN,3,UNIFIED,"[BB] t=206 [PHASE_TX] Sent CMD.5 -> FF01 (Q_fwd=2; Q_local=0)"
FF0B,GWN,3,UNIFIED,"[AC] t=206 [RX] CH_CMD.3 <- AA0A"
FF0B,GWN,3,UNIFIED,"[BB] t=207 [PHASE_RX] Listening (Q_fwd=2; Q_local=0)"
FF0B,GWN,3,UNIFIED,"[BB] t=208 [PHASE_RX] Listening (Q_fwd=2; Q_local=0)"
FF0B,GWN,3,UNIFIED,"[BB] t=209 [PHASE_RX] Listening (Q_fwd=2; Q_local=0)"
FF0B,GWN,3,UNIFIED,"[BB] t=210 [DEQUEUE] From Q_fwd (waited 8 TFs)"
FF0B,GWN,3,UNIFIED,"[BB] t=210 [PHASE_TX] Sent CMD.5 -> FF01 (Q_fwd=1; Q_local=0)"
FF0B,GWN,3,UNIFIED,"[BB] t=211 [DEQUEUE] From Q_fwd (waited 8 TFs)"
FF0B,GWN,3,UNIFIED,"[BB] t=211 [PHASE_TX] Sent CMD.5 -> FF01 (Q_fwd=0; Q_local=0)"
FF0B,GWN,3,UNIFIED,"[AC] t=211 [RX] CH_CMD.3 <- AA0A"
FF0B,GWN,3,UNIFIED,"[BB] t=212 [PHASE_TX] IDLE (queues empty)"
FF0B,GWN,3,UNIFIED,"[AC] t=212 [HELLO_TX] bcast battery=100.0%"
FF0B,GWN,3,UNIFIED,"[BB] t=213 [PHASE_RX] Listening (Q_fwd=0; Q_local=0)"
FF0B,GWN,3,UNIFIED,"[BB] t=214 [ENC_HELLO] TX: gwCh=1; chCh=0; secCh=0; sn=0 (encrypted)"
FF0B,GWN,3,UNIFIED,"[BB] t=214 [ENC_HELLO] Registry refresh #1 sent (next at t=294)"
FF0B,GWN,3,UNIFIED,"[BB] t=214 [PHASE_RX] Listening (Q_fwd=0; Q_local=0)"
FF0B,GWN,3,UNIFIED,"[BB] t=215 [PHASE_RX] Listening (Q_fwd=0; Q_local=0)"
FF0B,GWN,3,UNIFIED,"[BB] t=216 [PHASE_TX] IDLE (queues empty)"
FF0B,GWN,3,UNIFIED,"[BB] t=217 [PHASE_TX] IDLE (queues empty)"
FF0B,GWN,3,UNIFIED,"[BB] t=218 [PHASE_TX] IDLE (queues empty)"
FF0B,GWN,3,UNIFIED,"[BB] t=219 [PHASE_RX] Listening (Q_fwd=0; Q_local=0)"
FF0B,GWN,3,UNIFIED,"[AC] t=219 [HELLO_TX] bcast battery=100.0%"
FF0B,GWN,3,UNIFIED,"[BB] t=220 [PHASE_RX] Listening (Q_fwd=0; Q_local=0)"
FF0B,GWN,3,UNIFIED,"[BB] t=221 [PHASE_RX] Listening (Q_fwd=0; Q_local=0)"
FF0B,GWN,3,UNIFIED,"[BB] t=222 [PHASE_TX] IDLE (queues empty)"
FF0B,GWN,3,UNIFIED,"[BB] t=223 [PHASE_TX] IDLE (queues empty)"
FF0B,GWN,3,UNIFIED,"[BB] t=223 [RX_FWD] Encrypted CMD.5 from Child FF02 -> Queue for Parent FF01"
FF0B,GWN,3,UNIFIED,"[BB] t=223 [Q_FWD] Queued CMD.5 (size=1/15)"
FF0B,GWN,3,UNIFIED,"[BB] t=224 [DEQUEUE] From Q_fwd (waited 1 TFs)"
FF0B,GWN,3,UNIFIED,"[BB] t=224 [PHASE_TX] Sent CMD.5 -> FF01 (Q_fwd=0; Q_local=0)"
FF0B,GWN,3,UNIFIED,"[BB] t=225 [PHASE_RX] Listening (Q_fwd=0; Q_local=0)"
FF0B,GWN,3,UNIFIED,"[AC] t=225 [HELLO_TX] bcast battery=100.0%"
FF0B,GWN,3,UNIFIED,"[BB] t=226 [PHASE_RX] Listening (Q_fwd=0; Q_local=0)"
FF0B,GWN,3,UNIFIED,"[AC] t=226 [RX] CH_CMD.3 <- AA0A"
FF0B,GWN,3,UNIFIED,"[BB] t=227 [PHASE_RX] Listening (Q_fwd=0; Q_local=0)"
FF0B,GWN,3,UNIFIED,"[AC] t=227 [RX] CH_CMD.0 <- AA07"
FF0B,GWN,3,UNIFIED,"[AC] [LOCK][SET] partner=AA07 timeout=4"
FF0B,GWN,3,UNIFIED,"[AC] t=227 [CH_ACK] -> AA07 (sending key)"
FF0B,GWN,3,UNIFIED,"[BB] t=228 [PHASE_TX] IDLE (queues empty)"
FF0B,GWN,3,UNIFIED,"[BB] t=229 [PHASE_TX] IDLE (queues empty)"
FF0B,GWN,3,UNIFIED,"[BB] t=230 [PHASE_TX] IDLE (queues empty)"
FF0B,GWN,3,UNIFIED,"[AC] t=230 [HELLO_TX] bcast battery=100.0%"
FF0B,GWN,3,UNIFIED,"[AC] t=231 [TIMEOUT] Sent CH_REJECT to orphaned AA07"
FF0B,GWN,3,UNIFIED,"[AC] [LOCK][TIMEOUT] partner=AA07"
FF0B,GWN,3,UNIFIED,"[BB] t=231 [PHASE_RX] Listening (Q_fwd=0; Q_local=0)"
FF0B,GWN,3,UNIFIED,"[BB] t=231 [RX_FWD] Encrypted CH_HELLO.1 from Child FF02 -> Queue for Parent FF01"
FF0B,GWN,3,UNIFIED,"[BB] t=231 [Q_FWD] Queued CH_HELLO.1 (size=1/15)"
FF0B,GWN,3,UNIFIED,"[BB] t=232 [PHASE_RX] Listening (Q_fwd=1; Q_local=0)"
FF0B,GWN,3,UNIFIED,"[BB] t=233 [PHASE_RX] Listening (Q_fwd=1; Q_local=0)"
FF0B,GWN,3,UNIFIED,"[BB] t=233 [RX_FWD] Encrypted CMD.5 from Child FF02 -> Queue for Parent FF01"
FF0B,GWN,3,UNIFIED,"[BB] t=233 [Q_FWD] Queued CMD.5 (size=2/15)"
FF0B,GWN,3,UNIFIED,"[BB] t=234 [DEQUEUE] From Q_fwd (waited 3 TFs)"
FF0B,GWN,3,UNIFIED,"[BB] t=234 [PHASE_TX] Sent CH_HELLO.1 -> FF01 (Q_fwd=1; Q_local=0)"
FF0B,GWN,3,UNIFIED,"[AC] t=234 [RX] CH_CMD.2 <- AA07"
FF0B,GWN,3,UNIFIED,"[AC] [LOCK][CLEAR][CH_SUCCESS] partner=AA07"
FF0B,GWN,3,UNIFIED,"[AC] t=234 [CH_JOINED] AA07 added to children"
FF0B,GWN,3,UNIFIED,"[BB] t=234 [Q_LOCAL] Queued CH_HELLO.1 (size=1/15)"
FF0B,GWN,3,UNIFIED,"[BB] t=235 [DEQUEUE] From Q_fwd (waited 2 TFs)"
FF0B,GWN,3,UNIFIED,"[BB] t=235 [PHASE_TX] Sent CMD.5 -> FF01 (Q_fwd=0; Q_local=1)"
FF0B,GWN,3,UNIFIED,"[BB] t=236 [DEQUEUE] From Q_local (waited 2 TFs)"
FF0B,GWN,3,UNIFIED,"[BB] t=236 [PHASE_TX] Sent CH_HELLO.1 -> FF01 (Q_fwd=0; Q_local=0)"
FF0B,GWN,3,UNIFIED,"[BB] t=237 [PHASE_RX] Listening (Q_fwd=0; Q_local=0)"
FF0B,GWN,3,UNIFIED,"[BB] t=238 [PHASE_RX] Listening (Q_fwd=0; Q_local=0)"
FF0B,GWN,3,UNIFIED,"[BB] t=239 [PHASE_RX] Listening (Q_fwd=0; Q_local=0)"
FF0B,GWN,3,UNIFIED,"[AC] t=239 [HELLO_TX] bcast battery=100.0%"
FF0B,GWN,3,UNIFIED,"[BB] t=240 [PHASE_TX] IDLE (queues empty)"
FF0B,GWN,3,UNIFIED,"[BB] t=241 [PHASE_TX] IDLE (queues empty)"
FF0B,GWN,3,UNIFIED,"[BB] t=242 [PHASE_TX] IDLE (queues empty)"
FF0B,GWN,3,UNIFIED,"[BB] t=243 [PHASE_RX] Listening (Q_fwd=0; Q_local=0)"
FF0B,GWN,3,UNIFIED,"[BB] t=244 [PHASE_RX] Listening (Q_fwd=0; Q_local=0)"
FF0B,GWN,3,UNIFIED,"[BB] t=245 [PHASE_RX] Listening (Q_fwd=0; Q_local=0)"
FF0B,GWN,3,UNIFIED,"[BB] t=246 [PHASE_TX] IDLE (queues empty)"
FF0B,GWN,3,UNIFIED,"[BB] t=247 [PHASE_TX] IDLE (queues empty)"
FF0B,GWN,3,UNIFIED,"[BB] t=248 [PHASE_TX] IDLE (queues empty)"
FF0B,GWN,3,UNIFIED,"[BB] t=249 [PHASE_RX] Listening (Q_fwd=0; Q_local=0)"
FF0B,GWN,3,UNIFIED,"[AC] t=249 [HELLO_TX] bcast battery=100.0%"
FF0C,GWN,3,BACKBONE,"t=4 [PHY] Neighbour count: 3->4"
FF0C,GWN,3,BACKBONE,"t=5 [TX] HB.0 -> <BCAST>"
FF0C,GWN,3,BACKBONE,"t=5 [PHY] Neighbour count: 4->5"
FF0C,GWN,3,BACKBONE,"t=6 [PHY] Neighbour count: 5->6"
FF0C,GWN,3,BACKBONE,"t=7 [PHY] Neighbour count: 6->7"
FF0C,GWN,3,BACKBONE,"t=8 [PHY] Neighbour count: 7->8"
FF0C,GWN,3,BACKBONE,"t=10 [PHY] Neighbour count: 8->9"
FF0C,GWN,3,BACKBONE,"t=11 [PHY] Neighbour count: 9->10"
FF0C,GWN,3,BACKBONE,"t=12 [TX] HB.0 -> <BCAST>"
FF0C,GWN,3,BACKBONE,"t=14 [PHY] Neighbour count: 10->11"
FF0C,GWN,3,BACKBONE,"t=17 [PHY] Neighbour count: 11->12"
FF0C,GWN,3,BACKBONE,"t=19 [TX] HB.0 -> <BCAST>"
FF0C,GWN,3,BACKBONE,"t=25 [PHY] Neighbour count: 12->13"
FF0C,GWN,3,BACKBONE,"t=26 [TX] HB.1 -> <BCAST>"
FF0C,GWN,3,BACKBONE,"t=28 [PHY] Neighbour count: 13->14"
FF0C,GWN,3,BACKBONE,"t=29 [PHY] Neighbour count: 14->15"
FF0C,GWN,3,BACKBONE,"t=33 [TX] HB.1 -> <BCAST>"
FF0C,GWN,3,BACKBONE,"t=39 [RX] CMD.0 <- FF03 RSSI=0.1"
FF0C,GWN,3,BACKBONE,"t=39 [TX] CMD.1 -> FF03"
FF0C,GWN,3,BACKBONE,"t=39 [TX] CMD.1 -> FF03"
FF0C,GWN,3,BACKBONE,"t=39 [STATE] DISCOVERY -> HANDSHAKE"
FF0C,GWN,3,BACKBONE,"[LOCK][SET] partner=FF03 timeout=6"
FF0C,GWN,3,BACKBONE,"t=39 [HANDSHAKE] Lock set with FF03 (timer=6)"
FF0C,GWN,3,BACKBONE,"t=43 [RX] CMD.2 <- FF03 RSSI=0.1"
FF0C,GWN,3,BACKBONE,"[LOCK][REFRESH] partner=FF03 timeout=6"
FF0C,GWN,3,BACKBONE,"[LOCK][SET] partner=FF03 timeout=6"
FF0C,GWN,3,BACKBONE,"t=43 [PARENT] Set parent -> FF03"
FF0C,GWN,3,BACKBONE,"t=44 [RX] CMD.4 <- FF03 RSSI=0.1"
FF0C,GWN,3,BACKBONE,"[LOCK][REFRESH] partner=FF03 timeout=6"
FF0C,GWN,3,BACKBONE,"t=44 [PHASE] Inherited phaseOffset=1 from parent FF03"
FF0C,GWN,3,BACKBONE,"t=44 [ENC_HELLO] TX: gwCh=0; chCh=0; secCh=0; sn=0 (encrypted)"
FF0C,GWN,3,BACKBONE,"t=44 [TX] CMD.5 -> FF03"
FF0C,GWN,3,BACKBONE,"[LOCK][CLEAR][ENC_HELLO_TX] partner=FF03"
FF0C,GWN,3,BACKBONE,"t=44 [HANDSHAKE] Lock cleared (was with FF03)"
FF0C,GWN,3,BACKBONE,"[LOCK][SET] partner=FF07 timeout=6"
FF0C,GWN,3,BACKBONE,"t=48 [HANDSHAKE] Lock set with FF07 (timer=6)"
FF0C,GWN,3,BACKBONE,"[LOCK][SET] partner=FF07 timeout=6"
FF0C,GWN,3,BACKBONE,"t=48 [TX] CMD.0 -> FF07"
FF0C,GWN,3,BACKBONE,"t=50 [RX] CMD.1 <- FF07 RSSI=0.1"
FF0C,GWN,3,BACKBONE,"[LOCK][REFRESH] partner=FF07 timeout=6"
FF0C,GWN,3,BACKBONE,"t=50 [TX] CMD.2 -> FF07"
FF0C,GWN,3,BACKBONE,"[LOCK][REFRESH] partner=FF07 timeout=6"
FF0C,GWN,3,BACKBONE,"t=50 [HANDSHAKE] FF07 added to pendingChildren (awaiting ENC_HELLO)"
FF0C,GWN,3,BACKBONE,"t=50 [TX] CMD.4 -> FF07"
FF0C,GWN,3,BACKBONE,"t=50 [PHASE] Sending phaseOffset=0 to child FF07 (self=1)"
FF0C,GWN,3,BACKBONE,"[LOCK][REFRESH] partner=FF07 timeout=6"
FF0C,GWN,3,BACKBONE,"[LOCK][SET] partner=FF07 timeout=6"
FF0C,GWN,3,BACKBONE,"t=54 [ENC_HELLO] TX: gwCh=0; chCh=0; secCh=0; sn=0 (encrypted)"
FF0C,GWN,3,BACKBONE,"t=54 [ENC_HELLO] Retry 1/3 sent (next at t=74)"
FF0C,GWN,3,BACKBONE,"t=55 [RX] CMD.5 <- FF07 RSSI=0.1"
FF0C,GWN,3,BACKBONE,"t=55 [HANDSHAKE] FF07 promoted to children (ENC_HELLO received)"
FF0C,GWN,3,BACKBONE,"[LOCK][CLEAR][ENC_HELLO_RX] partner=FF07"
FF0C,GWN,3,BACKBONE,"t=55 [TX] CMD.5 -> FF03"
FF0C,GWN,3,BACKBONE,"t=55 [HANDSHAKE] Lock cleared (was with FF07)"
FF0C,GWN,3,BACKBONE,"t=55 [RETRY] Reset retry state for FF07 (now child)"
FF0C,GWN,3,BACKBONE,"t=55 [STATE] HANDSHAKE -> SECURE"
FF0C,GWN,3,BACKBONE,"t=56 [PHY] Neighbour count: 15->16"
FF0C,GWN,3,BACKBONE,"t=63 [RX_FWD] Encrypted CMD.5 from Child FF07 -> Queue for Parent FF03"
FF0C,GWN,3,BACKBONE,"t=63 [Q_FWD] Queued CMD.5 (size=1/15)"
FF0C,GWN,3,BACKBONE,"t=65 [PHY] Neighbour count: 16->17"
FF0C,GWN,3,BACKBONE,"t=66 [RX_FWD] Encrypted CMD.5 from Child FF07 -> Queue for Parent FF03"
FF0C,GWN,3,BACKBONE,"t=66 [Q_FWD] Queued CMD.5 (size=2/15)"
FF0C,GWN,3,BACKBONE,"t=74 [ENC_HELLO] TX: gwCh=1; chCh=0; secCh=0; sn=0 (encrypted)"
FF0C,GWN,3,BACKBONE,"t=74 [ENC_HELLO] Retry 2/3 sent (next at t=114)"
FF0C,GWN,3,BACKBONE,"t=75 [PHY] Neighbour count: 17->18"
FF0C,GWN,3,BACKBONE,"t=83 [RX_FWD] Encrypted CMD.5 from Child FF07 -> Queue for Parent FF03"
FF0C,GWN,3,BACKBONE,"t=83 [Q_FWD] Queued CMD.5 (size=3/15)"
FF0C,GWN,3,BACKBONE,"t=114 [ENC_HELLO] TX: gwCh=1; chCh=0; secCh=0; sn=0 (encrypted)"
FF0C,GWN,3,BACKBONE,"t=114 [ENC_HELLO] Retry 3/3 sent (next at t=194)"
FF0C,GWN,3,BACKBONE,"t=123 [RX_FWD] Encrypted CMD.5 from Child FF07 -> Queue for Parent FF03"
FF0C,GWN,3,BACKBONE,"t=123 [Q_FWD] Queued CMD.5 (size=4/15)"
FF0C,GWN,3,BACKBONE,"t=194 [ENC_HELLO] TX: gwCh=1; chCh=0; secCh=0; sn=0 (encrypted)"
FF0C,GWN,3,BACKBONE,"t=194 [ENC_HELLO] Registry refresh #1 sent (next at t=274)"
FF0C,GWN,3,BACKBONE,"t=194 [PHY] Neighbour count: 18->19"
FF0C,GWN,3,BACKBONE,"t=200 [PHASE_RX] Listening (Q_fwd=4; Q_local=0)"
FF0C,GWN,3,BACKBONE,"t=200 [RX_FWD] Encrypted CMD.5 from Child FF07 -> Queue for Parent FF03"
FF0C,GWN,3,BACKBONE,"t=200 [Q_FWD] Queued CMD.5 (size=5/15)"
FF0C,GWN,3,BACKBONE,"t=201 [DEQUEUE] From Q_fwd (waited 138 TFs)"
FF0C,GWN,3,BACKBONE,"t=201 [PHASE_TX] Sent CMD.5 -> FF03 (Q_fwd=4; Q_local=0)"
FF0C,GWN,3,BACKBONE,"t=202 [DEQUEUE] From Q_fwd (waited 136 TFs)"
FF0C,GWN,3,BACKBONE,"t=202 [PHASE_TX] Sent CMD.5 -> FF03 (Q_fwd=3; Q_local=0)"
FF0C,GWN,3,BACKBONE,"t=203 [DEQUEUE] From Q_fwd (waited 120 TFs)"
FF0C,GWN,3,BACKBONE,"t=203 [PHASE_TX] Sent CMD.5 -> FF03 (Q_fwd=2; Q_local=0)"
FF0C,GWN,3,BACKBONE,"t=203 [RX_FWD] Encrypted CMD.5 from Child FF07 -> Queue for Parent FF03"
FF0C,GWN,3,BACKBONE,"t=203 [Q_FWD] Queued CMD.5 (size=3/15)"
FF0C,GWN,3,BACKBONE,"t=204 [PHASE_RX] Listening (Q_fwd=3; Q_local=0)"
FF0C,GWN,3,BACKBONE,"t=204 [RX_FWD] Encrypted CMD.5 from Child FF07 -> Queue for Parent FF03"
FF0C,GWN,3,BACKBONE,"t=204 [Q_FWD] Queued CMD.5 (size=4/15)"
FF0C,GWN,3,BACKBONE,"t=205 [PHASE_RX] Listening (Q_fwd=4; Q_local=0)"
FF0C,GWN,3,BACKBONE,"t=205 [RX_FWD] Encrypted CMD.5 from Child FF07 -> Queue for Parent FF03"
FF0C,GWN,3,BACKBONE,"t=205 [Q_FWD] Queued CMD.5 (size=5/15)"
FF0C,GWN,3,BACKBONE,"t=206 [PHASE_RX] Listening (Q_fwd=5; Q_local=0)"
FF0C,GWN,3,BACKBONE,"t=206 [RX_FWD] Encrypted CMD.5 from Child FF07 -> Queue for Parent FF03"
FF0C,GWN,3,BACKBONE,"t=206 [Q_FWD] Queued CMD.5 (size=6/15)"
FF0C,GWN,3,BACKBONE,"t=207 [DEQUEUE] From Q_fwd (waited 84 TFs)"
FF0C,GWN,3,BACKBONE,"t=207 [PHASE_TX] Sent CMD.5 -> FF03 (Q_fwd=5; Q_local=0)"
FF0C,GWN,3,BACKBONE,"t=208 [DEQUEUE] From Q_fwd (waited 8 TFs)"
FF0C,GWN,3,BACKBONE,"t=208 [PHASE_TX] Sent CMD.5 -> FF03 (Q_fwd=4; Q_local=0)"
FF0C,GWN,3,BACKBONE,"t=209 [DEQUEUE] From Q_fwd (waited 6 TFs)"
FF0C,GWN,3,BACKBONE,"t=209 [PHASE_TX] Sent CMD.5 -> FF03 (Q_fwd=3; Q_local=0)"
FF0C,GWN,3,BACKBONE,"t=210 [PHASE_RX] Listening (Q_fwd=3; Q_local=0)"
FF0C,GWN,3,BACKBONE,"t=210 [RX_FWD] Encrypted CMD.5 from Child FF07 -> Queue for Parent FF03"
FF0C,GWN,3,BACKBONE,"t=210 [Q_FWD] Queued CMD.5 (size=4/15)"
FF0C,GWN,3,BACKBONE,"t=211 [PHASE_RX] Listening (Q_fwd=4; Q_local=0)"
FF0C,GWN,3,BACKBONE,"t=211 [RX_FWD] Encrypted CMD.5 from Child FF07 -> Queue for Parent FF03"
FF0C,GWN,3,BACKBONE,"t=211 [Q_FWD] Queued CMD.5 (size=5/15)"
FF0C,GWN,3,BACKBONE,"t=212 [PHASE_RX] Listening (Q_fwd=5; Q_local=0)"
FF0C,GWN,3,BACKBONE,"t=212 [RX_FWD] Encrypted CMD.5 from Child FF07 -> Queue for Parent FF03"
FF0C,GWN,3,BACKBONE,"t=212 [Q_FWD] Queued CMD.5 (size=6/15)"
FF0C,GWN,3,BACKBONE,"t=213 [DEQUEUE] From Q_fwd (waited 9 TFs)"
FF0C,GWN,3,BACKBONE,"t=213 [PHASE_TX] Sent CMD.5 -> FF03 (Q_fwd=5; Q_local=0)"
FF0C,GWN,3,BACKBONE,"t=214 [DEQUEUE] From Q_fwd (waited 9 TFs)"
FF0C,GWN,3,BACKBONE,"t=214 [PHASE_TX] Sent CMD.5 -> FF03 (Q_fwd=4; Q_local=0)"
FF0C,GWN,3,BACKBONE,"t=215 [DEQUEUE] From Q_fwd (waited 9 TFs)"
FF0C,GWN,3,BACKBONE,"t=215 [PHASE_TX] Sent CMD.5 -> FF03 (Q_fwd=3; Q_local=0)"
FF0C,GWN,3,BACKBONE,"t=216 [PHASE_RX] Listening (Q_fwd=3; Q_local=0)"
FF0C,GWN,3,BACKBONE,"t=217 [PHASE_RX] Listening (Q_fwd=3; Q_local=0)"
FF0C,GWN,3,BACKBONE,"t=217 [RX_FWD] Encrypted CMD.5 from Child FF07 -> Queue for Parent FF03"
FF0C,GWN,3,BACKBONE,"t=217 [Q_FWD] Queued CMD.5 (size=4/15)"
FF0C,GWN,3,BACKBONE,"t=218 [PHASE_RX] Listening (Q_fwd=4; Q_local=0)"
FF0C,GWN,3,BACKBONE,"t=218 [RX_FWD] Encrypted CMD.5 from Child FF07 -> Queue for Parent FF03"
FF0C,GWN,3,BACKBONE,"t=218 [Q_FWD] Queued CMD.5 (size=5/15)"
FF0C,GWN,3,BACKBONE,"t=219 [DEQUEUE] From Q_fwd (waited 9 TFs)"
FF0C,GWN,3,BACKBONE,"t=219 [PHASE_TX] Sent CMD.5 -> FF03 (Q_fwd=4; Q_local=0)"
FF0C,GWN,3,BACKBONE,"t=220 [DEQUEUE] From Q_fwd (waited 9 TFs)"
FF0C,GWN,3,BACKBONE,"t=220 [PHASE_TX] Sent CMD.5 -> FF03 (Q_fwd=3; Q_local=0)"
FF0C,GWN,3,BACKBONE,"t=221 [DEQUEUE] From Q_fwd (waited 9 TFs)"
FF0C,GWN,3,BACKBONE,"t=221 [PHASE_TX] Sent CMD.5 -> FF03 (Q_fwd=2; Q_local=0)"
FF0C,GWN,3,BACKBONE,"t=222 [PHASE_RX] Listening (Q_fwd=2; Q_local=0)"
FF0C,GWN,3,BACKBONE,"t=222 [RX_FWD] Encrypted CMD.5 from Child FF07 -> Queue for Parent FF03"
FF0C,GWN,3,BACKBONE,"t=222 [Q_FWD] Queued CMD.5 (size=3/15)"
FF0C,GWN,3,BACKBONE,"t=223 [PHASE_RX] Listening (Q_fwd=3; Q_local=0)"
FF0C,GWN,3,BACKBONE,"t=223 [RX_FWD] Encrypted CMD.5 from Child FF07 -> Queue for Parent FF03"
FF0C,GWN,3,BACKBONE,"t=223 [Q_FWD] Queued CMD.5 (size=4/15)"
FF0C,GWN,3,BACKBONE,"t=224 [PHASE_RX] Listening (Q_fwd=4; Q_local=0)"
FF0C,GWN,3,BACKBONE,"t=224 [RX_FWD] Encrypted CH_HELLO.1 from Child FF07 -> Queue for Parent FF03"
FF0C,GWN,3,BACKBONE,"t=224 [Q_FWD] Queued CH_HELLO.1 (size=5/15)"
FF0C,GWN,3,BACKBONE,"t=225 [DEQUEUE] From Q_fwd (waited 8 TFs)"
FF0C,GWN,3,BACKBONE,"t=225 [PHASE_TX] Sent CMD.5 -> FF03 (Q_fwd=4; Q_local=0)"
FF0C,GWN,3,BACKBONE,"t=226 [DEQUEUE] From Q_fwd (waited 8 TFs)"
FF0C,GWN,3,BACKBONE,"t=226 [PHASE_TX] Sent CMD.5 -> FF03 (Q_fwd=3; Q_local=0)"
FF0C,GWN,3,BACKBONE,"t=227 [DEQUEUE] From Q_fwd (waited 5 TFs)"
FF0C,GWN,3,BACKBONE,"t=227 [PHASE_TX] Sent CMD.5 -> FF03 (Q_fwd=2; Q_local=0)"
FF0C,GWN,3,BACKBONE,"t=228 [PHASE_RX] Listening (Q_fwd=2; Q_local=0)"
FF0C,GWN,3,BACKBONE,"t=228 [RX_FWD] Encrypted CMD.5 from Child FF07 -> Queue for Parent FF03"
FF0C,GWN,3,BACKBONE,"t=228 [Q_FWD] Queued CMD.5 (size=3/15)"
FF0C,GWN,3,BACKBONE,"t=229 [PHASE_RX] Listening (Q_fwd=3; Q_local=0)"
FF0C,GWN,3,BACKBONE,"t=230 [PHASE_RX] Listening (Q_fwd=3; Q_local=0)"
FF0C,GWN,3,BACKBONE,"t=231 [DEQUEUE] From Q_fwd (waited 8 TFs)"
FF0C,GWN,3,BACKBONE,"t=231 [PHASE_TX] Sent CMD.5 -> FF03 (Q_fwd=2; Q_local=0)"
FF0C,GWN,3,BACKBONE,"t=232 [DEQUEUE] From Q_fwd (waited 8 TFs)"
FF0C,GWN,3,BACKBONE,"t=232 [PHASE_TX] Sent CH_HELLO.1 -> FF03 (Q_fwd=1; Q_local=0)"
FF0C,GWN,3,BACKBONE,"t=233 [DEQUEUE] From Q_fwd (waited 5 TFs)"
FF0C,GWN,3,BACKBONE,"t=233 [PHASE_TX] Sent CMD.5 -> FF03 (Q_fwd=0; Q_local=0)"
FF0C,GWN,3,BACKBONE,"t=234 [PHASE_RX] Listening (Q_fwd=0; Q_local=0)"
FF0C,GWN,3,BACKBONE,"t=235 [PHASE_RX] Listening (Q_fwd=0; Q_local=0)"
FF0C,GWN,3,BACKBONE,"t=236 [PHASE_RX] Listening (Q_fwd=0; Q_local=0)"
FF0C,GWN,3,BACKBONE,"t=237 [PHASE_TX] IDLE (queues empty)"
FF0C,GWN,3,BACKBONE,"t=238 [PHASE_TX] IDLE (queues empty)"
FF0C,GWN,3,BACKBONE,"t=239 [PHASE_TX] IDLE (queues empty)"
FF0C,GWN,3,BACKBONE,"t=240 [PHASE_RX] Listening (Q_fwd=0; Q_local=0)"
FF0C,GWN,3,BACKBONE,"t=240 [RX_FWD] Encrypted CMD.5 from Child FF07 -> Queue for Parent FF03"
FF0C,GWN,3,BACKBONE,"t=240 [Q_FWD] Queued CMD.5 (size=1/15)"
FF0C,GWN,3,BACKBONE,"t=241 [PHASE_RX] Listening (Q_fwd=1; Q_local=0)"
FF0C,GWN,3,BACKBONE,"t=242 [PHASE_RX] Listening (Q_fwd=1; Q_local=0)"
FF0C,GWN,3,BACKBONE,"t=243 [DEQUEUE] From Q_fwd (waited 3 TFs)"
FF0C,GWN,3,BACKBONE,"t=243 [PHASE_TX] Sent CMD.5 -> FF03 (Q_fwd=0; Q_local=0)"
FF0C,GWN,3,BACKBONE,"t=244 [PHASE_TX] IDLE (queues empty)"
FF0C,GWN,3,BACKBONE,"t=245 [PHASE_TX] IDLE (queues empty)"
FF0C,GWN,3,BACKBONE,"t=246 [PHASE_RX] Listening (Q_fwd=0; Q_local=0)"
FF0C,GWN,3,BACKBONE,"t=247 [PHASE_RX] Listening (Q_fwd=0; Q_local=0)"
FF0C,GWN,3,BACKBONE,"t=248 [PHASE_RX] Listening (Q_fwd=0; Q_local=0)"
FF0C,GWN,3,BACKBONE,"t=249 [PHASE_TX] IDLE (queues empty)"
FF0C,GWN,3,ACCESS,"t=4 [PHY] Neighbour count: 3->4"
FF0C,GWN,3,ACCESS,"t=5 [PHY] Neighbour count: 4->5"
FF0C,GWN,3,ACCESS,"t=6 [PHY] Neighbour count: 5->6"
FF0C,GWN,3,ACCESS,"t=7 [HELLO_TX] bcast battery=100.0%"
FF0C,GWN,3,ACCESS,"t=7 [PHY] Neighbour count: 6->7"
FF0C,GWN,3,ACCESS,"t=8 [PHY] Neighbour count: 7->8"
FF0C,GWN,3,ACCESS,"t=10 [PHY] Neighbour count: 8->9"
FF0C,GWN,3,ACCESS,"t=11 [PHY] Neighbour count: 9->10"
FF0C,GWN,3,ACCESS,"t=12 [HELLO_TX] bcast battery=100.0%"
FF0C,GWN,3,ACCESS,"t=14 [PHY] Neighbour count: 10->11"
FF0C,GWN,3,ACCESS,"t=17 [PHY] Neighbour count: 11->12"
FF0C,GWN,3,ACCESS,"t=22 [HELLO_TX] bcast battery=100.0%"
FF0C,GWN,3,ACCESS,"t=25 [PHY] Neighbour count: 12->13"
FF0C,GWN,3,ACCESS,"t=27 [HELLO_TX] bcast battery=100.0%"
FF0C,GWN,3,ACCESS,"t=28 [PHY] Neighbour count: 13->14"
FF0C,GWN,3,ACCESS,"t=29 [PHY] Neighbour count: 14->15"
FF0C,GWN,3,ACCESS,"t=34 [HELLO_TX] bcast battery=100.0%"
FF0C,GWN,3,ACCESS,"t=40 [HELLO_TX] bcast battery=100.0%"
FF0C,GWN,3,ACCESS,"t=44 [HELLO_TX] bcast battery=100.0%"
FF0C,GWN,3,ACCESS,"t=48 [HELLO_TX] bcast battery=100.0%"
FF0C,GWN,3,ACCESS,"t=56 [PHY] Neighbour count: 15->16"
FF0C,GWN,3,ACCESS,"t=58 [HELLO_TX] bcast battery=100.0%"
FF0C,GWN,3,ACCESS,"t=63 [HELLO_TX] bcast battery=100.0%"
FF0C,GWN,3,ACCESS,"t=65 [PHY] Neighbour count: 16->17"
FF0C,GWN,3,ACCESS,"t=72 [HELLO_TX] bcast battery=100.0%"
FF0C,GWN,3,ACCESS,"t=75 [PHY] Neighbour count: 17->18"
FF0C,GWN,3,ACCESS,"t=76 [HELLO_TX] bcast battery=100.0%"
FF0C,GWN,3,ACCESS,"t=85 [HELLO_TX] bcast battery=100.0%"
FF0C,GWN,3,ACCESS,"t=95 [HELLO_TX] bcast battery=100.0%"
FF0C,GWN,3,ACCESS,"t=103 [HELLO_TX] bcast battery=100.0%"
FF0C,GWN,3,ACCESS,"t=108 [HELLO_TX] bcast battery=100.0%"
FF0C,GWN,3,ACCESS,"t=113 [HELLO_TX] bcast battery=100.0%"
FF0C,GWN,3,ACCESS,"t=118 [HELLO_TX] bcast battery=100.0%"
FF0C,GWN,3,ACCESS,"t=126 [HELLO_TX] bcast battery=100.0%"
FF0C,GWN,3,ACCESS,"t=133 [HELLO_TX] bcast battery=100.0%"
FF0C,GWN,3,ACCESS,"t=137 [HELLO_TX] bcast battery=100.0%"
FF0C,GWN,3,ACCESS,"t=145 [HELLO_TX] bcast battery=100.0%"
FF0C,GWN,3,ACCESS,"t=151 [HELLO_TX] bcast battery=100.0%"
FF0C,GWN,3,ACCESS,"t=158 [HELLO_TX] bcast battery=100.0%"
FF0C,GWN,3,ACCESS,"t=166 [HELLO_TX] bcast battery=100.0%"
FF0C,GWN,3,ACCESS,"t=173 [HELLO_TX] bcast battery=100.0%"
FF0C,GWN,3,ACCESS,"t=183 [HELLO_TX] bcast battery=100.0%"
FF0C,GWN,3,ACCESS,"t=193 [HELLO_TX] bcast battery=100.0%"
FF0C,GWN,3,ACCESS,"t=194 [PHY] Neighbour count: 18->19"
FF0C,GWN,3,ACCESS,"t=200 [HELLO_TX] bcast battery=100.0%"
FF0C,GWN,3,ACCESS,"t=208 [HELLO_TX] bcast battery=100.0%"
FF0C,GWN,3,ACCESS,"t=215 [HELLO_TX] bcast battery=100.0%"
FF0C,GWN,3,ACCESS,"t=219 [HELLO_TX] bcast battery=100.0%"
FF0C,GWN,3,ACCESS,"t=226 [HELLO_TX] bcast battery=100.0%"
FF0C,GWN,3,ACCESS,"t=230 [HELLO_TX] bcast battery=100.0%"
FF0C,GWN,3,ACCESS,"t=240 [HELLO_TX] bcast battery=100.0%"
FF0C,GWN,3,UNIFIED,"t=2 [PHY] Neighbor count=1"
FF0C,GWN,3,UNIFIED,"t=3 [PHY] Neighbor count=2"
FF0C,GWN,3,UNIFIED,"t=4 [PHY] Neighbor count=3"
FF0C,GWN,3,UNIFIED,"t=4 [PHY] Neighbour count: 3->4"
FF0C,GWN,3,UNIFIED,"t=5 [PHY] Neighbor count=4"
FF0C,GWN,3,UNIFIED,"[BB] t=5 [TX] HB.0 -> <BCAST>"
FF0C,GWN,3,UNIFIED,"t=5 [PHY] Neighbour count: 4->5"
FF0C,GWN,3,UNIFIED,"t=6 [PHY] Neighbor count=5"
FF0C,GWN,3,UNIFIED,"t=6 [PHY] Neighbour count: 5->6"
FF0C,GWN,3,UNIFIED,"t=7 [PHY] Neighbor count=6"
FF0C,GWN,3,UNIFIED,"[AC] t=7 [HELLO_TX] bcast battery=100.0%"
FF0C,GWN,3,UNIFIED,"t=7 [PHY] Neighbour count: 6->7"
FF0C,GWN,3,UNIFIED,"t=8 [PHY] Neighbor count=7"
FF0C,GWN,3,UNIFIED,"t=8 [PHY] Neighbour count: 7->8"
FF0C,GWN,3,UNIFIED,"t=9 [PHY] Neighbor count=8"
FF0C,GWN,3,UNIFIED,"t=10 [PHY] Neighbour count: 8->9"
FF0C,GWN,3,UNIFIED,"t=11 [PHY] Neighbor count=9"
FF0C,GWN,3,UNIFIED,"t=11 [PHY] Neighbour count: 9->10"
FF0C,GWN,3,UNIFIED,"t=12 [PHY] Neighbor count=10"
FF0C,GWN,3,UNIFIED,"[BB] t=12 [TX] HB.0 -> <BCAST>"
FF0C,GWN,3,UNIFIED,"[AC] t=12 [HELLO_TX] bcast battery=100.0%"
FF0C,GWN,3,UNIFIED,"t=14 [PHY] Neighbour count: 10->11"
FF0C,GWN,3,UNIFIED,"t=15 [PHY] Neighbor count=11"
FF0C,GWN,3,UNIFIED,"t=17 [PHY] Neighbour count: 11->12"
FF0C,GWN,3,UNIFIED,"t=18 [PHY] Neighbor count=12"
FF0C,GWN,3,UNIFIED,"[BB] t=19 [TX] HB.0 -> <BCAST>"
FF0C,GWN,3,UNIFIED,"t=22 [STATE] BOOT→DISCOVERY (neighbors=12)"
FF0C,GWN,3,UNIFIED,"[AC] t=22 [HELLO_TX] bcast battery=100.0%"
FF0C,GWN,3,UNIFIED,"t=25 [PHY] Neighbour count: 12->13"
FF0C,GWN,3,UNIFIED,"t=26 [PHY] Neighbor count=13"
FF0C,GWN,3,UNIFIED,"[BB] t=26 [TX] HB.1 -> <BCAST>"
FF0C,GWN,3,UNIFIED,"[AC] t=27 [HELLO_TX] bcast battery=100.0%"
FF0C,GWN,3,UNIFIED,"t=28 [PHY] Neighbour count: 13->14"
FF0C,GWN,3,UNIFIED,"t=29 [PHY] Neighbor count=14"
FF0C,GWN,3,UNIFIED,"t=29 [PHY] Neighbour count: 14->15"
FF0C,GWN,3,UNIFIED,"t=30 [PHY] Neighbor count=15"
FF0C,GWN,3,UNIFIED,"[BB] t=33 [TX] HB.1 -> <BCAST>"
FF0C,GWN,3,UNIFIED,"[AC] t=34 [HELLO_TX] bcast battery=100.0%"
FF0C,GWN,3,UNIFIED,"[BB] t=39 [RX] CMD.0 <- FF03 RSSI=0.1"
FF0C,GWN,3,UNIFIED,"[BB] t=39 [TX] CMD.1 -> FF03"
FF0C,GWN,3,UNIFIED,"[BB] t=39 [TX] CMD.1 -> FF03"
FF0C,GWN,3,UNIFIED,"[BB] t=39 [STATE] DISCOVERY -> HANDSHAKE"
FF0C,GWN,3,UNIFIED,"[BB] [LOCK][SET] partner=FF03 timeout=6"
FF0C,GWN,3,UNIFIED,"[BB] t=39 [HANDSHAKE] Lock set with FF03 (timer=6)"
FF0C,GWN,3,UNIFIED,"[AC] t=40 [HELLO_TX] bcast battery=100.0%"
FF0C,GWN,3,UNIFIED,"[BB] t=43 [RX] CMD.2 <- FF03 RSSI=0.1"
FF0C,GWN,3,UNIFIED,"[BB] [LOCK][REFRESH] partner=FF03 timeout=6"
FF0C,GWN,3,UNIFIED,"[BB] [LOCK][SET] partner=FF03 timeout=6"
FF0C,GWN,3,UNIFIED,"[BB] t=43 [PARENT] Set parent -> FF03"
FF0C,GWN,3,UNIFIED,"[AC] t=44 [HELLO_TX] bcast battery=100.0%"
FF0C,GWN,3,UNIFIED,"[BB] t=44 [RX] CMD.4 <- FF03 RSSI=0.1"
FF0C,GWN,3,UNIFIED,"[BB] [LOCK][REFRESH] partner=FF03 timeout=6"
FF0C,GWN,3,UNIFIED,"[BB] t=44 [PHASE] Inherited phaseOffset=1 from parent FF03"
FF0C,GWN,3,UNIFIED,"[BB] t=44 [ENC_HELLO] TX: gwCh=0; chCh=0; secCh=0; sn=0 (encrypted)"
FF0C,GWN,3,UNIFIED,"[BB] t=44 [TX] CMD.5 -> FF03"
FF0C,GWN,3,UNIFIED,"[BB] [LOCK][CLEAR][ENC_HELLO_TX] partner=FF03"
FF0C,GWN,3,UNIFIED,"[BB] t=44 [HANDSHAKE] Lock cleared (was with FF03)"
FF0C,GWN,3,UNIFIED,"t=48 [RECRUIT] INIT(1/4) -> FF07"
FF0C,GWN,3,UNIFIED,"[BB] [LOCK][SET] partner=FF07 timeout=6"
FF0C,GWN,3,UNIFIED,"[BB] t=48 [HANDSHAKE] Lock set with FF07 (timer=6)"
FF0C,GWN,3,UNIFIED,"[BB] [LOCK][SET] partner=FF07 timeout=6"
FF0C,GWN,3,UNIFIED,"[BB] t=48 [TX] CMD.0 -> FF07"
FF0C,GWN,3,UNIFIED,"[AC] t=48 [HELLO_TX] bcast battery=100.0%"
FF0C,GWN,3,UNIFIED,"[BB] t=50 [RX] CMD.1 <- FF07 RSSI=0.1"
FF0C,GWN,3,UNIFIED,"[BB] [LOCK][REFRESH] partner=FF07 timeout=6"
FF0C,GWN,3,UNIFIED,"[BB] t=50 [TX] CMD.2 -> FF07"
FF0C,GWN,3,UNIFIED,"[BB] [LOCK][REFRESH] partner=FF07 timeout=6"
FF0C,GWN,3,UNIFIED,"[BB] t=50 [HANDSHAKE] FF07 added to pendingChildren (awaiting ENC_HELLO)"
FF0C,GWN,3,UNIFIED,"[BB] t=50 [TX] CMD.4 -> FF07"
FF0C,GWN,3,UNIFIED,"[BB] t=50 [PHASE] Sending phaseOffset=0 to child FF07 (self=1)"
FF0C,GWN,3,UNIFIED,"[BB] [LOCK][REFRESH] partner=FF07 timeout=6"
FF0C,GWN,3,UNIFIED,"[BB] [LOCK][SET] partner=FF07 timeout=6"
FF0C,GWN,3,UNIFIED,"[BB] t=54 [ENC_HELLO] TX: gwCh=0; chCh=0; secCh=0; sn=0 (encrypted)"
FF0C,GWN,3,UNIFIED,"[BB] t=54 [ENC_HELLO] Retry 1/3 sent (next at t=74)"
FF0C,GWN,3,UNIFIED,"[BB] t=55 [RX] CMD.5 <- FF07 RSSI=0.1"
FF0C,GWN,3,UNIFIED,"[BB] t=55 [HANDSHAKE] FF07 promoted to children (ENC_HELLO received)"
FF0C,GWN,3,UNIFIED,"[BB] [LOCK][CLEAR][ENC_HELLO_RX] partner=FF07"
FF0C,GWN,3,UNIFIED,"[BB] t=55 [TX] CMD.5 -> FF03"
FF0C,GWN,3,UNIFIED,"[BB] t=55 [HANDSHAKE] Lock cleared (was with FF07)"
FF0C,GWN,3,UNIFIED,"[BB] t=55 [RETRY] Reset retry state for FF07 (now child)"
FF0C,GWN,3,UNIFIED,"[BB] t=55 [STATE] HANDSHAKE -> SECURE"
FF0C,GWN,3,UNIFIED,"t=56 [PHY] Neighbour count: 15->16"
FF0C,GWN,3,UNIFIED,"t=57 [PHY] Neighbor count=16"
FF0C,GWN,3,UNIFIED,"[AC] t=58 [HELLO_TX] bcast battery=100.0%"
FF0C,GWN,3,UNIFIED,"[AC] t=63 [HELLO_TX] bcast battery=100.0%"
FF0C,GWN,3,UNIFIED,"[BB] t=63 [RX_FWD] Encrypted CMD.5 from Child FF07 -> Queue for Parent FF03"
FF0C,GWN,3,UNIFIED,"[BB] t=63 [Q_FWD] Queued CMD.5 (size=1/15)"
FF0C,GWN,3,UNIFIED,"t=65 [PHY] Neighbour count: 16->17"
FF0C,GWN,3,UNIFIED,"t=66 [PHY] Neighbor count=17"
FF0C,GWN,3,UNIFIED,"[BB] t=66 [RX_FWD] Encrypted CMD.5 from Child FF07 -> Queue for Parent FF03"
FF0C,GWN,3,UNIFIED,"[BB] t=66 [Q_FWD] Queued CMD.5 (size=2/15)"
FF0C,GWN,3,UNIFIED,"[AC] t=72 [HELLO_TX] bcast battery=100.0%"
FF0C,GWN,3,UNIFIED,"[BB] t=74 [ENC_HELLO] TX: gwCh=1; chCh=0; secCh=0; sn=0 (encrypted)"
FF0C,GWN,3,UNIFIED,"[BB] t=74 [ENC_HELLO] Retry 2/3 sent (next at t=114)"
FF0C,GWN,3,UNIFIED,"t=75 [PHY] Neighbour count: 17->18"
FF0C,GWN,3,UNIFIED,"t=76 [PHY] Neighbor count=18"
FF0C,GWN,3,UNIFIED,"[AC] t=76 [HELLO_TX] bcast battery=100.0%"
FF0C,GWN,3,UNIFIED,"[BB] t=83 [RX_FWD] Encrypted CMD.5 from Child FF07 -> Queue for Parent FF03"
FF0C,GWN,3,UNIFIED,"[BB] t=83 [Q_FWD] Queued CMD.5 (size=3/15)"
FF0C,GWN,3,UNIFIED,"[AC] t=85 [HELLO_TX] bcast battery=100.0%"
FF0C,GWN,3,UNIFIED,"[AC] t=95 [HELLO_TX] bcast battery=100.0%"
FF0C,GWN,3,UNIFIED,"[AC] t=103 [HELLO_TX] bcast battery=100.0%"
FF0C,GWN,3,UNIFIED,"[AC] t=108 [HELLO_TX] bcast battery=100.0%"
FF0C,GWN,3,UNIFIED,"[AC] t=113 [HELLO_TX] bcast battery=100.0%"
FF0C,GWN,3,UNIFIED,"[BB] t=114 [ENC_HELLO] TX: gwCh=1; chCh=0; secCh=0; sn=0 (encrypted)"
FF0C,GWN,3,UNIFIED,"[BB] t=114 [ENC_HELLO] Retry 3/3 sent (next at t=194)"
FF0C,GWN,3,UNIFIED,"[AC] t=118 [HELLO_TX] bcast battery=100.0%"
FF0C,GWN,3,UNIFIED,"[BB] t=123 [RX_FWD] Encrypted CMD.5 from Child FF07 -> Queue for Parent FF03"
FF0C,GWN,3,UNIFIED,"[BB] t=123 [Q_FWD] Queued CMD.5 (size=4/15)"
FF0C,GWN,3,UNIFIED,"[AC] t=126 [HELLO_TX] bcast battery=100.0%"
FF0C,GWN,3,UNIFIED,"[AC] t=133 [HELLO_TX] bcast battery=100.0%"
FF0C,GWN,3,UNIFIED,"[AC] t=137 [HELLO_TX] bcast battery=100.0%"
FF0C,GWN,3,UNIFIED,"[AC] t=145 [HELLO_TX] bcast battery=100.0%"
FF0C,GWN,3,UNIFIED,"[AC] t=151 [HELLO_TX] bcast battery=100.0%"
FF0C,GWN,3,UNIFIED,"[AC] t=158 [HELLO_TX] bcast battery=100.0%"
FF0C,GWN,3,UNIFIED,"[AC] t=166 [HELLO_TX] bcast battery=100.0%"
FF0C,GWN,3,UNIFIED,"[AC] t=173 [HELLO_TX] bcast battery=100.0%"
FF0C,GWN,3,UNIFIED,"[AC] t=183 [HELLO_TX] bcast battery=100.0%"
FF0C,GWN,3,UNIFIED,"[AC] t=193 [HELLO_TX] bcast battery=100.0%"
FF0C,GWN,3,UNIFIED,"[BB] t=194 [ENC_HELLO] TX: gwCh=1; chCh=0; secCh=0; sn=0 (encrypted)"
FF0C,GWN,3,UNIFIED,"[BB] t=194 [ENC_HELLO] Registry refresh #1 sent (next at t=274)"
FF0C,GWN,3,UNIFIED,"t=194 [PHY] Neighbour count: 18->19"
FF0C,GWN,3,UNIFIED,"t=195 [PHY] Neighbor count=19"
FF0C,GWN,3,UNIFIED,"[BB] t=200 [PHASE_RX] Listening (Q_fwd=4; Q_local=0)"
FF0C,GWN,3,UNIFIED,"[AC] t=200 [HELLO_TX] bcast battery=100.0%"
FF0C,GWN,3,UNIFIED,"[BB] t=200 [RX_FWD] Encrypted CMD.5 from Child FF07 -> Queue for Parent FF03"
FF0C,GWN,3,UNIFIED,"[BB] t=200 [Q_FWD] Queued CMD.5 (size=5/15)"
FF0C,GWN,3,UNIFIED,"[BB] t=201 [DEQUEUE] From Q_fwd (waited 138 TFs)"
FF0C,GWN,3,UNIFIED,"[BB] t=201 [PHASE_TX] Sent CMD.5 -> FF03 (Q_fwd=4; Q_local=0)"
FF0C,GWN,3,UNIFIED,"[BB] t=202 [DEQUEUE] From Q_fwd (waited 136 TFs)"
FF0C,GWN,3,UNIFIED,"[BB] t=202 [PHASE_TX] Sent CMD.5 -> FF03 (Q_fwd=3; Q_local=0)"
FF0C,GWN,3,UNIFIED,"[BB] t=203 [DEQUEUE] From Q_fwd (waited 120 TFs)"
FF0C,GWN,3,UNIFIED,"[BB] t=203 [PHASE_TX] Sent CMD.5 -> FF03 (Q_fwd=2; Q_local=0)"
FF0C,GWN,3,UNIFIED,"[BB] t=203 [RX_FWD] Encrypted CMD.5 from Child FF07 -> Queue for Parent FF03"
FF0C,GWN,3,UNIFIED,"[BB] t=203 [Q_FWD] Queued CMD.5 (size=3/15)"
FF0C,GWN,3,UNIFIED,"[BB] t=204 [PHASE_RX] Listening (Q_fwd=3; Q_local=0)"
FF0C,GWN,3,UNIFIED,"[BB] t=204 [RX_FWD] Encrypted CMD.5 from Child FF07 -> Queue for Parent FF03"
FF0C,GWN,3,UNIFIED,"[BB] t=204 [Q_FWD] Queued CMD.5 (size=4/15)"
FF0C,GWN,3,UNIFIED,"[BB] t=205 [PHASE_RX] Listening (Q_fwd=4; Q_local=0)"
FF0C,GWN,3,UNIFIED,"[BB] t=205 [RX_FWD] Encrypted CMD.5 from Child FF07 -> Queue for Parent FF03"
FF0C,GWN,3,UNIFIED,"[BB] t=205 [Q_FWD] Queued CMD.5 (size=5/15)"
FF0C,GWN,3,UNIFIED,"[BB] t=206 [PHASE_RX] Listening (Q_fwd=5; Q_local=0)"
FF0C,GWN,3,UNIFIED,"[BB] t=206 [RX_FWD] Encrypted CMD.5 from Child FF07 -> Queue for Parent FF03"
FF0C,GWN,3,UNIFIED,"[BB] t=206 [Q_FWD] Queued CMD.5 (size=6/15)"
FF0C,GWN,3,UNIFIED,"[BB] t=207 [DEQUEUE] From Q_fwd (waited 84 TFs)"
FF0C,GWN,3,UNIFIED,"[BB] t=207 [PHASE_TX] Sent CMD.5 -> FF03 (Q_fwd=5; Q_local=0)"
FF0C,GWN,3,UNIFIED,"[BB] t=208 [DEQUEUE] From Q_fwd (waited 8 TFs)"
FF0C,GWN,3,UNIFIED,"[BB] t=208 [PHASE_TX] Sent CMD.5 -> FF03 (Q_fwd=4; Q_local=0)"
FF0C,GWN,3,UNIFIED,"[AC] t=208 [HELLO_TX] bcast battery=100.0%"
FF0C,GWN,3,UNIFIED,"[BB] t=209 [DEQUEUE] From Q_fwd (waited 6 TFs)"
FF0C,GWN,3,UNIFIED,"[BB] t=209 [PHASE_TX] Sent CMD.5 -> FF03 (Q_fwd=3; Q_local=0)"
FF0C,GWN,3,UNIFIED,"[BB] t=210 [PHASE_RX] Listening (Q_fwd=3; Q_local=0)"
FF0C,GWN,3,UNIFIED,"[BB] t=210 [RX_FWD] Encrypted CMD.5 from Child FF07 -> Queue for Parent FF03"
FF0C,GWN,3,UNIFIED,"[BB] t=210 [Q_FWD] Queued CMD.5 (size=4/15)"
FF0C,GWN,3,UNIFIED,"[BB] t=211 [PHASE_RX] Listening (Q_fwd=4; Q_local=0)"
FF0C,GWN,3,UNIFIED,"[BB] t=211 [RX_FWD] Encrypted CMD.5 from Child FF07 -> Queue for Parent FF03"
FF0C,GWN,3,UNIFIED,"[BB] t=211 [Q_FWD] Queued CMD.5 (size=5/15)"
FF0C,GWN,3,UNIFIED,"[BB] t=212 [PHASE_RX] Listening (Q_fwd=5; Q_local=0)"
FF0C,GWN,3,UNIFIED,"[BB] t=212 [RX_FWD] Encrypted CMD.5 from Child FF07 -> Queue for Parent FF03"
FF0C,GWN,3,UNIFIED,"[BB] t=212 [Q_FWD] Queued CMD.5 (size=6/15)"
FF0C,GWN,3,UNIFIED,"[BB] t=213 [DEQUEUE] From Q_fwd (waited 9 TFs)"
FF0C,GWN,3,UNIFIED,"[BB] t=213 [PHASE_TX] Sent CMD.5 -> FF03 (Q_fwd=5; Q_local=0)"
FF0C,GWN,3,UNIFIED,"[BB] t=214 [DEQUEUE] From Q_fwd (waited 9 TFs)"
FF0C,GWN,3,UNIFIED,"[BB] t=214 [PHASE_TX] Sent CMD.5 -> FF03 (Q_fwd=4; Q_local=0)"
FF0C,GWN,3,UNIFIED,"[BB] t=215 [DEQUEUE] From Q_fwd (waited 9 TFs)"
FF0C,GWN,3,UNIFIED,"[BB] t=215 [PHASE_TX] Sent CMD.5 -> FF03 (Q_fwd=3; Q_local=0)"
FF0C,GWN,3,UNIFIED,"[AC] t=215 [HELLO_TX] bcast battery=100.0%"
FF0C,GWN,3,UNIFIED,"[BB] t=216 [PHASE_RX] Listening (Q_fwd=3; Q_local=0)"
FF0C,GWN,3,UNIFIED,"[BB] t=217 [PHASE_RX] Listening (Q_fwd=3; Q_local=0)"
FF0C,GWN,3,UNIFIED,"[BB] t=217 [RX_FWD] Encrypted CMD.5 from Child FF07 -> Queue for Parent FF03"
FF0C,GWN,3,UNIFIED,"[BB] t=217 [Q_FWD] Queued CMD.5 (size=4/15)"
FF0C,GWN,3,UNIFIED,"[BB] t=218 [PHASE_RX] Listening (Q_fwd=4; Q_local=0)"
FF0C,GWN,3,UNIFIED,"[BB] t=218 [RX_FWD] Encrypted CMD.5 from Child FF07 -> Queue for Parent FF03"
FF0C,GWN,3,UNIFIED,"[BB] t=218 [Q_FWD] Queued CMD.5 (size=5/15)"
FF0C,GWN,3,UNIFIED,"[BB] t=219 [DEQUEUE] From Q_fwd (waited 9 TFs)"
FF0C,GWN,3,UNIFIED,"[BB] t=219 [PHASE_TX] Sent CMD.5 -> FF03 (Q_fwd=4; Q_local=0)"
FF0C,GWN,3,UNIFIED,"[AC] t=219 [HELLO_TX] bcast battery=100.0%"
FF0C,GWN,3,UNIFIED,"[BB] t=220 [DEQUEUE] From Q_fwd (waited 9 TFs)"
FF0C,GWN,3,UNIFIED,"[BB] t=220 [PHASE_TX] Sent CMD.5 -> FF03 (Q_fwd=3; Q_local=0)"
FF0C,GWN,3,UNIFIED,"[BB] t=221 [DEQUEUE] From Q_fwd (waited 9 TFs)"
FF0C,GWN,3,UNIFIED,"[BB] t=221 [PHASE_TX] Sent CMD.5 -> FF03 (Q_fwd=2; Q_local=0)"
FF0C,GWN,3,UNIFIED,"[BB] t=222 [PHASE_RX] Listening (Q_fwd=2; Q_local=0)"
FF0C,GWN,3,UNIFIED,"[BB] t=222 [RX_FWD] Encrypted CMD.5 from Child FF07 -> Queue for Parent FF03"
FF0C,GWN,3,UNIFIED,"[BB] t=222 [Q_FWD] Queued CMD.5 (size=3/15)"
FF0C,GWN,3,UNIFIED,"[BB] t=223 [PHASE_RX] Listening (Q_fwd=3; Q_local=0)"
FF0C,GWN,3,UNIFIED,"[BB] t=223 [RX_FWD] Encrypted CMD.5 from Child FF07 -> Queue for Parent FF03"
FF0C,GWN,3,UNIFIED,"[BB] t=223 [Q_FWD] Queued CMD.5 (size=4/15)"
FF0C,GWN,3,UNIFIED,"[BB] t=224 [PHASE_RX] Listening (Q_fwd=4; Q_local=0)"
FF0C,GWN,3,UNIFIED,"[BB] t=224 [RX_FWD] Encrypted CH_HELLO.1 from Child FF07 -> Queue for Parent FF03"
FF0C,GWN,3,UNIFIED,"[BB] t=224 [Q_FWD] Queued CH_HELLO.1 (size=5/15)"
FF0C,GWN,3,UNIFIED,"[BB] t=225 [DEQUEUE] From Q_fwd (waited 8 TFs)"
FF0C,GWN,3,UNIFIED,"[BB] t=225 [PHASE_TX] Sent CMD.5 -> FF03 (Q_fwd=4; Q_local=0)"
FF0C,GWN,3,UNIFIED,"[BB] t=226 [DEQUEUE] From Q_fwd (waited 8 TFs)"
FF0C,GWN,3,UNIFIED,"[BB] t=226 [PHASE_TX] Sent CMD.5 -> FF03 (Q_fwd=3; Q_local=0)"
FF0C,GWN,3,UNIFIED,"[AC] t=226 [HELLO_TX] bcast battery=100.0%"
FF0C,GWN,3,UNIFIED,"[BB] t=227 [DEQUEUE] From Q_fwd (waited 5 TFs)"
FF0C,GWN,3,UNIFIED,"[BB] t=227 [PHASE_TX] Sent CMD.5 -> FF03 (Q_fwd=2; Q_local=0)"
FF0C,GWN,3,UNIFIED,"[BB] t=228 [PHASE_RX] Listening (Q_fwd=2; Q_local=0)"
FF0C,GWN,3,UNIFIED,"[BB] t=228 [RX_FWD] Encrypted CMD.5 from Child FF07 -> Queue for Parent FF03"
FF0C,GWN,3,UNIFIED,"[BB] t=228 [Q_FWD] Queued CMD.5 (size=3/15)"
FF0C,GWN,3,UNIFIED,"[BB] t=229 [PHASE_RX] Listening (Q_fwd=3; Q_local=0)"
FF0C,GWN,3,UNIFIED,"[BB] t=230 [PHASE_RX] Listening (Q_fwd=3; Q_local=0)"
FF0C,GWN,3,UNIFIED,"[AC] t=230 [HELLO_TX] bcast battery=100.0%"
FF0C,GWN,3,UNIFIED,"[BB] t=231 [DEQUEUE] From Q_fwd (waited 8 TFs)"
FF0C,GWN,3,UNIFIED,"[BB] t=231 [PHASE_TX] Sent CMD.5 -> FF03 (Q_fwd=2; Q_local=0)"
FF0C,GWN,3,UNIFIED,"[BB] t=232 [DEQUEUE] From Q_fwd (waited 8 TFs)"
FF0C,GWN,3,UNIFIED,"[BB] t=232 [PHASE_TX] Sent CH_HELLO.1 -> FF03 (Q_fwd=1; Q_local=0)"
FF0C,GWN,3,UNIFIED,"[BB] t=233 [DEQUEUE] From Q_fwd (waited 5 TFs)"
FF0C,GWN,3,UNIFIED,"[BB] t=233 [PHASE_TX] Sent CMD.5 -> FF03 (Q_fwd=0; Q_local=0)"
FF0C,GWN,3,UNIFIED,"[BB] t=234 [PHASE_RX] Listening (Q_fwd=0; Q_local=0)"
FF0C,GWN,3,UNIFIED,"[BB] t=235 [PHASE_RX] Listening (Q_fwd=0; Q_local=0)"
FF0C,GWN,3,UNIFIED,"[BB] t=236 [PHASE_RX] Listening (Q_fwd=0; Q_local=0)"
FF0C,GWN,3,UNIFIED,"[BB] t=237 [PHASE_TX] IDLE (queues empty)"
FF0C,GWN,3,UNIFIED,"[BB] t=238 [PHASE_TX] IDLE (queues empty)"
FF0C,GWN,3,UNIFIED,"[BB] t=239 [PHASE_TX] IDLE (queues empty)"
FF0C,GWN,3,UNIFIED,"[BB] t=240 [PHASE_RX] Listening (Q_fwd=0; Q_local=0)"
FF0C,GWN,3,UNIFIED,"[AC] t=240 [HELLO_TX] bcast battery=100.0%"
FF0C,GWN,3,UNIFIED,"[BB] t=240 [RX_FWD] Encrypted CMD.5 from Child FF07 -> Queue for Parent FF03"
FF0C,GWN,3,UNIFIED,"[BB] t=240 [Q_FWD] Queued CMD.5 (size=1/15)"
FF0C,GWN,3,UNIFIED,"[BB] t=241 [PHASE_RX] Listening (Q_fwd=1; Q_local=0)"
FF0C,GWN,3,UNIFIED,"[BB] t=242 [PHASE_RX] Listening (Q_fwd=1; Q_local=0)"
FF0C,GWN,3,UNIFIED,"[BB] t=243 [DEQUEUE] From Q_fwd (waited 3 TFs)"
FF0C,GWN,3,UNIFIED,"[BB] t=243 [PHASE_TX] Sent CMD.5 -> FF03 (Q_fwd=0; Q_local=0)"
FF0C,GWN,3,UNIFIED,"[BB] t=244 [PHASE_TX] IDLE (queues empty)"
FF0C,GWN,3,UNIFIED,"[BB] t=245 [PHASE_TX] IDLE (queues empty)"
FF0C,GWN,3,UNIFIED,"[BB] t=246 [PHASE_RX] Listening (Q_fwd=0; Q_local=0)"
FF0C,GWN,3,UNIFIED,"[BB] t=247 [PHASE_RX] Listening (Q_fwd=0; Q_local=0)"
FF0C,GWN,3,UNIFIED,"[BB] t=248 [PHASE_RX] Listening (Q_fwd=0; Q_local=0)"
FF0C,GWN,3,UNIFIED,"[BB] t=249 [PHASE_TX] IDLE (queues empty)"
AA01,CH,2,UNIFIED,"t=4 [HELLO_TX] bat=100% nbr=0"
AA01,CH,2,UNIFIED,"t=4 [HELLO] NEW 0055 tier=1 verified=0"
AA01,CH,2,UNIFIED,"t=5 [HELLO] NEW 0006 tier=1 verified=0"
AA01,CH,2,UNIFIED,"t=6 [HELLO] NEW 0034 tier=1 verified=0"
AA01,CH,2,UNIFIED,"t=7 [HELLO] NEW FF06 tier=3 verified=0"
AA01,CH,2,UNIFIED,"t=9 [HELLO_TX] bat=100% nbr=4"
AA01,CH,2,UNIFIED,"t=9 [HELLO] NEW 0004 tier=1 verified=0"
AA01,CH,2,UNIFIED,"t=12 [HELLO] NEW 000D tier=1 verified=0"
AA01,CH,2,UNIFIED,"t=13 [HELLO_TX] bat=100% nbr=6"
AA01,CH,2,UNIFIED,"t=13 [HELLO] NEW 003D tier=1 verified=0"
AA01,CH,2,UNIFIED,"t=14 [HELLO] NEW 0037 tier=1 verified=0"
AA01,CH,2,UNIFIED,"t=15 [HELLO] NEW AA09 tier=2 verified=0"
AA01,CH,2,UNIFIED,"t=17 [HELLO_TX] bat=100% nbr=9"
AA01,CH,2,UNIFIED,"t=17 [HELLO] NEW 003C tier=1 verified=0"
AA01,CH,2,UNIFIED,"t=19 [HELLO] NEW 002E tier=1 verified=0"
AA01,CH,2,UNIFIED,"t=20 [HELLO] NEW FF04 tier=3 verified=0"
AA01,CH,2,UNIFIED,"t=22 [HELLO] NEW FF05 tier=3 verified=0"
AA01,CH,2,UNIFIED,"t=23 [HELLO_TX] bat=100% nbr=13"
AA01,CH,2,UNIFIED,"t=27 [HELLO] NEW 0040 tier=1 verified=0"
AA01,CH,2,UNIFIED,"t=29 [HELLO_TX] bat=100% nbr=14"
AA01,CH,2,UNIFIED,"t=35 [HELLO_TX] bat=100% nbr=14"
AA01,CH,2,UNIFIED,"t=37 [HELLO] NEW 0009 tier=1 verified=0"
AA01,CH,2,UNIFIED,"t=42 [HELLO_TX] bat=100% nbr=15"
AA01,CH,2,UNIFIED,"t=42 [HELLO] NEW AA06 tier=2 verified=0"
AA01,CH,2,UNIFIED,"t=52 [HELLO_TX] bat=100% nbr=16"
AA01,CH,2,UNIFIED,"t=54 [HELLO] NEW FF07 tier=3 verified=1"
AA01,CH,2,UNIFIED,"t=62 [HELLO_TX] bat=100% nbr=17"
AA01,CH,2,UNIFIED,"t=67 [HELLO] NEW AA02 tier=2 verified=0"
AA01,CH,2,UNIFIED,"t=70 [HELLO_TX] bat=100% nbr=18"
AA01,CH,2,UNIFIED,"t=71 [HELLO] NEW FF09 tier=3 verified=0"
AA01,CH,2,UNIFIED,"t=80 [HELLO_TX] bat=100% nbr=19"
AA01,CH,2,UNIFIED,"t=88 [HELLO_TX] bat=100% nbr=19"
AA01,CH,2,UNIFIED,"t=97 [HELLO_TX] bat=100% nbr=19"
AA01,CH,2,UNIFIED,"t=103 [HELLO_TX] bat=100% nbr=19"
AA01,CH,2,UNIFIED,"t=107 [HELLO_TX] bat=100% nbr=19"
AA01,CH,2,UNIFIED,"t=110 [HELLO] NEW 0063 tier=1 verified=0"
AA01,CH,2,UNIFIED,"t=114 [HELLO_TX] bat=100% nbr=20"
AA01,CH,2,UNIFIED,"t=123 [HELLO_TX] bat=100% nbr=20"
AA01,CH,2,UNIFIED,"t=127 [HELLO_TX] bat=100% nbr=20"
AA01,CH,2,UNIFIED,"t=136 [HELLO_TX] bat=100% nbr=20"
AA01,CH,2,UNIFIED,"t=144 [HELLO_TX] bat=100% nbr=20"
AA01,CH,2,UNIFIED,"t=154 [HELLO_TX] bat=100% nbr=20"
AA01,CH,2,UNIFIED,"t=164 [HELLO_TX] bat=100% nbr=20"
AA01,CH,2,UNIFIED,"t=169 [HELLO_TX] bat=100% nbr=20"
AA01,CH,2,UNIFIED,"t=178 [HELLO_TX] bat=100% nbr=20"
AA01,CH,2,UNIFIED,"t=187 [HELLO_TX] bat=100% nbr=20"
AA01,CH,2,UNIFIED,"t=194 [HELLO_TX] bat=100% nbr=20"
AA01,CH,2,UNIFIED,"t=199 [HELLO_TX] bat=100% nbr=20"
AA01,CH,2,UNIFIED,"t=200 [STATE] BOOT->DISCOVERY"
AA01,CH,2,UNIFIED,"t=201 [DISCO] Found verified GWN FF04"
AA01,CH,2,UNIFIED,"[LOCK][SET] partner=FF04 timeout=4"
AA01,CH,2,UNIFIED,"t=202 [CH_REQ] (1/5) -> FF04"
AA01,CH,2,UNIFIED,"t=204 [CH_ACK] Received key from FF04"
AA01,CH,2,UNIFIED,"[LOCK][REFRESH] partner=FF04 timeout=4"
AA01,CH,2,UNIFIED,"t=204 [KEY_ACK] -> FF04 (encrypted)"
AA01,CH,2,UNIFIED,"[LOCK][CLEAR][SUCCESS] partner=FF04"
AA01,CH,2,UNIFIED,"t=204 [VERIFIED] parent=GWN FF04 (localKey set; encrypted comms)"
AA01,CH,2,UNIFIED,"t=207 [CH_REJECT] from FF04"
AA01,CH,2,UNIFIED,"t=207 [PURGE] parent FF04 (rejected)"
AA01,CH,2,UNIFIED,"t=208 [HELLO_TX] bat=100% nbr=20"
AA01,CH,2,UNIFIED,"[LOCK][SET] partner=FF06 timeout=4"
AA01,CH,2,UNIFIED,"t=208 [CH_REQ] (1/5) -> FF06"
AA01,CH,2,UNIFIED,"t=210 [CH_ACK] Received key from FF06"
AA01,CH,2,UNIFIED,"[LOCK][REFRESH] partner=FF06 timeout=4"
AA01,CH,2,UNIFIED,"t=210 [KEY_ACK] -> FF06 (encrypted)"
AA01,CH,2,UNIFIED,"[LOCK][CLEAR][SUCCESS] partner=FF06"
AA01,CH,2,UNIFIED,"t=210 [VERIFIED] parent=GWN FF06 (localKey set; encrypted comms)"
AA01,CH,2,UNIFIED,"t=215 [HELLO_TX] bat=100% nbr=20"
AA01,CH,2,UNIFIED,"t=216 [HELLO] NEW 000A tier=1 verified=0"
AA01,CH,2,UNIFIED,"t=221 [HELLO_TX] bat=100% nbr=21"
AA01,CH,2,UNIFIED,"t=228 [HELLO_TX] bat=100% nbr=21"
AA01,CH,2,UNIFIED,"t=236 [HELLO_TX] bat=100% nbr=21"
AA01,CH,2,UNIFIED,"t=244 [HELLO_TX] bat=100% nbr=21"
AA02,CH,2,UNIFIED,"t=4 [HELLO] NEW FF05 tier=3 verified=0"
AA02,CH,2,UNIFIED,"t=5 [HELLO] NEW 004B tier=1 verified=0"
AA02,CH,2,UNIFIED,"t=6 [HELLO] NEW 0040 tier=1 verified=0"
AA02,CH,2,UNIFIED,"t=7 [HELLO] NEW 0048 tier=1 verified=0"
AA02,CH,2,UNIFIED,"t=8 [HELLO] NEW 004E tier=1 verified=0"
AA02,CH,2,UNIFIED,"t=9 [HELLO_TX] bat=100% nbr=5"
AA02,CH,2,UNIFIED,"t=10 [HELLO] NEW FF04 tier=3 verified=0"
AA02,CH,2,UNIFIED,"t=15 [HELLO] NEW AA06 tier=2 verified=0"
AA02,CH,2,UNIFIED,"t=16 [HELLO_TX] bat=100% nbr=7"
AA02,CH,2,UNIFIED,"t=23 [HELLO] NEW 000D tier=1 verified=0"
AA02,CH,2,UNIFIED,"t=24 [HELLO] NEW FF07 tier=3 verified=0"
AA02,CH,2,UNIFIED,"t=25 [HELLO_TX] bat=100% nbr=9"
AA02,CH,2,UNIFIED,"t=28 [HELLO] NEW 0042 tier=1 verified=0"
AA02,CH,2,UNIFIED,"t=35 [HELLO_TX] bat=100% nbr=10"
AA02,CH,2,UNIFIED,"t=43 [HELLO] NEW AA09 tier=2 verified=0"
AA02,CH,2,UNIFIED,"t=44 [HELLO_TX] bat=100% nbr=11"
AA02,CH,2,UNIFIED,"t=45 [HELLO] NEW 0021 tier=1 verified=0"
AA02,CH,2,UNIFIED,"t=52 [HELLO_TX] bat=100% nbr=12"
AA02,CH,2,UNIFIED,"t=53 [HELLO] NEW 0017 tier=1 verified=0"
AA02,CH,2,UNIFIED,"t=59 [HELLO_TX] bat=100% nbr=13"
AA02,CH,2,UNIFIED,"t=63 [HELLO] NEW AA08 tier=2 verified=0"
AA02,CH,2,UNIFIED,"t=67 [HELLO_TX] bat=100% nbr=14"
AA02,CH,2,UNIFIED,"t=70 [HELLO] NEW 0006 tier=1 verified=0"
AA02,CH,2,UNIFIED,"t=71 [HELLO] NEW 0001 tier=1 verified=0"
AA02,CH,2,UNIFIED,"t=77 [HELLO_TX] bat=100% nbr=16"
AA02,CH,2,UNIFIED,"t=77 [HELLO] NEW 001E tier=1 verified=0"
AA02,CH,2,UNIFIED,"t=83 [HELLO_TX] bat=100% nbr=17"
AA02,CH,2,UNIFIED,"t=90 [HELLO_TX] bat=100% nbr=17"
AA02,CH,2,UNIFIED,"t=96 [HELLO] NEW 0051 tier=1 verified=0"
AA02,CH,2,UNIFIED,"t=97 [HELLO_TX] bat=100% nbr=18"
AA02,CH,2,UNIFIED,"t=105 [HELLO_TX] bat=100% nbr=18"
AA02,CH,2,UNIFIED,"t=111 [HELLO_TX] bat=100% nbr=18"
AA02,CH,2,UNIFIED,"t=120 [HELLO_TX] bat=100% nbr=18"
AA02,CH,2,UNIFIED,"t=125 [HELLO_TX] bat=100% nbr=18"
AA02,CH,2,UNIFIED,"t=133 [HELLO_TX] bat=100% nbr=18"
AA02,CH,2,UNIFIED,"t=143 [HELLO_TX] bat=100% nbr=18"
AA02,CH,2,UNIFIED,"t=148 [HELLO_TX] bat=100% nbr=18"
AA02,CH,2,UNIFIED,"t=158 [HELLO_TX] bat=100% nbr=18"
AA02,CH,2,UNIFIED,"t=167 [HELLO_TX] bat=100% nbr=18"
AA02,CH,2,UNIFIED,"t=175 [HELLO_TX] bat=100% nbr=18"
AA02,CH,2,UNIFIED,"t=178 [HELLO] NEW AA01 tier=2 verified=0"
AA02,CH,2,UNIFIED,"t=180 [HELLO_TX] bat=100% nbr=19"
AA02,CH,2,UNIFIED,"t=187 [HELLO_TX] bat=100% nbr=19"
AA02,CH,2,UNIFIED,"t=190 [HELLO] NEW 0034 tier=1 verified=0"
AA02,CH,2,UNIFIED,"t=191 [HELLO_TX] bat=100% nbr=20"
AA02,CH,2,UNIFIED,"t=200 [HELLO_TX] bat=100% nbr=20"
AA02,CH,2,UNIFIED,"t=200 [STATE] BOOT->DISCOVERY"
AA02,CH,2,UNIFIED,"t=201 [DISCO] Found verified GWN FF04"
AA02,CH,2,UNIFIED,"[LOCK][SET] partner=FF04 timeout=4"
AA02,CH,2,UNIFIED,"t=202 [CH_REQ] (1/5) -> FF04"
AA02,CH,2,UNIFIED,"t=204 [HELLO_TX] bat=100% nbr=20"
AA02,CH,2,UNIFIED,"[LOCK][TIMEOUT] partner=FF04"
AA02,CH,2,UNIFIED,"t=206 [TIMEOUT] partner=FF04 retry=1/5"
AA02,CH,2,UNIFIED,"t=206 [TIMEOUT] Sent CH_REJECT to orphaned FF04"
AA02,CH,2,UNIFIED,"[LOCK][CLEAR][TIMEOUT] partner=FF04"
AA02,CH,2,UNIFIED,"[LOCK][SET] partner=FF04 timeout=4"
AA02,CH,2,UNIFIED,"t=207 [CH_REQ] (2/5) -> FF04"
AA02,CH,2,UNIFIED,"t=209 [HELLO_TX] bat=100% nbr=20"
AA02,CH,2,UNIFIED,"[LOCK][TIMEOUT] partner=FF04"
AA02,CH,2,UNIFIED,"t=211 [TIMEOUT] partner=FF04 retry=2/5"
AA02,CH,2,UNIFIED,"t=211 [TIMEOUT] Sent CH_REJECT to orphaned FF04"
AA02,CH,2,UNIFIED,"[LOCK][CLEAR][TIMEOUT] partner=FF04"
AA02,CH,2,UNIFIED,"[LOCK][SET] partner=FF04 timeout=4"
AA02,CH,2,UNIFIED,"t=212 [CH_REQ] (3/5) -> FF04"
AA02,CH,2,UNIFIED,"t=215 [HELLO_TX] bat=100% nbr=20"
AA02,CH,2,UNIFIED,"[LOCK][TIMEOUT] partner=FF04"
AA02,CH,2,UNIFIED,"t=216 [TIMEOUT] partner=FF04 retry=3/5"
AA02,CH,2,UNIFIED,"t=216 [TIMEOUT] Sent CH_REJECT to orphaned FF04"
AA02,CH,2,UNIFIED,"[LOCK][CLEAR][TIMEOUT] partner=FF04"
AA02,CH,2,UNIFIED,"[LOCK][SET] partner=FF04 timeout=4"
AA02,CH,2,UNIFIED,"t=217 [CH_REQ] (4/5) -> FF04"
AA02,CH,2,UNIFIED,"[LOCK][TIMEOUT] partner=FF04"
AA02,CH,2,UNIFIED,"t=221 [TIMEOUT] partner=FF04 retry=4/5"
AA02,CH,2,UNIFIED,"t=221 [TIMEOUT] Sent CH_REJECT to orphaned FF04"
AA02,CH,2,UNIFIED,"[LOCK][CLEAR][TIMEOUT] partner=FF04"
AA02,CH,2,UNIFIED,"[LOCK][SET] partner=FF04 timeout=4"
AA02,CH,2,UNIFIED,"t=222 [CH_REQ] (5/5) -> FF04"
AA02,CH,2,UNIFIED,"t=225 [HELLO_TX] bat=100% nbr=20"
AA02,CH,2,UNIFIED,"[LOCK][TIMEOUT] partner=FF04"
AA02,CH,2,UNIFIED,"t=226 [TIMEOUT] partner=FF04 retry=5/5"
AA02,CH,2,UNIFIED,"t=226 [TIMEOUT] Sent CH_REJECT to orphaned FF04"
AA02,CH,2,UNIFIED,"[LOCK][CLEAR][TIMEOUT] partner=FF04"
AA02,CH,2,UNIFIED,"t=227 [REJECT] FF04 MAX_RETRIES=5"
AA02,CH,2,UNIFIED,"[LOCK][SET] partner=FF07 timeout=4"
AA02,CH,2,UNIFIED,"t=230 [CH_REQ] (1/5) -> FF07"
AA02,CH,2,UNIFIED,"t=232 [CH_ACK] Received key from FF07"
AA02,CH,2,UNIFIED,"[LOCK][REFRESH] partner=FF07 timeout=4"
AA02,CH,2,UNIFIED,"t=232 [KEY_ACK] -> FF07 (encrypted)"
AA02,CH,2,UNIFIED,"[LOCK][CLEAR][SUCCESS] partner=FF07"
AA02,CH,2,UNIFIED,"t=232 [VERIFIED] parent=GWN FF07 (localKey set; encrypted comms)"
AA02,CH,2,UNIFIED,"t=233 [HELLO_TX] bat=99% nbr=20"
AA02,CH,2,UNIFIED,"t=241 [HELLO_TX] bat=99% nbr=20"
AA02,CH,2,UNIFIED,"t=248 [HELLO] NEW FF06 tier=3 verified=1"
AA02,CH,2,UNIFIED,"t=249 [HELLO_TX] bat=99% nbr=21"
AA03,CH,2,UNIFIED,"t=4 [HELLO] NEW AA05 tier=2 verified=0"
AA03,CH,2,UNIFIED,"t=5 [HELLO] NEW FF01 tier=3 verified=0"
AA03,CH,2,UNIFIED,"t=6 [HELLO] NEW 0025 tier=1 verified=0"
AA03,CH,2,UNIFIED,"t=7 [HELLO] NEW 0024 tier=1 verified=0"
AA03,CH,2,UNIFIED,"t=8 [HELLO_TX] bat=100% nbr=4"
AA03,CH,2,UNIFIED,"t=8 [HELLO] NEW 005E tier=1 verified=0"
AA03,CH,2,UNIFIED,"t=12 [HELLO] NEW 0016 tier=1 verified=0"
AA03,CH,2,UNIFIED,"t=14 [HELLO_TX] bat=100% nbr=6"
AA03,CH,2,UNIFIED,"t=18 [HELLO_TX] bat=100% nbr=6"
AA03,CH,2,UNIFIED,"t=18 [HELLO] NEW 004C tier=1 verified=0"
AA03,CH,2,UNIFIED,"t=22 [HELLO_TX] bat=100% nbr=7"
AA03,CH,2,UNIFIED,"t=24 [HELLO] NEW 001D tier=1 verified=0"
AA03,CH,2,UNIFIED,"t=25 [HELLO] NEW 000C tier=1 verified=0"
AA03,CH,2,UNIFIED,"t=26 [HELLO] NEW FF0B tier=3 verified=0"
AA03,CH,2,UNIFIED,"t=30 [HELLO] NEW 002B tier=1 verified=0"
AA03,CH,2,UNIFIED,"t=31 [HELLO_TX] bat=100% nbr=11"
AA03,CH,2,UNIFIED,"t=41 [HELLO_TX] bat=100% nbr=11"
AA03,CH,2,UNIFIED,"t=45 [HELLO_TX] bat=100% nbr=11"
AA03,CH,2,UNIFIED,"t=51 [HELLO_TX] bat=100% nbr=11"
AA03,CH,2,UNIFIED,"t=56 [HELLO_TX] bat=100% nbr=11"
AA03,CH,2,UNIFIED,"t=62 [HELLO_TX] bat=100% nbr=11"
AA03,CH,2,UNIFIED,"t=69 [HELLO_TX] bat=100% nbr=11"
AA03,CH,2,UNIFIED,"t=78 [HELLO_TX] bat=100% nbr=11"
AA03,CH,2,UNIFIED,"t=87 [HELLO_TX] bat=100% nbr=11"
AA03,CH,2,UNIFIED,"t=94 [HELLO_TX] bat=100% nbr=11"
AA03,CH,2,UNIFIED,"t=103 [HELLO_TX] bat=100% nbr=11"
AA03,CH,2,UNIFIED,"t=107 [HELLO_TX] bat=100% nbr=11"
AA03,CH,2,UNIFIED,"t=114 [HELLO_TX] bat=100% nbr=11"
AA03,CH,2,UNIFIED,"t=114 [HELLO] NEW 0005 tier=1 verified=0"
AA03,CH,2,UNIFIED,"t=118 [HELLO_TX] bat=100% nbr=12"
AA03,CH,2,UNIFIED,"t=127 [HELLO_TX] bat=100% nbr=12"
AA03,CH,2,UNIFIED,"t=133 [HELLO_TX] bat=100% nbr=12"
AA03,CH,2,UNIFIED,"t=133 [HELLO] NEW 000E tier=1 verified=0"
AA03,CH,2,UNIFIED,"t=139 [HELLO_TX] bat=100% nbr=13"
AA03,CH,2,UNIFIED,"t=145 [HELLO_TX] bat=100% nbr=13"
AA03,CH,2,UNIFIED,"t=149 [HELLO_TX] bat=100% nbr=13"
AA03,CH,2,UNIFIED,"t=154 [HELLO_TX] bat=100% nbr=13"
AA03,CH,2,UNIFIED,"t=164 [HELLO_TX] bat=100% nbr=13"
AA03,CH,2,UNIFIED,"t=171 [HELLO_TX] bat=100% nbr=13"
AA03,CH,2,UNIFIED,"t=175 [HELLO_TX] bat=100% nbr=13"
AA03,CH,2,UNIFIED,"t=180 [HELLO] NEW FF08 tier=3 verified=1"
AA03,CH,2,UNIFIED,"t=184 [HELLO_TX] bat=100% nbr=14"
AA03,CH,2,UNIFIED,"t=193 [HELLO_TX] bat=100% nbr=14"
AA03,CH,2,UNIFIED,"t=200 [STATE] BOOT->DISCOVERY"
AA03,CH,2,UNIFIED,"t=201 [DISCO] Found verified GWN FF01"
AA03,CH,2,UNIFIED,"[LOCK][SET] partner=FF01 timeout=4"
AA03,CH,2,UNIFIED,"t=202 [CH_REQ] (1/5) -> FF01"
AA03,CH,2,UNIFIED,"t=203 [HELLO_TX] bat=100% nbr=14"
AA03,CH,2,UNIFIED,"[LOCK][TIMEOUT] partner=FF01"
AA03,CH,2,UNIFIED,"t=206 [TIMEOUT] partner=FF01 retry=1/5"
AA03,CH,2,UNIFIED,"t=206 [TIMEOUT] Sent CH_REJECT to orphaned FF01"
AA03,CH,2,UNIFIED,"[LOCK][CLEAR][TIMEOUT] partner=FF01"
AA03,CH,2,UNIFIED,"[LOCK][SET] partner=FF01 timeout=4"
AA03,CH,2,UNIFIED,"t=207 [CH_REQ] (2/5) -> FF01"
AA03,CH,2,UNIFIED,"[LOCK][TIMEOUT] partner=FF01"
AA03,CH,2,UNIFIED,"t=211 [TIMEOUT] partner=FF01 retry=2/5"
AA03,CH,2,UNIFIED,"t=211 [TIMEOUT] Sent CH_REJECT to orphaned FF01"
AA03,CH,2,UNIFIED,"[LOCK][CLEAR][TIMEOUT] partner=FF01"
AA03,CH,2,UNIFIED,"t=212 [HELLO_TX] bat=100% nbr=14"
AA03,CH,2,UNIFIED,"[LOCK][SET] partner=FF01 timeout=4"
AA03,CH,2,UNIFIED,"t=212 [CH_REQ] (3/5) -> FF01"
AA03,CH,2,UNIFIED,"t=214 [CH_ACK] Received key from FF01"
AA03,CH,2,UNIFIED,"[LOCK][REFRESH] partner=FF01 timeout=4"
AA03,CH,2,UNIFIED,"t=214 [KEY_ACK] -> FF01 (encrypted)"
AA03,CH,2,UNIFIED,"[LOCK][CLEAR][SUCCESS] partner=FF01"
AA03,CH,2,UNIFIED,"t=214 [VERIFIED] parent=GWN FF01 (localKey set; encrypted comms)"
AA03,CH,2,UNIFIED,"t=217 [CH_REJECT] from FF01"
AA03,CH,2,UNIFIED,"t=217 [PURGE] parent FF01 (rejected)"
AA03,CH,2,UNIFIED,"t=219 [HELLO_TX] bat=100% nbr=14"
AA03,CH,2,UNIFIED,"[LOCK][SET] partner=FF0B timeout=4"
AA03,CH,2,UNIFIED,"t=221 [CH_REQ] (1/5) -> FF0B"
AA03,CH,2,UNIFIED,"[LOCK][TIMEOUT] partner=FF0B"
AA03,CH,2,UNIFIED,"t=225 [TIMEOUT] partner=FF0B retry=1/5"
AA03,CH,2,UNIFIED,"t=225 [TIMEOUT] Sent CH_REJECT to orphaned FF0B"
AA03,CH,2,UNIFIED,"[LOCK][CLEAR][TIMEOUT] partner=FF0B"
AA03,CH,2,UNIFIED,"t=226 [HELLO_TX] bat=99% nbr=14"
AA03,CH,2,UNIFIED,"[LOCK][SET] partner=FF0B timeout=4"
AA03,CH,2,UNIFIED,"t=226 [CH_REQ] (2/5) -> FF0B"
AA03,CH,2,UNIFIED,"[LOCK][TIMEOUT] partner=FF0B"
AA03,CH,2,UNIFIED,"t=230 [TIMEOUT] partner=FF0B retry=2/5"
AA03,CH,2,UNIFIED,"t=230 [TIMEOUT] Sent CH_REJECT to orphaned FF0B"
AA03,CH,2,UNIFIED,"[LOCK][CLEAR][TIMEOUT] partner=FF0B"
AA03,CH,2,UNIFIED,"t=231 [HELLO_TX] bat=99% nbr=14"
AA03,CH,2,UNIFIED,"[LOCK][SET] partner=FF0B timeout=4"
AA03,CH,2,UNIFIED,"t=231 [CH_REQ] (3/5) -> FF0B"
AA03,CH,2,UNIFIED,"[LOCK][TIMEOUT] partner=FF0B"
AA03,CH,2,UNIFIED,"t=235 [TIMEOUT] partner=FF0B retry=3/5"
AA03,CH,2,UNIFIED,"t=235 [TIMEOUT] Sent CH_REJECT to orphaned FF0B"
AA03,CH,2,UNIFIED,"[LOCK][CLEAR][TIMEOUT] partner=FF0B"
AA03,CH,2,UNIFIED,"[LOCK][SET] partner=FF0B timeout=4"
AA03,CH,2,UNIFIED,"t=236 [CH_REQ] (4/5) -> FF0B"
AA03,CH,2,UNIFIED,"[LOCK][TIMEOUT] partner=FF0B"
AA03,CH,2,UNIFIED,"t=240 [TIMEOUT] partner=FF0B retry=4/5"
AA03,CH,2,UNIFIED,"t=240 [TIMEOUT] Sent CH_REJECT to orphaned FF0B"
AA03,CH,2,UNIFIED,"[LOCK][CLEAR][TIMEOUT] partner=FF0B"
AA03,CH,2,UNIFIED,"t=241 [HELLO_TX] bat=99% nbr=14"
AA03,CH,2,UNIFIED,"[LOCK][SET] partner=FF0B timeout=4"
AA03,CH,2,UNIFIED,"t=241 [CH_REQ] (5/5) -> FF0B"
AA03,CH,2,UNIFIED,"[LOCK][TIMEOUT] partner=FF0B"
AA03,CH,2,UNIFIED,"t=245 [TIMEOUT] partner=FF0B retry=5/5"
AA03,CH,2,UNIFIED,"t=245 [TIMEOUT] Sent CH_REJECT to orphaned FF0B"
AA03,CH,2,UNIFIED,"[LOCK][CLEAR][TIMEOUT] partner=FF0B"
AA03,CH,2,UNIFIED,"t=246 [REJECT] FF0B MAX_RETRIES=5"
AA04,CH,2,UNIFIED,"t=4 [HELLO] NEW 005A tier=1 verified=0"
AA04,CH,2,UNIFIED,"t=5 [HELLO] NEW 003F tier=1 verified=0"
AA04,CH,2,UNIFIED,"t=6 [HELLO] NEW FF0A tier=3 verified=0"
AA04,CH,2,UNIFIED,"t=7 [HELLO] NEW 0036 tier=1 verified=0"
AA04,CH,2,UNIFIED,"t=8 [HELLO] NEW 0050 tier=1 verified=0"
AA04,CH,2,UNIFIED,"t=9 [HELLO] NEW FF03 tier=3 verified=0"
AA04,CH,2,UNIFIED,"t=10 [HELLO_TX] bat=100% nbr=6"
AA04,CH,2,UNIFIED,"t=10 [HELLO] NEW 003B tier=1 verified=0"
AA04,CH,2,UNIFIED,"t=11 [HELLO] NEW 000F tier=1 verified=0"
AA04,CH,2,UNIFIED,"t=12 [HELLO] NEW 0060 tier=1 verified=0"
AA04,CH,2,UNIFIED,"t=14 [HELLO_TX] bat=100% nbr=9"
AA04,CH,2,UNIFIED,"t=20 [HELLO_TX] bat=100% nbr=9"
AA04,CH,2,UNIFIED,"t=20 [HELLO] NEW 0053 tier=1 verified=0"
AA04,CH,2,UNIFIED,"t=29 [HELLO] NEW 0015 tier=1 verified=0"
AA04,CH,2,UNIFIED,"t=30 [HELLO_TX] bat=100% nbr=11"
AA04,CH,2,UNIFIED,"t=32 [HELLO] NEW 003E tier=1 verified=0"
AA04,CH,2,UNIFIED,"t=37 [HELLO_TX] bat=100% nbr=12"
AA04,CH,2,UNIFIED,"t=41 [HELLO] NEW 003A tier=1 verified=0"
AA04,CH,2,UNIFIED,"t=42 [HELLO] NEW 0047 tier=1 verified=0"
AA04,CH,2,UNIFIED,"t=43 [HELLO_TX] bat=100% nbr=14"
AA04,CH,2,UNIFIED,"t=46 [HELLO] NEW FF08 tier=3 verified=1"
AA04,CH,2,UNIFIED,"t=48 [HELLO_TX] bat=100% nbr=15"
AA04,CH,2,UNIFIED,"t=49 [HELLO] NEW 0028 tier=1 verified=0"
AA04,CH,2,UNIFIED,"t=56 [HELLO_TX] bat=100% nbr=16"
AA04,CH,2,UNIFIED,"t=63 [HELLO_TX] bat=100% nbr=16"
AA04,CH,2,UNIFIED,"t=67 [HELLO_TX] bat=100% nbr=16"
AA04,CH,2,UNIFIED,"t=73 [HELLO_TX] bat=100% nbr=16"
AA04,CH,2,UNIFIED,"t=81 [HELLO_TX] bat=100% nbr=16"
AA04,CH,2,UNIFIED,"t=86 [HELLO_TX] bat=100% nbr=16"
AA04,CH,2,UNIFIED,"t=86 [HELLO] NEW 0057 tier=1 verified=0"
AA04,CH,2,UNIFIED,"t=93 [HELLO_TX] bat=100% nbr=17"
AA04,CH,2,UNIFIED,"t=101 [HELLO_TX] bat=100% nbr=17"
AA04,CH,2,UNIFIED,"t=110 [HELLO_TX] bat=100% nbr=17"
AA04,CH,2,UNIFIED,"t=117 [HELLO_TX] bat=100% nbr=17"
AA04,CH,2,UNIFIED,"t=126 [HELLO_TX] bat=100% nbr=17"
AA04,CH,2,UNIFIED,"t=136 [HELLO_TX] bat=100% nbr=17"
AA04,CH,2,UNIFIED,"t=141 [HELLO_TX] bat=100% nbr=17"
AA04,CH,2,UNIFIED,"t=147 [HELLO_TX] bat=100% nbr=17"
AA04,CH,2,UNIFIED,"t=154 [HELLO_TX] bat=100% nbr=17"
AA04,CH,2,UNIFIED,"t=158 [HELLO_TX] bat=100% nbr=17"
AA04,CH,2,UNIFIED,"t=163 [HELLO_TX] bat=100% nbr=17"
AA04,CH,2,UNIFIED,"t=172 [HELLO_TX] bat=100% nbr=17"
AA04,CH,2,UNIFIED,"t=177 [HELLO_TX] bat=100% nbr=17"
AA04,CH,2,UNIFIED,"t=187 [HELLO_TX] bat=100% nbr=17"
AA04,CH,2,UNIFIED,"t=192 [HELLO_TX] bat=100% nbr=17"
AA04,CH,2,UNIFIED,"t=200 [STATE] BOOT->DISCOVERY"
AA04,CH,2,UNIFIED,"t=201 [HELLO_TX] bat=100% nbr=17"
AA04,CH,2,UNIFIED,"t=201 [DISCO] Found verified GWN FF0A"
AA04,CH,2,UNIFIED,"[LOCK][SET] partner=FF0A timeout=4"
AA04,CH,2,UNIFIED,"t=202 [CH_REQ] (1/5) -> FF0A"
AA04,CH,2,UNIFIED,"[LOCK][TIMEOUT] partner=FF0A"
AA04,CH,2,UNIFIED,"t=206 [TIMEOUT] partner=FF0A retry=1/5"
AA04,CH,2,UNIFIED,"t=206 [TIMEOUT] Sent CH_REJECT to orphaned FF0A"
AA04,CH,2,UNIFIED,"[LOCK][CLEAR][TIMEOUT] partner=FF0A"
AA04,CH,2,UNIFIED,"[LOCK][SET] partner=FF0A timeout=4"
AA04,CH,2,UNIFIED,"t=207 [CH_REQ] (2/5) -> FF0A"
AA04,CH,2,UNIFIED,"t=208 [HELLO_TX] bat=100% nbr=17"
AA04,CH,2,UNIFIED,"t=210 [CH_ACK] Received key from FF0A"
AA04,CH,2,UNIFIED,"[LOCK][REFRESH] partner=FF0A timeout=4"
AA04,CH,2,UNIFIED,"t=210 [KEY_ACK] -> FF0A (encrypted)"
AA04,CH,2,UNIFIED,"[LOCK][CLEAR][SUCCESS] partner=FF0A"
AA04,CH,2,UNIFIED,"t=210 [VERIFIED] parent=GWN FF0A (localKey set; encrypted comms)"
AA04,CH,2,UNIFIED,"t=212 [CH_REJECT] from FF0A"
AA04,CH,2,UNIFIED,"t=212 [PURGE] parent FF0A (rejected)"
AA04,CH,2,UNIFIED,"[LOCK][SET] partner=FF08 timeout=4"
AA04,CH,2,UNIFIED,"t=215 [CH_REQ] (1/5) -> FF08"
AA04,CH,2,UNIFIED,"t=218 [HELLO_TX] bat=100% nbr=17"
AA04,CH,2,UNIFIED,"[LOCK][TIMEOUT] partner=FF08"
AA04,CH,2,UNIFIED,"t=219 [TIMEOUT] partner=FF08 retry=1/5"
AA04,CH,2,UNIFIED,"t=219 [TIMEOUT] Sent CH_REJECT to orphaned FF08"
AA04,CH,2,UNIFIED,"[LOCK][CLEAR][TIMEOUT] partner=FF08"
AA04,CH,2,UNIFIED,"[LOCK][SET] partner=FF08 timeout=4"
AA04,CH,2,UNIFIED,"t=220 [CH_REQ] (2/5) -> FF08"
AA04,CH,2,UNIFIED,"t=224 [HELLO_TX] bat=100% nbr=17"
AA04,CH,2,UNIFIED,"[LOCK][TIMEOUT] partner=FF08"
AA04,CH,2,UNIFIED,"t=224 [TIMEOUT] partner=FF08 retry=2/5"
AA04,CH,2,UNIFIED,"t=224 [TIMEOUT] Sent CH_REJECT to orphaned FF08"
AA04,CH,2,UNIFIED,"[LOCK][CLEAR][TIMEOUT] partner=FF08"
AA04,CH,2,UNIFIED,"[LOCK][SET] partner=FF08 timeout=4"
AA04,CH,2,UNIFIED,"t=225 [CH_REQ] (3/5) -> FF08"
AA04,CH,2,UNIFIED,"[LOCK][TIMEOUT] partner=FF08"
AA04,CH,2,UNIFIED,"t=229 [TIMEOUT] partner=FF08 retry=3/5"
AA04,CH,2,UNIFIED,"t=229 [TIMEOUT] Sent CH_REJECT to orphaned FF08"
AA04,CH,2,UNIFIED,"[LOCK][CLEAR][TIMEOUT] partner=FF08"
AA04,CH,2,UNIFIED,"t=230 [HELLO_TX] bat=99% nbr=17"
AA04,CH,2,UNIFIED,"[LOCK][SET] partner=FF08 timeout=4"
AA04,CH,2,UNIFIED,"t=230 [CH_REQ] (4/5) -> FF08"
AA04,CH,2,UNIFIED,"[LOCK][TIMEOUT] partner=FF08"
AA04,CH,2,UNIFIED,"t=234 [TIMEOUT] partner=FF08 retry=4/5"
AA04,CH,2,UNIFIED,"t=234 [TIMEOUT] Sent CH_REJECT to orphaned FF08"
AA04,CH,2,UNIFIED,"[LOCK][CLEAR][TIMEOUT] partner=FF08"
AA04,CH,2,UNIFIED,"[LOCK][SET] partner=FF08 timeout=4"
AA04,CH,2,UNIFIED,"t=235 [CH_REQ] (5/5) -> FF08"
AA04,CH,2,UNIFIED,"t=238 [HELLO_TX] bat=99% nbr=17"
AA04,CH,2,UNIFIED,"[LOCK][TIMEOUT] partner=FF08"
AA04,CH,2,UNIFIED,"t=239 [TIMEOUT] partner=FF08 retry=5/5"
AA04,CH,2,UNIFIED,"t=239 [TIMEOUT] Sent CH_REJECT to orphaned FF08"
AA04,CH,2,UNIFIED,"[LOCK][CLEAR][TIMEOUT] partner=FF08"
AA04,CH,2,UNIFIED,"t=240 [REJECT] FF08 MAX_RETRIES=5"
AA04,CH,2,UNIFIED,"t=245 [HELLO_TX] bat=99% nbr=17"
AA05,CH,2,UNIFIED,"t=4 [HELLO_TX] bat=100% nbr=0"
AA05,CH,2,UNIFIED,"t=5 [HELLO] NEW FF01 tier=3 verified=0"
AA05,CH,2,UNIFIED,"t=6 [HELLO] NEW 0025 tier=1 verified=0"
AA05,CH,2,UNIFIED,"t=7 [HELLO] NEW 0024 tier=1 verified=0"
AA05,CH,2,UNIFIED,"t=8 [HELLO] NEW AA03 tier=2 verified=0"
AA05,CH,2,UNIFIED,"t=10 [HELLO] NEW 004C tier=1 verified=0"
AA05,CH,2,UNIFIED,"t=12 [HELLO] NEW 0016 tier=1 verified=0"
AA05,CH,2,UNIFIED,"t=13 [HELLO_TX] bat=100% nbr=6"
AA05,CH,2,UNIFIED,"t=16 [HELLO] NEW 005E tier=1 verified=0"
AA05,CH,2,UNIFIED,"t=17 [HELLO_TX] bat=100% nbr=7"
AA05,CH,2,UNIFIED,"t=21 [HELLO] NEW 0005 tier=1 verified=0"
AA05,CH,2,UNIFIED,"t=23 [HELLO_TX] bat=100% nbr=8"
AA05,CH,2,UNIFIED,"t=24 [HELLO] NEW 001D tier=1 verified=0"
AA05,CH,2,UNIFIED,"t=25 [HELLO] NEW 000C tier=1 verified=0"
AA05,CH,2,UNIFIED,"t=28 [HELLO_TX] bat=100% nbr=10"
AA05,CH,2,UNIFIED,"t=36 [HELLO_TX] bat=100% nbr=10"
AA05,CH,2,UNIFIED,"t=41 [HELLO_TX] bat=100% nbr=10"
AA05,CH,2,UNIFIED,"t=50 [HELLO_TX] bat=100% nbr=10"
AA05,CH,2,UNIFIED,"t=59 [HELLO_TX] bat=100% nbr=10"
AA05,CH,2,UNIFIED,"t=67 [HELLO_TX] bat=100% nbr=10"
AA05,CH,2,UNIFIED,"t=72 [HELLO_TX] bat=100% nbr=10"
AA05,CH,2,UNIFIED,"t=80 [HELLO_TX] bat=100% nbr=10"
AA05,CH,2,UNIFIED,"t=83 [HELLO] NEW 000E tier=1 verified=0"
AA05,CH,2,UNIFIED,"t=87 [HELLO_TX] bat=100% nbr=11"
AA05,CH,2,UNIFIED,"t=91 [HELLO_TX] bat=100% nbr=11"
AA05,CH,2,UNIFIED,"t=97 [HELLO] NEW 005D tier=1 verified=0"
AA05,CH,2,UNIFIED,"t=98 [HELLO_TX] bat=100% nbr=12"
AA05,CH,2,UNIFIED,"t=103 [HELLO_TX] bat=100% nbr=12"
AA05,CH,2,UNIFIED,"t=108 [HELLO_TX] bat=100% nbr=12"
AA05,CH,2,UNIFIED,"t=118 [HELLO_TX] bat=100% nbr=12"
AA05,CH,2,UNIFIED,"t=127 [HELLO_TX] bat=100% nbr=12"
AA05,CH,2,UNIFIED,"t=134 [HELLO_TX] bat=100% nbr=12"
AA05,CH,2,UNIFIED,"t=144 [HELLO_TX] bat=100% nbr=12"
AA05,CH,2,UNIFIED,"t=154 [HELLO_TX] bat=100% nbr=12"
AA05,CH,2,UNIFIED,"t=157 [HELLO] NEW FF0B tier=3 verified=1"
AA05,CH,2,UNIFIED,"t=163 [HELLO_TX] bat=100% nbr=13"
AA05,CH,2,UNIFIED,"t=172 [HELLO_TX] bat=100% nbr=13"
AA05,CH,2,UNIFIED,"t=182 [HELLO_TX] bat=100% nbr=13"
AA05,CH,2,UNIFIED,"t=190 [HELLO_TX] bat=100% nbr=13"
AA05,CH,2,UNIFIED,"t=196 [HELLO_TX] bat=100% nbr=13"
AA05,CH,2,UNIFIED,"t=200 [STATE] BOOT->DISCOVERY"
AA05,CH,2,UNIFIED,"t=201 [DISCO] Found verified GWN FF01"
AA05,CH,2,UNIFIED,"t=202 [HELLO_TX] bat=100% nbr=13"
AA05,CH,2,UNIFIED,"[LOCK][SET] partner=FF01 timeout=4"
AA05,CH,2,UNIFIED,"t=202 [CH_REQ] (1/5) -> FF01"
AA05,CH,2,UNIFIED,"t=204 [CH_ACK] Received key from FF01"
AA05,CH,2,UNIFIED,"[LOCK][REFRESH] partner=FF01 timeout=4"
AA05,CH,2,UNIFIED,"t=204 [KEY_ACK] -> FF01 (encrypted)"
AA05,CH,2,UNIFIED,"[LOCK][CLEAR][SUCCESS] partner=FF01"
AA05,CH,2,UNIFIED,"t=204 [VERIFIED] parent=GWN FF01 (localKey set; encrypted comms)"
AA05,CH,2,UNIFIED,"t=210 [HELLO_TX] bat=100% nbr=13"
AA05,CH,2,UNIFIED,"t=214 [HELLO_TX] bat=100% nbr=13"
AA05,CH,2,UNIFIED,"t=221 [HELLO_TX] bat=100% nbr=13"
AA05,CH,2,UNIFIED,"t=231 [HELLO_TX] bat=100% nbr=13"
AA05,CH,2,UNIFIED,"t=239 [HELLO_TX] bat=100% nbr=13"
AA05,CH,2,UNIFIED,"t=240 [HELLO] NEW 002B tier=1 verified=0"
AA05,CH,2,UNIFIED,"t=246 [HELLO_TX] bat=100% nbr=14"
AA06,CH,2,UNIFIED,"t=4 [HELLO] NEW 0001 tier=1 verified=0"
AA06,CH,2,UNIFIED,"t=5 [HELLO_TX] bat=100% nbr=1"
AA06,CH,2,UNIFIED,"t=5 [HELLO] NEW 000D tier=1 verified=0"
AA06,CH,2,UNIFIED,"t=7 [HELLO] NEW 001E tier=1 verified=0"
AA06,CH,2,UNIFIED,"t=8 [HELLO] NEW 0021 tier=1 verified=0"
AA06,CH,2,UNIFIED,"t=9 [HELLO] NEW 0017 tier=1 verified=0"
AA06,CH,2,UNIFIED,"t=15 [HELLO_TX] bat=100% nbr=5"
AA06,CH,2,UNIFIED,"t=15 [HELLO] NEW AA09 tier=2 verified=0"
AA06,CH,2,UNIFIED,"t=18 [HELLO] NEW 0007 tier=1 verified=0"
AA06,CH,2,UNIFIED,"t=19 [HELLO_TX] bat=100% nbr=7"
AA06,CH,2,UNIFIED,"t=23 [HELLO_TX] bat=100% nbr=7"
AA06,CH,2,UNIFIED,"t=25 [HELLO] NEW AA02 tier=2 verified=0"
AA06,CH,2,UNIFIED,"t=26 [HELLO] NEW FF04 tier=3 verified=0"
AA06,CH,2,UNIFIED,"t=29 [HELLO_TX] bat=100% nbr=9"
AA06,CH,2,UNIFIED,"t=30 [HELLO] NEW FF05 tier=3 verified=0"
AA06,CH,2,UNIFIED,"t=34 [HELLO] NEW AA08 tier=2 verified=0"
AA06,CH,2,UNIFIED,"t=37 [HELLO_TX] bat=100% nbr=11"
AA06,CH,2,UNIFIED,"t=40 [HELLO] NEW FF0C tier=3 verified=0"
AA06,CH,2,UNIFIED,"t=42 [HELLO_TX] bat=100% nbr=12"
AA06,CH,2,UNIFIED,"t=42 [HELLO] NEW AA01 tier=2 verified=0"
AA06,CH,2,UNIFIED,"t=49 [HELLO_TX] bat=100% nbr=13"
AA06,CH,2,UNIFIED,"t=57 [HELLO_TX] bat=100% nbr=13"
AA06,CH,2,UNIFIED,"t=60 [HELLO] NEW 002F tier=1 verified=0"
AA06,CH,2,UNIFIED,"t=62 [HELLO_TX] bat=100% nbr=14"
AA06,CH,2,UNIFIED,"t=62 [HELLO] NEW 0063 tier=1 verified=0"
AA06,CH,2,UNIFIED,"t=65 [HELLO] NEW 0008 tier=1 verified=0"
AA06,CH,2,UNIFIED,"t=69 [HELLO] NEW FF06 tier=3 verified=0"
AA06,CH,2,UNIFIED,"t=72 [HELLO_TX] bat=100% nbr=17"
AA06,CH,2,UNIFIED,"t=75 [HELLO] NEW 004B tier=1 verified=0"
AA06,CH,2,UNIFIED,"t=76 [HELLO] NEW 0059 tier=1 verified=0"
AA06,CH,2,UNIFIED,"t=78 [HELLO_TX] bat=100% nbr=19"
AA06,CH,2,UNIFIED,"t=83 [HELLO_TX] bat=100% nbr=19"
AA06,CH,2,UNIFIED,"t=85 [HELLO] NEW 002D tier=1 verified=0"
AA06,CH,2,UNIFIED,"t=87 [HELLO_TX] bat=100% nbr=20"
AA06,CH,2,UNIFIED,"t=95 [HELLO_TX] bat=100% nbr=20"
AA06,CH,2,UNIFIED,"t=102 [HELLO_TX] bat=100% nbr=20"
AA06,CH,2,UNIFIED,"t=104 [HELLO] NEW 0031 tier=1 verified=0"
AA06,CH,2,UNIFIED,"t=107 [HELLO_TX] bat=100% nbr=21"
AA06,CH,2,UNIFIED,"t=116 [HELLO_TX] bat=100% nbr=21"
AA06,CH,2,UNIFIED,"t=121 [HELLO_TX] bat=100% nbr=21"
AA06,CH,2,UNIFIED,"t=125 [HELLO_TX] bat=100% nbr=21"
AA06,CH,2,UNIFIED,"t=135 [HELLO_TX] bat=100% nbr=21"
AA06,CH,2,UNIFIED,"t=145 [HELLO_TX] bat=100% nbr=21"
AA06,CH,2,UNIFIED,"t=155 [HELLO_TX] bat=100% nbr=21"
AA06,CH,2,UNIFIED,"t=164 [HELLO_TX] bat=100% nbr=21"
AA06,CH,2,UNIFIED,"t=174 [HELLO_TX] bat=100% nbr=21"
AA06,CH,2,UNIFIED,"t=182 [HELLO_TX] bat=100% nbr=21"
AA06,CH,2,UNIFIED,"t=188 [HELLO_TX] bat=100% nbr=21"
AA06,CH,2,UNIFIED,"t=197 [HELLO_TX] bat=100% nbr=21"
AA06,CH,2,UNIFIED,"t=200 [STATE] BOOT->DISCOVERY"
AA06,CH,2,UNIFIED,"t=201 [HELLO_TX] bat=100% nbr=21"
AA06,CH,2,UNIFIED,"t=201 [DISCO] Found verified GWN FF04"
AA06,CH,2,UNIFIED,"[LOCK][SET] partner=FF04 timeout=4"
AA06,CH,2,UNIFIED,"t=202 [CH_REQ] (1/5) -> FF04"
AA06,CH,2,UNIFIED,"t=205 [HELLO_TX] bat=100% nbr=21"
AA06,CH,2,UNIFIED,"[LOCK][TIMEOUT] partner=FF04"
AA06,CH,2,UNIFIED,"t=206 [TIMEOUT] partner=FF04 retry=1/5"
AA06,CH,2,UNIFIED,"t=206 [TIMEOUT] Sent CH_REJECT to orphaned FF04"
AA06,CH,2,UNIFIED,"[LOCK][CLEAR][TIMEOUT] partner=FF04"
AA06,CH,2,UNIFIED,"[LOCK][SET] partner=FF04 timeout=4"
AA06,CH,2,UNIFIED,"t=207 [CH_REQ] (2/5) -> FF04"
AA06,CH,2,UNIFIED,"[LOCK][TIMEOUT] partner=FF04"
AA06,CH,2,UNIFIED,"t=211 [TIMEOUT] partner=FF04 retry=2/5"
AA06,CH,2,UNIFIED,"t=211 [TIMEOUT] Sent CH_REJECT to orphaned FF04"
AA06,CH,2,UNIFIED,"[LOCK][CLEAR][TIMEOUT] partner=FF04"
AA06,CH,2,UNIFIED,"[LOCK][SET] partner=FF04 timeout=4"
AA06,CH,2,UNIFIED,"t=212 [CH_REQ] (3/5) -> FF04"
AA06,CH,2,UNIFIED,"t=213 [HELLO_TX] bat=100% nbr=21"
AA06,CH,2,UNIFIED,"[LOCK][TIMEOUT] partner=FF04"
AA06,CH,2,UNIFIED,"t=216 [TIMEOUT] partner=FF04 retry=3/5"
AA06,CH,2,UNIFIED,"t=216 [TIMEOUT] Sent CH_REJECT to orphaned FF04"
AA06,CH,2,UNIFIED,"[LOCK][CLEAR][TIMEOUT] partner=FF04"
AA06,CH,2,UNIFIED,"[LOCK][SET] partner=FF04 timeout=4"
AA06,CH,2,UNIFIED,"t=217 [CH_REQ] (4/5) -> FF04"
AA06,CH,2,UNIFIED,"t=218 [HELLO_TX] bat=100% nbr=21"
AA06,CH,2,UNIFIED,"[LOCK][TIMEOUT] partner=FF04"
AA06,CH,2,UNIFIED,"t=221 [TIMEOUT] partner=FF04 retry=4/5"
AA06,CH,2,UNIFIED,"t=221 [TIMEOUT] Sent CH_REJECT to orphaned FF04"
AA06,CH,2,UNIFIED,"[LOCK][CLEAR][TIMEOUT] partner=FF04"
AA06,CH,2,UNIFIED,"[LOCK][SET] partner=FF04 timeout=4"
AA06,CH,2,UNIFIED,"t=222 [CH_REQ] (5/5) -> FF04"
AA06,CH,2,UNIFIED,"t=226 [HELLO_TX] bat=99% nbr=21"
AA06,CH,2,UNIFIED,"[LOCK][TIMEOUT] partner=FF04"
AA06,CH,2,UNIFIED,"t=226 [TIMEOUT] partner=FF04 retry=5/5"
AA06,CH,2,UNIFIED,"t=226 [TIMEOUT] Sent CH_REJECT to orphaned FF04"
AA06,CH,2,UNIFIED,"[LOCK][CLEAR][TIMEOUT] partner=FF04"
AA06,CH,2,UNIFIED,"t=227 [REJECT] FF04 MAX_RETRIES=5"
AA06,CH,2,UNIFIED,"t=227 [HELLO] NEW 005F tier=1 verified=0"
AA06,CH,2,UNIFIED,"t=228 [HELLO] NEW 004E tier=1 verified=0"
AA06,CH,2,UNIFIED,"t=234 [HELLO_TX] bat=99% nbr=23"
AA06,CH,2,UNIFIED,"t=238 [HELLO_TX] bat=99% nbr=23"
AA06,CH,2,UNIFIED,"t=242 [HELLO_TX] bat=99% nbr=23"
AA07,CH,2,UNIFIED,"t=4 [HELLO] NEW FF0B tier=3 verified=0"
AA07,CH,2,UNIFIED,"t=5 [HELLO] NEW 0030 tier=1 verified=0"
AA07,CH,2,UNIFIED,"t=6 [HELLO_TX] bat=100% nbr=2"
AA07,CH,2,UNIFIED,"t=6 [HELLO] NEW 0013 tier=1 verified=0"
AA07,CH,2,UNIFIED,"t=7 [HELLO] NEW 0019 tier=1 verified=0"
AA07,CH,2,UNIFIED,"t=8 [HELLO] NEW 0012 tier=1 verified=0"
AA07,CH,2,UNIFIED,"t=9 [HELLO] NEW FF02 tier=3 verified=0"
AA07,CH,2,UNIFIED,"t=10 [HELLO_TX] bat=100% nbr=6"
AA07,CH,2,UNIFIED,"t=10 [HELLO] NEW 0046 tier=1 verified=0"
AA07,CH,2,UNIFIED,"t=14 [HELLO] NEW 001A tier=1 verified=0"
AA07,CH,2,UNIFIED,"t=18 [HELLO] NEW AA0A tier=2 verified=0"
AA07,CH,2,UNIFIED,"t=20 [HELLO_TX] bat=100% nbr=9"
AA07,CH,2,UNIFIED,"t=20 [HELLO] NEW 0035 tier=1 verified=0"
AA07,CH,2,UNIFIED,"t=23 [HELLO] NEW 0002 tier=1 verified=0"
AA07,CH,2,UNIFIED,"t=26 [HELLO_TX] bat=100% nbr=11"
AA07,CH,2,UNIFIED,"t=36 [HELLO_TX] bat=100% nbr=11"
AA07,CH,2,UNIFIED,"t=43 [HELLO_TX] bat=100% nbr=11"
AA07,CH,2,UNIFIED,"t=52 [HELLO_TX] bat=100% nbr=11"
AA07,CH,2,UNIFIED,"t=58 [HELLO_TX] bat=100% nbr=11"
AA07,CH,2,UNIFIED,"t=63 [HELLO_TX] bat=100% nbr=11"
AA07,CH,2,UNIFIED,"t=72 [HELLO_TX] bat=100% nbr=11"
AA07,CH,2,UNIFIED,"t=82 [HELLO_TX] bat=100% nbr=11"
AA07,CH,2,UNIFIED,"t=88 [HELLO_TX] bat=100% nbr=11"
AA07,CH,2,UNIFIED,"t=98 [HELLO_TX] bat=100% nbr=11"
AA07,CH,2,UNIFIED,"t=106 [HELLO_TX] bat=100% nbr=11"
AA07,CH,2,UNIFIED,"t=113 [HELLO_TX] bat=100% nbr=11"
AA07,CH,2,UNIFIED,"t=121 [HELLO_TX] bat=100% nbr=11"
AA07,CH,2,UNIFIED,"t=128 [HELLO_TX] bat=100% nbr=11"
AA07,CH,2,UNIFIED,"t=135 [HELLO_TX] bat=100% nbr=11"
AA07,CH,2,UNIFIED,"t=139 [HELLO_TX] bat=100% nbr=11"
AA07,CH,2,UNIFIED,"t=144 [HELLO_TX] bat=100% nbr=11"
AA07,CH,2,UNIFIED,"t=154 [HELLO_TX] bat=100% nbr=11"
AA07,CH,2,UNIFIED,"t=160 [HELLO_TX] bat=100% nbr=11"
AA07,CH,2,UNIFIED,"t=166 [HELLO_TX] bat=100% nbr=11"
AA07,CH,2,UNIFIED,"t=170 [HELLO] NEW 005C tier=1 verified=0"
AA07,CH,2,UNIFIED,"t=175 [HELLO_TX] bat=100% nbr=12"
AA07,CH,2,UNIFIED,"t=180 [HELLO_TX] bat=100% nbr=12"
AA07,CH,2,UNIFIED,"t=185 [HELLO_TX] bat=100% nbr=12"
AA07,CH,2,UNIFIED,"t=194 [HELLO_TX] bat=100% nbr=12"
AA07,CH,2,UNIFIED,"t=200 [STATE] BOOT->DISCOVERY"
AA07,CH,2,UNIFIED,"t=201 [DISCO] Found verified GWN FF02"
AA07,CH,2,UNIFIED,"[LOCK][SET] partner=FF02 timeout=4"
AA07,CH,2,UNIFIED,"t=202 [CH_REQ] (1/5) -> FF02"
AA07,CH,2,UNIFIED,"t=203 [HELLO_TX] bat=100% nbr=12"
AA07,CH,2,UNIFIED,"[LOCK][TIMEOUT] partner=FF02"
AA07,CH,2,UNIFIED,"t=206 [TIMEOUT] partner=FF02 retry=1/5"
AA07,CH,2,UNIFIED,"t=206 [TIMEOUT] Sent CH_REJECT to orphaned FF02"
AA07,CH,2,UNIFIED,"[LOCK][CLEAR][TIMEOUT] partner=FF02"
AA07,CH,2,UNIFIED,"t=207 [HELLO_TX] bat=100% nbr=12"
AA07,CH,2,UNIFIED,"[LOCK][SET] partner=FF02 timeout=4"
AA07,CH,2,UNIFIED,"t=207 [CH_REQ] (2/5) -> FF02"
AA07,CH,2,UNIFIED,"t=208 [CH_REJECT] from FF02"
AA07,CH,2,UNIFIED,"[LOCK][CLEAR][REJECT] partner=FF02"
AA07,CH,2,UNIFIED,"[LOCK][SET] partner=FF0B timeout=4"
AA07,CH,2,UNIFIED,"t=212 [CH_REQ] (1/5) -> FF0B"
AA07,CH,2,UNIFIED,"t=214 [HELLO_TX] bat=100% nbr=12"
AA07,CH,2,UNIFIED,"[LOCK][TIMEOUT] partner=FF0B"
AA07,CH,2,UNIFIED,"t=216 [TIMEOUT] partner=FF0B retry=1/5"
AA07,CH,2,UNIFIED,"t=216 [TIMEOUT] Sent CH_REJECT to orphaned FF0B"
AA07,CH,2,UNIFIED,"[LOCK][CLEAR][TIMEOUT] partner=FF0B"
AA07,CH,2,UNIFIED,"[LOCK][SET] partner=FF0B timeout=4"
AA07,CH,2,UNIFIED,"t=217 [CH_REQ] (2/5) -> FF0B"
AA07,CH,2,UNIFIED,"t=219 [HELLO_TX] bat=100% nbr=12"
AA07,CH,2,UNIFIED,"[LOCK][TIMEOUT] partner=FF0B"
AA07,CH,2,UNIFIED,"t=221 [TIMEOUT] partner=FF0B retry=2/5"
AA07,CH,2,UNIFIED,"t=221 [TIMEOUT] Sent CH_REJECT to orphaned FF0B"
AA07,CH,2,UNIFIED,"[LOCK][CLEAR][TIMEOUT] partner=FF0B"
AA07,CH,2,UNIFIED,"[LOCK][SET] partner=FF0B timeout=4"
AA07,CH,2,UNIFIED,"t=222 [CH_REQ] (3/5) -> FF0B"
AA07,CH,2,UNIFIED,"[LOCK][TIMEOUT] partner=FF0B"
AA07,CH,2,UNIFIED,"t=226 [TIMEOUT] partner=FF0B retry=3/5"
AA07,CH,2,UNIFIED,"t=226 [TIMEOUT] Sent CH_REJECT to orphaned FF0B"
AA07,CH,2,UNIFIED,"[LOCK][CLEAR][TIMEOUT] partner=FF0B"
AA07,CH,2,UNIFIED,"[LOCK][SET] partner=FF0B timeout=4"
AA07,CH,2,UNIFIED,"t=227 [CH_REQ] (4/5) -> FF0B"
AA07,CH,2,UNIFIED,"t=228 [HELLO_TX] bat=99% nbr=12"
AA07,CH,2,UNIFIED,"t=229 [CH_ACK] Received key from FF0B"
AA07,CH,2,UNIFIED,"[LOCK][REFRESH] partner=FF0B timeout=4"
AA07,CH,2,UNIFIED,"t=229 [KEY_ACK] -> FF0B (encrypted)"
AA07,CH,2,UNIFIED,"[LOCK][CLEAR][SUCCESS] partner=FF0B"
AA07,CH,2,UNIFIED,"t=229 [VERIFIED] parent=GWN FF0B (localKey set; encrypted comms)"
AA07,CH,2,UNIFIED,"t=235 [HELLO_TX] bat=99% nbr=12"
AA07,CH,2,UNIFIED,"t=239 [HELLO_TX] bat=99% nbr=12"
AA07,CH,2,UNIFIED,"t=243 [HELLO_TX] bat=99% nbr=12"
AA08,CH,2,UNIFIED,"t=4 [HELLO] NEW 0001 tier=1 verified=0"
AA08,CH,2,UNIFIED,"t=5 [HELLO] NEW 004A tier=1 verified=0"
AA08,CH,2,UNIFIED,"t=8 [HELLO] NEW 005F tier=1 verified=0"
AA08,CH,2,UNIFIED,"t=9 [HELLO] NEW 0008 tier=1 verified=0"
AA08,CH,2,UNIFIED,"t=10 [HELLO_TX] bat=100% nbr=4"
AA08,CH,2,UNIFIED,"t=11 [HELLO] NEW 004B tier=1 verified=0"
AA08,CH,2,UNIFIED,"t=13 [HELLO] NEW 004E tier=1 verified=0"
AA08,CH,2,UNIFIED,"t=15 [HELLO] NEW 0032 tier=1 verified=0"
AA08,CH,2,UNIFIED,"t=18 [HELLO_TX] bat=100% nbr=7"
AA08,CH,2,UNIFIED,"t=19 [HELLO] NEW AA06 tier=2 verified=0"
AA08,CH,2,UNIFIED,"t=24 [HELLO] NEW FF07 tier=3 verified=0"
AA08,CH,2,UNIFIED,"t=25 [HELLO_TX] bat=100% nbr=9"
AA08,CH,2,UNIFIED,"t=25 [HELLO] NEW AA02 tier=2 verified=0"
AA08,CH,2,UNIFIED,"t=34 [HELLO_TX] bat=100% nbr=10"
AA08,CH,2,UNIFIED,"t=36 [HELLO] NEW FF04 tier=3 verified=0"
AA08,CH,2,UNIFIED,"t=42 [HELLO] NEW 000B tier=1 verified=0"
AA08,CH,2,UNIFIED,"t=44 [HELLO_TX] bat=100% nbr=12"
AA08,CH,2,UNIFIED,"t=47 [HELLO] NEW 001B tier=1 verified=0"
AA08,CH,2,UNIFIED,"t=49 [HELLO_TX] bat=100% nbr=13"
AA08,CH,2,UNIFIED,"t=54 [HELLO_TX] bat=100% nbr=13"
AA08,CH,2,UNIFIED,"t=58 [HELLO] NEW FF0C tier=3 verified=1"
AA08,CH,2,UNIFIED,"t=59 [HELLO_TX] bat=100% nbr=14"
AA08,CH,2,UNIFIED,"t=63 [HELLO_TX] bat=100% nbr=14"
AA08,CH,2,UNIFIED,"t=68 [HELLO_TX] bat=100% nbr=14"
AA08,CH,2,UNIFIED,"t=75 [HELLO_TX] bat=100% nbr=14"
AA08,CH,2,UNIFIED,"t=81 [HELLO_TX] bat=100% nbr=14"
AA08,CH,2,UNIFIED,"t=84 [HELLO] NEW FF05 tier=3 verified=1"
AA08,CH,2,UNIFIED,"t=87 [HELLO] NEW 001E tier=1 verified=0"
AA08,CH,2,UNIFIED,"t=91 [HELLO_TX] bat=100% nbr=16"
AA08,CH,2,UNIFIED,"t=97 [HELLO_TX] bat=100% nbr=16"
AA08,CH,2,UNIFIED,"t=106 [HELLO_TX] bat=100% nbr=16"
AA08,CH,2,UNIFIED,"t=114 [HELLO_TX] bat=100% nbr=16"
AA08,CH,2,UNIFIED,"t=121 [HELLO_TX] bat=100% nbr=16"
AA08,CH,2,UNIFIED,"t=126 [HELLO_TX] bat=100% nbr=16"
AA08,CH,2,UNIFIED,"t=131 [HELLO_TX] bat=100% nbr=16"
AA08,CH,2,UNIFIED,"t=139 [HELLO_TX] bat=100% nbr=16"
AA08,CH,2,UNIFIED,"t=143 [HELLO_TX] bat=100% nbr=16"
AA08,CH,2,UNIFIED,"t=146 [HELLO] NEW 0007 tier=1 verified=0"
AA08,CH,2,UNIFIED,"t=153 [HELLO_TX] bat=100% nbr=17"
AA08,CH,2,UNIFIED,"t=163 [HELLO_TX] bat=100% nbr=17"
AA08,CH,2,UNIFIED,"t=170 [HELLO_TX] bat=100% nbr=17"
AA08,CH,2,UNIFIED,"t=179 [HELLO_TX] bat=100% nbr=17"
AA08,CH,2,UNIFIED,"t=187 [HELLO_TX] bat=100% nbr=17"
AA08,CH,2,UNIFIED,"t=195 [HELLO_TX] bat=100% nbr=17"
AA08,CH,2,UNIFIED,"t=197 [HELLO] NEW 002F tier=1 verified=0"
AA08,CH,2,UNIFIED,"t=200 [STATE] BOOT->DISCOVERY"
AA08,CH,2,UNIFIED,"t=201 [DISCO] Found verified GWN FF0C"
AA08,CH,2,UNIFIED,"[LOCK][SET] partner=FF0C timeout=4"
AA08,CH,2,UNIFIED,"t=202 [CH_REQ] (1/5) -> FF0C"
AA08,CH,2,UNIFIED,"t=203 [HELLO_TX] bat=100% nbr=18"
AA08,CH,2,UNIFIED,"[LOCK][TIMEOUT] partner=FF0C"
AA08,CH,2,UNIFIED,"t=206 [TIMEOUT] partner=FF0C retry=1/5"
AA08,CH,2,UNIFIED,"t=206 [TIMEOUT] Sent CH_REJECT to orphaned FF0C"
AA08,CH,2,UNIFIED,"[LOCK][CLEAR][TIMEOUT] partner=FF0C"
AA08,CH,2,UNIFIED,"[LOCK][SET] partner=FF0C timeout=4"
AA08,CH,2,UNIFIED,"t=207 [CH_REQ] (2/5) -> FF0C"
AA08,CH,2,UNIFIED,"[LOCK][TIMEOUT] partner=FF0C"
AA08,CH,2,UNIFIED,"t=211 [TIMEOUT] partner=FF0C retry=2/5"
AA08,CH,2,UNIFIED,"t=211 [TIMEOUT] Sent CH_REJECT to orphaned FF0C"
AA08,CH,2,UNIFIED,"[LOCK][CLEAR][TIMEOUT] partner=FF0C"
AA08,CH,2,UNIFIED,"[LOCK][SET] partner=FF0C timeout=4"
AA08,CH,2,UNIFIED,"t=212 [CH_REQ] (3/5) -> FF0C"
AA08,CH,2,UNIFIED,"t=213 [HELLO_TX] bat=100% nbr=18"
AA08,CH,2,UNIFIED,"[LOCK][TIMEOUT] partner=FF0C"
AA08,CH,2,UNIFIED,"t=216 [TIMEOUT] partner=FF0C retry=3/5"
AA08,CH,2,UNIFIED,"t=216 [TIMEOUT] Sent CH_REJECT to orphaned FF0C"
AA08,CH,2,UNIFIED,"[LOCK][CLEAR][TIMEOUT] partner=FF0C"
AA08,CH,2,UNIFIED,"[LOCK][SET] partner=FF0C timeout=4"
AA08,CH,2,UNIFIED,"t=217 [CH_REQ] (4/5) -> FF0C"
AA08,CH,2,UNIFIED,"t=218 [HELLO_TX] bat=100% nbr=18"
AA08,CH,2,UNIFIED,"[LOCK][TIMEOUT] partner=FF0C"
AA08,CH,2,UNIFIED,"t=221 [TIMEOUT] partner=FF0C retry=4/5"
AA08,CH,2,UNIFIED,"t=221 [TIMEOUT] Sent CH_REJECT to orphaned FF0C"
AA08,CH,2,UNIFIED,"[LOCK][CLEAR][TIMEOUT] partner=FF0C"
AA08,CH,2,UNIFIED,"t=222 [HELLO_TX] bat=100% nbr=18"
AA08,CH,2,UNIFIED,"[LOCK][SET] partner=FF0C timeout=4"
AA08,CH,2,UNIFIED,"t=222 [CH_REQ] (5/5) -> FF0C"
AA08,CH,2,UNIFIED,"[LOCK][TIMEOUT] partner=FF0C"
AA08,CH,2,UNIFIED,"t=226 [TIMEOUT] partner=FF0C retry=5/5"
AA08,CH,2,UNIFIED,"t=226 [TIMEOUT] Sent CH_REJECT to orphaned FF0C"
AA08,CH,2,UNIFIED,"[LOCK][CLEAR][TIMEOUT] partner=FF0C"
AA08,CH,2,UNIFIED,"t=227 [REJECT] FF0C MAX_RETRIES=5"
AA08,CH,2,UNIFIED,"[LOCK][SET] partner=FF07 timeout=4"
AA08,CH,2,UNIFIED,"t=230 [CH_REQ] (1/5) -> FF07"
AA08,CH,2,UNIFIED,"t=231 [HELLO_TX] bat=99% nbr=18"
AA08,CH,2,UNIFIED,"[LOCK][TIMEOUT] partner=FF07"
AA08,CH,2,UNIFIED,"t=234 [TIMEOUT] partner=FF07 retry=1/5"
AA08,CH,2,UNIFIED,"t=234 [TIMEOUT] Sent CH_REJECT to orphaned FF07"
AA08,CH,2,UNIFIED,"[LOCK][CLEAR][TIMEOUT] partner=FF07"
AA08,CH,2,UNIFIED,"t=235 [HELLO_TX] bat=99% nbr=18"
AA08,CH,2,UNIFIED,"[LOCK][SET] partner=FF07 timeout=4"
AA08,CH,2,UNIFIED,"t=235 [CH_REQ] (2/5) -> FF07"
AA08,CH,2,UNIFIED,"[LOCK][TIMEOUT] partner=FF07"
AA08,CH,2,UNIFIED,"t=239 [TIMEOUT] partner=FF07 retry=2/5"
AA08,CH,2,UNIFIED,"t=239 [TIMEOUT] Sent CH_REJECT to orphaned FF07"
AA08,CH,2,UNIFIED,"[LOCK][CLEAR][TIMEOUT] partner=FF07"
AA08,CH,2,UNIFIED,"[LOCK][SET] partner=FF07 timeout=4"
AA08,CH,2,UNIFIED,"t=240 [CH_REQ] (3/5) -> FF07"
AA08,CH,2,UNIFIED,"t=242 [HELLO_TX] bat=99% nbr=18"
AA08,CH,2,UNIFIED,"[LOCK][TIMEOUT] partner=FF07"
AA08,CH,2,UNIFIED,"t=244 [TIMEOUT] partner=FF07 retry=3/5"
AA08,CH,2,UNIFIED,"t=244 [TIMEOUT] Sent CH_REJECT to orphaned FF07"
AA08,CH,2,UNIFIED,"[LOCK][CLEAR][TIMEOUT] partner=FF07"
AA08,CH,2,UNIFIED,"[LOCK][SET] partner=FF07 timeout=4"
AA08,CH,2,UNIFIED,"t=245 [CH_REQ] (4/5) -> FF07"
AA08,CH,2,UNIFIED,"t=249 [HELLO_TX] bat=99% nbr=18"
AA08,CH,2,UNIFIED,"[LOCK][TIMEOUT] partner=FF07"
AA08,CH,2,UNIFIED,"t=249 [TIMEOUT] partner=FF07 retry=4/5"
AA08,CH,2,UNIFIED,"t=249 [TIMEOUT] Sent CH_REJECT to orphaned FF07"
AA08,CH,2,UNIFIED,"[LOCK][CLEAR][TIMEOUT] partner=FF07"
AA09,CH,2,UNIFIED,"t=4 [HELLO] NEW AA01 tier=2 verified=0"
AA09,CH,2,UNIFIED,"t=5 [HELLO] NEW 0063 tier=1 verified=0"
AA09,CH,2,UNIFIED,"t=6 [HELLO] NEW 0034 tier=1 verified=0"
AA09,CH,2,UNIFIED,"t=7 [HELLO_TX] bat=100% nbr=3"
AA09,CH,2,UNIFIED,"t=7 [HELLO] NEW FF07 tier=3 verified=0"
AA09,CH,2,UNIFIED,"t=8 [HELLO] NEW 0021 tier=1 verified=0"
AA09,CH,2,UNIFIED,"t=9 [HELLO] NEW 002E tier=1 verified=0"
AA09,CH,2,UNIFIED,"t=10 [HELLO] NEW FF04 tier=3 verified=0"
AA09,CH,2,UNIFIED,"t=15 [HELLO_TX] bat=100% nbr=7"
AA09,CH,2,UNIFIED,"t=17 [HELLO] NEW 000D tier=1 verified=0"
AA09,CH,2,UNIFIED,"t=19 [HELLO] NEW AA06 tier=2 verified=0"
AA09,CH,2,UNIFIED,"t=20 [HELLO_TX] bat=100% nbr=9"
AA09,CH,2,UNIFIED,"t=21 [HELLO] NEW 0006 tier=1 verified=0"
AA09,CH,2,UNIFIED,"t=25 [HELLO] NEW AA02 tier=2 verified=0"
AA09,CH,2,UNIFIED,"t=29 [HELLO_TX] bat=100% nbr=11"
AA09,CH,2,UNIFIED,"t=30 [HELLO] NEW FF05 tier=3 verified=0"
AA09,CH,2,UNIFIED,"t=39 [HELLO_TX] bat=100% nbr=12"
AA09,CH,2,UNIFIED,"t=43 [HELLO_TX] bat=100% nbr=12"
AA09,CH,2,UNIFIED,"t=46 [HELLO] NEW 0061 tier=1 verified=0"
AA09,CH,2,UNIFIED,"t=48 [HELLO] NEW FF06 tier=3 verified=0"
AA09,CH,2,UNIFIED,"t=51 [HELLO_TX] bat=100% nbr=14"
AA09,CH,2,UNIFIED,"t=51 [HELLO] NEW FF02 tier=3 verified=0"
AA09,CH,2,UNIFIED,"t=54 [HELLO] NEW 0040 tier=1 verified=0"
AA09,CH,2,UNIFIED,"t=56 [HELLO] NEW 0055 tier=1 verified=0"
AA09,CH,2,UNIFIED,"t=61 [HELLO_TX] bat=100% nbr=17"
AA09,CH,2,UNIFIED,"t=68 [HELLO_TX] bat=100% nbr=17"
AA09,CH,2,UNIFIED,"t=69 [HELLO] NEW 003C tier=1 verified=0"
AA09,CH,2,UNIFIED,"t=77 [HELLO_TX] bat=100% nbr=18"
AA09,CH,2,UNIFIED,"t=84 [HELLO_TX] bat=100% nbr=18"
AA09,CH,2,UNIFIED,"t=93 [HELLO_TX] bat=100% nbr=18"
AA09,CH,2,UNIFIED,"t=102 [HELLO_TX] bat=100% nbr=18"
AA09,CH,2,UNIFIED,"t=108 [HELLO_TX] bat=100% nbr=18"
AA09,CH,2,UNIFIED,"t=116 [HELLO_TX] bat=100% nbr=18"
AA09,CH,2,UNIFIED,"t=120 [HELLO_TX] bat=100% nbr=18"
AA09,CH,2,UNIFIED,"t=125 [HELLO] NEW 003D tier=1 verified=0"
AA09,CH,2,UNIFIED,"t=127 [HELLO_TX] bat=100% nbr=19"
AA09,CH,2,UNIFIED,"t=131 [HELLO_TX] bat=100% nbr=19"
AA09,CH,2,UNIFIED,"t=139 [HELLO] NEW 0009 tier=1 verified=0"
AA09,CH,2,UNIFIED,"t=141 [HELLO_TX] bat=100% nbr=20"
AA09,CH,2,UNIFIED,"t=148 [HELLO_TX] bat=100% nbr=20"
AA09,CH,2,UNIFIED,"t=153 [HELLO_TX] bat=100% nbr=20"
AA09,CH,2,UNIFIED,"t=163 [HELLO_TX] bat=100% nbr=20"
AA09,CH,2,UNIFIED,"t=170 [HELLO_TX] bat=100% nbr=20"
AA09,CH,2,UNIFIED,"t=180 [HELLO_TX] bat=100% nbr=20"
AA09,CH,2,UNIFIED,"t=189 [HELLO_TX] bat=100% nbr=20"
AA09,CH,2,UNIFIED,"t=196 [HELLO_TX] bat=100% nbr=20"
AA09,CH,2,UNIFIED,"t=200 [STATE] BOOT->DISCOVERY"
AA09,CH,2,UNIFIED,"t=201 [DISCO] Found verified GWN FF04"
AA09,CH,2,UNIFIED,"[LOCK][SET] partner=FF04 timeout=4"
AA09,CH,2,UNIFIED,"t=202 [CH_REQ] (1/5) -> FF04"
AA09,CH,2,UNIFIED,"t=206 [HELLO_TX] bat=100% nbr=20"
AA09,CH,2,UNIFIED,"[LOCK][TIMEOUT] partner=FF04"
AA09,CH,2,UNIFIED,"t=206 [TIMEOUT] partner=FF04 retry=1/5"
AA09,CH,2,UNIFIED,"t=206 [TIMEOUT] Sent CH_REJECT to orphaned FF04"
AA09,CH,2,UNIFIED,"[LOCK][CLEAR][TIMEOUT] partner=FF04"
AA09,CH,2,UNIFIED,"[LOCK][SET] partner=FF04 timeout=4"
AA09,CH,2,UNIFIED,"t=207 [CH_REQ] (2/5) -> FF04"
AA09,CH,2,UNIFIED,"[LOCK][TIMEOUT] partner=FF04"
AA09,CH,2,UNIFIED,"t=211 [TIMEOUT] partner=FF04 retry=2/5"
AA09,CH,2,UNIFIED,"t=211 [TIMEOUT] Sent CH_REJECT to orphaned FF04"
AA09,CH,2,UNIFIED,"[LOCK][CLEAR][TIMEOUT] partner=FF04"
AA09,CH,2,UNIFIED,"[LOCK][SET] partner=FF04 timeout=4"
AA09,CH,2,UNIFIED,"t=212 [CH_REQ] (3/5) -> FF04"
AA09,CH,2,UNIFIED,"t=215 [HELLO_TX] bat=100% nbr=20"
AA09,CH,2,UNIFIED,"[LOCK][TIMEOUT] partner=FF04"
AA09,CH,2,UNIFIED,"t=216 [TIMEOUT] partner=FF04 retry=3/5"
AA09,CH,2,UNIFIED,"t=216 [TIMEOUT] Sent CH_REJECT to orphaned FF04"
AA09,CH,2,UNIFIED,"[LOCK][CLEAR][TIMEOUT] partner=FF04"
AA09,CH,2,UNIFIED,"[LOCK][SET] partner=FF04 timeout=4"
AA09,CH,2,UNIFIED,"t=217 [CH_REQ] (4/5) -> FF04"
AA09,CH,2,UNIFIED,"t=221 [HELLO_TX] bat=100% nbr=20"
AA09,CH,2,UNIFIED,"[LOCK][TIMEOUT] partner=FF04"
AA09,CH,2,UNIFIED,"t=221 [TIMEOUT] partner=FF04 retry=4/5"
AA09,CH,2,UNIFIED,"t=221 [TIMEOUT] Sent CH_REJECT to orphaned FF04"
AA09,CH,2,UNIFIED,"[LOCK][CLEAR][TIMEOUT] partner=FF04"
AA09,CH,2,UNIFIED,"t=221 [HELLO] NEW 002D tier=1 verified=0"
AA09,CH,2,UNIFIED,"[LOCK][SET] partner=FF04 timeout=4"
AA09,CH,2,UNIFIED,"t=222 [CH_REQ] (5/5) -> FF04"
AA09,CH,2,UNIFIED,"t=226 [HELLO_TX] bat=100% nbr=21"
AA09,CH,2,UNIFIED,"[LOCK][TIMEOUT] partner=FF04"
AA09,CH,2,UNIFIED,"t=226 [TIMEOUT] partner=FF04 retry=5/5"
AA09,CH,2,UNIFIED,"t=226 [TIMEOUT] Sent CH_REJECT to orphaned FF04"
AA09,CH,2,UNIFIED,"[LOCK][CLEAR][TIMEOUT] partner=FF04"
AA09,CH,2,UNIFIED,"t=227 [REJECT] FF04 MAX_RETRIES=5"
AA09,CH,2,UNIFIED,"[LOCK][SET] partner=FF06 timeout=4"
AA09,CH,2,UNIFIED,"t=230 [CH_REQ] (1/5) -> FF06"
AA09,CH,2,UNIFIED,"[LOCK][TIMEOUT] partner=FF06"
AA09,CH,2,UNIFIED,"t=234 [TIMEOUT] partner=FF06 retry=1/5"
AA09,CH,2,UNIFIED,"t=234 [TIMEOUT] Sent CH_REJECT to orphaned FF06"
AA09,CH,2,UNIFIED,"[LOCK][CLEAR][TIMEOUT] partner=FF06"
AA09,CH,2,UNIFIED,"t=235 [HELLO_TX] bat=99% nbr=21"
AA09,CH,2,UNIFIED,"[LOCK][SET] partner=FF06 timeout=4"
AA09,CH,2,UNIFIED,"t=235 [CH_REQ] (2/5) -> FF06"
AA09,CH,2,UNIFIED,"t=237 [CH_ACK] Received key from FF06"
AA09,CH,2,UNIFIED,"[LOCK][REFRESH] partner=FF06 timeout=4"
AA09,CH,2,UNIFIED,"t=237 [KEY_ACK] -> FF06 (encrypted)"
AA09,CH,2,UNIFIED,"[LOCK][CLEAR][SUCCESS] partner=FF06"
AA09,CH,2,UNIFIED,"t=237 [VERIFIED] parent=GWN FF06 (localKey set; encrypted comms)"
AA09,CH,2,UNIFIED,"t=240 [CH_REJECT] from FF06"
AA09,CH,2,UNIFIED,"t=240 [PURGE] parent FF06 (rejected)"
AA09,CH,2,UNIFIED,"t=243 [HELLO_TX] bat=99% nbr=21"
AA09,CH,2,UNIFIED,"[LOCK][SET] partner=FF05 timeout=4"
AA09,CH,2,UNIFIED,"t=245 [CH_REQ] (1/5) -> FF05"
AA09,CH,2,UNIFIED,"[LOCK][TIMEOUT] partner=FF05"
AA09,CH,2,UNIFIED,"t=249 [TIMEOUT] partner=FF05 retry=1/5"
AA09,CH,2,UNIFIED,"t=249 [TIMEOUT] Sent CH_REJECT to orphaned FF05"
AA09,CH,2,UNIFIED,"[LOCK][CLEAR][TIMEOUT] partner=FF05"
AA0A,CH,2,UNIFIED,"t=4 [HELLO] NEW 005C tier=1 verified=0"
AA0A,CH,2,UNIFIED,"t=5 [HELLO] NEW 0030 tier=1 verified=0"
AA0A,CH,2,UNIFIED,"t=6 [HELLO] NEW 0013 tier=1 verified=0"
AA0A,CH,2,UNIFIED,"t=7 [HELLO] NEW 0041 tier=1 verified=0"
AA0A,CH,2,UNIFIED,"t=9 [HELLO] NEW 001F tier=1 verified=0"
AA0A,CH,2,UNIFIED,"t=10 [HELLO_TX] bat=100% nbr=5"
AA0A,CH,2,UNIFIED,"t=13 [HELLO] NEW 0043 tier=1 verified=0"
AA0A,CH,2,UNIFIED,"t=16 [HELLO] NEW 0035 tier=1 verified=0"
AA0A,CH,2,UNIFIED,"t=18 [HELLO_TX] bat=100% nbr=7"
AA0A,CH,2,UNIFIED,"t=19 [HELLO] NEW 0020 tier=1 verified=0"
AA0A,CH,2,UNIFIED,"t=21 [HELLO] NEW 0046 tier=1 verified=0"
AA0A,CH,2,UNIFIED,"t=25 [HELLO_TX] bat=100% nbr=9"
AA0A,CH,2,UNIFIED,"t=25 [HELLO] NEW 0052 tier=1 verified=0"
AA0A,CH,2,UNIFIED,"t=28 [HELLO] NEW 005B tier=1 verified=0"
AA0A,CH,2,UNIFIED,"t=29 [HELLO_TX] bat=100% nbr=11"
AA0A,CH,2,UNIFIED,"t=34 [HELLO_TX] bat=100% nbr=11"
AA0A,CH,2,UNIFIED,"t=36 [HELLO] NEW 001A tier=1 verified=0"
AA0A,CH,2,UNIFIED,"t=38 [HELLO_TX] bat=100% nbr=12"
AA0A,CH,2,UNIFIED,"t=41 [HELLO] NEW FF0B tier=3 verified=0"
AA0A,CH,2,UNIFIED,"t=43 [HELLO_TX] bat=100% nbr=13"
AA0A,CH,2,UNIFIED,"t=50 [HELLO] NEW 0005 tier=1 verified=0"
AA0A,CH,2,UNIFIED,"t=51 [HELLO_TX] bat=100% nbr=14"
AA0A,CH,2,UNIFIED,"t=61 [HELLO_TX] bat=100% nbr=14"
AA0A,CH,2,UNIFIED,"t=65 [HELLO_TX] bat=100% nbr=14"
AA0A,CH,2,UNIFIED,"t=74 [HELLO] NEW 0023 tier=1 verified=0"
AA0A,CH,2,UNIFIED,"t=75 [HELLO_TX] bat=100% nbr=15"
AA0A,CH,2,UNIFIED,"t=82 [HELLO_TX] bat=100% nbr=15"
AA0A,CH,2,UNIFIED,"t=82 [HELLO] NEW AA07 tier=2 verified=0"
AA0A,CH,2,UNIFIED,"t=91 [HELLO_TX] bat=100% nbr=16"
AA0A,CH,2,UNIFIED,"t=99 [HELLO_TX] bat=100% nbr=16"
AA0A,CH,2,UNIFIED,"t=103 [HELLO_TX] bat=100% nbr=16"
AA0A,CH,2,UNIFIED,"t=105 [HELLO] NEW FF02 tier=3 verified=1"
AA0A,CH,2,UNIFIED,"t=107 [HELLO_TX] bat=100% nbr=17"
AA0A,CH,2,UNIFIED,"t=114 [HELLO_TX] bat=100% nbr=17"
AA0A,CH,2,UNIFIED,"t=119 [HELLO_TX] bat=100% nbr=17"
AA0A,CH,2,UNIFIED,"t=125 [HELLO_TX] bat=100% nbr=17"
AA0A,CH,2,UNIFIED,"t=131 [HELLO_TX] bat=100% nbr=17"
AA0A,CH,2,UNIFIED,"t=131 [HELLO] NEW 0018 tier=1 verified=0"
AA0A,CH,2,UNIFIED,"t=139 [HELLO_TX] bat=100% nbr=18"
AA0A,CH,2,UNIFIED,"t=144 [HELLO_TX] bat=100% nbr=18"
AA0A,CH,2,UNIFIED,"t=152 [HELLO_TX] bat=100% nbr=18"
AA0A,CH,2,UNIFIED,"t=160 [HELLO_TX] bat=100% nbr=18"
AA0A,CH,2,UNIFIED,"t=169 [HELLO_TX] bat=100% nbr=18"
AA0A,CH,2,UNIFIED,"t=178 [HELLO_TX] bat=100% nbr=18"
AA0A,CH,2,UNIFIED,"t=179 [HELLO] NEW 0058 tier=1 verified=0"
AA0A,CH,2,UNIFIED,"t=182 [HELLO_TX] bat=100% nbr=19"
AA0A,CH,2,UNIFIED,"t=190 [HELLO_TX] bat=100% nbr=19"
AA0A,CH,2,UNIFIED,"t=194 [HELLO_TX] bat=100% nbr=19"
AA0A,CH,2,UNIFIED,"t=200 [STATE] BOOT->DISCOVERY"
AA0A,CH,2,UNIFIED,"t=201 [DISCO] Found verified GWN FF0B"
AA0A,CH,2,UNIFIED,"t=202 [HELLO_TX] bat=100% nbr=19"
AA0A,CH,2,UNIFIED,"[LOCK][SET] partner=FF0B timeout=4"
AA0A,CH,2,UNIFIED,"t=202 [CH_REQ] (1/5) -> FF0B"
AA0A,CH,2,UNIFIED,"[LOCK][TIMEOUT] partner=FF0B"
AA0A,CH,2,UNIFIED,"t=206 [TIMEOUT] partner=FF0B retry=1/5"
AA0A,CH,2,UNIFIED,"t=206 [TIMEOUT] Sent CH_REJECT to orphaned FF0B"
AA0A,CH,2,UNIFIED,"[LOCK][CLEAR][TIMEOUT] partner=FF0B"
AA0A,CH,2,UNIFIED,"[LOCK][SET] partner=FF0B timeout=4"
AA0A,CH,2,UNIFIED,"t=207 [CH_REQ] (2/5) -> FF0B"
AA0A,CH,2,UNIFIED,"t=210 [HELLO_TX] bat=100% nbr=19"
AA0A,CH,2,UNIFIED,"[LOCK][TIMEOUT] partner=FF0B"
AA0A,CH,2,UNIFIED,"t=211 [TIMEOUT] partner=FF0B retry=2/5"
AA0A,CH,2,UNIFIED,"t=211 [TIMEOUT] Sent CH_REJECT to orphaned FF0B"
AA0A,CH,2,UNIFIED,"[LOCK][CLEAR][TIMEOUT] partner=FF0B"
AA0A,CH,2,UNIFIED,"[LOCK][SET] partner=FF0B timeout=4"
AA0A,CH,2,UNIFIED,"t=212 [CH_REQ] (3/5) -> FF0B"
AA0A,CH,2,UNIFIED,"[LOCK][TIMEOUT] partner=FF0B"
AA0A,CH,2,UNIFIED,"t=216 [TIMEOUT] partner=FF0B retry=3/5"
AA0A,CH,2,UNIFIED,"t=216 [TIMEOUT] Sent CH_REJECT to orphaned FF0B"
AA0A,CH,2,UNIFIED,"[LOCK][CLEAR][TIMEOUT] partner=FF0B"
AA0A,CH,2,UNIFIED,"t=217 [HELLO_TX] bat=100% nbr=19"
AA0A,CH,2,UNIFIED,"[LOCK][SET] partner=FF0B timeout=4"
AA0A,CH,2,UNIFIED,"t=217 [CH_REQ] (4/5) -> FF0B"
AA0A,CH,2,UNIFIED,"[LOCK][TIMEOUT] partner=FF0B"
AA0A,CH,2,UNIFIED,"t=221 [TIMEOUT] partner=FF0B retry=4/5"
AA0A,CH,2,UNIFIED,"t=221 [TIMEOUT] Sent CH_REJECT to orphaned FF0B"
AA0A,CH,2,UNIFIED,"[LOCK][CLEAR][TIMEOUT] partner=FF0B"
AA0A,CH,2,UNIFIED,"[LOCK][SET] partner=FF0B timeout=4"
AA0A,CH,2,UNIFIED,"t=222 [CH_REQ] (5/5) -> FF0B"
AA0A,CH,2,UNIFIED,"[LOCK][TIMEOUT] partner=FF0B"
AA0A,CH,2,UNIFIED,"t=226 [TIMEOUT] partner=FF0B retry=5/5"
AA0A,CH,2,UNIFIED,"t=226 [TIMEOUT] Sent CH_REJECT to orphaned FF0B"
AA0A,CH,2,UNIFIED,"[LOCK][CLEAR][TIMEOUT] partner=FF0B"
AA0A,CH,2,UNIFIED,"t=227 [HELLO_TX] bat=99% nbr=19"
AA0A,CH,2,UNIFIED,"t=227 [REJECT] FF0B MAX_RETRIES=5"
AA0A,CH,2,UNIFIED,"t=231 [HELLO_TX] bat=99% nbr=19"
AA0A,CH,2,UNIFIED,"[LOCK][SET] partner=FF02 timeout=4"
AA0A,CH,2,UNIFIED,"t=233 [CH_REQ] (1/5) -> FF02"
AA0A,CH,2,UNIFIED,"[LOCK][TIMEOUT] partner=FF02"
AA0A,CH,2,UNIFIED,"t=237 [TIMEOUT] partner=FF02 retry=1/5"
AA0A,CH,2,UNIFIED,"t=237 [TIMEOUT] Sent CH_REJECT to orphaned FF02"
AA0A,CH,2,UNIFIED,"[LOCK][CLEAR][TIMEOUT] partner=FF02"
AA0A,CH,2,UNIFIED,"[LOCK][SET] partner=FF02 timeout=4"
AA0A,CH,2,UNIFIED,"t=238 [CH_REQ] (2/5) -> FF02"
AA0A,CH,2,UNIFIED,"t=241 [HELLO_TX] bat=99% nbr=19"
AA0A,CH,2,UNIFIED,"[LOCK][TIMEOUT] partner=FF02"
AA0A,CH,2,UNIFIED,"t=242 [TIMEOUT] partner=FF02 retry=2/5"
AA0A,CH,2,UNIFIED,"t=242 [TIMEOUT] Sent CH_REJECT to orphaned FF02"
AA0A,CH,2,UNIFIED,"[LOCK][CLEAR][TIMEOUT] partner=FF02"
AA0A,CH,2,UNIFIED,"[LOCK][SET] partner=FF02 timeout=4"
AA0A,CH,2,UNIFIED,"t=243 [CH_REQ] (3/5) -> FF02"
AA0A,CH,2,UNIFIED,"t=245 [HELLO_TX] bat=99% nbr=19"
AA0A,CH,2,UNIFIED,"[LOCK][TIMEOUT] partner=FF02"
AA0A,CH,2,UNIFIED,"t=247 [TIMEOUT] partner=FF02 retry=3/5"
AA0A,CH,2,UNIFIED,"t=247 [TIMEOUT] Sent CH_REJECT to orphaned FF02"
AA0A,CH,2,UNIFIED,"[LOCK][CLEAR][TIMEOUT] partner=FF02"
AA0A,CH,2,UNIFIED,"[LOCK][SET] partner=FF02 timeout=4"
AA0A,CH,2,UNIFIED,"t=248 [CH_REQ] (4/5) -> FF02"
0001,SENSOR,1,UNIFIED,"t=4 [HELLO_TX] bat=100% nbr=0"
0001,SENSOR,1,UNIFIED,"t=5 [HELLO_RX] NEW AA06 tier=2(CH) verified=0 rssi=1.6"
0001,SENSOR,1,UNIFIED,"t=7 [HELLO_RX] NEW 001E tier=1(UNK) verified=0 rssi=2.1"
0001,SENSOR,1,UNIFIED,"t=8 [HELLO_RX] NEW 002F tier=1(UNK) verified=0 rssi=1.2"
0001,SENSOR,1,UNIFIED,"t=9 [HELLO_RX] NEW 0017 tier=1(UNK) verified=0 rssi=0.9"
0001,SENSOR,1,UNIFIED,"t=10 [HELLO_TX] bat=100% nbr=4"
0001,SENSOR,1,UNIFIED,"t=10 [HELLO_RX] NEW 004A tier=1(UNK) verified=0 rssi=0.2"
0001,SENSOR,1,UNIFIED,"t=16 [HELLO_TX] bat=100% nbr=5"
0001,SENSOR,1,UNIFIED,"t=16 [HELLO_RX] NEW 0021 tier=1(UNK) verified=0 rssi=0.7"
0001,SENSOR,1,UNIFIED,"t=20 [HELLO_RX] NEW AA09 tier=2(CH) verified=0 rssi=0.2"
0001,SENSOR,1,UNIFIED,"t=21 [HELLO_TX] bat=100% nbr=7"
0001,SENSOR,1,UNIFIED,"t=22 [HELLO_RX] NEW FF05 tier=3(GWN) verified=0 rssi=0.1"
0001,SENSOR,1,UNIFIED,"t=25 [HELLO_RX] NEW AA08 tier=2(CH) verified=0 rssi=0.7"
0001,SENSOR,1,UNIFIED,"t=31 [HELLO_TX] bat=100% nbr=9"
0001,SENSOR,1,UNIFIED,"t=34 [HELLO_RX] NEW 005F tier=1(UNK) verified=0 rssi=0.8"
0001,SENSOR,1,UNIFIED,"t=36 [HELLO_RX] NEW 004B tier=1(UNK) verified=0 rssi=0.5"
0001,SENSOR,1,UNIFIED,"t=38 [HELLO_RX] NEW 004E tier=1(UNK) verified=0 rssi=0.6"
0001,SENSOR,1,UNIFIED,"t=39 [HELLO_TX] bat=100% nbr=12"
0001,SENSOR,1,UNIFIED,"t=46 [HELLO_TX] bat=100% nbr=12"
0001,SENSOR,1,UNIFIED,"t=47 [HELLO_RX] NEW FF04 tier=3(GWN) verified=0 rssi=0.2"
0001,SENSOR,1,UNIFIED,"t=51 [HELLO_TX] bat=100% nbr=13"
0001,SENSOR,1,UNIFIED,"t=55 [HELLO_RX] NEW 0008 tier=1(UNK) verified=0 rssi=0.7"
0001,SENSOR,1,UNIFIED,"t=57 [HELLO_TX] bat=100% nbr=14"
0001,SENSOR,1,UNIFIED,"t=59 [HELLO_RX] NEW AA02 tier=2(CH) verified=0 rssi=0.7"
0001,SENSOR,1,UNIFIED,"t=62 [HELLO_TX] bat=100% nbr=15"
0001,SENSOR,1,UNIFIED,"t=71 [HELLO_TX] bat=100% nbr=15"
0001,SENSOR,1,UNIFIED,"t=80 [HELLO_TX] bat=100% nbr=15"
0001,SENSOR,1,UNIFIED,"t=90 [HELLO_TX] bat=100% nbr=15"
0001,SENSOR,1,UNIFIED,"t=93 [HELLO_RX] NEW 0007 tier=1(UNK) verified=0 rssi=0.5"
0001,SENSOR,1,UNIFIED,"t=98 [HELLO_TX] bat=100% nbr=16"
0001,SENSOR,1,UNIFIED,"t=106 [HELLO_TX] bat=100% nbr=16"
0001,SENSOR,1,UNIFIED,"t=113 [HELLO_TX] bat=100% nbr=16"
0001,SENSOR,1,UNIFIED,"t=117 [HELLO_TX] bat=100% nbr=16"
0001,SENSOR,1,UNIFIED,"t=121 [HELLO_TX] bat=100% nbr=16"
0001,SENSOR,1,UNIFIED,"t=127 [HELLO_TX] bat=100% nbr=16"
0001,SENSOR,1,UNIFIED,"t=134 [HELLO_TX] bat=100% nbr=16"
0001,SENSOR,1,UNIFIED,"t=144 [HELLO_TX] bat=100% nbr=16"
0001,SENSOR,1,UNIFIED,"t=150 [HELLO_TX] bat=100% nbr=16"
0001,SENSOR,1,UNIFIED,"t=155 [HELLO_TX] bat=100% nbr=16"
0001,SENSOR,1,UNIFIED,"t=163 [HELLO_TX] bat=100% nbr=16"
0001,SENSOR,1,UNIFIED,"t=169 [HELLO_TX] bat=100% nbr=16"
0001,SENSOR,1,UNIFIED,"t=169 [HELLO_RX] NEW 000D tier=1(UNK) verified=0 rssi=0.3"
0001,SENSOR,1,UNIFIED,"t=175 [HELLO_TX] bat=100% nbr=17"
0001,SENSOR,1,UNIFIED,"t=178 [HELLO_RX] NEW 0059 tier=1(UNK) verified=0 rssi=0.2"
0001,SENSOR,1,UNIFIED,"t=182 [HELLO_TX] bat=100% nbr=18"
0001,SENSOR,1,UNIFIED,"t=186 [HELLO_TX] bat=100% nbr=18"
0001,SENSOR,1,UNIFIED,"t=192 [HELLO_TX] bat=100% nbr=18"
0001,SENSOR,1,UNIFIED,"t=196 [HELLO_TX] bat=100% nbr=18"
0001,SENSOR,1,UNIFIED,"t=198 [HELLO_RX] NEW 0032 tier=1(UNK) verified=0 rssi=0.2"
0001,SENSOR,1,UNIFIED,"t=204 [HELLO_TX] bat=100% nbr=19"
0001,SENSOR,1,UNIFIED,"t=210 [HELLO_TX] bat=100% nbr=19"
0001,SENSOR,1,UNIFIED,"t=214 [HELLO_TX] bat=100% nbr=19"
0001,SENSOR,1,UNIFIED,"t=223 [HELLO_TX] bat=100% nbr=19"
0001,SENSOR,1,UNIFIED,"t=231 [HELLO_TX] bat=100% nbr=19"
0001,SENSOR,1,UNIFIED,"t=236 [HELLO_TX] bat=100% nbr=19"
0001,SENSOR,1,UNIFIED,"t=241 [HELLO_TX] bat=100% nbr=19"
0001,SENSOR,1,UNIFIED,"t=249 [HELLO_TX] bat=100% nbr=19"
0002,SENSOR,1,UNIFIED,"t=4 [HELLO_RX] NEW FF0B tier=3(GWN) verified=0 rssi=1.4"
0002,SENSOR,1,UNIFIED,"t=6 [HELLO_RX] NEW AA07 tier=2(CH) verified=0 rssi=1.1"
0002,SENSOR,1,UNIFIED,"t=7 [HELLO_RX] NEW 0035 tier=1(UNK) verified=0 rssi=6.0"
0002,SENSOR,1,UNIFIED,"t=9 [HELLO_RX] NEW 001A tier=1(UNK) verified=0 rssi=6.7"
0002,SENSOR,1,UNIFIED,"t=10 [HELLO_TX] bat=100% nbr=4"
0002,SENSOR,1,UNIFIED,"t=10 [HELLO_RX] NEW 0046 tier=1(UNK) verified=0 rssi=5.1"
0002,SENSOR,1,UNIFIED,"t=11 [HELLO_RX] NEW 0019 tier=1(UNK) verified=0 rssi=0.2"
0002,SENSOR,1,UNIFIED,"t=12 [HELLO_RX] NEW 005C tier=1(UNK) verified=0 rssi=0.5"
0002,SENSOR,1,UNIFIED,"t=15 [HELLO_TX] bat=100% nbr=7"
0002,SENSOR,1,UNIFIED,"t=18 [HELLO_RX] NEW AA0A tier=2(CH) verified=0 rssi=0.4"
0002,SENSOR,1,UNIFIED,"t=19 [HELLO_RX] NEW 0013 tier=1(UNK) verified=0 rssi=0.3"
0002,SENSOR,1,UNIFIED,"t=22 [HELLO_RX] NEW 0023 tier=1(UNK) verified=0 rssi=0.3"
0002,SENSOR,1,UNIFIED,"t=23 [HELLO_TX] bat=100% nbr=10"
0002,SENSOR,1,UNIFIED,"t=23 [HELLO_RX] NEW 0030 tier=1(UNK) verified=0 rssi=2.1"
0002,SENSOR,1,UNIFIED,"t=32 [HELLO_TX] bat=100% nbr=11"
0002,SENSOR,1,UNIFIED,"t=32 [HELLO_RX] NEW FF02 tier=3(GWN) verified=0 rssi=0.4"
0002,SENSOR,1,UNIFIED,"t=41 [HELLO_TX] bat=100% nbr=12"
0002,SENSOR,1,UNIFIED,"t=49 [HELLO_TX] bat=100% nbr=12"
0002,SENSOR,1,UNIFIED,"t=58 [HELLO_TX] bat=100% nbr=12"
0002,SENSOR,1,UNIFIED,"t=60 [HELLO_RX] NEW 0054 tier=1(UNK) verified=0 rssi=0.5"
0002,SENSOR,1,UNIFIED,"t=68 [HELLO_TX] bat=100% nbr=13"
0002,SENSOR,1,UNIFIED,"t=77 [HELLO_TX] bat=100% nbr=13"
0002,SENSOR,1,UNIFIED,"t=85 [HELLO_TX] bat=100% nbr=13"
0002,SENSOR,1,UNIFIED,"t=90 [HELLO_TX] bat=100% nbr=13"
0002,SENSOR,1,UNIFIED,"t=97 [HELLO_TX] bat=100% nbr=13"
0002,SENSOR,1,UNIFIED,"t=104 [HELLO_TX] bat=100% nbr=13"
0002,SENSOR,1,UNIFIED,"t=112 [HELLO_TX] bat=100% nbr=13"
0002,SENSOR,1,UNIFIED,"t=116 [HELLO_TX] bat=100% nbr=13"
0002,SENSOR,1,UNIFIED,"t=120 [HELLO_TX] bat=100% nbr=13"
0002,SENSOR,1,UNIFIED,"t=127 [HELLO_TX] bat=100% nbr=13"
0002,SENSOR,1,UNIFIED,"t=135 [HELLO_TX] bat=100% nbr=13"
0002,SENSOR,1,UNIFIED,"t=142 [HELLO_TX] bat=100% nbr=13"
0002,SENSOR,1,UNIFIED,"t=146 [HELLO_TX] bat=100% nbr=13"
0002,SENSOR,1,UNIFIED,"t=153 [HELLO_TX] bat=100% nbr=13"
0002,SENSOR,1,UNIFIED,"t=162 [HELLO_TX] bat=100% nbr=13"
0002,SENSOR,1,UNIFIED,"t=167 [HELLO_RX] NEW 0041 tier=1(UNK) verified=0 rssi=0.3"
0002,SENSOR,1,UNIFIED,"t=169 [HELLO_TX] bat=100% nbr=14"
0002,SENSOR,1,UNIFIED,"t=177 [HELLO_TX] bat=100% nbr=14"
0002,SENSOR,1,UNIFIED,"t=187 [HELLO_TX] bat=100% nbr=14"
0002,SENSOR,1,UNIFIED,"t=192 [HELLO_TX] bat=100% nbr=14"
0002,SENSOR,1,UNIFIED,"t=192 [HELLO_RX] NEW 005B tier=1(UNK) verified=0 rssi=0.2"
0002,SENSOR,1,UNIFIED,"t=197 [HELLO_TX] bat=100% nbr=15"
0002,SENSOR,1,UNIFIED,"t=205 [HELLO_TX] bat=100% nbr=15"
0002,SENSOR,1,UNIFIED,"t=215 [HELLO_TX] bat=100% nbr=15"
0002,SENSOR,1,UNIFIED,"t=222 [HELLO_TX] bat=100% nbr=15"
0002,SENSOR,1,UNIFIED,"t=232 [HELLO_TX] bat=100% nbr=15"
0002,SENSOR,1,UNIFIED,"t=241 [HELLO_TX] bat=100% nbr=15"
0002,SENSOR,1,UNIFIED,"t=249 [HELLO_TX] bat=100% nbr=15"
0003,SENSOR,1,UNIFIED,"t=4 [HELLO_TX] bat=100% nbr=0"
0003,SENSOR,1,UNIFIED,"t=5 [HELLO_RX] NEW 0014 tier=1(UNK) verified=0 rssi=3.7"
0003,SENSOR,1,UNIFIED,"t=6 [HELLO_RX] NEW 0049 tier=1(UNK) verified=0 rssi=1.1"
0003,SENSOR,1,UNIFIED,"t=8 [HELLO_RX] NEW 0052 tier=1(UNK) verified=0 rssi=0.5"
0003,SENSOR,1,UNIFIED,"t=9 [HELLO_RX] NEW 0058 tier=1(UNK) verified=0 rssi=0.4"
0003,SENSOR,1,UNIFIED,"t=12 [HELLO_RX] NEW 0029 tier=1(UNK) verified=0 rssi=0.3"
0003,SENSOR,1,UNIFIED,"t=14 [HELLO_TX] bat=100% nbr=5"
0003,SENSOR,1,UNIFIED,"t=14 [HELLO_RX] NEW 0059 tier=1(UNK) verified=0 rssi=0.4"
0003,SENSOR,1,UNIFIED,"t=19 [HELLO_RX] NEW 0018 tier=1(UNK) verified=0 rssi=0.4"
0003,SENSOR,1,UNIFIED,"t=20 [HELLO_RX] NEW 0033 tier=1(UNK) verified=0 rssi=2.2"
0003,SENSOR,1,UNIFIED,"t=22 [HELLO_RX] NEW 0043 tier=1(UNK) verified=0 rssi=0.5"
0003,SENSOR,1,UNIFIED,"t=23 [HELLO_TX] bat=100% nbr=9"
0003,SENSOR,1,UNIFIED,"t=30 [HELLO_TX] bat=100% nbr=9"
0003,SENSOR,1,UNIFIED,"t=30 [HELLO_RX] NEW 0031 tier=1(UNK) verified=0 rssi=0.4"
0003,SENSOR,1,UNIFIED,"t=35 [HELLO_TX] bat=100% nbr=10"
0003,SENSOR,1,UNIFIED,"t=45 [HELLO_TX] bat=100% nbr=10"
0003,SENSOR,1,UNIFIED,"t=55 [HELLO_TX] bat=100% nbr=10"
0003,SENSOR,1,UNIFIED,"t=64 [HELLO_TX] bat=100% nbr=10"
0003,SENSOR,1,UNIFIED,"t=69 [HELLO_TX] bat=100% nbr=10"
0003,SENSOR,1,UNIFIED,"t=69 [HELLO_RX] NEW 0010 tier=1(UNK) verified=0 rssi=0.4"
0003,SENSOR,1,UNIFIED,"t=76 [HELLO_TX] bat=100% nbr=11"
0003,SENSOR,1,UNIFIED,"t=82 [HELLO_RX] NEW AA0A tier=2(CH) verified=0 rssi=0.2"
0003,SENSOR,1,UNIFIED,"t=84 [HELLO_TX] bat=100% nbr=12"
0003,SENSOR,1,UNIFIED,"t=93 [HELLO_TX] bat=100% nbr=12"
0003,SENSOR,1,UNIFIED,"t=103 [HELLO_TX] bat=100% nbr=12"
0003,SENSOR,1,UNIFIED,"t=111 [HELLO_TX] bat=100% nbr=12"
0003,SENSOR,1,UNIFIED,"t=121 [HELLO_TX] bat=100% nbr=12"
0003,SENSOR,1,UNIFIED,"t=125 [HELLO_RX] NEW AA06 tier=2(CH) verified=0 rssi=0.2"
0003,SENSOR,1,UNIFIED,"t=130 [HELLO_TX] bat=100% nbr=13"
0003,SENSOR,1,UNIFIED,"t=139 [HELLO_TX] bat=100% nbr=13"
0003,SENSOR,1,UNIFIED,"t=142 [HELLO_RX] NEW 002A tier=1(UNK) verified=0 rssi=0.2"
0003,SENSOR,1,UNIFIED,"t=145 [HELLO_TX] bat=100% nbr=14"
0003,SENSOR,1,UNIFIED,"t=150 [HELLO_TX] bat=100% nbr=14"
0003,SENSOR,1,UNIFIED,"t=159 [HELLO_TX] bat=100% nbr=14"
0003,SENSOR,1,UNIFIED,"t=167 [HELLO_TX] bat=100% nbr=14"
0003,SENSOR,1,UNIFIED,"t=173 [HELLO_TX] bat=100% nbr=14"
0003,SENSOR,1,UNIFIED,"t=181 [HELLO_TX] bat=100% nbr=14"
0003,SENSOR,1,UNIFIED,"t=185 [HELLO_TX] bat=100% nbr=14"
0003,SENSOR,1,UNIFIED,"t=189 [HELLO_TX] bat=100% nbr=14"
0003,SENSOR,1,UNIFIED,"t=194 [HELLO_TX] bat=100% nbr=14"
0003,SENSOR,1,UNIFIED,"t=204 [HELLO_TX] bat=100% nbr=14"
0003,SENSOR,1,UNIFIED,"t=212 [HELLO_RX] NEW FF0B tier=3(GWN) verified=1 rssi=0.1"
0003,SENSOR,1,UNIFIED,"t=214 [HELLO_TX] bat=100% nbr=15"
0003,SENSOR,1,UNIFIED,"t=220 [HELLO_TX] bat=100% nbr=15"
0003,SENSOR,1,UNIFIED,"t=226 [HELLO_TX] bat=100% nbr=15"
0003,SENSOR,1,UNIFIED,"t=233 [HELLO_TX] bat=100% nbr=15"
0003,SENSOR,1,UNIFIED,"t=239 [HELLO_TX] bat=100% nbr=15"
0003,SENSOR,1,UNIFIED,"t=248 [HELLO_TX] bat=100% nbr=15"
0004,SENSOR,1,UNIFIED,"t=4 [HELLO_RX] NEW AA01 tier=2(CH) verified=0 rssi=5.2"
0004,SENSOR,1,UNIFIED,"t=6 [HELLO_RX] NEW 003C tier=1(UNK) verified=0 rssi=75.6"
0004,SENSOR,1,UNIFIED,"t=7 [HELLO_RX] NEW FF09 tier=3(GWN) verified=0 rssi=0.4"
0004,SENSOR,1,UNIFIED,"t=9 [HELLO_TX] bat=100% nbr=3"
0004,SENSOR,1,UNIFIED,"t=15 [HELLO_RX] NEW 0063 tier=1(UNK) verified=0 rssi=0.2"
0004,SENSOR,1,UNIFIED,"t=16 [HELLO_RX] NEW FF06 tier=3(GWN) verified=0 rssi=4.6"
0004,SENSOR,1,UNIFIED,"t=17 [HELLO_TX] bat=100% nbr=5"
0004,SENSOR,1,UNIFIED,"t=18 [HELLO_RX] NEW 0034 tier=1(UNK) verified=0 rssi=1.5"
0004,SENSOR,1,UNIFIED,"t=19 [HELLO_RX] NEW 0037 tier=1(UNK) verified=0 rssi=0.9"
0004,SENSOR,1,UNIFIED,"t=20 [HELLO_RX] NEW FF04 tier=3(GWN) verified=0 rssi=4.5"
0004,SENSOR,1,UNIFIED,"t=25 [HELLO_TX] bat=100% nbr=8"
0004,SENSOR,1,UNIFIED,"t=26 [HELLO_RX] NEW 003D tier=1(UNK) verified=0 rssi=3.0"
0004,SENSOR,1,UNIFIED,"t=31 [HELLO_TX] bat=100% nbr=9"
0004,SENSOR,1,UNIFIED,"t=38 [HELLO_TX] bat=100% nbr=9"
0004,SENSOR,1,UNIFIED,"t=40 [HELLO_RX] NEW 002E tier=1(UNK) verified=0 rssi=0.5"
0004,SENSOR,1,UNIFIED,"t=45 [HELLO_TX] bat=100% nbr=10"
0004,SENSOR,1,UNIFIED,"t=52 [HELLO_TX] bat=100% nbr=10"
0004,SENSOR,1,UNIFIED,"t=55 [HELLO_RX] NEW 0006 tier=1(UNK) verified=0 rssi=0.5"
0004,SENSOR,1,UNIFIED,"t=61 [HELLO_TX] bat=100% nbr=11"
0004,SENSOR,1,UNIFIED,"t=67 [HELLO_RX] NEW AA02 tier=2(CH) verified=0 rssi=0.2"
0004,SENSOR,1,UNIFIED,"t=68 [HELLO_RX] NEW AA09 tier=2(CH) verified=0 rssi=0.4"
0004,SENSOR,1,UNIFIED,"t=69 [HELLO_TX] bat=100% nbr=13"
0004,SENSOR,1,UNIFIED,"t=73 [HELLO_TX] bat=100% nbr=13"
0004,SENSOR,1,UNIFIED,"t=76 [HELLO_RX] NEW FF05 tier=3(GWN) verified=1 rssi=0.4"
0004,SENSOR,1,UNIFIED,"t=79 [HELLO_TX] bat=100% nbr=14"
0004,SENSOR,1,UNIFIED,"t=86 [HELLO_TX] bat=100% nbr=14"
0004,SENSOR,1,UNIFIED,"t=92 [HELLO_RX] NEW 0055 tier=1(UNK) verified=0 rssi=0.7"
0004,SENSOR,1,UNIFIED,"t=94 [HELLO_TX] bat=100% nbr=15"
0004,SENSOR,1,UNIFIED,"t=104 [HELLO_TX] bat=100% nbr=15"
0004,SENSOR,1,UNIFIED,"t=113 [HELLO_TX] bat=100% nbr=15"
0004,SENSOR,1,UNIFIED,"t=122 [HELLO_TX] bat=100% nbr=15"
0004,SENSOR,1,UNIFIED,"t=131 [HELLO_TX] bat=100% nbr=15"
0004,SENSOR,1,UNIFIED,"t=139 [HELLO_TX] bat=100% nbr=15"
0004,SENSOR,1,UNIFIED,"t=139 [HELLO_RX] NEW 0009 tier=1(UNK) verified=0 rssi=0.2"
0004,SENSOR,1,UNIFIED,"t=143 [HELLO_RX] NEW FF07 tier=3(GWN) verified=1 rssi=0.2"
0004,SENSOR,1,UNIFIED,"t=148 [HELLO_TX] bat=100% nbr=17"
0004,SENSOR,1,UNIFIED,"t=155 [HELLO_RX] NEW 0040 tier=1(UNK) verified=0 rssi=0.2"
0004,SENSOR,1,UNIFIED,"t=156 [HELLO_TX] bat=100% nbr=18"
0004,SENSOR,1,UNIFIED,"t=162 [HELLO_TX] bat=100% nbr=18"
0004,SENSOR,1,UNIFIED,"t=169 [HELLO_TX] bat=100% nbr=18"
0004,SENSOR,1,UNIFIED,"t=178 [HELLO_TX] bat=100% nbr=18"
0004,SENSOR,1,UNIFIED,"t=183 [HELLO_TX] bat=100% nbr=18"
0004,SENSOR,1,UNIFIED,"t=191 [HELLO_TX] bat=100% nbr=18"
0004,SENSOR,1,UNIFIED,"t=199 [HELLO_TX] bat=100% nbr=18"
0004,SENSOR,1,UNIFIED,"t=207 [HELLO_TX] bat=100% nbr=18"
0004,SENSOR,1,UNIFIED,"t=213 [HELLO_TX] bat=100% nbr=18"
0004,SENSOR,1,UNIFIED,"t=220 [HELLO_TX] bat=100% nbr=18"
0004,SENSOR,1,UNIFIED,"t=225 [HELLO_TX] bat=100% nbr=18"
0004,SENSOR,1,UNIFIED,"t=233 [HELLO_TX] bat=100% nbr=18"
0004,SENSOR,1,UNIFIED,"t=241 [HELLO_TX] bat=100% nbr=18"
0005,SENSOR,1,UNIFIED,"t=4 [HELLO_RX] NEW 0020 tier=1(UNK) verified=0 rssi=0.5"
0005,SENSOR,1,UNIFIED,"t=5 [HELLO_RX] NEW 002A tier=1(UNK) verified=0 rssi=0.2"
0005,SENSOR,1,UNIFIED,"t=6 [HELLO_TX] bat=100% nbr=2"
0005,SENSOR,1,UNIFIED,"t=7 [HELLO_RX] NEW 0041 tier=1(UNK) verified=0 rssi=0.8"
0005,SENSOR,1,UNIFIED,"t=8 [HELLO_RX] NEW FF0B tier=3(GWN) verified=0 rssi=0.8"
0005,SENSOR,1,UNIFIED,"t=9 [HELLO_RX] NEW 001F tier=1(UNK) verified=0 rssi=1.1"
0005,SENSOR,1,UNIFIED,"t=10 [HELLO_RX] NEW 005B tier=1(UNK) verified=0 rssi=0.7"
0005,SENSOR,1,UNIFIED,"t=15 [HELLO_TX] bat=100% nbr=6"
0005,SENSOR,1,UNIFIED,"t=16 [HELLO_RX] NEW 0023 tier=1(UNK) verified=0 rssi=0.6"
0005,SENSOR,1,UNIFIED,"t=17 [HELLO_RX] NEW 000C tier=1(UNK) verified=0 rssi=0.7"
0005,SENSOR,1,UNIFIED,"t=19 [HELLO_RX] NEW 0054 tier=1(UNK) verified=0 rssi=0.2"
0005,SENSOR,1,UNIFIED,"t=21 [HELLO_TX] bat=100% nbr=9"
0005,SENSOR,1,UNIFIED,"t=24 [HELLO_RX] NEW 000E tier=1(UNK) verified=0 rssi=0.4"
0005,SENSOR,1,UNIFIED,"t=29 [HELLO_RX] NEW 005C tier=1(UNK) verified=0 rssi=0.2"
0005,SENSOR,1,UNIFIED,"t=30 [HELLO_TX] bat=100% nbr=11"
0005,SENSOR,1,UNIFIED,"t=32 [HELLO_RX] NEW 0016 tier=1(UNK) verified=0 rssi=0.5"
0005,SENSOR,1,UNIFIED,"t=34 [HELLO_RX] NEW AA0A tier=2(CH) verified=0 rssi=0.3"
0005,SENSOR,1,UNIFIED,"t=40 [HELLO_TX] bat=100% nbr=13"
0005,SENSOR,1,UNIFIED,"t=40 [HELLO_RX] NEW 0030 tier=1(UNK) verified=0 rssi=0.2"
0005,SENSOR,1,UNIFIED,"t=45 [HELLO_TX] bat=100% nbr=14"
0005,SENSOR,1,UNIFIED,"t=50 [HELLO_TX] bat=100% nbr=14"
0005,SENSOR,1,UNIFIED,"t=56 [HELLO_TX] bat=100% nbr=14"
0005,SENSOR,1,UNIFIED,"t=61 [HELLO_TX] bat=100% nbr=14"
0005,SENSOR,1,UNIFIED,"t=61 [HELLO_RX] NEW 004F tier=1(UNK) verified=0 rssi=0.2"
0005,SENSOR,1,UNIFIED,"t=71 [HELLO_TX] bat=100% nbr=15"
0005,SENSOR,1,UNIFIED,"t=80 [HELLO_TX] bat=100% nbr=15"
0005,SENSOR,1,UNIFIED,"t=85 [HELLO_TX] bat=100% nbr=15"
0005,SENSOR,1,UNIFIED,"t=95 [HELLO_TX] bat=100% nbr=15"
0005,SENSOR,1,UNIFIED,"t=99 [HELLO_TX] bat=100% nbr=15"
0005,SENSOR,1,UNIFIED,"t=104 [HELLO_TX] bat=100% nbr=15"
0005,SENSOR,1,UNIFIED,"t=108 [HELLO_RX] NEW AA05 tier=2(CH) verified=0 rssi=0.4"
0005,SENSOR,1,UNIFIED,"t=114 [HELLO_TX] bat=100% nbr=16"
0005,SENSOR,1,UNIFIED,"t=114 [HELLO_RX] NEW AA03 tier=2(CH) verified=0 rssi=0.4"
0005,SENSOR,1,UNIFIED,"t=120 [HELLO_TX] bat=100% nbr=17"
0005,SENSOR,1,UNIFIED,"t=130 [HELLO_TX] bat=100% nbr=17"
0005,SENSOR,1,UNIFIED,"t=137 [HELLO_TX] bat=100% nbr=17"
0005,SENSOR,1,UNIFIED,"t=144 [HELLO_TX] bat=100% nbr=17"
0005,SENSOR,1,UNIFIED,"t=150 [HELLO_TX] bat=100% nbr=17"
0005,SENSOR,1,UNIFIED,"t=157 [HELLO_TX] bat=100% nbr=17"
0005,SENSOR,1,UNIFIED,"t=164 [HELLO_TX] bat=100% nbr=17"
0005,SENSOR,1,UNIFIED,"t=174 [HELLO_TX] bat=100% nbr=17"
0005,SENSOR,1,UNIFIED,"t=178 [HELLO_TX] bat=100% nbr=17"
0005,SENSOR,1,UNIFIED,"t=188 [HELLO_TX] bat=100% nbr=17"
0005,SENSOR,1,UNIFIED,"t=189 [HELLO_RX] NEW FF01 tier=3(GWN) verified=1 rssi=0.2"
0005,SENSOR,1,UNIFIED,"t=198 [HELLO_TX] bat=100% nbr=18"
0005,SENSOR,1,UNIFIED,"t=205 [HELLO_TX] bat=100% nbr=18"
0005,SENSOR,1,UNIFIED,"t=215 [HELLO_TX] bat=100% nbr=18"
0005,SENSOR,1,UNIFIED,"t=221 [HELLO_TX] bat=100% nbr=18"
0005,SENSOR,1,UNIFIED,"t=226 [HELLO_TX] bat=100% nbr=18"
0005,SENSOR,1,UNIFIED,"t=232 [HELLO_TX] bat=100% nbr=18"
0005,SENSOR,1,UNIFIED,"t=239 [HELLO_TX] bat=100% nbr=18"
0005,SENSOR,1,UNIFIED,"t=246 [HELLO_TX] bat=100% nbr=18"
0006,SENSOR,1,UNIFIED,"t=4 [HELLO_RX] NEW AA01 tier=2(CH) verified=0 rssi=2.2"
0006,SENSOR,1,UNIFIED,"t=5 [HELLO_TX] bat=100% nbr=1"
0006,SENSOR,1,UNIFIED,"t=5 [HELLO_RX] NEW 000D tier=1(UNK) verified=0 rssi=0.2"
0006,SENSOR,1,UNIFIED,"t=6 [HELLO_RX] NEW 0040 tier=1(UNK) verified=0 rssi=3.6"
0006,SENSOR,1,UNIFIED,"t=7 [HELLO_RX] NEW FF09 tier=3(GWN) verified=0 rssi=0.7"
0006,SENSOR,1,UNIFIED,"t=10 [HELLO_RX] NEW FF04 tier=3(GWN) verified=0 rssi=24.2"
0006,SENSOR,1,UNIFIED,"t=14 [HELLO_RX] NEW FF05 tier=3(GWN) verified=0 rssi=1.1"
0006,SENSOR,1,UNIFIED,"t=15 [HELLO_TX] bat=100% nbr=6"
0006,SENSOR,1,UNIFIED,"t=15 [HELLO_RX] NEW FF07 tier=3(GWN) verified=0 rssi=0.6"
0006,SENSOR,1,UNIFIED,"t=16 [HELLO_RX] NEW FF06 tier=3(GWN) verified=0 rssi=0.6"
0006,SENSOR,1,UNIFIED,"t=19 [HELLO_RX] NEW 0037 tier=1(UNK) verified=0 rssi=0.7"
0006,SENSOR,1,UNIFIED,"t=21 [HELLO_TX] bat=100% nbr=9"
0006,SENSOR,1,UNIFIED,"t=23 [HELLO_RX] NEW 003C tier=1(UNK) verified=0 rssi=0.6"
0006,SENSOR,1,UNIFIED,"t=25 [HELLO_RX] NEW AA02 tier=2(CH) verified=0 rssi=0.7"
0006,SENSOR,1,UNIFIED,"t=30 [HELLO_TX] bat=100% nbr=11"
0006,SENSOR,1,UNIFIED,"t=31 [HELLO_RX] NEW 0034 tier=1(UNK) verified=0 rssi=2.2"
0006,SENSOR,1,UNIFIED,"t=33 [HELLO_RX] NEW 000A tier=1(UNK) verified=0 rssi=0.9"
0006,SENSOR,1,UNIFIED,"t=34 [HELLO_TX] bat=100% nbr=13"
0006,SENSOR,1,UNIFIED,"t=39 [HELLO_TX] bat=100% nbr=13"
0006,SENSOR,1,UNIFIED,"t=40 [HELLO_RX] NEW 002E tier=1(UNK) verified=0 rssi=0.4"
0006,SENSOR,1,UNIFIED,"t=46 [HELLO_TX] bat=100% nbr=14"
0006,SENSOR,1,UNIFIED,"t=51 [HELLO_RX] NEW AA09 tier=2(CH) verified=0 rssi=0.6"
0006,SENSOR,1,UNIFIED,"t=55 [HELLO_TX] bat=100% nbr=15"
0006,SENSOR,1,UNIFIED,"t=61 [HELLO_TX] bat=100% nbr=15"
0006,SENSOR,1,UNIFIED,"t=63 [HELLO_RX] NEW 0026 tier=1(UNK) verified=0 rssi=0.3"
0006,SENSOR,1,UNIFIED,"t=70 [HELLO_TX] bat=100% nbr=16"
0006,SENSOR,1,UNIFIED,"t=73 [HELLO_RX] NEW 0004 tier=1(UNK) verified=0 rssi=0.5"
0006,SENSOR,1,UNIFIED,"t=78 [HELLO_TX] bat=100% nbr=17"
0006,SENSOR,1,UNIFIED,"t=79 [HELLO_RX] NEW 003D tier=1(UNK) verified=0 rssi=0.2"
0006,SENSOR,1,UNIFIED,"t=84 [HELLO_TX] bat=100% nbr=18"
0006,SENSOR,1,UNIFIED,"t=87 [HELLO_RX] NEW 0048 tier=1(UNK) verified=0 rssi=0.5"
0006,SENSOR,1,UNIFIED,"t=89 [HELLO_TX] bat=100% nbr=19"
0006,SENSOR,1,UNIFIED,"t=97 [HELLO_TX] bat=100% nbr=19"
0006,SENSOR,1,UNIFIED,"t=105 [HELLO_TX] bat=100% nbr=19"
0006,SENSOR,1,UNIFIED,"t=109 [HELLO_TX] bat=100% nbr=19"
0006,SENSOR,1,UNIFIED,"t=113 [HELLO_TX] bat=100% nbr=19"
0006,SENSOR,1,UNIFIED,"t=119 [HELLO_TX] bat=100% nbr=19"
0006,SENSOR,1,UNIFIED,"t=125 [HELLO_TX] bat=100% nbr=19"
0006,SENSOR,1,UNIFIED,"t=130 [HELLO_TX] bat=100% nbr=19"
0006,SENSOR,1,UNIFIED,"t=135 [HELLO_TX] bat=100% nbr=19"
0006,SENSOR,1,UNIFIED,"t=141 [HELLO_TX] bat=100% nbr=19"
0006,SENSOR,1,UNIFIED,"t=145 [HELLO_RX] NEW AA06 tier=2(CH) verified=0 rssi=0.2"
0006,SENSOR,1,UNIFIED,"t=147 [HELLO_TX] bat=100% nbr=20"
0006,SENSOR,1,UNIFIED,"t=154 [HELLO_TX] bat=100% nbr=20"
0006,SENSOR,1,UNIFIED,"t=163 [HELLO_RX] NEW 0051 tier=1(UNK) verified=0 rssi=0.2"
0006,SENSOR,1,UNIFIED,"t=164 [HELLO_TX] bat=100% nbr=21"
0006,SENSOR,1,UNIFIED,"t=172 [HELLO_TX] bat=100% nbr=21"
0006,SENSOR,1,UNIFIED,"t=180 [HELLO_TX] bat=100% nbr=21"
0006,SENSOR,1,UNIFIED,"t=184 [HELLO_TX] bat=100% nbr=21"
0006,SENSOR,1,UNIFIED,"t=194 [HELLO_TX] bat=100% nbr=21"
0006,SENSOR,1,UNIFIED,"t=200 [HELLO_TX] bat=100% nbr=21"
0006,SENSOR,1,UNIFIED,"t=204 [HELLO_TX] bat=100% nbr=21"
0006,SENSOR,1,UNIFIED,"t=209 [HELLO_TX] bat=100% nbr=21"
0006,SENSOR,1,UNIFIED,"t=218 [HELLO_TX] bat=100% nbr=21"
0006,SENSOR,1,UNIFIED,"t=222 [HELLO_TX] bat=100% nbr=21"
0006,SENSOR,1,UNIFIED,"t=232 [HELLO_TX] bat=100% nbr=21"
0006,SENSOR,1,UNIFIED,"t=240 [HELLO_TX] bat=100% nbr=21"
0006,SENSOR,1,UNIFIED,"t=248 [HELLO_TX] bat=100% nbr=21"
0007,SENSOR,1,UNIFIED,"t=4 [HELLO_RX] NEW 0008 tier=1(UNK) verified=0 rssi=39.6"
0007,SENSOR,1,UNIFIED,"t=5 [HELLO_RX] NEW AA06 tier=2(CH) verified=0 rssi=0.5"
0007,SENSOR,1,UNIFIED,"t=6 [HELLO_RX] NEW 0049 tier=1(UNK) verified=0 rssi=0.2"
0007,SENSOR,1,UNIFIED,"t=7 [HELLO_RX] NEW FF0C tier=3(GWN) verified=0 rssi=0.2"
0007,SENSOR,1,UNIFIED,"t=8 [HELLO_RX] NEW 002F tier=1(UNK) verified=0 rssi=4.4"
0007,SENSOR,1,UNIFIED,"t=9 [HELLO_TX] bat=100% nbr=5"
0007,SENSOR,1,UNIFIED,"t=10 [HELLO_RX] NEW 0059 tier=1(UNK) verified=0 rssi=0.3"
0007,SENSOR,1,UNIFIED,"t=14 [HELLO_RX] NEW 001E tier=1(UNK) verified=0 rssi=0.8"
0007,SENSOR,1,UNIFIED,"t=16 [HELLO_RX] NEW 005F tier=1(UNK) verified=0 rssi=0.5"
0007,SENSOR,1,UNIFIED,"t=18 [HELLO_TX] bat=100% nbr=8"
0007,SENSOR,1,UNIFIED,"t=21 [HELLO_RX] NEW 0001 tier=1(UNK) verified=0 rssi=0.5"
0007,SENSOR,1,UNIFIED,"t=27 [HELLO_TX] bat=100% nbr=9"
0007,SENSOR,1,UNIFIED,"t=28 [HELLO_RX] NEW 004D tier=1(UNK) verified=0 rssi=0.3"
0007,SENSOR,1,UNIFIED,"t=34 [HELLO_RX] NEW AA08 tier=2(CH) verified=0 rssi=0.3"
0007,SENSOR,1,UNIFIED,"t=36 [HELLO_TX] bat=100% nbr=11"
0007,SENSOR,1,UNIFIED,"t=41 [HELLO_TX] bat=100% nbr=11"
0007,SENSOR,1,UNIFIED,"t=47 [HELLO_RX] NEW 0038 tier=1(UNK) verified=0 rssi=0.2"
0007,SENSOR,1,UNIFIED,"t=48 [HELLO_RX] NEW 004A tier=1(UNK) verified=0 rssi=0.3"
0007,SENSOR,1,UNIFIED,"t=50 [HELLO_TX] bat=100% nbr=13"
0007,SENSOR,1,UNIFIED,"t=54 [HELLO_TX] bat=100% nbr=13"
0007,SENSOR,1,UNIFIED,"t=56 [HELLO_RX] NEW 0032 tier=1(UNK) verified=0 rssi=0.2"
0007,SENSOR,1,UNIFIED,"t=59 [HELLO_RX] NEW 0014 tier=1(UNK) verified=0 rssi=0.3"
0007,SENSOR,1,UNIFIED,"t=61 [HELLO_TX] bat=100% nbr=15"
0007,SENSOR,1,UNIFIED,"t=68 [HELLO_TX] bat=100% nbr=15"
0007,SENSOR,1,UNIFIED,"t=75 [HELLO_TX] bat=100% nbr=15"
0007,SENSOR,1,UNIFIED,"t=83 [HELLO_TX] bat=100% nbr=15"
0007,SENSOR,1,UNIFIED,"t=89 [HELLO_TX] bat=100% nbr=15"
0007,SENSOR,1,UNIFIED,"t=93 [HELLO_TX] bat=100% nbr=15"
0007,SENSOR,1,UNIFIED,"t=102 [HELLO_TX] bat=100% nbr=15"
0007,SENSOR,1,UNIFIED,"t=108 [HELLO_TX] bat=100% nbr=15"
0007,SENSOR,1,UNIFIED,"t=112 [HELLO_TX] bat=100% nbr=15"
0007,SENSOR,1,UNIFIED,"t=116 [HELLO_TX] bat=100% nbr=15"
0007,SENSOR,1,UNIFIED,"t=125 [HELLO_TX] bat=100% nbr=15"
0007,SENSOR,1,UNIFIED,"t=129 [HELLO_TX] bat=100% nbr=15"
0007,SENSOR,1,UNIFIED,"t=137 [HELLO_TX] bat=100% nbr=15"
0007,SENSOR,1,UNIFIED,"t=146 [HELLO_TX] bat=100% nbr=15"
0007,SENSOR,1,UNIFIED,"t=148 [HELLO_RX] NEW 001B tier=1(UNK) verified=0 rssi=0.2"
0007,SENSOR,1,UNIFIED,"t=149 [HELLO_RX] NEW 0010 tier=1(UNK) verified=0 rssi=0.2"
0007,SENSOR,1,UNIFIED,"t=152 [HELLO_TX] bat=100% nbr=17"
0007,SENSOR,1,UNIFIED,"t=156 [HELLO_TX] bat=100% nbr=17"
0007,SENSOR,1,UNIFIED,"t=166 [HELLO_TX] bat=100% nbr=17"
0007,SENSOR,1,UNIFIED,"t=171 [HELLO_RX] NEW 000B tier=1(UNK) verified=0 rssi=0.2"
0007,SENSOR,1,UNIFIED,"t=173 [HELLO_TX] bat=100% nbr=18"
0007,SENSOR,1,UNIFIED,"t=177 [HELLO_TX] bat=100% nbr=18"
0007,SENSOR,1,UNIFIED,"t=183 [HELLO_RX] NEW 0017 tier=1(UNK) verified=0 rssi=0.2"
0007,SENSOR,1,UNIFIED,"t=185 [HELLO_TX] bat=100% nbr=19"
0007,SENSOR,1,UNIFIED,"t=192 [HELLO_TX] bat=100% nbr=19"
0007,SENSOR,1,UNIFIED,"t=202 [HELLO_TX] bat=100% nbr=19"
0007,SENSOR,1,UNIFIED,"t=209 [HELLO_RX] NEW AA02 tier=2(CH) verified=0 rssi=0.2"
0007,SENSOR,1,UNIFIED,"t=210 [HELLO_TX] bat=100% nbr=20"
0007,SENSOR,1,UNIFIED,"t=219 [HELLO_TX] bat=100% nbr=20"
0007,SENSOR,1,UNIFIED,"t=229 [HELLO_TX] bat=100% nbr=20"
0007,SENSOR,1,UNIFIED,"t=236 [HELLO_TX] bat=100% nbr=20"
0007,SENSOR,1,UNIFIED,"t=246 [HELLO_TX] bat=100% nbr=20"
0008,SENSOR,1,UNIFIED,"t=4 [HELLO_TX] bat=100% nbr=0"
0008,SENSOR,1,UNIFIED,"t=7 [HELLO_RX] NEW 001E tier=1(UNK) verified=0 rssi=1.0"
0008,SENSOR,1,UNIFIED,"t=8 [HELLO_RX] NEW 002F tier=1(UNK) verified=0 rssi=7.0"
0008,SENSOR,1,UNIFIED,"t=9 [HELLO_TX] bat=100% nbr=2"
0008,SENSOR,1,UNIFIED,"t=9 [HELLO_RX] NEW 0007 tier=1(UNK) verified=0 rssi=39.6"
0008,SENSOR,1,UNIFIED,"t=10 [HELLO_RX] NEW 0001 tier=1(UNK) verified=0 rssi=0.7"
0008,SENSOR,1,UNIFIED,"t=13 [HELLO_TX] bat=100% nbr=4"
0008,SENSOR,1,UNIFIED,"t=13 [HELLO_RX] NEW 0017 tier=1(UNK) verified=0 rssi=0.3"
0008,SENSOR,1,UNIFIED,"t=15 [HELLO_RX] NEW 0014 tier=1(UNK) verified=0 rssi=0.2"
0008,SENSOR,1,UNIFIED,"t=16 [HELLO_RX] NEW 005F tier=1(UNK) verified=0 rssi=0.8"
0008,SENSOR,1,UNIFIED,"t=19 [HELLO_TX] bat=100% nbr=7"
0008,SENSOR,1,UNIFIED,"t=23 [HELLO_RX] NEW AA06 tier=2(CH) verified=0 rssi=0.5"
0008,SENSOR,1,UNIFIED,"t=25 [HELLO_RX] NEW AA08 tier=2(CH) verified=0 rssi=0.4"
0008,SENSOR,1,UNIFIED,"t=27 [HELLO_TX] bat=100% nbr=9"
0008,SENSOR,1,UNIFIED,"t=37 [HELLO_TX] bat=100% nbr=9"
0008,SENSOR,1,UNIFIED,"t=46 [HELLO_TX] bat=100% nbr=9"
0008,SENSOR,1,UNIFIED,"t=47 [HELLO_RX] NEW 0010 tier=1(UNK) verified=0 rssi=0.2"
0008,SENSOR,1,UNIFIED,"t=55 [HELLO_TX] bat=100% nbr=10"
0008,SENSOR,1,UNIFIED,"t=64 [HELLO_RX] NEW 0049 tier=1(UNK) verified=0 rssi=0.2"
0008,SENSOR,1,UNIFIED,"t=65 [HELLO_TX] bat=100% nbr=11"
0008,SENSOR,1,UNIFIED,"t=65 [HELLO_RX] NEW 004A tier=1(UNK) verified=0 rssi=0.3"
0008,SENSOR,1,UNIFIED,"t=72 [HELLO_TX] bat=100% nbr=12"
0008,SENSOR,1,UNIFIED,"t=74 [HELLO_RX] NEW 001B tier=1(UNK) verified=0 rssi=0.2"
0008,SENSOR,1,UNIFIED,"t=76 [HELLO_TX] bat=100% nbr=13"
0008,SENSOR,1,UNIFIED,"t=76 [HELLO_RX] NEW 0059 tier=1(UNK) verified=0 rssi=0.3"
0008,SENSOR,1,UNIFIED,"t=81 [HELLO_TX] bat=100% nbr=14"
0008,SENSOR,1,UNIFIED,"t=86 [HELLO_TX] bat=100% nbr=14"
0008,SENSOR,1,UNIFIED,"t=90 [HELLO_TX] bat=100% nbr=14"
0008,SENSOR,1,UNIFIED,"t=95 [HELLO_RX] NEW FF0C tier=3(GWN) verified=1 rssi=0.2"
0008,SENSOR,1,UNIFIED,"t=96 [HELLO_TX] bat=100% nbr=15"
0008,SENSOR,1,UNIFIED,"t=105 [HELLO_TX] bat=100% nbr=15"
0008,SENSOR,1,UNIFIED,"t=109 [HELLO_TX] bat=100% nbr=15"
0008,SENSOR,1,UNIFIED,"t=115 [HELLO_TX] bat=100% nbr=15"
0008,SENSOR,1,UNIFIED,"t=122 [HELLO_RX] NEW 0032 tier=1(UNK) verified=0 rssi=0.2"
0008,SENSOR,1,UNIFIED,"t=123 [HELLO_TX] bat=100% nbr=16"
0008,SENSOR,1,UNIFIED,"t=127 [HELLO_TX] bat=100% nbr=16"
0008,SENSOR,1,UNIFIED,"t=135 [HELLO_TX] bat=100% nbr=16"
0008,SENSOR,1,UNIFIED,"t=140 [HELLO_RX] NEW 0021 tier=1(UNK) verified=0 rssi=0.2"
0008,SENSOR,1,UNIFIED,"t=143 [HELLO_TX] bat=100% nbr=17"
0008,SENSOR,1,UNIFIED,"t=153 [HELLO_TX] bat=100% nbr=17"
0008,SENSOR,1,UNIFIED,"t=158 [HELLO_TX] bat=100% nbr=17"
0008,SENSOR,1,UNIFIED,"t=167 [HELLO_TX] bat=100% nbr=17"
0008,SENSOR,1,UNIFIED,"t=175 [HELLO_TX] bat=100% nbr=17"
0008,SENSOR,1,UNIFIED,"t=175 [HELLO_RX] NEW AA02 tier=2(CH) verified=0 rssi=0.2"
0008,SENSOR,1,UNIFIED,"t=182 [HELLO_TX] bat=100% nbr=18"
0008,SENSOR,1,UNIFIED,"t=187 [HELLO_TX] bat=100% nbr=18"
0008,SENSOR,1,UNIFIED,"t=196 [HELLO_TX] bat=100% nbr=18"
0008,SENSOR,1,UNIFIED,"t=206 [HELLO_TX] bat=100% nbr=18"
0008,SENSOR,1,UNIFIED,"t=212 [HELLO_TX] bat=100% nbr=18"
0008,SENSOR,1,UNIFIED,"t=221 [HELLO_TX] bat=100% nbr=18"
0008,SENSOR,1,UNIFIED,"t=225 [HELLO_TX] bat=100% nbr=18"
0008,SENSOR,1,UNIFIED,"t=235 [HELLO_TX] bat=100% nbr=18"
0008,SENSOR,1,UNIFIED,"t=242 [HELLO_TX] bat=100% nbr=18"
0008,SENSOR,1,UNIFIED,"t=243 [HELLO_RX] NEW 000B tier=1(UNK) verified=0 rssi=0.2"
0009,SENSOR,1,UNIFIED,"t=4 [HELLO_RX] NEW 0061 tier=1(UNK) verified=0 rssi=0.4"
0009,SENSOR,1,UNIFIED,"t=6 [HELLO_TX] bat=100% nbr=1"
0009,SENSOR,1,UNIFIED,"t=6 [HELLO_RX] NEW 003C tier=1(UNK) verified=0 rssi=0.2"
0009,SENSOR,1,UNIFIED,"t=7 [HELLO_RX] NEW FF06 tier=3(GWN) verified=0 rssi=1.0"
0009,SENSOR,1,UNIFIED,"t=9 [HELLO_RX] NEW 002E tier=1(UNK) verified=0 rssi=0.6"
0009,SENSOR,1,UNIFIED,"t=10 [HELLO_RX] NEW FF04 tier=3(GWN) verified=0 rssi=0.4"
0009,SENSOR,1,UNIFIED,"t=13 [HELLO_TX] bat=100% nbr=5"
0009,SENSOR,1,UNIFIED,"t=13 [HELLO_RX] NEW 003D tier=1(UNK) verified=0 rssi=0.4"
0009,SENSOR,1,UNIFIED,"t=15 [HELLO_RX] NEW 0063 tier=1(UNK) verified=0 rssi=1.0"
0009,SENSOR,1,UNIFIED,"t=17 [HELLO_RX] NEW AA01 tier=2(CH) verified=0 rssi=0.5"
0009,SENSOR,1,UNIFIED,"t=20 [HELLO_TX] bat=100% nbr=8"
0009,SENSOR,1,UNIFIED,"t=20 [HELLO_RX] NEW AA09 tier=2(CH) verified=0 rssi=0.5"
0009,SENSOR,1,UNIFIED,"t=21 [HELLO_RX] NEW 0055 tier=1(UNK) verified=0 rssi=1.1"
0009,SENSOR,1,UNIFIED,"t=24 [HELLO_TX] bat=100% nbr=10"
0009,SENSOR,1,UNIFIED,"t=27 [HELLO_RX] NEW 0056 tier=1(UNK) verified=0 rssi=0.3"
0009,SENSOR,1,UNIFIED,"t=32 [HELLO_RX] NEW FF02 tier=3(GWN) verified=0 rssi=0.5"
0009,SENSOR,1,UNIFIED,"t=33 [HELLO_TX] bat=100% nbr=12"
0009,SENSOR,1,UNIFIED,"t=37 [HELLO_TX] bat=100% nbr=12"
0009,SENSOR,1,UNIFIED,"t=45 [HELLO_TX] bat=100% nbr=12"
0009,SENSOR,1,UNIFIED,"t=49 [HELLO_RX] NEW 0034 tier=1(UNK) verified=0 rssi=0.2"
0009,SENSOR,1,UNIFIED,"t=52 [HELLO_TX] bat=100% nbr=13"
0009,SENSOR,1,UNIFIED,"t=59 [HELLO_TX] bat=100% nbr=13"
0009,SENSOR,1,UNIFIED,"t=69 [HELLO_TX] bat=100% nbr=13"
0009,SENSOR,1,UNIFIED,"t=78 [HELLO_TX] bat=100% nbr=13"
0009,SENSOR,1,UNIFIED,"t=82 [HELLO_TX] bat=100% nbr=13"
0009,SENSOR,1,UNIFIED,"t=85 [HELLO_RX] NEW 002D tier=1(UNK) verified=0 rssi=0.3"
0009,SENSOR,1,UNIFIED,"t=91 [HELLO_TX] bat=100% nbr=14"
0009,SENSOR,1,UNIFIED,"t=99 [HELLO_TX] bat=100% nbr=14"
0009,SENSOR,1,UNIFIED,"t=109 [HELLO_TX] bat=100% nbr=14"
0009,SENSOR,1,UNIFIED,"t=112 [HELLO_RX] NEW FF09 tier=3(GWN) verified=1 rssi=0.1"
0009,SENSOR,1,UNIFIED,"t=118 [HELLO_TX] bat=100% nbr=15"
0009,SENSOR,1,UNIFIED,"t=127 [HELLO_TX] bat=100% nbr=15"
0009,SENSOR,1,UNIFIED,"t=132 [HELLO_TX] bat=100% nbr=15"
0009,SENSOR,1,UNIFIED,"t=139 [HELLO_TX] bat=100% nbr=15"
0009,SENSOR,1,UNIFIED,"t=149 [HELLO_TX] bat=100% nbr=15"
0009,SENSOR,1,UNIFIED,"t=158 [HELLO_TX] bat=100% nbr=15"
0009,SENSOR,1,UNIFIED,"t=164 [HELLO_TX] bat=100% nbr=15"
0009,SENSOR,1,UNIFIED,"t=170 [HELLO_TX] bat=100% nbr=15"
0009,SENSOR,1,UNIFIED,"t=177 [HELLO_TX] bat=100% nbr=15"
0009,SENSOR,1,UNIFIED,"t=187 [HELLO_TX] bat=100% nbr=15"
0009,SENSOR,1,UNIFIED,"t=196 [HELLO_TX] bat=100% nbr=15"
0009,SENSOR,1,UNIFIED,"t=202 [HELLO_TX] bat=100% nbr=15"
0009,SENSOR,1,UNIFIED,"t=209 [HELLO_TX] bat=100% nbr=15"
0009,SENSOR,1,UNIFIED,"t=217 [HELLO_TX] bat=100% nbr=15"
0009,SENSOR,1,UNIFIED,"t=227 [HELLO_TX] bat=100% nbr=15"
0009,SENSOR,1,UNIFIED,"t=232 [HELLO_TX] bat=100% nbr=15"
0009,SENSOR,1,UNIFIED,"t=239 [HELLO_TX] bat=100% nbr=15"
0009,SENSOR,1,UNIFIED,"t=248 [HELLO_TX] bat=100% nbr=15"
000A,SENSOR,1,UNIFIED,"t=4 [HELLO_RX] NEW FF05 tier=3(GWN) verified=0 rssi=8.4"
000A,SENSOR,1,UNIFIED,"t=5 [HELLO_TX] bat=100% nbr=1"
000A,SENSOR,1,UNIFIED,"t=5 [HELLO_RX] NEW 0006 tier=1(UNK) verified=0 rssi=0.9"
000A,SENSOR,1,UNIFIED,"t=6 [HELLO_RX] NEW 0040 tier=1(UNK) verified=0 rssi=3.4"
000A,SENSOR,1,UNIFIED,"t=7 [HELLO_RX] NEW FF07 tier=3(GWN) verified=0 rssi=2.5"
000A,SENSOR,1,UNIFIED,"t=8 [HELLO_RX] NEW 0026 tier=1(UNK) verified=0 rssi=1.9"
000A,SENSOR,1,UNIFIED,"t=9 [HELLO_RX] NEW AA01 tier=2(CH) verified=0 rssi=0.4"
000A,SENSOR,1,UNIFIED,"t=11 [HELLO_RX] NEW 0042 tier=1(UNK) verified=0 rssi=0.5"
000A,SENSOR,1,UNIFIED,"t=13 [HELLO_TX] bat=100% nbr=7"
000A,SENSOR,1,UNIFIED,"t=17 [HELLO_RX] NEW 0048 tier=1(UNK) verified=0 rssi=1.6"
000A,SENSOR,1,UNIFIED,"t=20 [HELLO_TX] bat=100% nbr=8"
000A,SENSOR,1,UNIFIED,"t=21 [HELLO_RX] NEW FF09 tier=3(GWN) verified=0 rssi=1.6"
000A,SENSOR,1,UNIFIED,"t=23 [HELLO_RX] NEW 0051 tier=1(UNK) verified=0 rssi=1.4"
000A,SENSOR,1,UNIFIED,"t=25 [HELLO_RX] NEW 0004 tier=1(UNK) verified=0 rssi=0.2"
000A,SENSOR,1,UNIFIED,"t=29 [HELLO_TX] bat=100% nbr=11"
000A,SENSOR,1,UNIFIED,"t=33 [HELLO_TX] bat=100% nbr=11"
000A,SENSOR,1,UNIFIED,"t=35 [HELLO_RX] NEW AA02 tier=2(CH) verified=0 rssi=0.5"
000A,SENSOR,1,UNIFIED,"t=36 [HELLO_RX] NEW FF04 tier=3(GWN) verified=0 rssi=2.4"
000A,SENSOR,1,UNIFIED,"t=37 [HELLO_RX] NEW 0037 tier=1(UNK) verified=0 rssi=0.4"
000A,SENSOR,1,UNIFIED,"t=42 [HELLO_TX] bat=100% nbr=14"
000A,SENSOR,1,UNIFIED,"t=46 [HELLO_TX] bat=100% nbr=14"
000A,SENSOR,1,UNIFIED,"t=49 [HELLO_RX] NEW 0034 tier=1(UNK) verified=0 rssi=0.3"
000A,SENSOR,1,UNIFIED,"t=56 [HELLO_TX] bat=100% nbr=15"
000A,SENSOR,1,UNIFIED,"t=64 [HELLO_TX] bat=100% nbr=15"
000A,SENSOR,1,UNIFIED,"t=69 [HELLO_RX] NEW 0044 tier=1(UNK) verified=0 rssi=1.3"
000A,SENSOR,1,UNIFIED,"t=74 [HELLO_TX] bat=100% nbr=16"
000A,SENSOR,1,UNIFIED,"t=80 [HELLO_TX] bat=100% nbr=16"
000A,SENSOR,1,UNIFIED,"t=90 [HELLO_TX] bat=100% nbr=16"
000A,SENSOR,1,UNIFIED,"t=93 [HELLO_RX] NEW AA09 tier=2(CH) verified=0 rssi=0.2"
000A,SENSOR,1,UNIFIED,"t=97 [HELLO_TX] bat=100% nbr=17"
000A,SENSOR,1,UNIFIED,"t=106 [HELLO_TX] bat=100% nbr=17"
000A,SENSOR,1,UNIFIED,"t=116 [HELLO_TX] bat=100% nbr=17"
000A,SENSOR,1,UNIFIED,"t=126 [HELLO_TX] bat=100% nbr=17"
000A,SENSOR,1,UNIFIED,"t=134 [HELLO_TX] bat=100% nbr=17"
000A,SENSOR,1,UNIFIED,"t=141 [HELLO_TX] bat=100% nbr=17"
000A,SENSOR,1,UNIFIED,"t=146 [HELLO_TX] bat=100% nbr=17"
000A,SENSOR,1,UNIFIED,"t=155 [HELLO_TX] bat=100% nbr=17"
000A,SENSOR,1,UNIFIED,"t=162 [HELLO_TX] bat=100% nbr=17"
000A,SENSOR,1,UNIFIED,"t=171 [HELLO_TX] bat=100% nbr=17"
000A,SENSOR,1,UNIFIED,"t=179 [HELLO_TX] bat=100% nbr=17"
000A,SENSOR,1,UNIFIED,"t=189 [HELLO_TX] bat=100% nbr=17"
000A,SENSOR,1,UNIFIED,"t=197 [HELLO_TX] bat=100% nbr=17"
000A,SENSOR,1,UNIFIED,"t=206 [HELLO_TX] bat=100% nbr=17"
000A,SENSOR,1,UNIFIED,"t=211 [HELLO_RX] NEW FF06 tier=3(GWN) verified=1 rssi=0.3"
000A,SENSOR,1,UNIFIED,"t=216 [HELLO_TX] bat=100% nbr=18"
000A,SENSOR,1,UNIFIED,"t=224 [HELLO_TX] bat=100% nbr=18"
000A,SENSOR,1,UNIFIED,"t=230 [HELLO_TX] bat=100% nbr=18"
000A,SENSOR,1,UNIFIED,"t=239 [HELLO_TX] bat=100% nbr=18"
000A,SENSOR,1,UNIFIED,"t=243 [HELLO_TX] bat=100% nbr=18"
000A,SENSOR,1,UNIFIED,"t=247 [HELLO_TX] bat=100% nbr=18"
000B,SENSOR,1,UNIFIED,"t=5 [HELLO_RX] NEW 001B tier=1(UNK) verified=0 rssi=51.8"
000B,SENSOR,1,UNIFIED,"t=7 [HELLO_RX] NEW FF0C tier=3(GWN) verified=0 rssi=1.5"
000B,SENSOR,1,UNIFIED,"t=8 [HELLO_TX] bat=100% nbr=2"
000B,SENSOR,1,UNIFIED,"t=13 [HELLO_RX] NEW 0008 tier=1(UNK) verified=0 rssi=0.2"
000B,SENSOR,1,UNIFIED,"t=15 [HELLO_TX] bat=100% nbr=3"
000B,SENSOR,1,UNIFIED,"t=15 [HELLO_RX] NEW 0032 tier=1(UNK) verified=0 rssi=2.0"
000B,SENSOR,1,UNIFIED,"t=16 [HELLO_RX] NEW 004D tier=1(UNK) verified=0 rssi=0.4"
000B,SENSOR,1,UNIFIED,"t=19 [HELLO_TX] bat=100% nbr=5"
000B,SENSOR,1,UNIFIED,"t=20 [HELLO_RX] NEW 005F tier=1(UNK) verified=0 rssi=0.4"
000B,SENSOR,1,UNIFIED,"t=26 [HELLO_TX] bat=100% nbr=6"
000B,SENSOR,1,UNIFIED,"t=27 [HELLO_RX] NEW 004A tier=1(UNK) verified=0 rssi=2.4"
000B,SENSOR,1,UNIFIED,"t=30 [HELLO_RX] NEW 0022 tier=1(UNK) verified=0 rssi=1.7"
000B,SENSOR,1,UNIFIED,"t=35 [HELLO_TX] bat=100% nbr=8"
000B,SENSOR,1,UNIFIED,"t=41 [HELLO_RX] NEW 0062 tier=1(UNK) verified=0 rssi=0.4"
000B,SENSOR,1,UNIFIED,"t=42 [HELLO_TX] bat=100% nbr=9"
000B,SENSOR,1,UNIFIED,"t=50 [HELLO_TX] bat=100% nbr=9"
000B,SENSOR,1,UNIFIED,"t=58 [HELLO_TX] bat=100% nbr=9"
000B,SENSOR,1,UNIFIED,"t=59 [HELLO_RX] NEW 0027 tier=1(UNK) verified=0 rssi=0.7"
000B,SENSOR,1,UNIFIED,"t=68 [HELLO_TX] bat=100% nbr=10"
000B,SENSOR,1,UNIFIED,"t=77 [HELLO_TX] bat=100% nbr=10"
000B,SENSOR,1,UNIFIED,"t=85 [HELLO_TX] bat=100% nbr=10"
000B,SENSOR,1,UNIFIED,"t=91 [HELLO_RX] NEW AA08 tier=2(CH) verified=0 rssi=0.5"
000B,SENSOR,1,UNIFIED,"t=95 [HELLO_TX] bat=100% nbr=11"
000B,SENSOR,1,UNIFIED,"t=100 [HELLO_TX] bat=100% nbr=11"
000B,SENSOR,1,UNIFIED,"t=110 [HELLO_TX] bat=100% nbr=11"
000B,SENSOR,1,UNIFIED,"t=114 [HELLO_TX] bat=100% nbr=11"
000B,SENSOR,1,UNIFIED,"t=122 [HELLO_TX] bat=100% nbr=11"
000B,SENSOR,1,UNIFIED,"t=129 [HELLO_TX] bat=100% nbr=11"
000B,SENSOR,1,UNIFIED,"t=129 [HELLO_RX] NEW 0007 tier=1(UNK) verified=0 rssi=0.2"
000B,SENSOR,1,UNIFIED,"t=134 [HELLO_TX] bat=100% nbr=12"
000B,SENSOR,1,UNIFIED,"t=143 [HELLO_TX] bat=100% nbr=12"
000B,SENSOR,1,UNIFIED,"t=153 [HELLO_TX] bat=100% nbr=12"
000B,SENSOR,1,UNIFIED,"t=161 [HELLO_TX] bat=100% nbr=12"
000B,SENSOR,1,UNIFIED,"t=171 [HELLO_TX] bat=100% nbr=12"
000B,SENSOR,1,UNIFIED,"t=178 [HELLO_TX] bat=100% nbr=12"
000B,SENSOR,1,UNIFIED,"t=186 [HELLO_TX] bat=100% nbr=12"
000B,SENSOR,1,UNIFIED,"t=192 [HELLO_TX] bat=100% nbr=12"
000B,SENSOR,1,UNIFIED,"t=197 [HELLO_TX] bat=100% nbr=12"
000B,SENSOR,1,UNIFIED,"t=205 [HELLO_TX] bat=100% nbr=12"
000B,SENSOR,1,UNIFIED,"t=214 [HELLO_TX] bat=100% nbr=12"
000B,SENSOR,1,UNIFIED,"t=219 [HELLO_TX] bat=100% nbr=12"
000B,SENSOR,1,UNIFIED,"t=229 [HELLO_TX] bat=100% nbr=12"
000B,SENSOR,1,UNIFIED,"t=239 [HELLO_TX] bat=100% nbr=12"
000B,SENSOR,1,UNIFIED,"t=243 [HELLO_TX] bat=100% nbr=12"
000B,SENSOR,1,UNIFIED,"t=247 [HELLO_TX] bat=100% nbr=12"
000C,SENSOR,1,UNIFIED,"t=4 [HELLO_RX] NEW AA05 tier=2(CH) verified=0 rssi=0.7"
000C,SENSOR,1,UNIFIED,"t=5 [HELLO_RX] NEW 002A tier=1(UNK) verified=0 rssi=0.2"
000C,SENSOR,1,UNIFIED,"t=6 [HELLO_RX] NEW 0005 tier=1(UNK) verified=0 rssi=0.7"
000C,SENSOR,1,UNIFIED,"t=8 [HELLO_RX] NEW 0016 tier=1(UNK) verified=0 rssi=0.4"
000C,SENSOR,1,UNIFIED,"t=9 [HELLO_RX] NEW 001F tier=1(UNK) verified=0 rssi=0.3"
000C,SENSOR,1,UNIFIED,"t=10 [HELLO_TX] bat=100% nbr=5"
000C,SENSOR,1,UNIFIED,"t=14 [HELLO_RX] NEW AA03 tier=2(CH) verified=0 rssi=1.0"
000C,SENSOR,1,UNIFIED,"t=17 [HELLO_TX] bat=100% nbr=6"
000C,SENSOR,1,UNIFIED,"t=20 [HELLO_RX] NEW FF08 tier=3(GWN) verified=0 rssi=0.1"
000C,SENSOR,1,UNIFIED,"t=25 [HELLO_TX] bat=100% nbr=7"
000C,SENSOR,1,UNIFIED,"t=26 [HELLO_RX] NEW 0020 tier=1(UNK) verified=0 rssi=0.4"
000C,SENSOR,1,UNIFIED,"t=29 [HELLO_RX] NEW 001D tier=1(UNK) verified=0 rssi=0.3"
000C,SENSOR,1,UNIFIED,"t=33 [HELLO_TX] bat=100% nbr=9"
000C,SENSOR,1,UNIFIED,"t=35 [HELLO_RX] NEW 002C tier=1(UNK) verified=0 rssi=0.2"
000C,SENSOR,1,UNIFIED,"t=38 [HELLO_RX] NEW FF01 tier=3(GWN) verified=0 rssi=0.2"
000C,SENSOR,1,UNIFIED,"t=41 [HELLO_TX] bat=100% nbr=11"
000C,SENSOR,1,UNIFIED,"t=50 [HELLO_TX] bat=100% nbr=11"
000C,SENSOR,1,UNIFIED,"t=56 [HELLO_TX] bat=100% nbr=11"
000C,SENSOR,1,UNIFIED,"t=59 [HELLO_RX] NEW 000E tier=1(UNK) verified=0 rssi=0.2"
000C,SENSOR,1,UNIFIED,"t=65 [HELLO_TX] bat=100% nbr=12"
000C,SENSOR,1,UNIFIED,"t=72 [HELLO_TX] bat=100% nbr=12"
000C,SENSOR,1,UNIFIED,"t=73 [HELLO_RX] NEW FF0B tier=3(GWN) verified=1 rssi=0.3"
000C,SENSOR,1,UNIFIED,"t=75 [HELLO_RX] NEW 0025 tier=1(UNK) verified=0 rssi=0.2"
000C,SENSOR,1,UNIFIED,"t=76 [HELLO_TX] bat=100% nbr=14"
000C,SENSOR,1,UNIFIED,"t=84 [HELLO_TX] bat=100% nbr=14"
000C,SENSOR,1,UNIFIED,"t=88 [HELLO_RX] NEW 002B tier=1(UNK) verified=0 rssi=0.3"
000C,SENSOR,1,UNIFIED,"t=92 [HELLO_TX] bat=100% nbr=15"
000C,SENSOR,1,UNIFIED,"t=98 [HELLO_TX] bat=100% nbr=15"
000C,SENSOR,1,UNIFIED,"t=101 [HELLO_RX] NEW 005E tier=1(UNK) verified=0 rssi=0.2"
000C,SENSOR,1,UNIFIED,"t=105 [HELLO_TX] bat=100% nbr=16"
000C,SENSOR,1,UNIFIED,"t=113 [HELLO_TX] bat=100% nbr=16"
000C,SENSOR,1,UNIFIED,"t=122 [HELLO_TX] bat=100% nbr=16"
000C,SENSOR,1,UNIFIED,"t=129 [HELLO_TX] bat=100% nbr=16"
000C,SENSOR,1,UNIFIED,"t=138 [HELLO_TX] bat=100% nbr=16"
000C,SENSOR,1,UNIFIED,"t=143 [HELLO_TX] bat=100% nbr=16"
000C,SENSOR,1,UNIFIED,"t=149 [HELLO_TX] bat=100% nbr=16"
000C,SENSOR,1,UNIFIED,"t=154 [HELLO_TX] bat=100% nbr=16"
000C,SENSOR,1,UNIFIED,"t=159 [HELLO_TX] bat=100% nbr=16"
000C,SENSOR,1,UNIFIED,"t=161 [HELLO_RX] NEW 005D tier=1(UNK) verified=0 rssi=0.3"
000C,SENSOR,1,UNIFIED,"t=166 [HELLO_RX] NEW 005B tier=1(UNK) verified=0 rssi=0.2"
000C,SENSOR,1,UNIFIED,"t=169 [HELLO_TX] bat=100% nbr=18"
000C,SENSOR,1,UNIFIED,"t=179 [HELLO_TX] bat=100% nbr=18"
000C,SENSOR,1,UNIFIED,"t=186 [HELLO_TX] bat=100% nbr=18"
000C,SENSOR,1,UNIFIED,"t=196 [HELLO_TX] bat=100% nbr=18"
000C,SENSOR,1,UNIFIED,"t=196 [HELLO_RX] NEW 0045 tier=1(UNK) verified=0 rssi=0.2"
000C,SENSOR,1,UNIFIED,"t=202 [HELLO_TX] bat=100% nbr=19"
000C,SENSOR,1,UNIFIED,"t=208 [HELLO_TX] bat=100% nbr=19"
000C,SENSOR,1,UNIFIED,"t=209 [HELLO_RX] NEW 0024 tier=1(UNK) verified=0 rssi=0.2"
000C,SENSOR,1,UNIFIED,"t=213 [HELLO_TX] bat=100% nbr=20"
000C,SENSOR,1,UNIFIED,"t=221 [HELLO_TX] bat=100% nbr=20"
000C,SENSOR,1,UNIFIED,"t=230 [HELLO_TX] bat=100% nbr=20"
000C,SENSOR,1,UNIFIED,"t=236 [HELLO_TX] bat=100% nbr=20"
000C,SENSOR,1,UNIFIED,"t=245 [HELLO_TX] bat=100% nbr=20"
000C,SENSOR,1,UNIFIED,"t=249 [HELLO_TX] bat=100% nbr=20"
000D,SENSOR,1,UNIFIED,"t=4 [HELLO_RX] NEW AA01 tier=2(CH) verified=0 rssi=0.4"
000D,SENSOR,1,UNIFIED,"t=5 [HELLO_TX] bat=100% nbr=1"
000D,SENSOR,1,UNIFIED,"t=5 [HELLO_RX] NEW 0063 tier=1(UNK) verified=0 rssi=0.4"
000D,SENSOR,1,UNIFIED,"t=6 [HELLO_RX] NEW 0034 tier=1(UNK) verified=0 rssi=0.3"
000D,SENSOR,1,UNIFIED,"t=7 [HELLO_RX] NEW AA09 tier=2(CH) verified=0 rssi=4.5"
000D,SENSOR,1,UNIFIED,"t=8 [HELLO_RX] NEW 0021 tier=1(UNK) verified=0 rssi=5.2"
000D,SENSOR,1,UNIFIED,"t=9 [HELLO_RX] NEW AA02 tier=2(CH) verified=0 rssi=1.3"
000D,SENSOR,1,UNIFIED,"t=10 [HELLO_RX] NEW FF04 tier=3(GWN) verified=0 rssi=0.6"
000D,SENSOR,1,UNIFIED,"t=12 [HELLO_TX] bat=100% nbr=7"
000D,SENSOR,1,UNIFIED,"t=12 [HELLO_RX] NEW 002F tier=1(UNK) verified=0 rssi=0.2"
000D,SENSOR,1,UNIFIED,"t=13 [HELLO_RX] NEW 0017 tier=1(UNK) verified=0 rssi=1.2"
000D,SENSOR,1,UNIFIED,"t=14 [HELLO_RX] NEW 0040 tier=1(UNK) verified=0 rssi=0.2"
000D,SENSOR,1,UNIFIED,"t=17 [HELLO_TX] bat=100% nbr=10"
000D,SENSOR,1,UNIFIED,"t=18 [HELLO_RX] NEW 004E tier=1(UNK) verified=0 rssi=0.2"
000D,SENSOR,1,UNIFIED,"t=19 [HELLO_RX] NEW AA06 tier=2(CH) verified=0 rssi=2.5"
000D,SENSOR,1,UNIFIED,"t=23 [HELLO_TX] bat=100% nbr=12"
000D,SENSOR,1,UNIFIED,"t=24 [HELLO_RX] NEW FF07 tier=3(GWN) verified=0 rssi=0.2"
000D,SENSOR,1,UNIFIED,"t=27 [HELLO_RX] NEW 001E tier=1(UNK) verified=0 rssi=0.3"
000D,SENSOR,1,UNIFIED,"t=28 [HELLO_TX] bat=100% nbr=14"
000D,SENSOR,1,UNIFIED,"t=33 [HELLO_TX] bat=100% nbr=14"
000D,SENSOR,1,UNIFIED,"t=33 [HELLO_RX] NEW FF06 tier=3(GWN) verified=0 rssi=0.2"
000D,SENSOR,1,UNIFIED,"t=40 [HELLO_RX] NEW 002E tier=1(UNK) verified=0 rssi=0.4"
000D,SENSOR,1,UNIFIED,"t=41 [HELLO_TX] bat=100% nbr=16"
000D,SENSOR,1,UNIFIED,"t=45 [HELLO_TX] bat=100% nbr=16"
000D,SENSOR,1,UNIFIED,"t=46 [HELLO_RX] NEW 0001 tier=1(UNK) verified=0 rssi=0.3"
000D,SENSOR,1,UNIFIED,"t=55 [HELLO_TX] bat=100% nbr=17"
000D,SENSOR,1,UNIFIED,"t=55 [HELLO_RX] NEW 0006 tier=1(UNK) verified=0 rssi=0.2"
000D,SENSOR,1,UNIFIED,"t=63 [HELLO_TX] bat=100% nbr=18"
000D,SENSOR,1,UNIFIED,"t=70 [HELLO_TX] bat=100% nbr=18"
000D,SENSOR,1,UNIFIED,"t=75 [HELLO_RX] NEW 0048 tier=1(UNK) verified=0 rssi=0.2"
000D,SENSOR,1,UNIFIED,"t=78 [HELLO_TX] bat=100% nbr=19"
000D,SENSOR,1,UNIFIED,"t=86 [HELLO_TX] bat=100% nbr=19"
000D,SENSOR,1,UNIFIED,"t=86 [HELLO_RX] NEW 0061 tier=1(UNK) verified=0 rssi=0.2"
000D,SENSOR,1,UNIFIED,"t=91 [HELLO_TX] bat=100% nbr=20"
000D,SENSOR,1,UNIFIED,"t=101 [HELLO_TX] bat=100% nbr=20"
000D,SENSOR,1,UNIFIED,"t=109 [HELLO_TX] bat=100% nbr=20"
000D,SENSOR,1,UNIFIED,"t=113 [HELLO_TX] bat=100% nbr=20"
000D,SENSOR,1,UNIFIED,"t=114 [HELLO_RX] NEW 004B tier=1(UNK) verified=0 rssi=0.2"
000D,SENSOR,1,UNIFIED,"t=120 [HELLO_TX] bat=100% nbr=21"
000D,SENSOR,1,UNIFIED,"t=128 [HELLO_TX] bat=100% nbr=21"
000D,SENSOR,1,UNIFIED,"t=133 [HELLO_TX] bat=100% nbr=21"
000D,SENSOR,1,UNIFIED,"t=137 [HELLO_TX] bat=100% nbr=21"
000D,SENSOR,1,UNIFIED,"t=146 [HELLO_TX] bat=100% nbr=21"
000D,SENSOR,1,UNIFIED,"t=146 [HELLO_RX] NEW FF05 tier=3(GWN) verified=1 rssi=0.2"
000D,SENSOR,1,UNIFIED,"t=154 [HELLO_TX] bat=100% nbr=22"
000D,SENSOR,1,UNIFIED,"t=164 [HELLO_TX] bat=100% nbr=22"
000D,SENSOR,1,UNIFIED,"t=169 [HELLO_TX] bat=100% nbr=22"
000D,SENSOR,1,UNIFIED,"t=179 [HELLO_TX] bat=100% nbr=22"
000D,SENSOR,1,UNIFIED,"t=187 [HELLO_TX] bat=100% nbr=22"
000D,SENSOR,1,UNIFIED,"t=191 [HELLO_TX] bat=100% nbr=22"
000D,SENSOR,1,UNIFIED,"t=195 [HELLO_RX] NEW AA08 tier=2(CH) verified=0 rssi=0.2"
000D,SENSOR,1,UNIFIED,"t=200 [HELLO_TX] bat=100% nbr=23"
000D,SENSOR,1,UNIFIED,"t=204 [HELLO_TX] bat=100% nbr=23"
000D,SENSOR,1,UNIFIED,"t=211 [HELLO_TX] bat=100% nbr=23"
000D,SENSOR,1,UNIFIED,"t=215 [HELLO_TX] bat=100% nbr=23"
000D,SENSOR,1,UNIFIED,"t=222 [HELLO_TX] bat=100% nbr=23"
000D,SENSOR,1,UNIFIED,"t=222 [HELLO_RX] NEW 0059 tier=1(UNK) verified=0 rssi=0.2"
000D,SENSOR,1,UNIFIED,"t=230 [HELLO_TX] bat=100% nbr=24"
000D,SENSOR,1,UNIFIED,"t=237 [HELLO_TX] bat=100% nbr=24"
000D,SENSOR,1,UNIFIED,"t=246 [HELLO_TX] bat=100% nbr=24"
000E,SENSOR,1,UNIFIED,"t=4 [HELLO_RX] NEW FF0B tier=3(GWN) verified=0 rssi=1.9"
000E,SENSOR,1,UNIFIED,"t=5 [HELLO_RX] NEW FF01 tier=3(GWN) verified=0 rssi=0.6"
000E,SENSOR,1,UNIFIED,"t=9 [HELLO_RX] NEW 004F tier=1(UNK) verified=0 rssi=1.0"
000E,SENSOR,1,UNIFIED,"t=10 [HELLO_TX] bat=100% nbr=3"
000E,SENSOR,1,UNIFIED,"t=10 [HELLO_RX] NEW 0023 tier=1(UNK) verified=0 rssi=0.6"
000E,SENSOR,1,UNIFIED,"t=12 [HELLO_RX] NEW 0016 tier=1(UNK) verified=0 rssi=1.3"
000E,SENSOR,1,UNIFIED,"t=15 [HELLO_RX] NEW 0024 tier=1(UNK) verified=0 rssi=0.2"
000E,SENSOR,1,UNIFIED,"t=18 [HELLO_TX] bat=100% nbr=6"
000E,SENSOR,1,UNIFIED,"t=19 [HELLO_RX] NEW 0054 tier=1(UNK) verified=0 rssi=0.4"
000E,SENSOR,1,UNIFIED,"t=24 [HELLO_TX] bat=100% nbr=7"
000E,SENSOR,1,UNIFIED,"t=25 [HELLO_RX] NEW 000C tier=1(UNK) verified=0 rssi=0.2"
000E,SENSOR,1,UNIFIED,"t=31 [HELLO_TX] bat=100% nbr=8"
000E,SENSOR,1,UNIFIED,"t=36 [HELLO_RX] NEW AA05 tier=2(CH) verified=0 rssi=0.6"
000E,SENSOR,1,UNIFIED,"t=37 [HELLO_TX] bat=100% nbr=9"
000E,SENSOR,1,UNIFIED,"t=40 [HELLO_RX] NEW 0005 tier=1(UNK) verified=0 rssi=0.4"
000E,SENSOR,1,UNIFIED,"t=43 [HELLO_TX] bat=100% nbr=10"
000E,SENSOR,1,UNIFIED,"t=44 [HELLO_RX] NEW 004C tier=1(UNK) verified=0 rssi=0.3"
000E,SENSOR,1,UNIFIED,"t=51 [HELLO_TX] bat=100% nbr=11"
000E,SENSOR,1,UNIFIED,"t=59 [HELLO_TX] bat=100% nbr=11"
000E,SENSOR,1,UNIFIED,"t=62 [HELLO_RX] NEW AA03 tier=2(CH) verified=0 rssi=0.4"
000E,SENSOR,1,UNIFIED,"t=68 [HELLO_TX] bat=100% nbr=12"
000E,SENSOR,1,UNIFIED,"t=78 [HELLO_TX] bat=100% nbr=12"
000E,SENSOR,1,UNIFIED,"t=83 [HELLO_TX] bat=100% nbr=12"
000E,SENSOR,1,UNIFIED,"t=92 [HELLO_TX] bat=100% nbr=12"
000E,SENSOR,1,UNIFIED,"t=99 [HELLO_TX] bat=100% nbr=12"
000E,SENSOR,1,UNIFIED,"t=106 [HELLO_TX] bat=100% nbr=12"
000E,SENSOR,1,UNIFIED,"t=113 [HELLO_TX] bat=100% nbr=12"
000E,SENSOR,1,UNIFIED,"t=122 [HELLO_TX] bat=100% nbr=12"
000E,SENSOR,1,UNIFIED,"t=125 [HELLO_RX] NEW 0041 tier=1(UNK) verified=0 rssi=0.3"
000E,SENSOR,1,UNIFIED,"t=129 [HELLO_TX] bat=100% nbr=13"
000E,SENSOR,1,UNIFIED,"t=133 [HELLO_TX] bat=100% nbr=13"
000E,SENSOR,1,UNIFIED,"t=143 [HELLO_TX] bat=100% nbr=13"
000E,SENSOR,1,UNIFIED,"t=152 [HELLO_TX] bat=100% nbr=13"
000E,SENSOR,1,UNIFIED,"t=161 [HELLO_TX] bat=100% nbr=13"
000E,SENSOR,1,UNIFIED,"t=166 [HELLO_TX] bat=100% nbr=13"
000E,SENSOR,1,UNIFIED,"t=172 [HELLO_TX] bat=100% nbr=13"
000E,SENSOR,1,UNIFIED,"t=180 [HELLO_TX] bat=100% nbr=13"
000E,SENSOR,1,UNIFIED,"t=185 [HELLO_TX] bat=100% nbr=13"
000E,SENSOR,1,UNIFIED,"t=189 [HELLO_TX] bat=100% nbr=13"
000E,SENSOR,1,UNIFIED,"t=194 [HELLO_TX] bat=100% nbr=13"
000E,SENSOR,1,UNIFIED,"t=201 [HELLO_TX] bat=100% nbr=13"
000E,SENSOR,1,UNIFIED,"t=205 [HELLO_TX] bat=100% nbr=13"
000E,SENSOR,1,UNIFIED,"t=214 [HELLO_TX] bat=100% nbr=13"
000E,SENSOR,1,UNIFIED,"t=224 [HELLO_TX] bat=100% nbr=13"
000E,SENSOR,1,UNIFIED,"t=234 [HELLO_TX] bat=100% nbr=13"
000E,SENSOR,1,UNIFIED,"t=243 [HELLO_TX] bat=100% nbr=13"
000F,SENSOR,1,UNIFIED,"t=4 [HELLO_TX] bat=100% nbr=0"
000F,SENSOR,1,UNIFIED,"t=6 [HELLO_RX] NEW 0057 tier=1(UNK) verified=0 rssi=0.3"
000F,SENSOR,1,UNIFIED,"t=7 [HELLO_RX] NEW 0010 tier=1(UNK) verified=0 rssi=0.4"
000F,SENSOR,1,UNIFIED,"t=8 [HELLO_RX] NEW 0050 tier=1(UNK) verified=0 rssi=0.5"
000F,SENSOR,1,UNIFIED,"t=9 [HELLO_RX] NEW FF03 tier=3(GWN) verified=0 rssi=0.5"
000F,SENSOR,1,UNIFIED,"t=10 [HELLO_RX] NEW AA04 tier=2(CH) verified=0 rssi=0.5"
000F,SENSOR,1,UNIFIED,"t=11 [HELLO_TX] bat=100% nbr=5"
000F,SENSOR,1,UNIFIED,"t=15 [HELLO_TX] bat=100% nbr=5"
000F,SENSOR,1,UNIFIED,"t=20 [HELLO_RX] NEW 0038 tier=1(UNK) verified=0 rssi=0.3"
000F,SENSOR,1,UNIFIED,"t=21 [HELLO_RX] NEW 001C tier=1(UNK) verified=0 rssi=0.8"
000F,SENSOR,1,UNIFIED,"t=24 [HELLO_RX] NEW 0015 tier=1(UNK) verified=0 rssi=0.3"
000F,SENSOR,1,UNIFIED,"t=25 [HELLO_TX] bat=100% nbr=8"
000F,SENSOR,1,UNIFIED,"t=26 [HELLO_RX] NEW 0039 tier=1(UNK) verified=0 rssi=0.2"
000F,SENSOR,1,UNIFIED,"t=28 [HELLO_RX] NEW 0053 tier=1(UNK) verified=0 rssi=0.2"
000F,SENSOR,1,UNIFIED,"t=30 [HELLO_TX] bat=100% nbr=10"
000F,SENSOR,1,UNIFIED,"t=35 [HELLO_TX] bat=100% nbr=10"
000F,SENSOR,1,UNIFIED,"t=38 [HELLO_RX] NEW 0011 tier=1(UNK) verified=0 rssi=0.3"
000F,SENSOR,1,UNIFIED,"t=42 [HELLO_TX] bat=100% nbr=11"
000F,SENSOR,1,UNIFIED,"t=44 [HELLO_RX] NEW 003B tier=1(UNK) verified=0 rssi=0.4"
000F,SENSOR,1,UNIFIED,"t=47 [HELLO_TX] bat=100% nbr=12"
000F,SENSOR,1,UNIFIED,"t=51 [HELLO_RX] NEW FF0A tier=3(GWN) verified=1 rssi=0.3"
000F,SENSOR,1,UNIFIED,"t=53 [HELLO_TX] bat=100% nbr=13"
000F,SENSOR,1,UNIFIED,"t=62 [HELLO_TX] bat=100% nbr=13"
000F,SENSOR,1,UNIFIED,"t=72 [HELLO_TX] bat=100% nbr=13"
000F,SENSOR,1,UNIFIED,"t=78 [HELLO_TX] bat=100% nbr=13"
000F,SENSOR,1,UNIFIED,"t=86 [HELLO_TX] bat=100% nbr=13"
000F,SENSOR,1,UNIFIED,"t=91 [HELLO_TX] bat=100% nbr=13"
000F,SENSOR,1,UNIFIED,"t=95 [HELLO_RX] NEW FF0C tier=3(GWN) verified=1 rssi=0.2"
000F,SENSOR,1,UNIFIED,"t=100 [HELLO_TX] bat=100% nbr=14"
000F,SENSOR,1,UNIFIED,"t=105 [HELLO_TX] bat=100% nbr=14"
000F,SENSOR,1,UNIFIED,"t=111 [HELLO_TX] bat=100% nbr=14"
000F,SENSOR,1,UNIFIED,"t=121 [HELLO_TX] bat=100% nbr=14"
000F,SENSOR,1,UNIFIED,"t=127 [HELLO_TX] bat=100% nbr=14"
000F,SENSOR,1,UNIFIED,"t=132 [HELLO_TX] bat=100% nbr=14"
000F,SENSOR,1,UNIFIED,"t=135 [HELLO_RX] NEW 003A tier=1(UNK) verified=0 rssi=0.3"
000F,SENSOR,1,UNIFIED,"t=141 [HELLO_TX] bat=100% nbr=15"
000F,SENSOR,1,UNIFIED,"t=151 [HELLO_TX] bat=100% nbr=15"
000F,SENSOR,1,UNIFIED,"t=161 [HELLO_TX] bat=100% nbr=15"
000F,SENSOR,1,UNIFIED,"t=166 [HELLO_TX] bat=100% nbr=15"
000F,SENSOR,1,UNIFIED,"t=173 [HELLO_TX] bat=100% nbr=15"
000F,SENSOR,1,UNIFIED,"t=178 [HELLO_TX] bat=100% nbr=15"
000F,SENSOR,1,UNIFIED,"t=186 [HELLO_TX] bat=100% nbr=15"
000F,SENSOR,1,UNIFIED,"t=193 [HELLO_TX] bat=100% nbr=15"
000F,SENSOR,1,UNIFIED,"t=201 [HELLO_TX] bat=100% nbr=15"
000F,SENSOR,1,UNIFIED,"t=207 [HELLO_TX] bat=100% nbr=15"
000F,SENSOR,1,UNIFIED,"t=211 [HELLO_TX] bat=100% nbr=15"
000F,SENSOR,1,UNIFIED,"t=216 [HELLO_TX] bat=100% nbr=15"
000F,SENSOR,1,UNIFIED,"t=220 [HELLO_TX] bat=100% nbr=15"
000F,SENSOR,1,UNIFIED,"t=223 [HELLO_RX] NEW FF08 tier=3(GWN) verified=1 rssi=0.2"
000F,SENSOR,1,UNIFIED,"t=228 [HELLO_TX] bat=100% nbr=16"
000F,SENSOR,1,UNIFIED,"t=236 [HELLO_TX] bat=100% nbr=16"
000F,SENSOR,1,UNIFIED,"t=243 [HELLO_TX] bat=100% nbr=16"
000F,SENSOR,1,UNIFIED,"t=247 [HELLO_TX] bat=100% nbr=16"
0010,SENSOR,1,UNIFIED,"t=4 [HELLO_RX] NEW 0003 tier=1(UNK) verified=0 rssi=0.4"
0010,SENSOR,1,UNIFIED,"t=7 [HELLO_TX] bat=100% nbr=1"
0010,SENSOR,1,UNIFIED,"t=9 [HELLO_RX] NEW 0008 tier=1(UNK) verified=0 rssi=0.2"
0010,SENSOR,1,UNIFIED,"t=10 [HELLO_RX] NEW 0014 tier=1(UNK) verified=0 rssi=0.7"
0010,SENSOR,1,UNIFIED,"t=14 [HELLO_TX] bat=100% nbr=3"
0010,SENSOR,1,UNIFIED,"t=14 [HELLO_RX] NEW FF08 tier=3(GWN) verified=0 rssi=0.1"
0010,SENSOR,1,UNIFIED,"t=17 [HELLO_RX] NEW 001C tier=1(UNK) verified=0 rssi=0.7"
0010,SENSOR,1,UNIFIED,"t=18 [HELLO_RX] NEW 0007 tier=1(UNK) verified=0 rssi=0.2"
0010,SENSOR,1,UNIFIED,"t=20 [HELLO_RX] NEW 0038 tier=1(UNK) verified=0 rssi=0.5"
0010,SENSOR,1,UNIFIED,"t=21 [HELLO_TX] bat=100% nbr=7"
0010,SENSOR,1,UNIFIED,"t=25 [HELLO_TX] bat=100% nbr=7"
0010,SENSOR,1,UNIFIED,"t=27 [HELLO_RX] NEW 0033 tier=1(UNK) verified=0 rssi=0.2"
0010,SENSOR,1,UNIFIED,"t=30 [HELLO_RX] NEW 000F tier=1(UNK) verified=0 rssi=0.4"
0010,SENSOR,1,UNIFIED,"t=34 [HELLO_TX] bat=100% nbr=9"
0010,SENSOR,1,UNIFIED,"t=39 [HELLO_TX] bat=100% nbr=9"
0010,SENSOR,1,UNIFIED,"t=40 [HELLO_RX] NEW FF0C tier=3(GWN) verified=0 rssi=0.2"
0010,SENSOR,1,UNIFIED,"t=43 [HELLO_RX] NEW 004D tier=1(UNK) verified=0 rssi=0.3"
0010,SENSOR,1,UNIFIED,"t=47 [HELLO_TX] bat=100% nbr=11"
0010,SENSOR,1,UNIFIED,"t=52 [HELLO_TX] bat=100% nbr=11"
0010,SENSOR,1,UNIFIED,"t=60 [HELLO_TX] bat=100% nbr=11"
0010,SENSOR,1,UNIFIED,"t=69 [HELLO_TX] bat=100% nbr=11"
0010,SENSOR,1,UNIFIED,"t=76 [HELLO_TX] bat=100% nbr=11"
0010,SENSOR,1,UNIFIED,"t=80 [HELLO_TX] bat=100% nbr=11"
0010,SENSOR,1,UNIFIED,"t=84 [HELLO_TX] bat=100% nbr=11"
0010,SENSOR,1,UNIFIED,"t=94 [HELLO_TX] bat=100% nbr=11"
0010,SENSOR,1,UNIFIED,"t=98 [HELLO_TX] bat=100% nbr=11"
0010,SENSOR,1,UNIFIED,"t=107 [HELLO_TX] bat=100% nbr=11"
0010,SENSOR,1,UNIFIED,"t=108 [HELLO_RX] NEW FF0A tier=3(GWN) verified=1 rssi=0.1"
0010,SENSOR,1,UNIFIED,"t=114 [HELLO_TX] bat=100% nbr=12"
0010,SENSOR,1,UNIFIED,"t=121 [HELLO_TX] bat=100% nbr=12"
0010,SENSOR,1,UNIFIED,"t=130 [HELLO_TX] bat=100% nbr=12"
0010,SENSOR,1,UNIFIED,"t=135 [HELLO_TX] bat=100% nbr=12"
0010,SENSOR,1,UNIFIED,"t=140 [HELLO_TX] bat=100% nbr=12"
0010,SENSOR,1,UNIFIED,"t=145 [HELLO_TX] bat=100% nbr=12"
0010,SENSOR,1,UNIFIED,"t=149 [HELLO_TX] bat=100% nbr=12"
0010,SENSOR,1,UNIFIED,"t=153 [HELLO_TX] bat=100% nbr=12"
0010,SENSOR,1,UNIFIED,"t=159 [HELLO_TX] bat=100% nbr=12"
0010,SENSOR,1,UNIFIED,"t=168 [HELLO_TX] bat=100% nbr=12"
0010,SENSOR,1,UNIFIED,"t=172 [HELLO_TX] bat=100% nbr=12"
0010,SENSOR,1,UNIFIED,"t=176 [HELLO_TX] bat=100% nbr=12"
0010,SENSOR,1,UNIFIED,"t=182 [HELLO_TX] bat=100% nbr=12"
0010,SENSOR,1,UNIFIED,"t=192 [HELLO_TX] bat=100% nbr=12"
0010,SENSOR,1,UNIFIED,"t=196 [HELLO_TX] bat=100% nbr=12"
0010,SENSOR,1,UNIFIED,"t=205 [HELLO_TX] bat=100% nbr=12"
0010,SENSOR,1,UNIFIED,"t=210 [HELLO_TX] bat=100% nbr=12"
0010,SENSOR,1,UNIFIED,"t=219 [HELLO_TX] bat=100% nbr=12"
0010,SENSOR,1,UNIFIED,"t=224 [HELLO_TX] bat=100% nbr=12"
0010,SENSOR,1,UNIFIED,"t=228 [HELLO_TX] bat=100% nbr=12"
0010,SENSOR,1,UNIFIED,"t=235 [HELLO_TX] bat=100% nbr=12"
0010,SENSOR,1,UNIFIED,"t=242 [HELLO_RX] NEW 0011 tier=1(UNK) verified=0 rssi=0.2"
0010,SENSOR,1,UNIFIED,"t=243 [HELLO_TX] bat=100% nbr=13"
0011,SENSOR,1,UNIFIED,"t=7 [HELLO_RX] NEW 001C tier=1(UNK) verified=0 rssi=1.3"
0011,SENSOR,1,UNIFIED,"t=8 [HELLO_TX] bat=100% nbr=1"
0011,SENSOR,1,UNIFIED,"t=9 [HELLO_RX] NEW FF03 tier=3(GWN) verified=0 rssi=0.4"
0011,SENSOR,1,UNIFIED,"t=10 [HELLO_RX] NEW 0039 tier=1(UNK) verified=0 rssi=2.7"
0011,SENSOR,1,UNIFIED,"t=11 [HELLO_RX] NEW 0057 tier=1(UNK) verified=0 rssi=0.3"
0011,SENSOR,1,UNIFIED,"t=12 [HELLO_RX] NEW FF0C tier=3(GWN) verified=0 rssi=0.5"
0011,SENSOR,1,UNIFIED,"t=14 [HELLO_TX] bat=100% nbr=5"
0011,SENSOR,1,UNIFIED,"t=14 [HELLO_RX] NEW 003A tier=1(UNK) verified=0 rssi=0.5"
0011,SENSOR,1,UNIFIED,"t=15 [HELLO_RX] NEW 0015 tier=1(UNK) verified=0 rssi=0.2"
0011,SENSOR,1,UNIFIED,"t=18 [HELLO_RX] NEW 0062 tier=1(UNK) verified=0 rssi=0.4"
0011,SENSOR,1,UNIFIED,"t=20 [HELLO_RX] NEW 0038 tier=1(UNK) verified=0 rssi=1.0"
0011,SENSOR,1,UNIFIED,"t=21 [HELLO_TX] bat=100% nbr=9"
0011,SENSOR,1,UNIFIED,"t=22 [HELLO_RX] NEW FF0A tier=3(GWN) verified=0 rssi=0.1"
0011,SENSOR,1,UNIFIED,"t=28 [HELLO_TX] bat=100% nbr=10"
0011,SENSOR,1,UNIFIED,"t=30 [HELLO_RX] NEW 000F tier=1(UNK) verified=0 rssi=0.3"
0011,SENSOR,1,UNIFIED,"t=32 [HELLO_RX] NEW 0027 tier=1(UNK) verified=0 rssi=0.2"
0011,SENSOR,1,UNIFIED,"t=38 [HELLO_TX] bat=100% nbr=12"
0011,SENSOR,1,UNIFIED,"t=43 [HELLO_RX] NEW 004D tier=1(UNK) verified=0 rssi=0.3"
0011,SENSOR,1,UNIFIED,"t=46 [HELLO_RX] NEW 0022 tier=1(UNK) verified=0 rssi=0.2"
0011,SENSOR,1,UNIFIED,"t=47 [HELLO_TX] bat=100% nbr=14"
0011,SENSOR,1,UNIFIED,"t=53 [HELLO_TX] bat=100% nbr=14"
0011,SENSOR,1,UNIFIED,"t=60 [HELLO_TX] bat=100% nbr=14"
0011,SENSOR,1,UNIFIED,"t=64 [HELLO_TX] bat=100% nbr=14"
0011,SENSOR,1,UNIFIED,"t=70 [HELLO_TX] bat=100% nbr=14"
0011,SENSOR,1,UNIFIED,"t=73 [HELLO_RX] NEW AA04 tier=2(CH) verified=0 rssi=0.2"
0011,SENSOR,1,UNIFIED,"t=76 [HELLO_TX] bat=100% nbr=15"
0011,SENSOR,1,UNIFIED,"t=83 [HELLO_TX] bat=100% nbr=15"
0011,SENSOR,1,UNIFIED,"t=93 [HELLO_TX] bat=100% nbr=15"
0011,SENSOR,1,UNIFIED,"t=94 [HELLO_RX] NEW 0010 tier=1(UNK) verified=0 rssi=0.2"
0011,SENSOR,1,UNIFIED,"t=100 [HELLO_TX] bat=100% nbr=16"
0011,SENSOR,1,UNIFIED,"t=109 [HELLO_TX] bat=100% nbr=16"
0011,SENSOR,1,UNIFIED,"t=116 [HELLO_TX] bat=100% nbr=16"
0011,SENSOR,1,UNIFIED,"t=120 [HELLO_TX] bat=100% nbr=16"
0011,SENSOR,1,UNIFIED,"t=129 [HELLO_TX] bat=100% nbr=16"
0011,SENSOR,1,UNIFIED,"t=139 [HELLO_TX] bat=100% nbr=16"
0011,SENSOR,1,UNIFIED,"t=143 [HELLO_TX] bat=100% nbr=16"
0011,SENSOR,1,UNIFIED,"t=153 [HELLO_TX] bat=100% nbr=16"
0011,SENSOR,1,UNIFIED,"t=161 [HELLO_TX] bat=100% nbr=16"
0011,SENSOR,1,UNIFIED,"t=165 [HELLO_TX] bat=100% nbr=16"
0011,SENSOR,1,UNIFIED,"t=174 [HELLO_TX] bat=100% nbr=16"
0011,SENSOR,1,UNIFIED,"t=183 [HELLO_TX] bat=100% nbr=16"
0011,SENSOR,1,UNIFIED,"t=190 [HELLO_TX] bat=100% nbr=16"
0011,SENSOR,1,UNIFIED,"t=198 [HELLO_TX] bat=100% nbr=16"
0011,SENSOR,1,UNIFIED,"t=204 [HELLO_TX] bat=100% nbr=16"
0011,SENSOR,1,UNIFIED,"t=211 [HELLO_TX] bat=100% nbr=16"
0011,SENSOR,1,UNIFIED,"t=219 [HELLO_TX] bat=100% nbr=16"
0011,SENSOR,1,UNIFIED,"t=225 [HELLO_TX] bat=100% nbr=16"
0011,SENSOR,1,UNIFIED,"t=234 [HELLO_TX] bat=100% nbr=16"
0011,SENSOR,1,UNIFIED,"t=242 [HELLO_TX] bat=100% nbr=16"
0012,SENSOR,1,UNIFIED,"t=6 [HELLO_RX] NEW AA07 tier=2(CH) verified=0 rssi=1.5"
0012,SENSOR,1,UNIFIED,"t=7 [HELLO_RX] NEW 0019 tier=1(UNK) verified=0 rssi=11.4"
0012,SENSOR,1,UNIFIED,"t=8 [HELLO_TX] bat=100% nbr=2"
0012,SENSOR,1,UNIFIED,"t=9 [HELLO_RX] NEW FF02 tier=3(GWN) verified=0 rssi=2.6"
0012,SENSOR,1,UNIFIED,"t=13 [HELLO_RX] NEW 0056 tier=1(UNK) verified=0 rssi=0.7"
0012,SENSOR,1,UNIFIED,"t=15 [HELLO_RX] NEW 0013 tier=1(UNK) verified=0 rssi=1.0"
0012,SENSOR,1,UNIFIED,"t=17 [HELLO_TX] bat=100% nbr=5"
0012,SENSOR,1,UNIFIED,"t=23 [HELLO_RX] NEW 002D tier=1(UNK) verified=0 rssi=0.3"
0012,SENSOR,1,UNIFIED,"t=27 [HELLO_TX] bat=100% nbr=6"
0012,SENSOR,1,UNIFIED,"t=28 [HELLO_RX] NEW 0061 tier=1(UNK) verified=0 rssi=0.3"
0012,SENSOR,1,UNIFIED,"t=34 [HELLO_TX] bat=100% nbr=7"
0012,SENSOR,1,UNIFIED,"t=38 [HELLO_RX] NEW AA0A tier=2(CH) verified=0 rssi=0.2"
0012,SENSOR,1,UNIFIED,"t=41 [HELLO_TX] bat=100% nbr=8"
0012,SENSOR,1,UNIFIED,"t=48 [HELLO_RX] NEW 0046 tier=1(UNK) verified=0 rssi=0.2"
0012,SENSOR,1,UNIFIED,"t=49 [HELLO_TX] bat=100% nbr=9"
0012,SENSOR,1,UNIFIED,"t=53 [HELLO_TX] bat=100% nbr=9"
0012,SENSOR,1,UNIFIED,"t=53 [HELLO_RX] NEW 0035 tier=1(UNK) verified=0 rssi=0.2"
0012,SENSOR,1,UNIFIED,"t=57 [HELLO_TX] bat=100% nbr=10"
0012,SENSOR,1,UNIFIED,"t=63 [HELLO_TX] bat=100% nbr=10"
0012,SENSOR,1,UNIFIED,"t=67 [HELLO_TX] bat=100% nbr=10"
0012,SENSOR,1,UNIFIED,"t=71 [HELLO_TX] bat=100% nbr=10"
0012,SENSOR,1,UNIFIED,"t=79 [HELLO_TX] bat=100% nbr=10"
0012,SENSOR,1,UNIFIED,"t=81 [HELLO_RX] NEW FF04 tier=3(GWN) verified=1 rssi=0.1"
0012,SENSOR,1,UNIFIED,"t=89 [HELLO_TX] bat=100% nbr=11"
0012,SENSOR,1,UNIFIED,"t=97 [HELLO_TX] bat=100% nbr=11"
0012,SENSOR,1,UNIFIED,"t=101 [HELLO_TX] bat=100% nbr=11"
0012,SENSOR,1,UNIFIED,"t=110 [HELLO_TX] bat=100% nbr=11"
0012,SENSOR,1,UNIFIED,"t=114 [HELLO_TX] bat=100% nbr=11"
0012,SENSOR,1,UNIFIED,"t=122 [HELLO_TX] bat=100% nbr=11"
0012,SENSOR,1,UNIFIED,"t=127 [HELLO_TX] bat=100% nbr=11"
0012,SENSOR,1,UNIFIED,"t=133 [HELLO_TX] bat=100% nbr=11"
0012,SENSOR,1,UNIFIED,"t=137 [HELLO_TX] bat=100% nbr=11"
0012,SENSOR,1,UNIFIED,"t=141 [HELLO_TX] bat=100% nbr=11"
0012,SENSOR,1,UNIFIED,"t=145 [HELLO_TX] bat=100% nbr=11"
0012,SENSOR,1,UNIFIED,"t=154 [HELLO_TX] bat=100% nbr=11"
0012,SENSOR,1,UNIFIED,"t=158 [HELLO_TX] bat=100% nbr=11"
0012,SENSOR,1,UNIFIED,"t=162 [HELLO_TX] bat=100% nbr=11"
0012,SENSOR,1,UNIFIED,"t=168 [HELLO_TX] bat=100% nbr=11"
0012,SENSOR,1,UNIFIED,"t=175 [HELLO_TX] bat=100% nbr=11"
0012,SENSOR,1,UNIFIED,"t=183 [HELLO_TX] bat=100% nbr=11"
0012,SENSOR,1,UNIFIED,"t=189 [HELLO_TX] bat=100% nbr=11"
0012,SENSOR,1,UNIFIED,"t=196 [HELLO_TX] bat=100% nbr=11"
0012,SENSOR,1,UNIFIED,"t=206 [HELLO_TX] bat=100% nbr=11"
0012,SENSOR,1,UNIFIED,"t=206 [HELLO_RX] NEW FF06 tier=3(GWN) verified=1 rssi=0.1"
0012,SENSOR,1,UNIFIED,"t=214 [HELLO_TX] bat=100% nbr=12"
0012,SENSOR,1,UNIFIED,"t=219 [HELLO_TX] bat=100% nbr=12"
0012,SENSOR,1,UNIFIED,"t=225 [HELLO_TX] bat=100% nbr=12"
0012,SENSOR,1,UNIFIED,"t=232 [HELLO_TX] bat=100% nbr=12"
0012,SENSOR,1,UNIFIED,"t=236 [HELLO_TX] bat=100% nbr=12"
0012,SENSOR,1,UNIFIED,"t=243 [HELLO_TX] bat=100% nbr=12"
0012,SENSOR,1,UNIFIED,"t=249 [HELLO_RX] NEW FF0B tier=3(GWN) verified=1 rssi=0.2"
0013,SENSOR,1,UNIFIED,"t=5 [HELLO_RX] NEW 0030 tier=1(UNK) verified=0 rssi=0.4"
0013,SENSOR,1,UNIFIED,"t=6 [HELLO_TX] bat=100% nbr=1"
0013,SENSOR,1,UNIFIED,"t=6 [HELLO_RX] NEW AA07 tier=2(CH) verified=0 rssi=2.3"
0013,SENSOR,1,UNIFIED,"t=7 [HELLO_RX] NEW 0019 tier=1(UNK) verified=0 rssi=1.2"
0013,SENSOR,1,UNIFIED,"t=8 [HELLO_RX] NEW 0012 tier=1(UNK) verified=0 rssi=1.0"
0013,SENSOR,1,UNIFIED,"t=9 [HELLO_RX] NEW FF02 tier=3(GWN) verified=0 rssi=0.8"
0013,SENSOR,1,UNIFIED,"t=12 [HELLO_RX] NEW 005C tier=1(UNK) verified=0 rssi=0.3"
0013,SENSOR,1,UNIFIED,"t=13 [HELLO_RX] NEW 0056 tier=1(UNK) verified=0 rssi=0.3"
0013,SENSOR,1,UNIFIED,"t=15 [HELLO_TX] bat=100% nbr=7"
0013,SENSOR,1,UNIFIED,"t=15 [HELLO_RX] NEW 0002 tier=1(UNK) verified=0 rssi=0.3"
0013,SENSOR,1,UNIFIED,"t=16 [HELLO_RX] NEW 0046 tier=1(UNK) verified=0 rssi=0.8"
0013,SENSOR,1,UNIFIED,"t=18 [HELLO_RX] NEW AA0A tier=2(CH) verified=0 rssi=0.8"
0013,SENSOR,1,UNIFIED,"t=19 [HELLO_TX] bat=100% nbr=10"
0013,SENSOR,1,UNIFIED,"t=22 [HELLO_RX] NEW 0043 tier=1(UNK) verified=0 rssi=0.2"
0013,SENSOR,1,UNIFIED,"t=25 [HELLO_RX] NEW 0035 tier=1(UNK) verified=0 rssi=0.7"
0013,SENSOR,1,UNIFIED,"t=26 [HELLO_TX] bat=100% nbr=12"
0013,SENSOR,1,UNIFIED,"t=28 [HELLO_RX] NEW 0061 tier=1(UNK) verified=0 rssi=0.2"
0013,SENSOR,1,UNIFIED,"t=36 [HELLO_TX] bat=100% nbr=13"
0013,SENSOR,1,UNIFIED,"t=43 [HELLO_TX] bat=100% nbr=13"
0013,SENSOR,1,UNIFIED,"t=47 [HELLO_TX] bat=100% nbr=13"
0013,SENSOR,1,UNIFIED,"t=48 [HELLO_RX] NEW 002D tier=1(UNK) verified=0 rssi=0.2"
0013,SENSOR,1,UNIFIED,"t=51 [HELLO_TX] bat=100% nbr=14"
0013,SENSOR,1,UNIFIED,"t=56 [HELLO_TX] bat=100% nbr=14"
0013,SENSOR,1,UNIFIED,"t=63 [HELLO_TX] bat=100% nbr=14"
0013,SENSOR,1,UNIFIED,"t=72 [HELLO_TX] bat=100% nbr=14"
0013,SENSOR,1,UNIFIED,"t=73 [HELLO_RX] NEW FF0B tier=3(GWN) verified=1 rssi=0.3"
0013,SENSOR,1,UNIFIED,"t=78 [HELLO_RX] NEW 001A tier=1(UNK) verified=0 rssi=0.2"
0013,SENSOR,1,UNIFIED,"t=81 [HELLO_TX] bat=100% nbr=16"
0013,SENSOR,1,UNIFIED,"t=90 [HELLO_TX] bat=100% nbr=16"
0013,SENSOR,1,UNIFIED,"t=100 [HELLO_TX] bat=100% nbr=16"
0013,SENSOR,1,UNIFIED,"t=103 [HELLO_RX] NEW 0058 tier=1(UNK) verified=0 rssi=0.2"
0013,SENSOR,1,UNIFIED,"t=106 [HELLO_TX] bat=100% nbr=17"
0013,SENSOR,1,UNIFIED,"t=113 [HELLO_TX] bat=100% nbr=17"
0013,SENSOR,1,UNIFIED,"t=117 [HELLO_TX] bat=100% nbr=17"
0013,SENSOR,1,UNIFIED,"t=126 [HELLO_TX] bat=100% nbr=17"
0013,SENSOR,1,UNIFIED,"t=131 [HELLO_TX] bat=100% nbr=17"
0013,SENSOR,1,UNIFIED,"t=137 [HELLO_TX] bat=100% nbr=17"
0013,SENSOR,1,UNIFIED,"t=146 [HELLO_TX] bat=100% nbr=17"
0013,SENSOR,1,UNIFIED,"t=156 [HELLO_TX] bat=100% nbr=17"
0013,SENSOR,1,UNIFIED,"t=156 [HELLO_RX] NEW FF04 tier=3(GWN) verified=1 rssi=0.1"
0013,SENSOR,1,UNIFIED,"t=166 [HELLO_TX] bat=100% nbr=18"
0013,SENSOR,1,UNIFIED,"t=171 [HELLO_TX] bat=100% nbr=18"
0013,SENSOR,1,UNIFIED,"t=175 [HELLO_TX] bat=100% nbr=18"
0013,SENSOR,1,UNIFIED,"t=183 [HELLO_TX] bat=100% nbr=18"
0013,SENSOR,1,UNIFIED,"t=192 [HELLO_TX] bat=100% nbr=18"
0013,SENSOR,1,UNIFIED,"t=199 [HELLO_TX] bat=100% nbr=18"
0013,SENSOR,1,UNIFIED,"t=205 [HELLO_TX] bat=100% nbr=18"
0013,SENSOR,1,UNIFIED,"t=215 [HELLO_TX] bat=100% nbr=18"
0013,SENSOR,1,UNIFIED,"t=224 [HELLO_TX] bat=100% nbr=18"
0013,SENSOR,1,UNIFIED,"t=228 [HELLO_TX] bat=100% nbr=18"
0013,SENSOR,1,UNIFIED,"t=232 [HELLO_TX] bat=100% nbr=18"
0013,SENSOR,1,UNIFIED,"t=242 [HELLO_TX] bat=100% nbr=18"
0013,SENSOR,1,UNIFIED,"t=248 [HELLO_TX] bat=100% nbr=18"
0014,SENSOR,1,UNIFIED,"t=4 [HELLO_RX] NEW 0003 tier=1(UNK) verified=0 rssi=3.7"
0014,SENSOR,1,UNIFIED,"t=5 [HELLO_TX] bat=100% nbr=1"
0014,SENSOR,1,UNIFIED,"t=6 [HELLO_RX] NEW 0049 tier=1(UNK) verified=0 rssi=1.0"
0014,SENSOR,1,UNIFIED,"t=7 [HELLO_RX] NEW 0010 tier=1(UNK) verified=0 rssi=0.7"
0014,SENSOR,1,UNIFIED,"t=8 [HELLO_RX] NEW 0052 tier=1(UNK) verified=0 rssi=0.2"
0014,SENSOR,1,UNIFIED,"t=10 [HELLO_TX] bat=100% nbr=4"
0014,SENSOR,1,UNIFIED,"t=15 [HELLO_TX] bat=100% nbr=4"
0014,SENSOR,1,UNIFIED,"t=18 [HELLO_RX] NEW 0007 tier=1(UNK) verified=0 rssi=0.3"
0014,SENSOR,1,UNIFIED,"t=23 [HELLO_TX] bat=100% nbr=5"
0014,SENSOR,1,UNIFIED,"t=27 [HELLO_RX] NEW 0008 tier=1(UNK) verified=0 rssi=0.2"
0014,SENSOR,1,UNIFIED,"t=28 [HELLO_TX] bat=100% nbr=6"
0014,SENSOR,1,UNIFIED,"t=29 [HELLO_RX] NEW 0058 tier=1(UNK) verified=0 rssi=0.2"
0014,SENSOR,1,UNIFIED,"t=33 [HELLO_RX] NEW 0033 tier=1(UNK) verified=0 rssi=1.1"
0014,SENSOR,1,UNIFIED,"t=34 [HELLO_TX] bat=100% nbr=8"
0014,SENSOR,1,UNIFIED,"t=34 [HELLO_RX] NEW FF08 tier=3(GWN) verified=0 rssi=0.1"
0014,SENSOR,1,UNIFIED,"t=39 [HELLO_TX] bat=100% nbr=9"
0014,SENSOR,1,UNIFIED,"t=42 [HELLO_RX] NEW AA06 tier=2(CH) verified=0 rssi=0.2"
0014,SENSOR,1,UNIFIED,"t=44 [HELLO_TX] bat=100% nbr=10"
0014,SENSOR,1,UNIFIED,"t=49 [HELLO_TX] bat=100% nbr=10"
0014,SENSOR,1,UNIFIED,"t=49 [HELLO_RX] NEW 0059 tier=1(UNK) verified=0 rssi=0.5"
0014,SENSOR,1,UNIFIED,"t=54 [HELLO_TX] bat=100% nbr=11"
0014,SENSOR,1,UNIFIED,"t=57 [HELLO_RX] NEW 0031 tier=1(UNK) verified=0 rssi=0.3"
0014,SENSOR,1,UNIFIED,"t=59 [HELLO_TX] bat=100% nbr=12"
0014,SENSOR,1,UNIFIED,"t=67 [HELLO_TX] bat=100% nbr=12"
0014,SENSOR,1,UNIFIED,"t=67 [HELLO_RX] NEW 0043 tier=1(UNK) verified=0 rssi=0.2"
0014,SENSOR,1,UNIFIED,"t=71 [HELLO_RX] NEW 002F tier=1(UNK) verified=0 rssi=0.2"
0014,SENSOR,1,UNIFIED,"t=72 [HELLO_TX] bat=100% nbr=14"
0014,SENSOR,1,UNIFIED,"t=74 [HELLO_RX] NEW 0018 tier=1(UNK) verified=0 rssi=0.2"
0014,SENSOR,1,UNIFIED,"t=81 [HELLO_TX] bat=100% nbr=15"
0014,SENSOR,1,UNIFIED,"t=86 [HELLO_TX] bat=100% nbr=15"
0014,SENSOR,1,UNIFIED,"t=91 [HELLO_TX] bat=100% nbr=15"
0014,SENSOR,1,UNIFIED,"t=97 [HELLO_TX] bat=100% nbr=15"
0014,SENSOR,1,UNIFIED,"t=100 [HELLO_RX] NEW 0029 tier=1(UNK) verified=0 rssi=0.2"
0014,SENSOR,1,UNIFIED,"t=107 [HELLO_TX] bat=100% nbr=16"
0014,SENSOR,1,UNIFIED,"t=116 [HELLO_TX] bat=100% nbr=16"
0014,SENSOR,1,UNIFIED,"t=120 [HELLO_TX] bat=100% nbr=16"
0014,SENSOR,1,UNIFIED,"t=126 [HELLO_RX] NEW FF0C tier=3(GWN) verified=1 rssi=0.1"
0014,SENSOR,1,UNIFIED,"t=127 [HELLO_TX] bat=100% nbr=17"
0014,SENSOR,1,UNIFIED,"t=132 [HELLO_TX] bat=100% nbr=17"
0014,SENSOR,1,UNIFIED,"t=136 [HELLO_TX] bat=100% nbr=17"
0014,SENSOR,1,UNIFIED,"t=146 [HELLO_TX] bat=100% nbr=17"
0014,SENSOR,1,UNIFIED,"t=155 [HELLO_TX] bat=100% nbr=17"
0014,SENSOR,1,UNIFIED,"t=161 [HELLO_TX] bat=100% nbr=17"
0014,SENSOR,1,UNIFIED,"t=165 [HELLO_TX] bat=100% nbr=17"
0014,SENSOR,1,UNIFIED,"t=174 [HELLO_TX] bat=100% nbr=17"
0014,SENSOR,1,UNIFIED,"t=183 [HELLO_TX] bat=100% nbr=17"
0014,SENSOR,1,UNIFIED,"t=191 [HELLO_TX] bat=100% nbr=17"
0014,SENSOR,1,UNIFIED,"t=198 [HELLO_TX] bat=100% nbr=17"
0014,SENSOR,1,UNIFIED,"t=206 [HELLO_TX] bat=100% nbr=17"
0014,SENSOR,1,UNIFIED,"t=214 [HELLO_TX] bat=100% nbr=17"
0014,SENSOR,1,UNIFIED,"t=219 [HELLO_TX] bat=100% nbr=17"
0014,SENSOR,1,UNIFIED,"t=228 [HELLO_TX] bat=100% nbr=17"
0014,SENSOR,1,UNIFIED,"t=233 [HELLO_TX] bat=100% nbr=17"
0014,SENSOR,1,UNIFIED,"t=237 [HELLO_TX] bat=100% nbr=17"
0014,SENSOR,1,UNIFIED,"t=246 [HELLO_RX] NEW 001E tier=1(UNK) verified=0 rssi=0.2"
0014,SENSOR,1,UNIFIED,"t=247 [HELLO_TX] bat=100% nbr=18"
0015,SENSOR,1,UNIFIED,"t=5 [HELLO_RX] NEW 003F tier=1(UNK) verified=0 rssi=4.5"
0015,SENSOR,1,UNIFIED,"t=6 [HELLO_RX] NEW 0057 tier=1(UNK) verified=0 rssi=2.2"
0015,SENSOR,1,UNIFIED,"t=7 [HELLO_TX] bat=100% nbr=2"
0015,SENSOR,1,UNIFIED,"t=8 [HELLO_RX] NEW 0050 tier=1(UNK) verified=0 rssi=0.9"
0015,SENSOR,1,UNIFIED,"t=9 [HELLO_RX] NEW FF03 tier=3(GWN) verified=0 rssi=10.4"
0015,SENSOR,1,UNIFIED,"t=10 [HELLO_RX] NEW AA04 tier=2(CH) verified=0 rssi=1.8"
0015,SENSOR,1,UNIFIED,"t=15 [HELLO_TX] bat=100% nbr=5"
0015,SENSOR,1,UNIFIED,"t=19 [HELLO_RX] NEW 003B tier=1(UNK) verified=0 rssi=1.3"
0015,SENSOR,1,UNIFIED,"t=22 [HELLO_RX] NEW FF0A tier=3(GWN) verified=0 rssi=0.6"
0015,SENSOR,1,UNIFIED,"t=24 [HELLO_TX] bat=100% nbr=7"
0015,SENSOR,1,UNIFIED,"t=29 [HELLO_TX] bat=100% nbr=7"
0015,SENSOR,1,UNIFIED,"t=33 [HELLO_RX] NEW 003A tier=1(UNK) verified=0 rssi=0.8"
0015,SENSOR,1,UNIFIED,"t=35 [HELLO_TX] bat=100% nbr=8"
0015,SENSOR,1,UNIFIED,"t=44 [HELLO_TX] bat=100% nbr=8"
0015,SENSOR,1,UNIFIED,"t=53 [HELLO_RX] NEW 000F tier=1(UNK) verified=0 rssi=0.3"
0015,SENSOR,1,UNIFIED,"t=54 [HELLO_TX] bat=100% nbr=9"
0015,SENSOR,1,UNIFIED,"t=64 [HELLO_TX] bat=100% nbr=9"
0015,SENSOR,1,UNIFIED,"t=70 [HELLO_RX] NEW 0011 tier=1(UNK) verified=0 rssi=0.2"
0015,SENSOR,1,UNIFIED,"t=73 [HELLO_TX] bat=100% nbr=10"
0015,SENSOR,1,UNIFIED,"t=78 [HELLO_TX] bat=100% nbr=10"
0015,SENSOR,1,UNIFIED,"t=79 [HELLO_RX] NEW 0036 tier=1(UNK) verified=0 rssi=0.2"
0015,SENSOR,1,UNIFIED,"t=88 [HELLO_TX] bat=100% nbr=11"
0015,SENSOR,1,UNIFIED,"t=94 [HELLO_TX] bat=100% nbr=11"
0015,SENSOR,1,UNIFIED,"t=104 [HELLO_TX] bat=100% nbr=11"
0015,SENSOR,1,UNIFIED,"t=106 [HELLO_RX] NEW 0047 tier=1(UNK) verified=0 rssi=0.2"
0015,SENSOR,1,UNIFIED,"t=108 [HELLO_TX] bat=100% nbr=12"
0015,SENSOR,1,UNIFIED,"t=113 [HELLO_TX] bat=100% nbr=12"
0015,SENSOR,1,UNIFIED,"t=117 [HELLO_TX] bat=100% nbr=12"
0015,SENSOR,1,UNIFIED,"t=121 [HELLO_RX] NEW 0039 tier=1(UNK) verified=0 rssi=0.2"
0015,SENSOR,1,UNIFIED,"t=126 [HELLO_TX] bat=100% nbr=13"
0015,SENSOR,1,UNIFIED,"t=136 [HELLO_TX] bat=100% nbr=13"
0015,SENSOR,1,UNIFIED,"t=144 [HELLO_TX] bat=100% nbr=13"
0015,SENSOR,1,UNIFIED,"t=151 [HELLO_TX] bat=100% nbr=13"
0015,SENSOR,1,UNIFIED,"t=155 [HELLO_TX] bat=100% nbr=13"
0015,SENSOR,1,UNIFIED,"t=162 [HELLO_TX] bat=100% nbr=13"
0015,SENSOR,1,UNIFIED,"t=166 [HELLO_TX] bat=100% nbr=13"
0015,SENSOR,1,UNIFIED,"t=175 [HELLO_TX] bat=100% nbr=13"
0015,SENSOR,1,UNIFIED,"t=175 [HELLO_RX] NEW FF08 tier=3(GWN) verified=1 rssi=0.4"
0015,SENSOR,1,UNIFIED,"t=181 [HELLO_TX] bat=100% nbr=14"
0015,SENSOR,1,UNIFIED,"t=191 [HELLO_TX] bat=100% nbr=14"
0015,SENSOR,1,UNIFIED,"t=200 [HELLO_TX] bat=100% nbr=14"
0015,SENSOR,1,UNIFIED,"t=209 [HELLO_TX] bat=100% nbr=14"
0015,SENSOR,1,UNIFIED,"t=217 [HELLO_TX] bat=100% nbr=14"
0015,SENSOR,1,UNIFIED,"t=224 [HELLO_TX] bat=100% nbr=14"
0015,SENSOR,1,UNIFIED,"t=230 [HELLO_TX] bat=100% nbr=14"
0015,SENSOR,1,UNIFIED,"t=235 [HELLO_TX] bat=100% nbr=14"
0015,SENSOR,1,UNIFIED,"t=242 [HELLO_TX] bat=100% nbr=14"
0016,SENSOR,1,UNIFIED,"t=4 [HELLO_RX] NEW FF0B tier=3(GWN) verified=0 rssi=0.6"
0016,SENSOR,1,UNIFIED,"t=5 [HELLO_RX] NEW FF01 tier=3(GWN) verified=0 rssi=0.8"
0016,SENSOR,1,UNIFIED,"t=6 [HELLO_RX] NEW 0005 tier=1(UNK) verified=0 rssi=0.5"
0016,SENSOR,1,UNIFIED,"t=8 [HELLO_TX] bat=100% nbr=3"
0016,SENSOR,1,UNIFIED,"t=8 [HELLO_RX] NEW AA03 tier=2(CH) verified=0 rssi=1.5"
0016,SENSOR,1,UNIFIED,"t=10 [HELLO_RX] NEW 000E tier=1(UNK) verified=0 rssi=1.3"
0016,SENSOR,1,UNIFIED,"t=12 [HELLO_TX] bat=100% nbr=5"
0016,SENSOR,1,UNIFIED,"t=15 [HELLO_RX] NEW 0024 tier=1(UNK) verified=0 rssi=0.5"
0016,SENSOR,1,UNIFIED,"t=16 [HELLO_RX] NEW 004F tier=1(UNK) verified=0 rssi=0.2"
0016,SENSOR,1,UNIFIED,"t=17 [HELLO_RX] NEW AA05 tier=2(CH) verified=0 rssi=3.4"
0016,SENSOR,1,UNIFIED,"t=20 [HELLO_TX] bat=100% nbr=8"
0016,SENSOR,1,UNIFIED,"t=24 [HELLO_RX] NEW 001D tier=1(UNK) verified=0 rssi=0.2"
0016,SENSOR,1,UNIFIED,"t=25 [HELLO_RX] NEW 000C tier=1(UNK) verified=0 rssi=0.4"
0016,SENSOR,1,UNIFIED,"t=26 [HELLO_RX] NEW 0025 tier=1(UNK) verified=0 rssi=0.3"
0016,SENSOR,1,UNIFIED,"t=28 [HELLO_TX] bat=100% nbr=11"
0016,SENSOR,1,UNIFIED,"t=32 [HELLO_TX] bat=100% nbr=11"
0016,SENSOR,1,UNIFIED,"t=39 [HELLO_TX] bat=100% nbr=11"
0016,SENSOR,1,UNIFIED,"t=44 [HELLO_RX] NEW 004C tier=1(UNK) verified=0 rssi=0.4"
0016,SENSOR,1,UNIFIED,"t=45 [HELLO_TX] bat=100% nbr=12"
0016,SENSOR,1,UNIFIED,"t=55 [HELLO_TX] bat=100% nbr=12"
0016,SENSOR,1,UNIFIED,"t=55 [HELLO_RX] NEW 0023 tier=1(UNK) verified=0 rssi=0.2"
0016,SENSOR,1,UNIFIED,"t=63 [HELLO_TX] bat=100% nbr=13"
0016,SENSOR,1,UNIFIED,"t=72 [HELLO_TX] bat=100% nbr=13"
0016,SENSOR,1,UNIFIED,"t=79 [HELLO_TX] bat=100% nbr=13"
0016,SENSOR,1,UNIFIED,"t=87 [HELLO_TX] bat=100% nbr=13"
0016,SENSOR,1,UNIFIED,"t=91 [HELLO_TX] bat=100% nbr=13"
0016,SENSOR,1,UNIFIED,"t=98 [HELLO_TX] bat=100% nbr=13"
0016,SENSOR,1,UNIFIED,"t=100 [HELLO_RX] NEW 0041 tier=1(UNK) verified=0 rssi=0.2"
0016,SENSOR,1,UNIFIED,"t=107 [HELLO_TX] bat=100% nbr=14"
0016,SENSOR,1,UNIFIED,"t=115 [HELLO_TX] bat=100% nbr=14"
0016,SENSOR,1,UNIFIED,"t=122 [HELLO_TX] bat=100% nbr=14"
0016,SENSOR,1,UNIFIED,"t=123 [HELLO_RX] NEW FF08 tier=3(GWN) verified=1 rssi=0.1"
0016,SENSOR,1,UNIFIED,"t=130 [HELLO_TX] bat=100% nbr=15"
0016,SENSOR,1,UNIFIED,"t=139 [HELLO_TX] bat=100% nbr=15"
0016,SENSOR,1,UNIFIED,"t=146 [HELLO_TX] bat=100% nbr=15"
0016,SENSOR,1,UNIFIED,"t=155 [HELLO_TX] bat=100% nbr=15"
0016,SENSOR,1,UNIFIED,"t=156 [HELLO_RX] NEW FF02 tier=3(GWN) verified=1 rssi=0.1"
0016,SENSOR,1,UNIFIED,"t=165 [HELLO_TX] bat=100% nbr=16"
0016,SENSOR,1,UNIFIED,"t=170 [HELLO_TX] bat=100% nbr=16"
0016,SENSOR,1,UNIFIED,"t=175 [HELLO_TX] bat=100% nbr=16"
0016,SENSOR,1,UNIFIED,"t=179 [HELLO_TX] bat=100% nbr=16"
0016,SENSOR,1,UNIFIED,"t=184 [HELLO_TX] bat=100% nbr=16"
0016,SENSOR,1,UNIFIED,"t=189 [HELLO_TX] bat=100% nbr=16"
0016,SENSOR,1,UNIFIED,"t=194 [HELLO_TX] bat=100% nbr=16"
0016,SENSOR,1,UNIFIED,"t=195 [HELLO_RX] NEW 005E tier=1(UNK) verified=0 rssi=0.2"
0016,SENSOR,1,UNIFIED,"t=203 [HELLO_TX] bat=100% nbr=17"
0016,SENSOR,1,UNIFIED,"t=211 [HELLO_TX] bat=100% nbr=17"
0016,SENSOR,1,UNIFIED,"t=218 [HELLO_TX] bat=100% nbr=17"
0016,SENSOR,1,UNIFIED,"t=224 [HELLO_TX] bat=100% nbr=17"
0016,SENSOR,1,UNIFIED,"t=233 [HELLO_TX] bat=100% nbr=17"
0016,SENSOR,1,UNIFIED,"t=243 [HELLO_TX] bat=100% nbr=17"
0017,SENSOR,1,UNIFIED,"t=4 [HELLO_RX] NEW AA01 tier=2(CH) verified=0 rssi=0.2"
0017,SENSOR,1,UNIFIED,"t=5 [HELLO_RX] NEW AA06 tier=2(CH) verified=0 rssi=2231.1"
0017,SENSOR,1,UNIFIED,"t=6 [HELLO_RX] NEW 0049 tier=1(UNK) verified=0 rssi=0.2"
0017,SENSOR,1,UNIFIED,"t=8 [HELLO_RX] NEW 0021 tier=1(UNK) verified=0 rssi=4.8"
0017,SENSOR,1,UNIFIED,"t=9 [HELLO_TX] bat=100% nbr=4"
0017,SENSOR,1,UNIFIED,"t=9 [HELLO_RX] NEW AA02 tier=2(CH) verified=0 rssi=0.6"
0017,SENSOR,1,UNIFIED,"t=10 [HELLO_RX] NEW 0001 tier=1(UNK) verified=0 rssi=0.9"
0017,SENSOR,1,UNIFIED,"t=13 [HELLO_TX] bat=100% nbr=6"
0017,SENSOR,1,UNIFIED,"t=13 [HELLO_RX] NEW 0008 tier=1(UNK) verified=0 rssi=0.3"
0017,SENSOR,1,UNIFIED,"t=14 [HELLO_RX] NEW 0059 tier=1(UNK) verified=0 rssi=0.5"
0017,SENSOR,1,UNIFIED,"t=18 [HELLO_RX] NEW 002F tier=1(UNK) verified=0 rssi=0.6"
0017,SENSOR,1,UNIFIED,"t=20 [HELLO_RX] NEW AA09 tier=2(CH) verified=0 rssi=0.7"
0017,SENSOR,1,UNIFIED,"t=21 [HELLO_TX] bat=100% nbr=10"
0017,SENSOR,1,UNIFIED,"t=24 [HELLO_RX] NEW 0031 tier=1(UNK) verified=0 rssi=0.2"
0017,SENSOR,1,UNIFIED,"t=26 [HELLO_RX] NEW 0063 tier=1(UNK) verified=0 rssi=0.2"
0017,SENSOR,1,UNIFIED,"t=27 [HELLO_RX] NEW 001E tier=1(UNK) verified=0 rssi=2.3"
0017,SENSOR,1,UNIFIED,"t=28 [HELLO_TX] bat=100% nbr=13"
0017,SENSOR,1,UNIFIED,"t=28 [HELLO_RX] NEW 000D tier=1(UNK) verified=0 rssi=1.2"
0017,SENSOR,1,UNIFIED,"t=34 [HELLO_RX] NEW 005F tier=1(UNK) verified=0 rssi=0.2"
0017,SENSOR,1,UNIFIED,"t=36 [HELLO_RX] NEW 004B tier=1(UNK) verified=0 rssi=0.2"
0017,SENSOR,1,UNIFIED,"t=37 [HELLO_TX] bat=100% nbr=16"
0017,SENSOR,1,UNIFIED,"t=41 [HELLO_TX] bat=100% nbr=16"
0017,SENSOR,1,UNIFIED,"t=49 [HELLO_TX] bat=100% nbr=16"
0017,SENSOR,1,UNIFIED,"t=53 [HELLO_TX] bat=100% nbr=16"
0017,SENSOR,1,UNIFIED,"t=53 [HELLO_RX] NEW FF04 tier=3(GWN) verified=0 rssi=0.3"
0017,SENSOR,1,UNIFIED,"t=58 [HELLO_TX] bat=100% nbr=17"
0017,SENSOR,1,UNIFIED,"t=63 [HELLO_TX] bat=100% nbr=17"
0017,SENSOR,1,UNIFIED,"t=68 [HELLO_TX] bat=100% nbr=17"
0017,SENSOR,1,UNIFIED,"t=68 [HELLO_RX] NEW 0007 tier=1(UNK) verified=0 rssi=0.2"
0017,SENSOR,1,UNIFIED,"t=73 [HELLO_TX] bat=100% nbr=18"
0017,SENSOR,1,UNIFIED,"t=80 [HELLO_TX] bat=100% nbr=18"
0017,SENSOR,1,UNIFIED,"t=90 [HELLO_TX] bat=100% nbr=18"
0017,SENSOR,1,UNIFIED,"t=94 [HELLO_TX] bat=100% nbr=18"
0017,SENSOR,1,UNIFIED,"t=99 [HELLO_TX] bat=100% nbr=18"
0017,SENSOR,1,UNIFIED,"t=107 [HELLO_TX] bat=100% nbr=18"
0017,SENSOR,1,UNIFIED,"t=111 [HELLO_TX] bat=100% nbr=18"
0017,SENSOR,1,UNIFIED,"t=111 [HELLO_RX] NEW 004E tier=1(UNK) verified=0 rssi=0.2"
0017,SENSOR,1,UNIFIED,"t=112 [HELLO_RX] NEW FF07 tier=3(GWN) verified=1 rssi=0.1"
0017,SENSOR,1,UNIFIED,"t=121 [HELLO_TX] bat=100% nbr=20"
0017,SENSOR,1,UNIFIED,"t=126 [HELLO_RX] NEW AA08 tier=2(CH) verified=0 rssi=0.2"
0017,SENSOR,1,UNIFIED,"t=131 [HELLO_TX] bat=100% nbr=21"
0017,SENSOR,1,UNIFIED,"t=137 [HELLO_TX] bat=100% nbr=21"
0017,SENSOR,1,UNIFIED,"t=143 [HELLO_TX] bat=100% nbr=21"
0017,SENSOR,1,UNIFIED,"t=153 [HELLO_TX] bat=100% nbr=21"
0017,SENSOR,1,UNIFIED,"t=162 [HELLO_TX] bat=100% nbr=21"
0017,SENSOR,1,UNIFIED,"t=166 [HELLO_TX] bat=100% nbr=21"
0017,SENSOR,1,UNIFIED,"t=171 [HELLO_TX] bat=100% nbr=21"
0017,SENSOR,1,UNIFIED,"t=175 [HELLO_TX] bat=100% nbr=21"
0017,SENSOR,1,UNIFIED,"t=183 [HELLO_TX] bat=100% nbr=21"
0017,SENSOR,1,UNIFIED,"t=183 [HELLO_RX] NEW FF06 tier=3(GWN) verified=1 rssi=0.1"
0017,SENSOR,1,UNIFIED,"t=187 [HELLO_TX] bat=100% nbr=22"
0017,SENSOR,1,UNIFIED,"t=197 [HELLO_TX] bat=100% nbr=22"
0017,SENSOR,1,UNIFIED,"t=206 [HELLO_TX] bat=100% nbr=22"
0017,SENSOR,1,UNIFIED,"t=212 [HELLO_RX] NEW FF05 tier=3(GWN) verified=1 rssi=0.1"
0017,SENSOR,1,UNIFIED,"t=216 [HELLO_TX] bat=100% nbr=23"
0017,SENSOR,1,UNIFIED,"t=225 [HELLO_TX] bat=100% nbr=23"
0017,SENSOR,1,UNIFIED,"t=233 [HELLO_TX] bat=100% nbr=23"
0017,SENSOR,1,UNIFIED,"t=240 [HELLO_TX] bat=100% nbr=23"
0017,SENSOR,1,UNIFIED,"t=245 [HELLO_TX] bat=100% nbr=23"
0018,SENSOR,1,UNIFIED,"t=4 [HELLO_RX] NEW 0003 tier=1(UNK) verified=0 rssi=0.4"
0018,SENSOR,1,UNIFIED,"t=6 [HELLO_TX] bat=100% nbr=1"
0018,SENSOR,1,UNIFIED,"t=6 [HELLO_RX] NEW 0049 tier=1(UNK) verified=0 rssi=1.5"
0018,SENSOR,1,UNIFIED,"t=7 [HELLO_RX] NEW 0031 tier=1(UNK) verified=0 rssi=7.0"
0018,SENSOR,1,UNIFIED,"t=9 [HELLO_RX] NEW 0058 tier=1(UNK) verified=0 rssi=590.3"
0018,SENSOR,1,UNIFIED,"t=13 [HELLO_TX] bat=100% nbr=4"
0018,SENSOR,1,UNIFIED,"t=14 [HELLO_RX] NEW 0059 tier=1(UNK) verified=0 rssi=0.6"
0018,SENSOR,1,UNIFIED,"t=19 [HELLO_TX] bat=100% nbr=5"
0018,SENSOR,1,UNIFIED,"t=20 [HELLO_RX] NEW 0033 tier=1(UNK) verified=0 rssi=1.5"
0018,SENSOR,1,UNIFIED,"t=26 [HELLO_TX] bat=100% nbr=6"
0018,SENSOR,1,UNIFIED,"t=31 [HELLO_RX] NEW 0052 tier=1(UNK) verified=0 rssi=0.3"
0018,SENSOR,1,UNIFIED,"t=35 [HELLO_TX] bat=100% nbr=7"
0018,SENSOR,1,UNIFIED,"t=37 [HELLO_RX] NEW AA06 tier=2(CH) verified=0 rssi=0.3"
0018,SENSOR,1,UNIFIED,"t=40 [HELLO_RX] NEW FF02 tier=3(GWN) verified=0 rssi=0.2"
0018,SENSOR,1,UNIFIED,"t=41 [HELLO_RX] NEW 0043 tier=1(UNK) verified=0 rssi=1.5"
0018,SENSOR,1,UNIFIED,"t=43 [HELLO_RX] NEW AA0A tier=2(CH) verified=0 rssi=0.4"
0018,SENSOR,1,UNIFIED,"t=44 [HELLO_RX] NEW 0056 tier=1(UNK) verified=0 rssi=0.2"
0018,SENSOR,1,UNIFIED,"t=45 [HELLO_TX] bat=100% nbr=12"
0018,SENSOR,1,UNIFIED,"t=51 [HELLO_RX] NEW FF0B tier=3(GWN) verified=0 rssi=0.1"
0018,SENSOR,1,UNIFIED,"t=55 [HELLO_TX] bat=100% nbr=13"
0018,SENSOR,1,UNIFIED,"t=65 [HELLO_TX] bat=100% nbr=13"
0018,SENSOR,1,UNIFIED,"t=74 [HELLO_TX] bat=100% nbr=13"
0018,SENSOR,1,UNIFIED,"t=83 [HELLO_TX] bat=100% nbr=13"
0018,SENSOR,1,UNIFIED,"t=84 [HELLO_RX] NEW AA09 tier=2(CH) verified=0 rssi=0.2"
0018,SENSOR,1,UNIFIED,"t=87 [HELLO_TX] bat=100% nbr=14"
0018,SENSOR,1,UNIFIED,"t=94 [HELLO_TX] bat=100% nbr=14"
0018,SENSOR,1,UNIFIED,"t=102 [HELLO_TX] bat=100% nbr=14"
0018,SENSOR,1,UNIFIED,"t=108 [HELLO_TX] bat=100% nbr=14"
0018,SENSOR,1,UNIFIED,"t=112 [HELLO_TX] bat=100% nbr=14"
0018,SENSOR,1,UNIFIED,"t=116 [HELLO_RX] NEW 0014 tier=1(UNK) verified=0 rssi=0.2"
0018,SENSOR,1,UNIFIED,"t=117 [HELLO_TX] bat=100% nbr=15"
0018,SENSOR,1,UNIFIED,"t=126 [HELLO_TX] bat=100% nbr=15"
0018,SENSOR,1,UNIFIED,"t=131 [HELLO_TX] bat=100% nbr=15"
0018,SENSOR,1,UNIFIED,"t=139 [HELLO_TX] bat=100% nbr=15"
0018,SENSOR,1,UNIFIED,"t=145 [HELLO_TX] bat=100% nbr=15"
0018,SENSOR,1,UNIFIED,"t=152 [HELLO_TX] bat=100% nbr=15"
0018,SENSOR,1,UNIFIED,"t=162 [HELLO_TX] bat=100% nbr=15"
0018,SENSOR,1,UNIFIED,"t=167 [HELLO_TX] bat=100% nbr=15"
0018,SENSOR,1,UNIFIED,"t=174 [HELLO_TX] bat=100% nbr=15"
0018,SENSOR,1,UNIFIED,"t=178 [HELLO_TX] bat=100% nbr=15"
0018,SENSOR,1,UNIFIED,"t=182 [HELLO_TX] bat=100% nbr=15"
0018,SENSOR,1,UNIFIED,"t=183 [HELLO_RX] NEW 002D tier=1(UNK) verified=0 rssi=0.3"
0018,SENSOR,1,UNIFIED,"t=191 [HELLO_TX] bat=100% nbr=16"
0018,SENSOR,1,UNIFIED,"t=198 [HELLO_TX] bat=100% nbr=16"
0018,SENSOR,1,UNIFIED,"t=208 [HELLO_TX] bat=100% nbr=16"
0018,SENSOR,1,UNIFIED,"t=217 [HELLO_TX] bat=100% nbr=16"
0018,SENSOR,1,UNIFIED,"t=224 [HELLO_TX] bat=100% nbr=16"
0018,SENSOR,1,UNIFIED,"t=231 [HELLO_TX] bat=100% nbr=16"
0018,SENSOR,1,UNIFIED,"t=236 [HELLO_TX] bat=100% nbr=16"
0018,SENSOR,1,UNIFIED,"t=243 [HELLO_TX] bat=100% nbr=16"
0019,SENSOR,1,UNIFIED,"t=6 [HELLO_RX] NEW AA07 tier=2(CH) verified=0 rssi=3.6"
0019,SENSOR,1,UNIFIED,"t=7 [HELLO_TX] bat=100% nbr=1"
0019,SENSOR,1,UNIFIED,"t=7 [HELLO_RX] NEW 0056 tier=1(UNK) verified=0 rssi=0.4"
0019,SENSOR,1,UNIFIED,"t=8 [HELLO_RX] NEW 0012 tier=1(UNK) verified=0 rssi=11.4"
0019,SENSOR,1,UNIFIED,"t=9 [HELLO_RX] NEW FF02 tier=3(GWN) verified=0 rssi=3.6"
0019,SENSOR,1,UNIFIED,"t=11 [HELLO_TX] bat=100% nbr=4"
0019,SENSOR,1,UNIFIED,"t=14 [HELLO_RX] NEW 0061 tier=1(UNK) verified=0 rssi=0.2"
0019,SENSOR,1,UNIFIED,"t=15 [HELLO_RX] NEW 0013 tier=1(UNK) verified=0 rssi=1.2"
0019,SENSOR,1,UNIFIED,"t=19 [HELLO_TX] bat=100% nbr=6"
0019,SENSOR,1,UNIFIED,"t=23 [HELLO_RX] NEW 0030 tier=1(UNK) verified=0 rssi=0.2"
0019,SENSOR,1,UNIFIED,"t=24 [HELLO_TX] bat=100% nbr=7"
0019,SENSOR,1,UNIFIED,"t=29 [HELLO_TX] bat=100% nbr=7"
0019,SENSOR,1,UNIFIED,"t=29 [HELLO_RX] NEW 0046 tier=1(UNK) verified=0 rssi=0.3"
0019,SENSOR,1,UNIFIED,"t=36 [HELLO_TX] bat=100% nbr=8"
0019,SENSOR,1,UNIFIED,"t=38 [HELLO_RX] NEW 0035 tier=1(UNK) verified=0 rssi=0.3"
0019,SENSOR,1,UNIFIED,"t=43 [HELLO_TX] bat=100% nbr=9"
0019,SENSOR,1,UNIFIED,"t=48 [HELLO_RX] NEW 002D tier=1(UNK) verified=0 rssi=0.2"
0019,SENSOR,1,UNIFIED,"t=52 [HELLO_TX] bat=100% nbr=10"
0019,SENSOR,1,UNIFIED,"t=60 [HELLO_TX] bat=100% nbr=10"
0019,SENSOR,1,UNIFIED,"t=64 [HELLO_TX] bat=100% nbr=10"
0019,SENSOR,1,UNIFIED,"t=65 [HELLO_RX] NEW AA0A tier=2(CH) verified=0 rssi=0.2"
0019,SENSOR,1,UNIFIED,"t=72 [HELLO_TX] bat=100% nbr=11"
0019,SENSOR,1,UNIFIED,"t=77 [HELLO_TX] bat=100% nbr=11"
0019,SENSOR,1,UNIFIED,"t=84 [HELLO_TX] bat=100% nbr=11"
0019,SENSOR,1,UNIFIED,"t=88 [HELLO_TX] bat=100% nbr=11"
0019,SENSOR,1,UNIFIED,"t=93 [HELLO_TX] bat=100% nbr=11"
0019,SENSOR,1,UNIFIED,"t=102 [HELLO_TX] bat=100% nbr=11"
0019,SENSOR,1,UNIFIED,"t=106 [HELLO_TX] bat=100% nbr=11"
0019,SENSOR,1,UNIFIED,"t=114 [HELLO_TX] bat=100% nbr=11"
0019,SENSOR,1,UNIFIED,"t=119 [HELLO_TX] bat=100% nbr=11"
0019,SENSOR,1,UNIFIED,"t=120 [HELLO_RX] NEW 0002 tier=1(UNK) verified=0 rssi=0.2"
0019,SENSOR,1,UNIFIED,"t=123 [HELLO_TX] bat=100% nbr=12"
0019,SENSOR,1,UNIFIED,"t=123 [HELLO_RX] NEW FF06 tier=3(GWN) verified=1 rssi=0.1"
0019,SENSOR,1,UNIFIED,"t=131 [HELLO_TX] bat=100% nbr=13"
0019,SENSOR,1,UNIFIED,"t=140 [HELLO_TX] bat=100% nbr=13"
0019,SENSOR,1,UNIFIED,"t=146 [HELLO_TX] bat=100% nbr=13"
0019,SENSOR,1,UNIFIED,"t=153 [HELLO_TX] bat=100% nbr=13"
0019,SENSOR,1,UNIFIED,"t=159 [HELLO_TX] bat=100% nbr=13"
0019,SENSOR,1,UNIFIED,"t=163 [HELLO_TX] bat=100% nbr=13"
0019,SENSOR,1,UNIFIED,"t=167 [HELLO_TX] bat=100% nbr=13"
0019,SENSOR,1,UNIFIED,"t=176 [HELLO_TX] bat=100% nbr=13"
0019,SENSOR,1,UNIFIED,"t=182 [HELLO_TX] bat=100% nbr=13"
0019,SENSOR,1,UNIFIED,"t=190 [HELLO_TX] bat=100% nbr=13"
0019,SENSOR,1,UNIFIED,"t=194 [HELLO_RX] NEW FF0B tier=3(GWN) verified=1 rssi=0.2"
0019,SENSOR,1,UNIFIED,"t=197 [HELLO_TX] bat=100% nbr=14"
0019,SENSOR,1,UNIFIED,"t=201 [HELLO_TX] bat=100% nbr=14"
0019,SENSOR,1,UNIFIED,"t=205 [HELLO_TX] bat=100% nbr=14"
0019,SENSOR,1,UNIFIED,"t=215 [HELLO_TX] bat=100% nbr=14"
0019,SENSOR,1,UNIFIED,"t=220 [HELLO_TX] bat=100% nbr=14"
0019,SENSOR,1,UNIFIED,"t=227 [HELLO_TX] bat=100% nbr=14"
0019,SENSOR,1,UNIFIED,"t=237 [HELLO_TX] bat=100% nbr=14"
0019,SENSOR,1,UNIFIED,"t=241 [HELLO_TX] bat=100% nbr=14"
0019,SENSOR,1,UNIFIED,"t=247 [HELLO_TX] bat=100% nbr=14"
001A,SENSOR,1,UNIFIED,"t=4 [HELLO_RX] NEW FF0B tier=3(GWN) verified=0 rssi=2.7"
001A,SENSOR,1,UNIFIED,"t=6 [HELLO_RX] NEW 0013 tier=1(UNK) verified=0 rssi=0.2"
001A,SENSOR,1,UNIFIED,"t=7 [HELLO_RX] NEW 0035 tier=1(UNK) verified=0 rssi=2.0"
001A,SENSOR,1,UNIFIED,"t=9 [HELLO_TX] bat=100% nbr=3"
001A,SENSOR,1,UNIFIED,"t=9 [HELLO_RX] NEW FF02 tier=3(GWN) verified=0 rssi=0.3"
001A,SENSOR,1,UNIFIED,"t=10 [HELLO_RX] NEW 0002 tier=1(UNK) verified=0 rssi=6.7"
001A,SENSOR,1,UNIFIED,"t=12 [HELLO_RX] NEW 005C tier=1(UNK) verified=0 rssi=0.7"
001A,SENSOR,1,UNIFIED,"t=13 [HELLO_RX] NEW 0041 tier=1(UNK) verified=0 rssi=0.6"
001A,SENSOR,1,UNIFIED,"t=14 [HELLO_TX] bat=100% nbr=7"
001A,SENSOR,1,UNIFIED,"t=14 [HELLO_RX] NEW 0030 tier=1(UNK) verified=0 rssi=3.6"
001A,SENSOR,1,UNIFIED,"t=19 [HELLO_RX] NEW 0054 tier=1(UNK) verified=0 rssi=1.1"
001A,SENSOR,1,UNIFIED,"t=20 [HELLO_TX] bat=100% nbr=9"
001A,SENSOR,1,UNIFIED,"t=21 [HELLO_RX] NEW 0046 tier=1(UNK) verified=0 rssi=1.4"
001A,SENSOR,1,UNIFIED,"t=26 [HELLO_TX] bat=100% nbr=10"
001A,SENSOR,1,UNIFIED,"t=36 [HELLO_TX] bat=100% nbr=10"
001A,SENSOR,1,UNIFIED,"t=36 [HELLO_RX] NEW AA07 tier=2(CH) verified=0 rssi=0.5"
001A,SENSOR,1,UNIFIED,"t=37 [HELLO_RX] NEW 0023 tier=1(UNK) verified=0 rssi=0.6"
001A,SENSOR,1,UNIFIED,"t=44 [HELLO_TX] bat=100% nbr=12"
001A,SENSOR,1,UNIFIED,"t=51 [HELLO_TX] bat=100% nbr=12"
001A,SENSOR,1,UNIFIED,"t=55 [HELLO_TX] bat=100% nbr=12"
001A,SENSOR,1,UNIFIED,"t=61 [HELLO_RX] NEW 004F tier=1(UNK) verified=0 rssi=0.4"
001A,SENSOR,1,UNIFIED,"t=62 [HELLO_TX] bat=100% nbr=13"
001A,SENSOR,1,UNIFIED,"t=70 [HELLO_TX] bat=100% nbr=13"
001A,SENSOR,1,UNIFIED,"t=78 [HELLO_TX] bat=100% nbr=13"
001A,SENSOR,1,UNIFIED,"t=87 [HELLO_TX] bat=100% nbr=13"
001A,SENSOR,1,UNIFIED,"t=95 [HELLO_TX] bat=100% nbr=13"
001A,SENSOR,1,UNIFIED,"t=103 [HELLO_RX] NEW AA0A tier=2(CH) verified=0 rssi=0.5"
001A,SENSOR,1,UNIFIED,"t=105 [HELLO_TX] bat=100% nbr=14"
001A,SENSOR,1,UNIFIED,"t=112 [HELLO_TX] bat=100% nbr=14"
001A,SENSOR,1,UNIFIED,"t=122 [HELLO_TX] bat=100% nbr=14"
001A,SENSOR,1,UNIFIED,"t=129 [HELLO_TX] bat=100% nbr=14"
001A,SENSOR,1,UNIFIED,"t=139 [HELLO_TX] bat=100% nbr=14"
001A,SENSOR,1,UNIFIED,"t=145 [HELLO_TX] bat=100% nbr=14"
001A,SENSOR,1,UNIFIED,"t=153 [HELLO_TX] bat=100% nbr=14"
001A,SENSOR,1,UNIFIED,"t=159 [HELLO_TX] bat=100% nbr=14"
001A,SENSOR,1,UNIFIED,"t=165 [HELLO_TX] bat=100% nbr=14"
001A,SENSOR,1,UNIFIED,"t=171 [HELLO_TX] bat=100% nbr=14"
001A,SENSOR,1,UNIFIED,"t=180 [HELLO_TX] bat=100% nbr=14"
001A,SENSOR,1,UNIFIED,"t=187 [HELLO_TX] bat=100% nbr=14"
001A,SENSOR,1,UNIFIED,"t=195 [HELLO_RX] NEW 001F tier=1(UNK) verified=0 rssi=0.2"
001A,SENSOR,1,UNIFIED,"t=196 [HELLO_TX] bat=100% nbr=15"
001A,SENSOR,1,UNIFIED,"t=202 [HELLO_TX] bat=100% nbr=15"
001A,SENSOR,1,UNIFIED,"t=211 [HELLO_TX] bat=100% nbr=15"
001A,SENSOR,1,UNIFIED,"t=220 [HELLO_TX] bat=100% nbr=15"
001A,SENSOR,1,UNIFIED,"t=226 [HELLO_TX] bat=100% nbr=15"
001A,SENSOR,1,UNIFIED,"t=231 [HELLO_TX] bat=100% nbr=15"
001A,SENSOR,1,UNIFIED,"t=240 [HELLO_TX] bat=100% nbr=15"
001A,SENSOR,1,UNIFIED,"t=246 [HELLO_TX] bat=100% nbr=15"
001B,SENSOR,1,UNIFIED,"t=5 [HELLO_TX] bat=100% nbr=0"
001B,SENSOR,1,UNIFIED,"t=5 [HELLO_RX] NEW 004A tier=1(UNK) verified=0 rssi=5.0"
001B,SENSOR,1,UNIFIED,"t=7 [HELLO_RX] NEW FF0C tier=3(GWN) verified=0 rssi=1.1"
001B,SENSOR,1,UNIFIED,"t=8 [HELLO_RX] NEW 000B tier=1(UNK) verified=0 rssi=51.8"
001B,SENSOR,1,UNIFIED,"t=9 [HELLO_RX] NEW 004D tier=1(UNK) verified=0 rssi=0.4"
001B,SENSOR,1,UNIFIED,"t=14 [HELLO_TX] bat=100% nbr=4"
001B,SENSOR,1,UNIFIED,"t=18 [HELLO_TX] bat=100% nbr=4"
001B,SENSOR,1,UNIFIED,"t=18 [HELLO_RX] NEW AA08 tier=2(CH) verified=0 rssi=0.7"
001B,SENSOR,1,UNIFIED,"t=23 [HELLO_RX] NEW 0032 tier=1(UNK) verified=0 rssi=3.1"
001B,SENSOR,1,UNIFIED,"t=24 [HELLO_TX] bat=100% nbr=6"
001B,SENSOR,1,UNIFIED,"t=29 [HELLO_TX] bat=100% nbr=6"
001B,SENSOR,1,UNIFIED,"t=30 [HELLO_RX] NEW 0022 tier=1(UNK) verified=0 rssi=1.1"
001B,SENSOR,1,UNIFIED,"t=32 [HELLO_RX] NEW 0027 tier=1(UNK) verified=0 rssi=0.5"
001B,SENSOR,1,UNIFIED,"t=36 [HELLO_RX] NEW 0007 tier=1(UNK) verified=0 rssi=0.2"
001B,SENSOR,1,UNIFIED,"t=37 [HELLO_TX] bat=100% nbr=9"
001B,SENSOR,1,UNIFIED,"t=41 [HELLO_RX] NEW 0062 tier=1(UNK) verified=0 rssi=0.3"
001B,SENSOR,1,UNIFIED,"t=47 [HELLO_TX] bat=100% nbr=10"
001B,SENSOR,1,UNIFIED,"t=47 [HELLO_RX] NEW FF07 tier=3(GWN) verified=0 rssi=0.1"
001B,SENSOR,1,UNIFIED,"t=54 [HELLO_TX] bat=100% nbr=11"
001B,SENSOR,1,UNIFIED,"t=63 [HELLO_TX] bat=100% nbr=11"
001B,SENSOR,1,UNIFIED,"t=69 [HELLO_TX] bat=100% nbr=11"
001B,SENSOR,1,UNIFIED,"t=69 [HELLO_RX] NEW 005F tier=1(UNK) verified=0 rssi=0.6"
001B,SENSOR,1,UNIFIED,"t=74 [HELLO_TX] bat=100% nbr=12"
001B,SENSOR,1,UNIFIED,"t=80 [HELLO_TX] bat=100% nbr=12"
001B,SENSOR,1,UNIFIED,"t=86 [HELLO_TX] bat=100% nbr=12"
001B,SENSOR,1,UNIFIED,"t=96 [HELLO_TX] bat=100% nbr=12"
001B,SENSOR,1,UNIFIED,"t=103 [HELLO_TX] bat=100% nbr=12"
001B,SENSOR,1,UNIFIED,"t=112 [HELLO_TX] bat=100% nbr=12"
001B,SENSOR,1,UNIFIED,"t=122 [HELLO_TX] bat=100% nbr=12"
001B,SENSOR,1,UNIFIED,"t=123 [HELLO_RX] NEW 0008 tier=1(UNK) verified=0 rssi=0.2"
001B,SENSOR,1,UNIFIED,"t=127 [HELLO_TX] bat=100% nbr=13"
001B,SENSOR,1,UNIFIED,"t=133 [HELLO_TX] bat=100% nbr=13"
001B,SENSOR,1,UNIFIED,"t=141 [HELLO_TX] bat=100% nbr=13"
001B,SENSOR,1,UNIFIED,"t=148 [HELLO_TX] bat=100% nbr=13"
001B,SENSOR,1,UNIFIED,"t=156 [HELLO_TX] bat=100% nbr=13"
001B,SENSOR,1,UNIFIED,"t=166 [HELLO_TX] bat=100% nbr=13"
001B,SENSOR,1,UNIFIED,"t=174 [HELLO_TX] bat=100% nbr=13"
001B,SENSOR,1,UNIFIED,"t=178 [HELLO_TX] bat=100% nbr=13"
001B,SENSOR,1,UNIFIED,"t=186 [HELLO_TX] bat=100% nbr=13"
001B,SENSOR,1,UNIFIED,"t=192 [HELLO_TX] bat=100% nbr=13"
001B,SENSOR,1,UNIFIED,"t=197 [HELLO_TX] bat=100% nbr=13"
001B,SENSOR,1,UNIFIED,"t=202 [HELLO_TX] bat=100% nbr=13"
001B,SENSOR,1,UNIFIED,"t=208 [HELLO_TX] bat=100% nbr=13"
001B,SENSOR,1,UNIFIED,"t=215 [HELLO_TX] bat=100% nbr=13"
001B,SENSOR,1,UNIFIED,"t=223 [HELLO_TX] bat=100% nbr=13"
001B,SENSOR,1,UNIFIED,"t=231 [HELLO_TX] bat=100% nbr=13"
001B,SENSOR,1,UNIFIED,"t=239 [HELLO_TX] bat=100% nbr=13"
001B,SENSOR,1,UNIFIED,"t=249 [HELLO_TX] bat=100% nbr=13"
001C,SENSOR,1,UNIFIED,"t=4 [HELLO_RX] NEW 000F tier=1(UNK) verified=0 rssi=0.8"
001C,SENSOR,1,UNIFIED,"t=7 [HELLO_TX] bat=100% nbr=1"
001C,SENSOR,1,UNIFIED,"t=8 [HELLO_RX] NEW 0011 tier=1(UNK) verified=0 rssi=1.3"
001C,SENSOR,1,UNIFIED,"t=10 [HELLO_RX] NEW 0038 tier=1(UNK) verified=0 rssi=2.9"
001C,SENSOR,1,UNIFIED,"t=17 [HELLO_TX] bat=100% nbr=3"
001C,SENSOR,1,UNIFIED,"t=18 [HELLO_RX] NEW 0062 tier=1(UNK) verified=0 rssi=0.2"
001C,SENSOR,1,UNIFIED,"t=21 [HELLO_TX] bat=100% nbr=4"
001C,SENSOR,1,UNIFIED,"t=22 [HELLO_RX] NEW FF0C tier=3(GWN) verified=0 rssi=0.3"
001C,SENSOR,1,UNIFIED,"t=23 [HELLO_RX] NEW 003A tier=1(UNK) verified=0 rssi=0.2"
001C,SENSOR,1,UNIFIED,"t=26 [HELLO_RX] NEW 0039 tier=1(UNK) verified=0 rssi=0.4"
001C,SENSOR,1,UNIFIED,"t=29 [HELLO_TX] bat=100% nbr=7"
001C,SENSOR,1,UNIFIED,"t=31 [HELLO_RX] NEW 0057 tier=1(UNK) verified=0 rssi=0.2"
001C,SENSOR,1,UNIFIED,"t=36 [HELLO_TX] bat=100% nbr=8"
001C,SENSOR,1,UNIFIED,"t=39 [HELLO_RX] NEW 0010 tier=1(UNK) verified=0 rssi=0.7"
001C,SENSOR,1,UNIFIED,"t=44 [HELLO_TX] bat=100% nbr=9"
001C,SENSOR,1,UNIFIED,"t=53 [HELLO_TX] bat=100% nbr=9"
001C,SENSOR,1,UNIFIED,"t=57 [HELLO_TX] bat=100% nbr=9"
001C,SENSOR,1,UNIFIED,"t=61 [HELLO_RX] NEW 004D tier=1(UNK) verified=0 rssi=0.4"
001C,SENSOR,1,UNIFIED,"t=62 [HELLO_TX] bat=100% nbr=10"
001C,SENSOR,1,UNIFIED,"t=66 [HELLO_TX] bat=100% nbr=10"
001C,SENSOR,1,UNIFIED,"t=72 [HELLO_TX] bat=100% nbr=10"
001C,SENSOR,1,UNIFIED,"t=77 [HELLO_TX] bat=100% nbr=10"
001C,SENSOR,1,UNIFIED,"t=84 [HELLO_TX] bat=100% nbr=10"
001C,SENSOR,1,UNIFIED,"t=90 [HELLO_TX] bat=100% nbr=10"
001C,SENSOR,1,UNIFIED,"t=98 [HELLO_TX] bat=100% nbr=10"
001C,SENSOR,1,UNIFIED,"t=101 [HELLO_RX] NEW AA04 tier=2(CH) verified=0 rssi=0.2"
001C,SENSOR,1,UNIFIED,"t=106 [HELLO_TX] bat=100% nbr=11"
001C,SENSOR,1,UNIFIED,"t=115 [HELLO_TX] bat=100% nbr=11"
001C,SENSOR,1,UNIFIED,"t=119 [HELLO_RX] NEW 0027 tier=1(UNK) verified=0 rssi=0.2"
001C,SENSOR,1,UNIFIED,"t=124 [HELLO_TX] bat=100% nbr=12"
001C,SENSOR,1,UNIFIED,"t=129 [HELLO_TX] bat=100% nbr=12"
001C,SENSOR,1,UNIFIED,"t=135 [HELLO_TX] bat=100% nbr=12"
001C,SENSOR,1,UNIFIED,"t=142 [HELLO_TX] bat=100% nbr=12"
001C,SENSOR,1,UNIFIED,"t=149 [HELLO_TX] bat=100% nbr=12"
001C,SENSOR,1,UNIFIED,"t=158 [HELLO_TX] bat=100% nbr=12"
001C,SENSOR,1,UNIFIED,"t=166 [HELLO_TX] bat=100% nbr=12"
001C,SENSOR,1,UNIFIED,"t=171 [HELLO_TX] bat=100% nbr=12"
001C,SENSOR,1,UNIFIED,"t=178 [HELLO_TX] bat=100% nbr=12"
001C,SENSOR,1,UNIFIED,"t=183 [HELLO_TX] bat=100% nbr=12"
001C,SENSOR,1,UNIFIED,"t=188 [HELLO_TX] bat=100% nbr=12"
001C,SENSOR,1,UNIFIED,"t=195 [HELLO_TX] bat=100% nbr=12"
001C,SENSOR,1,UNIFIED,"t=203 [HELLO_TX] bat=100% nbr=12"
001C,SENSOR,1,UNIFIED,"t=207 [HELLO_TX] bat=100% nbr=12"
001C,SENSOR,1,UNIFIED,"t=211 [HELLO_TX] bat=100% nbr=12"
001C,SENSOR,1,UNIFIED,"t=221 [HELLO_TX] bat=100% nbr=12"
001C,SENSOR,1,UNIFIED,"t=227 [HELLO_TX] bat=100% nbr=12"
001C,SENSOR,1,UNIFIED,"t=233 [HELLO_TX] bat=100% nbr=12"
001C,SENSOR,1,UNIFIED,"t=238 [HELLO_TX] bat=100% nbr=12"
001C,SENSOR,1,UNIFIED,"t=247 [HELLO_TX] bat=100% nbr=12"
001D,SENSOR,1,UNIFIED,"t=5 [HELLO_RX] NEW FF01 tier=3(GWN) verified=0 rssi=0.3"
001D,SENSOR,1,UNIFIED,"t=6 [HELLO_RX] NEW 002B tier=1(UNK) verified=0 rssi=7.0"
001D,SENSOR,1,UNIFIED,"t=7 [HELLO_RX] NEW 0024 tier=1(UNK) verified=0 rssi=0.3"
001D,SENSOR,1,UNIFIED,"t=8 [HELLO_TX] bat=100% nbr=3"
001D,SENSOR,1,UNIFIED,"t=8 [HELLO_RX] NEW 005E tier=1(UNK) verified=0 rssi=4.0"
001D,SENSOR,1,UNIFIED,"t=10 [HELLO_RX] NEW 000C tier=1(UNK) verified=0 rssi=0.3"
001D,SENSOR,1,UNIFIED,"t=13 [HELLO_RX] NEW AA05 tier=2(CH) verified=0 rssi=0.8"
001D,SENSOR,1,UNIFIED,"t=14 [HELLO_RX] NEW AA03 tier=2(CH) verified=0 rssi=1.9"
001D,SENSOR,1,UNIFIED,"t=16 [HELLO_TX] bat=100% nbr=7"
001D,SENSOR,1,UNIFIED,"t=20 [HELLO_TX] bat=100% nbr=7"
001D,SENSOR,1,UNIFIED,"t=20 [HELLO_RX] NEW 005D tier=1(UNK) verified=0 rssi=1.9"
001D,SENSOR,1,UNIFIED,"t=24 [HELLO_TX] bat=100% nbr=8"
001D,SENSOR,1,UNIFIED,"t=29 [HELLO_TX] bat=100% nbr=8"
001D,SENSOR,1,UNIFIED,"t=32 [HELLO_RX] NEW 0025 tier=1(UNK) verified=0 rssi=0.7"
001D,SENSOR,1,UNIFIED,"t=35 [HELLO_RX] NEW 002C tier=1(UNK) verified=0 rssi=0.3"
001D,SENSOR,1,UNIFIED,"t=36 [HELLO_TX] bat=100% nbr=10"
001D,SENSOR,1,UNIFIED,"t=43 [HELLO_TX] bat=100% nbr=10"
001D,SENSOR,1,UNIFIED,"t=53 [HELLO_TX] bat=100% nbr=10"
001D,SENSOR,1,UNIFIED,"t=60 [HELLO_TX] bat=100% nbr=10"
001D,SENSOR,1,UNIFIED,"t=64 [HELLO_TX] bat=100% nbr=10"
001D,SENSOR,1,UNIFIED,"t=72 [HELLO_TX] bat=100% nbr=10"
001D,SENSOR,1,UNIFIED,"t=76 [HELLO_TX] bat=100% nbr=10"
001D,SENSOR,1,UNIFIED,"t=85 [HELLO_TX] bat=100% nbr=10"
001D,SENSOR,1,UNIFIED,"t=85 [HELLO_RX] NEW FF0A tier=3(GWN) verified=1 rssi=0.2"
001D,SENSOR,1,UNIFIED,"t=94 [HELLO_TX] bat=100% nbr=11"
001D,SENSOR,1,UNIFIED,"t=99 [HELLO_TX] bat=100% nbr=11"
001D,SENSOR,1,UNIFIED,"t=107 [HELLO_TX] bat=100% nbr=11"
001D,SENSOR,1,UNIFIED,"t=115 [HELLO_TX] bat=100% nbr=11"
001D,SENSOR,1,UNIFIED,"t=123 [HELLO_TX] bat=100% nbr=11"
001D,SENSOR,1,UNIFIED,"t=129 [HELLO_TX] bat=100% nbr=11"
001D,SENSOR,1,UNIFIED,"t=135 [HELLO_TX] bat=100% nbr=11"
001D,SENSOR,1,UNIFIED,"t=135 [HELLO_RX] NEW FF08 tier=3(GWN) verified=1 rssi=0.1"
001D,SENSOR,1,UNIFIED,"t=145 [HELLO_TX] bat=100% nbr=12"
001D,SENSOR,1,UNIFIED,"t=153 [HELLO_TX] bat=100% nbr=12"
001D,SENSOR,1,UNIFIED,"t=160 [HELLO_TX] bat=100% nbr=12"
001D,SENSOR,1,UNIFIED,"t=169 [HELLO_TX] bat=100% nbr=12"
001D,SENSOR,1,UNIFIED,"t=178 [HELLO_TX] bat=100% nbr=12"
001D,SENSOR,1,UNIFIED,"t=188 [HELLO_TX] bat=100% nbr=12"
001D,SENSOR,1,UNIFIED,"t=193 [HELLO_TX] bat=100% nbr=12"
001D,SENSOR,1,UNIFIED,"t=200 [HELLO_TX] bat=100% nbr=12"
001D,SENSOR,1,UNIFIED,"t=207 [HELLO_TX] bat=100% nbr=12"
001D,SENSOR,1,UNIFIED,"t=212 [HELLO_TX] bat=100% nbr=12"
001D,SENSOR,1,UNIFIED,"t=221 [HELLO_TX] bat=100% nbr=12"
001D,SENSOR,1,UNIFIED,"t=226 [HELLO_TX] bat=100% nbr=12"
001D,SENSOR,1,UNIFIED,"t=233 [HELLO_TX] bat=100% nbr=12"
001D,SENSOR,1,UNIFIED,"t=241 [HELLO_TX] bat=100% nbr=12"
001E,SENSOR,1,UNIFIED,"t=4 [HELLO_RX] NEW 0001 tier=1(UNK) verified=0 rssi=2.1"
001E,SENSOR,1,UNIFIED,"t=5 [HELLO_RX] NEW AA06 tier=2(CH) verified=0 rssi=3.9"
001E,SENSOR,1,UNIFIED,"t=7 [HELLO_TX] bat=100% nbr=2"
001E,SENSOR,1,UNIFIED,"t=7 [HELLO_RX] NEW AA09 tier=2(CH) verified=0 rssi=0.3"
001E,SENSOR,1,UNIFIED,"t=8 [HELLO_RX] NEW 002F tier=1(UNK) verified=0 rssi=3.9"
001E,SENSOR,1,UNIFIED,"t=9 [HELLO_RX] NEW 0017 tier=1(UNK) verified=0 rssi=2.3"
001E,SENSOR,1,UNIFIED,"t=14 [HELLO_TX] bat=100% nbr=5"
001E,SENSOR,1,UNIFIED,"t=17 [HELLO_RX] NEW 000D tier=1(UNK) verified=0 rssi=0.3"
001E,SENSOR,1,UNIFIED,"t=18 [HELLO_RX] NEW 0007 tier=1(UNK) verified=0 rssi=0.8"
001E,SENSOR,1,UNIFIED,"t=19 [HELLO_TX] bat=100% nbr=7"
001E,SENSOR,1,UNIFIED,"t=20 [HELLO_RX] NEW 0059 tier=1(UNK) verified=0 rssi=0.7"
001E,SENSOR,1,UNIFIED,"t=25 [HELLO_RX] NEW 0021 tier=1(UNK) verified=0 rssi=0.7"
001E,SENSOR,1,UNIFIED,"t=27 [HELLO_TX] bat=100% nbr=9"
001E,SENSOR,1,UNIFIED,"t=31 [HELLO_TX] bat=100% nbr=9"
001E,SENSOR,1,UNIFIED,"t=35 [HELLO_TX] bat=100% nbr=9"
001E,SENSOR,1,UNIFIED,"t=38 [HELLO_RX] NEW 0049 tier=1(UNK) verified=0 rssi=0.2"
001E,SENSOR,1,UNIFIED,"t=44 [HELLO_RX] NEW AA02 tier=2(CH) verified=0 rssi=0.4"
001E,SENSOR,1,UNIFIED,"t=45 [HELLO_TX] bat=100% nbr=11"
001E,SENSOR,1,UNIFIED,"t=50 [HELLO_RX] NEW 005F tier=1(UNK) verified=0 rssi=0.3"
001E,SENSOR,1,UNIFIED,"t=54 [HELLO_TX] bat=100% nbr=12"
001E,SENSOR,1,UNIFIED,"t=55 [HELLO_RX] NEW 0008 tier=1(UNK) verified=0 rssi=1.0"
001E,SENSOR,1,UNIFIED,"t=61 [HELLO_TX] bat=100% nbr=13"
001E,SENSOR,1,UNIFIED,"t=66 [HELLO_TX] bat=100% nbr=13"
001E,SENSOR,1,UNIFIED,"t=70 [HELLO_TX] bat=100% nbr=13"
001E,SENSOR,1,UNIFIED,"t=77 [HELLO_TX] bat=100% nbr=13"
001E,SENSOR,1,UNIFIED,"t=82 [HELLO_TX] bat=100% nbr=13"
001E,SENSOR,1,UNIFIED,"t=87 [HELLO_TX] bat=100% nbr=13"
001E,SENSOR,1,UNIFIED,"t=92 [HELLO_TX] bat=100% nbr=13"
001E,SENSOR,1,UNIFIED,"t=100 [HELLO_TX] bat=100% nbr=13"
001E,SENSOR,1,UNIFIED,"t=103 [HELLO_RX] NEW FF04 tier=3(GWN) verified=1 rssi=0.2"
001E,SENSOR,1,UNIFIED,"t=109 [HELLO_TX] bat=100% nbr=14"
001E,SENSOR,1,UNIFIED,"t=119 [HELLO_TX] bat=100% nbr=14"
001E,SENSOR,1,UNIFIED,"t=123 [HELLO_TX] bat=100% nbr=14"
001E,SENSOR,1,UNIFIED,"t=128 [HELLO_RX] NEW 0031 tier=1(UNK) verified=0 rssi=0.2"
001E,SENSOR,1,UNIFIED,"t=132 [HELLO_TX] bat=100% nbr=15"
001E,SENSOR,1,UNIFIED,"t=136 [HELLO_RX] NEW 0033 tier=1(UNK) verified=0 rssi=0.2"
001E,SENSOR,1,UNIFIED,"t=139 [HELLO_TX] bat=100% nbr=16"
001E,SENSOR,1,UNIFIED,"t=144 [HELLO_TX] bat=100% nbr=16"
001E,SENSOR,1,UNIFIED,"t=150 [HELLO_TX] bat=100% nbr=16"
001E,SENSOR,1,UNIFIED,"t=151 [HELLO_RX] NEW 004E tier=1(UNK) verified=0 rssi=0.2"
001E,SENSOR,1,UNIFIED,"t=157 [HELLO_TX] bat=100% nbr=17"
001E,SENSOR,1,UNIFIED,"t=163 [HELLO_TX] bat=100% nbr=17"
001E,SENSOR,1,UNIFIED,"t=171 [HELLO_TX] bat=100% nbr=17"
001E,SENSOR,1,UNIFIED,"t=176 [HELLO_TX] bat=100% nbr=17"
001E,SENSOR,1,UNIFIED,"t=179 [HELLO_RX] NEW AA08 tier=2(CH) verified=0 rssi=0.3"
001E,SENSOR,1,UNIFIED,"t=184 [HELLO_TX] bat=100% nbr=18"
001E,SENSOR,1,UNIFIED,"t=193 [HELLO_TX] bat=100% nbr=18"
001E,SENSOR,1,UNIFIED,"t=201 [HELLO_TX] bat=100% nbr=18"
001E,SENSOR,1,UNIFIED,"t=203 [HELLO_RX] NEW 004B tier=1(UNK) verified=0 rssi=0.2"
001E,SENSOR,1,UNIFIED,"t=209 [HELLO_TX] bat=100% nbr=19"
001E,SENSOR,1,UNIFIED,"t=215 [HELLO_TX] bat=100% nbr=19"
001E,SENSOR,1,UNIFIED,"t=224 [HELLO_TX] bat=100% nbr=19"
001E,SENSOR,1,UNIFIED,"t=228 [HELLO_RX] NEW 0014 tier=1(UNK) verified=0 rssi=0.2"
001E,SENSOR,1,UNIFIED,"t=232 [HELLO_TX] bat=100% nbr=20"
001E,SENSOR,1,UNIFIED,"t=241 [HELLO_TX] bat=100% nbr=20"
001E,SENSOR,1,UNIFIED,"t=246 [HELLO_TX] bat=100% nbr=20"
001F,SENSOR,1,UNIFIED,"t=4 [HELLO_RX] NEW 0020 tier=1(UNK) verified=0 rssi=1.3"
001F,SENSOR,1,UNIFIED,"t=5 [HELLO_RX] NEW 002A tier=1(UNK) verified=0 rssi=0.4"
001F,SENSOR,1,UNIFIED,"t=7 [HELLO_RX] NEW 0041 tier=1(UNK) verified=0 rssi=1.0"
001F,SENSOR,1,UNIFIED,"t=8 [HELLO_RX] NEW 005C tier=1(UNK) verified=0 rssi=0.6"
001F,SENSOR,1,UNIFIED,"t=9 [HELLO_TX] bat=100% nbr=4"
001F,SENSOR,1,UNIFIED,"t=10 [HELLO_RX] NEW 005B tier=1(UNK) verified=0 rssi=10.7"
001F,SENSOR,1,UNIFIED,"t=14 [HELLO_RX] NEW 001A tier=1(UNK) verified=0 rssi=0.2"
001F,SENSOR,1,UNIFIED,"t=15 [HELLO_RX] NEW 0005 tier=1(UNK) verified=0 rssi=1.1"
001F,SENSOR,1,UNIFIED,"t=16 [HELLO_RX] NEW 0023 tier=1(UNK) verified=0 rssi=0.3"
001F,SENSOR,1,UNIFIED,"t=17 [HELLO_RX] NEW FF0B tier=3(GWN) verified=0 rssi=0.5"
001F,SENSOR,1,UNIFIED,"t=18 [HELLO_TX] bat=100% nbr=9"
001F,SENSOR,1,UNIFIED,"t=18 [HELLO_RX] NEW AA0A tier=2(CH) verified=0 rssi=1.0"
001F,SENSOR,1,UNIFIED,"t=23 [HELLO_TX] bat=100% nbr=10"
001F,SENSOR,1,UNIFIED,"t=23 [HELLO_RX] NEW 0030 tier=1(UNK) verified=0 rssi=0.2"
001F,SENSOR,1,UNIFIED,"t=28 [HELLO_RX] NEW AA05 tier=2(CH) verified=0 rssi=0.2"
001F,SENSOR,1,UNIFIED,"t=33 [HELLO_TX] bat=100% nbr=12"
001F,SENSOR,1,UNIFIED,"t=38 [HELLO_TX] bat=100% nbr=12"
001F,SENSOR,1,UNIFIED,"t=43 [HELLO_TX] bat=100% nbr=12"
001F,SENSOR,1,UNIFIED,"t=49 [HELLO_TX] bat=100% nbr=12"
001F,SENSOR,1,UNIFIED,"t=59 [HELLO_TX] bat=100% nbr=12"
001F,SENSOR,1,UNIFIED,"t=63 [HELLO_TX] bat=100% nbr=12"
001F,SENSOR,1,UNIFIED,"t=72 [HELLO_TX] bat=100% nbr=12"
001F,SENSOR,1,UNIFIED,"t=72 [HELLO_RX] NEW 000C tier=1(UNK) verified=0 rssi=0.3"
001F,SENSOR,1,UNIFIED,"t=77 [HELLO_RX] NEW 0045 tier=1(UNK) verified=0 rssi=0.2"
001F,SENSOR,1,UNIFIED,"t=78 [HELLO_TX] bat=100% nbr=14"
001F,SENSOR,1,UNIFIED,"t=79 [HELLO_RX] NEW 0052 tier=1(UNK) verified=0 rssi=0.3"
001F,SENSOR,1,UNIFIED,"t=84 [HELLO_TX] bat=100% nbr=15"
001F,SENSOR,1,UNIFIED,"t=90 [HELLO_TX] bat=100% nbr=15"
001F,SENSOR,1,UNIFIED,"t=94 [HELLO_RX] NEW 0029 tier=1(UNK) verified=0 rssi=0.2"
001F,SENSOR,1,UNIFIED,"t=97 [HELLO_TX] bat=100% nbr=16"
001F,SENSOR,1,UNIFIED,"t=101 [HELLO_TX] bat=100% nbr=16"
001F,SENSOR,1,UNIFIED,"t=110 [HELLO_TX] bat=100% nbr=16"
001F,SENSOR,1,UNIFIED,"t=117 [HELLO_TX] bat=100% nbr=16"
001F,SENSOR,1,UNIFIED,"t=118 [HELLO_RX] NEW AA03 tier=2(CH) verified=0 rssi=0.2"
001F,SENSOR,1,UNIFIED,"t=126 [HELLO_TX] bat=100% nbr=17"
001F,SENSOR,1,UNIFIED,"t=135 [HELLO_TX] bat=100% nbr=17"
001F,SENSOR,1,UNIFIED,"t=143 [HELLO_TX] bat=100% nbr=17"
001F,SENSOR,1,UNIFIED,"t=145 [HELLO_RX] NEW 0043 tier=1(UNK) verified=0 rssi=0.2"
001F,SENSOR,1,UNIFIED,"t=152 [HELLO_TX] bat=100% nbr=18"
001F,SENSOR,1,UNIFIED,"t=156 [HELLO_TX] bat=100% nbr=18"
001F,SENSOR,1,UNIFIED,"t=159 [HELLO_RX] NEW FF01 tier=3(GWN) verified=1 rssi=0.1"
001F,SENSOR,1,UNIFIED,"t=163 [HELLO_TX] bat=100% nbr=19"
001F,SENSOR,1,UNIFIED,"t=172 [HELLO_TX] bat=100% nbr=19"
001F,SENSOR,1,UNIFIED,"t=179 [HELLO_TX] bat=100% nbr=19"
001F,SENSOR,1,UNIFIED,"t=188 [HELLO_TX] bat=100% nbr=19"
001F,SENSOR,1,UNIFIED,"t=195 [HELLO_TX] bat=100% nbr=19"
001F,SENSOR,1,UNIFIED,"t=204 [HELLO_TX] bat=100% nbr=19"
001F,SENSOR,1,UNIFIED,"t=214 [HELLO_TX] bat=100% nbr=19"
001F,SENSOR,1,UNIFIED,"t=221 [HELLO_TX] bat=100% nbr=19"
001F,SENSOR,1,UNIFIED,"t=230 [HELLO_TX] bat=100% nbr=19"
001F,SENSOR,1,UNIFIED,"t=236 [HELLO_TX] bat=100% nbr=19"
001F,SENSOR,1,UNIFIED,"t=242 [HELLO_TX] bat=100% nbr=19"
001F,SENSOR,1,UNIFIED,"t=248 [HELLO_TX] bat=100% nbr=19"
0020,SENSOR,1,UNIFIED,"t=4 [HELLO_TX] bat=100% nbr=0"
0020,SENSOR,1,UNIFIED,"t=5 [HELLO_RX] NEW 002A tier=1(UNK) verified=0 rssi=3.3"
0020,SENSOR,1,UNIFIED,"t=6 [HELLO_RX] NEW 0005 tier=1(UNK) verified=0 rssi=0.5"
0020,SENSOR,1,UNIFIED,"t=8 [HELLO_RX] NEW AA03 tier=2(CH) verified=0 rssi=0.2"
0020,SENSOR,1,UNIFIED,"t=9 [HELLO_RX] NEW 001F tier=1(UNK) verified=0 rssi=1.3"
0020,SENSOR,1,UNIFIED,"t=12 [HELLO_TX] bat=100% nbr=4"
0020,SENSOR,1,UNIFIED,"t=12 [HELLO_RX] NEW 0029 tier=1(UNK) verified=0 rssi=0.5"
0020,SENSOR,1,UNIFIED,"t=13 [HELLO_RX] NEW 0045 tier=1(UNK) verified=0 rssi=0.5"
0020,SENSOR,1,UNIFIED,"t=17 [HELLO_RX] NEW 000C tier=1(UNK) verified=0 rssi=0.4"
0020,SENSOR,1,UNIFIED,"t=19 [HELLO_TX] bat=100% nbr=7"
0020,SENSOR,1,UNIFIED,"t=26 [HELLO_TX] bat=100% nbr=7"
0020,SENSOR,1,UNIFIED,"t=28 [HELLO_RX] NEW 005B tier=1(UNK) verified=0 rssi=0.6"
0020,SENSOR,1,UNIFIED,"t=30 [HELLO_TX] bat=100% nbr=8"
0020,SENSOR,1,UNIFIED,"t=31 [HELLO_RX] NEW 0052 tier=1(UNK) verified=0 rssi=0.4"
0020,SENSOR,1,UNIFIED,"t=37 [HELLO_TX] bat=100% nbr=9"
0020,SENSOR,1,UNIFIED,"t=47 [HELLO_TX] bat=100% nbr=9"
0020,SENSOR,1,UNIFIED,"t=47 [HELLO_RX] NEW FF01 tier=3(GWN) verified=0 rssi=0.1"
0020,SENSOR,1,UNIFIED,"t=51 [HELLO_RX] NEW AA0A tier=2(CH) verified=0 rssi=0.4"
0020,SENSOR,1,UNIFIED,"t=54 [HELLO_TX] bat=100% nbr=11"
0020,SENSOR,1,UNIFIED,"t=58 [HELLO_TX] bat=100% nbr=11"
0020,SENSOR,1,UNIFIED,"t=62 [HELLO_RX] NEW 005C tier=1(UNK) verified=0 rssi=0.2"
0020,SENSOR,1,UNIFIED,"t=68 [HELLO_TX] bat=100% nbr=12"
0020,SENSOR,1,UNIFIED,"t=78 [HELLO_TX] bat=100% nbr=12"
0020,SENSOR,1,UNIFIED,"t=86 [HELLO_TX] bat=100% nbr=12"
0020,SENSOR,1,UNIFIED,"t=91 [HELLO_RX] NEW FF0B tier=3(GWN) verified=1 rssi=0.3"
0020,SENSOR,1,UNIFIED,"t=94 [HELLO_TX] bat=100% nbr=13"
0020,SENSOR,1,UNIFIED,"t=98 [HELLO_TX] bat=100% nbr=13"
0020,SENSOR,1,UNIFIED,"t=103 [HELLO_TX] bat=100% nbr=13"
0020,SENSOR,1,UNIFIED,"t=113 [HELLO_TX] bat=100% nbr=13"
0020,SENSOR,1,UNIFIED,"t=119 [HELLO_TX] bat=100% nbr=13"
0020,SENSOR,1,UNIFIED,"t=124 [HELLO_TX] bat=100% nbr=13"
0020,SENSOR,1,UNIFIED,"t=127 [HELLO_RX] NEW AA05 tier=2(CH) verified=0 rssi=0.2"
0020,SENSOR,1,UNIFIED,"t=132 [HELLO_TX] bat=100% nbr=14"
0020,SENSOR,1,UNIFIED,"t=141 [HELLO_TX] bat=100% nbr=14"
0020,SENSOR,1,UNIFIED,"t=151 [HELLO_TX] bat=100% nbr=14"
0020,SENSOR,1,UNIFIED,"t=156 [HELLO_TX] bat=100% nbr=14"
0020,SENSOR,1,UNIFIED,"t=162 [HELLO_TX] bat=100% nbr=14"
0020,SENSOR,1,UNIFIED,"t=168 [HELLO_RX] NEW FF02 tier=3(GWN) verified=1 rssi=0.1"
0020,SENSOR,1,UNIFIED,"t=170 [HELLO_TX] bat=100% nbr=15"
0020,SENSOR,1,UNIFIED,"t=174 [HELLO_TX] bat=100% nbr=15"
0020,SENSOR,1,UNIFIED,"t=183 [HELLO_TX] bat=100% nbr=15"
0020,SENSOR,1,UNIFIED,"t=193 [HELLO_TX] bat=100% nbr=15"
0020,SENSOR,1,UNIFIED,"t=200 [HELLO_RX] NEW 0041 tier=1(UNK) verified=0 rssi=0.2"
0020,SENSOR,1,UNIFIED,"t=203 [HELLO_TX] bat=100% nbr=16"
0020,SENSOR,1,UNIFIED,"t=212 [HELLO_TX] bat=100% nbr=16"
0020,SENSOR,1,UNIFIED,"t=220 [HELLO_TX] bat=100% nbr=16"
0020,SENSOR,1,UNIFIED,"t=228 [HELLO_TX] bat=100% nbr=16"
0020,SENSOR,1,UNIFIED,"t=236 [HELLO_TX] bat=100% nbr=16"
0020,SENSOR,1,UNIFIED,"t=242 [HELLO_TX] bat=100% nbr=16"
0021,SENSOR,1,UNIFIED,"t=4 [HELLO_RX] NEW 0001 tier=1(UNK) verified=0 rssi=0.7"
0021,SENSOR,1,UNIFIED,"t=5 [HELLO_RX] NEW AA06 tier=2(CH) verified=0 rssi=10.5"
0021,SENSOR,1,UNIFIED,"t=7 [HELLO_RX] NEW AA09 tier=2(CH) verified=0 rssi=1.3"
0021,SENSOR,1,UNIFIED,"t=8 [HELLO_TX] bat=100% nbr=3"
0021,SENSOR,1,UNIFIED,"t=9 [HELLO_RX] NEW 0017 tier=1(UNK) verified=0 rssi=4.8"
0021,SENSOR,1,UNIFIED,"t=10 [HELLO_RX] NEW FF04 tier=3(GWN) verified=0 rssi=0.4"
0021,SENSOR,1,UNIFIED,"t=12 [HELLO_RX] NEW 000D tier=1(UNK) verified=0 rssi=5.2"
0021,SENSOR,1,UNIFIED,"t=14 [HELLO_RX] NEW 001E tier=1(UNK) verified=0 rssi=0.7"
0021,SENSOR,1,UNIFIED,"t=16 [HELLO_TX] bat=100% nbr=7"
0021,SENSOR,1,UNIFIED,"t=16 [HELLO_RX] NEW AA02 tier=2(CH) verified=0 rssi=1.3"
0021,SENSOR,1,UNIFIED,"t=18 [HELLO_RX] NEW 004E tier=1(UNK) verified=0 rssi=0.2"
0021,SENSOR,1,UNIFIED,"t=22 [HELLO_RX] NEW 0063 tier=1(UNK) verified=0 rssi=0.2"
0021,SENSOR,1,UNIFIED,"t=25 [HELLO_TX] bat=100% nbr=10"
0021,SENSOR,1,UNIFIED,"t=34 [HELLO_RX] NEW AA08 tier=2(CH) verified=0 rssi=0.2"
0021,SENSOR,1,UNIFIED,"t=35 [HELLO_TX] bat=100% nbr=11"
0021,SENSOR,1,UNIFIED,"t=45 [HELLO_TX] bat=100% nbr=11"
0021,SENSOR,1,UNIFIED,"t=47 [HELLO_RX] NEW FF09 tier=3(GWN) verified=0 rssi=0.1"
0021,SENSOR,1,UNIFIED,"t=52 [HELLO_TX] bat=100% nbr=12"
0021,SENSOR,1,UNIFIED,"t=61 [HELLO_TX] bat=100% nbr=12"
0021,SENSOR,1,UNIFIED,"t=67 [HELLO_TX] bat=100% nbr=12"
0021,SENSOR,1,UNIFIED,"t=74 [HELLO_TX] bat=100% nbr=12"
0021,SENSOR,1,UNIFIED,"t=75 [HELLO_RX] NEW 004B tier=1(UNK) verified=0 rssi=0.2"
0021,SENSOR,1,UNIFIED,"t=76 [HELLO_RX] NEW 0059 tier=1(UNK) verified=0 rssi=0.2"
0021,SENSOR,1,UNIFIED,"t=84 [HELLO_TX] bat=100% nbr=14"
0021,SENSOR,1,UNIFIED,"t=89 [HELLO_RX] NEW 002F tier=1(UNK) verified=0 rssi=0.3"
0021,SENSOR,1,UNIFIED,"t=90 [HELLO_TX] bat=100% nbr=15"
0021,SENSOR,1,UNIFIED,"t=97 [HELLO_TX] bat=100% nbr=15"
0021,SENSOR,1,UNIFIED,"t=102 [HELLO_TX] bat=100% nbr=15"
0021,SENSOR,1,UNIFIED,"t=106 [HELLO_TX] bat=100% nbr=15"
0021,SENSOR,1,UNIFIED,"t=110 [HELLO_TX] bat=100% nbr=15"
0021,SENSOR,1,UNIFIED,"t=112 [HELLO_RX] NEW FF07 tier=3(GWN) verified=1 rssi=0.2"
0021,SENSOR,1,UNIFIED,"t=117 [HELLO_TX] bat=100% nbr=16"
0021,SENSOR,1,UNIFIED,"t=124 [HELLO_TX] bat=100% nbr=16"
0021,SENSOR,1,UNIFIED,"t=134 [HELLO_TX] bat=100% nbr=16"
0021,SENSOR,1,UNIFIED,"t=136 [HELLO_RX] NEW AA01 tier=2(CH) verified=0 rssi=0.2"
0021,SENSOR,1,UNIFIED,"t=140 [HELLO_TX] bat=100% nbr=17"
0021,SENSOR,1,UNIFIED,"t=147 [HELLO_RX] NEW FF02 tier=3(GWN) verified=1 rssi=0.1"
0021,SENSOR,1,UNIFIED,"t=149 [HELLO_TX] bat=100% nbr=18"
0021,SENSOR,1,UNIFIED,"t=155 [HELLO_TX] bat=100% nbr=18"
0021,SENSOR,1,UNIFIED,"t=161 [HELLO_TX] bat=100% nbr=18"
0021,SENSOR,1,UNIFIED,"t=165 [HELLO_TX] bat=100% nbr=18"
0021,SENSOR,1,UNIFIED,"t=172 [HELLO_TX] bat=100% nbr=18"
0021,SENSOR,1,UNIFIED,"t=177 [HELLO_TX] bat=100% nbr=18"
0021,SENSOR,1,UNIFIED,"t=181 [HELLO_TX] bat=100% nbr=18"
0021,SENSOR,1,UNIFIED,"t=186 [HELLO_TX] bat=100% nbr=18"
0021,SENSOR,1,UNIFIED,"t=193 [HELLO_TX] bat=100% nbr=18"
0021,SENSOR,1,UNIFIED,"t=197 [HELLO_TX] bat=100% nbr=18"
0021,SENSOR,1,UNIFIED,"t=206 [HELLO_TX] bat=100% nbr=18"
0021,SENSOR,1,UNIFIED,"t=216 [HELLO_TX] bat=100% nbr=18"
0021,SENSOR,1,UNIFIED,"t=219 [HELLO_RX] NEW FF06 tier=3(GWN) verified=1 rssi=0.2"
0021,SENSOR,1,UNIFIED,"t=220 [HELLO_TX] bat=100% nbr=19"
0021,SENSOR,1,UNIFIED,"t=230 [HELLO_TX] bat=100% nbr=19"
0021,SENSOR,1,UNIFIED,"t=239 [HELLO_RX] NEW 0048 tier=1(UNK) verified=0 rssi=0.2"
0021,SENSOR,1,UNIFIED,"t=240 [HELLO_TX] bat=100% nbr=20"
0021,SENSOR,1,UNIFIED,"t=249 [HELLO_TX] bat=100% nbr=20"
0022,SENSOR,1,UNIFIED,"t=5 [HELLO_TX] bat=100% nbr=0"
0022,SENSOR,1,UNIFIED,"t=5 [HELLO_RX] NEW 001B tier=1(UNK) verified=0 rssi=1.1"
0022,SENSOR,1,UNIFIED,"t=6 [HELLO_RX] NEW 0062 tier=1(UNK) verified=0 rssi=1.9"
0022,SENSOR,1,UNIFIED,"t=7 [HELLO_RX] NEW 0027 tier=1(UNK) verified=0 rssi=9.1"
0022,SENSOR,1,UNIFIED,"t=8 [HELLO_RX] NEW 000B tier=1(UNK) verified=0 rssi=1.7"
0022,SENSOR,1,UNIFIED,"t=10 [HELLO_RX] NEW 004A tier=1(UNK) verified=0 rssi=0.4"
0022,SENSOR,1,UNIFIED,"t=12 [HELLO_RX] NEW FF0C tier=3(GWN) verified=0 rssi=5.8"
0022,SENSOR,1,UNIFIED,"t=15 [HELLO_TX] bat=100% nbr=6"
0022,SENSOR,1,UNIFIED,"t=16 [HELLO_RX] NEW 004D tier=1(UNK) verified=0 rssi=0.7"
0022,SENSOR,1,UNIFIED,"t=20 [HELLO_TX] bat=100% nbr=7"
0022,SENSOR,1,UNIFIED,"t=25 [HELLO_RX] NEW 0038 tier=1(UNK) verified=0 rssi=0.2"
0022,SENSOR,1,UNIFIED,"t=30 [HELLO_TX] bat=100% nbr=8"
0022,SENSOR,1,UNIFIED,"t=31 [HELLO_RX] NEW 0032 tier=1(UNK) verified=0 rssi=0.3"
0022,SENSOR,1,UNIFIED,"t=38 [HELLO_TX] bat=100% nbr=9"
0022,SENSOR,1,UNIFIED,"t=46 [HELLO_TX] bat=100% nbr=9"
0022,SENSOR,1,UNIFIED,"t=50 [HELLO_TX] bat=100% nbr=9"
0022,SENSOR,1,UNIFIED,"t=57 [HELLO_TX] bat=100% nbr=9"
0022,SENSOR,1,UNIFIED,"t=66 [HELLO_TX] bat=100% nbr=9"
0022,SENSOR,1,UNIFIED,"t=70 [HELLO_RX] NEW 0011 tier=1(UNK) verified=0 rssi=0.2"
0022,SENSOR,1,UNIFIED,"t=76 [HELLO_TX] bat=100% nbr=10"
0022,SENSOR,1,UNIFIED,"t=86 [HELLO_TX] bat=100% nbr=10"
0022,SENSOR,1,UNIFIED,"t=93 [HELLO_TX] bat=100% nbr=10"
0022,SENSOR,1,UNIFIED,"t=97 [HELLO_RX] NEW AA08 tier=2(CH) verified=0 rssi=0.2"
0022,SENSOR,1,UNIFIED,"t=101 [HELLO_TX] bat=100% nbr=11"
0022,SENSOR,1,UNIFIED,"t=105 [HELLO_TX] bat=100% nbr=11"
0022,SENSOR,1,UNIFIED,"t=112 [HELLO_TX] bat=100% nbr=11"
0022,SENSOR,1,UNIFIED,"t=118 [HELLO_TX] bat=100% nbr=11"
0022,SENSOR,1,UNIFIED,"t=126 [HELLO_TX] bat=100% nbr=11"
0022,SENSOR,1,UNIFIED,"t=130 [HELLO_TX] bat=100% nbr=11"
0022,SENSOR,1,UNIFIED,"t=139 [HELLO_TX] bat=100% nbr=11"
0022,SENSOR,1,UNIFIED,"t=148 [HELLO_TX] bat=100% nbr=11"
0022,SENSOR,1,UNIFIED,"t=158 [HELLO_TX] bat=100% nbr=11"
0022,SENSOR,1,UNIFIED,"t=163 [HELLO_TX] bat=100% nbr=11"
0022,SENSOR,1,UNIFIED,"t=168 [HELLO_TX] bat=100% nbr=11"
0022,SENSOR,1,UNIFIED,"t=172 [HELLO_RX] NEW 005F tier=1(UNK) verified=0 rssi=0.2"
0022,SENSOR,1,UNIFIED,"t=177 [HELLO_TX] bat=100% nbr=12"
0022,SENSOR,1,UNIFIED,"t=183 [HELLO_TX] bat=100% nbr=12"
0022,SENSOR,1,UNIFIED,"t=191 [HELLO_TX] bat=100% nbr=12"
0022,SENSOR,1,UNIFIED,"t=198 [HELLO_TX] bat=100% nbr=12"
0022,SENSOR,1,UNIFIED,"t=202 [HELLO_TX] bat=100% nbr=12"
0022,SENSOR,1,UNIFIED,"t=208 [HELLO_TX] bat=100% nbr=12"
0022,SENSOR,1,UNIFIED,"t=217 [HELLO_TX] bat=100% nbr=12"
0022,SENSOR,1,UNIFIED,"t=225 [HELLO_TX] bat=100% nbr=12"
0022,SENSOR,1,UNIFIED,"t=231 [HELLO_TX] bat=100% nbr=12"
0022,SENSOR,1,UNIFIED,"t=238 [HELLO_TX] bat=100% nbr=12"
0022,SENSOR,1,UNIFIED,"t=244 [HELLO_TX] bat=100% nbr=12"
0023,SENSOR,1,UNIFIED,"t=4 [HELLO_RX] NEW FF0B tier=3(GWN) verified=0 rssi=7.8"
0023,SENSOR,1,UNIFIED,"t=5 [HELLO_RX] NEW 0030 tier=1(UNK) verified=0 rssi=0.5"
0023,SENSOR,1,UNIFIED,"t=6 [HELLO_RX] NEW 0005 tier=1(UNK) verified=0 rssi=0.6"
0023,SENSOR,1,UNIFIED,"t=7 [HELLO_RX] NEW 0041 tier=1(UNK) verified=0 rssi=2.6"
0023,SENSOR,1,UNIFIED,"t=9 [HELLO_RX] NEW 004F tier=1(UNK) verified=0 rssi=1.9"
0023,SENSOR,1,UNIFIED,"t=10 [HELLO_TX] bat=100% nbr=5"
0023,SENSOR,1,UNIFIED,"t=10 [HELLO_RX] NEW 0054 tier=1(UNK) verified=0 rssi=2.2"
0023,SENSOR,1,UNIFIED,"t=12 [HELLO_RX] NEW 005C tier=1(UNK) verified=0 rssi=0.5"
0023,SENSOR,1,UNIFIED,"t=14 [HELLO_RX] NEW 001A tier=1(UNK) verified=0 rssi=0.6"
0023,SENSOR,1,UNIFIED,"t=15 [HELLO_RX] NEW 0002 tier=1(UNK) verified=0 rssi=0.3"
0023,SENSOR,1,UNIFIED,"t=16 [HELLO_TX] bat=100% nbr=9"
0023,SENSOR,1,UNIFIED,"t=18 [HELLO_RX] NEW 000E tier=1(UNK) verified=0 rssi=0.6"
0023,SENSOR,1,UNIFIED,"t=21 [HELLO_RX] NEW 0046 tier=1(UNK) verified=0 rssi=0.2"
0023,SENSOR,1,UNIFIED,"t=22 [HELLO_TX] bat=100% nbr=11"
0023,SENSOR,1,UNIFIED,"t=27 [HELLO_TX] bat=100% nbr=11"
0023,SENSOR,1,UNIFIED,"t=28 [HELLO_RX] NEW 005B tier=1(UNK) verified=0 rssi=0.4"
0023,SENSOR,1,UNIFIED,"t=33 [HELLO_RX] NEW 001F tier=1(UNK) verified=0 rssi=0.3"
0023,SENSOR,1,UNIFIED,"t=34 [HELLO_RX] NEW AA0A tier=2(CH) verified=0 rssi=0.4"
0023,SENSOR,1,UNIFIED,"t=37 [HELLO_TX] bat=100% nbr=14"
0023,SENSOR,1,UNIFIED,"t=42 [HELLO_TX] bat=100% nbr=14"
0023,SENSOR,1,UNIFIED,"t=46 [HELLO_TX] bat=100% nbr=14"
0023,SENSOR,1,UNIFIED,"t=50 [HELLO_RX] NEW AA05 tier=2(CH) verified=0 rssi=0.2"
0023,SENSOR,1,UNIFIED,"t=55 [HELLO_TX] bat=100% nbr=15"
0023,SENSOR,1,UNIFIED,"t=59 [HELLO_TX] bat=100% nbr=15"
0023,SENSOR,1,UNIFIED,"t=66 [HELLO_TX] bat=100% nbr=15"
0023,SENSOR,1,UNIFIED,"t=74 [HELLO_TX] bat=100% nbr=15"
0023,SENSOR,1,UNIFIED,"t=82 [HELLO_TX] bat=100% nbr=15"
0023,SENSOR,1,UNIFIED,"t=84 [HELLO_RX] NEW 0035 tier=1(UNK) verified=0 rssi=0.2"
0023,SENSOR,1,UNIFIED,"t=89 [HELLO_TX] bat=100% nbr=16"
0023,SENSOR,1,UNIFIED,"t=96 [HELLO_TX] bat=100% nbr=16"
0023,SENSOR,1,UNIFIED,"t=98 [HELLO_RX] NEW AA07 tier=2(CH) verified=0 rssi=0.2"
0023,SENSOR,1,UNIFIED,"t=102 [HELLO_TX] bat=100% nbr=17"
0023,SENSOR,1,UNIFIED,"t=112 [HELLO_TX] bat=100% nbr=17"
0023,SENSOR,1,UNIFIED,"t=119 [HELLO_TX] bat=100% nbr=17"
0023,SENSOR,1,UNIFIED,"t=128 [HELLO_RX] NEW FF02 tier=3(GWN) verified=1 rssi=0.1"
0023,SENSOR,1,UNIFIED,"t=129 [HELLO_TX] bat=100% nbr=18"
0023,SENSOR,1,UNIFIED,"t=139 [HELLO_TX] bat=100% nbr=18"
0023,SENSOR,1,UNIFIED,"t=148 [HELLO_TX] bat=100% nbr=18"
0023,SENSOR,1,UNIFIED,"t=157 [HELLO_TX] bat=100% nbr=18"
0023,SENSOR,1,UNIFIED,"t=165 [HELLO_TX] bat=100% nbr=18"
0023,SENSOR,1,UNIFIED,"t=175 [HELLO_TX] bat=100% nbr=18"
0023,SENSOR,1,UNIFIED,"t=184 [HELLO_TX] bat=100% nbr=18"
0023,SENSOR,1,UNIFIED,"t=193 [HELLO_TX] bat=100% nbr=18"
0023,SENSOR,1,UNIFIED,"t=198 [HELLO_TX] bat=100% nbr=18"
0023,SENSOR,1,UNIFIED,"t=204 [HELLO_TX] bat=100% nbr=18"
0023,SENSOR,1,UNIFIED,"t=209 [HELLO_TX] bat=100% nbr=18"
0023,SENSOR,1,UNIFIED,"t=211 [HELLO_RX] NEW 0016 tier=1(UNK) verified=0 rssi=0.2"
0023,SENSOR,1,UNIFIED,"t=217 [HELLO_TX] bat=100% nbr=19"
0023,SENSOR,1,UNIFIED,"t=227 [HELLO_TX] bat=100% nbr=19"
0023,SENSOR,1,UNIFIED,"t=232 [HELLO_TX] bat=100% nbr=19"
0023,SENSOR,1,UNIFIED,"t=240 [HELLO_TX] bat=100% nbr=19"
0023,SENSOR,1,UNIFIED,"t=249 [HELLO_TX] bat=100% nbr=19"
0024,SENSOR,1,UNIFIED,"t=4 [HELLO_RX] NEW AA05 tier=2(CH) verified=0 rssi=6.2"
0024,SENSOR,1,UNIFIED,"t=5 [HELLO_RX] NEW FF01 tier=3(GWN) verified=0 rssi=2.3"
0024,SENSOR,1,UNIFIED,"t=6 [HELLO_RX] NEW 0025 tier=1(UNK) verified=0 rssi=4.1"
0024,SENSOR,1,UNIFIED,"t=7 [HELLO_TX] bat=100% nbr=3"
0024,SENSOR,1,UNIFIED,"t=8 [HELLO_RX] NEW AA03 tier=2(CH) verified=0 rssi=3.0"
0024,SENSOR,1,UNIFIED,"t=10 [HELLO_RX] NEW 004C tier=1(UNK) verified=0 rssi=0.7"
0024,SENSOR,1,UNIFIED,"t=12 [HELLO_RX] NEW 0016 tier=1(UNK) verified=0 rssi=0.5"
0024,SENSOR,1,UNIFIED,"t=15 [HELLO_TX] bat=100% nbr=6"
0024,SENSOR,1,UNIFIED,"t=16 [HELLO_RX] NEW 005E tier=1(UNK) verified=0 rssi=0.9"
0024,SENSOR,1,UNIFIED,"t=20 [HELLO_TX] bat=100% nbr=7"
0024,SENSOR,1,UNIFIED,"t=24 [HELLO_RX] NEW 001D tier=1(UNK) verified=0 rssi=0.3"
0024,SENSOR,1,UNIFIED,"t=28 [HELLO_TX] bat=100% nbr=8"
0024,SENSOR,1,UNIFIED,"t=34 [HELLO_TX] bat=100% nbr=8"
0024,SENSOR,1,UNIFIED,"t=39 [HELLO_TX] bat=100% nbr=8"
0024,SENSOR,1,UNIFIED,"t=40 [HELLO_RX] NEW 002B tier=1(UNK) verified=0 rssi=0.2"
0024,SENSOR,1,UNIFIED,"t=43 [HELLO_TX] bat=100% nbr=9"
0024,SENSOR,1,UNIFIED,"t=47 [HELLO_TX] bat=100% nbr=9"
0024,SENSOR,1,UNIFIED,"t=52 [HELLO_TX] bat=100% nbr=9"
0024,SENSOR,1,UNIFIED,"t=59 [HELLO_TX] bat=100% nbr=9"
0024,SENSOR,1,UNIFIED,"t=68 [HELLO_TX] bat=100% nbr=9"
0024,SENSOR,1,UNIFIED,"t=73 [HELLO_RX] NEW FF0B tier=3(GWN) verified=1 rssi=0.2"
0024,SENSOR,1,UNIFIED,"t=74 [HELLO_TX] bat=100% nbr=10"
0024,SENSOR,1,UNIFIED,"t=80 [HELLO_TX] bat=100% nbr=10"
0024,SENSOR,1,UNIFIED,"t=86 [HELLO_TX] bat=100% nbr=10"
0024,SENSOR,1,UNIFIED,"t=93 [HELLO_TX] bat=100% nbr=10"
0024,SENSOR,1,UNIFIED,"t=99 [HELLO_TX] bat=100% nbr=10"
0024,SENSOR,1,UNIFIED,"t=105 [HELLO_TX] bat=100% nbr=10"
0024,SENSOR,1,UNIFIED,"t=106 [HELLO_RX] NEW 000E tier=1(UNK) verified=0 rssi=0.2"
0024,SENSOR,1,UNIFIED,"t=109 [HELLO_TX] bat=100% nbr=11"
0024,SENSOR,1,UNIFIED,"t=116 [HELLO_TX] bat=100% nbr=11"
0024,SENSOR,1,UNIFIED,"t=125 [HELLO_TX] bat=100% nbr=11"
0024,SENSOR,1,UNIFIED,"t=132 [HELLO_TX] bat=100% nbr=11"
0024,SENSOR,1,UNIFIED,"t=138 [HELLO_RX] NEW 000C tier=1(UNK) verified=0 rssi=0.2"
0024,SENSOR,1,UNIFIED,"t=141 [HELLO_TX] bat=100% nbr=12"
0024,SENSOR,1,UNIFIED,"t=150 [HELLO_TX] bat=100% nbr=12"
0024,SENSOR,1,UNIFIED,"t=158 [HELLO_TX] bat=100% nbr=12"
0024,SENSOR,1,UNIFIED,"t=162 [HELLO_TX] bat=100% nbr=12"
0024,SENSOR,1,UNIFIED,"t=168 [HELLO_TX] bat=100% nbr=12"
0024,SENSOR,1,UNIFIED,"t=173 [HELLO_TX] bat=100% nbr=12"
0024,SENSOR,1,UNIFIED,"t=177 [HELLO_TX] bat=100% nbr=12"
0024,SENSOR,1,UNIFIED,"t=186 [HELLO_TX] bat=100% nbr=12"
0024,SENSOR,1,UNIFIED,"t=190 [HELLO_TX] bat=100% nbr=12"
0024,SENSOR,1,UNIFIED,"t=197 [HELLO_TX] bat=100% nbr=12"
0024,SENSOR,1,UNIFIED,"t=202 [HELLO_TX] bat=100% nbr=12"
0024,SENSOR,1,UNIFIED,"t=209 [HELLO_TX] bat=100% nbr=12"
0024,SENSOR,1,UNIFIED,"t=215 [HELLO_TX] bat=100% nbr=12"
0024,SENSOR,1,UNIFIED,"t=221 [HELLO_TX] bat=100% nbr=12"
0024,SENSOR,1,UNIFIED,"t=225 [HELLO_TX] bat=100% nbr=12"
0024,SENSOR,1,UNIFIED,"t=230 [HELLO_TX] bat=100% nbr=12"
0024,SENSOR,1,UNIFIED,"t=237 [HELLO_TX] bat=100% nbr=12"
0024,SENSOR,1,UNIFIED,"t=241 [HELLO_TX] bat=100% nbr=12"
0024,SENSOR,1,UNIFIED,"t=242 [HELLO_RX] NEW FF0A tier=3(GWN) verified=1 rssi=0.1"
0024,SENSOR,1,UNIFIED,"t=245 [HELLO_TX] bat=100% nbr=13"
0025,SENSOR,1,UNIFIED,"t=4 [HELLO_RX] NEW AA05 tier=2(CH) verified=0 rssi=2.4"
0025,SENSOR,1,UNIFIED,"t=5 [HELLO_RX] NEW FF01 tier=3(GWN) verified=0 rssi=1.1"
0025,SENSOR,1,UNIFIED,"t=6 [HELLO_TX] bat=100% nbr=2"
0025,SENSOR,1,UNIFIED,"t=6 [HELLO_RX] NEW 002B tier=1(UNK) verified=0 rssi=0.3"
0025,SENSOR,1,UNIFIED,"t=7 [HELLO_RX] NEW 0024 tier=1(UNK) verified=0 rssi=4.1"
0025,SENSOR,1,UNIFIED,"t=8 [HELLO_RX] NEW 005E tier=1(UNK) verified=0 rssi=3.8"
0025,SENSOR,1,UNIFIED,"t=14 [HELLO_TX] bat=100% nbr=5"
0025,SENSOR,1,UNIFIED,"t=14 [HELLO_RX] NEW AA03 tier=2(CH) verified=0 rssi=3.1"
0025,SENSOR,1,UNIFIED,"t=22 [HELLO_TX] bat=100% nbr=6"
0025,SENSOR,1,UNIFIED,"t=24 [HELLO_RX] NEW 001D tier=1(UNK) verified=0 rssi=0.7"
0025,SENSOR,1,UNIFIED,"t=26 [HELLO_TX] bat=100% nbr=7"
0025,SENSOR,1,UNIFIED,"t=32 [HELLO_TX] bat=100% nbr=7"
0025,SENSOR,1,UNIFIED,"t=32 [HELLO_RX] NEW 0016 tier=1(UNK) verified=0 rssi=0.3"
0025,SENSOR,1,UNIFIED,"t=36 [HELLO_TX] bat=100% nbr=8"
0025,SENSOR,1,UNIFIED,"t=44 [HELLO_TX] bat=100% nbr=8"
0025,SENSOR,1,UNIFIED,"t=44 [HELLO_RX] NEW 005D tier=1(UNK) verified=0 rssi=0.2"
0025,SENSOR,1,UNIFIED,"t=49 [HELLO_RX] NEW 004C tier=1(UNK) verified=0 rssi=0.3"
0025,SENSOR,1,UNIFIED,"t=50 [HELLO_TX] bat=100% nbr=10"
0025,SENSOR,1,UNIFIED,"t=56 [HELLO_TX] bat=100% nbr=10"
0025,SENSOR,1,UNIFIED,"t=66 [HELLO_TX] bat=100% nbr=10"
0025,SENSOR,1,UNIFIED,"t=75 [HELLO_TX] bat=100% nbr=10"
0025,SENSOR,1,UNIFIED,"t=81 [HELLO_TX] bat=100% nbr=10"
0025,SENSOR,1,UNIFIED,"t=89 [HELLO_TX] bat=100% nbr=10"
0025,SENSOR,1,UNIFIED,"t=98 [HELLO_TX] bat=100% nbr=10"
0025,SENSOR,1,UNIFIED,"t=103 [HELLO_TX] bat=100% nbr=10"
0025,SENSOR,1,UNIFIED,"t=113 [HELLO_TX] bat=100% nbr=10"
0025,SENSOR,1,UNIFIED,"t=122 [HELLO_TX] bat=100% nbr=10"
0025,SENSOR,1,UNIFIED,"t=131 [HELLO_TX] bat=100% nbr=10"
0025,SENSOR,1,UNIFIED,"t=135 [HELLO_TX] bat=100% nbr=10"
0025,SENSOR,1,UNIFIED,"t=140 [HELLO_TX] bat=100% nbr=10"
0025,SENSOR,1,UNIFIED,"t=144 [HELLO_TX] bat=100% nbr=10"
0025,SENSOR,1,UNIFIED,"t=151 [HELLO_TX] bat=100% nbr=10"
0025,SENSOR,1,UNIFIED,"t=159 [HELLO_TX] bat=100% nbr=10"
0025,SENSOR,1,UNIFIED,"t=165 [HELLO_TX] bat=100% nbr=10"
0025,SENSOR,1,UNIFIED,"t=170 [HELLO_TX] bat=100% nbr=10"
0025,SENSOR,1,UNIFIED,"t=177 [HELLO_TX] bat=100% nbr=10"
0025,SENSOR,1,UNIFIED,"t=184 [HELLO_TX] bat=100% nbr=10"
0025,SENSOR,1,UNIFIED,"t=192 [HELLO_TX] bat=100% nbr=10"
0025,SENSOR,1,UNIFIED,"t=201 [HELLO_TX] bat=100% nbr=10"
0025,SENSOR,1,UNIFIED,"t=211 [HELLO_TX] bat=100% nbr=10"
0025,SENSOR,1,UNIFIED,"t=213 [HELLO_RX] NEW FF08 tier=3(GWN) verified=1 rssi=0.1"
0025,SENSOR,1,UNIFIED,"t=216 [HELLO_TX] bat=100% nbr=11"
0025,SENSOR,1,UNIFIED,"t=226 [HELLO_TX] bat=100% nbr=11"
0025,SENSOR,1,UNIFIED,"t=233 [HELLO_TX] bat=100% nbr=11"
0025,SENSOR,1,UNIFIED,"t=238 [HELLO_TX] bat=100% nbr=11"
0025,SENSOR,1,UNIFIED,"t=244 [HELLO_TX] bat=100% nbr=11"
0026,SENSOR,1,UNIFIED,"t=4 [HELLO_RX] NEW FF05 tier=3(GWN) verified=0 rssi=10307.2"
0026,SENSOR,1,UNIFIED,"t=5 [HELLO_RX] NEW 000A tier=1(UNK) verified=0 rssi=1.9"
0026,SENSOR,1,UNIFIED,"t=7 [HELLO_RX] NEW FF07 tier=3(GWN) verified=0 rssi=5.6"
0026,SENSOR,1,UNIFIED,"t=8 [HELLO_TX] bat=100% nbr=3"
0026,SENSOR,1,UNIFIED,"t=8 [HELLO_RX] NEW 0044 tier=1(UNK) verified=0 rssi=27.9"
0026,SENSOR,1,UNIFIED,"t=9 [HELLO_RX] NEW AA02 tier=2(CH) verified=0 rssi=0.2"
0026,SENSOR,1,UNIFIED,"t=11 [HELLO_RX] NEW FF09 tier=3(GWN) verified=0 rssi=5.5"
0026,SENSOR,1,UNIFIED,"t=16 [HELLO_TX] bat=100% nbr=6"
0026,SENSOR,1,UNIFIED,"t=19 [HELLO_RX] NEW 0037 tier=1(UNK) verified=0 rssi=0.3"
0026,SENSOR,1,UNIFIED,"t=20 [HELLO_TX] bat=100% nbr=7"
0026,SENSOR,1,UNIFIED,"t=23 [HELLO_RX] NEW 0051 tier=1(UNK) verified=0 rssi=1.4"
0026,SENSOR,1,UNIFIED,"t=24 [HELLO_TX] bat=100% nbr=8"
0026,SENSOR,1,UNIFIED,"t=28 [HELLO_RX] NEW 0042 tier=1(UNK) verified=0 rssi=0.4"
0026,SENSOR,1,UNIFIED,"t=29 [HELLO_RX] NEW AA01 tier=2(CH) verified=0 rssi=0.2"
0026,SENSOR,1,UNIFIED,"t=34 [HELLO_TX] bat=100% nbr=10"
0026,SENSOR,1,UNIFIED,"t=34 [HELLO_RX] NEW 0040 tier=1(UNK) verified=0 rssi=0.5"
0026,SENSOR,1,UNIFIED,"t=41 [HELLO_RX] NEW FF04 tier=3(GWN) verified=0 rssi=1.0"
0026,SENSOR,1,UNIFIED,"t=44 [HELLO_TX] bat=100% nbr=12"
0026,SENSOR,1,UNIFIED,"t=53 [HELLO_TX] bat=100% nbr=12"
0026,SENSOR,1,UNIFIED,"t=63 [HELLO_TX] bat=100% nbr=12"
0026,SENSOR,1,UNIFIED,"t=68 [HELLO_TX] bat=100% nbr=12"
0026,SENSOR,1,UNIFIED,"t=72 [HELLO_TX] bat=100% nbr=12"
0026,SENSOR,1,UNIFIED,"t=75 [HELLO_RX] NEW FF06 tier=3(GWN) verified=0 rssi=0.2"
0026,SENSOR,1,UNIFIED,"t=78 [HELLO_RX] NEW 0006 tier=1(UNK) verified=0 rssi=0.3"
0026,SENSOR,1,UNIFIED,"t=82 [HELLO_TX] bat=100% nbr=14"
0026,SENSOR,1,UNIFIED,"t=90 [HELLO_TX] bat=100% nbr=14"
0026,SENSOR,1,UNIFIED,"t=92 [HELLO_RX] NEW 0048 tier=1(UNK) verified=0 rssi=0.4"
0026,SENSOR,1,UNIFIED,"t=95 [HELLO_TX] bat=100% nbr=15"
0026,SENSOR,1,UNIFIED,"t=104 [HELLO_TX] bat=100% nbr=15"
0026,SENSOR,1,UNIFIED,"t=108 [HELLO_TX] bat=100% nbr=15"
0026,SENSOR,1,UNIFIED,"t=116 [HELLO_TX] bat=100% nbr=15"
0026,SENSOR,1,UNIFIED,"t=123 [HELLO_TX] bat=100% nbr=15"
0026,SENSOR,1,UNIFIED,"t=127 [HELLO_TX] bat=100% nbr=15"
0026,SENSOR,1,UNIFIED,"t=135 [HELLO_TX] bat=100% nbr=15"
0026,SENSOR,1,UNIFIED,"t=143 [HELLO_TX] bat=100% nbr=15"
0026,SENSOR,1,UNIFIED,"t=150 [HELLO_TX] bat=100% nbr=15"
0026,SENSOR,1,UNIFIED,"t=158 [HELLO_TX] bat=100% nbr=15"
0026,SENSOR,1,UNIFIED,"t=162 [HELLO_TX] bat=100% nbr=15"
0026,SENSOR,1,UNIFIED,"t=167 [HELLO_TX] bat=100% nbr=15"
0026,SENSOR,1,UNIFIED,"t=176 [HELLO_TX] bat=100% nbr=15"
0026,SENSOR,1,UNIFIED,"t=181 [HELLO_TX] bat=100% nbr=15"
0026,SENSOR,1,UNIFIED,"t=187 [HELLO_TX] bat=100% nbr=15"
0026,SENSOR,1,UNIFIED,"t=193 [HELLO_TX] bat=100% nbr=15"
0026,SENSOR,1,UNIFIED,"t=202 [HELLO_TX] bat=100% nbr=15"
0026,SENSOR,1,UNIFIED,"t=208 [HELLO_TX] bat=100% nbr=15"
0026,SENSOR,1,UNIFIED,"t=215 [HELLO_TX] bat=100% nbr=15"
0026,SENSOR,1,UNIFIED,"t=223 [HELLO_TX] bat=100% nbr=15"
0026,SENSOR,1,UNIFIED,"t=227 [HELLO_TX] bat=100% nbr=15"
0026,SENSOR,1,UNIFIED,"t=235 [HELLO_TX] bat=100% nbr=15"
0026,SENSOR,1,UNIFIED,"t=245 [HELLO_TX] bat=100% nbr=15"
0027,SENSOR,1,UNIFIED,"t=5 [HELLO_RX] NEW 0022 tier=1(UNK) verified=0 rssi=9.1"
0027,SENSOR,1,UNIFIED,"t=6 [HELLO_RX] NEW 0062 tier=1(UNK) verified=0 rssi=10.7"
0027,SENSOR,1,UNIFIED,"t=7 [HELLO_TX] bat=100% nbr=2"
0027,SENSOR,1,UNIFIED,"t=7 [HELLO_RX] NEW FF0C tier=3(GWN) verified=0 rssi=6.6"
0027,SENSOR,1,UNIFIED,"t=8 [HELLO_RX] NEW 000B tier=1(UNK) verified=0 rssi=0.7"
0027,SENSOR,1,UNIFIED,"t=9 [HELLO_RX] NEW 004D tier=1(UNK) verified=0 rssi=0.9"
0027,SENSOR,1,UNIFIED,"t=17 [HELLO_TX] bat=100% nbr=5"
0027,SENSOR,1,UNIFIED,"t=21 [HELLO_RX] NEW 0011 tier=1(UNK) verified=0 rssi=0.2"
0027,SENSOR,1,UNIFIED,"t=23 [HELLO_TX] bat=100% nbr=6"
0027,SENSOR,1,UNIFIED,"t=23 [HELLO_RX] NEW 0032 tier=1(UNK) verified=0 rssi=0.2"
0027,SENSOR,1,UNIFIED,"t=32 [HELLO_TX] bat=100% nbr=7"
0027,SENSOR,1,UNIFIED,"t=38 [HELLO_TX] bat=100% nbr=7"
0027,SENSOR,1,UNIFIED,"t=47 [HELLO_RX] NEW 001B tier=1(UNK) verified=0 rssi=0.5"
0027,SENSOR,1,UNIFIED,"t=48 [HELLO_TX] bat=100% nbr=8"
0027,SENSOR,1,UNIFIED,"t=55 [HELLO_TX] bat=100% nbr=8"
0027,SENSOR,1,UNIFIED,"t=59 [HELLO_TX] bat=100% nbr=8"
0027,SENSOR,1,UNIFIED,"t=64 [HELLO_TX] bat=100% nbr=8"
0027,SENSOR,1,UNIFIED,"t=65 [HELLO_RX] NEW 004A tier=1(UNK) verified=0 rssi=0.2"
0027,SENSOR,1,UNIFIED,"t=72 [HELLO_TX] bat=100% nbr=9"
0027,SENSOR,1,UNIFIED,"t=82 [HELLO_TX] bat=100% nbr=9"
0027,SENSOR,1,UNIFIED,"t=82 [HELLO_RX] NEW 0038 tier=1(UNK) verified=0 rssi=0.3"
0027,SENSOR,1,UNIFIED,"t=84 [HELLO_RX] NEW 001C tier=1(UNK) verified=0 rssi=0.2"
0027,SENSOR,1,UNIFIED,"t=92 [HELLO_TX] bat=100% nbr=11"
0027,SENSOR,1,UNIFIED,"t=97 [HELLO_RX] NEW AA08 tier=2(CH) verified=0 rssi=0.2"
0027,SENSOR,1,UNIFIED,"t=100 [HELLO_TX] bat=100% nbr=12"
0027,SENSOR,1,UNIFIED,"t=110 [HELLO_TX] bat=100% nbr=12"
0027,SENSOR,1,UNIFIED,"t=119 [HELLO_TX] bat=100% nbr=12"
0027,SENSOR,1,UNIFIED,"t=123 [HELLO_TX] bat=100% nbr=12"
0027,SENSOR,1,UNIFIED,"t=133 [HELLO_TX] bat=100% nbr=12"
0027,SENSOR,1,UNIFIED,"t=137 [HELLO_TX] bat=100% nbr=12"
0027,SENSOR,1,UNIFIED,"t=147 [HELLO_TX] bat=100% nbr=12"
0027,SENSOR,1,UNIFIED,"t=154 [HELLO_TX] bat=100% nbr=12"
0027,SENSOR,1,UNIFIED,"t=159 [HELLO_TX] bat=100% nbr=12"
0027,SENSOR,1,UNIFIED,"t=164 [HELLO_TX] bat=100% nbr=12"
0027,SENSOR,1,UNIFIED,"t=168 [HELLO_TX] bat=100% nbr=12"
0027,SENSOR,1,UNIFIED,"t=173 [HELLO_TX] bat=100% nbr=12"
0027,SENSOR,1,UNIFIED,"t=177 [HELLO_TX] bat=100% nbr=12"
0027,SENSOR,1,UNIFIED,"t=187 [HELLO_TX] bat=100% nbr=12"
0027,SENSOR,1,UNIFIED,"t=191 [HELLO_TX] bat=100% nbr=12"
0027,SENSOR,1,UNIFIED,"t=196 [HELLO_TX] bat=100% nbr=12"
0027,SENSOR,1,UNIFIED,"t=204 [HELLO_TX] bat=100% nbr=12"
0027,SENSOR,1,UNIFIED,"t=210 [HELLO_TX] bat=100% nbr=12"
0027,SENSOR,1,UNIFIED,"t=216 [HELLO_TX] bat=100% nbr=12"
0027,SENSOR,1,UNIFIED,"t=221 [HELLO_TX] bat=100% nbr=12"
0027,SENSOR,1,UNIFIED,"t=226 [HELLO_TX] bat=100% nbr=12"
0027,SENSOR,1,UNIFIED,"t=230 [HELLO_TX] bat=100% nbr=12"
0027,SENSOR,1,UNIFIED,"t=237 [HELLO_TX] bat=100% nbr=12"
0027,SENSOR,1,UNIFIED,"t=244 [HELLO_TX] bat=100% nbr=12"
0028,SENSOR,1,UNIFIED,"t=4 [HELLO_RX] NEW 005A tier=1(UNK) verified=0 rssi=3.3"
0028,SENSOR,1,UNIFIED,"t=6 [HELLO_RX] NEW 0060 tier=1(UNK) verified=0 rssi=4.2"
0028,SENSOR,1,UNIFIED,"t=8 [HELLO_RX] NEW FF08 tier=3(GWN) verified=0 rssi=0.9"
0028,SENSOR,1,UNIFIED,"t=9 [HELLO_TX] bat=100% nbr=3"
0028,SENSOR,1,UNIFIED,"t=9 [HELLO_RX] NEW 003E tier=1(UNK) verified=0 rssi=22.8"
0028,SENSOR,1,UNIFIED,"t=10 [HELLO_RX] NEW 0053 tier=1(UNK) verified=0 rssi=1.2"
0028,SENSOR,1,UNIFIED,"t=16 [HELLO_RX] NEW 0036 tier=1(UNK) verified=0 rssi=4.1"
0028,SENSOR,1,UNIFIED,"t=19 [HELLO_TX] bat=100% nbr=6"
0028,SENSOR,1,UNIFIED,"t=29 [HELLO_TX] bat=100% nbr=6"
0028,SENSOR,1,UNIFIED,"t=29 [HELLO_RX] NEW 0064 tier=1(UNK) verified=0 rssi=1.0"
0028,SENSOR,1,UNIFIED,"t=30 [HELLO_RX] NEW 0047 tier=1(UNK) verified=0 rssi=1.5"
0028,SENSOR,1,UNIFIED,"t=34 [HELLO_RX] NEW FF0A tier=3(GWN) verified=1 rssi=2.4"
0028,SENSOR,1,UNIFIED,"t=37 [HELLO_TX] bat=100% nbr=9"
0028,SENSOR,1,UNIFIED,"t=40 [HELLO_RX] NEW 002C tier=1(UNK) verified=0 rssi=0.6"
0028,SENSOR,1,UNIFIED,"t=42 [HELLO_TX] bat=100% nbr=10"
0028,SENSOR,1,UNIFIED,"t=44 [HELLO_RX] NEW 005D tier=1(UNK) verified=0 rssi=0.2"
0028,SENSOR,1,UNIFIED,"t=49 [HELLO_TX] bat=100% nbr=11"
0028,SENSOR,1,UNIFIED,"t=55 [HELLO_TX] bat=100% nbr=11"
0028,SENSOR,1,UNIFIED,"t=59 [HELLO_TX] bat=100% nbr=11"
0028,SENSOR,1,UNIFIED,"t=62 [HELLO_RX] NEW 0045 tier=1(UNK) verified=0 rssi=0.2"
0028,SENSOR,1,UNIFIED,"t=63 [HELLO_RX] NEW AA04 tier=2(CH) verified=0 rssi=0.9"
0028,SENSOR,1,UNIFIED,"t=66 [HELLO_TX] bat=100% nbr=13"
0028,SENSOR,1,UNIFIED,"t=70 [HELLO_TX] bat=100% nbr=13"
0028,SENSOR,1,UNIFIED,"t=80 [HELLO_TX] bat=100% nbr=13"
0028,SENSOR,1,UNIFIED,"t=85 [HELLO_TX] bat=100% nbr=13"
0028,SENSOR,1,UNIFIED,"t=89 [HELLO_TX] bat=100% nbr=13"
0028,SENSOR,1,UNIFIED,"t=99 [HELLO_TX] bat=100% nbr=13"
0028,SENSOR,1,UNIFIED,"t=106 [HELLO_TX] bat=100% nbr=13"
0028,SENSOR,1,UNIFIED,"t=113 [HELLO_TX] bat=100% nbr=13"
0028,SENSOR,1,UNIFIED,"t=121 [HELLO_TX] bat=100% nbr=13"
0028,SENSOR,1,UNIFIED,"t=129 [HELLO_TX] bat=100% nbr=13"
0028,SENSOR,1,UNIFIED,"t=133 [HELLO_RX] NEW 0050 tier=1(UNK) verified=0 rssi=0.4"
0028,SENSOR,1,UNIFIED,"t=137 [HELLO_TX] bat=100% nbr=14"
0028,SENSOR,1,UNIFIED,"t=143 [HELLO_TX] bat=100% nbr=14"
0028,SENSOR,1,UNIFIED,"t=152 [HELLO_TX] bat=100% nbr=14"
0028,SENSOR,1,UNIFIED,"t=156 [HELLO_TX] bat=100% nbr=14"
0028,SENSOR,1,UNIFIED,"t=162 [HELLO_TX] bat=100% nbr=14"
0028,SENSOR,1,UNIFIED,"t=167 [HELLO_TX] bat=100% nbr=14"
0028,SENSOR,1,UNIFIED,"t=174 [HELLO_TX] bat=100% nbr=14"
0028,SENSOR,1,UNIFIED,"t=178 [HELLO_TX] bat=100% nbr=14"
0028,SENSOR,1,UNIFIED,"t=185 [HELLO_TX] bat=100% nbr=14"
0028,SENSOR,1,UNIFIED,"t=195 [HELLO_TX] bat=100% nbr=14"
0028,SENSOR,1,UNIFIED,"t=201 [HELLO_TX] bat=100% nbr=14"
0028,SENSOR,1,UNIFIED,"t=209 [HELLO_TX] bat=100% nbr=14"
0028,SENSOR,1,UNIFIED,"t=215 [HELLO_TX] bat=100% nbr=14"
0028,SENSOR,1,UNIFIED,"t=216 [HELLO_RX] NEW 003B tier=1(UNK) verified=0 rssi=0.3"
0028,SENSOR,1,UNIFIED,"t=219 [HELLO_TX] bat=100% nbr=15"
0028,SENSOR,1,UNIFIED,"t=229 [HELLO_TX] bat=100% nbr=15"
0028,SENSOR,1,UNIFIED,"t=237 [HELLO_TX] bat=100% nbr=15"
0028,SENSOR,1,UNIFIED,"t=243 [HELLO_TX] bat=100% nbr=15"
0029,SENSOR,1,UNIFIED,"t=4 [HELLO_TX] bat=100% nbr=0"
0029,SENSOR,1,UNIFIED,"t=4 [HELLO_RX] NEW 0045 tier=1(UNK) verified=0 rssi=2.5"
0029,SENSOR,1,UNIFIED,"t=5 [HELLO_RX] NEW 002A tier=1(UNK) verified=0 rssi=2.5"
0029,SENSOR,1,UNIFIED,"t=10 [HELLO_RX] NEW 0053 tier=1(UNK) verified=0 rssi=0.2"
0029,SENSOR,1,UNIFIED,"t=12 [HELLO_TX] bat=100% nbr=3"
0029,SENSOR,1,UNIFIED,"t=18 [HELLO_TX] bat=100% nbr=3"
0029,SENSOR,1,UNIFIED,"t=18 [HELLO_RX] NEW 001F tier=1(UNK) verified=0 rssi=0.2"
0029,SENSOR,1,UNIFIED,"t=19 [HELLO_RX] NEW 0020 tier=1(UNK) verified=0 rssi=0.5"
0029,SENSOR,1,UNIFIED,"t=23 [HELLO_TX] bat=100% nbr=5"
0029,SENSOR,1,UNIFIED,"t=28 [HELLO_RX] NEW 0014 tier=1(UNK) verified=0 rssi=0.2"
0029,SENSOR,1,UNIFIED,"t=31 [HELLO_RX] NEW 0052 tier=1(UNK) verified=0 rssi=0.5"
0029,SENSOR,1,UNIFIED,"t=33 [HELLO_TX] bat=100% nbr=7"
0029,SENSOR,1,UNIFIED,"t=34 [HELLO_RX] NEW FF0A tier=3(GWN) verified=1 rssi=0.2"
0029,SENSOR,1,UNIFIED,"t=35 [HELLO_RX] NEW 0003 tier=1(UNK) verified=0 rssi=0.3"
0029,SENSOR,1,UNIFIED,"t=38 [HELLO_TX] bat=100% nbr=9"
0029,SENSOR,1,UNIFIED,"t=41 [HELLO_RX] NEW 0043 tier=1(UNK) verified=0 rssi=0.2"
0029,SENSOR,1,UNIFIED,"t=42 [HELLO_TX] bat=100% nbr=10"
0029,SENSOR,1,UNIFIED,"t=47 [HELLO_TX] bat=100% nbr=10"
0029,SENSOR,1,UNIFIED,"t=51 [HELLO_TX] bat=100% nbr=10"
0029,SENSOR,1,UNIFIED,"t=61 [HELLO_TX] bat=100% nbr=10"
0029,SENSOR,1,UNIFIED,"t=61 [HELLO_RX] NEW AA0A tier=2(CH) verified=0 rssi=0.2"
0029,SENSOR,1,UNIFIED,"t=71 [HELLO_TX] bat=100% nbr=11"
0029,SENSOR,1,UNIFIED,"t=80 [HELLO_TX] bat=100% nbr=11"
0029,SENSOR,1,UNIFIED,"t=86 [HELLO_TX] bat=100% nbr=11"
0029,SENSOR,1,UNIFIED,"t=94 [HELLO_TX] bat=100% nbr=11"
0029,SENSOR,1,UNIFIED,"t=100 [HELLO_TX] bat=100% nbr=11"
0029,SENSOR,1,UNIFIED,"t=109 [HELLO_TX] bat=100% nbr=11"
0029,SENSOR,1,UNIFIED,"t=114 [HELLO_TX] bat=100% nbr=11"
0029,SENSOR,1,UNIFIED,"t=121 [HELLO_TX] bat=100% nbr=11"
0029,SENSOR,1,UNIFIED,"t=130 [HELLO_TX] bat=100% nbr=11"
0029,SENSOR,1,UNIFIED,"t=140 [HELLO_TX] bat=100% nbr=11"
0029,SENSOR,1,UNIFIED,"t=145 [HELLO_TX] bat=100% nbr=11"
0029,SENSOR,1,UNIFIED,"t=150 [HELLO_TX] bat=100% nbr=11"
0029,SENSOR,1,UNIFIED,"t=159 [HELLO_TX] bat=100% nbr=11"
0029,SENSOR,1,UNIFIED,"t=165 [HELLO_TX] bat=100% nbr=11"
0029,SENSOR,1,UNIFIED,"t=170 [HELLO_TX] bat=100% nbr=11"
0029,SENSOR,1,UNIFIED,"t=180 [HELLO_TX] bat=100% nbr=11"
0029,SENSOR,1,UNIFIED,"t=188 [HELLO_TX] bat=100% nbr=11"
0029,SENSOR,1,UNIFIED,"t=197 [HELLO_TX] bat=100% nbr=11"
0029,SENSOR,1,UNIFIED,"t=206 [HELLO_TX] bat=100% nbr=11"
0029,SENSOR,1,UNIFIED,"t=214 [HELLO_TX] bat=100% nbr=11"
0029,SENSOR,1,UNIFIED,"t=219 [HELLO_TX] bat=100% nbr=11"
0029,SENSOR,1,UNIFIED,"t=219 [HELLO_RX] NEW FF0B tier=3(GWN) verified=1 rssi=0.1"
0029,SENSOR,1,UNIFIED,"t=228 [HELLO_TX] bat=100% nbr=12"
0029,SENSOR,1,UNIFIED,"t=237 [HELLO_TX] bat=100% nbr=12"
0029,SENSOR,1,UNIFIED,"t=247 [HELLO_TX] bat=100% nbr=12"
002A,SENSOR,1,UNIFIED,"t=4 [HELLO_RX] NEW 0020 tier=1(UNK) verified=0 rssi=3.3"
002A,SENSOR,1,UNIFIED,"t=5 [HELLO_TX] bat=100% nbr=1"
002A,SENSOR,1,UNIFIED,"t=6 [HELLO_RX] NEW 0005 tier=1(UNK) verified=0 rssi=0.2"
002A,SENSOR,1,UNIFIED,"t=13 [HELLO_RX] NEW 0045 tier=1(UNK) verified=0 rssi=1.8"
002A,SENSOR,1,UNIFIED,"t=14 [HELLO_RX] NEW 0003 tier=1(UNK) verified=0 rssi=0.2"
002A,SENSOR,1,UNIFIED,"t=15 [HELLO_TX] bat=100% nbr=4"
002A,SENSOR,1,UNIFIED,"t=17 [HELLO_RX] NEW 0052 tier=1(UNK) verified=0 rssi=0.5"
002A,SENSOR,1,UNIFIED,"t=18 [HELLO_RX] NEW 0029 tier=1(UNK) verified=0 rssi=2.5"
002A,SENSOR,1,UNIFIED,"t=21 [HELLO_TX] bat=100% nbr=6"
002A,SENSOR,1,UNIFIED,"t=22 [HELLO_RX] NEW FF0A tier=3(GWN) verified=0 rssi=0.1"
002A,SENSOR,1,UNIFIED,"t=25 [HELLO_TX] bat=100% nbr=7"
002A,SENSOR,1,UNIFIED,"t=28 [HELLO_RX] NEW 005B tier=1(UNK) verified=0 rssi=0.3"
002A,SENSOR,1,UNIFIED,"t=29 [HELLO_RX] NEW AA0A tier=2(CH) verified=0 rssi=0.3"
002A,SENSOR,1,UNIFIED,"t=33 [HELLO_TX] bat=100% nbr=9"
002A,SENSOR,1,UNIFIED,"t=41 [HELLO_RX] NEW 000C tier=1(UNK) verified=0 rssi=0.2"
002A,SENSOR,1,UNIFIED,"t=43 [HELLO_TX] bat=100% nbr=10"
002A,SENSOR,1,UNIFIED,"t=49 [HELLO_RX] NEW 001F tier=1(UNK) verified=0 rssi=0.4"
002A,SENSOR,1,UNIFIED,"t=52 [HELLO_TX] bat=100% nbr=11"
002A,SENSOR,1,UNIFIED,"t=61 [HELLO_TX] bat=100% nbr=11"
002A,SENSOR,1,UNIFIED,"t=66 [HELLO_RX] NEW 0053 tier=1(UNK) verified=0 rssi=0.2"
002A,SENSOR,1,UNIFIED,"t=67 [HELLO_RX] NEW 0043 tier=1(UNK) verified=0 rssi=0.2"
002A,SENSOR,1,UNIFIED,"t=70 [HELLO_TX] bat=100% nbr=13"
002A,SENSOR,1,UNIFIED,"t=80 [HELLO_TX] bat=100% nbr=13"
002A,SENSOR,1,UNIFIED,"t=90 [HELLO_TX] bat=100% nbr=13"
002A,SENSOR,1,UNIFIED,"t=94 [HELLO_TX] bat=100% nbr=13"
002A,SENSOR,1,UNIFIED,"t=102 [HELLO_TX] bat=100% nbr=13"
002A,SENSOR,1,UNIFIED,"t=110 [HELLO_TX] bat=100% nbr=13"
002A,SENSOR,1,UNIFIED,"t=119 [HELLO_TX] bat=100% nbr=13"
002A,SENSOR,1,UNIFIED,"t=125 [HELLO_TX] bat=100% nbr=13"
002A,SENSOR,1,UNIFIED,"t=129 [HELLO_TX] bat=100% nbr=13"
002A,SENSOR,1,UNIFIED,"t=133 [HELLO_TX] bat=100% nbr=13"
002A,SENSOR,1,UNIFIED,"t=138 [HELLO_TX] bat=100% nbr=13"
002A,SENSOR,1,UNIFIED,"t=142 [HELLO_TX] bat=100% nbr=13"
002A,SENSOR,1,UNIFIED,"t=152 [HELLO_TX] bat=100% nbr=13"
002A,SENSOR,1,UNIFIED,"t=160 [HELLO_TX] bat=100% nbr=13"
002A,SENSOR,1,UNIFIED,"t=165 [HELLO_TX] bat=100% nbr=13"
002A,SENSOR,1,UNIFIED,"t=175 [HELLO_TX] bat=100% nbr=13"
002A,SENSOR,1,UNIFIED,"t=182 [HELLO_TX] bat=100% nbr=13"
002A,SENSOR,1,UNIFIED,"t=187 [HELLO_TX] bat=100% nbr=13"
002A,SENSOR,1,UNIFIED,"t=195 [HELLO_TX] bat=100% nbr=13"
002A,SENSOR,1,UNIFIED,"t=202 [HELLO_TX] bat=100% nbr=13"
002A,SENSOR,1,UNIFIED,"t=208 [HELLO_TX] bat=100% nbr=13"
002A,SENSOR,1,UNIFIED,"t=212 [HELLO_TX] bat=100% nbr=13"
002A,SENSOR,1,UNIFIED,"t=216 [HELLO_TX] bat=100% nbr=13"
002A,SENSOR,1,UNIFIED,"t=226 [HELLO_TX] bat=100% nbr=13"
002A,SENSOR,1,UNIFIED,"t=234 [HELLO_TX] bat=100% nbr=13"
002A,SENSOR,1,UNIFIED,"t=238 [HELLO_TX] bat=100% nbr=13"
002A,SENSOR,1,UNIFIED,"t=242 [HELLO_TX] bat=100% nbr=13"
002B,SENSOR,1,UNIFIED,"t=4 [HELLO_RX] NEW 005A tier=1(UNK) verified=0 rssi=0.2"
002B,SENSOR,1,UNIFIED,"t=6 [HELLO_TX] bat=100% nbr=1"
002B,SENSOR,1,UNIFIED,"t=6 [HELLO_RX] NEW 005D tier=1(UNK) verified=0 rssi=12.6"
002B,SENSOR,1,UNIFIED,"t=7 [HELLO_RX] NEW 0024 tier=1(UNK) verified=0 rssi=0.2"
002B,SENSOR,1,UNIFIED,"t=8 [HELLO_RX] NEW 001D tier=1(UNK) verified=0 rssi=7.0"
002B,SENSOR,1,UNIFIED,"t=10 [HELLO_RX] NEW 002C tier=1(UNK) verified=0 rssi=0.5"
002B,SENSOR,1,UNIFIED,"t=14 [HELLO_RX] NEW 0025 tier=1(UNK) verified=0 rssi=0.3"
002B,SENSOR,1,UNIFIED,"t=16 [HELLO_TX] bat=100% nbr=6"
002B,SENSOR,1,UNIFIED,"t=17 [HELLO_RX] NEW AA05 tier=2(CH) verified=0 rssi=0.4"
002B,SENSOR,1,UNIFIED,"t=22 [HELLO_RX] NEW AA03 tier=2(CH) verified=0 rssi=0.9"
002B,SENSOR,1,UNIFIED,"t=25 [HELLO_RX] NEW 005E tier=1(UNK) verified=0 rssi=1.0"
002B,SENSOR,1,UNIFIED,"t=26 [HELLO_TX] bat=100% nbr=9"
002B,SENSOR,1,UNIFIED,"t=30 [HELLO_TX] bat=100% nbr=9"
002B,SENSOR,1,UNIFIED,"t=34 [HELLO_RX] NEW FF08 tier=3(GWN) verified=0 rssi=0.2"
002B,SENSOR,1,UNIFIED,"t=40 [HELLO_TX] bat=100% nbr=10"
002B,SENSOR,1,UNIFIED,"t=46 [HELLO_TX] bat=100% nbr=10"
002B,SENSOR,1,UNIFIED,"t=51 [HELLO_TX] bat=100% nbr=10"
002B,SENSOR,1,UNIFIED,"t=55 [HELLO_RX] NEW FF0A tier=3(GWN) verified=1 rssi=0.2"
002B,SENSOR,1,UNIFIED,"t=56 [HELLO_TX] bat=100% nbr=11"
002B,SENSOR,1,UNIFIED,"t=65 [HELLO_TX] bat=100% nbr=11"
002B,SENSOR,1,UNIFIED,"t=72 [HELLO_TX] bat=100% nbr=11"
002B,SENSOR,1,UNIFIED,"t=77 [HELLO_TX] bat=100% nbr=11"
002B,SENSOR,1,UNIFIED,"t=83 [HELLO_TX] bat=100% nbr=11"
002B,SENSOR,1,UNIFIED,"t=86 [HELLO_RX] NEW FF01 tier=3(GWN) verified=1 rssi=0.2"
002B,SENSOR,1,UNIFIED,"t=88 [HELLO_TX] bat=100% nbr=12"
002B,SENSOR,1,UNIFIED,"t=98 [HELLO_TX] bat=100% nbr=12"
002B,SENSOR,1,UNIFIED,"t=105 [HELLO_RX] NEW 000C tier=1(UNK) verified=0 rssi=0.3"
002B,SENSOR,1,UNIFIED,"t=107 [HELLO_TX] bat=100% nbr=13"
002B,SENSOR,1,UNIFIED,"t=111 [HELLO_TX] bat=100% nbr=13"
002B,SENSOR,1,UNIFIED,"t=118 [HELLO_TX] bat=100% nbr=13"
002B,SENSOR,1,UNIFIED,"t=123 [HELLO_TX] bat=100% nbr=13"
002B,SENSOR,1,UNIFIED,"t=133 [HELLO_TX] bat=100% nbr=13"
002B,SENSOR,1,UNIFIED,"t=139 [HELLO_TX] bat=100% nbr=13"
002B,SENSOR,1,UNIFIED,"t=149 [HELLO_TX] bat=100% nbr=13"
002B,SENSOR,1,UNIFIED,"t=154 [HELLO_TX] bat=100% nbr=13"
002B,SENSOR,1,UNIFIED,"t=162 [HELLO_TX] bat=100% nbr=13"
002B,SENSOR,1,UNIFIED,"t=170 [HELLO_TX] bat=100% nbr=13"
002B,SENSOR,1,UNIFIED,"t=175 [HELLO_TX] bat=100% nbr=13"
002B,SENSOR,1,UNIFIED,"t=179 [HELLO_TX] bat=100% nbr=13"
002B,SENSOR,1,UNIFIED,"t=179 [HELLO_RX] NEW FF0B tier=3(GWN) verified=1 rssi=0.1"
002B,SENSOR,1,UNIFIED,"t=187 [HELLO_TX] bat=100% nbr=14"
002B,SENSOR,1,UNIFIED,"t=196 [HELLO_TX] bat=100% nbr=14"
002B,SENSOR,1,UNIFIED,"t=202 [HELLO_TX] bat=100% nbr=14"
002B,SENSOR,1,UNIFIED,"t=207 [HELLO_TX] bat=100% nbr=14"
002B,SENSOR,1,UNIFIED,"t=215 [HELLO_TX] bat=100% nbr=14"
002B,SENSOR,1,UNIFIED,"t=223 [HELLO_RX] NEW 0064 tier=1(UNK) verified=0 rssi=0.2"
002B,SENSOR,1,UNIFIED,"t=224 [HELLO_TX] bat=100% nbr=15"
002B,SENSOR,1,UNIFIED,"t=230 [HELLO_TX] bat=100% nbr=15"
002B,SENSOR,1,UNIFIED,"t=240 [HELLO_TX] bat=100% nbr=15"
002B,SENSOR,1,UNIFIED,"t=245 [HELLO_TX] bat=100% nbr=15"
002C,SENSOR,1,UNIFIED,"t=4 [HELLO_RX] NEW 005A tier=1(UNK) verified=0 rssi=2.3"
002C,SENSOR,1,UNIFIED,"t=6 [HELLO_RX] NEW 005D tier=1(UNK) verified=0 rssi=1.1"
002C,SENSOR,1,UNIFIED,"t=8 [HELLO_RX] NEW FF08 tier=3(GWN) verified=0 rssi=0.5"
002C,SENSOR,1,UNIFIED,"t=9 [HELLO_RX] NEW 003E tier=1(UNK) verified=0 rssi=0.5"
002C,SENSOR,1,UNIFIED,"t=10 [HELLO_TX] bat=100% nbr=4"
002C,SENSOR,1,UNIFIED,"t=10 [HELLO_RX] NEW 0064 tier=1(UNK) verified=0 rssi=1.5"
002C,SENSOR,1,UNIFIED,"t=12 [HELLO_RX] NEW 0060 tier=1(UNK) verified=0 rssi=0.8"
002C,SENSOR,1,UNIFIED,"t=13 [HELLO_RX] NEW 0045 tier=1(UNK) verified=0 rssi=0.2"
002C,SENSOR,1,UNIFIED,"t=19 [HELLO_TX] bat=100% nbr=7"
002C,SENSOR,1,UNIFIED,"t=26 [HELLO_RX] NEW 002B tier=1(UNK) verified=0 rssi=0.5"
002C,SENSOR,1,UNIFIED,"t=29 [HELLO_TX] bat=100% nbr=8"
002C,SENSOR,1,UNIFIED,"t=34 [HELLO_RX] NEW FF0A tier=3(GWN) verified=1 rssi=0.7"
002C,SENSOR,1,UNIFIED,"t=35 [HELLO_TX] bat=100% nbr=9"
002C,SENSOR,1,UNIFIED,"t=40 [HELLO_TX] bat=100% nbr=9"
002C,SENSOR,1,UNIFIED,"t=41 [HELLO_RX] NEW 000C tier=1(UNK) verified=0 rssi=0.2"
002C,SENSOR,1,UNIFIED,"t=47 [HELLO_RX] NEW 0036 tier=1(UNK) verified=0 rssi=0.3"
002C,SENSOR,1,UNIFIED,"t=48 [HELLO_TX] bat=100% nbr=11"
002C,SENSOR,1,UNIFIED,"t=53 [HELLO_TX] bat=100% nbr=11"
002C,SENSOR,1,UNIFIED,"t=55 [HELLO_RX] NEW 0028 tier=1(UNK) verified=0 rssi=0.6"
002C,SENSOR,1,UNIFIED,"t=56 [HELLO_RX] NEW 0053 tier=1(UNK) verified=0 rssi=0.3"
002C,SENSOR,1,UNIFIED,"t=59 [HELLO_TX] bat=100% nbr=13"
002C,SENSOR,1,UNIFIED,"t=60 [HELLO_RX] NEW 001D tier=1(UNK) verified=0 rssi=0.3"
002C,SENSOR,1,UNIFIED,"t=63 [HELLO_TX] bat=100% nbr=14"
002C,SENSOR,1,UNIFIED,"t=67 [HELLO_TX] bat=100% nbr=14"
002C,SENSOR,1,UNIFIED,"t=72 [HELLO_TX] bat=100% nbr=14"
002C,SENSOR,1,UNIFIED,"t=73 [HELLO_RX] NEW AA04 tier=2(CH) verified=0 rssi=0.2"
002C,SENSOR,1,UNIFIED,"t=80 [HELLO_TX] bat=100% nbr=15"
002C,SENSOR,1,UNIFIED,"t=84 [HELLO_TX] bat=100% nbr=15"
002C,SENSOR,1,UNIFIED,"t=93 [HELLO_RX] NEW 0047 tier=1(UNK) verified=0 rssi=0.2"
002C,SENSOR,1,UNIFIED,"t=94 [HELLO_TX] bat=100% nbr=16"
002C,SENSOR,1,UNIFIED,"t=103 [HELLO_TX] bat=100% nbr=16"
002C,SENSOR,1,UNIFIED,"t=105 [HELLO_RX] NEW FF01 tier=3(GWN) verified=1 rssi=0.1"
002C,SENSOR,1,UNIFIED,"t=113 [HELLO_TX] bat=100% nbr=17"
002C,SENSOR,1,UNIFIED,"t=121 [HELLO_TX] bat=100% nbr=17"
002C,SENSOR,1,UNIFIED,"t=126 [HELLO_RX] NEW FF0B tier=3(GWN) verified=1 rssi=0.1"
002C,SENSOR,1,UNIFIED,"t=130 [HELLO_TX] bat=100% nbr=18"
002C,SENSOR,1,UNIFIED,"t=133 [HELLO_RX] NEW AA03 tier=2(CH) verified=0 rssi=0.2"
002C,SENSOR,1,UNIFIED,"t=140 [HELLO_TX] bat=100% nbr=19"
002C,SENSOR,1,UNIFIED,"t=145 [HELLO_TX] bat=100% nbr=19"
002C,SENSOR,1,UNIFIED,"t=150 [HELLO_TX] bat=100% nbr=19"
002C,SENSOR,1,UNIFIED,"t=155 [HELLO_TX] bat=100% nbr=19"
002C,SENSOR,1,UNIFIED,"t=161 [HELLO_TX] bat=100% nbr=19"
002C,SENSOR,1,UNIFIED,"t=168 [HELLO_TX] bat=100% nbr=19"
002C,SENSOR,1,UNIFIED,"t=173 [HELLO_TX] bat=100% nbr=19"
002C,SENSOR,1,UNIFIED,"t=181 [HELLO_TX] bat=100% nbr=19"
002C,SENSOR,1,UNIFIED,"t=191 [HELLO_TX] bat=100% nbr=19"
002C,SENSOR,1,UNIFIED,"t=197 [HELLO_TX] bat=100% nbr=19"
002C,SENSOR,1,UNIFIED,"t=206 [HELLO_TX] bat=100% nbr=19"
002C,SENSOR,1,UNIFIED,"t=211 [HELLO_TX] bat=100% nbr=19"
002C,SENSOR,1,UNIFIED,"t=219 [HELLO_TX] bat=100% nbr=19"
002C,SENSOR,1,UNIFIED,"t=227 [HELLO_TX] bat=100% nbr=19"
002C,SENSOR,1,UNIFIED,"t=235 [HELLO_TX] bat=100% nbr=19"
002C,SENSOR,1,UNIFIED,"t=244 [HELLO_TX] bat=100% nbr=19"
002D,SENSOR,1,UNIFIED,"t=4 [HELLO_RX] NEW 0061 tier=1(UNK) verified=0 rssi=61.6"
002D,SENSOR,1,UNIFIED,"t=5 [HELLO_RX] NEW 0063 tier=1(UNK) verified=0 rssi=0.7"
002D,SENSOR,1,UNIFIED,"t=7 [HELLO_RX] NEW 0056 tier=1(UNK) verified=0 rssi=5.7"
002D,SENSOR,1,UNIFIED,"t=8 [HELLO_RX] NEW 0012 tier=1(UNK) verified=0 rssi=0.3"
002D,SENSOR,1,UNIFIED,"t=9 [HELLO_TX] bat=100% nbr=4"
002D,SENSOR,1,UNIFIED,"t=9 [HELLO_RX] NEW FF02 tier=3(GWN) verified=0 rssi=0.4"
002D,SENSOR,1,UNIFIED,"t=17 [HELLO_TX] bat=100% nbr=5"
002D,SENSOR,1,UNIFIED,"t=17 [HELLO_RX] NEW AA01 tier=2(CH) verified=0 rssi=0.2"
002D,SENSOR,1,UNIFIED,"t=20 [HELLO_RX] NEW 0009 tier=1(UNK) verified=0 rssi=0.3"
002D,SENSOR,1,UNIFIED,"t=22 [HELLO_RX] NEW 0058 tier=1(UNK) verified=0 rssi=0.3"
002D,SENSOR,1,UNIFIED,"t=23 [HELLO_TX] bat=100% nbr=8"
002D,SENSOR,1,UNIFIED,"t=25 [HELLO_RX] NEW 002E tier=1(UNK) verified=0 rssi=0.2"
002D,SENSOR,1,UNIFIED,"t=29 [HELLO_TX] bat=100% nbr=9"
002D,SENSOR,1,UNIFIED,"t=33 [HELLO_RX] NEW FF06 tier=3(GWN) verified=0 rssi=0.2"
002D,SENSOR,1,UNIFIED,"t=37 [HELLO_RX] NEW AA06 tier=2(CH) verified=0 rssi=0.3"
002D,SENSOR,1,UNIFIED,"t=39 [HELLO_TX] bat=100% nbr=11"
002D,SENSOR,1,UNIFIED,"t=39 [HELLO_RX] NEW 0031 tier=1(UNK) verified=0 rssi=0.3"
002D,SENSOR,1,UNIFIED,"t=41 [HELLO_RX] NEW 000D tier=1(UNK) verified=0 rssi=0.2"
002D,SENSOR,1,UNIFIED,"t=48 [HELLO_TX] bat=100% nbr=13"
002D,SENSOR,1,UNIFIED,"t=54 [HELLO_TX] bat=100% nbr=13"
002D,SENSOR,1,UNIFIED,"t=58 [HELLO_RX] NEW AA07 tier=2(CH) verified=0 rssi=0.2"
002D,SENSOR,1,UNIFIED,"t=61 [HELLO_RX] NEW AA09 tier=2(CH) verified=0 rssi=0.5"
002D,SENSOR,1,UNIFIED,"t=62 [HELLO_TX] bat=100% nbr=15"
002D,SENSOR,1,UNIFIED,"t=68 [HELLO_TX] bat=100% nbr=15"
002D,SENSOR,1,UNIFIED,"t=74 [HELLO_RX] NEW 0018 tier=1(UNK) verified=0 rssi=0.3"
002D,SENSOR,1,UNIFIED,"t=78 [HELLO_TX] bat=100% nbr=16"
002D,SENSOR,1,UNIFIED,"t=81 [HELLO_RX] NEW FF04 tier=3(GWN) verified=1 rssi=0.2"
002D,SENSOR,1,UNIFIED,"t=85 [HELLO_TX] bat=100% nbr=17"
002D,SENSOR,1,UNIFIED,"t=92 [HELLO_TX] bat=100% nbr=17"
002D,SENSOR,1,UNIFIED,"t=100 [HELLO_TX] bat=100% nbr=17"
002D,SENSOR,1,UNIFIED,"t=107 [HELLO_TX] bat=100% nbr=17"
002D,SENSOR,1,UNIFIED,"t=111 [HELLO_RX] NEW 0059 tier=1(UNK) verified=0 rssi=0.2"
002D,SENSOR,1,UNIFIED,"t=114 [HELLO_TX] bat=100% nbr=18"
002D,SENSOR,1,UNIFIED,"t=119 [HELLO_TX] bat=100% nbr=18"
002D,SENSOR,1,UNIFIED,"t=125 [HELLO_TX] bat=100% nbr=18"
002D,SENSOR,1,UNIFIED,"t=133 [HELLO_TX] bat=100% nbr=18"
002D,SENSOR,1,UNIFIED,"t=141 [HELLO_TX] bat=100% nbr=18"
002D,SENSOR,1,UNIFIED,"t=150 [HELLO_TX] bat=100% nbr=18"
002D,SENSOR,1,UNIFIED,"t=155 [HELLO_TX] bat=100% nbr=18"
002D,SENSOR,1,UNIFIED,"t=165 [HELLO_TX] bat=100% nbr=18"
002D,SENSOR,1,UNIFIED,"t=166 [HELLO_RX] NEW 0013 tier=1(UNK) verified=0 rssi=0.2"
002D,SENSOR,1,UNIFIED,"t=171 [HELLO_RX] NEW 0017 tier=1(UNK) verified=0 rssi=0.2"
002D,SENSOR,1,UNIFIED,"t=172 [HELLO_TX] bat=100% nbr=20"
002D,SENSOR,1,UNIFIED,"t=177 [HELLO_TX] bat=100% nbr=20"
002D,SENSOR,1,UNIFIED,"t=183 [HELLO_TX] bat=100% nbr=20"
002D,SENSOR,1,UNIFIED,"t=193 [HELLO_TX] bat=100% nbr=20"
002D,SENSOR,1,UNIFIED,"t=201 [HELLO_RX] NEW 0019 tier=1(UNK) verified=0 rssi=0.2"
002D,SENSOR,1,UNIFIED,"t=202 [HELLO_TX] bat=100% nbr=21"
002D,SENSOR,1,UNIFIED,"t=208 [HELLO_TX] bat=100% nbr=21"
002D,SENSOR,1,UNIFIED,"t=213 [HELLO_TX] bat=100% nbr=21"
002D,SENSOR,1,UNIFIED,"t=221 [HELLO_TX] bat=100% nbr=21"
002D,SENSOR,1,UNIFIED,"t=231 [HELLO_TX] bat=100% nbr=21"
002D,SENSOR,1,UNIFIED,"t=231 [HELLO_RX] NEW AA0A tier=2(CH) verified=0 rssi=0.2"
002D,SENSOR,1,UNIFIED,"t=241 [HELLO_TX] bat=100% nbr=22"
002D,SENSOR,1,UNIFIED,"t=247 [HELLO_TX] bat=100% nbr=22"
002E,SENSOR,1,UNIFIED,"t=4 [HELLO_RX] NEW AA01 tier=2(CH) verified=0 rssi=3.7"
002E,SENSOR,1,UNIFIED,"t=5 [HELLO_RX] NEW 0006 tier=1(UNK) verified=0 rssi=0.4"
002E,SENSOR,1,UNIFIED,"t=6 [HELLO_RX] NEW 0034 tier=1(UNK) verified=0 rssi=1.5"
002E,SENSOR,1,UNIFIED,"t=7 [HELLO_RX] NEW FF06 tier=3(GWN) verified=0 rssi=1.0"
002E,SENSOR,1,UNIFIED,"t=9 [HELLO_TX] bat=100% nbr=4"
002E,SENSOR,1,UNIFIED,"t=14 [HELLO_RX] NEW FF05 tier=3(GWN) verified=0 rssi=0.3"
002E,SENSOR,1,UNIFIED,"t=15 [HELLO_RX] NEW AA09 tier=2(CH) verified=0 rssi=3.0"
002E,SENSOR,1,UNIFIED,"t=19 [HELLO_TX] bat=100% nbr=6"
002E,SENSOR,1,UNIFIED,"t=21 [HELLO_RX] NEW 0055 tier=1(UNK) verified=0 rssi=0.6"
002E,SENSOR,1,UNIFIED,"t=22 [HELLO_RX] NEW 0063 tier=1(UNK) verified=0 rssi=1.7"
002E,SENSOR,1,UNIFIED,"t=24 [HELLO_RX] NEW 0009 tier=1(UNK) verified=0 rssi=0.6"
002E,SENSOR,1,UNIFIED,"t=25 [HELLO_TX] bat=100% nbr=9"
002E,SENSOR,1,UNIFIED,"t=26 [HELLO_RX] NEW FF04 tier=3(GWN) verified=0 rssi=1.4"
002E,SENSOR,1,UNIFIED,"t=33 [HELLO_TX] bat=100% nbr=10"
002E,SENSOR,1,UNIFIED,"t=37 [HELLO_RX] NEW AA06 tier=2(CH) verified=0 rssi=0.3"
002E,SENSOR,1,UNIFIED,"t=38 [HELLO_RX] NEW 0004 tier=1(UNK) verified=0 rssi=0.5"
002E,SENSOR,1,UNIFIED,"t=40 [HELLO_TX] bat=100% nbr=12"
002E,SENSOR,1,UNIFIED,"t=45 [HELLO_TX] bat=100% nbr=12"
002E,SENSOR,1,UNIFIED,"t=46 [HELLO_RX] NEW 003C tier=1(UNK) verified=0 rssi=0.7"
002E,SENSOR,1,UNIFIED,"t=53 [HELLO_TX] bat=100% nbr=13"
002E,SENSOR,1,UNIFIED,"t=55 [HELLO_RX] NEW 000D tier=1(UNK) verified=0 rssi=0.4"
002E,SENSOR,1,UNIFIED,"t=58 [HELLO_TX] bat=100% nbr=14"
002E,SENSOR,1,UNIFIED,"t=59 [HELLO_RX] NEW AA02 tier=2(CH) verified=0 rssi=0.3"
002E,SENSOR,1,UNIFIED,"t=65 [HELLO_TX] bat=100% nbr=15"
002E,SENSOR,1,UNIFIED,"t=72 [HELLO_RX] NEW 003D tier=1(UNK) verified=0 rssi=0.7"
002E,SENSOR,1,UNIFIED,"t=73 [HELLO_TX] bat=100% nbr=16"
002E,SENSOR,1,UNIFIED,"t=82 [HELLO_TX] bat=100% nbr=16"
002E,SENSOR,1,UNIFIED,"t=92 [HELLO_TX] bat=100% nbr=16"
002E,SENSOR,1,UNIFIED,"t=97 [HELLO_TX] bat=100% nbr=16"
002E,SENSOR,1,UNIFIED,"t=100 [HELLO_RX] NEW 002D tier=1(UNK) verified=0 rssi=0.2"
002E,SENSOR,1,UNIFIED,"t=102 [HELLO_TX] bat=100% nbr=17"
002E,SENSOR,1,UNIFIED,"t=107 [HELLO_TX] bat=100% nbr=17"
002E,SENSOR,1,UNIFIED,"t=111 [HELLO_TX] bat=100% nbr=17"
002E,SENSOR,1,UNIFIED,"t=117 [HELLO_RX] NEW 0021 tier=1(UNK) verified=0 rssi=0.2"
002E,SENSOR,1,UNIFIED,"t=119 [HELLO_TX] bat=100% nbr=18"
002E,SENSOR,1,UNIFIED,"t=123 [HELLO_TX] bat=100% nbr=18"
002E,SENSOR,1,UNIFIED,"t=132 [HELLO_TX] bat=100% nbr=18"
002E,SENSOR,1,UNIFIED,"t=140 [HELLO_TX] bat=100% nbr=18"
002E,SENSOR,1,UNIFIED,"t=140 [HELLO_RX] NEW 0037 tier=1(UNK) verified=0 rssi=0.2"
002E,SENSOR,1,UNIFIED,"t=147 [HELLO_TX] bat=100% nbr=19"
002E,SENSOR,1,UNIFIED,"t=156 [HELLO_TX] bat=100% nbr=19"
002E,SENSOR,1,UNIFIED,"t=162 [HELLO_TX] bat=100% nbr=19"
002E,SENSOR,1,UNIFIED,"t=167 [HELLO_TX] bat=100% nbr=19"
002E,SENSOR,1,UNIFIED,"t=174 [HELLO_TX] bat=100% nbr=19"
002E,SENSOR,1,UNIFIED,"t=175 [HELLO_RX] NEW 0061 tier=1(UNK) verified=0 rssi=0.2"
002E,SENSOR,1,UNIFIED,"t=176 [HELLO_RX] NEW FF02 tier=3(GWN) verified=1 rssi=0.2"
002E,SENSOR,1,UNIFIED,"t=179 [HELLO_TX] bat=100% nbr=21"
002E,SENSOR,1,UNIFIED,"t=187 [HELLO_TX] bat=100% nbr=21"
002E,SENSOR,1,UNIFIED,"t=196 [HELLO_TX] bat=100% nbr=21"
002E,SENSOR,1,UNIFIED,"t=204 [HELLO_TX] bat=100% nbr=21"
002E,SENSOR,1,UNIFIED,"t=208 [HELLO_TX] bat=100% nbr=21"
002E,SENSOR,1,UNIFIED,"t=218 [HELLO_TX] bat=100% nbr=21"
002E,SENSOR,1,UNIFIED,"t=224 [HELLO_RX] NEW FF09 tier=3(GWN) verified=1 rssi=0.2"
002E,SENSOR,1,UNIFIED,"t=227 [HELLO_TX] bat=100% nbr=22"
002E,SENSOR,1,UNIFIED,"t=237 [HELLO_TX] bat=100% nbr=22"
002E,SENSOR,1,UNIFIED,"t=246 [HELLO_RX] NEW 0040 tier=1(UNK) verified=0 rssi=0.2"
002E,SENSOR,1,UNIFIED,"t=247 [HELLO_TX] bat=100% nbr=23"
002F,SENSOR,1,UNIFIED,"t=4 [HELLO_RX] NEW 0008 tier=1(UNK) verified=0 rssi=7.0"
002F,SENSOR,1,UNIFIED,"t=5 [HELLO_RX] NEW AA06 tier=2(CH) verified=0 rssi=1.0"
002F,SENSOR,1,UNIFIED,"t=7 [HELLO_RX] NEW 001E tier=1(UNK) verified=0 rssi=3.9"
002F,SENSOR,1,UNIFIED,"t=8 [HELLO_TX] bat=100% nbr=3"
002F,SENSOR,1,UNIFIED,"t=10 [HELLO_RX] NEW 0001 tier=1(UNK) verified=0 rssi=1.2"
002F,SENSOR,1,UNIFIED,"t=12 [HELLO_TX] bat=100% nbr=4"
002F,SENSOR,1,UNIFIED,"t=12 [HELLO_RX] NEW 000D tier=1(UNK) verified=0 rssi=0.2"
002F,SENSOR,1,UNIFIED,"t=15 [HELLO_RX] NEW 0014 tier=1(UNK) verified=0 rssi=0.2"
002F,SENSOR,1,UNIFIED,"t=18 [HELLO_TX] bat=100% nbr=6"
002F,SENSOR,1,UNIFIED,"t=18 [HELLO_RX] NEW 0007 tier=1(UNK) verified=0 rssi=4.4"
002F,SENSOR,1,UNIFIED,"t=20 [HELLO_RX] NEW 005F tier=1(UNK) verified=0 rssi=0.5"
002F,SENSOR,1,UNIFIED,"t=27 [HELLO_TX] bat=100% nbr=8"
002F,SENSOR,1,UNIFIED,"t=31 [HELLO_TX] bat=100% nbr=8"
002F,SENSOR,1,UNIFIED,"t=39 [HELLO_TX] bat=100% nbr=8"
002F,SENSOR,1,UNIFIED,"t=45 [HELLO_TX] bat=100% nbr=8"
002F,SENSOR,1,UNIFIED,"t=48 [HELLO_RX] NEW 004A tier=1(UNK) verified=0 rssi=0.2"
002F,SENSOR,1,UNIFIED,"t=49 [HELLO_RX] NEW 0017 tier=1(UNK) verified=0 rssi=0.6"
002F,SENSOR,1,UNIFIED,"t=54 [HELLO_TX] bat=100% nbr=10"
002F,SENSOR,1,UNIFIED,"t=59 [HELLO_RX] NEW AA08 tier=2(CH) verified=0 rssi=0.4"
002F,SENSOR,1,UNIFIED,"t=60 [HELLO_TX] bat=100% nbr=11"
002F,SENSOR,1,UNIFIED,"t=64 [HELLO_TX] bat=100% nbr=11"
002F,SENSOR,1,UNIFIED,"t=64 [HELLO_RX] NEW 0033 tier=1(UNK) verified=0 rssi=0.2"
002F,SENSOR,1,UNIFIED,"t=71 [HELLO_TX] bat=100% nbr=12"
002F,SENSOR,1,UNIFIED,"t=74 [HELLO_RX] NEW 0021 tier=1(UNK) verified=0 rssi=0.3"
002F,SENSOR,1,UNIFIED,"t=79 [HELLO_TX] bat=100% nbr=13"
002F,SENSOR,1,UNIFIED,"t=85 [HELLO_RX] NEW FF0C tier=3(GWN) verified=1 rssi=0.2"
002F,SENSOR,1,UNIFIED,"t=88 [HELLO_RX] NEW FF07 tier=3(GWN) verified=1 rssi=0.1"
002F,SENSOR,1,UNIFIED,"t=89 [HELLO_TX] bat=100% nbr=15"
002F,SENSOR,1,UNIFIED,"t=96 [HELLO_TX] bat=100% nbr=15"
002F,SENSOR,1,UNIFIED,"t=100 [HELLO_TX] bat=100% nbr=15"
002F,SENSOR,1,UNIFIED,"t=110 [HELLO_TX] bat=100% nbr=15"
002F,SENSOR,1,UNIFIED,"t=119 [HELLO_TX] bat=100% nbr=15"
002F,SENSOR,1,UNIFIED,"t=122 [HELLO_RX] NEW FF04 tier=3(GWN) verified=1 rssi=0.1"
002F,SENSOR,1,UNIFIED,"t=127 [HELLO_TX] bat=100% nbr=16"
002F,SENSOR,1,UNIFIED,"t=136 [HELLO_TX] bat=100% nbr=16"
002F,SENSOR,1,UNIFIED,"t=138 [HELLO_RX] NEW 0059 tier=1(UNK) verified=0 rssi=0.5"
002F,SENSOR,1,UNIFIED,"t=141 [HELLO_TX] bat=100% nbr=17"
002F,SENSOR,1,UNIFIED,"t=141 [HELLO_RX] NEW AA09 tier=2(CH) verified=0 rssi=0.2"
002F,SENSOR,1,UNIFIED,"t=145 [HELLO_TX] bat=100% nbr=18"
002F,SENSOR,1,UNIFIED,"t=148 [HELLO_RX] NEW 0049 tier=1(UNK) verified=0 rssi=0.2"
002F,SENSOR,1,UNIFIED,"t=154 [HELLO_TX] bat=100% nbr=19"
002F,SENSOR,1,UNIFIED,"t=161 [HELLO_TX] bat=100% nbr=19"
002F,SENSOR,1,UNIFIED,"t=168 [HELLO_TX] bat=100% nbr=19"
002F,SENSOR,1,UNIFIED,"t=172 [HELLO_TX] bat=100% nbr=19"
002F,SENSOR,1,UNIFIED,"t=180 [HELLO_RX] NEW AA02 tier=2(CH) verified=0 rssi=0.2"
002F,SENSOR,1,UNIFIED,"t=181 [HELLO_TX] bat=100% nbr=20"
002F,SENSOR,1,UNIFIED,"t=189 [HELLO_TX] bat=100% nbr=20"
002F,SENSOR,1,UNIFIED,"t=197 [HELLO_TX] bat=100% nbr=20"
002F,SENSOR,1,UNIFIED,"t=206 [HELLO_TX] bat=100% nbr=20"
002F,SENSOR,1,UNIFIED,"t=207 [HELLO_RX] NEW 0031 tier=1(UNK) verified=0 rssi=0.2"
002F,SENSOR,1,UNIFIED,"t=214 [HELLO_TX] bat=100% nbr=21"
002F,SENSOR,1,UNIFIED,"t=218 [HELLO_TX] bat=100% nbr=21"
002F,SENSOR,1,UNIFIED,"t=223 [HELLO_TX] bat=100% nbr=21"
002F,SENSOR,1,UNIFIED,"t=230 [HELLO_TX] bat=100% nbr=21"
002F,SENSOR,1,UNIFIED,"t=235 [HELLO_TX] bat=100% nbr=21"
002F,SENSOR,1,UNIFIED,"t=240 [HELLO_TX] bat=100% nbr=21"
002F,SENSOR,1,UNIFIED,"t=245 [HELLO_TX] bat=100% nbr=21"
0030,SENSOR,1,UNIFIED,"t=4 [HELLO_RX] NEW 005C tier=1(UNK) verified=0 rssi=3.4"
0030,SENSOR,1,UNIFIED,"t=5 [HELLO_TX] bat=100% nbr=1"
0030,SENSOR,1,UNIFIED,"t=7 [HELLO_RX] NEW 0035 tier=1(UNK) verified=0 rssi=3.3"
0030,SENSOR,1,UNIFIED,"t=9 [HELLO_RX] NEW 001A tier=1(UNK) verified=0 rssi=3.6"
0030,SENSOR,1,UNIFIED,"t=10 [HELLO_TX] bat=100% nbr=3"
0030,SENSOR,1,UNIFIED,"t=10 [HELLO_RX] NEW 0046 tier=1(UNK) verified=0 rssi=1.8"
0030,SENSOR,1,UNIFIED,"t=11 [HELLO_RX] NEW 0019 tier=1(UNK) verified=0 rssi=0.2"
0030,SENSOR,1,UNIFIED,"t=13 [HELLO_RX] NEW 0041 tier=1(UNK) verified=0 rssi=0.9"
0030,SENSOR,1,UNIFIED,"t=14 [HELLO_TX] bat=100% nbr=6"
0030,SENSOR,1,UNIFIED,"t=15 [HELLO_RX] NEW 0002 tier=1(UNK) verified=0 rssi=2.1"
0030,SENSOR,1,UNIFIED,"t=17 [HELLO_RX] NEW FF0B tier=3(GWN) verified=0 rssi=1.3"
0030,SENSOR,1,UNIFIED,"t=18 [HELLO_RX] NEW AA0A tier=2(CH) verified=0 rssi=1.2"
0030,SENSOR,1,UNIFIED,"t=19 [HELLO_RX] NEW 0013 tier=1(UNK) verified=0 rssi=0.4"
0030,SENSOR,1,UNIFIED,"t=23 [HELLO_TX] bat=100% nbr=10"
0030,SENSOR,1,UNIFIED,"t=27 [HELLO_RX] NEW 0023 tier=1(UNK) verified=0 rssi=0.5"
0030,SENSOR,1,UNIFIED,"t=28 [HELLO_RX] NEW 005B tier=1(UNK) verified=0 rssi=0.4"
0030,SENSOR,1,UNIFIED,"t=30 [HELLO_TX] bat=100% nbr=12"
0030,SENSOR,1,UNIFIED,"t=40 [HELLO_TX] bat=100% nbr=12"
0030,SENSOR,1,UNIFIED,"t=48 [HELLO_TX] bat=100% nbr=12"
0030,SENSOR,1,UNIFIED,"t=52 [HELLO_TX] bat=100% nbr=12"
0030,SENSOR,1,UNIFIED,"t=52 [HELLO_RX] NEW AA07 tier=2(CH) verified=0 rssi=0.6"
0030,SENSOR,1,UNIFIED,"t=58 [HELLO_TX] bat=100% nbr=13"
0030,SENSOR,1,UNIFIED,"t=60 [HELLO_RX] NEW 0054 tier=1(UNK) verified=0 rssi=0.5"
0030,SENSOR,1,UNIFIED,"t=67 [HELLO_RX] NEW 004F tier=1(UNK) verified=0 rssi=0.2"
0030,SENSOR,1,UNIFIED,"t=68 [HELLO_TX] bat=100% nbr=15"
0030,SENSOR,1,UNIFIED,"t=75 [HELLO_TX] bat=100% nbr=15"
0030,SENSOR,1,UNIFIED,"t=85 [HELLO_TX] bat=100% nbr=15"
0030,SENSOR,1,UNIFIED,"t=85 [HELLO_RX] NEW 0005 tier=1(UNK) verified=0 rssi=0.2"
0030,SENSOR,1,UNIFIED,"t=93 [HELLO_TX] bat=100% nbr=16"
0030,SENSOR,1,UNIFIED,"t=99 [HELLO_TX] bat=100% nbr=16"
0030,SENSOR,1,UNIFIED,"t=108 [HELLO_TX] bat=100% nbr=16"
0030,SENSOR,1,UNIFIED,"t=115 [HELLO_TX] bat=100% nbr=16"
0030,SENSOR,1,UNIFIED,"t=119 [HELLO_TX] bat=100% nbr=16"
0030,SENSOR,1,UNIFIED,"t=126 [HELLO_TX] bat=100% nbr=16"
0030,SENSOR,1,UNIFIED,"t=130 [HELLO_TX] bat=100% nbr=16"
0030,SENSOR,1,UNIFIED,"t=137 [HELLO_TX] bat=100% nbr=16"
0030,SENSOR,1,UNIFIED,"t=146 [HELLO_TX] bat=100% nbr=16"
0030,SENSOR,1,UNIFIED,"t=147 [HELLO_RX] NEW FF01 tier=3(GWN) verified=1 rssi=0.1"
0030,SENSOR,1,UNIFIED,"t=150 [HELLO_TX] bat=100% nbr=17"
0030,SENSOR,1,UNIFIED,"t=151 [HELLO_RX] NEW FF02 tier=3(GWN) verified=1 rssi=0.3"
0030,SENSOR,1,UNIFIED,"t=160 [HELLO_TX] bat=100% nbr=18"
0030,SENSOR,1,UNIFIED,"t=165 [HELLO_TX] bat=100% nbr=18"
0030,SENSOR,1,UNIFIED,"t=169 [HELLO_TX] bat=100% nbr=18"
0030,SENSOR,1,UNIFIED,"t=177 [HELLO_TX] bat=100% nbr=18"
0030,SENSOR,1,UNIFIED,"t=184 [HELLO_TX] bat=100% nbr=18"
0030,SENSOR,1,UNIFIED,"t=193 [HELLO_TX] bat=100% nbr=18"
0030,SENSOR,1,UNIFIED,"t=199 [HELLO_TX] bat=100% nbr=18"
0030,SENSOR,1,UNIFIED,"t=203 [HELLO_TX] bat=100% nbr=18"
0030,SENSOR,1,UNIFIED,"t=208 [HELLO_TX] bat=100% nbr=18"
0030,SENSOR,1,UNIFIED,"t=217 [HELLO_TX] bat=100% nbr=18"
0030,SENSOR,1,UNIFIED,"t=225 [HELLO_TX] bat=100% nbr=18"
0030,SENSOR,1,UNIFIED,"t=234 [HELLO_TX] bat=100% nbr=18"
0030,SENSOR,1,UNIFIED,"t=236 [HELLO_RX] NEW 001F tier=1(UNK) verified=0 rssi=0.2"
0030,SENSOR,1,UNIFIED,"t=238 [HELLO_TX] bat=100% nbr=19"
0030,SENSOR,1,UNIFIED,"t=248 [HELLO_TX] bat=100% nbr=19"
0031,SENSOR,1,UNIFIED,"t=5 [HELLO_RX] NEW 0033 tier=1(UNK) verified=0 rssi=1.7"
0031,SENSOR,1,UNIFIED,"t=6 [HELLO_RX] NEW 0018 tier=1(UNK) verified=0 rssi=7.0"
0031,SENSOR,1,UNIFIED,"t=7 [HELLO_TX] bat=100% nbr=2"
0031,SENSOR,1,UNIFIED,"t=7 [HELLO_RX] NEW 0056 tier=1(UNK) verified=0 rssi=0.2"
0031,SENSOR,1,UNIFIED,"t=9 [HELLO_RX] NEW 0058 tier=1(UNK) verified=0 rssi=4.9"
0031,SENSOR,1,UNIFIED,"t=10 [HELLO_RX] NEW 0059 tier=1(UNK) verified=0 rssi=1.8"
0031,SENSOR,1,UNIFIED,"t=12 [HELLO_RX] NEW 002F tier=1(UNK) verified=0 rssi=0.2"
0031,SENSOR,1,UNIFIED,"t=15 [HELLO_TX] bat=100% nbr=6"
0031,SENSOR,1,UNIFIED,"t=17 [HELLO_RX] NEW 002D tier=1(UNK) verified=0 rssi=0.3"
0031,SENSOR,1,UNIFIED,"t=21 [HELLO_RX] NEW 0061 tier=1(UNK) verified=0 rssi=0.2"
0031,SENSOR,1,UNIFIED,"t=24 [HELLO_TX] bat=100% nbr=8"
0031,SENSOR,1,UNIFIED,"t=27 [HELLO_RX] NEW 001E tier=1(UNK) verified=0 rssi=0.2"
0031,SENSOR,1,UNIFIED,"t=28 [HELLO_RX] NEW 0049 tier=1(UNK) verified=0 rssi=3.0"
0031,SENSOR,1,UNIFIED,"t=30 [HELLO_TX] bat=100% nbr=10"
0031,SENSOR,1,UNIFIED,"t=33 [HELLO_RX] NEW 0043 tier=1(UNK) verified=0 rssi=0.6"
0031,SENSOR,1,UNIFIED,"t=34 [HELLO_RX] NEW 0014 tier=1(UNK) verified=0 rssi=0.3"
0031,SENSOR,1,UNIFIED,"t=39 [HELLO_TX] bat=100% nbr=12"
0031,SENSOR,1,UNIFIED,"t=42 [HELLO_RX] NEW AA06 tier=2(CH) verified=0 rssi=0.5"
0031,SENSOR,1,UNIFIED,"t=45 [HELLO_TX] bat=100% nbr=13"
0031,SENSOR,1,UNIFIED,"t=46 [HELLO_RX] NEW FF02 tier=3(GWN) verified=0 rssi=0.2"
0031,SENSOR,1,UNIFIED,"t=49 [HELLO_TX] bat=100% nbr=14"
0031,SENSOR,1,UNIFIED,"t=57 [HELLO_TX] bat=100% nbr=14"
0031,SENSOR,1,UNIFIED,"t=61 [HELLO_TX] bat=100% nbr=14"
0031,SENSOR,1,UNIFIED,"t=61 [HELLO_RX] NEW AA0A tier=2(CH) verified=0 rssi=0.3"
0031,SENSOR,1,UNIFIED,"t=63 [HELLO_RX] NEW 0017 tier=1(UNK) verified=0 rssi=0.2"
0031,SENSOR,1,UNIFIED,"t=65 [HELLO_TX] bat=100% nbr=16"
0031,SENSOR,1,UNIFIED,"t=72 [HELLO_TX] bat=100% nbr=16"
0031,SENSOR,1,UNIFIED,"t=81 [HELLO_TX] bat=100% nbr=16"
0031,SENSOR,1,UNIFIED,"t=86 [HELLO_TX] bat=100% nbr=16"
0031,SENSOR,1,UNIFIED,"t=96 [HELLO_TX] bat=100% nbr=16"
0031,SENSOR,1,UNIFIED,"t=104 [HELLO_TX] bat=100% nbr=16"
0031,SENSOR,1,UNIFIED,"t=105 [HELLO_RX] NEW FF0B tier=3(GWN) verified=1 rssi=0.1"
0031,SENSOR,1,UNIFIED,"t=110 [HELLO_TX] bat=100% nbr=17"
0031,SENSOR,1,UNIFIED,"t=115 [HELLO_TX] bat=100% nbr=17"
0031,SENSOR,1,UNIFIED,"t=119 [HELLO_TX] bat=100% nbr=17"
0031,SENSOR,1,UNIFIED,"t=128 [HELLO_TX] bat=100% nbr=17"
0031,SENSOR,1,UNIFIED,"t=130 [HELLO_RX] NEW FF04 tier=3(GWN) verified=1 rssi=0.1"
0031,SENSOR,1,UNIFIED,"t=133 [HELLO_TX] bat=100% nbr=18"
0031,SENSOR,1,UNIFIED,"t=134 [HELLO_RX] NEW 0052 tier=1(UNK) verified=0 rssi=0.2"
0031,SENSOR,1,UNIFIED,"t=138 [HELLO_TX] bat=100% nbr=19"
0031,SENSOR,1,UNIFIED,"t=148 [HELLO_TX] bat=100% nbr=19"
0031,SENSOR,1,UNIFIED,"t=153 [HELLO_TX] bat=100% nbr=19"
0031,SENSOR,1,UNIFIED,"t=157 [HELLO_TX] bat=100% nbr=19"
0031,SENSOR,1,UNIFIED,"t=161 [HELLO_TX] bat=100% nbr=19"
0031,SENSOR,1,UNIFIED,"t=170 [HELLO_RX] NEW AA09 tier=2(CH) verified=0 rssi=0.2"
0031,SENSOR,1,UNIFIED,"t=171 [HELLO_TX] bat=100% nbr=20"
0031,SENSOR,1,UNIFIED,"t=173 [HELLO_RX] NEW 0003 tier=1(UNK) verified=0 rssi=0.4"
0031,SENSOR,1,UNIFIED,"t=178 [HELLO_TX] bat=100% nbr=21"
0031,SENSOR,1,UNIFIED,"t=186 [HELLO_TX] bat=100% nbr=21"
0031,SENSOR,1,UNIFIED,"t=194 [HELLO_TX] bat=100% nbr=21"
0031,SENSOR,1,UNIFIED,"t=203 [HELLO_TX] bat=100% nbr=21"
0031,SENSOR,1,UNIFIED,"t=207 [HELLO_TX] bat=100% nbr=21"
0031,SENSOR,1,UNIFIED,"t=215 [HELLO_TX] bat=100% nbr=21"
0031,SENSOR,1,UNIFIED,"t=220 [HELLO_TX] bat=100% nbr=21"
0031,SENSOR,1,UNIFIED,"t=229 [HELLO_TX] bat=100% nbr=21"
0031,SENSOR,1,UNIFIED,"t=235 [HELLO_TX] bat=100% nbr=21"
0031,SENSOR,1,UNIFIED,"t=239 [HELLO_TX] bat=100% nbr=21"
0031,SENSOR,1,UNIFIED,"t=246 [HELLO_TX] bat=100% nbr=21"
0032,SENSOR,1,UNIFIED,"t=5 [HELLO_TX] bat=100% nbr=0"
0032,SENSOR,1,UNIFIED,"t=5 [HELLO_RX] NEW 004A tier=1(UNK) verified=0 rssi=13.4"
0032,SENSOR,1,UNIFIED,"t=7 [HELLO_RX] NEW FF0C tier=3(GWN) verified=0 rssi=0.6"
0032,SENSOR,1,UNIFIED,"t=8 [HELLO_RX] NEW 000B tier=1(UNK) verified=0 rssi=2.0"
0032,SENSOR,1,UNIFIED,"t=9 [HELLO_RX] NEW 0008 tier=1(UNK) verified=0 rssi=0.2"
0032,SENSOR,1,UNIFIED,"t=14 [HELLO_RX] NEW 001B tier=1(UNK) verified=0 rssi=3.1"
0032,SENSOR,1,UNIFIED,"t=15 [HELLO_TX] bat=100% nbr=5"
0032,SENSOR,1,UNIFIED,"t=23 [HELLO_TX] bat=100% nbr=5"
0032,SENSOR,1,UNIFIED,"t=25 [HELLO_RX] NEW AA08 tier=2(CH) verified=0 rssi=1.9"
0032,SENSOR,1,UNIFIED,"t=28 [HELLO_RX] NEW 004D tier=1(UNK) verified=0 rssi=0.2"
0032,SENSOR,1,UNIFIED,"t=31 [HELLO_TX] bat=100% nbr=7"
0032,SENSOR,1,UNIFIED,"t=31 [HELLO_RX] NEW 0001 tier=1(UNK) verified=0 rssi=0.2"
0032,SENSOR,1,UNIFIED,"t=39 [HELLO_TX] bat=100% nbr=8"
0032,SENSOR,1,UNIFIED,"t=41 [HELLO_RX] NEW FF04 tier=3(GWN) verified=0 rssi=0.1"
0032,SENSOR,1,UNIFIED,"t=48 [HELLO_TX] bat=100% nbr=9"
0032,SENSOR,1,UNIFIED,"t=56 [HELLO_TX] bat=100% nbr=9"
0032,SENSOR,1,UNIFIED,"t=57 [HELLO_RX] NEW 0022 tier=1(UNK) verified=0 rssi=0.3"
0032,SENSOR,1,UNIFIED,"t=62 [HELLO_TX] bat=100% nbr=10"
0032,SENSOR,1,UNIFIED,"t=68 [HELLO_TX] bat=100% nbr=10"
0032,SENSOR,1,UNIFIED,"t=70 [HELLO_RX] NEW 004E tier=1(UNK) verified=0 rssi=0.2"
0032,SENSOR,1,UNIFIED,"t=74 [HELLO_TX] bat=100% nbr=11"
0032,SENSOR,1,UNIFIED,"t=79 [HELLO_TX] bat=100% nbr=11"
0032,SENSOR,1,UNIFIED,"t=88 [HELLO_TX] bat=100% nbr=11"
0032,SENSOR,1,UNIFIED,"t=92 [HELLO_RX] NEW 005F tier=1(UNK) verified=0 rssi=1.0"
0032,SENSOR,1,UNIFIED,"t=95 [HELLO_TX] bat=100% nbr=12"
0032,SENSOR,1,UNIFIED,"t=101 [HELLO_TX] bat=100% nbr=12"
0032,SENSOR,1,UNIFIED,"t=104 [HELLO_RX] NEW 004B tier=1(UNK) verified=0 rssi=0.2"
0032,SENSOR,1,UNIFIED,"t=108 [HELLO_TX] bat=100% nbr=13"
0032,SENSOR,1,UNIFIED,"t=116 [HELLO_TX] bat=100% nbr=13"
0032,SENSOR,1,UNIFIED,"t=122 [HELLO_TX] bat=100% nbr=13"
0032,SENSOR,1,UNIFIED,"t=126 [HELLO_TX] bat=100% nbr=13"
0032,SENSOR,1,UNIFIED,"t=131 [HELLO_TX] bat=100% nbr=13"
0032,SENSOR,1,UNIFIED,"t=135 [HELLO_TX] bat=100% nbr=13"
0032,SENSOR,1,UNIFIED,"t=139 [HELLO_TX] bat=100% nbr=13"
0032,SENSOR,1,UNIFIED,"t=144 [HELLO_TX] bat=100% nbr=13"
0032,SENSOR,1,UNIFIED,"t=150 [HELLO_TX] bat=100% nbr=13"
0032,SENSOR,1,UNIFIED,"t=154 [HELLO_RX] NEW 0027 tier=1(UNK) verified=0 rssi=0.2"
0032,SENSOR,1,UNIFIED,"t=155 [HELLO_TX] bat=100% nbr=14"
0032,SENSOR,1,UNIFIED,"t=165 [HELLO_TX] bat=100% nbr=14"
0032,SENSOR,1,UNIFIED,"t=174 [HELLO_TX] bat=100% nbr=14"
0032,SENSOR,1,UNIFIED,"t=181 [HELLO_TX] bat=100% nbr=14"
0032,SENSOR,1,UNIFIED,"t=187 [HELLO_TX] bat=100% nbr=14"
0032,SENSOR,1,UNIFIED,"t=194 [HELLO_TX] bat=100% nbr=14"
0032,SENSOR,1,UNIFIED,"t=198 [HELLO_TX] bat=100% nbr=14"
0032,SENSOR,1,UNIFIED,"t=206 [HELLO_TX] bat=100% nbr=14"
0032,SENSOR,1,UNIFIED,"t=215 [HELLO_TX] bat=100% nbr=14"
0032,SENSOR,1,UNIFIED,"t=219 [HELLO_TX] bat=100% nbr=14"
0032,SENSOR,1,UNIFIED,"t=228 [HELLO_TX] bat=100% nbr=14"
0032,SENSOR,1,UNIFIED,"t=238 [HELLO_TX] bat=100% nbr=14"
0032,SENSOR,1,UNIFIED,"t=247 [HELLO_TX] bat=100% nbr=14"
0033,SENSOR,1,UNIFIED,"t=4 [HELLO_RX] NEW 0003 tier=1(UNK) verified=0 rssi=2.2"
0033,SENSOR,1,UNIFIED,"t=5 [HELLO_TX] bat=100% nbr=1"
0033,SENSOR,1,UNIFIED,"t=5 [HELLO_RX] NEW 0014 tier=1(UNK) verified=0 rssi=1.1"
0033,SENSOR,1,UNIFIED,"t=6 [HELLO_RX] NEW 0049 tier=1(UNK) verified=0 rssi=14.9"
0033,SENSOR,1,UNIFIED,"t=7 [HELLO_RX] NEW 0031 tier=1(UNK) verified=0 rssi=1.7"
0033,SENSOR,1,UNIFIED,"t=8 [HELLO_RX] NEW 0052 tier=1(UNK) verified=0 rssi=0.5"
0033,SENSOR,1,UNIFIED,"t=9 [HELLO_RX] NEW 0058 tier=1(UNK) verified=0 rssi=1.4"
0033,SENSOR,1,UNIFIED,"t=12 [HELLO_RX] NEW 002F tier=1(UNK) verified=0 rssi=0.2"
0033,SENSOR,1,UNIFIED,"t=15 [HELLO_TX] bat=100% nbr=7"
0033,SENSOR,1,UNIFIED,"t=18 [HELLO_RX] NEW AA0A tier=2(CH) verified=0 rssi=0.3"
0033,SENSOR,1,UNIFIED,"t=20 [HELLO_TX] bat=100% nbr=8"
0033,SENSOR,1,UNIFIED,"t=20 [HELLO_RX] NEW 0059 tier=1(UNK) verified=0 rssi=1.0"
0033,SENSOR,1,UNIFIED,"t=26 [HELLO_RX] NEW 0018 tier=1(UNK) verified=0 rssi=1.5"
0033,SENSOR,1,UNIFIED,"t=27 [HELLO_TX] bat=100% nbr=10"
0033,SENSOR,1,UNIFIED,"t=31 [HELLO_RX] NEW FF0B tier=3(GWN) verified=0 rssi=0.1"
0033,SENSOR,1,UNIFIED,"t=33 [HELLO_TX] bat=100% nbr=11"
0033,SENSOR,1,UNIFIED,"t=33 [HELLO_RX] NEW 0043 tier=1(UNK) verified=0 rssi=1.1"
0033,SENSOR,1,UNIFIED,"t=39 [HELLO_TX] bat=100% nbr=12"
0033,SENSOR,1,UNIFIED,"t=45 [HELLO_TX] bat=100% nbr=12"
0033,SENSOR,1,UNIFIED,"t=52 [HELLO_RX] NEW 0010 tier=1(UNK) verified=0 rssi=0.2"
0033,SENSOR,1,UNIFIED,"t=54 [HELLO_TX] bat=100% nbr=13"
0033,SENSOR,1,UNIFIED,"t=60 [HELLO_TX] bat=100% nbr=13"
0033,SENSOR,1,UNIFIED,"t=62 [HELLO_RX] NEW AA06 tier=2(CH) verified=0 rssi=0.3"
0033,SENSOR,1,UNIFIED,"t=64 [HELLO_TX] bat=100% nbr=14"
0033,SENSOR,1,UNIFIED,"t=70 [HELLO_TX] bat=100% nbr=14"
0033,SENSOR,1,UNIFIED,"t=77 [HELLO_TX] bat=100% nbr=14"
0033,SENSOR,1,UNIFIED,"t=83 [HELLO_TX] bat=100% nbr=14"
0033,SENSOR,1,UNIFIED,"t=87 [HELLO_TX] bat=100% nbr=14"
0033,SENSOR,1,UNIFIED,"t=95 [HELLO_TX] bat=100% nbr=14"
0033,SENSOR,1,UNIFIED,"t=103 [HELLO_TX] bat=100% nbr=14"
0033,SENSOR,1,UNIFIED,"t=109 [HELLO_TX] bat=100% nbr=14"
0033,SENSOR,1,UNIFIED,"t=114 [HELLO_TX] bat=100% nbr=14"
0033,SENSOR,1,UNIFIED,"t=121 [HELLO_TX] bat=100% nbr=14"
0033,SENSOR,1,UNIFIED,"t=128 [HELLO_TX] bat=100% nbr=14"
0033,SENSOR,1,UNIFIED,"t=136 [HELLO_TX] bat=100% nbr=14"
0033,SENSOR,1,UNIFIED,"t=145 [HELLO_TX] bat=100% nbr=14"
0033,SENSOR,1,UNIFIED,"t=151 [HELLO_TX] bat=100% nbr=14"
0033,SENSOR,1,UNIFIED,"t=157 [HELLO_TX] bat=100% nbr=14"
0033,SENSOR,1,UNIFIED,"t=165 [HELLO_TX] bat=100% nbr=14"
0033,SENSOR,1,UNIFIED,"t=174 [HELLO_TX] bat=100% nbr=14"
0033,SENSOR,1,UNIFIED,"t=182 [HELLO_TX] bat=100% nbr=14"
0033,SENSOR,1,UNIFIED,"t=191 [HELLO_TX] bat=100% nbr=14"
0033,SENSOR,1,UNIFIED,"t=198 [HELLO_TX] bat=100% nbr=14"
0033,SENSOR,1,UNIFIED,"t=205 [HELLO_TX] bat=100% nbr=14"
0033,SENSOR,1,UNIFIED,"t=211 [HELLO_TX] bat=100% nbr=14"
0033,SENSOR,1,UNIFIED,"t=220 [HELLO_TX] bat=100% nbr=14"
0033,SENSOR,1,UNIFIED,"t=225 [HELLO_TX] bat=100% nbr=14"
0033,SENSOR,1,UNIFIED,"t=233 [HELLO_TX] bat=100% nbr=14"
0033,SENSOR,1,UNIFIED,"t=238 [HELLO_TX] bat=100% nbr=14"
0033,SENSOR,1,UNIFIED,"t=245 [HELLO_TX] bat=100% nbr=14"
0034,SENSOR,1,UNIFIED,"t=4 [HELLO_RX] NEW AA01 tier=2(CH) verified=0 rssi=50.7"
0034,SENSOR,1,UNIFIED,"t=5 [HELLO_RX] NEW 0006 tier=1(UNK) verified=0 rssi=2.2"
0034,SENSOR,1,UNIFIED,"t=6 [HELLO_TX] bat=100% nbr=2"
0034,SENSOR,1,UNIFIED,"t=6 [HELLO_RX] NEW 003C tier=1(UNK) verified=0 rssi=2.3"
0034,SENSOR,1,UNIFIED,"t=7 [HELLO_RX] NEW FF06 tier=3(GWN) verified=0 rssi=1.1"
0034,SENSOR,1,UNIFIED,"t=10 [HELLO_TX] bat=100% nbr=4"
0034,SENSOR,1,UNIFIED,"t=10 [HELLO_RX] NEW FF04 tier=3(GWN) verified=0 rssi=10.1"
0034,SENSOR,1,UNIFIED,"t=14 [HELLO_RX] NEW FF05 tier=3(GWN) verified=0 rssi=0.5"
0034,SENSOR,1,UNIFIED,"t=15 [HELLO_RX] NEW AA09 tier=2(CH) verified=0 rssi=1.0"
0034,SENSOR,1,UNIFIED,"t=16 [HELLO_RX] NEW AA02 tier=2(CH) verified=0 rssi=0.4"
0034,SENSOR,1,UNIFIED,"t=18 [HELLO_TX] bat=100% nbr=8"
0034,SENSOR,1,UNIFIED,"t=25 [HELLO_TX] bat=100% nbr=8"
0034,SENSOR,1,UNIFIED,"t=25 [HELLO_RX] NEW 002E tier=1(UNK) verified=0 rssi=1.5"
0034,SENSOR,1,UNIFIED,"t=27 [HELLO_RX] NEW FF09 tier=3(GWN) verified=0 rssi=0.4"
0034,SENSOR,1,UNIFIED,"t=30 [HELLO_RX] NEW 0055 tier=1(UNK) verified=0 rssi=0.4"
0034,SENSOR,1,UNIFIED,"t=31 [HELLO_TX] bat=100% nbr=11"
0034,SENSOR,1,UNIFIED,"t=31 [HELLO_RX] NEW 0004 tier=1(UNK) verified=0 rssi=1.5"
0034,SENSOR,1,UNIFIED,"t=39 [HELLO_TX] bat=100% nbr=12"
0034,SENSOR,1,UNIFIED,"t=44 [HELLO_TX] bat=100% nbr=12"
0034,SENSOR,1,UNIFIED,"t=49 [HELLO_TX] bat=100% nbr=12"
0034,SENSOR,1,UNIFIED,"t=49 [HELLO_RX] NEW AA06 tier=2(CH) verified=0 rssi=0.2"
0034,SENSOR,1,UNIFIED,"t=55 [HELLO_RX] NEW 000D tier=1(UNK) verified=0 rssi=0.3"
0034,SENSOR,1,UNIFIED,"t=58 [HELLO_TX] bat=100% nbr=14"
0034,SENSOR,1,UNIFIED,"t=59 [HELLO_RX] NEW 0037 tier=1(UNK) verified=0 rssi=0.5"
0034,SENSOR,1,UNIFIED,"t=62 [HELLO_TX] bat=100% nbr=15"
0034,SENSOR,1,UNIFIED,"t=66 [HELLO_TX] bat=100% nbr=15"
0034,SENSOR,1,UNIFIED,"t=74 [HELLO_TX] bat=100% nbr=15"
0034,SENSOR,1,UNIFIED,"t=81 [HELLO_TX] bat=100% nbr=15"
0034,SENSOR,1,UNIFIED,"t=87 [HELLO_RX] NEW 003D tier=1(UNK) verified=0 rssi=0.7"
0034,SENSOR,1,UNIFIED,"t=88 [HELLO_TX] bat=100% nbr=16"
0034,SENSOR,1,UNIFIED,"t=94 [HELLO_TX] bat=100% nbr=16"
0034,SENSOR,1,UNIFIED,"t=99 [HELLO_RX] NEW 0040 tier=1(UNK) verified=0 rssi=0.5"
0034,SENSOR,1,UNIFIED,"t=100 [HELLO_RX] NEW FF07 tier=3(GWN) verified=1 rssi=0.3"
0034,SENSOR,1,UNIFIED,"t=101 [HELLO_TX] bat=100% nbr=18"
0034,SENSOR,1,UNIFIED,"t=106 [HELLO_RX] NEW 000A tier=1(UNK) verified=0 rssi=0.3"
0034,SENSOR,1,UNIFIED,"t=111 [HELLO_TX] bat=100% nbr=19"
0034,SENSOR,1,UNIFIED,"t=118 [HELLO_TX] bat=100% nbr=19"
0034,SENSOR,1,UNIFIED,"t=128 [HELLO_TX] bat=100% nbr=19"
0034,SENSOR,1,UNIFIED,"t=137 [HELLO_TX] bat=100% nbr=19"
0034,SENSOR,1,UNIFIED,"t=144 [HELLO_TX] bat=100% nbr=19"
0034,SENSOR,1,UNIFIED,"t=154 [HELLO_TX] bat=100% nbr=19"
0034,SENSOR,1,UNIFIED,"t=161 [HELLO_TX] bat=100% nbr=19"
0034,SENSOR,1,UNIFIED,"t=165 [HELLO_TX] bat=100% nbr=19"
0034,SENSOR,1,UNIFIED,"t=174 [HELLO_TX] bat=100% nbr=19"
0034,SENSOR,1,UNIFIED,"t=183 [HELLO_TX] bat=100% nbr=19"
0034,SENSOR,1,UNIFIED,"t=190 [HELLO_TX] bat=100% nbr=19"
0034,SENSOR,1,UNIFIED,"t=199 [HELLO_TX] bat=100% nbr=19"
0034,SENSOR,1,UNIFIED,"t=205 [HELLO_TX] bat=100% nbr=19"
0034,SENSOR,1,UNIFIED,"t=209 [HELLO_TX] bat=100% nbr=19"
0034,SENSOR,1,UNIFIED,"t=213 [HELLO_TX] bat=100% nbr=19"
0034,SENSOR,1,UNIFIED,"t=219 [HELLO_TX] bat=100% nbr=19"
0034,SENSOR,1,UNIFIED,"t=225 [HELLO_TX] bat=100% nbr=19"
0034,SENSOR,1,UNIFIED,"t=233 [HELLO_TX] bat=100% nbr=19"
0034,SENSOR,1,UNIFIED,"t=237 [HELLO_TX] bat=100% nbr=19"
0034,SENSOR,1,UNIFIED,"t=243 [HELLO_TX] bat=100% nbr=19"
0034,SENSOR,1,UNIFIED,"t=249 [HELLO_TX] bat=100% nbr=19"
0035,SENSOR,1,UNIFIED,"t=4 [HELLO_RX] NEW 005C tier=1(UNK) verified=0 rssi=0.7"
0035,SENSOR,1,UNIFIED,"t=5 [HELLO_RX] NEW 0030 tier=1(UNK) verified=0 rssi=3.3"
0035,SENSOR,1,UNIFIED,"t=6 [HELLO_RX] NEW AA07 tier=2(CH) verified=0 rssi=1.8"
0035,SENSOR,1,UNIFIED,"t=7 [HELLO_TX] bat=100% nbr=3"
0035,SENSOR,1,UNIFIED,"t=7 [HELLO_RX] NEW 0019 tier=1(UNK) verified=0 rssi=0.3"
0035,SENSOR,1,UNIFIED,"t=8 [HELLO_RX] NEW FF0B tier=3(GWN) verified=0 rssi=0.8"
0035,SENSOR,1,UNIFIED,"t=9 [HELLO_RX] NEW 001A tier=1(UNK) verified=0 rssi=2.0"
0035,SENSOR,1,UNIFIED,"t=10 [HELLO_RX] NEW 0046 tier=1(UNK) verified=0 rssi=64.6"
0035,SENSOR,1,UNIFIED,"t=15 [HELLO_RX] NEW 0002 tier=1(UNK) verified=0 rssi=6.0"
0035,SENSOR,1,UNIFIED,"t=16 [HELLO_TX] bat=100% nbr=8"
0035,SENSOR,1,UNIFIED,"t=18 [HELLO_RX] NEW AA0A tier=2(CH) verified=0 rssi=0.7"
0035,SENSOR,1,UNIFIED,"t=20 [HELLO_TX] bat=100% nbr=9"
0035,SENSOR,1,UNIFIED,"t=22 [HELLO_RX] NEW FF01 tier=3(GWN) verified=0 rssi=0.1"
0035,SENSOR,1,UNIFIED,"t=25 [HELLO_TX] bat=100% nbr=10"
0035,SENSOR,1,UNIFIED,"t=33 [HELLO_RX] NEW FF06 tier=3(GWN) verified=0 rssi=0.1"
0035,SENSOR,1,UNIFIED,"t=34 [HELLO_TX] bat=100% nbr=11"
0035,SENSOR,1,UNIFIED,"t=38 [HELLO_TX] bat=100% nbr=11"
0035,SENSOR,1,UNIFIED,"t=40 [HELLO_RX] NEW FF02 tier=3(GWN) verified=0 rssi=0.5"
0035,SENSOR,1,UNIFIED,"t=44 [HELLO_TX] bat=100% nbr=12"
0035,SENSOR,1,UNIFIED,"t=47 [HELLO_RX] NEW 0013 tier=1(UNK) verified=0 rssi=0.7"
0035,SENSOR,1,UNIFIED,"t=53 [HELLO_TX] bat=100% nbr=13"
0035,SENSOR,1,UNIFIED,"t=53 [HELLO_RX] NEW 0012 tier=1(UNK) verified=0 rssi=0.2"
0035,SENSOR,1,UNIFIED,"t=57 [HELLO_TX] bat=100% nbr=14"
0035,SENSOR,1,UNIFIED,"t=60 [HELLO_RX] NEW 0054 tier=1(UNK) verified=0 rssi=0.3"
0035,SENSOR,1,UNIFIED,"t=65 [HELLO_TX] bat=100% nbr=15"
0035,SENSOR,1,UNIFIED,"t=75 [HELLO_TX] bat=100% nbr=15"
0035,SENSOR,1,UNIFIED,"t=80 [HELLO_TX] bat=100% nbr=15"
0035,SENSOR,1,UNIFIED,"t=84 [HELLO_TX] bat=100% nbr=15"
0035,SENSOR,1,UNIFIED,"t=94 [HELLO_TX] bat=100% nbr=15"
0035,SENSOR,1,UNIFIED,"t=99 [HELLO_TX] bat=100% nbr=15"
0035,SENSOR,1,UNIFIED,"t=102 [HELLO_RX] NEW 0023 tier=1(UNK) verified=0 rssi=0.2"
0035,SENSOR,1,UNIFIED,"t=108 [HELLO_TX] bat=100% nbr=16"
0035,SENSOR,1,UNIFIED,"t=113 [HELLO_TX] bat=100% nbr=16"
0035,SENSOR,1,UNIFIED,"t=117 [HELLO_TX] bat=100% nbr=16"
0035,SENSOR,1,UNIFIED,"t=125 [HELLO_RX] NEW 0041 tier=1(UNK) verified=0 rssi=0.3"
0035,SENSOR,1,UNIFIED,"t=127 [HELLO_TX] bat=100% nbr=17"
0035,SENSOR,1,UNIFIED,"t=134 [HELLO_TX] bat=100% nbr=17"
0035,SENSOR,1,UNIFIED,"t=139 [HELLO_TX] bat=100% nbr=17"
0035,SENSOR,1,UNIFIED,"t=147 [HELLO_TX] bat=100% nbr=17"
0035,SENSOR,1,UNIFIED,"t=149 [HELLO_RX] NEW FF04 tier=3(GWN) verified=1 rssi=0.0"
0035,SENSOR,1,UNIFIED,"t=151 [HELLO_TX] bat=100% nbr=18"
0035,SENSOR,1,UNIFIED,"t=160 [HELLO_TX] bat=100% nbr=18"
0035,SENSOR,1,UNIFIED,"t=164 [HELLO_TX] bat=100% nbr=18"
0035,SENSOR,1,UNIFIED,"t=168 [HELLO_TX] bat=100% nbr=18"
0035,SENSOR,1,UNIFIED,"t=175 [HELLO_TX] bat=100% nbr=18"
0035,SENSOR,1,UNIFIED,"t=182 [HELLO_TX] bat=100% nbr=18"
0035,SENSOR,1,UNIFIED,"t=189 [HELLO_TX] bat=100% nbr=18"
0035,SENSOR,1,UNIFIED,"t=196 [HELLO_RX] NEW 005B tier=1(UNK) verified=0 rssi=0.2"
0035,SENSOR,1,UNIFIED,"t=197 [HELLO_TX] bat=100% nbr=19"
0035,SENSOR,1,UNIFIED,"t=201 [HELLO_TX] bat=100% nbr=19"
0035,SENSOR,1,UNIFIED,"t=210 [HELLO_TX] bat=100% nbr=19"
0035,SENSOR,1,UNIFIED,"t=216 [HELLO_TX] bat=100% nbr=19"
0035,SENSOR,1,UNIFIED,"t=222 [HELLO_TX] bat=100% nbr=19"
0035,SENSOR,1,UNIFIED,"t=232 [HELLO_TX] bat=100% nbr=19"
0035,SENSOR,1,UNIFIED,"t=239 [HELLO_TX] bat=100% nbr=19"
0035,SENSOR,1,UNIFIED,"t=246 [HELLO_TX] bat=100% nbr=19"
0036,SENSOR,1,UNIFIED,"t=6 [HELLO_RX] NEW FF0A tier=3(GWN) verified=0 rssi=4.8"
0036,SENSOR,1,UNIFIED,"t=7 [HELLO_TX] bat=100% nbr=1"
0036,SENSOR,1,UNIFIED,"t=9 [HELLO_RX] NEW 0047 tier=1(UNK) verified=0 rssi=7.8"
0036,SENSOR,1,UNIFIED,"t=10 [HELLO_RX] NEW AA04 tier=2(CH) verified=0 rssi=2.7"
0036,SENSOR,1,UNIFIED,"t=12 [HELLO_RX] NEW 0060 tier=1(UNK) verified=0 rssi=1.5"
0036,SENSOR,1,UNIFIED,"t=15 [HELLO_RX] NEW 003F tier=1(UNK) verified=0 rssi=0.2"
0036,SENSOR,1,UNIFIED,"t=16 [HELLO_TX] bat=100% nbr=5"
0036,SENSOR,1,UNIFIED,"t=18 [HELLO_RX] NEW 003E tier=1(UNK) verified=0 rssi=7.2"
0036,SENSOR,1,UNIFIED,"t=19 [HELLO_RX] NEW 0028 tier=1(UNK) verified=0 rssi=4.1"
0036,SENSOR,1,UNIFIED,"t=24 [HELLO_TX] bat=100% nbr=7"
0036,SENSOR,1,UNIFIED,"t=27 [HELLO_RX] NEW 0050 tier=1(UNK) verified=0 rssi=0.8"
0036,SENSOR,1,UNIFIED,"t=28 [HELLO_RX] NEW FF08 tier=3(GWN) verified=0 rssi=1.2"
0036,SENSOR,1,UNIFIED,"t=31 [HELLO_TX] bat=100% nbr=9"
0036,SENSOR,1,UNIFIED,"t=38 [HELLO_TX] bat=100% nbr=9"
0036,SENSOR,1,UNIFIED,"t=38 [HELLO_RX] NEW 0053 tier=1(UNK) verified=0 rssi=0.8"
0036,SENSOR,1,UNIFIED,"t=43 [HELLO_TX] bat=100% nbr=10"
0036,SENSOR,1,UNIFIED,"t=44 [HELLO_RX] NEW 003B tier=1(UNK) verified=0 rssi=0.8"
0036,SENSOR,1,UNIFIED,"t=47 [HELLO_TX] bat=100% nbr=11"
0036,SENSOR,1,UNIFIED,"t=55 [HELLO_TX] bat=100% nbr=11"
0036,SENSOR,1,UNIFIED,"t=64 [HELLO_TX] bat=100% nbr=11"
0036,SENSOR,1,UNIFIED,"t=69 [HELLO_TX] bat=100% nbr=11"
0036,SENSOR,1,UNIFIED,"t=79 [HELLO_TX] bat=100% nbr=11"
0036,SENSOR,1,UNIFIED,"t=86 [HELLO_TX] bat=100% nbr=11"
0036,SENSOR,1,UNIFIED,"t=87 [HELLO_RX] NEW 005A tier=1(UNK) verified=0 rssi=0.7"
0036,SENSOR,1,UNIFIED,"t=95 [HELLO_TX] bat=100% nbr=12"
0036,SENSOR,1,UNIFIED,"t=102 [HELLO_TX] bat=100% nbr=12"
0036,SENSOR,1,UNIFIED,"t=104 [HELLO_RX] NEW 0015 tier=1(UNK) verified=0 rssi=0.2"
0036,SENSOR,1,UNIFIED,"t=109 [HELLO_TX] bat=100% nbr=13"
0036,SENSOR,1,UNIFIED,"t=118 [HELLO_TX] bat=100% nbr=13"
0036,SENSOR,1,UNIFIED,"t=124 [HELLO_TX] bat=100% nbr=13"
0036,SENSOR,1,UNIFIED,"t=132 [HELLO_TX] bat=100% nbr=13"
0036,SENSOR,1,UNIFIED,"t=139 [HELLO_TX] bat=100% nbr=13"
0036,SENSOR,1,UNIFIED,"t=143 [HELLO_TX] bat=100% nbr=13"
0036,SENSOR,1,UNIFIED,"t=149 [HELLO_TX] bat=100% nbr=13"
0036,SENSOR,1,UNIFIED,"t=159 [HELLO_TX] bat=100% nbr=13"
0036,SENSOR,1,UNIFIED,"t=163 [HELLO_TX] bat=100% nbr=13"
0036,SENSOR,1,UNIFIED,"t=171 [HELLO_TX] bat=100% nbr=13"
0036,SENSOR,1,UNIFIED,"t=179 [HELLO_TX] bat=100% nbr=13"
0036,SENSOR,1,UNIFIED,"t=181 [HELLO_RX] NEW 0064 tier=1(UNK) verified=0 rssi=0.5"
0036,SENSOR,1,UNIFIED,"t=189 [HELLO_TX] bat=100% nbr=14"
0036,SENSOR,1,UNIFIED,"t=199 [HELLO_TX] bat=100% nbr=14"
0036,SENSOR,1,UNIFIED,"t=203 [HELLO_TX] bat=100% nbr=14"
0036,SENSOR,1,UNIFIED,"t=209 [HELLO_TX] bat=100% nbr=14"
0036,SENSOR,1,UNIFIED,"t=215 [HELLO_TX] bat=100% nbr=14"
0036,SENSOR,1,UNIFIED,"t=222 [HELLO_TX] bat=100% nbr=14"
0036,SENSOR,1,UNIFIED,"t=231 [HELLO_TX] bat=100% nbr=14"
0036,SENSOR,1,UNIFIED,"t=237 [HELLO_TX] bat=100% nbr=14"
0036,SENSOR,1,UNIFIED,"t=244 [HELLO_TX] bat=100% nbr=14"
0037,SENSOR,1,UNIFIED,"t=4 [HELLO_RX] NEW FF05 tier=3(GWN) verified=0 rssi=1.2"
0037,SENSOR,1,UNIFIED,"t=5 [HELLO_RX] NEW 0006 tier=1(UNK) verified=0 rssi=0.7"
0037,SENSOR,1,UNIFIED,"t=6 [HELLO_RX] NEW 003C tier=1(UNK) verified=0 rssi=0.8"
0037,SENSOR,1,UNIFIED,"t=7 [HELLO_RX] NEW FF09 tier=3(GWN) verified=0 rssi=1.6"
0037,SENSOR,1,UNIFIED,"t=8 [HELLO_RX] NEW 0044 tier=1(UNK) verified=0 rssi=0.4"
0037,SENSOR,1,UNIFIED,"t=9 [HELLO_RX] NEW AA01 tier=2(CH) verified=0 rssi=1.0"
0037,SENSOR,1,UNIFIED,"t=10 [HELLO_TX] bat=100% nbr=6"
0037,SENSOR,1,UNIFIED,"t=10 [HELLO_RX] NEW FF04 tier=3(GWN) verified=0 rssi=8.0"
0037,SENSOR,1,UNIFIED,"t=14 [HELLO_TX] bat=100% nbr=7"
0037,SENSOR,1,UNIFIED,"t=16 [HELLO_RX] NEW FF06 tier=3(GWN) verified=0 rssi=0.9"
0037,SENSOR,1,UNIFIED,"t=19 [HELLO_TX] bat=100% nbr=8"
0037,SENSOR,1,UNIFIED,"t=23 [HELLO_TX] bat=100% nbr=8"
0037,SENSOR,1,UNIFIED,"t=25 [HELLO_RX] NEW 0004 tier=1(UNK) verified=0 rssi=0.9"
0037,SENSOR,1,UNIFIED,"t=31 [HELLO_TX] bat=100% nbr=9"
0037,SENSOR,1,UNIFIED,"t=37 [HELLO_TX] bat=100% nbr=9"
0037,SENSOR,1,UNIFIED,"t=45 [HELLO_TX] bat=100% nbr=9"
0037,SENSOR,1,UNIFIED,"t=49 [HELLO_RX] NEW 0034 tier=1(UNK) verified=0 rssi=0.5"
0037,SENSOR,1,UNIFIED,"t=52 [HELLO_TX] bat=100% nbr=10"
0037,SENSOR,1,UNIFIED,"t=54 [HELLO_RX] NEW FF07 tier=3(GWN) verified=1 rssi=0.4"
0037,SENSOR,1,UNIFIED,"t=59 [HELLO_TX] bat=100% nbr=11"
0037,SENSOR,1,UNIFIED,"t=59 [HELLO_RX] NEW 0048 tier=1(UNK) verified=0 rssi=0.2"
0037,SENSOR,1,UNIFIED,"t=63 [HELLO_RX] NEW 0026 tier=1(UNK) verified=0 rssi=0.3"
0037,SENSOR,1,UNIFIED,"t=65 [HELLO_RX] NEW 002E tier=1(UNK) verified=0 rssi=0.2"
0037,SENSOR,1,UNIFIED,"t=67 [HELLO_RX] NEW 0055 tier=1(UNK) verified=0 rssi=0.2"
0037,SENSOR,1,UNIFIED,"t=68 [HELLO_RX] NEW 0040 tier=1(UNK) verified=0 rssi=0.4"
0037,SENSOR,1,UNIFIED,"t=69 [HELLO_TX] bat=100% nbr=16"
0037,SENSOR,1,UNIFIED,"t=79 [HELLO_TX] bat=100% nbr=16"
0037,SENSOR,1,UNIFIED,"t=88 [HELLO_TX] bat=100% nbr=16"
0037,SENSOR,1,UNIFIED,"t=94 [HELLO_TX] bat=100% nbr=16"
0037,SENSOR,1,UNIFIED,"t=102 [HELLO_TX] bat=100% nbr=16"
0037,SENSOR,1,UNIFIED,"t=106 [HELLO_TX] bat=100% nbr=16"
0037,SENSOR,1,UNIFIED,"t=116 [HELLO_TX] bat=100% nbr=16"
0037,SENSOR,1,UNIFIED,"t=120 [HELLO_TX] bat=100% nbr=16"
0037,SENSOR,1,UNIFIED,"t=124 [HELLO_TX] bat=100% nbr=16"
0037,SENSOR,1,UNIFIED,"t=126 [HELLO_RX] NEW 000A tier=1(UNK) verified=0 rssi=0.4"
0037,SENSOR,1,UNIFIED,"t=133 [HELLO_TX] bat=100% nbr=17"
0037,SENSOR,1,UNIFIED,"t=140 [HELLO_TX] bat=100% nbr=17"
0037,SENSOR,1,UNIFIED,"t=149 [HELLO_TX] bat=100% nbr=17"
0037,SENSOR,1,UNIFIED,"t=153 [HELLO_TX] bat=100% nbr=17"
0037,SENSOR,1,UNIFIED,"t=153 [HELLO_RX] NEW AA09 tier=2(CH) verified=0 rssi=0.2"
0037,SENSOR,1,UNIFIED,"t=160 [HELLO_TX] bat=100% nbr=18"
0037,SENSOR,1,UNIFIED,"t=165 [HELLO_TX] bat=100% nbr=18"
0037,SENSOR,1,UNIFIED,"t=173 [HELLO_TX] bat=100% nbr=18"
0037,SENSOR,1,UNIFIED,"t=182 [HELLO_TX] bat=100% nbr=18"
0037,SENSOR,1,UNIFIED,"t=188 [HELLO_TX] bat=100% nbr=18"
0037,SENSOR,1,UNIFIED,"t=194 [HELLO_TX] bat=100% nbr=18"
0037,SENSOR,1,UNIFIED,"t=204 [HELLO_TX] bat=100% nbr=18"
0037,SENSOR,1,UNIFIED,"t=208 [HELLO_TX] bat=100% nbr=18"
0037,SENSOR,1,UNIFIED,"t=215 [HELLO_TX] bat=100% nbr=18"
0037,SENSOR,1,UNIFIED,"t=220 [HELLO_TX] bat=100% nbr=18"
0037,SENSOR,1,UNIFIED,"t=229 [HELLO_TX] bat=100% nbr=18"
0037,SENSOR,1,UNIFIED,"t=234 [HELLO_TX] bat=100% nbr=18"
0037,SENSOR,1,UNIFIED,"t=244 [HELLO_TX] bat=100% nbr=18"
0037,SENSOR,1,UNIFIED,"t=248 [HELLO_TX] bat=100% nbr=18"
0038,SENSOR,1,UNIFIED,"t=7 [HELLO_RX] NEW 001C tier=1(UNK) verified=0 rssi=2.9"
0038,SENSOR,1,UNIFIED,"t=9 [HELLO_RX] NEW 004D tier=1(UNK) verified=0 rssi=1.8"
0038,SENSOR,1,UNIFIED,"t=10 [HELLO_TX] bat=100% nbr=2"
0038,SENSOR,1,UNIFIED,"t=14 [HELLO_RX] NEW 0062 tier=1(UNK) verified=0 rssi=0.5"
0038,SENSOR,1,UNIFIED,"t=20 [HELLO_TX] bat=100% nbr=3"
0038,SENSOR,1,UNIFIED,"t=22 [HELLO_RX] NEW FF0C tier=3(GWN) verified=0 rssi=0.5"
0038,SENSOR,1,UNIFIED,"t=23 [HELLO_RX] NEW 0027 tier=1(UNK) verified=0 rssi=0.3"
0038,SENSOR,1,UNIFIED,"t=25 [HELLO_TX] bat=100% nbr=5"
0038,SENSOR,1,UNIFIED,"t=34 [HELLO_TX] bat=100% nbr=5"
0038,SENSOR,1,UNIFIED,"t=34 [HELLO_RX] NEW 0010 tier=1(UNK) verified=0 rssi=0.5"
0038,SENSOR,1,UNIFIED,"t=37 [HELLO_RX] NEW 0039 tier=1(UNK) verified=0 rssi=0.3"
0038,SENSOR,1,UNIFIED,"t=38 [HELLO_RX] NEW 0011 tier=1(UNK) verified=0 rssi=1.0"
0038,SENSOR,1,UNIFIED,"t=41 [HELLO_TX] bat=100% nbr=8"
0038,SENSOR,1,UNIFIED,"t=47 [HELLO_TX] bat=100% nbr=8"
0038,SENSOR,1,UNIFIED,"t=54 [HELLO_RX] NEW 0007 tier=1(UNK) verified=0 rssi=0.2"
0038,SENSOR,1,UNIFIED,"t=55 [HELLO_TX] bat=100% nbr=9"
0038,SENSOR,1,UNIFIED,"t=59 [HELLO_TX] bat=100% nbr=9"
0038,SENSOR,1,UNIFIED,"t=64 [HELLO_TX] bat=100% nbr=9"
0038,SENSOR,1,UNIFIED,"t=70 [HELLO_TX] bat=100% nbr=9"
0038,SENSOR,1,UNIFIED,"t=74 [HELLO_TX] bat=100% nbr=9"
0038,SENSOR,1,UNIFIED,"t=82 [HELLO_TX] bat=100% nbr=9"
0038,SENSOR,1,UNIFIED,"t=86 [HELLO_RX] NEW 000F tier=1(UNK) verified=0 rssi=0.3"
0038,SENSOR,1,UNIFIED,"t=91 [HELLO_TX] bat=100% nbr=10"
0038,SENSOR,1,UNIFIED,"t=100 [HELLO_TX] bat=100% nbr=10"
0038,SENSOR,1,UNIFIED,"t=105 [HELLO_RX] NEW 0022 tier=1(UNK) verified=0 rssi=0.2"
0038,SENSOR,1,UNIFIED,"t=107 [HELLO_TX] bat=100% nbr=11"
0038,SENSOR,1,UNIFIED,"t=112 [HELLO_TX] bat=100% nbr=11"
0038,SENSOR,1,UNIFIED,"t=122 [HELLO_TX] bat=100% nbr=11"
0038,SENSOR,1,UNIFIED,"t=126 [HELLO_TX] bat=100% nbr=11"
0038,SENSOR,1,UNIFIED,"t=134 [HELLO_TX] bat=100% nbr=11"
0038,SENSOR,1,UNIFIED,"t=143 [HELLO_TX] bat=100% nbr=11"
0038,SENSOR,1,UNIFIED,"t=149 [HELLO_TX] bat=100% nbr=11"
0038,SENSOR,1,UNIFIED,"t=159 [HELLO_TX] bat=100% nbr=11"
0038,SENSOR,1,UNIFIED,"t=168 [HELLO_TX] bat=100% nbr=11"
0038,SENSOR,1,UNIFIED,"t=174 [HELLO_TX] bat=100% nbr=11"
0038,SENSOR,1,UNIFIED,"t=183 [HELLO_TX] bat=100% nbr=11"
0038,SENSOR,1,UNIFIED,"t=188 [HELLO_TX] bat=100% nbr=11"
0038,SENSOR,1,UNIFIED,"t=196 [HELLO_TX] bat=100% nbr=11"
0038,SENSOR,1,UNIFIED,"t=202 [HELLO_TX] bat=100% nbr=11"
0038,SENSOR,1,UNIFIED,"t=208 [HELLO_TX] bat=100% nbr=11"
0038,SENSOR,1,UNIFIED,"t=213 [HELLO_TX] bat=100% nbr=11"
0038,SENSOR,1,UNIFIED,"t=220 [HELLO_TX] bat=100% nbr=11"
0038,SENSOR,1,UNIFIED,"t=224 [HELLO_TX] bat=100% nbr=11"
0038,SENSOR,1,UNIFIED,"t=232 [HELLO_TX] bat=100% nbr=11"
0038,SENSOR,1,UNIFIED,"t=237 [HELLO_TX] bat=100% nbr=11"
0038,SENSOR,1,UNIFIED,"t=241 [HELLO_TX] bat=100% nbr=11"
0038,SENSOR,1,UNIFIED,"t=245 [HELLO_TX] bat=100% nbr=11"
0039,SENSOR,1,UNIFIED,"t=7 [HELLO_RX] NEW 001C tier=1(UNK) verified=0 rssi=0.4"
0039,SENSOR,1,UNIFIED,"t=9 [HELLO_RX] NEW FF03 tier=3(GWN) verified=0 rssi=0.5"
0039,SENSOR,1,UNIFIED,"t=10 [HELLO_TX] bat=100% nbr=2"
0039,SENSOR,1,UNIFIED,"t=11 [HELLO_RX] NEW 0057 tier=1(UNK) verified=0 rssi=0.5"
0039,SENSOR,1,UNIFIED,"t=14 [HELLO_RX] NEW 0011 tier=1(UNK) verified=0 rssi=2.7"
0039,SENSOR,1,UNIFIED,"t=15 [HELLO_RX] NEW 0015 tier=1(UNK) verified=0 rssi=0.2"
0039,SENSOR,1,UNIFIED,"t=16 [HELLO_TX] bat=100% nbr=5"
0039,SENSOR,1,UNIFIED,"t=20 [HELLO_RX] NEW 0038 tier=1(UNK) verified=0 rssi=0.3"
0039,SENSOR,1,UNIFIED,"t=22 [HELLO_RX] NEW FF0C tier=3(GWN) verified=0 rssi=0.5"
0039,SENSOR,1,UNIFIED,"t=23 [HELLO_RX] NEW 003A tier=1(UNK) verified=0 rssi=0.9"
0039,SENSOR,1,UNIFIED,"t=26 [HELLO_TX] bat=100% nbr=8"
0039,SENSOR,1,UNIFIED,"t=33 [HELLO_TX] bat=100% nbr=8"
0039,SENSOR,1,UNIFIED,"t=35 [HELLO_RX] NEW 000F tier=1(UNK) verified=0 rssi=0.2"
0039,SENSOR,1,UNIFIED,"t=37 [HELLO_TX] bat=100% nbr=9"
0039,SENSOR,1,UNIFIED,"t=45 [HELLO_TX] bat=100% nbr=9"
0039,SENSOR,1,UNIFIED,"t=50 [HELLO_RX] NEW 0062 tier=1(UNK) verified=0 rssi=0.3"
0039,SENSOR,1,UNIFIED,"t=53 [HELLO_TX] bat=100% nbr=10"
0039,SENSOR,1,UNIFIED,"t=55 [HELLO_RX] NEW 0027 tier=1(UNK) verified=0 rssi=0.2"
0039,SENSOR,1,UNIFIED,"t=61 [HELLO_TX] bat=100% nbr=11"
0039,SENSOR,1,UNIFIED,"t=69 [HELLO_TX] bat=100% nbr=11"
0039,SENSOR,1,UNIFIED,"t=74 [HELLO_TX] bat=100% nbr=11"
0039,SENSOR,1,UNIFIED,"t=84 [HELLO_TX] bat=100% nbr=11"
0039,SENSOR,1,UNIFIED,"t=88 [HELLO_TX] bat=100% nbr=11"
0039,SENSOR,1,UNIFIED,"t=93 [HELLO_TX] bat=100% nbr=11"
0039,SENSOR,1,UNIFIED,"t=98 [HELLO_TX] bat=100% nbr=11"
0039,SENSOR,1,UNIFIED,"t=104 [HELLO_TX] bat=100% nbr=11"
0039,SENSOR,1,UNIFIED,"t=108 [HELLO_RX] NEW FF0A tier=3(GWN) verified=1 rssi=0.1"
0039,SENSOR,1,UNIFIED,"t=113 [HELLO_TX] bat=100% nbr=12"
0039,SENSOR,1,UNIFIED,"t=121 [HELLO_TX] bat=100% nbr=12"
0039,SENSOR,1,UNIFIED,"t=131 [HELLO_TX] bat=100% nbr=12"
0039,SENSOR,1,UNIFIED,"t=138 [HELLO_TX] bat=100% nbr=12"
0039,SENSOR,1,UNIFIED,"t=146 [HELLO_TX] bat=100% nbr=12"
0039,SENSOR,1,UNIFIED,"t=156 [HELLO_TX] bat=100% nbr=12"
0039,SENSOR,1,UNIFIED,"t=165 [HELLO_TX] bat=100% nbr=12"
0039,SENSOR,1,UNIFIED,"t=171 [HELLO_TX] bat=100% nbr=12"
0039,SENSOR,1,UNIFIED,"t=181 [HELLO_TX] bat=100% nbr=12"
0039,SENSOR,1,UNIFIED,"t=191 [HELLO_TX] bat=100% nbr=12"
0039,SENSOR,1,UNIFIED,"t=196 [HELLO_TX] bat=100% nbr=12"
0039,SENSOR,1,UNIFIED,"t=203 [HELLO_TX] bat=100% nbr=12"
0039,SENSOR,1,UNIFIED,"t=207 [HELLO_TX] bat=100% nbr=12"
0039,SENSOR,1,UNIFIED,"t=215 [HELLO_TX] bat=100% nbr=12"
0039,SENSOR,1,UNIFIED,"t=222 [HELLO_TX] bat=100% nbr=12"
0039,SENSOR,1,UNIFIED,"t=229 [HELLO_RX] NEW 004D tier=1(UNK) verified=0 rssi=0.2"
0039,SENSOR,1,UNIFIED,"t=232 [HELLO_TX] bat=100% nbr=13"
0039,SENSOR,1,UNIFIED,"t=239 [HELLO_TX] bat=100% nbr=13"
0039,SENSOR,1,UNIFIED,"t=249 [HELLO_TX] bat=100% nbr=13"
003A,SENSOR,1,UNIFIED,"t=4 [HELLO_RX] NEW 000F tier=1(UNK) verified=0 rssi=0.3"
003A,SENSOR,1,UNIFIED,"t=6 [HELLO_RX] NEW 0057 tier=1(UNK) verified=0 rssi=12.3"
003A,SENSOR,1,UNIFIED,"t=7 [HELLO_RX] NEW 0015 tier=1(UNK) verified=0 rssi=0.8"
003A,SENSOR,1,UNIFIED,"t=8 [HELLO_RX] NEW 0011 tier=1(UNK) verified=0 rssi=0.5"
003A,SENSOR,1,UNIFIED,"t=10 [HELLO_TX] bat=100% nbr=4"
003A,SENSOR,1,UNIFIED,"t=10 [HELLO_RX] NEW 0039 tier=1(UNK) verified=0 rssi=0.9"
003A,SENSOR,1,UNIFIED,"t=14 [HELLO_TX] bat=100% nbr=5"
003A,SENSOR,1,UNIFIED,"t=14 [HELLO_RX] NEW FF03 tier=3(GWN) verified=0 rssi=1.7"
003A,SENSOR,1,UNIFIED,"t=18 [HELLO_TX] bat=100% nbr=6"
003A,SENSOR,1,UNIFIED,"t=20 [HELLO_RX] NEW FF08 tier=3(GWN) verified=0 rssi=0.2"
003A,SENSOR,1,UNIFIED,"t=22 [HELLO_RX] NEW FF0A tier=3(GWN) verified=0 rssi=0.2"
003A,SENSOR,1,UNIFIED,"t=23 [HELLO_TX] bat=100% nbr=8"
003A,SENSOR,1,UNIFIED,"t=24 [HELLO_RX] NEW 003F tier=1(UNK) verified=0 rssi=0.5"
003A,SENSOR,1,UNIFIED,"t=27 [HELLO_RX] NEW 0050 tier=1(UNK) verified=0 rssi=0.2"
003A,SENSOR,1,UNIFIED,"t=33 [HELLO_TX] bat=100% nbr=10"
003A,SENSOR,1,UNIFIED,"t=36 [HELLO_RX] NEW 001C tier=1(UNK) verified=0 rssi=0.2"
003A,SENSOR,1,UNIFIED,"t=41 [HELLO_TX] bat=100% nbr=11"
003A,SENSOR,1,UNIFIED,"t=43 [HELLO_RX] NEW AA04 tier=2(CH) verified=0 rssi=0.3"
003A,SENSOR,1,UNIFIED,"t=49 [HELLO_TX] bat=100% nbr=12"
003A,SENSOR,1,UNIFIED,"t=59 [HELLO_TX] bat=100% nbr=12"
003A,SENSOR,1,UNIFIED,"t=67 [HELLO_TX] bat=100% nbr=12"
003A,SENSOR,1,UNIFIED,"t=74 [HELLO_TX] bat=100% nbr=12"
003A,SENSOR,1,UNIFIED,"t=76 [HELLO_RX] NEW 003B tier=1(UNK) verified=0 rssi=0.2"
003A,SENSOR,1,UNIFIED,"t=81 [HELLO_TX] bat=100% nbr=13"
003A,SENSOR,1,UNIFIED,"t=86 [HELLO_TX] bat=100% nbr=13"
003A,SENSOR,1,UNIFIED,"t=91 [HELLO_TX] bat=100% nbr=13"
003A,SENSOR,1,UNIFIED,"t=97 [HELLO_TX] bat=100% nbr=13"
003A,SENSOR,1,UNIFIED,"t=105 [HELLO_TX] bat=100% nbr=13"
003A,SENSOR,1,UNIFIED,"t=110 [HELLO_TX] bat=100% nbr=13"
003A,SENSOR,1,UNIFIED,"t=119 [HELLO_TX] bat=100% nbr=13"
003A,SENSOR,1,UNIFIED,"t=125 [HELLO_TX] bat=100% nbr=13"
003A,SENSOR,1,UNIFIED,"t=135 [HELLO_TX] bat=100% nbr=13"
003A,SENSOR,1,UNIFIED,"t=145 [HELLO_TX] bat=100% nbr=13"
003A,SENSOR,1,UNIFIED,"t=153 [HELLO_TX] bat=100% nbr=13"
003A,SENSOR,1,UNIFIED,"t=160 [HELLO_TX] bat=100% nbr=13"
003A,SENSOR,1,UNIFIED,"t=169 [HELLO_TX] bat=100% nbr=13"
003A,SENSOR,1,UNIFIED,"t=176 [HELLO_TX] bat=100% nbr=13"
003A,SENSOR,1,UNIFIED,"t=183 [HELLO_RX] NEW FF0C tier=3(GWN) verified=1 rssi=0.2"
003A,SENSOR,1,UNIFIED,"t=186 [HELLO_TX] bat=100% nbr=14"
003A,SENSOR,1,UNIFIED,"t=193 [HELLO_TX] bat=100% nbr=14"
003A,SENSOR,1,UNIFIED,"t=199 [HELLO_TX] bat=100% nbr=14"
003A,SENSOR,1,UNIFIED,"t=206 [HELLO_TX] bat=100% nbr=14"
003A,SENSOR,1,UNIFIED,"t=210 [HELLO_TX] bat=100% nbr=14"
003A,SENSOR,1,UNIFIED,"t=215 [HELLO_TX] bat=100% nbr=14"
003A,SENSOR,1,UNIFIED,"t=222 [HELLO_TX] bat=100% nbr=14"
003A,SENSOR,1,UNIFIED,"t=232 [HELLO_TX] bat=100% nbr=14"
003A,SENSOR,1,UNIFIED,"t=237 [HELLO_TX] bat=100% nbr=14"
003A,SENSOR,1,UNIFIED,"t=247 [HELLO_TX] bat=100% nbr=14"
003B,SENSOR,1,UNIFIED,"t=4 [HELLO_RX] NEW 000F tier=1(UNK) verified=0 rssi=0.4"
003B,SENSOR,1,UNIFIED,"t=6 [HELLO_RX] NEW FF0A tier=3(GWN) verified=0 rssi=1.3"
003B,SENSOR,1,UNIFIED,"t=7 [HELLO_RX] NEW 0015 tier=1(UNK) verified=0 rssi=1.3"
003B,SENSOR,1,UNIFIED,"t=8 [HELLO_RX] NEW 0050 tier=1(UNK) verified=0 rssi=29.4"
003B,SENSOR,1,UNIFIED,"t=9 [HELLO_RX] NEW FF03 tier=3(GWN) verified=0 rssi=2.3"
003B,SENSOR,1,UNIFIED,"t=10 [HELLO_TX] bat=100% nbr=5"
003B,SENSOR,1,UNIFIED,"t=10 [HELLO_RX] NEW AA04 tier=2(CH) verified=0 rssi=60.2"
003B,SENSOR,1,UNIFIED,"t=11 [HELLO_RX] NEW 0057 tier=1(UNK) verified=0 rssi=0.4"
003B,SENSOR,1,UNIFIED,"t=16 [HELLO_RX] NEW 0036 tier=1(UNK) verified=0 rssi=0.8"
003B,SENSOR,1,UNIFIED,"t=19 [HELLO_TX] bat=100% nbr=8"
003B,SENSOR,1,UNIFIED,"t=28 [HELLO_TX] bat=100% nbr=8"
003B,SENSOR,1,UNIFIED,"t=37 [HELLO_TX] bat=100% nbr=8"
003B,SENSOR,1,UNIFIED,"t=41 [HELLO_RX] NEW 003A tier=1(UNK) verified=0 rssi=0.2"
003B,SENSOR,1,UNIFIED,"t=42 [HELLO_RX] NEW 0047 tier=1(UNK) verified=0 rssi=0.6"
003B,SENSOR,1,UNIFIED,"t=44 [HELLO_TX] bat=100% nbr=10"
003B,SENSOR,1,UNIFIED,"t=45 [HELLO_RX] NEW 005A tier=1(UNK) verified=0 rssi=0.2"
003B,SENSOR,1,UNIFIED,"t=46 [HELLO_RX] NEW FF08 tier=3(GWN) verified=1 rssi=0.6"
003B,SENSOR,1,UNIFIED,"t=50 [HELLO_RX] NEW 003F tier=1(UNK) verified=0 rssi=0.7"
003B,SENSOR,1,UNIFIED,"t=54 [HELLO_TX] bat=100% nbr=13"
003B,SENSOR,1,UNIFIED,"t=63 [HELLO_TX] bat=100% nbr=13"
003B,SENSOR,1,UNIFIED,"t=67 [HELLO_TX] bat=100% nbr=13"
003B,SENSOR,1,UNIFIED,"t=70 [HELLO_RX] NEW 003E tier=1(UNK) verified=0 rssi=0.4"
003B,SENSOR,1,UNIFIED,"t=76 [HELLO_TX] bat=100% nbr=14"
003B,SENSOR,1,UNIFIED,"t=83 [HELLO_TX] bat=100% nbr=14"
003B,SENSOR,1,UNIFIED,"t=88 [HELLO_TX] bat=100% nbr=14"
003B,SENSOR,1,UNIFIED,"t=98 [HELLO_TX] bat=100% nbr=14"
003B,SENSOR,1,UNIFIED,"t=99 [HELLO_RX] NEW 0028 tier=1(UNK) verified=0 rssi=0.3"
003B,SENSOR,1,UNIFIED,"t=103 [HELLO_TX] bat=100% nbr=15"
003B,SENSOR,1,UNIFIED,"t=111 [HELLO_TX] bat=100% nbr=15"
003B,SENSOR,1,UNIFIED,"t=115 [HELLO_TX] bat=100% nbr=15"
003B,SENSOR,1,UNIFIED,"t=123 [HELLO_TX] bat=100% nbr=15"
003B,SENSOR,1,UNIFIED,"t=128 [HELLO_TX] bat=100% nbr=15"
003B,SENSOR,1,UNIFIED,"t=136 [HELLO_TX] bat=100% nbr=15"
003B,SENSOR,1,UNIFIED,"t=145 [HELLO_TX] bat=100% nbr=15"
003B,SENSOR,1,UNIFIED,"t=149 [HELLO_TX] bat=100% nbr=15"
003B,SENSOR,1,UNIFIED,"t=157 [HELLO_TX] bat=100% nbr=15"
003B,SENSOR,1,UNIFIED,"t=162 [HELLO_TX] bat=100% nbr=15"
003B,SENSOR,1,UNIFIED,"t=167 [HELLO_RX] NEW 0053 tier=1(UNK) verified=0 rssi=0.4"
003B,SENSOR,1,UNIFIED,"t=168 [HELLO_TX] bat=100% nbr=16"
003B,SENSOR,1,UNIFIED,"t=174 [HELLO_TX] bat=100% nbr=16"
003B,SENSOR,1,UNIFIED,"t=180 [HELLO_TX] bat=100% nbr=16"
003B,SENSOR,1,UNIFIED,"t=186 [HELLO_TX] bat=100% nbr=16"
003B,SENSOR,1,UNIFIED,"t=191 [HELLO_TX] bat=100% nbr=16"
003B,SENSOR,1,UNIFIED,"t=199 [HELLO_TX] bat=100% nbr=16"
003B,SENSOR,1,UNIFIED,"t=203 [HELLO_TX] bat=100% nbr=16"
003B,SENSOR,1,UNIFIED,"t=208 [HELLO_TX] bat=100% nbr=16"
003B,SENSOR,1,UNIFIED,"t=216 [HELLO_TX] bat=100% nbr=16"
003B,SENSOR,1,UNIFIED,"t=225 [HELLO_TX] bat=100% nbr=16"
003B,SENSOR,1,UNIFIED,"t=229 [HELLO_TX] bat=100% nbr=16"
003B,SENSOR,1,UNIFIED,"t=237 [HELLO_TX] bat=100% nbr=16"
003B,SENSOR,1,UNIFIED,"t=241 [HELLO_TX] bat=100% nbr=16"
003C,SENSOR,1,UNIFIED,"t=4 [HELLO_RX] NEW AA01 tier=2(CH) verified=0 rssi=10.2"
003C,SENSOR,1,UNIFIED,"t=5 [HELLO_RX] NEW 0006 tier=1(UNK) verified=0 rssi=0.6"
003C,SENSOR,1,UNIFIED,"t=6 [HELLO_TX] bat=100% nbr=2"
003C,SENSOR,1,UNIFIED,"t=6 [HELLO_RX] NEW 003D tier=1(UNK) verified=0 rssi=3.2"
003C,SENSOR,1,UNIFIED,"t=7 [HELLO_RX] NEW FF06 tier=3(GWN) verified=0 rssi=3.7"
003C,SENSOR,1,UNIFIED,"t=9 [HELLO_RX] NEW 0004 tier=1(UNK) verified=0 rssi=75.6"
003C,SENSOR,1,UNIFIED,"t=10 [HELLO_TX] bat=100% nbr=5"
003C,SENSOR,1,UNIFIED,"t=10 [HELLO_RX] NEW FF04 tier=3(GWN) verified=0 rssi=5.2"
003C,SENSOR,1,UNIFIED,"t=17 [HELLO_TX] bat=100% nbr=6"
003C,SENSOR,1,UNIFIED,"t=18 [HELLO_RX] NEW 0034 tier=1(UNK) verified=0 rssi=2.3"
003C,SENSOR,1,UNIFIED,"t=19 [HELLO_RX] NEW 0037 tier=1(UNK) verified=0 rssi=0.8"
003C,SENSOR,1,UNIFIED,"t=23 [HELLO_TX] bat=100% nbr=8"
003C,SENSOR,1,UNIFIED,"t=24 [HELLO_RX] NEW 0009 tier=1(UNK) verified=0 rssi=0.2"
003C,SENSOR,1,UNIFIED,"t=27 [HELLO_RX] NEW FF09 tier=3(GWN) verified=0 rssi=0.4"
003C,SENSOR,1,UNIFIED,"t=33 [HELLO_TX] bat=100% nbr=10"
003C,SENSOR,1,UNIFIED,"t=41 [HELLO_TX] bat=100% nbr=10"
003C,SENSOR,1,UNIFIED,"t=41 [HELLO_RX] NEW 0055 tier=1(UNK) verified=0 rssi=0.8"
003C,SENSOR,1,UNIFIED,"t=43 [HELLO_RX] NEW AA09 tier=2(CH) verified=0 rssi=0.4"
003C,SENSOR,1,UNIFIED,"t=46 [HELLO_TX] bat=100% nbr=12"
003C,SENSOR,1,UNIFIED,"t=51 [HELLO_TX] bat=100% nbr=12"
003C,SENSOR,1,UNIFIED,"t=56 [HELLO_TX] bat=100% nbr=12"
003C,SENSOR,1,UNIFIED,"t=62 [HELLO_TX] bat=100% nbr=12"
003C,SENSOR,1,UNIFIED,"t=65 [HELLO_RX] NEW 002E tier=1(UNK) verified=0 rssi=0.7"
003C,SENSOR,1,UNIFIED,"t=68 [HELLO_RX] NEW FF07 tier=3(GWN) verified=1 rssi=0.2"
003C,SENSOR,1,UNIFIED,"t=69 [HELLO_TX] bat=100% nbr=14"
003C,SENSOR,1,UNIFIED,"t=76 [HELLO_RX] NEW FF05 tier=3(GWN) verified=1 rssi=0.4"
003C,SENSOR,1,UNIFIED,"t=77 [HELLO_TX] bat=100% nbr=15"
003C,SENSOR,1,UNIFIED,"t=87 [HELLO_TX] bat=100% nbr=15"
003C,SENSOR,1,UNIFIED,"t=95 [HELLO_TX] bat=100% nbr=15"
003C,SENSOR,1,UNIFIED,"t=102 [HELLO_TX] bat=100% nbr=15"
003C,SENSOR,1,UNIFIED,"t=111 [HELLO_TX] bat=100% nbr=15"
003C,SENSOR,1,UNIFIED,"t=119 [HELLO_TX] bat=100% nbr=15"
003C,SENSOR,1,UNIFIED,"t=121 [HELLO_RX] NEW 0063 tier=1(UNK) verified=0 rssi=0.2"
003C,SENSOR,1,UNIFIED,"t=128 [HELLO_TX] bat=100% nbr=16"
003C,SENSOR,1,UNIFIED,"t=134 [HELLO_RX] NEW 000A tier=1(UNK) verified=0 rssi=0.2"
003C,SENSOR,1,UNIFIED,"t=138 [HELLO_TX] bat=100% nbr=17"
003C,SENSOR,1,UNIFIED,"t=146 [HELLO_TX] bat=100% nbr=17"
003C,SENSOR,1,UNIFIED,"t=151 [HELLO_TX] bat=100% nbr=17"
003C,SENSOR,1,UNIFIED,"t=151 [HELLO_RX] NEW 0040 tier=1(UNK) verified=0 rssi=0.2"
003C,SENSOR,1,UNIFIED,"t=157 [HELLO_TX] bat=100% nbr=18"
003C,SENSOR,1,UNIFIED,"t=161 [HELLO_TX] bat=100% nbr=18"
003C,SENSOR,1,UNIFIED,"t=169 [HELLO_TX] bat=100% nbr=18"
003C,SENSOR,1,UNIFIED,"t=175 [HELLO_TX] bat=100% nbr=18"
003C,SENSOR,1,UNIFIED,"t=180 [HELLO_TX] bat=100% nbr=18"
003C,SENSOR,1,UNIFIED,"t=185 [HELLO_TX] bat=100% nbr=18"
003C,SENSOR,1,UNIFIED,"t=190 [HELLO_TX] bat=100% nbr=18"
003C,SENSOR,1,UNIFIED,"t=199 [HELLO_TX] bat=100% nbr=18"
003C,SENSOR,1,UNIFIED,"t=204 [HELLO_TX] bat=100% nbr=18"
003C,SENSOR,1,UNIFIED,"t=208 [HELLO_TX] bat=100% nbr=18"
003C,SENSOR,1,UNIFIED,"t=213 [HELLO_TX] bat=100% nbr=18"
003C,SENSOR,1,UNIFIED,"t=217 [HELLO_TX] bat=100% nbr=18"
003C,SENSOR,1,UNIFIED,"t=221 [HELLO_TX] bat=100% nbr=18"
003C,SENSOR,1,UNIFIED,"t=231 [HELLO_TX] bat=100% nbr=18"
003C,SENSOR,1,UNIFIED,"t=239 [HELLO_TX] bat=100% nbr=18"
003C,SENSOR,1,UNIFIED,"t=247 [HELLO_TX] bat=100% nbr=18"
003D,SENSOR,1,UNIFIED,"t=4 [HELLO_RX] NEW 0055 tier=1(UNK) verified=0 rssi=5.0"
003D,SENSOR,1,UNIFIED,"t=5 [HELLO_RX] NEW 0063 tier=1(UNK) verified=0 rssi=0.3"
003D,SENSOR,1,UNIFIED,"t=6 [HELLO_TX] bat=100% nbr=2"
003D,SENSOR,1,UNIFIED,"t=6 [HELLO_RX] NEW 003C tier=1(UNK) verified=0 rssi=3.2"
003D,SENSOR,1,UNIFIED,"t=7 [HELLO_RX] NEW FF06 tier=3(GWN) verified=0 rssi=12.2"
003D,SENSOR,1,UNIFIED,"t=9 [HELLO_RX] NEW 0004 tier=1(UNK) verified=0 rssi=3.0"
003D,SENSOR,1,UNIFIED,"t=13 [HELLO_TX] bat=100% nbr=5"
003D,SENSOR,1,UNIFIED,"t=14 [HELLO_RX] NEW FF05 tier=3(GWN) verified=0 rssi=0.2"
003D,SENSOR,1,UNIFIED,"t=18 [HELLO_RX] NEW 0034 tier=1(UNK) verified=0 rssi=0.7"
003D,SENSOR,1,UNIFIED,"t=19 [HELLO_RX] NEW 002E tier=1(UNK) verified=0 rssi=0.7"
003D,SENSOR,1,UNIFIED,"t=20 [HELLO_TX] bat=100% nbr=8"
003D,SENSOR,1,UNIFIED,"t=20 [HELLO_RX] NEW FF04 tier=3(GWN) verified=0 rssi=1.5"
003D,SENSOR,1,UNIFIED,"t=24 [HELLO_RX] NEW 0009 tier=1(UNK) verified=0 rssi=0.4"
003D,SENSOR,1,UNIFIED,"t=26 [HELLO_TX] bat=100% nbr=10"
003D,SENSOR,1,UNIFIED,"t=29 [HELLO_RX] NEW AA01 tier=2(CH) verified=0 rssi=2.7"
003D,SENSOR,1,UNIFIED,"t=33 [HELLO_TX] bat=100% nbr=11"
003D,SENSOR,1,UNIFIED,"t=38 [HELLO_TX] bat=100% nbr=11"
003D,SENSOR,1,UNIFIED,"t=45 [HELLO_TX] bat=100% nbr=11"
003D,SENSOR,1,UNIFIED,"t=51 [HELLO_TX] bat=100% nbr=11"
003D,SENSOR,1,UNIFIED,"t=58 [HELLO_TX] bat=100% nbr=11"
003D,SENSOR,1,UNIFIED,"t=63 [HELLO_TX] bat=100% nbr=11"
003D,SENSOR,1,UNIFIED,"t=68 [HELLO_RX] NEW AA09 tier=2(CH) verified=0 rssi=0.4"
003D,SENSOR,1,UNIFIED,"t=72 [HELLO_TX] bat=100% nbr=12"
003D,SENSOR,1,UNIFIED,"t=79 [HELLO_TX] bat=100% nbr=12"
003D,SENSOR,1,UNIFIED,"t=79 [HELLO_RX] NEW FF02 tier=3(GWN) verified=1 rssi=0.2"
003D,SENSOR,1,UNIFIED,"t=82 [HELLO_RX] NEW FF07 tier=3(GWN) verified=1 rssi=0.1"
003D,SENSOR,1,UNIFIED,"t=87 [HELLO_TX] bat=100% nbr=14"
003D,SENSOR,1,UNIFIED,"t=89 [HELLO_RX] NEW 0006 tier=1(UNK) verified=0 rssi=0.2"
003D,SENSOR,1,UNIFIED,"t=93 [HELLO_TX] bat=100% nbr=15"
003D,SENSOR,1,UNIFIED,"t=97 [HELLO_TX] bat=100% nbr=15"
003D,SENSOR,1,UNIFIED,"t=104 [HELLO_TX] bat=100% nbr=15"
003D,SENSOR,1,UNIFIED,"t=108 [HELLO_TX] bat=100% nbr=15"
003D,SENSOR,1,UNIFIED,"t=112 [HELLO_RX] NEW FF09 tier=3(GWN) verified=1 rssi=0.3"
003D,SENSOR,1,UNIFIED,"t=115 [HELLO_TX] bat=100% nbr=16"
003D,SENSOR,1,UNIFIED,"t=125 [HELLO_TX] bat=100% nbr=16"
003D,SENSOR,1,UNIFIED,"t=131 [HELLO_TX] bat=100% nbr=16"
003D,SENSOR,1,UNIFIED,"t=137 [HELLO_TX] bat=100% nbr=16"
003D,SENSOR,1,UNIFIED,"t=147 [HELLO_TX] bat=100% nbr=16"
003D,SENSOR,1,UNIFIED,"t=156 [HELLO_TX] bat=100% nbr=16"
003D,SENSOR,1,UNIFIED,"t=160 [HELLO_TX] bat=100% nbr=16"
003D,SENSOR,1,UNIFIED,"t=160 [HELLO_RX] NEW 0037 tier=1(UNK) verified=0 rssi=0.3"
003D,SENSOR,1,UNIFIED,"t=168 [HELLO_TX] bat=100% nbr=17"
003D,SENSOR,1,UNIFIED,"t=178 [HELLO_TX] bat=100% nbr=17"
003D,SENSOR,1,UNIFIED,"t=184 [HELLO_TX] bat=100% nbr=17"
003D,SENSOR,1,UNIFIED,"t=193 [HELLO_TX] bat=100% nbr=17"
003D,SENSOR,1,UNIFIED,"t=199 [HELLO_TX] bat=100% nbr=17"
003D,SENSOR,1,UNIFIED,"t=205 [HELLO_TX] bat=100% nbr=17"
003D,SENSOR,1,UNIFIED,"t=212 [HELLO_TX] bat=100% nbr=17"
003D,SENSOR,1,UNIFIED,"t=220 [HELLO_TX] bat=100% nbr=17"
003D,SENSOR,1,UNIFIED,"t=228 [HELLO_TX] bat=100% nbr=17"
003D,SENSOR,1,UNIFIED,"t=237 [HELLO_TX] bat=100% nbr=17"
003D,SENSOR,1,UNIFIED,"t=245 [HELLO_TX] bat=100% nbr=17"
003E,SENSOR,1,UNIFIED,"t=4 [HELLO_RX] NEW 005A tier=1(UNK) verified=0 rssi=1.6"
003E,SENSOR,1,UNIFIED,"t=6 [HELLO_RX] NEW 0060 tier=1(UNK) verified=0 rssi=8.2"
003E,SENSOR,1,UNIFIED,"t=7 [HELLO_RX] NEW 0036 tier=1(UNK) verified=0 rssi=7.2"
003E,SENSOR,1,UNIFIED,"t=8 [HELLO_RX] NEW 0050 tier=1(UNK) verified=0 rssi=0.4"
003E,SENSOR,1,UNIFIED,"t=9 [HELLO_TX] bat=100% nbr=4"
003E,SENSOR,1,UNIFIED,"t=9 [HELLO_RX] NEW 0028 tier=1(UNK) verified=0 rssi=22.8"
003E,SENSOR,1,UNIFIED,"t=10 [HELLO_RX] NEW 0064 tier=1(UNK) verified=0 rssi=1.1"
003E,SENSOR,1,UNIFIED,"t=14 [HELLO_RX] NEW FF0A tier=3(GWN) verified=0 rssi=4.3"
003E,SENSOR,1,UNIFIED,"t=18 [HELLO_TX] bat=100% nbr=7"
003E,SENSOR,1,UNIFIED,"t=20 [HELLO_RX] NEW FF08 tier=3(GWN) verified=0 rssi=1.3"
003E,SENSOR,1,UNIFIED,"t=22 [HELLO_TX] bat=100% nbr=8"
003E,SENSOR,1,UNIFIED,"t=30 [HELLO_RX] NEW 0047 tier=1(UNK) verified=0 rssi=3.5"
003E,SENSOR,1,UNIFIED,"t=32 [HELLO_TX] bat=100% nbr=9"
003E,SENSOR,1,UNIFIED,"t=37 [HELLO_TX] bat=100% nbr=9"
003E,SENSOR,1,UNIFIED,"t=44 [HELLO_RX] NEW 003B tier=1(UNK) verified=0 rssi=0.4"
003E,SENSOR,1,UNIFIED,"t=45 [HELLO_TX] bat=100% nbr=10"
003E,SENSOR,1,UNIFIED,"t=51 [HELLO_TX] bat=100% nbr=10"
003E,SENSOR,1,UNIFIED,"t=55 [HELLO_TX] bat=100% nbr=10"
003E,SENSOR,1,UNIFIED,"t=56 [HELLO_RX] NEW AA04 tier=2(CH) verified=0 rssi=1.0"
003E,SENSOR,1,UNIFIED,"t=61 [HELLO_TX] bat=100% nbr=11"
003E,SENSOR,1,UNIFIED,"t=70 [HELLO_TX] bat=100% nbr=11"
003E,SENSOR,1,UNIFIED,"t=74 [HELLO_TX] bat=100% nbr=11"
003E,SENSOR,1,UNIFIED,"t=80 [HELLO_TX] bat=100% nbr=11"
003E,SENSOR,1,UNIFIED,"t=84 [HELLO_TX] bat=100% nbr=11"
003E,SENSOR,1,UNIFIED,"t=91 [HELLO_TX] bat=100% nbr=11"
003E,SENSOR,1,UNIFIED,"t=94 [HELLO_RX] NEW 002C tier=1(UNK) verified=0 rssi=0.5"
003E,SENSOR,1,UNIFIED,"t=101 [HELLO_TX] bat=100% nbr=12"
003E,SENSOR,1,UNIFIED,"t=109 [HELLO_TX] bat=100% nbr=12"
003E,SENSOR,1,UNIFIED,"t=117 [HELLO_TX] bat=100% nbr=12"
003E,SENSOR,1,UNIFIED,"t=127 [HELLO_TX] bat=100% nbr=12"
003E,SENSOR,1,UNIFIED,"t=127 [HELLO_RX] NEW FF01 tier=3(GWN) verified=1 rssi=0.1"
003E,SENSOR,1,UNIFIED,"t=131 [HELLO_TX] bat=100% nbr=13"
003E,SENSOR,1,UNIFIED,"t=135 [HELLO_TX] bat=100% nbr=13"
003E,SENSOR,1,UNIFIED,"t=141 [HELLO_TX] bat=100% nbr=13"
003E,SENSOR,1,UNIFIED,"t=146 [HELLO_TX] bat=100% nbr=13"
003E,SENSOR,1,UNIFIED,"t=150 [HELLO_TX] bat=100% nbr=13"
003E,SENSOR,1,UNIFIED,"t=155 [HELLO_TX] bat=100% nbr=13"
003E,SENSOR,1,UNIFIED,"t=161 [HELLO_TX] bat=100% nbr=13"
003E,SENSOR,1,UNIFIED,"t=166 [HELLO_TX] bat=100% nbr=13"
003E,SENSOR,1,UNIFIED,"t=171 [HELLO_TX] bat=100% nbr=13"
003E,SENSOR,1,UNIFIED,"t=175 [HELLO_TX] bat=100% nbr=13"
003E,SENSOR,1,UNIFIED,"t=180 [HELLO_TX] bat=100% nbr=13"
003E,SENSOR,1,UNIFIED,"t=189 [HELLO_TX] bat=100% nbr=13"
003E,SENSOR,1,UNIFIED,"t=194 [HELLO_TX] bat=100% nbr=13"
003E,SENSOR,1,UNIFIED,"t=201 [HELLO_TX] bat=100% nbr=13"
003E,SENSOR,1,UNIFIED,"t=206 [HELLO_TX] bat=100% nbr=13"
003E,SENSOR,1,UNIFIED,"t=215 [HELLO_TX] bat=100% nbr=13"
003E,SENSOR,1,UNIFIED,"t=216 [HELLO_RX] NEW 0053 tier=1(UNK) verified=0 rssi=0.7"
003E,SENSOR,1,UNIFIED,"t=220 [HELLO_TX] bat=100% nbr=14"
003E,SENSOR,1,UNIFIED,"t=227 [HELLO_TX] bat=100% nbr=14"
003E,SENSOR,1,UNIFIED,"t=237 [HELLO_TX] bat=100% nbr=14"
003E,SENSOR,1,UNIFIED,"t=245 [HELLO_TX] bat=100% nbr=14"
003F,SENSOR,1,UNIFIED,"t=5 [HELLO_TX] bat=100% nbr=0"
003F,SENSOR,1,UNIFIED,"t=6 [HELLO_RX] NEW 0057 tier=1(UNK) verified=0 rssi=1.0"
003F,SENSOR,1,UNIFIED,"t=7 [HELLO_RX] NEW 0015 tier=1(UNK) verified=0 rssi=4.5"
003F,SENSOR,1,UNIFIED,"t=8 [HELLO_RX] NEW 0050 tier=1(UNK) verified=0 rssi=0.5"
003F,SENSOR,1,UNIFIED,"t=9 [HELLO_RX] NEW FF03 tier=3(GWN) verified=0 rssi=469.9"
003F,SENSOR,1,UNIFIED,"t=10 [HELLO_RX] NEW AA04 tier=2(CH) verified=0 rssi=1.2"
003F,SENSOR,1,UNIFIED,"t=15 [HELLO_TX] bat=100% nbr=5"
003F,SENSOR,1,UNIFIED,"t=19 [HELLO_RX] NEW 003B tier=1(UNK) verified=0 rssi=0.7"
003F,SENSOR,1,UNIFIED,"t=24 [HELLO_TX] bat=100% nbr=6"
003F,SENSOR,1,UNIFIED,"t=26 [HELLO_RX] NEW FF0A tier=3(GWN) verified=0 rssi=0.7"
003F,SENSOR,1,UNIFIED,"t=30 [HELLO_TX] bat=100% nbr=7"
003F,SENSOR,1,UNIFIED,"t=34 [HELLO_TX] bat=100% nbr=7"
003F,SENSOR,1,UNIFIED,"t=34 [HELLO_RX] NEW FF08 tier=3(GWN) verified=0 rssi=0.4"
003F,SENSOR,1,UNIFIED,"t=42 [HELLO_RX] NEW 000F tier=1(UNK) verified=0 rssi=0.2"
003F,SENSOR,1,UNIFIED,"t=43 [HELLO_TX] bat=100% nbr=9"
003F,SENSOR,1,UNIFIED,"t=50 [HELLO_TX] bat=100% nbr=9"
003F,SENSOR,1,UNIFIED,"t=57 [HELLO_TX] bat=100% nbr=9"
003F,SENSOR,1,UNIFIED,"t=59 [HELLO_RX] NEW 003A tier=1(UNK) verified=0 rssi=0.5"
003F,SENSOR,1,UNIFIED,"t=66 [HELLO_TX] bat=100% nbr=10"
003F,SENSOR,1,UNIFIED,"t=72 [HELLO_TX] bat=100% nbr=10"
003F,SENSOR,1,UNIFIED,"t=78 [HELLO_TX] bat=100% nbr=10"
003F,SENSOR,1,UNIFIED,"t=84 [HELLO_TX] bat=100% nbr=10"
003F,SENSOR,1,UNIFIED,"t=88 [HELLO_TX] bat=100% nbr=10"
003F,SENSOR,1,UNIFIED,"t=95 [HELLO_RX] NEW 0036 tier=1(UNK) verified=0 rssi=0.2"
003F,SENSOR,1,UNIFIED,"t=98 [HELLO_TX] bat=100% nbr=11"
003F,SENSOR,1,UNIFIED,"t=105 [HELLO_TX] bat=100% nbr=11"
003F,SENSOR,1,UNIFIED,"t=113 [HELLO_TX] bat=100% nbr=11"
003F,SENSOR,1,UNIFIED,"t=115 [HELLO_RX] NEW 0047 tier=1(UNK) verified=0 rssi=0.2"
003F,SENSOR,1,UNIFIED,"t=120 [HELLO_TX] bat=100% nbr=12"
003F,SENSOR,1,UNIFIED,"t=124 [HELLO_TX] bat=100% nbr=12"
003F,SENSOR,1,UNIFIED,"t=131 [HELLO_TX] bat=100% nbr=12"
003F,SENSOR,1,UNIFIED,"t=136 [HELLO_TX] bat=100% nbr=12"
003F,SENSOR,1,UNIFIED,"t=146 [HELLO_TX] bat=100% nbr=12"
003F,SENSOR,1,UNIFIED,"t=152 [HELLO_TX] bat=100% nbr=12"
003F,SENSOR,1,UNIFIED,"t=158 [HELLO_TX] bat=100% nbr=12"
003F,SENSOR,1,UNIFIED,"t=162 [HELLO_TX] bat=100% nbr=12"
003F,SENSOR,1,UNIFIED,"t=166 [HELLO_TX] bat=100% nbr=12"
003F,SENSOR,1,UNIFIED,"t=170 [HELLO_TX] bat=100% nbr=12"
003F,SENSOR,1,UNIFIED,"t=177 [HELLO_TX] bat=100% nbr=12"
003F,SENSOR,1,UNIFIED,"t=183 [HELLO_TX] bat=100% nbr=12"
003F,SENSOR,1,UNIFIED,"t=187 [HELLO_TX] bat=100% nbr=12"
003F,SENSOR,1,UNIFIED,"t=192 [HELLO_TX] bat=100% nbr=12"
003F,SENSOR,1,UNIFIED,"t=202 [HELLO_TX] bat=100% nbr=12"
003F,SENSOR,1,UNIFIED,"t=206 [HELLO_TX] bat=100% nbr=12"
003F,SENSOR,1,UNIFIED,"t=210 [HELLO_TX] bat=100% nbr=12"
003F,SENSOR,1,UNIFIED,"t=217 [HELLO_TX] bat=100% nbr=12"
003F,SENSOR,1,UNIFIED,"t=222 [HELLO_TX] bat=100% nbr=12"
003F,SENSOR,1,UNIFIED,"t=226 [HELLO_TX] bat=100% nbr=12"
003F,SENSOR,1,UNIFIED,"t=234 [HELLO_TX] bat=100% nbr=12"
003F,SENSOR,1,UNIFIED,"t=239 [HELLO_TX] bat=100% nbr=12"
003F,SENSOR,1,UNIFIED,"t=243 [HELLO_TX] bat=100% nbr=12"
0040,SENSOR,1,UNIFIED,"t=4 [HELLO_RX] NEW FF05 tier=3(GWN) verified=0 rssi=2.0"
0040,SENSOR,1,UNIFIED,"t=5 [HELLO_RX] NEW 0006 tier=1(UNK) verified=0 rssi=3.6"
0040,SENSOR,1,UNIFIED,"t=6 [HELLO_TX] bat=100% nbr=2"
0040,SENSOR,1,UNIFIED,"t=6 [HELLO_RX] NEW 0034 tier=1(UNK) verified=0 rssi=0.5"
0040,SENSOR,1,UNIFIED,"t=7 [HELLO_RX] NEW 0048 tier=1(UNK) verified=0 rssi=2.1"
0040,SENSOR,1,UNIFIED,"t=8 [HELLO_RX] NEW 0026 tier=1(UNK) verified=0 rssi=0.5"
0040,SENSOR,1,UNIFIED,"t=9 [HELLO_RX] NEW AA02 tier=2(CH) verified=0 rssi=1.1"
0040,SENSOR,1,UNIFIED,"t=10 [HELLO_RX] NEW FF04 tier=3(GWN) verified=0 rssi=4.5"
0040,SENSOR,1,UNIFIED,"t=11 [HELLO_RX] NEW FF09 tier=3(GWN) verified=0 rssi=0.8"
0040,SENSOR,1,UNIFIED,"t=13 [HELLO_RX] NEW 000A tier=1(UNK) verified=0 rssi=3.4"
0040,SENSOR,1,UNIFIED,"t=14 [HELLO_TX] bat=100% nbr=9"
0040,SENSOR,1,UNIFIED,"t=19 [HELLO_RX] NEW 0037 tier=1(UNK) verified=0 rssi=0.4"
0040,SENSOR,1,UNIFIED,"t=20 [HELLO_TX] bat=100% nbr=10"
0040,SENSOR,1,UNIFIED,"t=23 [HELLO_RX] NEW AA01 tier=2(CH) verified=0 rssi=0.7"
0040,SENSOR,1,UNIFIED,"t=24 [HELLO_RX] NEW FF07 tier=3(GWN) verified=0 rssi=1.0"
0040,SENSOR,1,UNIFIED,"t=27 [HELLO_TX] bat=100% nbr=12"
0040,SENSOR,1,UNIFIED,"t=28 [HELLO_RX] NEW FF06 tier=3(GWN) verified=0 rssi=0.3"
0040,SENSOR,1,UNIFIED,"t=34 [HELLO_TX] bat=100% nbr=13"
0040,SENSOR,1,UNIFIED,"t=41 [HELLO_TX] bat=100% nbr=13"
0040,SENSOR,1,UNIFIED,"t=45 [HELLO_TX] bat=100% nbr=13"
0040,SENSOR,1,UNIFIED,"t=45 [HELLO_RX] NEW 000D tier=1(UNK) verified=0 rssi=0.2"
0040,SENSOR,1,UNIFIED,"t=49 [HELLO_RX] NEW 0042 tier=1(UNK) verified=0 rssi=0.3"
0040,SENSOR,1,UNIFIED,"t=54 [HELLO_TX] bat=100% nbr=15"
0040,SENSOR,1,UNIFIED,"t=62 [HELLO_TX] bat=100% nbr=15"
0040,SENSOR,1,UNIFIED,"t=68 [HELLO_TX] bat=100% nbr=15"
0040,SENSOR,1,UNIFIED,"t=72 [HELLO_TX] bat=100% nbr=15"
0040,SENSOR,1,UNIFIED,"t=82 [HELLO_TX] bat=100% nbr=15"
0040,SENSOR,1,UNIFIED,"t=86 [HELLO_TX] bat=100% nbr=15"
0040,SENSOR,1,UNIFIED,"t=95 [HELLO_TX] bat=100% nbr=15"
0040,SENSOR,1,UNIFIED,"t=96 [HELLO_RX] NEW 0051 tier=1(UNK) verified=0 rssi=0.5"
0040,SENSOR,1,UNIFIED,"t=99 [HELLO_TX] bat=100% nbr=16"
0040,SENSOR,1,UNIFIED,"t=99 [HELLO_RX] NEW 0044 tier=1(UNK) verified=0 rssi=0.4"
0040,SENSOR,1,UNIFIED,"t=102 [HELLO_RX] NEW 003C tier=1(UNK) verified=0 rssi=0.2"
0040,SENSOR,1,UNIFIED,"t=107 [HELLO_TX] bat=100% nbr=18"
0040,SENSOR,1,UNIFIED,"t=113 [HELLO_TX] bat=100% nbr=18"
0040,SENSOR,1,UNIFIED,"t=120 [HELLO_TX] bat=100% nbr=18"
0040,SENSOR,1,UNIFIED,"t=129 [HELLO_TX] bat=100% nbr=18"
0040,SENSOR,1,UNIFIED,"t=131 [HELLO_RX] NEW AA09 tier=2(CH) verified=0 rssi=0.4"
0040,SENSOR,1,UNIFIED,"t=136 [HELLO_TX] bat=100% nbr=19"
0040,SENSOR,1,UNIFIED,"t=144 [HELLO_TX] bat=100% nbr=19"
0040,SENSOR,1,UNIFIED,"t=151 [HELLO_TX] bat=100% nbr=19"
0040,SENSOR,1,UNIFIED,"t=155 [HELLO_TX] bat=100% nbr=19"
0040,SENSOR,1,UNIFIED,"t=165 [HELLO_TX] bat=100% nbr=19"
0040,SENSOR,1,UNIFIED,"t=175 [HELLO_TX] bat=100% nbr=19"
0040,SENSOR,1,UNIFIED,"t=180 [HELLO_TX] bat=100% nbr=19"
0040,SENSOR,1,UNIFIED,"t=188 [HELLO_TX] bat=100% nbr=19"
0040,SENSOR,1,UNIFIED,"t=193 [HELLO_TX] bat=100% nbr=19"
0040,SENSOR,1,UNIFIED,"t=198 [HELLO_TX] bat=100% nbr=19"
0040,SENSOR,1,UNIFIED,"t=203 [HELLO_TX] bat=100% nbr=19"
0040,SENSOR,1,UNIFIED,"t=210 [HELLO_TX] bat=100% nbr=19"
0040,SENSOR,1,UNIFIED,"t=214 [HELLO_TX] bat=100% nbr=19"
0040,SENSOR,1,UNIFIED,"t=220 [HELLO_TX] bat=100% nbr=19"
0040,SENSOR,1,UNIFIED,"t=229 [HELLO_TX] bat=100% nbr=19"
0040,SENSOR,1,UNIFIED,"t=239 [HELLO_TX] bat=100% nbr=19"
0040,SENSOR,1,UNIFIED,"t=246 [HELLO_TX] bat=100% nbr=19"
0041,SENSOR,1,UNIFIED,"t=4 [HELLO_RX] NEW FF0B tier=3(GWN) verified=0 rssi=1.8"
0041,SENSOR,1,UNIFIED,"t=5 [HELLO_RX] NEW 0030 tier=1(UNK) verified=0 rssi=0.9"
0041,SENSOR,1,UNIFIED,"t=6 [HELLO_RX] NEW 0005 tier=1(UNK) verified=0 rssi=0.8"
0041,SENSOR,1,UNIFIED,"t=7 [HELLO_TX] bat=100% nbr=3"
0041,SENSOR,1,UNIFIED,"t=9 [HELLO_RX] NEW 001F tier=1(UNK) verified=0 rssi=1.0"
0041,SENSOR,1,UNIFIED,"t=10 [HELLO_RX] NEW 0023 tier=1(UNK) verified=0 rssi=2.6"
0041,SENSOR,1,UNIFIED,"t=12 [HELLO_RX] NEW 005C tier=1(UNK) verified=0 rssi=1.8"
0041,SENSOR,1,UNIFIED,"t=13 [HELLO_TX] bat=100% nbr=6"
0041,SENSOR,1,UNIFIED,"t=18 [HELLO_RX] NEW AA0A tier=2(CH) verified=0 rssi=0.9"
0041,SENSOR,1,UNIFIED,"t=19 [HELLO_RX] NEW 0054 tier=1(UNK) verified=0 rssi=0.6"
0041,SENSOR,1,UNIFIED,"t=22 [HELLO_TX] bat=100% nbr=8"
0041,SENSOR,1,UNIFIED,"t=24 [HELLO_RX] NEW 000E tier=1(UNK) verified=0 rssi=0.3"
0041,SENSOR,1,UNIFIED,"t=28 [HELLO_RX] NEW 005B tier=1(UNK) verified=0 rssi=1.7"
0041,SENSOR,1,UNIFIED,"t=31 [HELLO_TX] bat=100% nbr=10"
0041,SENSOR,1,UNIFIED,"t=36 [HELLO_RX] NEW 001A tier=1(UNK) verified=0 rssi=0.6"
0041,SENSOR,1,UNIFIED,"t=40 [HELLO_TX] bat=100% nbr=11"
0041,SENSOR,1,UNIFIED,"t=49 [HELLO_TX] bat=100% nbr=11"
0041,SENSOR,1,UNIFIED,"t=54 [HELLO_TX] bat=100% nbr=11"
0041,SENSOR,1,UNIFIED,"t=62 [HELLO_TX] bat=100% nbr=11"
0041,SENSOR,1,UNIFIED,"t=67 [HELLO_RX] NEW 004F tier=1(UNK) verified=0 rssi=0.4"
0041,SENSOR,1,UNIFIED,"t=70 [HELLO_TX] bat=100% nbr=12"
0041,SENSOR,1,UNIFIED,"t=76 [HELLO_TX] bat=100% nbr=12"
0041,SENSOR,1,UNIFIED,"t=80 [HELLO_TX] bat=100% nbr=12"
0041,SENSOR,1,UNIFIED,"t=86 [HELLO_RX] NEW 0020 tier=1(UNK) verified=0 rssi=0.2"
0041,SENSOR,1,UNIFIED,"t=87 [HELLO_TX] bat=100% nbr=13"
0041,SENSOR,1,UNIFIED,"t=94 [HELLO_RX] NEW 0035 tier=1(UNK) verified=0 rssi=0.3"
0041,SENSOR,1,UNIFIED,"t=95 [HELLO_TX] bat=100% nbr=14"
0041,SENSOR,1,UNIFIED,"t=100 [HELLO_TX] bat=100% nbr=14"
0041,SENSOR,1,UNIFIED,"t=106 [HELLO_TX] bat=100% nbr=14"
0041,SENSOR,1,UNIFIED,"t=108 [HELLO_RX] NEW AA05 tier=2(CH) verified=0 rssi=0.2"
0041,SENSOR,1,UNIFIED,"t=112 [HELLO_TX] bat=100% nbr=15"
0041,SENSOR,1,UNIFIED,"t=117 [HELLO_TX] bat=100% nbr=15"
0041,SENSOR,1,UNIFIED,"t=125 [HELLO_TX] bat=100% nbr=15"
0041,SENSOR,1,UNIFIED,"t=128 [HELLO_RX] NEW AA07 tier=2(CH) verified=0 rssi=0.2"
0041,SENSOR,1,UNIFIED,"t=129 [HELLO_TX] bat=100% nbr=16"
0041,SENSOR,1,UNIFIED,"t=139 [HELLO_TX] bat=100% nbr=16"
0041,SENSOR,1,UNIFIED,"t=143 [HELLO_TX] bat=100% nbr=16"
0041,SENSOR,1,UNIFIED,"t=148 [HELLO_TX] bat=100% nbr=16"
0041,SENSOR,1,UNIFIED,"t=154 [HELLO_TX] bat=100% nbr=16"
0041,SENSOR,1,UNIFIED,"t=158 [HELLO_TX] bat=100% nbr=16"
0041,SENSOR,1,UNIFIED,"t=159 [HELLO_RX] NEW 0046 tier=1(UNK) verified=0 rssi=0.2"
0041,SENSOR,1,UNIFIED,"t=167 [HELLO_TX] bat=100% nbr=17"
0041,SENSOR,1,UNIFIED,"t=174 [HELLO_TX] bat=100% nbr=17"
0041,SENSOR,1,UNIFIED,"t=182 [HELLO_TX] bat=100% nbr=17"
0041,SENSOR,1,UNIFIED,"t=190 [HELLO_TX] bat=100% nbr=17"
0041,SENSOR,1,UNIFIED,"t=197 [HELLO_RX] NEW 0002 tier=1(UNK) verified=0 rssi=0.3"
0041,SENSOR,1,UNIFIED,"t=200 [HELLO_TX] bat=100% nbr=18"
0041,SENSOR,1,UNIFIED,"t=206 [HELLO_TX] bat=100% nbr=18"
0041,SENSOR,1,UNIFIED,"t=216 [HELLO_TX] bat=100% nbr=18"
0041,SENSOR,1,UNIFIED,"t=218 [HELLO_RX] NEW 0016 tier=1(UNK) verified=0 rssi=0.2"
0041,SENSOR,1,UNIFIED,"t=226 [HELLO_TX] bat=100% nbr=19"
0041,SENSOR,1,UNIFIED,"t=235 [HELLO_TX] bat=100% nbr=19"
0041,SENSOR,1,UNIFIED,"t=242 [HELLO_TX] bat=100% nbr=19"
0041,SENSOR,1,UNIFIED,"t=248 [HELLO_TX] bat=100% nbr=19"
0042,SENSOR,1,UNIFIED,"t=4 [HELLO_RX] NEW FF05 tier=3(GWN) verified=0 rssi=1.5"
0042,SENSOR,1,UNIFIED,"t=5 [HELLO_RX] NEW 000A tier=1(UNK) verified=0 rssi=0.5"
0042,SENSOR,1,UNIFIED,"t=6 [HELLO_TX] bat=100% nbr=2"
0042,SENSOR,1,UNIFIED,"t=6 [HELLO_RX] NEW 0040 tier=1(UNK) verified=0 rssi=0.3"
0042,SENSOR,1,UNIFIED,"t=7 [HELLO_RX] NEW FF07 tier=3(GWN) verified=0 rssi=6.1"
0042,SENSOR,1,UNIFIED,"t=8 [HELLO_RX] NEW 0051 tier=1(UNK) verified=0 rssi=3.1"
0042,SENSOR,1,UNIFIED,"t=9 [HELLO_RX] NEW AA02 tier=2(CH) verified=0 rssi=0.5"
0042,SENSOR,1,UNIFIED,"t=10 [HELLO_RX] NEW FF04 tier=3(GWN) verified=0 rssi=0.4"
0042,SENSOR,1,UNIFIED,"t=11 [HELLO_TX] bat=100% nbr=7"
0042,SENSOR,1,UNIFIED,"t=11 [HELLO_RX] NEW FF09 tier=3(GWN) verified=0 rssi=0.5"
0042,SENSOR,1,UNIFIED,"t=16 [HELLO_RX] NEW 0026 tier=1(UNK) verified=0 rssi=0.4"
0042,SENSOR,1,UNIFIED,"t=17 [HELLO_RX] NEW 0048 tier=1(UNK) verified=0 rssi=0.9"
0042,SENSOR,1,UNIFIED,"t=18 [HELLO_TX] bat=100% nbr=10"
0042,SENSOR,1,UNIFIED,"t=23 [HELLO_TX] bat=100% nbr=10"
0042,SENSOR,1,UNIFIED,"t=28 [HELLO_TX] bat=100% nbr=10"
0042,SENSOR,1,UNIFIED,"t=37 [HELLO_TX] bat=100% nbr=10"
0042,SENSOR,1,UNIFIED,"t=44 [HELLO_TX] bat=100% nbr=10"
0042,SENSOR,1,UNIFIED,"t=49 [HELLO_TX] bat=100% nbr=10"
0042,SENSOR,1,UNIFIED,"t=57 [HELLO_TX] bat=100% nbr=10"
0042,SENSOR,1,UNIFIED,"t=63 [HELLO_TX] bat=100% nbr=10"
0042,SENSOR,1,UNIFIED,"t=67 [HELLO_TX] bat=100% nbr=10"
0042,SENSOR,1,UNIFIED,"t=70 [HELLO_RX] NEW 004B tier=1(UNK) verified=0 rssi=0.3"
0042,SENSOR,1,UNIFIED,"t=73 [HELLO_TX] bat=100% nbr=11"
0042,SENSOR,1,UNIFIED,"t=82 [HELLO_TX] bat=100% nbr=11"
0042,SENSOR,1,UNIFIED,"t=91 [HELLO_TX] bat=100% nbr=11"
0042,SENSOR,1,UNIFIED,"t=98 [HELLO_TX] bat=100% nbr=11"
0042,SENSOR,1,UNIFIED,"t=103 [HELLO_TX] bat=100% nbr=11"
0042,SENSOR,1,UNIFIED,"t=112 [HELLO_TX] bat=100% nbr=11"
0042,SENSOR,1,UNIFIED,"t=116 [HELLO_TX] bat=100% nbr=11"
0042,SENSOR,1,UNIFIED,"t=122 [HELLO_TX] bat=100% nbr=11"
0042,SENSOR,1,UNIFIED,"t=125 [HELLO_RX] NEW 0044 tier=1(UNK) verified=0 rssi=0.3"
0042,SENSOR,1,UNIFIED,"t=127 [HELLO_TX] bat=100% nbr=12"
0042,SENSOR,1,UNIFIED,"t=131 [HELLO_TX] bat=100% nbr=12"
0042,SENSOR,1,UNIFIED,"t=131 [HELLO_RX] NEW AA08 tier=2(CH) verified=0 rssi=0.2"
0042,SENSOR,1,UNIFIED,"t=138 [HELLO_TX] bat=100% nbr=13"
0042,SENSOR,1,UNIFIED,"t=139 [HELLO_RX] NEW 004E tier=1(UNK) verified=0 rssi=0.2"
0042,SENSOR,1,UNIFIED,"t=143 [HELLO_TX] bat=100% nbr=14"
0042,SENSOR,1,UNIFIED,"t=153 [HELLO_TX] bat=100% nbr=14"
0042,SENSOR,1,UNIFIED,"t=159 [HELLO_TX] bat=100% nbr=14"
0042,SENSOR,1,UNIFIED,"t=168 [HELLO_TX] bat=100% nbr=14"
0042,SENSOR,1,UNIFIED,"t=174 [HELLO_TX] bat=100% nbr=14"
0042,SENSOR,1,UNIFIED,"t=184 [HELLO_TX] bat=100% nbr=14"
0042,SENSOR,1,UNIFIED,"t=188 [HELLO_TX] bat=100% nbr=14"
0042,SENSOR,1,UNIFIED,"t=192 [HELLO_TX] bat=100% nbr=14"
0042,SENSOR,1,UNIFIED,"t=196 [HELLO_TX] bat=100% nbr=14"
0042,SENSOR,1,UNIFIED,"t=205 [HELLO_TX] bat=100% nbr=14"
0042,SENSOR,1,UNIFIED,"t=212 [HELLO_TX] bat=100% nbr=14"
0042,SENSOR,1,UNIFIED,"t=220 [HELLO_TX] bat=100% nbr=14"
0042,SENSOR,1,UNIFIED,"t=230 [HELLO_TX] bat=100% nbr=14"
0042,SENSOR,1,UNIFIED,"t=234 [HELLO_TX] bat=100% nbr=14"
0042,SENSOR,1,UNIFIED,"t=242 [HELLO_TX] bat=100% nbr=14"
0042,SENSOR,1,UNIFIED,"t=246 [HELLO_TX] bat=100% nbr=14"
0043,SENSOR,1,UNIFIED,"t=4 [HELLO_RX] NEW 0003 tier=1(UNK) verified=0 rssi=0.5"
0043,SENSOR,1,UNIFIED,"t=5 [HELLO_RX] NEW 0033 tier=1(UNK) verified=0 rssi=1.1"
0043,SENSOR,1,UNIFIED,"t=6 [HELLO_TX] bat=100% nbr=2"
0043,SENSOR,1,UNIFIED,"t=6 [HELLO_RX] NEW 0018 tier=1(UNK) verified=0 rssi=1.5"
0043,SENSOR,1,UNIFIED,"t=7 [HELLO_RX] NEW 0031 tier=1(UNK) verified=0 rssi=0.6"
0043,SENSOR,1,UNIFIED,"t=8 [HELLO_RX] NEW 0052 tier=1(UNK) verified=0 rssi=1.8"
0043,SENSOR,1,UNIFIED,"t=9 [HELLO_RX] NEW 0058 tier=1(UNK) verified=0 rssi=1.8"
0043,SENSOR,1,UNIFIED,"t=10 [HELLO_RX] NEW AA0A tier=2(CH) verified=0 rssi=1.0"
0043,SENSOR,1,UNIFIED,"t=13 [HELLO_TX] bat=100% nbr=7"
0043,SENSOR,1,UNIFIED,"t=22 [HELLO_TX] bat=100% nbr=7"
0043,SENSOR,1,UNIFIED,"t=28 [HELLO_TX] bat=100% nbr=7"
0043,SENSOR,1,UNIFIED,"t=28 [HELLO_RX] NEW 0049 tier=1(UNK) verified=0 rssi=0.6"
0043,SENSOR,1,UNIFIED,"t=33 [HELLO_TX] bat=100% nbr=8"
0043,SENSOR,1,UNIFIED,"t=41 [HELLO_TX] bat=100% nbr=8"
0043,SENSOR,1,UNIFIED,"t=41 [HELLO_RX] NEW FF0B tier=3(GWN) verified=0 rssi=0.2"
0043,SENSOR,1,UNIFIED,"t=42 [HELLO_RX] NEW 0029 tier=1(UNK) verified=0 rssi=0.2"
0043,SENSOR,1,UNIFIED,"t=44 [HELLO_RX] NEW 005C tier=1(UNK) verified=0 rssi=0.2"
0043,SENSOR,1,UNIFIED,"t=46 [HELLO_TX] bat=100% nbr=11"
0043,SENSOR,1,UNIFIED,"t=52 [HELLO_RX] NEW 005B tier=1(UNK) verified=0 rssi=0.2"
0043,SENSOR,1,UNIFIED,"t=54 [HELLO_TX] bat=100% nbr=12"
0043,SENSOR,1,UNIFIED,"t=58 [HELLO_TX] bat=100% nbr=12"
0043,SENSOR,1,UNIFIED,"t=67 [HELLO_TX] bat=100% nbr=12"
0043,SENSOR,1,UNIFIED,"t=67 [HELLO_RX] NEW 0014 tier=1(UNK) verified=0 rssi=0.2"
0043,SENSOR,1,UNIFIED,"t=73 [HELLO_TX] bat=100% nbr=13"
0043,SENSOR,1,UNIFIED,"t=75 [HELLO_RX] NEW FF06 tier=3(GWN) verified=0 rssi=0.1"
0043,SENSOR,1,UNIFIED,"t=80 [HELLO_RX] NEW 002A tier=1(UNK) verified=0 rssi=0.2"
0043,SENSOR,1,UNIFIED,"t=83 [HELLO_TX] bat=100% nbr=15"
0043,SENSOR,1,UNIFIED,"t=89 [HELLO_TX] bat=100% nbr=15"
0043,SENSOR,1,UNIFIED,"t=93 [HELLO_TX] bat=100% nbr=15"
0043,SENSOR,1,UNIFIED,"t=100 [HELLO_TX] bat=100% nbr=15"
0043,SENSOR,1,UNIFIED,"t=106 [HELLO_RX] NEW 0013 tier=1(UNK) verified=0 rssi=0.2"
0043,SENSOR,1,UNIFIED,"t=107 [HELLO_TX] bat=100% nbr=16"
0043,SENSOR,1,UNIFIED,"t=113 [HELLO_TX] bat=100% nbr=16"
0043,SENSOR,1,UNIFIED,"t=123 [HELLO_TX] bat=100% nbr=16"
0043,SENSOR,1,UNIFIED,"t=129 [HELLO_TX] bat=100% nbr=16"
0043,SENSOR,1,UNIFIED,"t=139 [HELLO_TX] bat=100% nbr=16"
0043,SENSOR,1,UNIFIED,"t=145 [HELLO_TX] bat=100% nbr=16"
0043,SENSOR,1,UNIFIED,"t=153 [HELLO_TX] bat=100% nbr=16"
0043,SENSOR,1,UNIFIED,"t=160 [HELLO_TX] bat=100% nbr=16"
0043,SENSOR,1,UNIFIED,"t=169 [HELLO_TX] bat=100% nbr=16"
0043,SENSOR,1,UNIFIED,"t=175 [HELLO_TX] bat=100% nbr=16"
0043,SENSOR,1,UNIFIED,"t=181 [HELLO_TX] bat=100% nbr=16"
0043,SENSOR,1,UNIFIED,"t=190 [HELLO_TX] bat=100% nbr=16"
0043,SENSOR,1,UNIFIED,"t=199 [HELLO_TX] bat=100% nbr=16"
0043,SENSOR,1,UNIFIED,"t=201 [HELLO_RX] NEW 0059 tier=1(UNK) verified=0 rssi=0.2"
0043,SENSOR,1,UNIFIED,"t=209 [HELLO_TX] bat=100% nbr=17"
0043,SENSOR,1,UNIFIED,"t=215 [HELLO_TX] bat=100% nbr=17"
0043,SENSOR,1,UNIFIED,"t=224 [HELLO_TX] bat=100% nbr=17"
0043,SENSOR,1,UNIFIED,"t=231 [HELLO_TX] bat=100% nbr=17"
0043,SENSOR,1,UNIFIED,"t=236 [HELLO_TX] bat=100% nbr=17"
0043,SENSOR,1,UNIFIED,"t=240 [HELLO_TX] bat=100% nbr=17"
0044,SENSOR,1,UNIFIED,"t=4 [HELLO_RX] NEW FF05 tier=3(GWN) verified=0 rssi=106.8"
0044,SENSOR,1,UNIFIED,"t=5 [HELLO_RX] NEW 000A tier=1(UNK) verified=0 rssi=1.3"
0044,SENSOR,1,UNIFIED,"t=6 [HELLO_RX] NEW 0042 tier=1(UNK) verified=0 rssi=0.3"
0044,SENSOR,1,UNIFIED,"t=7 [HELLO_RX] NEW FF09 tier=3(GWN) verified=0 rssi=12.2"
0044,SENSOR,1,UNIFIED,"t=8 [HELLO_TX] bat=100% nbr=4"
0044,SENSOR,1,UNIFIED,"t=8 [HELLO_RX] NEW 0026 tier=1(UNK) verified=0 rssi=27.9"
0044,SENSOR,1,UNIFIED,"t=9 [HELLO_RX] NEW AA01 tier=2(CH) verified=0 rssi=0.2"
0044,SENSOR,1,UNIFIED,"t=10 [HELLO_RX] NEW FF04 tier=3(GWN) verified=0 rssi=1.1"
0044,SENSOR,1,UNIFIED,"t=14 [HELLO_TX] bat=100% nbr=7"
0044,SENSOR,1,UNIFIED,"t=15 [HELLO_RX] NEW FF07 tier=3(GWN) verified=0 rssi=3.2"
0044,SENSOR,1,UNIFIED,"t=17 [HELLO_RX] NEW 0048 tier=1(UNK) verified=0 rssi=0.3"
0044,SENSOR,1,UNIFIED,"t=19 [HELLO_RX] NEW 0037 tier=1(UNK) verified=0 rssi=0.4"
0044,SENSOR,1,UNIFIED,"t=21 [HELLO_TX] bat=100% nbr=10"
0044,SENSOR,1,UNIFIED,"t=30 [HELLO_TX] bat=100% nbr=10"
0044,SENSOR,1,UNIFIED,"t=32 [HELLO_RX] NEW 0051 tier=1(UNK) verified=0 rssi=0.8"
0044,SENSOR,1,UNIFIED,"t=36 [HELLO_TX] bat=100% nbr=11"
0044,SENSOR,1,UNIFIED,"t=43 [HELLO_TX] bat=100% nbr=11"
0044,SENSOR,1,UNIFIED,"t=45 [HELLO_RX] NEW 0040 tier=1(UNK) verified=0 rssi=0.4"
0044,SENSOR,1,UNIFIED,"t=52 [HELLO_TX] bat=100% nbr=12"
0044,SENSOR,1,UNIFIED,"t=60 [HELLO_RX] NEW FF06 tier=3(GWN) verified=0 rssi=0.2"
0044,SENSOR,1,UNIFIED,"t=61 [HELLO_TX] bat=100% nbr=13"
0044,SENSOR,1,UNIFIED,"t=69 [HELLO_TX] bat=100% nbr=13"
0044,SENSOR,1,UNIFIED,"t=76 [HELLO_TX] bat=100% nbr=13"
0044,SENSOR,1,UNIFIED,"t=78 [HELLO_RX] NEW 0006 tier=1(UNK) verified=0 rssi=0.3"
0044,SENSOR,1,UNIFIED,"t=80 [HELLO_TX] bat=100% nbr=14"
0044,SENSOR,1,UNIFIED,"t=89 [HELLO_TX] bat=100% nbr=14"
0044,SENSOR,1,UNIFIED,"t=99 [HELLO_TX] bat=100% nbr=14"
0044,SENSOR,1,UNIFIED,"t=106 [HELLO_TX] bat=100% nbr=14"
0044,SENSOR,1,UNIFIED,"t=111 [HELLO_RX] NEW AA02 tier=2(CH) verified=0 rssi=0.2"
0044,SENSOR,1,UNIFIED,"t=112 [HELLO_TX] bat=100% nbr=15"
0044,SENSOR,1,UNIFIED,"t=117 [HELLO_TX] bat=100% nbr=15"
0044,SENSOR,1,UNIFIED,"t=125 [HELLO_TX] bat=100% nbr=15"
0044,SENSOR,1,UNIFIED,"t=129 [HELLO_TX] bat=100% nbr=15"
0044,SENSOR,1,UNIFIED,"t=134 [HELLO_TX] bat=100% nbr=15"
0044,SENSOR,1,UNIFIED,"t=141 [HELLO_TX] bat=100% nbr=15"
0044,SENSOR,1,UNIFIED,"t=151 [HELLO_TX] bat=100% nbr=15"
0044,SENSOR,1,UNIFIED,"t=157 [HELLO_TX] bat=100% nbr=15"
0044,SENSOR,1,UNIFIED,"t=161 [HELLO_TX] bat=100% nbr=15"
0044,SENSOR,1,UNIFIED,"t=169 [HELLO_TX] bat=100% nbr=15"
0044,SENSOR,1,UNIFIED,"t=177 [HELLO_TX] bat=100% nbr=15"
0044,SENSOR,1,UNIFIED,"t=182 [HELLO_TX] bat=100% nbr=15"
0044,SENSOR,1,UNIFIED,"t=189 [HELLO_TX] bat=100% nbr=15"
0044,SENSOR,1,UNIFIED,"t=196 [HELLO_TX] bat=100% nbr=15"
0044,SENSOR,1,UNIFIED,"t=202 [HELLO_TX] bat=100% nbr=15"
0044,SENSOR,1,UNIFIED,"t=207 [HELLO_TX] bat=100% nbr=15"
0044,SENSOR,1,UNIFIED,"t=215 [HELLO_TX] bat=100% nbr=15"
0044,SENSOR,1,UNIFIED,"t=219 [HELLO_TX] bat=100% nbr=15"
0044,SENSOR,1,UNIFIED,"t=223 [HELLO_TX] bat=100% nbr=15"
0044,SENSOR,1,UNIFIED,"t=233 [HELLO_TX] bat=100% nbr=15"
0044,SENSOR,1,UNIFIED,"t=241 [HELLO_TX] bat=100% nbr=15"
0044,SENSOR,1,UNIFIED,"t=246 [HELLO_TX] bat=100% nbr=15"
0045,SENSOR,1,UNIFIED,"t=4 [HELLO_TX] bat=100% nbr=0"
0045,SENSOR,1,UNIFIED,"t=4 [HELLO_RX] NEW 0029 tier=1(UNK) verified=0 rssi=2.5"
0045,SENSOR,1,UNIFIED,"t=5 [HELLO_RX] NEW 002A tier=1(UNK) verified=0 rssi=1.8"
0045,SENSOR,1,UNIFIED,"t=8 [HELLO_RX] NEW 0052 tier=1(UNK) verified=0 rssi=0.2"
0045,SENSOR,1,UNIFIED,"t=13 [HELLO_TX] bat=100% nbr=3"
0045,SENSOR,1,UNIFIED,"t=14 [HELLO_RX] NEW 005A tier=1(UNK) verified=0 rssi=0.3"
0045,SENSOR,1,UNIFIED,"t=19 [HELLO_RX] NEW 0020 tier=1(UNK) verified=0 rssi=0.5"
0045,SENSOR,1,UNIFIED,"t=20 [HELLO_RX] NEW 0053 tier=1(UNK) verified=0 rssi=0.5"
0045,SENSOR,1,UNIFIED,"t=23 [HELLO_TX] bat=100% nbr=6"
0045,SENSOR,1,UNIFIED,"t=29 [HELLO_RX] NEW 002C tier=1(UNK) verified=0 rssi=0.2"
0045,SENSOR,1,UNIFIED,"t=32 [HELLO_TX] bat=100% nbr=7"
0045,SENSOR,1,UNIFIED,"t=34 [HELLO_RX] NEW FF08 tier=3(GWN) verified=0 rssi=0.2"
0045,SENSOR,1,UNIFIED,"t=38 [HELLO_TX] bat=100% nbr=8"
0045,SENSOR,1,UNIFIED,"t=46 [HELLO_TX] bat=100% nbr=8"
0045,SENSOR,1,UNIFIED,"t=53 [HELLO_TX] bat=100% nbr=8"
0045,SENSOR,1,UNIFIED,"t=59 [HELLO_RX] NEW 0028 tier=1(UNK) verified=0 rssi=0.2"
0045,SENSOR,1,UNIFIED,"t=62 [HELLO_TX] bat=100% nbr=9"
0045,SENSOR,1,UNIFIED,"t=68 [HELLO_TX] bat=100% nbr=9"
0045,SENSOR,1,UNIFIED,"t=73 [HELLO_TX] bat=100% nbr=9"
0045,SENSOR,1,UNIFIED,"t=77 [HELLO_TX] bat=100% nbr=9"
0045,SENSOR,1,UNIFIED,"t=84 [HELLO_RX] NEW 000C tier=1(UNK) verified=0 rssi=0.2"
0045,SENSOR,1,UNIFIED,"t=85 [HELLO_TX] bat=100% nbr=10"
0045,SENSOR,1,UNIFIED,"t=93 [HELLO_TX] bat=100% nbr=10"
0045,SENSOR,1,UNIFIED,"t=97 [HELLO_RX] NEW 001F tier=1(UNK) verified=0 rssi=0.2"
0045,SENSOR,1,UNIFIED,"t=98 [HELLO_TX] bat=100% nbr=11"
0045,SENSOR,1,UNIFIED,"t=98 [HELLO_RX] NEW FF0A tier=3(GWN) verified=1 rssi=0.2"
0045,SENSOR,1,UNIFIED,"t=104 [HELLO_TX] bat=100% nbr=12"
0045,SENSOR,1,UNIFIED,"t=108 [HELLO_TX] bat=100% nbr=12"
0045,SENSOR,1,UNIFIED,"t=112 [HELLO_TX] bat=100% nbr=12"
0045,SENSOR,1,UNIFIED,"t=122 [HELLO_TX] bat=100% nbr=12"
0045,SENSOR,1,UNIFIED,"t=128 [HELLO_TX] bat=100% nbr=12"
0045,SENSOR,1,UNIFIED,"t=136 [HELLO_RX] NEW AA04 tier=2(CH) verified=0 rssi=0.2"
0045,SENSOR,1,UNIFIED,"t=137 [HELLO_TX] bat=100% nbr=13"
0045,SENSOR,1,UNIFIED,"t=143 [HELLO_TX] bat=100% nbr=13"
0045,SENSOR,1,UNIFIED,"t=147 [HELLO_RX] NEW FF01 tier=3(GWN) verified=1 rssi=0.1"
0045,SENSOR,1,UNIFIED,"t=151 [HELLO_TX] bat=100% nbr=14"
0045,SENSOR,1,UNIFIED,"t=156 [HELLO_TX] bat=100% nbr=14"
0045,SENSOR,1,UNIFIED,"t=164 [HELLO_TX] bat=100% nbr=14"
0045,SENSOR,1,UNIFIED,"t=169 [HELLO_TX] bat=100% nbr=14"
0045,SENSOR,1,UNIFIED,"t=173 [HELLO_TX] bat=100% nbr=14"
0045,SENSOR,1,UNIFIED,"t=181 [HELLO_TX] bat=100% nbr=14"
0045,SENSOR,1,UNIFIED,"t=186 [HELLO_TX] bat=100% nbr=14"
0045,SENSOR,1,UNIFIED,"t=191 [HELLO_TX] bat=100% nbr=14"
0045,SENSOR,1,UNIFIED,"t=196 [HELLO_TX] bat=100% nbr=14"
0045,SENSOR,1,UNIFIED,"t=205 [HELLO_TX] bat=100% nbr=14"
0045,SENSOR,1,UNIFIED,"t=209 [HELLO_TX] bat=100% nbr=14"
0045,SENSOR,1,UNIFIED,"t=216 [HELLO_TX] bat=100% nbr=14"
0045,SENSOR,1,UNIFIED,"t=225 [HELLO_TX] bat=100% nbr=14"
0045,SENSOR,1,UNIFIED,"t=233 [HELLO_TX] bat=100% nbr=14"
0045,SENSOR,1,UNIFIED,"t=239 [HELLO_TX] bat=100% nbr=14"
0045,SENSOR,1,UNIFIED,"t=243 [HELLO_TX] bat=100% nbr=14"
0045,SENSOR,1,UNIFIED,"t=248 [HELLO_TX] bat=100% nbr=14"
0046,SENSOR,1,UNIFIED,"t=4 [HELLO_RX] NEW FF0B tier=3(GWN) verified=0 rssi=0.7"
0046,SENSOR,1,UNIFIED,"t=5 [HELLO_RX] NEW 0030 tier=1(UNK) verified=0 rssi=1.8"
0046,SENSOR,1,UNIFIED,"t=7 [HELLO_RX] NEW 0035 tier=1(UNK) verified=0 rssi=64.6"
0046,SENSOR,1,UNIFIED,"t=9 [HELLO_RX] NEW 001A tier=1(UNK) verified=0 rssi=1.4"
0046,SENSOR,1,UNIFIED,"t=10 [HELLO_TX] bat=100% nbr=4"
0046,SENSOR,1,UNIFIED,"t=10 [HELLO_RX] NEW 0002 tier=1(UNK) verified=0 rssi=5.1"
0046,SENSOR,1,UNIFIED,"t=16 [HELLO_TX] bat=100% nbr=5"
0046,SENSOR,1,UNIFIED,"t=18 [HELLO_RX] NEW AA0A tier=2(CH) verified=0 rssi=0.6"
0046,SENSOR,1,UNIFIED,"t=19 [HELLO_RX] NEW 0013 tier=1(UNK) verified=0 rssi=0.8"
0046,SENSOR,1,UNIFIED,"t=21 [HELLO_TX] bat=100% nbr=7"
0046,SENSOR,1,UNIFIED,"t=21 [HELLO_RX] NEW FF02 tier=3(GWN) verified=0 rssi=0.6"
0046,SENSOR,1,UNIFIED,"t=24 [HELLO_RX] NEW 0019 tier=1(UNK) verified=0 rssi=0.3"
0046,SENSOR,1,UNIFIED,"t=26 [HELLO_RX] NEW AA07 tier=2(CH) verified=0 rssi=2.7"
0046,SENSOR,1,UNIFIED,"t=27 [HELLO_RX] NEW 0012 tier=1(UNK) verified=0 rssi=0.2"
0046,SENSOR,1,UNIFIED,"t=29 [HELLO_TX] bat=100% nbr=11"
0046,SENSOR,1,UNIFIED,"t=35 [HELLO_TX] bat=100% nbr=11"
0046,SENSOR,1,UNIFIED,"t=39 [HELLO_RX] NEW 005C tier=1(UNK) verified=0 rssi=0.5"
0046,SENSOR,1,UNIFIED,"t=41 [HELLO_TX] bat=100% nbr=12"
0046,SENSOR,1,UNIFIED,"t=45 [HELLO_RX] NEW 005B tier=1(UNK) verified=0 rssi=0.2"
0046,SENSOR,1,UNIFIED,"t=48 [HELLO_TX] bat=100% nbr=13"
0046,SENSOR,1,UNIFIED,"t=54 [HELLO_TX] bat=100% nbr=13"
0046,SENSOR,1,UNIFIED,"t=54 [HELLO_RX] NEW 0041 tier=1(UNK) verified=0 rssi=0.2"
0046,SENSOR,1,UNIFIED,"t=63 [HELLO_TX] bat=100% nbr=14"
0046,SENSOR,1,UNIFIED,"t=71 [HELLO_TX] bat=100% nbr=14"
0046,SENSOR,1,UNIFIED,"t=76 [HELLO_TX] bat=100% nbr=14"
0046,SENSOR,1,UNIFIED,"t=82 [HELLO_TX] bat=100% nbr=14"
0046,SENSOR,1,UNIFIED,"t=87 [HELLO_TX] bat=100% nbr=14"
0046,SENSOR,1,UNIFIED,"t=92 [HELLO_TX] bat=100% nbr=14"
0046,SENSOR,1,UNIFIED,"t=96 [HELLO_TX] bat=100% nbr=14"
0046,SENSOR,1,UNIFIED,"t=106 [HELLO_TX] bat=100% nbr=14"
0046,SENSOR,1,UNIFIED,"t=113 [HELLO_TX] bat=100% nbr=14"
0046,SENSOR,1,UNIFIED,"t=123 [HELLO_TX] bat=100% nbr=14"
0046,SENSOR,1,UNIFIED,"t=131 [HELLO_TX] bat=100% nbr=14"
0046,SENSOR,1,UNIFIED,"t=137 [HELLO_TX] bat=100% nbr=14"
0046,SENSOR,1,UNIFIED,"t=142 [HELLO_TX] bat=100% nbr=14"
0046,SENSOR,1,UNIFIED,"t=150 [HELLO_TX] bat=100% nbr=14"
0046,SENSOR,1,UNIFIED,"t=159 [HELLO_TX] bat=100% nbr=14"
0046,SENSOR,1,UNIFIED,"t=169 [HELLO_TX] bat=100% nbr=14"
0046,SENSOR,1,UNIFIED,"t=174 [HELLO_TX] bat=100% nbr=14"
0046,SENSOR,1,UNIFIED,"t=182 [HELLO_TX] bat=100% nbr=14"
0046,SENSOR,1,UNIFIED,"t=190 [HELLO_TX] bat=100% nbr=14"
0046,SENSOR,1,UNIFIED,"t=191 [HELLO_RX] NEW 0054 tier=1(UNK) verified=0 rssi=0.2"
0046,SENSOR,1,UNIFIED,"t=200 [HELLO_TX] bat=100% nbr=15"
0046,SENSOR,1,UNIFIED,"t=206 [HELLO_TX] bat=100% nbr=15"
0046,SENSOR,1,UNIFIED,"t=215 [HELLO_TX] bat=100% nbr=15"
0046,SENSOR,1,UNIFIED,"t=225 [HELLO_TX] bat=100% nbr=15"
0046,SENSOR,1,UNIFIED,"t=230 [HELLO_TX] bat=100% nbr=15"
0046,SENSOR,1,UNIFIED,"t=240 [HELLO_TX] bat=100% nbr=15"
0046,SENSOR,1,UNIFIED,"t=248 [HELLO_TX] bat=100% nbr=15"
0047,SENSOR,1,UNIFIED,"t=5 [HELLO_RX] NEW 003F tier=1(UNK) verified=0 rssi=0.2"
0047,SENSOR,1,UNIFIED,"t=6 [HELLO_RX] NEW FF0A tier=3(GWN) verified=0 rssi=20.7"
0047,SENSOR,1,UNIFIED,"t=7 [HELLO_RX] NEW 0036 tier=1(UNK) verified=0 rssi=7.8"
0047,SENSOR,1,UNIFIED,"t=8 [HELLO_RX] NEW FF08 tier=3(GWN) verified=0 rssi=2.4"
0047,SENSOR,1,UNIFIED,"t=9 [HELLO_TX] bat=100% nbr=4"
0047,SENSOR,1,UNIFIED,"t=9 [HELLO_RX] NEW 003E tier=1(UNK) verified=0 rssi=3.5"
0047,SENSOR,1,UNIFIED,"t=10 [HELLO_RX] NEW AA04 tier=2(CH) verified=0 rssi=2.1"
0047,SENSOR,1,UNIFIED,"t=12 [HELLO_RX] NEW 0060 tier=1(UNK) verified=0 rssi=1.5"
0047,SENSOR,1,UNIFIED,"t=14 [HELLO_TX] bat=100% nbr=7"
0047,SENSOR,1,UNIFIED,"t=19 [HELLO_RX] NEW 0028 tier=1(UNK) verified=0 rssi=1.5"
0047,SENSOR,1,UNIFIED,"t=23 [HELLO_TX] bat=100% nbr=8"
0047,SENSOR,1,UNIFIED,"t=27 [HELLO_RX] NEW 0050 tier=1(UNK) verified=0 rssi=0.5"
0047,SENSOR,1,UNIFIED,"t=30 [HELLO_TX] bat=100% nbr=9"
0047,SENSOR,1,UNIFIED,"t=35 [HELLO_TX] bat=100% nbr=9"
0047,SENSOR,1,UNIFIED,"t=35 [HELLO_RX] NEW 002C tier=1(UNK) verified=0 rssi=0.2"
0047,SENSOR,1,UNIFIED,"t=36 [HELLO_RX] NEW 0064 tier=1(UNK) verified=0 rssi=0.5"
0047,SENSOR,1,UNIFIED,"t=42 [HELLO_TX] bat=100% nbr=11"
0047,SENSOR,1,UNIFIED,"t=44 [HELLO_RX] NEW 003B tier=1(UNK) verified=0 rssi=0.6"
0047,SENSOR,1,UNIFIED,"t=51 [HELLO_TX] bat=100% nbr=12"
0047,SENSOR,1,UNIFIED,"t=54 [HELLO_RX] NEW 005A tier=1(UNK) verified=0 rssi=0.4"
0047,SENSOR,1,UNIFIED,"t=60 [HELLO_TX] bat=100% nbr=13"
0047,SENSOR,1,UNIFIED,"t=64 [HELLO_TX] bat=100% nbr=13"
0047,SENSOR,1,UNIFIED,"t=74 [HELLO_TX] bat=100% nbr=13"
0047,SENSOR,1,UNIFIED,"t=84 [HELLO_TX] bat=100% nbr=13"
0047,SENSOR,1,UNIFIED,"t=93 [HELLO_TX] bat=100% nbr=13"
0047,SENSOR,1,UNIFIED,"t=98 [HELLO_TX] bat=100% nbr=13"
0047,SENSOR,1,UNIFIED,"t=106 [HELLO_TX] bat=100% nbr=13"
0047,SENSOR,1,UNIFIED,"t=110 [HELLO_TX] bat=100% nbr=13"
0047,SENSOR,1,UNIFIED,"t=115 [HELLO_TX] bat=100% nbr=13"
0047,SENSOR,1,UNIFIED,"t=123 [HELLO_TX] bat=100% nbr=13"
0047,SENSOR,1,UNIFIED,"t=130 [HELLO_TX] bat=100% nbr=13"
0047,SENSOR,1,UNIFIED,"t=130 [HELLO_RX] NEW 0053 tier=1(UNK) verified=0 rssi=0.4"
0047,SENSOR,1,UNIFIED,"t=140 [HELLO_TX] bat=100% nbr=14"
0047,SENSOR,1,UNIFIED,"t=147 [HELLO_TX] bat=100% nbr=14"
0047,SENSOR,1,UNIFIED,"t=157 [HELLO_TX] bat=100% nbr=14"
0047,SENSOR,1,UNIFIED,"t=166 [HELLO_TX] bat=100% nbr=14"
0047,SENSOR,1,UNIFIED,"t=175 [HELLO_TX] bat=100% nbr=14"
0047,SENSOR,1,UNIFIED,"t=179 [HELLO_TX] bat=100% nbr=14"
0047,SENSOR,1,UNIFIED,"t=186 [HELLO_TX] bat=100% nbr=14"
0047,SENSOR,1,UNIFIED,"t=190 [HELLO_TX] bat=100% nbr=14"
0047,SENSOR,1,UNIFIED,"t=195 [HELLO_TX] bat=100% nbr=14"
0047,SENSOR,1,UNIFIED,"t=200 [HELLO_TX] bat=100% nbr=14"
0047,SENSOR,1,UNIFIED,"t=206 [HELLO_TX] bat=100% nbr=14"
0047,SENSOR,1,UNIFIED,"t=212 [HELLO_TX] bat=100% nbr=14"
0047,SENSOR,1,UNIFIED,"t=220 [HELLO_TX] bat=100% nbr=14"
0047,SENSOR,1,UNIFIED,"t=225 [HELLO_TX] bat=100% nbr=14"
0047,SENSOR,1,UNIFIED,"t=233 [HELLO_TX] bat=100% nbr=14"
0047,SENSOR,1,UNIFIED,"t=237 [HELLO_TX] bat=100% nbr=14"
0047,SENSOR,1,UNIFIED,"t=245 [HELLO_TX] bat=100% nbr=14"
0048,SENSOR,1,UNIFIED,"t=4 [HELLO_RX] NEW AA01 tier=2(CH) verified=0 rssi=0.3"
0048,SENSOR,1,UNIFIED,"t=5 [HELLO_RX] NEW 000A tier=1(UNK) verified=0 rssi=1.6"
0048,SENSOR,1,UNIFIED,"t=6 [HELLO_RX] NEW 0040 tier=1(UNK) verified=0 rssi=2.1"
0048,SENSOR,1,UNIFIED,"t=7 [HELLO_TX] bat=100% nbr=3"
0048,SENSOR,1,UNIFIED,"t=7 [HELLO_RX] NEW FF07 tier=3(GWN) verified=0 rssi=1.6"
0048,SENSOR,1,UNIFIED,"t=8 [HELLO_RX] NEW 0051 tier=1(UNK) verified=0 rssi=1.1"
0048,SENSOR,1,UNIFIED,"t=9 [HELLO_RX] NEW AA02 tier=2(CH) verified=0 rssi=2.1"
0048,SENSOR,1,UNIFIED,"t=10 [HELLO_RX] NEW FF04 tier=3(GWN) verified=0 rssi=1.2"
0048,SENSOR,1,UNIFIED,"t=11 [HELLO_RX] NEW 0042 tier=1(UNK) verified=0 rssi=0.9"
0048,SENSOR,1,UNIFIED,"t=17 [HELLO_TX] bat=100% nbr=8"
0048,SENSOR,1,UNIFIED,"t=18 [HELLO_RX] NEW FF05 tier=3(GWN) verified=0 rssi=1.7"
0048,SENSOR,1,UNIFIED,"t=21 [HELLO_TX] bat=100% nbr=9"
0048,SENSOR,1,UNIFIED,"t=21 [HELLO_RX] NEW FF09 tier=3(GWN) verified=0 rssi=0.6"
0048,SENSOR,1,UNIFIED,"t=28 [HELLO_RX] NEW FF06 tier=3(GWN) verified=0 rssi=0.2"
0048,SENSOR,1,UNIFIED,"t=29 [HELLO_TX] bat=100% nbr=11"
0048,SENSOR,1,UNIFIED,"t=30 [HELLO_RX] NEW 0006 tier=1(UNK) verified=0 rssi=0.5"
0048,SENSOR,1,UNIFIED,"t=34 [HELLO_TX] bat=100% nbr=12"
0048,SENSOR,1,UNIFIED,"t=34 [HELLO_RX] NEW 0026 tier=1(UNK) verified=0 rssi=0.4"
0048,SENSOR,1,UNIFIED,"t=37 [HELLO_RX] NEW AA06 tier=2(CH) verified=0 rssi=0.2"
0048,SENSOR,1,UNIFIED,"t=39 [HELLO_TX] bat=100% nbr=14"
0048,SENSOR,1,UNIFIED,"t=44 [HELLO_TX] bat=100% nbr=14"
0048,SENSOR,1,UNIFIED,"t=51 [HELLO_RX] NEW AA09 tier=2(CH) verified=0 rssi=0.3"
0048,SENSOR,1,UNIFIED,"t=52 [HELLO_TX] bat=100% nbr=15"
0048,SENSOR,1,UNIFIED,"t=59 [HELLO_TX] bat=100% nbr=15"
0048,SENSOR,1,UNIFIED,"t=65 [HELLO_RX] NEW 004E tier=1(UNK) verified=0 rssi=0.3"
0048,SENSOR,1,UNIFIED,"t=66 [HELLO_TX] bat=100% nbr=16"
0048,SENSOR,1,UNIFIED,"t=69 [HELLO_RX] NEW 0037 tier=1(UNK) verified=0 rssi=0.2"
0048,SENSOR,1,UNIFIED,"t=75 [HELLO_TX] bat=100% nbr=17"
0048,SENSOR,1,UNIFIED,"t=82 [HELLO_TX] bat=100% nbr=17"
0048,SENSOR,1,UNIFIED,"t=87 [HELLO_TX] bat=100% nbr=17"
0048,SENSOR,1,UNIFIED,"t=92 [HELLO_TX] bat=100% nbr=17"
0048,SENSOR,1,UNIFIED,"t=101 [HELLO_TX] bat=100% nbr=17"
0048,SENSOR,1,UNIFIED,"t=106 [HELLO_TX] bat=100% nbr=17"
0048,SENSOR,1,UNIFIED,"t=114 [HELLO_TX] bat=100% nbr=17"
0048,SENSOR,1,UNIFIED,"t=114 [HELLO_RX] NEW 004B tier=1(UNK) verified=0 rssi=0.4"
0048,SENSOR,1,UNIFIED,"t=118 [HELLO_TX] bat=100% nbr=18"
0048,SENSOR,1,UNIFIED,"t=122 [HELLO_TX] bat=100% nbr=18"
0048,SENSOR,1,UNIFIED,"t=131 [HELLO_TX] bat=100% nbr=18"
0048,SENSOR,1,UNIFIED,"t=137 [HELLO_RX] NEW 000D tier=1(UNK) verified=0 rssi=0.2"
0048,SENSOR,1,UNIFIED,"t=140 [HELLO_TX] bat=100% nbr=19"
0048,SENSOR,1,UNIFIED,"t=149 [HELLO_TX] bat=100% nbr=19"
0048,SENSOR,1,UNIFIED,"t=157 [HELLO_TX] bat=100% nbr=19"
0048,SENSOR,1,UNIFIED,"t=166 [HELLO_TX] bat=100% nbr=19"
0048,SENSOR,1,UNIFIED,"t=174 [HELLO_TX] bat=100% nbr=19"
0048,SENSOR,1,UNIFIED,"t=177 [HELLO_RX] NEW 0044 tier=1(UNK) verified=0 rssi=0.3"
0048,SENSOR,1,UNIFIED,"t=184 [HELLO_TX] bat=100% nbr=20"
0048,SENSOR,1,UNIFIED,"t=190 [HELLO_TX] bat=100% nbr=20"
0048,SENSOR,1,UNIFIED,"t=200 [HELLO_TX] bat=100% nbr=20"
0048,SENSOR,1,UNIFIED,"t=207 [HELLO_TX] bat=100% nbr=20"
0048,SENSOR,1,UNIFIED,"t=214 [HELLO_TX] bat=100% nbr=20"
0048,SENSOR,1,UNIFIED,"t=220 [HELLO_TX] bat=100% nbr=20"
0048,SENSOR,1,UNIFIED,"t=226 [HELLO_TX] bat=100% nbr=20"
0048,SENSOR,1,UNIFIED,"t=231 [HELLO_TX] bat=100% nbr=20"
0048,SENSOR,1,UNIFIED,"t=239 [HELLO_TX] bat=100% nbr=20"
0048,SENSOR,1,UNIFIED,"t=246 [HELLO_TX] bat=100% nbr=20"
0049,SENSOR,1,UNIFIED,"t=5 [HELLO_RX] NEW 0033 tier=1(UNK) verified=0 rssi=14.9"
0049,SENSOR,1,UNIFIED,"t=6 [HELLO_TX] bat=100% nbr=1"
0049,SENSOR,1,UNIFIED,"t=6 [HELLO_RX] NEW 0018 tier=1(UNK) verified=0 rssi=1.5"
0049,SENSOR,1,UNIFIED,"t=7 [HELLO_RX] NEW 0031 tier=1(UNK) verified=0 rssi=3.0"
0049,SENSOR,1,UNIFIED,"t=8 [HELLO_RX] NEW 0052 tier=1(UNK) verified=0 rssi=0.3"
0049,SENSOR,1,UNIFIED,"t=9 [HELLO_RX] NEW 0058 tier=1(UNK) verified=0 rssi=1.3"
0049,SENSOR,1,UNIFIED,"t=10 [HELLO_RX] NEW 0059 tier=1(UNK) verified=0 rssi=2.4"
0049,SENSOR,1,UNIFIED,"t=13 [HELLO_TX] bat=100% nbr=6"
0049,SENSOR,1,UNIFIED,"t=19 [HELLO_TX] bat=100% nbr=6"
0049,SENSOR,1,UNIFIED,"t=19 [HELLO_RX] NEW AA06 tier=2(CH) verified=0 rssi=0.4"
0049,SENSOR,1,UNIFIED,"t=21 [HELLO_RX] NEW 0017 tier=1(UNK) verified=0 rssi=0.2"
0049,SENSOR,1,UNIFIED,"t=23 [HELLO_TX] bat=100% nbr=8"
0049,SENSOR,1,UNIFIED,"t=23 [HELLO_RX] NEW 0003 tier=1(UNK) verified=0 rssi=1.1"
0049,SENSOR,1,UNIFIED,"t=25 [HELLO_RX] NEW AA0A tier=2(CH) verified=0 rssi=0.2"
0049,SENSOR,1,UNIFIED,"t=28 [HELLO_TX] bat=100% nbr=10"
0049,SENSOR,1,UNIFIED,"t=28 [HELLO_RX] NEW 0014 tier=1(UNK) verified=0 rssi=1.0"
0049,SENSOR,1,UNIFIED,"t=31 [HELLO_RX] NEW 002F tier=1(UNK) verified=0 rssi=0.2"
0049,SENSOR,1,UNIFIED,"t=36 [HELLO_RX] NEW 0007 tier=1(UNK) verified=0 rssi=0.2"
0049,SENSOR,1,UNIFIED,"t=38 [HELLO_TX] bat=100% nbr=13"
0049,SENSOR,1,UNIFIED,"t=46 [HELLO_RX] NEW 0043 tier=1(UNK) verified=0 rssi=0.6"
0049,SENSOR,1,UNIFIED,"t=47 [HELLO_TX] bat=100% nbr=14"
0049,SENSOR,1,UNIFIED,"t=54 [HELLO_TX] bat=100% nbr=14"
0049,SENSOR,1,UNIFIED,"t=59 [HELLO_TX] bat=100% nbr=14"
0049,SENSOR,1,UNIFIED,"t=64 [HELLO_TX] bat=100% nbr=14"
0049,SENSOR,1,UNIFIED,"t=69 [HELLO_TX] bat=100% nbr=14"
0049,SENSOR,1,UNIFIED,"t=73 [HELLO_TX] bat=100% nbr=14"
0049,SENSOR,1,UNIFIED,"t=79 [HELLO_TX] bat=100% nbr=14"
0049,SENSOR,1,UNIFIED,"t=88 [HELLO_TX] bat=100% nbr=14"
0049,SENSOR,1,UNIFIED,"t=96 [HELLO_TX] bat=100% nbr=14"
0049,SENSOR,1,UNIFIED,"t=104 [HELLO_TX] bat=100% nbr=14"
0049,SENSOR,1,UNIFIED,"t=108 [HELLO_TX] bat=100% nbr=14"
0049,SENSOR,1,UNIFIED,"t=114 [HELLO_TX] bat=100% nbr=14"
0049,SENSOR,1,UNIFIED,"t=123 [HELLO_TX] bat=100% nbr=14"
0049,SENSOR,1,UNIFIED,"t=123 [HELLO_RX] NEW 001E tier=1(UNK) verified=0 rssi=0.2"
0049,SENSOR,1,UNIFIED,"t=131 [HELLO_TX] bat=100% nbr=15"
0049,SENSOR,1,UNIFIED,"t=141 [HELLO_TX] bat=100% nbr=15"
0049,SENSOR,1,UNIFIED,"t=148 [HELLO_TX] bat=100% nbr=15"
0049,SENSOR,1,UNIFIED,"t=156 [HELLO_TX] bat=100% nbr=15"
0049,SENSOR,1,UNIFIED,"t=166 [HELLO_TX] bat=100% nbr=15"
0049,SENSOR,1,UNIFIED,"t=172 [HELLO_TX] bat=100% nbr=15"
0049,SENSOR,1,UNIFIED,"t=177 [HELLO_TX] bat=100% nbr=15"
0049,SENSOR,1,UNIFIED,"t=185 [HELLO_TX] bat=100% nbr=15"
0049,SENSOR,1,UNIFIED,"t=187 [HELLO_RX] NEW 0008 tier=1(UNK) verified=0 rssi=0.2"
0049,SENSOR,1,UNIFIED,"t=188 [HELLO_RX] NEW FF0B tier=3(GWN) verified=1 rssi=0.1"
0049,SENSOR,1,UNIFIED,"t=192 [HELLO_TX] bat=100% nbr=17"
0049,SENSOR,1,UNIFIED,"t=202 [HELLO_TX] bat=100% nbr=17"
0049,SENSOR,1,UNIFIED,"t=209 [HELLO_TX] bat=100% nbr=17"
0049,SENSOR,1,UNIFIED,"t=214 [HELLO_TX] bat=100% nbr=17"
0049,SENSOR,1,UNIFIED,"t=219 [HELLO_TX] bat=100% nbr=17"
0049,SENSOR,1,UNIFIED,"t=224 [HELLO_TX] bat=100% nbr=17"
0049,SENSOR,1,UNIFIED,"t=232 [HELLO_TX] bat=100% nbr=17"
0049,SENSOR,1,UNIFIED,"t=237 [HELLO_TX] bat=100% nbr=17"
0049,SENSOR,1,UNIFIED,"t=243 [HELLO_TX] bat=100% nbr=17"
0049,SENSOR,1,UNIFIED,"t=248 [HELLO_TX] bat=100% nbr=17"
004A,SENSOR,1,UNIFIED,"t=4 [HELLO_RX] NEW 0008 tier=1(UNK) verified=0 rssi=0.3"
004A,SENSOR,1,UNIFIED,"t=5 [HELLO_TX] bat=100% nbr=1"
004A,SENSOR,1,UNIFIED,"t=5 [HELLO_RX] NEW 0032 tier=1(UNK) verified=0 rssi=13.4"
004A,SENSOR,1,UNIFIED,"t=6 [HELLO_RX] NEW 0062 tier=1(UNK) verified=0 rssi=0.2"
004A,SENSOR,1,UNIFIED,"t=8 [HELLO_RX] NEW 000B tier=1(UNK) verified=0 rssi=2.4"
004A,SENSOR,1,UNIFIED,"t=10 [HELLO_TX] bat=100% nbr=4"
004A,SENSOR,1,UNIFIED,"t=10 [HELLO_RX] NEW AA08 tier=2(CH) verified=0 rssi=1.6"
004A,SENSOR,1,UNIFIED,"t=12 [HELLO_RX] NEW FF0C tier=3(GWN) verified=0 rssi=0.6"
004A,SENSOR,1,UNIFIED,"t=14 [HELLO_RX] NEW 001B tier=1(UNK) verified=0 rssi=5.0"
004A,SENSOR,1,UNIFIED,"t=16 [HELLO_RX] NEW 005F tier=1(UNK) verified=0 rssi=1.8"
004A,SENSOR,1,UNIFIED,"t=20 [HELLO_TX] bat=100% nbr=8"
004A,SENSOR,1,UNIFIED,"t=21 [HELLO_RX] NEW 004D tier=1(UNK) verified=0 rssi=0.2"
004A,SENSOR,1,UNIFIED,"t=27 [HELLO_TX] bat=100% nbr=9"
004A,SENSOR,1,UNIFIED,"t=35 [HELLO_TX] bat=100% nbr=9"
004A,SENSOR,1,UNIFIED,"t=36 [HELLO_RX] NEW 0007 tier=1(UNK) verified=0 rssi=0.3"
004A,SENSOR,1,UNIFIED,"t=38 [HELLO_RX] NEW 0027 tier=1(UNK) verified=0 rssi=0.2"
004A,SENSOR,1,UNIFIED,"t=43 [HELLO_TX] bat=100% nbr=11"
004A,SENSOR,1,UNIFIED,"t=46 [HELLO_RX] NEW 0022 tier=1(UNK) verified=0 rssi=0.4"
004A,SENSOR,1,UNIFIED,"t=48 [HELLO_TX] bat=100% nbr=12"
004A,SENSOR,1,UNIFIED,"t=55 [HELLO_TX] bat=100% nbr=12"
004A,SENSOR,1,UNIFIED,"t=65 [HELLO_TX] bat=100% nbr=12"
004A,SENSOR,1,UNIFIED,"t=75 [HELLO_TX] bat=100% nbr=12"
004A,SENSOR,1,UNIFIED,"t=80 [HELLO_TX] bat=100% nbr=12"
004A,SENSOR,1,UNIFIED,"t=82 [HELLO_RX] NEW FF07 tier=3(GWN) verified=1 rssi=0.1"
004A,SENSOR,1,UNIFIED,"t=89 [HELLO_TX] bat=100% nbr=13"
004A,SENSOR,1,UNIFIED,"t=98 [HELLO_TX] bat=100% nbr=13"
004A,SENSOR,1,UNIFIED,"t=103 [HELLO_TX] bat=100% nbr=13"
004A,SENSOR,1,UNIFIED,"t=111 [HELLO_TX] bat=100% nbr=13"
004A,SENSOR,1,UNIFIED,"t=115 [HELLO_TX] bat=100% nbr=13"
004A,SENSOR,1,UNIFIED,"t=117 [HELLO_RX] NEW 0001 tier=1(UNK) verified=0 rssi=0.2"
004A,SENSOR,1,UNIFIED,"t=121 [HELLO_TX] bat=100% nbr=14"
004A,SENSOR,1,UNIFIED,"t=124 [HELLO_RX] NEW 004E tier=1(UNK) verified=0 rssi=0.2"
004A,SENSOR,1,UNIFIED,"t=131 [HELLO_TX] bat=100% nbr=15"
004A,SENSOR,1,UNIFIED,"t=135 [HELLO_TX] bat=100% nbr=15"
004A,SENSOR,1,UNIFIED,"t=144 [HELLO_TX] bat=100% nbr=15"
004A,SENSOR,1,UNIFIED,"t=151 [HELLO_TX] bat=100% nbr=15"
004A,SENSOR,1,UNIFIED,"t=158 [HELLO_TX] bat=100% nbr=15"
004A,SENSOR,1,UNIFIED,"t=162 [HELLO_TX] bat=100% nbr=15"
004A,SENSOR,1,UNIFIED,"t=166 [HELLO_TX] bat=100% nbr=15"
004A,SENSOR,1,UNIFIED,"t=172 [HELLO_TX] bat=100% nbr=15"
004A,SENSOR,1,UNIFIED,"t=177 [HELLO_TX] bat=100% nbr=15"
004A,SENSOR,1,UNIFIED,"t=182 [HELLO_TX] bat=100% nbr=15"
004A,SENSOR,1,UNIFIED,"t=187 [HELLO_TX] bat=100% nbr=15"
004A,SENSOR,1,UNIFIED,"t=194 [HELLO_TX] bat=100% nbr=15"
004A,SENSOR,1,UNIFIED,"t=198 [HELLO_TX] bat=100% nbr=15"
004A,SENSOR,1,UNIFIED,"t=202 [HELLO_TX] bat=100% nbr=15"
004A,SENSOR,1,UNIFIED,"t=207 [HELLO_TX] bat=100% nbr=15"
004A,SENSOR,1,UNIFIED,"t=211 [HELLO_TX] bat=100% nbr=15"
004A,SENSOR,1,UNIFIED,"t=220 [HELLO_TX] bat=100% nbr=15"
004A,SENSOR,1,UNIFIED,"t=229 [HELLO_TX] bat=100% nbr=15"
004A,SENSOR,1,UNIFIED,"t=237 [HELLO_TX] bat=100% nbr=15"
004A,SENSOR,1,UNIFIED,"t=247 [HELLO_TX] bat=100% nbr=15"
004B,SENSOR,1,UNIFIED,"t=4 [HELLO_RX] NEW 0001 tier=1(UNK) verified=0 rssi=0.5"
004B,SENSOR,1,UNIFIED,"t=5 [HELLO_TX] bat=100% nbr=1"
004B,SENSOR,1,UNIFIED,"t=7 [HELLO_RX] NEW FF09 tier=3(GWN) verified=0 rssi=0.2"
004B,SENSOR,1,UNIFIED,"t=8 [HELLO_RX] NEW 004E tier=1(UNK) verified=0 rssi=63.1"
004B,SENSOR,1,UNIFIED,"t=9 [HELLO_RX] NEW AA02 tier=2(CH) verified=0 rssi=1.6"
004B,SENSOR,1,UNIFIED,"t=10 [HELLO_RX] NEW AA08 tier=2(CH) verified=0 rssi=1.4"
004B,SENSOR,1,UNIFIED,"t=11 [HELLO_TX] bat=100% nbr=5"
004B,SENSOR,1,UNIFIED,"t=11 [HELLO_RX] NEW 0042 tier=1(UNK) verified=0 rssi=0.3"
004B,SENSOR,1,UNIFIED,"t=12 [HELLO_RX] NEW FF0C tier=3(GWN) verified=0 rssi=0.1"
004B,SENSOR,1,UNIFIED,"t=14 [HELLO_RX] NEW FF05 tier=3(GWN) verified=0 rssi=0.3"
004B,SENSOR,1,UNIFIED,"t=15 [HELLO_RX] NEW FF07 tier=3(GWN) verified=0 rssi=0.4"
004B,SENSOR,1,UNIFIED,"t=17 [HELLO_RX] NEW 000D tier=1(UNK) verified=0 rssi=0.2"
004B,SENSOR,1,UNIFIED,"t=20 [HELLO_TX] bat=100% nbr=10"
004B,SENSOR,1,UNIFIED,"t=23 [HELLO_RX] NEW AA06 tier=2(CH) verified=0 rssi=0.3"
004B,SENSOR,1,UNIFIED,"t=27 [HELLO_TX] bat=100% nbr=11"
004B,SENSOR,1,UNIFIED,"t=29 [HELLO_RX] NEW 0048 tier=1(UNK) verified=0 rssi=0.4"
004B,SENSOR,1,UNIFIED,"t=36 [HELLO_TX] bat=100% nbr=12"
004B,SENSOR,1,UNIFIED,"t=41 [HELLO_TX] bat=100% nbr=12"
004B,SENSOR,1,UNIFIED,"t=43 [HELLO_RX] NEW AA09 tier=2(CH) verified=0 rssi=0.2"
004B,SENSOR,1,UNIFIED,"t=45 [HELLO_RX] NEW 0040 tier=1(UNK) verified=0 rssi=0.2"
004B,SENSOR,1,UNIFIED,"t=47 [HELLO_RX] NEW FF04 tier=3(GWN) verified=0 rssi=0.3"
004B,SENSOR,1,UNIFIED,"t=48 [HELLO_RX] NEW 0032 tier=1(UNK) verified=0 rssi=0.2"
004B,SENSOR,1,UNIFIED,"t=49 [HELLO_TX] bat=100% nbr=16"
004B,SENSOR,1,UNIFIED,"t=54 [HELLO_TX] bat=100% nbr=16"
004B,SENSOR,1,UNIFIED,"t=55 [HELLO_RX] NEW 004A tier=1(UNK) verified=0 rssi=0.2"
004B,SENSOR,1,UNIFIED,"t=61 [HELLO_RX] NEW 0021 tier=1(UNK) verified=0 rssi=0.2"
004B,SENSOR,1,UNIFIED,"t=62 [HELLO_TX] bat=100% nbr=18"
004B,SENSOR,1,UNIFIED,"t=69 [HELLO_RX] NEW 005F tier=1(UNK) verified=0 rssi=0.3"
004B,SENSOR,1,UNIFIED,"t=70 [HELLO_TX] bat=100% nbr=19"
004B,SENSOR,1,UNIFIED,"t=75 [HELLO_TX] bat=100% nbr=19"
004B,SENSOR,1,UNIFIED,"t=81 [HELLO_TX] bat=100% nbr=19"
004B,SENSOR,1,UNIFIED,"t=91 [HELLO_TX] bat=100% nbr=19"
004B,SENSOR,1,UNIFIED,"t=100 [HELLO_TX] bat=100% nbr=19"
004B,SENSOR,1,UNIFIED,"t=104 [HELLO_TX] bat=100% nbr=19"
004B,SENSOR,1,UNIFIED,"t=109 [HELLO_RX] NEW 001E tier=1(UNK) verified=0 rssi=0.2"
004B,SENSOR,1,UNIFIED,"t=114 [HELLO_TX] bat=100% nbr=20"
004B,SENSOR,1,UNIFIED,"t=122 [HELLO_TX] bat=100% nbr=20"
004B,SENSOR,1,UNIFIED,"t=132 [HELLO_TX] bat=100% nbr=20"
004B,SENSOR,1,UNIFIED,"t=136 [HELLO_TX] bat=100% nbr=20"
004B,SENSOR,1,UNIFIED,"t=145 [HELLO_TX] bat=100% nbr=20"
004B,SENSOR,1,UNIFIED,"t=155 [HELLO_TX] bat=100% nbr=20"
004B,SENSOR,1,UNIFIED,"t=165 [HELLO_TX] bat=100% nbr=20"
004B,SENSOR,1,UNIFIED,"t=172 [HELLO_TX] bat=100% nbr=20"
004B,SENSOR,1,UNIFIED,"t=176 [HELLO_TX] bat=100% nbr=20"
004B,SENSOR,1,UNIFIED,"t=184 [HELLO_TX] bat=100% nbr=20"
004B,SENSOR,1,UNIFIED,"t=188 [HELLO_TX] bat=100% nbr=20"
004B,SENSOR,1,UNIFIED,"t=194 [HELLO_TX] bat=100% nbr=20"
004B,SENSOR,1,UNIFIED,"t=203 [HELLO_TX] bat=100% nbr=20"
004B,SENSOR,1,UNIFIED,"t=208 [HELLO_TX] bat=100% nbr=20"
004B,SENSOR,1,UNIFIED,"t=218 [HELLO_TX] bat=100% nbr=20"
004B,SENSOR,1,UNIFIED,"t=219 [HELLO_RX] NEW 0051 tier=1(UNK) verified=0 rssi=0.2"
004B,SENSOR,1,UNIFIED,"t=226 [HELLO_TX] bat=100% nbr=21"
004B,SENSOR,1,UNIFIED,"t=234 [HELLO_TX] bat=100% nbr=21"
004B,SENSOR,1,UNIFIED,"t=240 [HELLO_TX] bat=100% nbr=21"
004B,SENSOR,1,UNIFIED,"t=249 [HELLO_TX] bat=100% nbr=21"
004C,SENSOR,1,UNIFIED,"t=4 [HELLO_RX] NEW FF0B tier=3(GWN) verified=0 rssi=0.3"
004C,SENSOR,1,UNIFIED,"t=5 [HELLO_RX] NEW FF01 tier=3(GWN) verified=0 rssi=13.5"
004C,SENSOR,1,UNIFIED,"t=6 [HELLO_RX] NEW 0025 tier=1(UNK) verified=0 rssi=0.3"
004C,SENSOR,1,UNIFIED,"t=7 [HELLO_RX] NEW 0024 tier=1(UNK) verified=0 rssi=0.7"
004C,SENSOR,1,UNIFIED,"t=8 [HELLO_RX] NEW AA03 tier=2(CH) verified=0 rssi=0.5"
004C,SENSOR,1,UNIFIED,"t=10 [HELLO_TX] bat=100% nbr=5"
004C,SENSOR,1,UNIFIED,"t=12 [HELLO_RX] NEW 0016 tier=1(UNK) verified=0 rssi=0.4"
004C,SENSOR,1,UNIFIED,"t=13 [HELLO_RX] NEW AA05 tier=2(CH) verified=0 rssi=1.0"
004C,SENSOR,1,UNIFIED,"t=18 [HELLO_TX] bat=100% nbr=7"
004C,SENSOR,1,UNIFIED,"t=26 [HELLO_TX] bat=100% nbr=7"
004C,SENSOR,1,UNIFIED,"t=31 [HELLO_TX] bat=100% nbr=7"
004C,SENSOR,1,UNIFIED,"t=36 [HELLO_TX] bat=100% nbr=7"
004C,SENSOR,1,UNIFIED,"t=37 [HELLO_RX] NEW 000E tier=1(UNK) verified=0 rssi=0.3"
004C,SENSOR,1,UNIFIED,"t=44 [HELLO_TX] bat=100% nbr=8"
004C,SENSOR,1,UNIFIED,"t=49 [HELLO_TX] bat=100% nbr=8"
004C,SENSOR,1,UNIFIED,"t=58 [HELLO_TX] bat=100% nbr=8"
004C,SENSOR,1,UNIFIED,"t=67 [HELLO_TX] bat=100% nbr=8"
004C,SENSOR,1,UNIFIED,"t=77 [HELLO_TX] bat=100% nbr=8"
004C,SENSOR,1,UNIFIED,"t=82 [HELLO_TX] bat=100% nbr=8"
004C,SENSOR,1,UNIFIED,"t=89 [HELLO_TX] bat=100% nbr=8"
004C,SENSOR,1,UNIFIED,"t=93 [HELLO_TX] bat=100% nbr=8"
004C,SENSOR,1,UNIFIED,"t=99 [HELLO_TX] bat=100% nbr=8"
004C,SENSOR,1,UNIFIED,"t=104 [HELLO_TX] bat=100% nbr=8"
004C,SENSOR,1,UNIFIED,"t=114 [HELLO_TX] bat=100% nbr=8"
004C,SENSOR,1,UNIFIED,"t=122 [HELLO_TX] bat=100% nbr=8"
004C,SENSOR,1,UNIFIED,"t=132 [HELLO_TX] bat=100% nbr=8"
004C,SENSOR,1,UNIFIED,"t=136 [HELLO_TX] bat=100% nbr=8"
004C,SENSOR,1,UNIFIED,"t=140 [HELLO_TX] bat=100% nbr=8"
004C,SENSOR,1,UNIFIED,"t=145 [HELLO_TX] bat=100% nbr=8"
004C,SENSOR,1,UNIFIED,"t=151 [HELLO_TX] bat=100% nbr=8"
004C,SENSOR,1,UNIFIED,"t=161 [HELLO_TX] bat=100% nbr=8"
004C,SENSOR,1,UNIFIED,"t=171 [HELLO_TX] bat=100% nbr=8"
004C,SENSOR,1,UNIFIED,"t=173 [HELLO_RX] NEW 005E tier=1(UNK) verified=0 rssi=0.2"
004C,SENSOR,1,UNIFIED,"t=177 [HELLO_TX] bat=100% nbr=9"
004C,SENSOR,1,UNIFIED,"t=185 [HELLO_TX] bat=100% nbr=9"
004C,SENSOR,1,UNIFIED,"t=194 [HELLO_TX] bat=100% nbr=9"
004C,SENSOR,1,UNIFIED,"t=204 [HELLO_TX] bat=100% nbr=9"
004C,SENSOR,1,UNIFIED,"t=212 [HELLO_TX] bat=100% nbr=9"
004C,SENSOR,1,UNIFIED,"t=219 [HELLO_TX] bat=100% nbr=9"
004C,SENSOR,1,UNIFIED,"t=223 [HELLO_TX] bat=100% nbr=9"
004C,SENSOR,1,UNIFIED,"t=232 [HELLO_TX] bat=100% nbr=9"
004C,SENSOR,1,UNIFIED,"t=241 [HELLO_TX] bat=100% nbr=9"
004C,SENSOR,1,UNIFIED,"t=248 [HELLO_TX] bat=100% nbr=9"
004D,SENSOR,1,UNIFIED,"t=5 [HELLO_RX] NEW 001B tier=1(UNK) verified=0 rssi=0.4"
004D,SENSOR,1,UNIFIED,"t=6 [HELLO_RX] NEW 0062 tier=1(UNK) verified=0 rssi=0.9"
004D,SENSOR,1,UNIFIED,"t=7 [HELLO_RX] NEW FF0C tier=3(GWN) verified=0 rssi=0.9"
004D,SENSOR,1,UNIFIED,"t=9 [HELLO_TX] bat=100% nbr=3"
004D,SENSOR,1,UNIFIED,"t=9 [HELLO_RX] NEW 0008 tier=1(UNK) verified=0 rssi=0.2"
004D,SENSOR,1,UNIFIED,"t=10 [HELLO_RX] NEW 0038 tier=1(UNK) verified=0 rssi=1.8"
004D,SENSOR,1,UNIFIED,"t=15 [HELLO_RX] NEW 0022 tier=1(UNK) verified=0 rssi=0.7"
004D,SENSOR,1,UNIFIED,"t=16 [HELLO_TX] bat=100% nbr=6"
004D,SENSOR,1,UNIFIED,"t=16 [HELLO_RX] NEW 005F tier=1(UNK) verified=0 rssi=0.2"
004D,SENSOR,1,UNIFIED,"t=17 [HELLO_RX] NEW 0027 tier=1(UNK) verified=0 rssi=0.9"
004D,SENSOR,1,UNIFIED,"t=19 [HELLO_RX] NEW 000B tier=1(UNK) verified=0 rssi=0.4"
004D,SENSOR,1,UNIFIED,"t=21 [HELLO_TX] bat=100% nbr=9"
004D,SENSOR,1,UNIFIED,"t=21 [HELLO_RX] NEW 0011 tier=1(UNK) verified=0 rssi=0.3"
004D,SENSOR,1,UNIFIED,"t=28 [HELLO_TX] bat=100% nbr=10"
004D,SENSOR,1,UNIFIED,"t=31 [HELLO_RX] NEW 0032 tier=1(UNK) verified=0 rssi=0.2"
004D,SENSOR,1,UNIFIED,"t=35 [HELLO_TX] bat=100% nbr=11"
004D,SENSOR,1,UNIFIED,"t=35 [HELLO_RX] NEW 004A tier=1(UNK) verified=0 rssi=0.2"
004D,SENSOR,1,UNIFIED,"t=36 [HELLO_RX] NEW 001C tier=1(UNK) verified=0 rssi=0.4"
004D,SENSOR,1,UNIFIED,"t=43 [HELLO_TX] bat=100% nbr=13"
004D,SENSOR,1,UNIFIED,"t=49 [HELLO_TX] bat=100% nbr=13"
004D,SENSOR,1,UNIFIED,"t=56 [HELLO_TX] bat=100% nbr=13"
004D,SENSOR,1,UNIFIED,"t=61 [HELLO_TX] bat=100% nbr=13"
004D,SENSOR,1,UNIFIED,"t=66 [HELLO_TX] bat=100% nbr=13"
004D,SENSOR,1,UNIFIED,"t=68 [HELLO_RX] NEW 0007 tier=1(UNK) verified=0 rssi=0.3"
004D,SENSOR,1,UNIFIED,"t=72 [HELLO_TX] bat=100% nbr=14"
004D,SENSOR,1,UNIFIED,"t=78 [HELLO_TX] bat=100% nbr=14"
004D,SENSOR,1,UNIFIED,"t=84 [HELLO_RX] NEW 0039 tier=1(UNK) verified=0 rssi=0.2"
004D,SENSOR,1,UNIFIED,"t=87 [HELLO_TX] bat=100% nbr=15"
004D,SENSOR,1,UNIFIED,"t=92 [HELLO_TX] bat=100% nbr=15"
004D,SENSOR,1,UNIFIED,"t=102 [HELLO_TX] bat=100% nbr=15"
004D,SENSOR,1,UNIFIED,"t=111 [HELLO_TX] bat=100% nbr=15"
004D,SENSOR,1,UNIFIED,"t=121 [HELLO_TX] bat=100% nbr=15"
004D,SENSOR,1,UNIFIED,"t=121 [HELLO_RX] NEW 0010 tier=1(UNK) verified=0 rssi=0.3"
004D,SENSOR,1,UNIFIED,"t=131 [HELLO_TX] bat=100% nbr=16"
004D,SENSOR,1,UNIFIED,"t=141 [HELLO_TX] bat=100% nbr=16"
004D,SENSOR,1,UNIFIED,"t=145 [HELLO_TX] bat=100% nbr=16"
004D,SENSOR,1,UNIFIED,"t=150 [HELLO_TX] bat=100% nbr=16"
004D,SENSOR,1,UNIFIED,"t=156 [HELLO_TX] bat=100% nbr=16"
004D,SENSOR,1,UNIFIED,"t=164 [HELLO_TX] bat=100% nbr=16"
004D,SENSOR,1,UNIFIED,"t=174 [HELLO_TX] bat=100% nbr=16"
004D,SENSOR,1,UNIFIED,"t=181 [HELLO_TX] bat=100% nbr=16"
004D,SENSOR,1,UNIFIED,"t=185 [HELLO_TX] bat=100% nbr=16"
004D,SENSOR,1,UNIFIED,"t=194 [HELLO_TX] bat=100% nbr=16"
004D,SENSOR,1,UNIFIED,"t=198 [HELLO_TX] bat=100% nbr=16"
004D,SENSOR,1,UNIFIED,"t=202 [HELLO_TX] bat=100% nbr=16"
004D,SENSOR,1,UNIFIED,"t=209 [HELLO_TX] bat=100% nbr=16"
004D,SENSOR,1,UNIFIED,"t=219 [HELLO_TX] bat=100% nbr=16"
004D,SENSOR,1,UNIFIED,"t=229 [HELLO_TX] bat=100% nbr=16"
004D,SENSOR,1,UNIFIED,"t=237 [HELLO_TX] bat=100% nbr=16"
004D,SENSOR,1,UNIFIED,"t=246 [HELLO_TX] bat=100% nbr=16"
004E,SENSOR,1,UNIFIED,"t=4 [HELLO_RX] NEW FF05 tier=3(GWN) verified=0 rssi=0.3"
004E,SENSOR,1,UNIFIED,"t=5 [HELLO_RX] NEW 004B tier=1(UNK) verified=0 rssi=63.1"
004E,SENSOR,1,UNIFIED,"t=8 [HELLO_TX] bat=100% nbr=2"
004E,SENSOR,1,UNIFIED,"t=8 [HELLO_RX] NEW 005F tier=1(UNK) verified=0 rssi=0.4"
004E,SENSOR,1,UNIFIED,"t=10 [HELLO_RX] NEW AA08 tier=2(CH) verified=0 rssi=2.0"
004E,SENSOR,1,UNIFIED,"t=13 [HELLO_TX] bat=100% nbr=4"
004E,SENSOR,1,UNIFIED,"t=15 [HELLO_RX] NEW FF07 tier=3(GWN) verified=0 rssi=0.4"
004E,SENSOR,1,UNIFIED,"t=16 [HELLO_RX] NEW AA02 tier=2(CH) verified=0 rssi=1.2"
004E,SENSOR,1,UNIFIED,"t=18 [HELLO_TX] bat=100% nbr=6"
004E,SENSOR,1,UNIFIED,"t=19 [HELLO_RX] NEW AA06 tier=2(CH) verified=0 rssi=0.4"
004E,SENSOR,1,UNIFIED,"t=27 [HELLO_TX] bat=100% nbr=7"
004E,SENSOR,1,UNIFIED,"t=31 [HELLO_RX] NEW 0001 tier=1(UNK) verified=0 rssi=0.6"
004E,SENSOR,1,UNIFIED,"t=32 [HELLO_TX] bat=100% nbr=8"
004E,SENSOR,1,UNIFIED,"t=38 [HELLO_TX] bat=100% nbr=8"
004E,SENSOR,1,UNIFIED,"t=44 [HELLO_TX] bat=100% nbr=8"
004E,SENSOR,1,UNIFIED,"t=52 [HELLO_TX] bat=100% nbr=8"
004E,SENSOR,1,UNIFIED,"t=53 [HELLO_RX] NEW FF04 tier=3(GWN) verified=0 rssi=0.2"
004E,SENSOR,1,UNIFIED,"t=55 [HELLO_RX] NEW 004A tier=1(UNK) verified=0 rssi=0.2"
004E,SENSOR,1,UNIFIED,"t=57 [HELLO_TX] bat=100% nbr=10"
004E,SENSOR,1,UNIFIED,"t=58 [HELLO_RX] NEW 0017 tier=1(UNK) verified=0 rssi=0.2"
004E,SENSOR,1,UNIFIED,"t=60 [HELLO_RX] NEW FF06 tier=3(GWN) verified=0 rssi=0.1"
004E,SENSOR,1,UNIFIED,"t=61 [HELLO_RX] NEW 001E tier=1(UNK) verified=0 rssi=0.2"
004E,SENSOR,1,UNIFIED,"t=65 [HELLO_TX] bat=100% nbr=13"
004E,SENSOR,1,UNIFIED,"t=67 [HELLO_RX] NEW 0042 tier=1(UNK) verified=0 rssi=0.2"
004E,SENSOR,1,UNIFIED,"t=70 [HELLO_TX] bat=100% nbr=14"
004E,SENSOR,1,UNIFIED,"t=74 [HELLO_RX] NEW 0021 tier=1(UNK) verified=0 rssi=0.2"
004E,SENSOR,1,UNIFIED,"t=77 [HELLO_RX] NEW AA09 tier=2(CH) verified=0 rssi=0.2"
004E,SENSOR,1,UNIFIED,"t=80 [HELLO_TX] bat=100% nbr=16"
004E,SENSOR,1,UNIFIED,"t=87 [HELLO_TX] bat=100% nbr=16"
004E,SENSOR,1,UNIFIED,"t=97 [HELLO_TX] bat=100% nbr=16"
004E,SENSOR,1,UNIFIED,"t=101 [HELLO_RX] NEW 0048 tier=1(UNK) verified=0 rssi=0.3"
004E,SENSOR,1,UNIFIED,"t=103 [HELLO_TX] bat=100% nbr=17"
004E,SENSOR,1,UNIFIED,"t=107 [HELLO_TX] bat=100% nbr=17"
004E,SENSOR,1,UNIFIED,"t=111 [HELLO_TX] bat=100% nbr=17"
004E,SENSOR,1,UNIFIED,"t=120 [HELLO_TX] bat=100% nbr=17"
004E,SENSOR,1,UNIFIED,"t=124 [HELLO_TX] bat=100% nbr=17"
004E,SENSOR,1,UNIFIED,"t=131 [HELLO_TX] bat=100% nbr=17"
004E,SENSOR,1,UNIFIED,"t=135 [HELLO_TX] bat=100% nbr=17"
004E,SENSOR,1,UNIFIED,"t=139 [HELLO_TX] bat=100% nbr=17"
004E,SENSOR,1,UNIFIED,"t=145 [HELLO_TX] bat=100% nbr=17"
004E,SENSOR,1,UNIFIED,"t=146 [HELLO_RX] NEW 000D tier=1(UNK) verified=0 rssi=0.2"
004E,SENSOR,1,UNIFIED,"t=151 [HELLO_TX] bat=100% nbr=18"
004E,SENSOR,1,UNIFIED,"t=158 [HELLO_TX] bat=100% nbr=18"
004E,SENSOR,1,UNIFIED,"t=163 [HELLO_TX] bat=100% nbr=18"
004E,SENSOR,1,UNIFIED,"t=168 [HELLO_TX] bat=100% nbr=18"
004E,SENSOR,1,UNIFIED,"t=177 [HELLO_TX] bat=100% nbr=18"
004E,SENSOR,1,UNIFIED,"t=187 [HELLO_TX] bat=100% nbr=18"
004E,SENSOR,1,UNIFIED,"t=194 [HELLO_TX] bat=100% nbr=18"
004E,SENSOR,1,UNIFIED,"t=204 [HELLO_TX] bat=100% nbr=18"
004E,SENSOR,1,UNIFIED,"t=206 [HELLO_RX] NEW 002F tier=1(UNK) verified=0 rssi=0.2"
004E,SENSOR,1,UNIFIED,"t=210 [HELLO_TX] bat=100% nbr=19"
004E,SENSOR,1,UNIFIED,"t=216 [HELLO_TX] bat=100% nbr=19"
004E,SENSOR,1,UNIFIED,"t=219 [HELLO_RX] NEW 0032 tier=1(UNK) verified=0 rssi=0.2"
004E,SENSOR,1,UNIFIED,"t=220 [HELLO_TX] bat=100% nbr=20"
004E,SENSOR,1,UNIFIED,"t=228 [HELLO_TX] bat=100% nbr=20"
004E,SENSOR,1,UNIFIED,"t=234 [HELLO_TX] bat=100% nbr=20"
004E,SENSOR,1,UNIFIED,"t=244 [HELLO_TX] bat=100% nbr=20"
004E,SENSOR,1,UNIFIED,"t=249 [HELLO_TX] bat=100% nbr=20"
004F,SENSOR,1,UNIFIED,"t=4 [HELLO_RX] NEW FF0B tier=3(GWN) verified=0 rssi=46.6"
004F,SENSOR,1,UNIFIED,"t=9 [HELLO_TX] bat=100% nbr=1"
004F,SENSOR,1,UNIFIED,"t=9 [HELLO_RX] NEW 001A tier=1(UNK) verified=0 rssi=0.4"
004F,SENSOR,1,UNIFIED,"t=10 [HELLO_RX] NEW 0054 tier=1(UNK) verified=0 rssi=4.1"
004F,SENSOR,1,UNIFIED,"t=12 [HELLO_RX] NEW 005C tier=1(UNK) verified=0 rssi=0.2"
004F,SENSOR,1,UNIFIED,"t=13 [HELLO_RX] NEW 0041 tier=1(UNK) verified=0 rssi=0.4"
004F,SENSOR,1,UNIFIED,"t=16 [HELLO_TX] bat=100% nbr=5"
004F,SENSOR,1,UNIFIED,"t=16 [HELLO_RX] NEW 0023 tier=1(UNK) verified=0 rssi=1.9"
004F,SENSOR,1,UNIFIED,"t=20 [HELLO_TX] bat=100% nbr=6"
004F,SENSOR,1,UNIFIED,"t=24 [HELLO_RX] NEW 000E tier=1(UNK) verified=0 rssi=1.0"
004F,SENSOR,1,UNIFIED,"t=25 [HELLO_RX] NEW AA0A tier=2(CH) verified=0 rssi=0.2"
004F,SENSOR,1,UNIFIED,"t=29 [HELLO_TX] bat=100% nbr=8"
004F,SENSOR,1,UNIFIED,"t=30 [HELLO_RX] NEW 0030 tier=1(UNK) verified=0 rssi=0.2"
004F,SENSOR,1,UNIFIED,"t=32 [HELLO_RX] NEW 0002 tier=1(UNK) verified=0 rssi=0.2"
004F,SENSOR,1,UNIFIED,"t=37 [HELLO_TX] bat=100% nbr=10"
004F,SENSOR,1,UNIFIED,"t=43 [HELLO_TX] bat=100% nbr=10"
004F,SENSOR,1,UNIFIED,"t=50 [HELLO_RX] NEW 0005 tier=1(UNK) verified=0 rssi=0.2"
004F,SENSOR,1,UNIFIED,"t=53 [HELLO_TX] bat=100% nbr=11"
004F,SENSOR,1,UNIFIED,"t=61 [HELLO_TX] bat=100% nbr=11"
004F,SENSOR,1,UNIFIED,"t=67 [HELLO_TX] bat=100% nbr=11"
004F,SENSOR,1,UNIFIED,"t=72 [HELLO_RX] NEW AA05 tier=2(CH) verified=0 rssi=0.2"
004F,SENSOR,1,UNIFIED,"t=75 [HELLO_TX] bat=100% nbr=12"
004F,SENSOR,1,UNIFIED,"t=80 [HELLO_TX] bat=100% nbr=12"
004F,SENSOR,1,UNIFIED,"t=87 [HELLO_TX] bat=100% nbr=12"
004F,SENSOR,1,UNIFIED,"t=95 [HELLO_TX] bat=100% nbr=12"
004F,SENSOR,1,UNIFIED,"t=99 [HELLO_TX] bat=100% nbr=12"
004F,SENSOR,1,UNIFIED,"t=106 [HELLO_TX] bat=100% nbr=12"
004F,SENSOR,1,UNIFIED,"t=107 [HELLO_RX] NEW 0016 tier=1(UNK) verified=0 rssi=0.2"
004F,SENSOR,1,UNIFIED,"t=111 [HELLO_TX] bat=100% nbr=13"
004F,SENSOR,1,UNIFIED,"t=115 [HELLO_RX] NEW FF01 tier=3(GWN) verified=1 rssi=0.3"
004F,SENSOR,1,UNIFIED,"t=120 [HELLO_TX] bat=100% nbr=14"
004F,SENSOR,1,UNIFIED,"t=126 [HELLO_TX] bat=100% nbr=14"
004F,SENSOR,1,UNIFIED,"t=136 [HELLO_TX] bat=100% nbr=14"
004F,SENSOR,1,UNIFIED,"t=141 [HELLO_TX] bat=100% nbr=14"
004F,SENSOR,1,UNIFIED,"t=147 [HELLO_TX] bat=100% nbr=14"
004F,SENSOR,1,UNIFIED,"t=152 [HELLO_TX] bat=100% nbr=14"
004F,SENSOR,1,UNIFIED,"t=160 [HELLO_TX] bat=100% nbr=14"
004F,SENSOR,1,UNIFIED,"t=167 [HELLO_TX] bat=100% nbr=14"
004F,SENSOR,1,UNIFIED,"t=175 [HELLO_TX] bat=100% nbr=14"
004F,SENSOR,1,UNIFIED,"t=179 [HELLO_TX] bat=100% nbr=14"
004F,SENSOR,1,UNIFIED,"t=184 [HELLO_TX] bat=100% nbr=14"
004F,SENSOR,1,UNIFIED,"t=193 [HELLO_TX] bat=100% nbr=14"
004F,SENSOR,1,UNIFIED,"t=199 [HELLO_TX] bat=100% nbr=14"
004F,SENSOR,1,UNIFIED,"t=204 [HELLO_TX] bat=100% nbr=14"
004F,SENSOR,1,UNIFIED,"t=209 [HELLO_TX] bat=100% nbr=14"
004F,SENSOR,1,UNIFIED,"t=213 [HELLO_TX] bat=100% nbr=14"
004F,SENSOR,1,UNIFIED,"t=221 [HELLO_TX] bat=100% nbr=14"
004F,SENSOR,1,UNIFIED,"t=227 [HELLO_TX] bat=100% nbr=14"
004F,SENSOR,1,UNIFIED,"t=235 [HELLO_TX] bat=100% nbr=14"
004F,SENSOR,1,UNIFIED,"t=239 [HELLO_TX] bat=100% nbr=14"
004F,SENSOR,1,UNIFIED,"t=243 [HELLO_TX] bat=100% nbr=14"
0050,SENSOR,1,UNIFIED,"t=5 [HELLO_RX] NEW 003F tier=1(UNK) verified=0 rssi=0.5"
0050,SENSOR,1,UNIFIED,"t=7 [HELLO_RX] NEW 0015 tier=1(UNK) verified=0 rssi=0.9"
0050,SENSOR,1,UNIFIED,"t=8 [HELLO_TX] bat=100% nbr=2"
0050,SENSOR,1,UNIFIED,"t=8 [HELLO_RX] NEW FF08 tier=3(GWN) verified=0 rssi=0.5"
0050,SENSOR,1,UNIFIED,"t=9 [HELLO_RX] NEW FF03 tier=3(GWN) verified=0 rssi=1.6"
0050,SENSOR,1,UNIFIED,"t=10 [HELLO_RX] NEW 003B tier=1(UNK) verified=0 rssi=29.4"
0050,SENSOR,1,UNIFIED,"t=11 [HELLO_RX] NEW 0057 tier=1(UNK) verified=0 rssi=0.3"
0050,SENSOR,1,UNIFIED,"t=12 [HELLO_RX] NEW 0060 tier=1(UNK) verified=0 rssi=0.2"
0050,SENSOR,1,UNIFIED,"t=14 [HELLO_TX] bat=100% nbr=7"
0050,SENSOR,1,UNIFIED,"t=14 [HELLO_RX] NEW AA04 tier=2(CH) verified=0 rssi=17.4"
0050,SENSOR,1,UNIFIED,"t=16 [HELLO_RX] NEW 0036 tier=1(UNK) verified=0 rssi=0.8"
0050,SENSOR,1,UNIFIED,"t=22 [HELLO_RX] NEW FF0A tier=3(GWN) verified=0 rssi=1.1"
0050,SENSOR,1,UNIFIED,"t=23 [HELLO_TX] bat=100% nbr=10"
0050,SENSOR,1,UNIFIED,"t=27 [HELLO_TX] bat=100% nbr=10"
0050,SENSOR,1,UNIFIED,"t=32 [HELLO_RX] NEW 003E tier=1(UNK) verified=0 rssi=0.4"
0050,SENSOR,1,UNIFIED,"t=37 [HELLO_TX] bat=100% nbr=11"
0050,SENSOR,1,UNIFIED,"t=38 [HELLO_RX] NEW 0053 tier=1(UNK) verified=0 rssi=0.5"
0050,SENSOR,1,UNIFIED,"t=41 [HELLO_RX] NEW 003A tier=1(UNK) verified=0 rssi=0.2"
0050,SENSOR,1,UNIFIED,"t=42 [HELLO_RX] NEW 0047 tier=1(UNK) verified=0 rssi=0.5"
0050,SENSOR,1,UNIFIED,"t=47 [HELLO_TX] bat=100% nbr=14"
0050,SENSOR,1,UNIFIED,"t=52 [HELLO_TX] bat=100% nbr=14"
0050,SENSOR,1,UNIFIED,"t=59 [HELLO_TX] bat=100% nbr=14"
0050,SENSOR,1,UNIFIED,"t=62 [HELLO_RX] NEW 000F tier=1(UNK) verified=0 rssi=0.5"
0050,SENSOR,1,UNIFIED,"t=63 [HELLO_TX] bat=100% nbr=15"
0050,SENSOR,1,UNIFIED,"t=71 [HELLO_TX] bat=100% nbr=15"
0050,SENSOR,1,UNIFIED,"t=75 [HELLO_RX] NEW 005A tier=1(UNK) verified=0 rssi=0.2"
0050,SENSOR,1,UNIFIED,"t=80 [HELLO_TX] bat=100% nbr=16"
0050,SENSOR,1,UNIFIED,"t=80 [HELLO_RX] NEW 0028 tier=1(UNK) verified=0 rssi=0.4"
0050,SENSOR,1,UNIFIED,"t=89 [HELLO_TX] bat=100% nbr=17"
0050,SENSOR,1,UNIFIED,"t=94 [HELLO_TX] bat=100% nbr=17"
0050,SENSOR,1,UNIFIED,"t=101 [HELLO_TX] bat=100% nbr=17"
0050,SENSOR,1,UNIFIED,"t=107 [HELLO_TX] bat=100% nbr=17"
0050,SENSOR,1,UNIFIED,"t=114 [HELLO_TX] bat=100% nbr=17"
0050,SENSOR,1,UNIFIED,"t=123 [HELLO_TX] bat=100% nbr=17"
0050,SENSOR,1,UNIFIED,"t=127 [HELLO_TX] bat=100% nbr=17"
0050,SENSOR,1,UNIFIED,"t=133 [HELLO_TX] bat=100% nbr=17"
0050,SENSOR,1,UNIFIED,"t=140 [HELLO_TX] bat=100% nbr=17"
0050,SENSOR,1,UNIFIED,"t=145 [HELLO_TX] bat=100% nbr=17"
0050,SENSOR,1,UNIFIED,"t=152 [HELLO_TX] bat=100% nbr=17"
0050,SENSOR,1,UNIFIED,"t=162 [HELLO_TX] bat=100% nbr=17"
0050,SENSOR,1,UNIFIED,"t=170 [HELLO_TX] bat=100% nbr=17"
0050,SENSOR,1,UNIFIED,"t=174 [HELLO_TX] bat=100% nbr=17"
0050,SENSOR,1,UNIFIED,"t=179 [HELLO_TX] bat=100% nbr=17"
0050,SENSOR,1,UNIFIED,"t=186 [HELLO_TX] bat=100% nbr=17"
0050,SENSOR,1,UNIFIED,"t=195 [HELLO_TX] bat=100% nbr=17"
0050,SENSOR,1,UNIFIED,"t=204 [HELLO_TX] bat=100% nbr=17"
0050,SENSOR,1,UNIFIED,"t=210 [HELLO_TX] bat=100% nbr=17"
0050,SENSOR,1,UNIFIED,"t=214 [HELLO_TX] bat=100% nbr=17"
0050,SENSOR,1,UNIFIED,"t=220 [HELLO_TX] bat=100% nbr=17"
0050,SENSOR,1,UNIFIED,"t=227 [HELLO_TX] bat=100% nbr=17"
0050,SENSOR,1,UNIFIED,"t=233 [HELLO_TX] bat=100% nbr=17"
0050,SENSOR,1,UNIFIED,"t=239 [HELLO_TX] bat=100% nbr=17"
0050,SENSOR,1,UNIFIED,"t=247 [HELLO_TX] bat=100% nbr=17"
0051,SENSOR,1,UNIFIED,"t=4 [HELLO_RX] NEW FF05 tier=3(GWN) verified=0 rssi=5.7"
0051,SENSOR,1,UNIFIED,"t=5 [HELLO_RX] NEW 000A tier=1(UNK) verified=0 rssi=1.4"
0051,SENSOR,1,UNIFIED,"t=6 [HELLO_RX] NEW 0042 tier=1(UNK) verified=0 rssi=3.1"
0051,SENSOR,1,UNIFIED,"t=7 [HELLO_RX] NEW FF07 tier=3(GWN) verified=0 rssi=23.7"
0051,SENSOR,1,UNIFIED,"t=8 [HELLO_TX] bat=100% nbr=4"
0051,SENSOR,1,UNIFIED,"t=10 [HELLO_RX] NEW FF04 tier=3(GWN) verified=0 rssi=0.7"
0051,SENSOR,1,UNIFIED,"t=15 [HELLO_TX] bat=100% nbr=5"
0051,SENSOR,1,UNIFIED,"t=16 [HELLO_RX] NEW 0026 tier=1(UNK) verified=0 rssi=1.4"
0051,SENSOR,1,UNIFIED,"t=17 [HELLO_RX] NEW 0048 tier=1(UNK) verified=0 rssi=1.1"
0051,SENSOR,1,UNIFIED,"t=21 [HELLO_RX] NEW FF09 tier=3(GWN) verified=0 rssi=1.1"
0051,SENSOR,1,UNIFIED,"t=23 [HELLO_TX] bat=100% nbr=8"
0051,SENSOR,1,UNIFIED,"t=25 [HELLO_RX] NEW AA02 tier=2(CH) verified=0 rssi=0.4"
0051,SENSOR,1,UNIFIED,"t=28 [HELLO_RX] NEW FF06 tier=3(GWN) verified=0 rssi=0.1"
0051,SENSOR,1,UNIFIED,"t=32 [HELLO_TX] bat=100% nbr=10"
0051,SENSOR,1,UNIFIED,"t=35 [HELLO_RX] NEW AA01 tier=2(CH) verified=0 rssi=0.2"
0051,SENSOR,1,UNIFIED,"t=36 [HELLO_RX] NEW 0044 tier=1(UNK) verified=0 rssi=0.8"
0051,SENSOR,1,UNIFIED,"t=39 [HELLO_TX] bat=100% nbr=12"
0051,SENSOR,1,UNIFIED,"t=48 [HELLO_TX] bat=100% nbr=12"
0051,SENSOR,1,UNIFIED,"t=52 [HELLO_TX] bat=100% nbr=12"
0051,SENSOR,1,UNIFIED,"t=59 [HELLO_TX] bat=100% nbr=12"
0051,SENSOR,1,UNIFIED,"t=68 [HELLO_TX] bat=100% nbr=12"
0051,SENSOR,1,UNIFIED,"t=70 [HELLO_RX] NEW 0006 tier=1(UNK) verified=0 rssi=0.2"
0051,SENSOR,1,UNIFIED,"t=72 [HELLO_TX] bat=100% nbr=13"
0051,SENSOR,1,UNIFIED,"t=79 [HELLO_TX] bat=100% nbr=13"
0051,SENSOR,1,UNIFIED,"t=84 [HELLO_TX] bat=100% nbr=13"
0051,SENSOR,1,UNIFIED,"t=90 [HELLO_TX] bat=100% nbr=13"
0051,SENSOR,1,UNIFIED,"t=96 [HELLO_TX] bat=100% nbr=13"
0051,SENSOR,1,UNIFIED,"t=103 [HELLO_TX] bat=100% nbr=13"
0051,SENSOR,1,UNIFIED,"t=107 [HELLO_TX] bat=100% nbr=13"
0051,SENSOR,1,UNIFIED,"t=117 [HELLO_TX] bat=100% nbr=13"
0051,SENSOR,1,UNIFIED,"t=122 [HELLO_TX] bat=100% nbr=13"
0051,SENSOR,1,UNIFIED,"t=129 [HELLO_TX] bat=100% nbr=13"
0051,SENSOR,1,UNIFIED,"t=135 [HELLO_TX] bat=100% nbr=13"
0051,SENSOR,1,UNIFIED,"t=136 [HELLO_RX] NEW 0040 tier=1(UNK) verified=0 rssi=0.5"
0051,SENSOR,1,UNIFIED,"t=141 [HELLO_TX] bat=100% nbr=14"
0051,SENSOR,1,UNIFIED,"t=150 [HELLO_TX] bat=100% nbr=14"
0051,SENSOR,1,UNIFIED,"t=155 [HELLO_TX] bat=100% nbr=14"
0051,SENSOR,1,UNIFIED,"t=163 [HELLO_TX] bat=100% nbr=14"
0051,SENSOR,1,UNIFIED,"t=171 [HELLO_TX] bat=100% nbr=14"
0051,SENSOR,1,UNIFIED,"t=178 [HELLO_TX] bat=100% nbr=14"
0051,SENSOR,1,UNIFIED,"t=188 [HELLO_TX] bat=100% nbr=14"
0051,SENSOR,1,UNIFIED,"t=194 [HELLO_TX] bat=100% nbr=14"
0051,SENSOR,1,UNIFIED,"t=199 [HELLO_TX] bat=100% nbr=14"
0051,SENSOR,1,UNIFIED,"t=204 [HELLO_TX] bat=100% nbr=14"
0051,SENSOR,1,UNIFIED,"t=212 [HELLO_TX] bat=100% nbr=14"
0051,SENSOR,1,UNIFIED,"t=219 [HELLO_TX] bat=100% nbr=14"
0051,SENSOR,1,UNIFIED,"t=226 [HELLO_RX] NEW 004B tier=1(UNK) verified=0 rssi=0.2"
0051,SENSOR,1,UNIFIED,"t=229 [HELLO_TX] bat=100% nbr=15"
0051,SENSOR,1,UNIFIED,"t=234 [HELLO_TX] bat=100% nbr=15"
0051,SENSOR,1,UNIFIED,"t=239 [HELLO_TX] bat=100% nbr=15"
0051,SENSOR,1,UNIFIED,"t=243 [HELLO_TX] bat=100% nbr=15"
0052,SENSOR,1,UNIFIED,"t=4 [HELLO_RX] NEW 0029 tier=1(UNK) verified=0 rssi=0.5"
0052,SENSOR,1,UNIFIED,"t=5 [HELLO_RX] NEW 0033 tier=1(UNK) verified=0 rssi=0.5"
0052,SENSOR,1,UNIFIED,"t=6 [HELLO_RX] NEW 0043 tier=1(UNK) verified=0 rssi=1.8"
0052,SENSOR,1,UNIFIED,"t=7 [HELLO_RX] NEW 0031 tier=1(UNK) verified=0 rssi=0.2"
0052,SENSOR,1,UNIFIED,"t=8 [HELLO_TX] bat=100% nbr=4"
0052,SENSOR,1,UNIFIED,"t=10 [HELLO_RX] NEW AA0A tier=2(CH) verified=0 rssi=0.9"
0052,SENSOR,1,UNIFIED,"t=14 [HELLO_RX] NEW 0003 tier=1(UNK) verified=0 rssi=0.5"
0052,SENSOR,1,UNIFIED,"t=15 [HELLO_RX] NEW 002A tier=1(UNK) verified=0 rssi=0.5"
0052,SENSOR,1,UNIFIED,"t=17 [HELLO_TX] bat=100% nbr=7"
0052,SENSOR,1,UNIFIED,"t=19 [HELLO_RX] NEW 0018 tier=1(UNK) verified=0 rssi=0.3"
0052,SENSOR,1,UNIFIED,"t=25 [HELLO_TX] bat=100% nbr=8"
0052,SENSOR,1,UNIFIED,"t=26 [HELLO_RX] NEW FF0B tier=3(GWN) verified=0 rssi=0.2"
0052,SENSOR,1,UNIFIED,"t=31 [HELLO_TX] bat=100% nbr=9"
0052,SENSOR,1,UNIFIED,"t=32 [HELLO_RX] NEW FF02 tier=3(GWN) verified=0 rssi=0.1"
0052,SENSOR,1,UNIFIED,"t=39 [HELLO_TX] bat=100% nbr=10"
0052,SENSOR,1,UNIFIED,"t=45 [HELLO_TX] bat=100% nbr=10"
0052,SENSOR,1,UNIFIED,"t=47 [HELLO_RX] NEW 0020 tier=1(UNK) verified=0 rssi=0.4"
0052,SENSOR,1,UNIFIED,"t=49 [HELLO_TX] bat=100% nbr=11"
0052,SENSOR,1,UNIFIED,"t=49 [HELLO_RX] NEW 001F tier=1(UNK) verified=0 rssi=0.3"
0052,SENSOR,1,UNIFIED,"t=52 [HELLO_RX] NEW 005B tier=1(UNK) verified=0 rssi=0.3"
0052,SENSOR,1,UNIFIED,"t=53 [HELLO_RX] NEW 0045 tier=1(UNK) verified=0 rssi=0.2"
0052,SENSOR,1,UNIFIED,"t=57 [HELLO_TX] bat=100% nbr=14"
0052,SENSOR,1,UNIFIED,"t=59 [HELLO_RX] NEW 0049 tier=1(UNK) verified=0 rssi=0.3"
0052,SENSOR,1,UNIFIED,"t=61 [HELLO_TX] bat=100% nbr=15"
0052,SENSOR,1,UNIFIED,"t=65 [HELLO_TX] bat=100% nbr=15"
0052,SENSOR,1,UNIFIED,"t=66 [HELLO_RX] NEW 0058 tier=1(UNK) verified=0 rssi=0.4"
0052,SENSOR,1,UNIFIED,"t=69 [HELLO_TX] bat=100% nbr=16"
0052,SENSOR,1,UNIFIED,"t=72 [HELLO_RX] NEW 0014 tier=1(UNK) verified=0 rssi=0.2"
0052,SENSOR,1,UNIFIED,"t=79 [HELLO_TX] bat=100% nbr=17"
0052,SENSOR,1,UNIFIED,"t=88 [HELLO_TX] bat=100% nbr=17"
0052,SENSOR,1,UNIFIED,"t=95 [HELLO_TX] bat=100% nbr=17"
0052,SENSOR,1,UNIFIED,"t=104 [HELLO_TX] bat=100% nbr=17"
0052,SENSOR,1,UNIFIED,"t=110 [HELLO_TX] bat=100% nbr=17"
0052,SENSOR,1,UNIFIED,"t=119 [HELLO_TX] bat=100% nbr=17"
0052,SENSOR,1,UNIFIED,"t=124 [HELLO_TX] bat=100% nbr=17"
0052,SENSOR,1,UNIFIED,"t=134 [HELLO_TX] bat=100% nbr=17"
0052,SENSOR,1,UNIFIED,"t=141 [HELLO_TX] bat=100% nbr=17"
0052,SENSOR,1,UNIFIED,"t=146 [HELLO_TX] bat=100% nbr=17"
0052,SENSOR,1,UNIFIED,"t=153 [HELLO_TX] bat=100% nbr=17"
0052,SENSOR,1,UNIFIED,"t=161 [HELLO_TX] bat=100% nbr=17"
0052,SENSOR,1,UNIFIED,"t=167 [HELLO_TX] bat=100% nbr=17"
0052,SENSOR,1,UNIFIED,"t=174 [HELLO_TX] bat=100% nbr=17"
0052,SENSOR,1,UNIFIED,"t=180 [HELLO_TX] bat=100% nbr=17"
0052,SENSOR,1,UNIFIED,"t=187 [HELLO_TX] bat=100% nbr=17"
0052,SENSOR,1,UNIFIED,"t=191 [HELLO_TX] bat=100% nbr=17"
0052,SENSOR,1,UNIFIED,"t=197 [HELLO_TX] bat=100% nbr=17"
0052,SENSOR,1,UNIFIED,"t=204 [HELLO_TX] bat=100% nbr=17"
0052,SENSOR,1,UNIFIED,"t=213 [HELLO_TX] bat=100% nbr=17"
0052,SENSOR,1,UNIFIED,"t=219 [HELLO_TX] bat=100% nbr=17"
0052,SENSOR,1,UNIFIED,"t=228 [HELLO_TX] bat=100% nbr=17"
0052,SENSOR,1,UNIFIED,"t=237 [HELLO_TX] bat=100% nbr=17"
0052,SENSOR,1,UNIFIED,"t=243 [HELLO_TX] bat=100% nbr=17"
0053,SENSOR,1,UNIFIED,"t=4 [HELLO_RX] NEW 005A tier=1(UNK) verified=0 rssi=0.9"
0053,SENSOR,1,UNIFIED,"t=5 [HELLO_RX] NEW 002A tier=1(UNK) verified=0 rssi=0.2"
0053,SENSOR,1,UNIFIED,"t=6 [HELLO_RX] NEW 0060 tier=1(UNK) verified=0 rssi=0.4"
0053,SENSOR,1,UNIFIED,"t=7 [HELLO_RX] NEW 0036 tier=1(UNK) verified=0 rssi=0.8"
0053,SENSOR,1,UNIFIED,"t=8 [HELLO_RX] NEW 0050 tier=1(UNK) verified=0 rssi=0.5"
0053,SENSOR,1,UNIFIED,"t=10 [HELLO_TX] bat=100% nbr=5"
0053,SENSOR,1,UNIFIED,"t=10 [HELLO_RX] NEW 003B tier=1(UNK) verified=0 rssi=0.4"
0053,SENSOR,1,UNIFIED,"t=11 [HELLO_RX] NEW 000F tier=1(UNK) verified=0 rssi=0.2"
0053,SENSOR,1,UNIFIED,"t=12 [HELLO_RX] NEW 0029 tier=1(UNK) verified=0 rssi=0.2"
0053,SENSOR,1,UNIFIED,"t=14 [HELLO_RX] NEW AA04 tier=2(CH) verified=0 rssi=0.8"
0053,SENSOR,1,UNIFIED,"t=18 [HELLO_RX] NEW 003E tier=1(UNK) verified=0 rssi=0.7"
0053,SENSOR,1,UNIFIED,"t=19 [HELLO_RX] NEW 0028 tier=1(UNK) verified=0 rssi=1.2"
0053,SENSOR,1,UNIFIED,"t=20 [HELLO_TX] bat=100% nbr=11"
0053,SENSOR,1,UNIFIED,"t=23 [HELLO_RX] NEW 0047 tier=1(UNK) verified=0 rssi=0.4"
0053,SENSOR,1,UNIFIED,"t=26 [HELLO_RX] NEW FF0A tier=3(GWN) verified=0 rssi=0.8"
0053,SENSOR,1,UNIFIED,"t=28 [HELLO_TX] bat=100% nbr=13"
0053,SENSOR,1,UNIFIED,"t=38 [HELLO_TX] bat=100% nbr=13"
0053,SENSOR,1,UNIFIED,"t=46 [HELLO_TX] bat=100% nbr=13"
0053,SENSOR,1,UNIFIED,"t=46 [HELLO_RX] NEW 0045 tier=1(UNK) verified=0 rssi=0.5"
0053,SENSOR,1,UNIFIED,"t=56 [HELLO_TX] bat=100% nbr=14"
0053,SENSOR,1,UNIFIED,"t=66 [HELLO_TX] bat=100% nbr=14"
0053,SENSOR,1,UNIFIED,"t=75 [HELLO_TX] bat=100% nbr=14"
0053,SENSOR,1,UNIFIED,"t=80 [HELLO_TX] bat=100% nbr=14"
0053,SENSOR,1,UNIFIED,"t=82 [HELLO_RX] NEW FF08 tier=3(GWN) verified=1 rssi=0.4"
0053,SENSOR,1,UNIFIED,"t=89 [HELLO_TX] bat=100% nbr=15"
0053,SENSOR,1,UNIFIED,"t=97 [HELLO_TX] bat=100% nbr=15"
0053,SENSOR,1,UNIFIED,"t=101 [HELLO_TX] bat=100% nbr=15"
0053,SENSOR,1,UNIFIED,"t=107 [HELLO_TX] bat=100% nbr=15"
0053,SENSOR,1,UNIFIED,"t=113 [HELLO_TX] bat=100% nbr=15"
0053,SENSOR,1,UNIFIED,"t=117 [HELLO_TX] bat=100% nbr=15"
0053,SENSOR,1,UNIFIED,"t=122 [HELLO_TX] bat=100% nbr=15"
0053,SENSOR,1,UNIFIED,"t=130 [HELLO_TX] bat=100% nbr=15"
0053,SENSOR,1,UNIFIED,"t=138 [HELLO_TX] bat=100% nbr=15"
0053,SENSOR,1,UNIFIED,"t=144 [HELLO_TX] bat=100% nbr=15"
0053,SENSOR,1,UNIFIED,"t=152 [HELLO_TX] bat=100% nbr=15"
0053,SENSOR,1,UNIFIED,"t=159 [HELLO_TX] bat=100% nbr=15"
0053,SENSOR,1,UNIFIED,"t=167 [HELLO_TX] bat=100% nbr=15"
0053,SENSOR,1,UNIFIED,"t=174 [HELLO_TX] bat=100% nbr=15"
0053,SENSOR,1,UNIFIED,"t=184 [HELLO_TX] bat=100% nbr=15"
0053,SENSOR,1,UNIFIED,"t=190 [HELLO_TX] bat=100% nbr=15"
0053,SENSOR,1,UNIFIED,"t=198 [HELLO_TX] bat=100% nbr=15"
0053,SENSOR,1,UNIFIED,"t=208 [HELLO_TX] bat=100% nbr=15"
0053,SENSOR,1,UNIFIED,"t=216 [HELLO_TX] bat=100% nbr=15"
0053,SENSOR,1,UNIFIED,"t=219 [HELLO_RX] NEW 002C tier=1(UNK) verified=0 rssi=0.3"
0053,SENSOR,1,UNIFIED,"t=220 [HELLO_TX] bat=100% nbr=16"
0053,SENSOR,1,UNIFIED,"t=223 [HELLO_RX] NEW 0064 tier=1(UNK) verified=0 rssi=0.2"
0053,SENSOR,1,UNIFIED,"t=230 [HELLO_TX] bat=100% nbr=17"
0053,SENSOR,1,UNIFIED,"t=239 [HELLO_TX] bat=100% nbr=17"
0053,SENSOR,1,UNIFIED,"t=244 [HELLO_TX] bat=100% nbr=17"
0054,SENSOR,1,UNIFIED,"t=4 [HELLO_RX] NEW FF0B tier=3(GWN) verified=0 rssi=162.2"
0054,SENSOR,1,UNIFIED,"t=7 [HELLO_RX] NEW 0041 tier=1(UNK) verified=0 rssi=0.6"
0054,SENSOR,1,UNIFIED,"t=9 [HELLO_RX] NEW 004F tier=1(UNK) verified=0 rssi=4.1"
0054,SENSOR,1,UNIFIED,"t=10 [HELLO_TX] bat=100% nbr=3"
0054,SENSOR,1,UNIFIED,"t=10 [HELLO_RX] NEW 0023 tier=1(UNK) verified=0 rssi=2.2"
0054,SENSOR,1,UNIFIED,"t=15 [HELLO_RX] NEW 0002 tier=1(UNK) verified=0 rssi=0.5"
0054,SENSOR,1,UNIFIED,"t=19 [HELLO_TX] bat=100% nbr=5"
0054,SENSOR,1,UNIFIED,"t=24 [HELLO_RX] NEW 000E tier=1(UNK) verified=0 rssi=0.4"
0054,SENSOR,1,UNIFIED,"t=25 [HELLO_RX] NEW 0035 tier=1(UNK) verified=0 rssi=0.3"
0054,SENSOR,1,UNIFIED,"t=29 [HELLO_TX] bat=100% nbr=7"
0054,SENSOR,1,UNIFIED,"t=34 [HELLO_RX] NEW AA0A tier=2(CH) verified=0 rssi=0.2"
0054,SENSOR,1,UNIFIED,"t=35 [HELLO_RX] NEW 005B tier=1(UNK) verified=0 rssi=0.2"
0054,SENSOR,1,UNIFIED,"t=38 [HELLO_TX] bat=100% nbr=9"
0054,SENSOR,1,UNIFIED,"t=39 [HELLO_RX] NEW 005C tier=1(UNK) verified=0 rssi=0.3"
0054,SENSOR,1,UNIFIED,"t=40 [HELLO_RX] NEW 0030 tier=1(UNK) verified=0 rssi=0.5"
0054,SENSOR,1,UNIFIED,"t=43 [HELLO_TX] bat=100% nbr=11"
0054,SENSOR,1,UNIFIED,"t=44 [HELLO_RX] NEW 001A tier=1(UNK) verified=0 rssi=1.1"
0054,SENSOR,1,UNIFIED,"t=52 [HELLO_TX] bat=100% nbr=12"
0054,SENSOR,1,UNIFIED,"t=60 [HELLO_TX] bat=100% nbr=12"
0054,SENSOR,1,UNIFIED,"t=70 [HELLO_TX] bat=100% nbr=12"
0054,SENSOR,1,UNIFIED,"t=80 [HELLO_TX] bat=100% nbr=12"
0054,SENSOR,1,UNIFIED,"t=89 [HELLO_RX] NEW FF02 tier=3(GWN) verified=1 rssi=0.1"
0054,SENSOR,1,UNIFIED,"t=90 [HELLO_TX] bat=100% nbr=13"
0054,SENSOR,1,UNIFIED,"t=100 [HELLO_TX] bat=100% nbr=13"
0054,SENSOR,1,UNIFIED,"t=108 [HELLO_TX] bat=100% nbr=13"
0054,SENSOR,1,UNIFIED,"t=116 [HELLO_TX] bat=100% nbr=13"
0054,SENSOR,1,UNIFIED,"t=123 [HELLO_TX] bat=100% nbr=13"
0054,SENSOR,1,UNIFIED,"t=123 [HELLO_RX] NEW 0046 tier=1(UNK) verified=0 rssi=0.2"
0054,SENSOR,1,UNIFIED,"t=133 [HELLO_TX] bat=100% nbr=14"
0054,SENSOR,1,UNIFIED,"t=139 [HELLO_TX] bat=100% nbr=14"
0054,SENSOR,1,UNIFIED,"t=148 [HELLO_TX] bat=100% nbr=14"
0054,SENSOR,1,UNIFIED,"t=155 [HELLO_TX] bat=100% nbr=14"
0054,SENSOR,1,UNIFIED,"t=160 [HELLO_TX] bat=100% nbr=14"
0054,SENSOR,1,UNIFIED,"t=164 [HELLO_TX] bat=100% nbr=14"
0054,SENSOR,1,UNIFIED,"t=164 [HELLO_RX] NEW 0005 tier=1(UNK) verified=0 rssi=0.2"
0054,SENSOR,1,UNIFIED,"t=171 [HELLO_TX] bat=100% nbr=15"
0054,SENSOR,1,UNIFIED,"t=180 [HELLO_TX] bat=100% nbr=15"
0054,SENSOR,1,UNIFIED,"t=187 [HELLO_TX] bat=100% nbr=15"
0054,SENSOR,1,UNIFIED,"t=191 [HELLO_TX] bat=100% nbr=15"
0054,SENSOR,1,UNIFIED,"t=196 [HELLO_TX] bat=100% nbr=15"
0054,SENSOR,1,UNIFIED,"t=201 [HELLO_TX] bat=100% nbr=15"
0054,SENSOR,1,UNIFIED,"t=206 [HELLO_TX] bat=100% nbr=15"
0054,SENSOR,1,UNIFIED,"t=213 [HELLO_TX] bat=100% nbr=15"
0054,SENSOR,1,UNIFIED,"t=216 [HELLO_RX] NEW FF01 tier=3(GWN) verified=1 rssi=0.2"
0054,SENSOR,1,UNIFIED,"t=223 [HELLO_TX] bat=100% nbr=16"
0054,SENSOR,1,UNIFIED,"t=228 [HELLO_TX] bat=100% nbr=16"
0054,SENSOR,1,UNIFIED,"t=228 [HELLO_RX] NEW AA07 tier=2(CH) verified=0 rssi=0.2"
0054,SENSOR,1,UNIFIED,"t=236 [HELLO_TX] bat=100% nbr=17"
0054,SENSOR,1,UNIFIED,"t=244 [HELLO_TX] bat=100% nbr=17"
0055,SENSOR,1,UNIFIED,"t=4 [HELLO_TX] bat=100% nbr=0"
0055,SENSOR,1,UNIFIED,"t=4 [HELLO_RX] NEW AA01 tier=2(CH) verified=0 rssi=1.2"
0055,SENSOR,1,UNIFIED,"t=6 [HELLO_RX] NEW 003D tier=1(UNK) verified=0 rssi=5.0"
0055,SENSOR,1,UNIFIED,"t=7 [HELLO_RX] NEW FF06 tier=3(GWN) verified=0 rssi=6.6"
0055,SENSOR,1,UNIFIED,"t=10 [HELLO_RX] NEW 0034 tier=1(UNK) verified=0 rssi=0.4"
0055,SENSOR,1,UNIFIED,"t=13 [HELLO_TX] bat=100% nbr=4"
0055,SENSOR,1,UNIFIED,"t=15 [HELLO_RX] NEW AA09 tier=2(CH) verified=0 rssi=0.4"
0055,SENSOR,1,UNIFIED,"t=17 [HELLO_RX] NEW 0004 tier=1(UNK) verified=0 rssi=0.7"
0055,SENSOR,1,UNIFIED,"t=19 [HELLO_RX] NEW 002E tier=1(UNK) verified=0 rssi=0.6"
0055,SENSOR,1,UNIFIED,"t=21 [HELLO_TX] bat=100% nbr=7"
0055,SENSOR,1,UNIFIED,"t=23 [HELLO_RX] NEW 003C tier=1(UNK) verified=0 rssi=0.8"
0055,SENSOR,1,UNIFIED,"t=24 [HELLO_RX] NEW 0009 tier=1(UNK) verified=0 rssi=1.1"
0055,SENSOR,1,UNIFIED,"t=30 [HELLO_TX] bat=100% nbr=9"
0055,SENSOR,1,UNIFIED,"t=30 [HELLO_RX] NEW FF05 tier=3(GWN) verified=0 rssi=0.2"
0055,SENSOR,1,UNIFIED,"t=32 [HELLO_RX] NEW FF02 tier=3(GWN) verified=0 rssi=0.2"
0055,SENSOR,1,UNIFIED,"t=36 [HELLO_TX] bat=100% nbr=11"
0055,SENSOR,1,UNIFIED,"t=36 [HELLO_RX] NEW FF04 tier=3(GWN) verified=0 rssi=0.8"
0055,SENSOR,1,UNIFIED,"t=41 [HELLO_TX] bat=100% nbr=12"
0055,SENSOR,1,UNIFIED,"t=46 [HELLO_TX] bat=100% nbr=12"
0055,SENSOR,1,UNIFIED,"t=47 [HELLO_RX] NEW FF07 tier=3(GWN) verified=0 rssi=0.1"
0055,SENSOR,1,UNIFIED,"t=56 [HELLO_TX] bat=100% nbr=13"
0055,SENSOR,1,UNIFIED,"t=60 [HELLO_TX] bat=100% nbr=13"
0055,SENSOR,1,UNIFIED,"t=67 [HELLO_TX] bat=100% nbr=13"
0055,SENSOR,1,UNIFIED,"t=71 [HELLO_TX] bat=100% nbr=13"
0055,SENSOR,1,UNIFIED,"t=76 [HELLO_TX] bat=100% nbr=13"
0055,SENSOR,1,UNIFIED,"t=76 [HELLO_RX] NEW 0063 tier=1(UNK) verified=0 rssi=0.3"
0055,SENSOR,1,UNIFIED,"t=86 [HELLO_TX] bat=100% nbr=14"
0055,SENSOR,1,UNIFIED,"t=92 [HELLO_TX] bat=100% nbr=14"
0055,SENSOR,1,UNIFIED,"t=98 [HELLO_TX] bat=100% nbr=14"
0055,SENSOR,1,UNIFIED,"t=102 [HELLO_TX] bat=100% nbr=14"
0055,SENSOR,1,UNIFIED,"t=107 [HELLO_TX] bat=100% nbr=14"
0055,SENSOR,1,UNIFIED,"t=115 [HELLO_TX] bat=100% nbr=14"
0055,SENSOR,1,UNIFIED,"t=122 [HELLO_TX] bat=100% nbr=14"
0055,SENSOR,1,UNIFIED,"t=126 [HELLO_TX] bat=100% nbr=14"
0055,SENSOR,1,UNIFIED,"t=132 [HELLO_TX] bat=100% nbr=14"
0055,SENSOR,1,UNIFIED,"t=141 [HELLO_TX] bat=100% nbr=14"
0055,SENSOR,1,UNIFIED,"t=149 [HELLO_TX] bat=100% nbr=14"
0055,SENSOR,1,UNIFIED,"t=155 [HELLO_TX] bat=100% nbr=14"
0055,SENSOR,1,UNIFIED,"t=159 [HELLO_TX] bat=100% nbr=14"
0055,SENSOR,1,UNIFIED,"t=166 [HELLO_TX] bat=100% nbr=14"
0055,SENSOR,1,UNIFIED,"t=173 [HELLO_TX] bat=100% nbr=14"
0055,SENSOR,1,UNIFIED,"t=177 [HELLO_TX] bat=100% nbr=14"
0055,SENSOR,1,UNIFIED,"t=186 [HELLO_TX] bat=100% nbr=14"
0055,SENSOR,1,UNIFIED,"t=191 [HELLO_TX] bat=100% nbr=14"
0055,SENSOR,1,UNIFIED,"t=200 [HELLO_RX] NEW FF09 tier=3(GWN) verified=1 rssi=0.2"
0055,SENSOR,1,UNIFIED,"t=201 [HELLO_TX] bat=100% nbr=15"
0055,SENSOR,1,UNIFIED,"t=207 [HELLO_TX] bat=100% nbr=15"
0055,SENSOR,1,UNIFIED,"t=217 [HELLO_TX] bat=100% nbr=15"
0055,SENSOR,1,UNIFIED,"t=222 [HELLO_TX] bat=100% nbr=15"
0055,SENSOR,1,UNIFIED,"t=222 [HELLO_RX] NEW 0006 tier=1(UNK) verified=0 rssi=0.2"
0055,SENSOR,1,UNIFIED,"t=229 [HELLO_TX] bat=100% nbr=16"
0055,SENSOR,1,UNIFIED,"t=234 [HELLO_TX] bat=100% nbr=16"
0055,SENSOR,1,UNIFIED,"t=234 [HELLO_RX] NEW 0037 tier=1(UNK) verified=0 rssi=0.2"
0055,SENSOR,1,UNIFIED,"t=240 [HELLO_TX] bat=100% nbr=17"
0056,SENSOR,1,UNIFIED,"t=4 [HELLO_RX] NEW 0061 tier=1(UNK) verified=0 rssi=6.4"
0056,SENSOR,1,UNIFIED,"t=7 [HELLO_TX] bat=100% nbr=1"
0056,SENSOR,1,UNIFIED,"t=7 [HELLO_RX] NEW 0019 tier=1(UNK) verified=0 rssi=0.4"
0056,SENSOR,1,UNIFIED,"t=9 [HELLO_RX] NEW 002D tier=1(UNK) verified=0 rssi=5.7"
0056,SENSOR,1,UNIFIED,"t=10 [HELLO_RX] NEW AA07 tier=2(CH) verified=0 rssi=0.3"
0056,SENSOR,1,UNIFIED,"t=13 [HELLO_TX] bat=100% nbr=4"
0056,SENSOR,1,UNIFIED,"t=15 [HELLO_RX] NEW 0013 tier=1(UNK) verified=0 rssi=0.3"
0056,SENSOR,1,UNIFIED,"t=16 [HELLO_RX] NEW FF02 tier=3(GWN) verified=0 rssi=0.7"
0056,SENSOR,1,UNIFIED,"t=21 [HELLO_TX] bat=100% nbr=6"
0056,SENSOR,1,UNIFIED,"t=22 [HELLO_RX] NEW 0063 tier=1(UNK) verified=0 rssi=0.4"
0056,SENSOR,1,UNIFIED,"t=27 [HELLO_TX] bat=100% nbr=7"
0056,SENSOR,1,UNIFIED,"t=30 [HELLO_RX] NEW 0031 tier=1(UNK) verified=0 rssi=0.2"
0056,SENSOR,1,UNIFIED,"t=33 [HELLO_RX] NEW FF06 tier=3(GWN) verified=0 rssi=0.2"
0056,SENSOR,1,UNIFIED,"t=34 [HELLO_RX] NEW 0012 tier=1(UNK) verified=0 rssi=0.7"
0056,SENSOR,1,UNIFIED,"t=35 [HELLO_TX] bat=100% nbr=10"
0056,SENSOR,1,UNIFIED,"t=44 [HELLO_TX] bat=100% nbr=10"
0056,SENSOR,1,UNIFIED,"t=45 [HELLO_RX] NEW 0018 tier=1(UNK) verified=0 rssi=0.2"
0056,SENSOR,1,UNIFIED,"t=54 [HELLO_TX] bat=100% nbr=11"
0056,SENSOR,1,UNIFIED,"t=63 [HELLO_TX] bat=100% nbr=11"
0056,SENSOR,1,UNIFIED,"t=68 [HELLO_TX] bat=100% nbr=11"
0056,SENSOR,1,UNIFIED,"t=78 [HELLO_TX] bat=100% nbr=11"
0056,SENSOR,1,UNIFIED,"t=82 [HELLO_TX] bat=100% nbr=11"
0056,SENSOR,1,UNIFIED,"t=87 [HELLO_TX] bat=100% nbr=11"
0056,SENSOR,1,UNIFIED,"t=87 [HELLO_RX] NEW AA06 tier=2(CH) verified=0 rssi=0.2"
0056,SENSOR,1,UNIFIED,"t=91 [HELLO_TX] bat=100% nbr=12"
0056,SENSOR,1,UNIFIED,"t=91 [HELLO_RX] NEW AA0A tier=2(CH) verified=0 rssi=0.2"
0056,SENSOR,1,UNIFIED,"t=97 [HELLO_TX] bat=100% nbr=13"
0056,SENSOR,1,UNIFIED,"t=101 [HELLO_TX] bat=100% nbr=13"
0056,SENSOR,1,UNIFIED,"t=102 [HELLO_RX] NEW AA09 tier=2(CH) verified=0 rssi=0.3"
0056,SENSOR,1,UNIFIED,"t=109 [HELLO_TX] bat=100% nbr=14"
0056,SENSOR,1,UNIFIED,"t=113 [HELLO_TX] bat=100% nbr=14"
0056,SENSOR,1,UNIFIED,"t=119 [HELLO_TX] bat=100% nbr=14"
0056,SENSOR,1,UNIFIED,"t=128 [HELLO_TX] bat=100% nbr=14"
0056,SENSOR,1,UNIFIED,"t=137 [HELLO_TX] bat=100% nbr=14"
0056,SENSOR,1,UNIFIED,"t=139 [HELLO_RX] NEW 0009 tier=1(UNK) verified=0 rssi=0.3"
0056,SENSOR,1,UNIFIED,"t=144 [HELLO_TX] bat=100% nbr=15"
0056,SENSOR,1,UNIFIED,"t=149 [HELLO_RX] NEW FF04 tier=3(GWN) verified=1 rssi=0.2"
0056,SENSOR,1,UNIFIED,"t=153 [HELLO_TX] bat=100% nbr=16"
0056,SENSOR,1,UNIFIED,"t=163 [HELLO_TX] bat=100% nbr=16"
0056,SENSOR,1,UNIFIED,"t=169 [HELLO_TX] bat=100% nbr=16"
0056,SENSOR,1,UNIFIED,"t=174 [HELLO_TX] bat=100% nbr=16"
0056,SENSOR,1,UNIFIED,"t=182 [HELLO_TX] bat=100% nbr=16"
0056,SENSOR,1,UNIFIED,"t=190 [HELLO_TX] bat=100% nbr=16"
0056,SENSOR,1,UNIFIED,"t=198 [HELLO_TX] bat=100% nbr=16"
0056,SENSOR,1,UNIFIED,"t=204 [HELLO_TX] bat=100% nbr=16"
0056,SENSOR,1,UNIFIED,"t=209 [HELLO_TX] bat=100% nbr=16"
0056,SENSOR,1,UNIFIED,"t=214 [HELLO_TX] bat=100% nbr=16"
0056,SENSOR,1,UNIFIED,"t=222 [HELLO_TX] bat=100% nbr=16"
0056,SENSOR,1,UNIFIED,"t=232 [HELLO_TX] bat=100% nbr=16"
0056,SENSOR,1,UNIFIED,"t=239 [HELLO_TX] bat=100% nbr=16"
0056,SENSOR,1,UNIFIED,"t=243 [HELLO_TX] bat=100% nbr=16"
0056,SENSOR,1,UNIFIED,"t=247 [HELLO_TX] bat=100% nbr=16"
0057,SENSOR,1,UNIFIED,"t=5 [HELLO_RX] NEW 003F tier=1(UNK) verified=0 rssi=1.0"
0057,SENSOR,1,UNIFIED,"t=6 [HELLO_TX] bat=100% nbr=1"
0057,SENSOR,1,UNIFIED,"t=6 [HELLO_RX] NEW FF0A tier=3(GWN) verified=0 rssi=0.3"
0057,SENSOR,1,UNIFIED,"t=7 [HELLO_RX] NEW 0015 tier=1(UNK) verified=0 rssi=2.2"
0057,SENSOR,1,UNIFIED,"t=8 [HELLO_RX] NEW 0011 tier=1(UNK) verified=0 rssi=0.3"
0057,SENSOR,1,UNIFIED,"t=9 [HELLO_RX] NEW FF03 tier=3(GWN) verified=0 rssi=3.0"
0057,SENSOR,1,UNIFIED,"t=10 [HELLO_RX] NEW AA04 tier=2(CH) verified=0 rssi=0.5"
0057,SENSOR,1,UNIFIED,"t=11 [HELLO_TX] bat=100% nbr=6"
0057,SENSOR,1,UNIFIED,"t=14 [HELLO_RX] NEW 003A tier=1(UNK) verified=0 rssi=12.3"
0057,SENSOR,1,UNIFIED,"t=17 [HELLO_TX] bat=100% nbr=7"
0057,SENSOR,1,UNIFIED,"t=25 [HELLO_TX] bat=100% nbr=7"
0057,SENSOR,1,UNIFIED,"t=25 [HELLO_RX] NEW 000F tier=1(UNK) verified=0 rssi=0.3"
0057,SENSOR,1,UNIFIED,"t=26 [HELLO_RX] NEW 0039 tier=1(UNK) verified=0 rssi=0.5"
0057,SENSOR,1,UNIFIED,"t=27 [HELLO_RX] NEW 0050 tier=1(UNK) verified=0 rssi=0.3"
0057,SENSOR,1,UNIFIED,"t=31 [HELLO_TX] bat=100% nbr=10"
0057,SENSOR,1,UNIFIED,"t=41 [HELLO_TX] bat=100% nbr=10"
0057,SENSOR,1,UNIFIED,"t=44 [HELLO_RX] NEW 003B tier=1(UNK) verified=0 rssi=0.4"
0057,SENSOR,1,UNIFIED,"t=47 [HELLO_TX] bat=100% nbr=11"
0057,SENSOR,1,UNIFIED,"t=54 [HELLO_TX] bat=100% nbr=11"
0057,SENSOR,1,UNIFIED,"t=64 [HELLO_TX] bat=100% nbr=11"
0057,SENSOR,1,UNIFIED,"t=68 [HELLO_RX] NEW FF08 tier=3(GWN) verified=1 rssi=0.2"
0057,SENSOR,1,UNIFIED,"t=74 [HELLO_TX] bat=100% nbr=12"
0057,SENSOR,1,UNIFIED,"t=81 [HELLO_TX] bat=100% nbr=12"
0057,SENSOR,1,UNIFIED,"t=86 [HELLO_TX] bat=100% nbr=12"
0057,SENSOR,1,UNIFIED,"t=95 [HELLO_RX] NEW FF0C tier=3(GWN) verified=1 rssi=0.2"
0057,SENSOR,1,UNIFIED,"t=96 [HELLO_TX] bat=100% nbr=13"
0057,SENSOR,1,UNIFIED,"t=100 [HELLO_TX] bat=100% nbr=13"
0057,SENSOR,1,UNIFIED,"t=109 [HELLO_TX] bat=100% nbr=13"
0057,SENSOR,1,UNIFIED,"t=119 [HELLO_TX] bat=100% nbr=13"
0057,SENSOR,1,UNIFIED,"t=125 [HELLO_TX] bat=100% nbr=13"
0057,SENSOR,1,UNIFIED,"t=129 [HELLO_TX] bat=100% nbr=13"
0057,SENSOR,1,UNIFIED,"t=133 [HELLO_TX] bat=100% nbr=13"
0057,SENSOR,1,UNIFIED,"t=142 [HELLO_TX] bat=100% nbr=13"
0057,SENSOR,1,UNIFIED,"t=142 [HELLO_RX] NEW 001C tier=1(UNK) verified=0 rssi=0.2"
0057,SENSOR,1,UNIFIED,"t=146 [HELLO_TX] bat=100% nbr=14"
0057,SENSOR,1,UNIFIED,"t=151 [HELLO_TX] bat=100% nbr=14"
0057,SENSOR,1,UNIFIED,"t=160 [HELLO_TX] bat=100% nbr=14"
0057,SENSOR,1,UNIFIED,"t=165 [HELLO_TX] bat=100% nbr=14"
0057,SENSOR,1,UNIFIED,"t=172 [HELLO_TX] bat=100% nbr=14"
0057,SENSOR,1,UNIFIED,"t=181 [HELLO_TX] bat=100% nbr=14"
0057,SENSOR,1,UNIFIED,"t=189 [HELLO_TX] bat=100% nbr=14"
0057,SENSOR,1,UNIFIED,"t=197 [HELLO_TX] bat=100% nbr=14"
0057,SENSOR,1,UNIFIED,"t=206 [HELLO_TX] bat=100% nbr=14"
0057,SENSOR,1,UNIFIED,"t=215 [HELLO_TX] bat=100% nbr=14"
0057,SENSOR,1,UNIFIED,"t=221 [HELLO_TX] bat=100% nbr=14"
0057,SENSOR,1,UNIFIED,"t=230 [HELLO_TX] bat=100% nbr=14"
0057,SENSOR,1,UNIFIED,"t=240 [HELLO_TX] bat=100% nbr=14"
0057,SENSOR,1,UNIFIED,"t=248 [HELLO_TX] bat=100% nbr=14"
0058,SENSOR,1,UNIFIED,"t=4 [HELLO_RX] NEW 0003 tier=1(UNK) verified=0 rssi=0.4"
0058,SENSOR,1,UNIFIED,"t=5 [HELLO_RX] NEW 0033 tier=1(UNK) verified=0 rssi=1.4"
0058,SENSOR,1,UNIFIED,"t=6 [HELLO_RX] NEW 0018 tier=1(UNK) verified=0 rssi=590.3"
0058,SENSOR,1,UNIFIED,"t=7 [HELLO_RX] NEW 0031 tier=1(UNK) verified=0 rssi=4.9"
0058,SENSOR,1,UNIFIED,"t=8 [HELLO_RX] NEW 0052 tier=1(UNK) verified=0 rssi=0.4"
0058,SENSOR,1,UNIFIED,"t=9 [HELLO_TX] bat=100% nbr=5"
0058,SENSOR,1,UNIFIED,"t=10 [HELLO_RX] NEW 0059 tier=1(UNK) verified=0 rssi=0.6"
0058,SENSOR,1,UNIFIED,"t=13 [HELLO_TX] bat=100% nbr=6"
0058,SENSOR,1,UNIFIED,"t=17 [HELLO_RX] NEW 002D tier=1(UNK) verified=0 rssi=0.3"
0058,SENSOR,1,UNIFIED,"t=20 [HELLO_RX] NEW FF04 tier=3(GWN) verified=0 rssi=0.1"
0058,SENSOR,1,UNIFIED,"t=21 [HELLO_RX] NEW 0056 tier=1(UNK) verified=0 rssi=0.2"
0058,SENSOR,1,UNIFIED,"t=22 [HELLO_TX] bat=100% nbr=9"
0058,SENSOR,1,UNIFIED,"t=22 [HELLO_RX] NEW 0043 tier=1(UNK) verified=0 rssi=1.8"
0058,SENSOR,1,UNIFIED,"t=23 [HELLO_RX] NEW 0049 tier=1(UNK) verified=0 rssi=1.3"
0058,SENSOR,1,UNIFIED,"t=25 [HELLO_RX] NEW AA0A tier=2(CH) verified=0 rssi=0.5"
0058,SENSOR,1,UNIFIED,"t=29 [HELLO_TX] bat=100% nbr=12"
0058,SENSOR,1,UNIFIED,"t=36 [HELLO_RX] NEW 0061 tier=1(UNK) verified=0 rssi=0.2"
0058,SENSOR,1,UNIFIED,"t=39 [HELLO_TX] bat=100% nbr=13"
0058,SENSOR,1,UNIFIED,"t=42 [HELLO_RX] NEW AA06 tier=2(CH) verified=0 rssi=0.3"
0058,SENSOR,1,UNIFIED,"t=49 [HELLO_TX] bat=100% nbr=14"
0058,SENSOR,1,UNIFIED,"t=51 [HELLO_RX] NEW FF02 tier=3(GWN) verified=0 rssi=0.2"
0058,SENSOR,1,UNIFIED,"t=55 [HELLO_TX] bat=100% nbr=15"
0058,SENSOR,1,UNIFIED,"t=60 [HELLO_TX] bat=100% nbr=15"
0058,SENSOR,1,UNIFIED,"t=63 [HELLO_RX] NEW 0013 tier=1(UNK) verified=0 rssi=0.2"
0058,SENSOR,1,UNIFIED,"t=66 [HELLO_TX] bat=100% nbr=16"
0058,SENSOR,1,UNIFIED,"t=76 [HELLO_TX] bat=100% nbr=16"
0058,SENSOR,1,UNIFIED,"t=85 [HELLO_TX] bat=100% nbr=16"
0058,SENSOR,1,UNIFIED,"t=93 [HELLO_TX] bat=100% nbr=16"
0058,SENSOR,1,UNIFIED,"t=103 [HELLO_TX] bat=100% nbr=16"
0058,SENSOR,1,UNIFIED,"t=113 [HELLO_TX] bat=100% nbr=16"
0058,SENSOR,1,UNIFIED,"t=119 [HELLO_TX] bat=100% nbr=16"
0058,SENSOR,1,UNIFIED,"t=127 [HELLO_TX] bat=100% nbr=16"
0058,SENSOR,1,UNIFIED,"t=132 [HELLO_TX] bat=100% nbr=16"
0058,SENSOR,1,UNIFIED,"t=138 [HELLO_TX] bat=100% nbr=16"
0058,SENSOR,1,UNIFIED,"t=144 [HELLO_TX] bat=100% nbr=16"
0058,SENSOR,1,UNIFIED,"t=150 [HELLO_TX] bat=100% nbr=16"
0058,SENSOR,1,UNIFIED,"t=157 [HELLO_TX] bat=100% nbr=16"
0058,SENSOR,1,UNIFIED,"t=162 [HELLO_TX] bat=100% nbr=16"
0058,SENSOR,1,UNIFIED,"t=171 [HELLO_TX] bat=100% nbr=16"
0058,SENSOR,1,UNIFIED,"t=175 [HELLO_TX] bat=100% nbr=16"
0058,SENSOR,1,UNIFIED,"t=179 [HELLO_TX] bat=100% nbr=16"
0058,SENSOR,1,UNIFIED,"t=189 [HELLO_TX] bat=100% nbr=16"
0058,SENSOR,1,UNIFIED,"t=193 [HELLO_TX] bat=100% nbr=16"
0058,SENSOR,1,UNIFIED,"t=202 [HELLO_TX] bat=100% nbr=16"
0058,SENSOR,1,UNIFIED,"t=210 [HELLO_TX] bat=100% nbr=16"
0058,SENSOR,1,UNIFIED,"t=215 [HELLO_TX] bat=100% nbr=16"
0058,SENSOR,1,UNIFIED,"t=223 [HELLO_TX] bat=100% nbr=16"
0058,SENSOR,1,UNIFIED,"t=230 [HELLO_TX] bat=100% nbr=16"
0058,SENSOR,1,UNIFIED,"t=236 [HELLO_TX] bat=100% nbr=16"
0058,SENSOR,1,UNIFIED,"t=246 [HELLO_TX] bat=100% nbr=16"
0058,SENSOR,1,UNIFIED,"t=247 [HELLO_RX] NEW 0014 tier=1(UNK) verified=0 rssi=0.2"
0059,SENSOR,1,UNIFIED,"t=4 [HELLO_RX] NEW 0003 tier=1(UNK) verified=0 rssi=0.4"
0059,SENSOR,1,UNIFIED,"t=5 [HELLO_RX] NEW AA06 tier=2(CH) verified=0 rssi=1.0"
0059,SENSOR,1,UNIFIED,"t=6 [HELLO_RX] NEW 0049 tier=1(UNK) verified=0 rssi=2.4"
0059,SENSOR,1,UNIFIED,"t=7 [HELLO_RX] NEW 0031 tier=1(UNK) verified=0 rssi=1.8"
0059,SENSOR,1,UNIFIED,"t=9 [HELLO_RX] NEW 0017 tier=1(UNK) verified=0 rssi=0.5"
0059,SENSOR,1,UNIFIED,"t=10 [HELLO_TX] bat=100% nbr=5"
0059,SENSOR,1,UNIFIED,"t=10 [HELLO_RX] NEW 0014 tier=1(UNK) verified=0 rssi=0.5"
0059,SENSOR,1,UNIFIED,"t=12 [HELLO_RX] NEW 002F tier=1(UNK) verified=0 rssi=0.5"
0059,SENSOR,1,UNIFIED,"t=14 [HELLO_TX] bat=100% nbr=7"
0059,SENSOR,1,UNIFIED,"t=14 [HELLO_RX] NEW 001E tier=1(UNK) verified=0 rssi=0.7"
0059,SENSOR,1,UNIFIED,"t=17 [HELLO_RX] NEW 002D tier=1(UNK) verified=0 rssi=0.2"
0059,SENSOR,1,UNIFIED,"t=20 [HELLO_TX] bat=100% nbr=9"
0059,SENSOR,1,UNIFIED,"t=20 [HELLO_RX] NEW 0033 tier=1(UNK) verified=0 rssi=1.0"
0059,SENSOR,1,UNIFIED,"t=22 [HELLO_RX] NEW 0058 tier=1(UNK) verified=0 rssi=0.6"
0059,SENSOR,1,UNIFIED,"t=25 [HELLO_RX] NEW 0021 tier=1(UNK) verified=0 rssi=0.2"
0059,SENSOR,1,UNIFIED,"t=26 [HELLO_RX] NEW 0018 tier=1(UNK) verified=0 rssi=0.6"
0059,SENSOR,1,UNIFIED,"t=29 [HELLO_TX] bat=100% nbr=13"
0059,SENSOR,1,UNIFIED,"t=36 [HELLO_RX] NEW 0007 tier=1(UNK) verified=0 rssi=0.3"
0059,SENSOR,1,UNIFIED,"t=37 [HELLO_TX] bat=100% nbr=14"
0059,SENSOR,1,UNIFIED,"t=41 [HELLO_TX] bat=100% nbr=14"
0059,SENSOR,1,UNIFIED,"t=43 [HELLO_RX] NEW AA09 tier=2(CH) verified=0 rssi=0.2"
0059,SENSOR,1,UNIFIED,"t=46 [HELLO_RX] NEW 0008 tier=1(UNK) verified=0 rssi=0.3"
0059,SENSOR,1,UNIFIED,"t=49 [HELLO_TX] bat=100% nbr=16"
0059,SENSOR,1,UNIFIED,"t=57 [HELLO_TX] bat=100% nbr=16"
0059,SENSOR,1,UNIFIED,"t=67 [HELLO_TX] bat=100% nbr=16"
0059,SENSOR,1,UNIFIED,"t=76 [HELLO_TX] bat=100% nbr=16"
0059,SENSOR,1,UNIFIED,"t=78 [HELLO_RX] NEW 000D tier=1(UNK) verified=0 rssi=0.2"
0059,SENSOR,1,UNIFIED,"t=80 [HELLO_TX] bat=100% nbr=17"
0059,SENSOR,1,UNIFIED,"t=90 [HELLO_TX] bat=100% nbr=17"
0059,SENSOR,1,UNIFIED,"t=94 [HELLO_TX] bat=100% nbr=17"
0059,SENSOR,1,UNIFIED,"t=102 [HELLO_TX] bat=100% nbr=17"
0059,SENSOR,1,UNIFIED,"t=111 [HELLO_TX] bat=100% nbr=17"
0059,SENSOR,1,UNIFIED,"t=113 [HELLO_RX] NEW 0001 tier=1(UNK) verified=0 rssi=0.2"
0059,SENSOR,1,UNIFIED,"t=120 [HELLO_TX] bat=100% nbr=18"
0059,SENSOR,1,UNIFIED,"t=127 [HELLO_TX] bat=100% nbr=18"
0059,SENSOR,1,UNIFIED,"t=129 [HELLO_RX] NEW 0043 tier=1(UNK) verified=0 rssi=0.2"
0059,SENSOR,1,UNIFIED,"t=131 [HELLO_TX] bat=100% nbr=19"
0059,SENSOR,1,UNIFIED,"t=138 [HELLO_TX] bat=100% nbr=19"
0059,SENSOR,1,UNIFIED,"t=147 [HELLO_TX] bat=100% nbr=19"
0059,SENSOR,1,UNIFIED,"t=157 [HELLO_TX] bat=100% nbr=19"
0059,SENSOR,1,UNIFIED,"t=167 [HELLO_TX] bat=100% nbr=19"
0059,SENSOR,1,UNIFIED,"t=171 [HELLO_TX] bat=100% nbr=19"
0059,SENSOR,1,UNIFIED,"t=178 [HELLO_TX] bat=100% nbr=19"
0059,SENSOR,1,UNIFIED,"t=186 [HELLO_TX] bat=100% nbr=19"
0059,SENSOR,1,UNIFIED,"t=193 [HELLO_TX] bat=100% nbr=19"
0059,SENSOR,1,UNIFIED,"t=201 [HELLO_TX] bat=100% nbr=19"
0059,SENSOR,1,UNIFIED,"t=206 [HELLO_TX] bat=100% nbr=19"
0059,SENSOR,1,UNIFIED,"t=213 [HELLO_TX] bat=100% nbr=19"
0059,SENSOR,1,UNIFIED,"t=222 [HELLO_TX] bat=100% nbr=19"
0059,SENSOR,1,UNIFIED,"t=229 [HELLO_TX] bat=100% nbr=19"
0059,SENSOR,1,UNIFIED,"t=234 [HELLO_TX] bat=100% nbr=19"
0059,SENSOR,1,UNIFIED,"t=240 [HELLO_TX] bat=100% nbr=19"
0059,SENSOR,1,UNIFIED,"t=244 [HELLO_TX] bat=100% nbr=19"
0059,SENSOR,1,UNIFIED,"t=249 [HELLO_TX] bat=100% nbr=19"
005A,SENSOR,1,UNIFIED,"t=4 [HELLO_TX] bat=100% nbr=0"
005A,SENSOR,1,UNIFIED,"t=6 [HELLO_RX] NEW 0060 tier=1(UNK) verified=0 rssi=1.7"
005A,SENSOR,1,UNIFIED,"t=7 [HELLO_RX] NEW 0036 tier=1(UNK) verified=0 rssi=0.7"
005A,SENSOR,1,UNIFIED,"t=9 [HELLO_RX] NEW 0028 tier=1(UNK) verified=0 rssi=3.3"
005A,SENSOR,1,UNIFIED,"t=10 [HELLO_RX] NEW 002C tier=1(UNK) verified=0 rssi=2.3"
005A,SENSOR,1,UNIFIED,"t=14 [HELLO_TX] bat=100% nbr=4"
005A,SENSOR,1,UNIFIED,"t=14 [HELLO_RX] NEW FF08 tier=3(GWN) verified=0 rssi=0.6"
005A,SENSOR,1,UNIFIED,"t=20 [HELLO_RX] NEW 0053 tier=1(UNK) verified=0 rssi=0.9"
005A,SENSOR,1,UNIFIED,"t=22 [HELLO_TX] bat=100% nbr=6"
005A,SENSOR,1,UNIFIED,"t=22 [HELLO_RX] NEW 003E tier=1(UNK) verified=0 rssi=1.6"
005A,SENSOR,1,UNIFIED,"t=30 [HELLO_RX] NEW 0047 tier=1(UNK) verified=0 rssi=0.4"
005A,SENSOR,1,UNIFIED,"t=31 [HELLO_TX] bat=100% nbr=8"
005A,SENSOR,1,UNIFIED,"t=37 [HELLO_TX] bat=100% nbr=8"
005A,SENSOR,1,UNIFIED,"t=43 [HELLO_RX] NEW FF0A tier=3(GWN) verified=1 rssi=1.0"
005A,SENSOR,1,UNIFIED,"t=44 [HELLO_RX] NEW 005D tier=1(UNK) verified=0 rssi=0.3"
005A,SENSOR,1,UNIFIED,"t=45 [HELLO_TX] bat=100% nbr=10"
005A,SENSOR,1,UNIFIED,"t=46 [HELLO_RX] NEW 0045 tier=1(UNK) verified=0 rssi=0.3"
005A,SENSOR,1,UNIFIED,"t=52 [HELLO_RX] NEW 0064 tier=1(UNK) verified=0 rssi=1.1"
005A,SENSOR,1,UNIFIED,"t=54 [HELLO_TX] bat=100% nbr=12"
005A,SENSOR,1,UNIFIED,"t=56 [HELLO_RX] NEW 002B tier=1(UNK) verified=0 rssi=0.2"
005A,SENSOR,1,UNIFIED,"t=61 [HELLO_TX] bat=100% nbr=13"
005A,SENSOR,1,UNIFIED,"t=63 [HELLO_RX] NEW AA04 tier=2(CH) verified=0 rssi=0.4"
005A,SENSOR,1,UNIFIED,"t=69 [HELLO_TX] bat=100% nbr=14"
005A,SENSOR,1,UNIFIED,"t=75 [HELLO_TX] bat=100% nbr=14"
005A,SENSOR,1,UNIFIED,"t=81 [HELLO_TX] bat=100% nbr=14"
005A,SENSOR,1,UNIFIED,"t=87 [HELLO_TX] bat=100% nbr=14"
005A,SENSOR,1,UNIFIED,"t=94 [HELLO_TX] bat=100% nbr=14"
005A,SENSOR,1,UNIFIED,"t=94 [HELLO_RX] NEW 0050 tier=1(UNK) verified=0 rssi=0.2"
005A,SENSOR,1,UNIFIED,"t=102 [HELLO_TX] bat=100% nbr=15"
005A,SENSOR,1,UNIFIED,"t=108 [HELLO_TX] bat=100% nbr=15"
005A,SENSOR,1,UNIFIED,"t=116 [HELLO_TX] bat=100% nbr=15"
005A,SENSOR,1,UNIFIED,"t=121 [HELLO_TX] bat=100% nbr=15"
005A,SENSOR,1,UNIFIED,"t=131 [HELLO_TX] bat=100% nbr=15"
005A,SENSOR,1,UNIFIED,"t=140 [HELLO_TX] bat=100% nbr=15"
005A,SENSOR,1,UNIFIED,"t=145 [HELLO_TX] bat=100% nbr=15"
005A,SENSOR,1,UNIFIED,"t=151 [HELLO_TX] bat=100% nbr=15"
005A,SENSOR,1,UNIFIED,"t=157 [HELLO_TX] bat=100% nbr=15"
005A,SENSOR,1,UNIFIED,"t=163 [HELLO_TX] bat=100% nbr=15"
005A,SENSOR,1,UNIFIED,"t=170 [HELLO_TX] bat=100% nbr=15"
005A,SENSOR,1,UNIFIED,"t=178 [HELLO_TX] bat=100% nbr=15"
005A,SENSOR,1,UNIFIED,"t=183 [HELLO_TX] bat=100% nbr=15"
005A,SENSOR,1,UNIFIED,"t=193 [HELLO_TX] bat=100% nbr=15"
005A,SENSOR,1,UNIFIED,"t=198 [HELLO_TX] bat=100% nbr=15"
005A,SENSOR,1,UNIFIED,"t=204 [HELLO_TX] bat=100% nbr=15"
005A,SENSOR,1,UNIFIED,"t=213 [HELLO_TX] bat=100% nbr=15"
005A,SENSOR,1,UNIFIED,"t=217 [HELLO_TX] bat=100% nbr=15"
005A,SENSOR,1,UNIFIED,"t=226 [HELLO_TX] bat=100% nbr=15"
005A,SENSOR,1,UNIFIED,"t=230 [HELLO_TX] bat=100% nbr=15"
005A,SENSOR,1,UNIFIED,"t=234 [HELLO_TX] bat=100% nbr=15"
005A,SENSOR,1,UNIFIED,"t=238 [HELLO_TX] bat=100% nbr=15"
005A,SENSOR,1,UNIFIED,"t=248 [HELLO_TX] bat=100% nbr=15"
005B,SENSOR,1,UNIFIED,"t=4 [HELLO_RX] NEW 005C tier=1(UNK) verified=0 rssi=1.3"
005B,SENSOR,1,UNIFIED,"t=7 [HELLO_RX] NEW 0041 tier=1(UNK) verified=0 rssi=1.7"
005B,SENSOR,1,UNIFIED,"t=9 [HELLO_RX] NEW 001F tier=1(UNK) verified=0 rssi=10.7"
005B,SENSOR,1,UNIFIED,"t=10 [HELLO_TX] bat=100% nbr=3"
005B,SENSOR,1,UNIFIED,"t=10 [HELLO_RX] NEW AA0A tier=2(CH) verified=0 rssi=2.0"
005B,SENSOR,1,UNIFIED,"t=14 [HELLO_RX] NEW FF03 tier=3(GWN) verified=0 rssi=0.0"
005B,SENSOR,1,UNIFIED,"t=15 [HELLO_RX] NEW 0005 tier=1(UNK) verified=0 rssi=0.7"
005B,SENSOR,1,UNIFIED,"t=16 [HELLO_RX] NEW FF02 tier=3(GWN) verified=0 rssi=0.1"
005B,SENSOR,1,UNIFIED,"t=19 [HELLO_RX] NEW 0020 tier=1(UNK) verified=0 rssi=0.6"
005B,SENSOR,1,UNIFIED,"t=20 [HELLO_TX] bat=100% nbr=8"
005B,SENSOR,1,UNIFIED,"t=22 [HELLO_RX] NEW 0023 tier=1(UNK) verified=0 rssi=0.4"
005B,SENSOR,1,UNIFIED,"t=26 [HELLO_RX] NEW 001A tier=1(UNK) verified=0 rssi=0.2"
005B,SENSOR,1,UNIFIED,"t=28 [HELLO_TX] bat=100% nbr=10"
005B,SENSOR,1,UNIFIED,"t=35 [HELLO_TX] bat=100% nbr=10"
005B,SENSOR,1,UNIFIED,"t=41 [HELLO_RX] NEW 000C tier=1(UNK) verified=0 rssi=0.2"
005B,SENSOR,1,UNIFIED,"t=45 [HELLO_TX] bat=100% nbr=11"
005B,SENSOR,1,UNIFIED,"t=48 [HELLO_RX] NEW 0046 tier=1(UNK) verified=0 rssi=0.2"
005B,SENSOR,1,UNIFIED,"t=52 [HELLO_TX] bat=100% nbr=12"
005B,SENSOR,1,UNIFIED,"t=52 [HELLO_RX] NEW 0030 tier=1(UNK) verified=0 rssi=0.4"
005B,SENSOR,1,UNIFIED,"t=57 [HELLO_TX] bat=100% nbr=13"
005B,SENSOR,1,UNIFIED,"t=57 [HELLO_RX] NEW 0052 tier=1(UNK) verified=0 rssi=0.3"
005B,SENSOR,1,UNIFIED,"t=60 [HELLO_RX] NEW 0054 tier=1(UNK) verified=0 rssi=0.2"
005B,SENSOR,1,UNIFIED,"t=63 [HELLO_TX] bat=100% nbr=15"
005B,SENSOR,1,UNIFIED,"t=73 [HELLO_TX] bat=100% nbr=15"
005B,SENSOR,1,UNIFIED,"t=73 [HELLO_RX] NEW FF0B tier=3(GWN) verified=1 rssi=0.6"
005B,SENSOR,1,UNIFIED,"t=83 [HELLO_TX] bat=100% nbr=16"
005B,SENSOR,1,UNIFIED,"t=87 [HELLO_TX] bat=100% nbr=16"
005B,SENSOR,1,UNIFIED,"t=95 [HELLO_TX] bat=100% nbr=16"
005B,SENSOR,1,UNIFIED,"t=103 [HELLO_TX] bat=100% nbr=16"
005B,SENSOR,1,UNIFIED,"t=112 [HELLO_TX] bat=100% nbr=16"
005B,SENSOR,1,UNIFIED,"t=120 [HELLO_TX] bat=100% nbr=16"
005B,SENSOR,1,UNIFIED,"t=123 [HELLO_RX] NEW 0043 tier=1(UNK) verified=0 rssi=0.2"
005B,SENSOR,1,UNIFIED,"t=125 [HELLO_TX] bat=100% nbr=17"
005B,SENSOR,1,UNIFIED,"t=127 [HELLO_RX] NEW FF01 tier=3(GWN) verified=1 rssi=0.1"
005B,SENSOR,1,UNIFIED,"t=133 [HELLO_TX] bat=100% nbr=18"
005B,SENSOR,1,UNIFIED,"t=133 [HELLO_RX] NEW 002A tier=1(UNK) verified=0 rssi=0.3"
005B,SENSOR,1,UNIFIED,"t=137 [HELLO_TX] bat=100% nbr=19"
005B,SENSOR,1,UNIFIED,"t=142 [HELLO_TX] bat=100% nbr=19"
005B,SENSOR,1,UNIFIED,"t=150 [HELLO_TX] bat=100% nbr=19"
005B,SENSOR,1,UNIFIED,"t=158 [HELLO_TX] bat=100% nbr=19"
005B,SENSOR,1,UNIFIED,"t=162 [HELLO_TX] bat=100% nbr=19"
005B,SENSOR,1,UNIFIED,"t=166 [HELLO_TX] bat=100% nbr=19"
005B,SENSOR,1,UNIFIED,"t=168 [HELLO_RX] NEW 0035 tier=1(UNK) verified=0 rssi=0.2"
005B,SENSOR,1,UNIFIED,"t=172 [HELLO_TX] bat=100% nbr=20"
005B,SENSOR,1,UNIFIED,"t=178 [HELLO_TX] bat=100% nbr=20"
005B,SENSOR,1,UNIFIED,"t=185 [HELLO_TX] bat=100% nbr=20"
005B,SENSOR,1,UNIFIED,"t=192 [HELLO_TX] bat=100% nbr=20"
005B,SENSOR,1,UNIFIED,"t=196 [HELLO_TX] bat=100% nbr=20"
005B,SENSOR,1,UNIFIED,"t=205 [HELLO_TX] bat=100% nbr=20"
005B,SENSOR,1,UNIFIED,"t=207 [HELLO_RX] NEW AA07 tier=2(CH) verified=0 rssi=0.2"
005B,SENSOR,1,UNIFIED,"t=210 [HELLO_TX] bat=100% nbr=21"
005B,SENSOR,1,UNIFIED,"t=216 [HELLO_TX] bat=100% nbr=21"
005B,SENSOR,1,UNIFIED,"t=226 [HELLO_TX] bat=100% nbr=21"
005B,SENSOR,1,UNIFIED,"t=236 [HELLO_TX] bat=100% nbr=21"
005B,SENSOR,1,UNIFIED,"t=243 [HELLO_TX] bat=100% nbr=21"
005C,SENSOR,1,UNIFIED,"t=4 [HELLO_TX] bat=100% nbr=0"
005C,SENSOR,1,UNIFIED,"t=5 [HELLO_RX] NEW 0030 tier=1(UNK) verified=0 rssi=3.4"
005C,SENSOR,1,UNIFIED,"t=6 [HELLO_RX] NEW 0043 tier=1(UNK) verified=0 rssi=0.2"
005C,SENSOR,1,UNIFIED,"t=7 [HELLO_RX] NEW 0035 tier=1(UNK) verified=0 rssi=0.7"
005C,SENSOR,1,UNIFIED,"t=8 [HELLO_TX] bat=100% nbr=3"
005C,SENSOR,1,UNIFIED,"t=9 [HELLO_RX] NEW 001A tier=1(UNK) verified=0 rssi=0.7"
005C,SENSOR,1,UNIFIED,"t=10 [HELLO_RX] NEW AA0A tier=2(CH) verified=0 rssi=3.8"
005C,SENSOR,1,UNIFIED,"t=12 [HELLO_TX] bat=100% nbr=5"
005C,SENSOR,1,UNIFIED,"t=13 [HELLO_RX] NEW 0041 tier=1(UNK) verified=0 rssi=1.8"
005C,SENSOR,1,UNIFIED,"t=15 [HELLO_RX] NEW 0002 tier=1(UNK) verified=0 rssi=0.5"
005C,SENSOR,1,UNIFIED,"t=17 [HELLO_RX] NEW FF0B tier=3(GWN) verified=0 rssi=0.9"
005C,SENSOR,1,UNIFIED,"t=19 [HELLO_RX] NEW 0013 tier=1(UNK) verified=0 rssi=0.3"
005C,SENSOR,1,UNIFIED,"t=20 [HELLO_TX] bat=100% nbr=9"
005C,SENSOR,1,UNIFIED,"t=20 [HELLO_RX] NEW 005B tier=1(UNK) verified=0 rssi=1.3"
005C,SENSOR,1,UNIFIED,"t=21 [HELLO_RX] NEW 0005 tier=1(UNK) verified=0 rssi=0.2"
005C,SENSOR,1,UNIFIED,"t=23 [HELLO_RX] NEW 001F tier=1(UNK) verified=0 rssi=0.6"
005C,SENSOR,1,UNIFIED,"t=27 [HELLO_RX] NEW 0023 tier=1(UNK) verified=0 rssi=0.5"
005C,SENSOR,1,UNIFIED,"t=29 [HELLO_TX] bat=100% nbr=13"
005C,SENSOR,1,UNIFIED,"t=36 [HELLO_RX] NEW FF02 tier=3(GWN) verified=0 rssi=0.2"
005C,SENSOR,1,UNIFIED,"t=39 [HELLO_TX] bat=100% nbr=14"
005C,SENSOR,1,UNIFIED,"t=44 [HELLO_TX] bat=100% nbr=14"
005C,SENSOR,1,UNIFIED,"t=49 [HELLO_TX] bat=100% nbr=14"
005C,SENSOR,1,UNIFIED,"t=56 [HELLO_TX] bat=100% nbr=14"
005C,SENSOR,1,UNIFIED,"t=60 [HELLO_RX] NEW 0054 tier=1(UNK) verified=0 rssi=0.3"
005C,SENSOR,1,UNIFIED,"t=62 [HELLO_TX] bat=100% nbr=15"
005C,SENSOR,1,UNIFIED,"t=63 [HELLO_RX] NEW 0046 tier=1(UNK) verified=0 rssi=0.5"
005C,SENSOR,1,UNIFIED,"t=67 [HELLO_RX] NEW 004F tier=1(UNK) verified=0 rssi=0.2"
005C,SENSOR,1,UNIFIED,"t=70 [HELLO_TX] bat=100% nbr=17"
005C,SENSOR,1,UNIFIED,"t=79 [HELLO_TX] bat=100% nbr=17"
005C,SENSOR,1,UNIFIED,"t=88 [HELLO_RX] NEW AA07 tier=2(CH) verified=0 rssi=0.4"
005C,SENSOR,1,UNIFIED,"t=89 [HELLO_TX] bat=100% nbr=18"
005C,SENSOR,1,UNIFIED,"t=97 [HELLO_TX] bat=100% nbr=18"
005C,SENSOR,1,UNIFIED,"t=102 [HELLO_TX] bat=100% nbr=18"
005C,SENSOR,1,UNIFIED,"t=110 [HELLO_TX] bat=100% nbr=18"
005C,SENSOR,1,UNIFIED,"t=120 [HELLO_TX] bat=100% nbr=18"
005C,SENSOR,1,UNIFIED,"t=130 [HELLO_TX] bat=100% nbr=18"
005C,SENSOR,1,UNIFIED,"t=137 [HELLO_TX] bat=100% nbr=18"
005C,SENSOR,1,UNIFIED,"t=141 [HELLO_TX] bat=100% nbr=18"
005C,SENSOR,1,UNIFIED,"t=141 [HELLO_RX] NEW 0052 tier=1(UNK) verified=0 rssi=0.2"
005C,SENSOR,1,UNIFIED,"t=148 [HELLO_TX] bat=100% nbr=19"
005C,SENSOR,1,UNIFIED,"t=155 [HELLO_TX] bat=100% nbr=19"
005C,SENSOR,1,UNIFIED,"t=164 [HELLO_TX] bat=100% nbr=19"
005C,SENSOR,1,UNIFIED,"t=170 [HELLO_TX] bat=100% nbr=19"
005C,SENSOR,1,UNIFIED,"t=174 [HELLO_TX] bat=100% nbr=19"
005C,SENSOR,1,UNIFIED,"t=182 [HELLO_TX] bat=100% nbr=19"
005C,SENSOR,1,UNIFIED,"t=191 [HELLO_TX] bat=100% nbr=19"
005C,SENSOR,1,UNIFIED,"t=196 [HELLO_TX] bat=100% nbr=19"
005C,SENSOR,1,UNIFIED,"t=203 [HELLO_TX] bat=100% nbr=19"
005C,SENSOR,1,UNIFIED,"t=210 [HELLO_TX] bat=100% nbr=19"
005C,SENSOR,1,UNIFIED,"t=220 [HELLO_TX] bat=100% nbr=19"
005C,SENSOR,1,UNIFIED,"t=224 [HELLO_TX] bat=100% nbr=19"
005C,SENSOR,1,UNIFIED,"t=229 [HELLO_TX] bat=100% nbr=19"
005C,SENSOR,1,UNIFIED,"t=235 [HELLO_TX] bat=100% nbr=19"
005C,SENSOR,1,UNIFIED,"t=244 [HELLO_TX] bat=100% nbr=19"
005D,SENSOR,1,UNIFIED,"t=6 [HELLO_TX] bat=100% nbr=0"
005D,SENSOR,1,UNIFIED,"t=6 [HELLO_RX] NEW 002B tier=1(UNK) verified=0 rssi=12.6"
005D,SENSOR,1,UNIFIED,"t=8 [HELLO_RX] NEW 001D tier=1(UNK) verified=0 rssi=1.9"
005D,SENSOR,1,UNIFIED,"t=9 [HELLO_RX] NEW 0028 tier=1(UNK) verified=0 rssi=0.2"
005D,SENSOR,1,UNIFIED,"t=13 [HELLO_RX] NEW AA05 tier=2(CH) verified=0 rssi=0.3"
005D,SENSOR,1,UNIFIED,"t=14 [HELLO_RX] NEW 005A tier=1(UNK) verified=0 rssi=0.3"
005D,SENSOR,1,UNIFIED,"t=16 [HELLO_TX] bat=100% nbr=5"
005D,SENSOR,1,UNIFIED,"t=17 [HELLO_RX] NEW 000C tier=1(UNK) verified=0 rssi=0.3"
005D,SENSOR,1,UNIFIED,"t=18 [HELLO_RX] NEW AA03 tier=2(CH) verified=0 rssi=0.6"
005D,SENSOR,1,UNIFIED,"t=19 [HELLO_RX] NEW 0064 tier=1(UNK) verified=0 rssi=0.3"
005D,SENSOR,1,UNIFIED,"t=20 [HELLO_TX] bat=100% nbr=8"
005D,SENSOR,1,UNIFIED,"t=25 [HELLO_RX] NEW 005E tier=1(UNK) verified=0 rssi=0.5"
005D,SENSOR,1,UNIFIED,"t=29 [HELLO_TX] bat=100% nbr=9"
005D,SENSOR,1,UNIFIED,"t=34 [HELLO_RX] NEW FF0A tier=3(GWN) verified=1 rssi=0.3"
005D,SENSOR,1,UNIFIED,"t=35 [HELLO_RX] NEW 002C tier=1(UNK) verified=0 rssi=1.1"
005D,SENSOR,1,UNIFIED,"t=36 [HELLO_TX] bat=100% nbr=11"
005D,SENSOR,1,UNIFIED,"t=38 [HELLO_RX] NEW FF01 tier=3(GWN) verified=0 rssi=0.2"
005D,SENSOR,1,UNIFIED,"t=40 [HELLO_TX] bat=100% nbr=12"
005D,SENSOR,1,UNIFIED,"t=44 [HELLO_TX] bat=100% nbr=12"
005D,SENSOR,1,UNIFIED,"t=49 [HELLO_TX] bat=100% nbr=12"
005D,SENSOR,1,UNIFIED,"t=58 [HELLO_TX] bat=100% nbr=12"
005D,SENSOR,1,UNIFIED,"t=64 [HELLO_TX] bat=100% nbr=12"
005D,SENSOR,1,UNIFIED,"t=70 [HELLO_RX] NEW 0060 tier=1(UNK) verified=0 rssi=0.2"
005D,SENSOR,1,UNIFIED,"t=71 [HELLO_TX] bat=100% nbr=13"
005D,SENSOR,1,UNIFIED,"t=76 [HELLO_TX] bat=100% nbr=13"
005D,SENSOR,1,UNIFIED,"t=85 [HELLO_TX] bat=100% nbr=13"
005D,SENSOR,1,UNIFIED,"t=90 [HELLO_TX] bat=100% nbr=13"
005D,SENSOR,1,UNIFIED,"t=97 [HELLO_TX] bat=100% nbr=13"
005D,SENSOR,1,UNIFIED,"t=102 [HELLO_TX] bat=100% nbr=13"
005D,SENSOR,1,UNIFIED,"t=110 [HELLO_TX] bat=100% nbr=13"
005D,SENSOR,1,UNIFIED,"t=118 [HELLO_TX] bat=100% nbr=13"
005D,SENSOR,1,UNIFIED,"t=122 [HELLO_TX] bat=100% nbr=13"
005D,SENSOR,1,UNIFIED,"t=127 [HELLO_TX] bat=100% nbr=13"
005D,SENSOR,1,UNIFIED,"t=137 [HELLO_TX] bat=100% nbr=13"
005D,SENSOR,1,UNIFIED,"t=145 [HELLO_TX] bat=100% nbr=13"
005D,SENSOR,1,UNIFIED,"t=151 [HELLO_TX] bat=100% nbr=13"
005D,SENSOR,1,UNIFIED,"t=155 [HELLO_TX] bat=100% nbr=13"
005D,SENSOR,1,UNIFIED,"t=157 [HELLO_RX] NEW FF0B tier=3(GWN) verified=1 rssi=0.1"
005D,SENSOR,1,UNIFIED,"t=159 [HELLO_RX] NEW 0025 tier=1(UNK) verified=0 rssi=0.2"
005D,SENSOR,1,UNIFIED,"t=161 [HELLO_TX] bat=100% nbr=15"
005D,SENSOR,1,UNIFIED,"t=170 [HELLO_TX] bat=100% nbr=15"
005D,SENSOR,1,UNIFIED,"t=174 [HELLO_TX] bat=100% nbr=15"
005D,SENSOR,1,UNIFIED,"t=183 [HELLO_TX] bat=100% nbr=15"
005D,SENSOR,1,UNIFIED,"t=189 [HELLO_TX] bat=100% nbr=15"
005D,SENSOR,1,UNIFIED,"t=199 [HELLO_TX] bat=100% nbr=15"
005D,SENSOR,1,UNIFIED,"t=201 [HELLO_RX] NEW FF08 tier=3(GWN) verified=1 rssi=0.2"
005D,SENSOR,1,UNIFIED,"t=208 [HELLO_TX] bat=100% nbr=16"
005D,SENSOR,1,UNIFIED,"t=217 [HELLO_TX] bat=100% nbr=16"
005D,SENSOR,1,UNIFIED,"t=225 [HELLO_TX] bat=100% nbr=16"
005D,SENSOR,1,UNIFIED,"t=231 [HELLO_TX] bat=100% nbr=16"
005D,SENSOR,1,UNIFIED,"t=235 [HELLO_TX] bat=100% nbr=16"
005D,SENSOR,1,UNIFIED,"t=244 [HELLO_TX] bat=100% nbr=16"
005D,SENSOR,1,UNIFIED,"t=249 [HELLO_TX] bat=100% nbr=16"
005E,SENSOR,1,UNIFIED,"t=4 [HELLO_RX] NEW AA05 tier=2(CH) verified=0 rssi=1.5"
005E,SENSOR,1,UNIFIED,"t=5 [HELLO_RX] NEW FF01 tier=3(GWN) verified=0 rssi=0.6"
005E,SENSOR,1,UNIFIED,"t=6 [HELLO_RX] NEW 0025 tier=1(UNK) verified=0 rssi=3.8"
005E,SENSOR,1,UNIFIED,"t=8 [HELLO_TX] bat=100% nbr=3"
005E,SENSOR,1,UNIFIED,"t=8 [HELLO_RX] NEW 001D tier=1(UNK) verified=0 rssi=4.0"
005E,SENSOR,1,UNIFIED,"t=14 [HELLO_RX] NEW AA03 tier=2(CH) verified=0 rssi=3.7"
005E,SENSOR,1,UNIFIED,"t=15 [HELLO_RX] NEW 0024 tier=1(UNK) verified=0 rssi=0.9"
005E,SENSOR,1,UNIFIED,"t=16 [HELLO_TX] bat=100% nbr=6"
005E,SENSOR,1,UNIFIED,"t=21 [HELLO_TX] bat=100% nbr=6"
005E,SENSOR,1,UNIFIED,"t=25 [HELLO_TX] bat=100% nbr=6"
005E,SENSOR,1,UNIFIED,"t=25 [HELLO_RX] NEW 000C tier=1(UNK) verified=0 rssi=0.2"
005E,SENSOR,1,UNIFIED,"t=30 [HELLO_RX] NEW 002B tier=1(UNK) verified=0 rssi=1.0"
005E,SENSOR,1,UNIFIED,"t=33 [HELLO_TX] bat=100% nbr=8"
005E,SENSOR,1,UNIFIED,"t=41 [HELLO_TX] bat=100% nbr=8"
005E,SENSOR,1,UNIFIED,"t=47 [HELLO_TX] bat=100% nbr=8"
005E,SENSOR,1,UNIFIED,"t=49 [HELLO_RX] NEW 005D tier=1(UNK) verified=0 rssi=0.5"
005E,SENSOR,1,UNIFIED,"t=56 [HELLO_TX] bat=100% nbr=9"
005E,SENSOR,1,UNIFIED,"t=65 [HELLO_TX] bat=100% nbr=9"
005E,SENSOR,1,UNIFIED,"t=73 [HELLO_RX] NEW FF0B tier=3(GWN) verified=1 rssi=0.1"
005E,SENSOR,1,UNIFIED,"t=74 [HELLO_TX] bat=100% nbr=10"
005E,SENSOR,1,UNIFIED,"t=82 [HELLO_TX] bat=100% nbr=10"
005E,SENSOR,1,UNIFIED,"t=88 [HELLO_TX] bat=100% nbr=10"
005E,SENSOR,1,UNIFIED,"t=94 [HELLO_TX] bat=100% nbr=10"
005E,SENSOR,1,UNIFIED,"t=101 [HELLO_TX] bat=100% nbr=10"
005E,SENSOR,1,UNIFIED,"t=110 [HELLO_TX] bat=100% nbr=10"
005E,SENSOR,1,UNIFIED,"t=120 [HELLO_TX] bat=100% nbr=10"
005E,SENSOR,1,UNIFIED,"t=125 [HELLO_TX] bat=100% nbr=10"
005E,SENSOR,1,UNIFIED,"t=129 [HELLO_TX] bat=100% nbr=10"
005E,SENSOR,1,UNIFIED,"t=137 [HELLO_TX] bat=100% nbr=10"
005E,SENSOR,1,UNIFIED,"t=145 [HELLO_TX] bat=100% nbr=10"
005E,SENSOR,1,UNIFIED,"t=146 [HELLO_RX] NEW 0016 tier=1(UNK) verified=0 rssi=0.2"
005E,SENSOR,1,UNIFIED,"t=154 [HELLO_TX] bat=100% nbr=11"
005E,SENSOR,1,UNIFIED,"t=159 [HELLO_TX] bat=100% nbr=11"
005E,SENSOR,1,UNIFIED,"t=169 [HELLO_TX] bat=100% nbr=11"
005E,SENSOR,1,UNIFIED,"t=173 [HELLO_TX] bat=100% nbr=11"
005E,SENSOR,1,UNIFIED,"t=177 [HELLO_TX] bat=100% nbr=11"
005E,SENSOR,1,UNIFIED,"t=183 [HELLO_TX] bat=100% nbr=11"
005E,SENSOR,1,UNIFIED,"t=185 [HELLO_RX] NEW 004C tier=1(UNK) verified=0 rssi=0.2"
005E,SENSOR,1,UNIFIED,"t=188 [HELLO_TX] bat=100% nbr=12"
005E,SENSOR,1,UNIFIED,"t=195 [HELLO_TX] bat=100% nbr=12"
005E,SENSOR,1,UNIFIED,"t=202 [HELLO_TX] bat=100% nbr=12"
005E,SENSOR,1,UNIFIED,"t=211 [HELLO_TX] bat=100% nbr=12"
005E,SENSOR,1,UNIFIED,"t=219 [HELLO_TX] bat=100% nbr=12"
005E,SENSOR,1,UNIFIED,"t=226 [HELLO_TX] bat=100% nbr=12"
005E,SENSOR,1,UNIFIED,"t=233 [HELLO_TX] bat=100% nbr=12"
005E,SENSOR,1,UNIFIED,"t=234 [HELLO_RX] NEW FF0A tier=3(GWN) verified=1 rssi=0.1"
005E,SENSOR,1,UNIFIED,"t=239 [HELLO_TX] bat=100% nbr=13"
005E,SENSOR,1,UNIFIED,"t=244 [HELLO_TX] bat=100% nbr=13"
005E,SENSOR,1,UNIFIED,"t=249 [HELLO_TX] bat=100% nbr=13"
005F,SENSOR,1,UNIFIED,"t=4 [HELLO_RX] NEW 0001 tier=1(UNK) verified=0 rssi=0.8"
005F,SENSOR,1,UNIFIED,"t=5 [HELLO_RX] NEW 004A tier=1(UNK) verified=0 rssi=1.8"
005F,SENSOR,1,UNIFIED,"t=7 [HELLO_RX] NEW 001E tier=1(UNK) verified=0 rssi=0.3"
005F,SENSOR,1,UNIFIED,"t=8 [HELLO_TX] bat=100% nbr=3"
005F,SENSOR,1,UNIFIED,"t=8 [HELLO_RX] NEW 002F tier=1(UNK) verified=0 rssi=0.5"
005F,SENSOR,1,UNIFIED,"t=9 [HELLO_RX] NEW 0008 tier=1(UNK) verified=0 rssi=0.8"
005F,SENSOR,1,UNIFIED,"t=10 [HELLO_RX] NEW AA08 tier=2(CH) verified=0 rssi=2.9"
005F,SENSOR,1,UNIFIED,"t=11 [HELLO_RX] NEW 004B tier=1(UNK) verified=0 rssi=0.3"
005F,SENSOR,1,UNIFIED,"t=12 [HELLO_RX] NEW FF0C tier=3(GWN) verified=0 rssi=0.3"
005F,SENSOR,1,UNIFIED,"t=13 [HELLO_RX] NEW 004E tier=1(UNK) verified=0 rssi=0.4"
005F,SENSOR,1,UNIFIED,"t=14 [HELLO_RX] NEW 001B tier=1(UNK) verified=0 rssi=0.6"
005F,SENSOR,1,UNIFIED,"t=16 [HELLO_TX] bat=100% nbr=10"
005F,SENSOR,1,UNIFIED,"t=20 [HELLO_TX] bat=100% nbr=10"
005F,SENSOR,1,UNIFIED,"t=23 [HELLO_RX] NEW 0032 tier=1(UNK) verified=0 rssi=1.0"
005F,SENSOR,1,UNIFIED,"t=27 [HELLO_TX] bat=100% nbr=11"
005F,SENSOR,1,UNIFIED,"t=28 [HELLO_RX] NEW 004D tier=1(UNK) verified=0 rssi=0.2"
005F,SENSOR,1,UNIFIED,"t=34 [HELLO_TX] bat=100% nbr=12"
005F,SENSOR,1,UNIFIED,"t=36 [HELLO_RX] NEW FF04 tier=3(GWN) verified=0 rssi=0.1"
005F,SENSOR,1,UNIFIED,"t=38 [HELLO_RX] NEW 0022 tier=1(UNK) verified=0 rssi=0.2"
005F,SENSOR,1,UNIFIED,"t=41 [HELLO_RX] NEW 0007 tier=1(UNK) verified=0 rssi=0.5"
005F,SENSOR,1,UNIFIED,"t=42 [HELLO_RX] NEW 000B tier=1(UNK) verified=0 rssi=0.4"
005F,SENSOR,1,UNIFIED,"t=44 [HELLO_TX] bat=100% nbr=16"
005F,SENSOR,1,UNIFIED,"t=50 [HELLO_TX] bat=100% nbr=16"
005F,SENSOR,1,UNIFIED,"t=53 [HELLO_RX] NEW 0017 tier=1(UNK) verified=0 rssi=0.2"
005F,SENSOR,1,UNIFIED,"t=58 [HELLO_TX] bat=100% nbr=17"
005F,SENSOR,1,UNIFIED,"t=63 [HELLO_TX] bat=100% nbr=17"
005F,SENSOR,1,UNIFIED,"t=69 [HELLO_TX] bat=100% nbr=17"
005F,SENSOR,1,UNIFIED,"t=78 [HELLO_TX] bat=100% nbr=17"
005F,SENSOR,1,UNIFIED,"t=78 [HELLO_RX] NEW AA06 tier=2(CH) verified=0 rssi=0.3"
005F,SENSOR,1,UNIFIED,"t=86 [HELLO_TX] bat=100% nbr=18"
005F,SENSOR,1,UNIFIED,"t=92 [HELLO_TX] bat=100% nbr=18"
005F,SENSOR,1,UNIFIED,"t=102 [HELLO_TX] bat=100% nbr=18"
005F,SENSOR,1,UNIFIED,"t=112 [HELLO_TX] bat=100% nbr=18"
005F,SENSOR,1,UNIFIED,"t=120 [HELLO_TX] bat=100% nbr=18"
005F,SENSOR,1,UNIFIED,"t=120 [HELLO_RX] NEW AA02 tier=2(CH) verified=0 rssi=0.2"
005F,SENSOR,1,UNIFIED,"t=129 [HELLO_TX] bat=100% nbr=19"
005F,SENSOR,1,UNIFIED,"t=137 [HELLO_TX] bat=100% nbr=19"
005F,SENSOR,1,UNIFIED,"t=147 [HELLO_TX] bat=100% nbr=19"
005F,SENSOR,1,UNIFIED,"t=157 [HELLO_TX] bat=100% nbr=19"
005F,SENSOR,1,UNIFIED,"t=162 [HELLO_TX] bat=100% nbr=19"
005F,SENSOR,1,UNIFIED,"t=168 [HELLO_TX] bat=100% nbr=19"
005F,SENSOR,1,UNIFIED,"t=172 [HELLO_TX] bat=100% nbr=19"
005F,SENSOR,1,UNIFIED,"t=179 [HELLO_TX] bat=100% nbr=19"
005F,SENSOR,1,UNIFIED,"t=184 [HELLO_TX] bat=100% nbr=19"
005F,SENSOR,1,UNIFIED,"t=193 [HELLO_TX] bat=100% nbr=19"
005F,SENSOR,1,UNIFIED,"t=202 [HELLO_TX] bat=100% nbr=19"
005F,SENSOR,1,UNIFIED,"t=206 [HELLO_TX] bat=100% nbr=19"
005F,SENSOR,1,UNIFIED,"t=211 [HELLO_TX] bat=100% nbr=19"
005F,SENSOR,1,UNIFIED,"t=219 [HELLO_TX] bat=100% nbr=19"
005F,SENSOR,1,UNIFIED,"t=227 [HELLO_TX] bat=100% nbr=19"
005F,SENSOR,1,UNIFIED,"t=233 [HELLO_TX] bat=100% nbr=19"
005F,SENSOR,1,UNIFIED,"t=240 [HELLO_TX] bat=100% nbr=19"
005F,SENSOR,1,UNIFIED,"t=243 [HELLO_RX] NEW FF05 tier=3(GWN) verified=1 rssi=0.1"
005F,SENSOR,1,UNIFIED,"t=247 [HELLO_TX] bat=100% nbr=20"
0060,SENSOR,1,UNIFIED,"t=4 [HELLO_RX] NEW 005A tier=1(UNK) verified=0 rssi=1.7"
0060,SENSOR,1,UNIFIED,"t=6 [HELLO_TX] bat=100% nbr=1"
0060,SENSOR,1,UNIFIED,"t=6 [HELLO_RX] NEW FF0A tier=3(GWN) verified=0 rssi=3.8"
0060,SENSOR,1,UNIFIED,"t=8 [HELLO_RX] NEW FF08 tier=3(GWN) verified=0 rssi=1.6"
0060,SENSOR,1,UNIFIED,"t=9 [HELLO_RX] NEW 003E tier=1(UNK) verified=0 rssi=8.2"
0060,SENSOR,1,UNIFIED,"t=10 [HELLO_RX] NEW 0064 tier=1(UNK) verified=0 rssi=4.5"
0060,SENSOR,1,UNIFIED,"t=12 [HELLO_TX] bat=100% nbr=5"
0060,SENSOR,1,UNIFIED,"t=16 [HELLO_RX] NEW 0036 tier=1(UNK) verified=0 rssi=1.5"
0060,SENSOR,1,UNIFIED,"t=19 [HELLO_TX] bat=100% nbr=6"
0060,SENSOR,1,UNIFIED,"t=20 [HELLO_RX] NEW 0053 tier=1(UNK) verified=0 rssi=0.4"
0060,SENSOR,1,UNIFIED,"t=23 [HELLO_TX] bat=100% nbr=7"
0060,SENSOR,1,UNIFIED,"t=23 [HELLO_RX] NEW 0047 tier=1(UNK) verified=0 rssi=1.5"
0060,SENSOR,1,UNIFIED,"t=33 [HELLO_TX] bat=100% nbr=8"
0060,SENSOR,1,UNIFIED,"t=37 [HELLO_TX] bat=100% nbr=8"
0060,SENSOR,1,UNIFIED,"t=40 [HELLO_RX] NEW 002C tier=1(UNK) verified=0 rssi=0.8"
0060,SENSOR,1,UNIFIED,"t=42 [HELLO_TX] bat=100% nbr=9"
0060,SENSOR,1,UNIFIED,"t=48 [HELLO_TX] bat=100% nbr=9"
0060,SENSOR,1,UNIFIED,"t=49 [HELLO_RX] NEW 0028 tier=1(UNK) verified=0 rssi=4.2"
0060,SENSOR,1,UNIFIED,"t=57 [HELLO_TX] bat=100% nbr=10"
0060,SENSOR,1,UNIFIED,"t=66 [HELLO_TX] bat=100% nbr=10"
0060,SENSOR,1,UNIFIED,"t=70 [HELLO_TX] bat=100% nbr=10"
0060,SENSOR,1,UNIFIED,"t=76 [HELLO_RX] NEW 005D tier=1(UNK) verified=0 rssi=0.2"
0060,SENSOR,1,UNIFIED,"t=80 [HELLO_TX] bat=100% nbr=11"
0060,SENSOR,1,UNIFIED,"t=89 [HELLO_TX] bat=100% nbr=11"
0060,SENSOR,1,UNIFIED,"t=97 [HELLO_TX] bat=100% nbr=11"
0060,SENSOR,1,UNIFIED,"t=101 [HELLO_TX] bat=100% nbr=11"
0060,SENSOR,1,UNIFIED,"t=107 [HELLO_TX] bat=100% nbr=11"
0060,SENSOR,1,UNIFIED,"t=115 [HELLO_TX] bat=100% nbr=11"
0060,SENSOR,1,UNIFIED,"t=124 [HELLO_TX] bat=100% nbr=11"
0060,SENSOR,1,UNIFIED,"t=132 [HELLO_TX] bat=100% nbr=11"
0060,SENSOR,1,UNIFIED,"t=133 [HELLO_RX] NEW 0050 tier=1(UNK) verified=0 rssi=0.2"
0060,SENSOR,1,UNIFIED,"t=139 [HELLO_TX] bat=100% nbr=12"
0060,SENSOR,1,UNIFIED,"t=144 [HELLO_TX] bat=100% nbr=12"
0060,SENSOR,1,UNIFIED,"t=153 [HELLO_TX] bat=100% nbr=12"
0060,SENSOR,1,UNIFIED,"t=161 [HELLO_TX] bat=100% nbr=12"
0060,SENSOR,1,UNIFIED,"t=169 [HELLO_TX] bat=100% nbr=12"
0060,SENSOR,1,UNIFIED,"t=174 [HELLO_TX] bat=100% nbr=12"
0060,SENSOR,1,UNIFIED,"t=177 [HELLO_RX] NEW AA04 tier=2(CH) verified=0 rssi=0.6"
0060,SENSOR,1,UNIFIED,"t=178 [HELLO_TX] bat=100% nbr=13"
0060,SENSOR,1,UNIFIED,"t=184 [HELLO_TX] bat=100% nbr=13"
0060,SENSOR,1,UNIFIED,"t=192 [HELLO_TX] bat=100% nbr=13"
0060,SENSOR,1,UNIFIED,"t=197 [HELLO_TX] bat=100% nbr=13"
0060,SENSOR,1,UNIFIED,"t=204 [HELLO_TX] bat=100% nbr=13"
0060,SENSOR,1,UNIFIED,"t=208 [HELLO_TX] bat=100% nbr=13"
0060,SENSOR,1,UNIFIED,"t=217 [HELLO_TX] bat=100% nbr=13"
0060,SENSOR,1,UNIFIED,"t=224 [HELLO_TX] bat=100% nbr=13"
0060,SENSOR,1,UNIFIED,"t=233 [HELLO_TX] bat=100% nbr=13"
0060,SENSOR,1,UNIFIED,"t=241 [HELLO_TX] bat=100% nbr=13"
0061,SENSOR,1,UNIFIED,"t=4 [HELLO_TX] bat=100% nbr=0"
0061,SENSOR,1,UNIFIED,"t=4 [HELLO_RX] NEW AA01 tier=2(CH) verified=0 rssi=0.2"
0061,SENSOR,1,UNIFIED,"t=5 [HELLO_RX] NEW 0063 tier=1(UNK) verified=0 rssi=0.9"
0061,SENSOR,1,UNIFIED,"t=6 [HELLO_RX] NEW 0009 tier=1(UNK) verified=0 rssi=0.4"
0061,SENSOR,1,UNIFIED,"t=7 [HELLO_RX] NEW 0056 tier=1(UNK) verified=0 rssi=6.4"
0061,SENSOR,1,UNIFIED,"t=8 [HELLO_RX] NEW 0012 tier=1(UNK) verified=0 rssi=0.3"
0061,SENSOR,1,UNIFIED,"t=9 [HELLO_RX] NEW 002D tier=1(UNK) verified=0 rssi=61.6"
0061,SENSOR,1,UNIFIED,"t=10 [HELLO_RX] NEW AA07 tier=2(CH) verified=0 rssi=0.2"
0061,SENSOR,1,UNIFIED,"t=14 [HELLO_TX] bat=100% nbr=7"
0061,SENSOR,1,UNIFIED,"t=16 [HELLO_RX] NEW FF02 tier=3(GWN) verified=0 rssi=0.4"
0061,SENSOR,1,UNIFIED,"t=19 [HELLO_RX] NEW AA06 tier=2(CH) verified=0 rssi=0.3"
0061,SENSOR,1,UNIFIED,"t=20 [HELLO_RX] NEW AA09 tier=2(CH) verified=0 rssi=0.6"
0061,SENSOR,1,UNIFIED,"t=21 [HELLO_TX] bat=100% nbr=10"
0061,SENSOR,1,UNIFIED,"t=28 [HELLO_TX] bat=100% nbr=10"
0061,SENSOR,1,UNIFIED,"t=30 [HELLO_RX] NEW 0031 tier=1(UNK) verified=0 rssi=0.2"
0061,SENSOR,1,UNIFIED,"t=31 [HELLO_RX] NEW FF07 tier=3(GWN) verified=0 rssi=0.1"
0061,SENSOR,1,UNIFIED,"t=36 [HELLO_TX] bat=100% nbr=12"
0061,SENSOR,1,UNIFIED,"t=36 [HELLO_RX] NEW FF04 tier=3(GWN) verified=0 rssi=0.2"
0061,SENSOR,1,UNIFIED,"t=40 [HELLO_RX] NEW 002E tier=1(UNK) verified=0 rssi=0.2"
0061,SENSOR,1,UNIFIED,"t=46 [HELLO_TX] bat=100% nbr=14"
0061,SENSOR,1,UNIFIED,"t=52 [HELLO_TX] bat=100% nbr=14"
0061,SENSOR,1,UNIFIED,"t=59 [HELLO_TX] bat=100% nbr=14"
0061,SENSOR,1,UNIFIED,"t=65 [HELLO_TX] bat=100% nbr=14"
0061,SENSOR,1,UNIFIED,"t=72 [HELLO_TX] bat=100% nbr=14"
0061,SENSOR,1,UNIFIED,"t=82 [HELLO_TX] bat=100% nbr=14"
0061,SENSOR,1,UNIFIED,"t=83 [HELLO_RX] NEW FF06 tier=3(GWN) verified=1 rssi=0.2"
0061,SENSOR,1,UNIFIED,"t=86 [HELLO_TX] bat=100% nbr=15"
0061,SENSOR,1,UNIFIED,"t=86 [HELLO_RX] NEW 000D tier=1(UNK) verified=0 rssi=0.2"
0061,SENSOR,1,UNIFIED,"t=94 [HELLO_TX] bat=100% nbr=16"
0061,SENSOR,1,UNIFIED,"t=99 [HELLO_TX] bat=100% nbr=16"
0061,SENSOR,1,UNIFIED,"t=104 [HELLO_TX] bat=100% nbr=16"
0061,SENSOR,1,UNIFIED,"t=109 [HELLO_TX] bat=100% nbr=16"
0061,SENSOR,1,UNIFIED,"t=116 [HELLO_TX] bat=100% nbr=16"
0061,SENSOR,1,UNIFIED,"t=121 [HELLO_TX] bat=100% nbr=16"
0061,SENSOR,1,UNIFIED,"t=126 [HELLO_TX] bat=100% nbr=16"
0061,SENSOR,1,UNIFIED,"t=130 [HELLO_TX] bat=100% nbr=16"
0061,SENSOR,1,UNIFIED,"t=131 [HELLO_RX] NEW 0018 tier=1(UNK) verified=0 rssi=0.2"
0061,SENSOR,1,UNIFIED,"t=137 [HELLO_TX] bat=100% nbr=17"
0061,SENSOR,1,UNIFIED,"t=138 [HELLO_RX] NEW 0058 tier=1(UNK) verified=0 rssi=0.2"
0061,SENSOR,1,UNIFIED,"t=143 [HELLO_TX] bat=100% nbr=18"
0061,SENSOR,1,UNIFIED,"t=147 [HELLO_TX] bat=100% nbr=18"
0061,SENSOR,1,UNIFIED,"t=157 [HELLO_TX] bat=100% nbr=18"
0061,SENSOR,1,UNIFIED,"t=162 [HELLO_TX] bat=100% nbr=18"
0061,SENSOR,1,UNIFIED,"t=168 [HELLO_TX] bat=100% nbr=18"
0061,SENSOR,1,UNIFIED,"t=175 [HELLO_TX] bat=100% nbr=18"
0061,SENSOR,1,UNIFIED,"t=180 [HELLO_TX] bat=100% nbr=18"
0061,SENSOR,1,UNIFIED,"t=186 [HELLO_TX] bat=100% nbr=18"
0061,SENSOR,1,UNIFIED,"t=188 [HELLO_RX] NEW FF05 tier=3(GWN) verified=1 rssi=0.1"
0061,SENSOR,1,UNIFIED,"t=193 [HELLO_TX] bat=100% nbr=19"
0061,SENSOR,1,UNIFIED,"t=198 [HELLO_TX] bat=100% nbr=19"
0061,SENSOR,1,UNIFIED,"t=203 [HELLO_TX] bat=100% nbr=19"
0061,SENSOR,1,UNIFIED,"t=205 [HELLO_RX] NEW 0013 tier=1(UNK) verified=0 rssi=0.2"
0061,SENSOR,1,UNIFIED,"t=210 [HELLO_TX] bat=100% nbr=20"
0061,SENSOR,1,UNIFIED,"t=219 [HELLO_TX] bat=100% nbr=20"
0061,SENSOR,1,UNIFIED,"t=224 [HELLO_TX] bat=100% nbr=20"
0061,SENSOR,1,UNIFIED,"t=229 [HELLO_TX] bat=100% nbr=20"
0061,SENSOR,1,UNIFIED,"t=237 [HELLO_TX] bat=100% nbr=20"
0061,SENSOR,1,UNIFIED,"t=244 [HELLO_TX] bat=100% nbr=20"
0062,SENSOR,1,UNIFIED,"t=5 [HELLO_RX] NEW 0022 tier=1(UNK) verified=0 rssi=1.9"
0062,SENSOR,1,UNIFIED,"t=6 [HELLO_TX] bat=100% nbr=1"
0062,SENSOR,1,UNIFIED,"t=7 [HELLO_RX] NEW 0027 tier=1(UNK) verified=0 rssi=10.7"
0062,SENSOR,1,UNIFIED,"t=8 [HELLO_RX] NEW 0011 tier=1(UNK) verified=0 rssi=0.4"
0062,SENSOR,1,UNIFIED,"t=9 [HELLO_RX] NEW 004D tier=1(UNK) verified=0 rssi=0.9"
0062,SENSOR,1,UNIFIED,"t=10 [HELLO_RX] NEW 0038 tier=1(UNK) verified=0 rssi=0.5"
0062,SENSOR,1,UNIFIED,"t=12 [HELLO_RX] NEW FF0C tier=3(GWN) verified=0 rssi=4.0"
0062,SENSOR,1,UNIFIED,"t=14 [HELLO_TX] bat=100% nbr=6"
0062,SENSOR,1,UNIFIED,"t=18 [HELLO_TX] bat=100% nbr=6"
0062,SENSOR,1,UNIFIED,"t=26 [HELLO_RX] NEW 0039 tier=1(UNK) verified=0 rssi=0.3"
0062,SENSOR,1,UNIFIED,"t=28 [HELLO_TX] bat=100% nbr=7"
0062,SENSOR,1,UNIFIED,"t=29 [HELLO_RX] NEW 001B tier=1(UNK) verified=0 rssi=0.3"
0062,SENSOR,1,UNIFIED,"t=34 [HELLO_TX] bat=100% nbr=8"
0062,SENSOR,1,UNIFIED,"t=41 [HELLO_TX] bat=100% nbr=8"
0062,SENSOR,1,UNIFIED,"t=50 [HELLO_TX] bat=100% nbr=8"
0062,SENSOR,1,UNIFIED,"t=60 [HELLO_TX] bat=100% nbr=8"
0062,SENSOR,1,UNIFIED,"t=64 [HELLO_TX] bat=100% nbr=8"
0062,SENSOR,1,UNIFIED,"t=68 [HELLO_RX] NEW 000B tier=1(UNK) verified=0 rssi=0.4"
0062,SENSOR,1,UNIFIED,"t=74 [HELLO_TX] bat=100% nbr=9"
0062,SENSOR,1,UNIFIED,"t=81 [HELLO_TX] bat=100% nbr=9"
0062,SENSOR,1,UNIFIED,"t=84 [HELLO_RX] NEW 001C tier=1(UNK) verified=0 rssi=0.2"
0062,SENSOR,1,UNIFIED,"t=85 [HELLO_TX] bat=100% nbr=10"
0062,SENSOR,1,UNIFIED,"t=90 [HELLO_TX] bat=100% nbr=10"
0062,SENSOR,1,UNIFIED,"t=98 [HELLO_TX] bat=100% nbr=10"
0062,SENSOR,1,UNIFIED,"t=105 [HELLO_TX] bat=100% nbr=10"
0062,SENSOR,1,UNIFIED,"t=111 [HELLO_TX] bat=100% nbr=10"
0062,SENSOR,1,UNIFIED,"t=115 [HELLO_RX] NEW 004A tier=1(UNK) verified=0 rssi=0.2"
0062,SENSOR,1,UNIFIED,"t=117 [HELLO_TX] bat=100% nbr=11"
0062,SENSOR,1,UNIFIED,"t=126 [HELLO_TX] bat=100% nbr=11"
0062,SENSOR,1,UNIFIED,"t=132 [HELLO_TX] bat=100% nbr=11"
0062,SENSOR,1,UNIFIED,"t=138 [HELLO_TX] bat=100% nbr=11"
0062,SENSOR,1,UNIFIED,"t=144 [HELLO_TX] bat=100% nbr=11"
0062,SENSOR,1,UNIFIED,"t=153 [HELLO_TX] bat=100% nbr=11"
0062,SENSOR,1,UNIFIED,"t=157 [HELLO_TX] bat=100% nbr=11"
0062,SENSOR,1,UNIFIED,"t=162 [HELLO_TX] bat=100% nbr=11"
0062,SENSOR,1,UNIFIED,"t=169 [HELLO_TX] bat=100% nbr=11"
0062,SENSOR,1,UNIFIED,"t=178 [HELLO_TX] bat=100% nbr=11"
0062,SENSOR,1,UNIFIED,"t=184 [HELLO_TX] bat=100% nbr=11"
0062,SENSOR,1,UNIFIED,"t=194 [HELLO_TX] bat=100% nbr=11"
0062,SENSOR,1,UNIFIED,"t=203 [HELLO_TX] bat=100% nbr=11"
0062,SENSOR,1,UNIFIED,"t=209 [HELLO_TX] bat=100% nbr=11"
0062,SENSOR,1,UNIFIED,"t=214 [HELLO_TX] bat=100% nbr=11"
0062,SENSOR,1,UNIFIED,"t=220 [HELLO_TX] bat=100% nbr=11"
0062,SENSOR,1,UNIFIED,"t=230 [HELLO_TX] bat=100% nbr=11"
0062,SENSOR,1,UNIFIED,"t=237 [HELLO_TX] bat=100% nbr=11"
0062,SENSOR,1,UNIFIED,"t=242 [HELLO_TX] bat=100% nbr=11"
0062,SENSOR,1,UNIFIED,"t=246 [HELLO_TX] bat=100% nbr=11"
0063,SENSOR,1,UNIFIED,"t=4 [HELLO_RX] NEW 0061 tier=1(UNK) verified=0 rssi=0.9"
0063,SENSOR,1,UNIFIED,"t=5 [HELLO_TX] bat=100% nbr=1"
0063,SENSOR,1,UNIFIED,"t=5 [HELLO_RX] NEW 000D tier=1(UNK) verified=0 rssi=0.4"
0063,SENSOR,1,UNIFIED,"t=6 [HELLO_RX] NEW 0009 tier=1(UNK) verified=0 rssi=1.0"
0063,SENSOR,1,UNIFIED,"t=7 [HELLO_RX] NEW AA09 tier=2(CH) verified=0 rssi=2.8"
0063,SENSOR,1,UNIFIED,"t=9 [HELLO_RX] NEW 002E tier=1(UNK) verified=0 rssi=1.7"
0063,SENSOR,1,UNIFIED,"t=10 [HELLO_RX] NEW FF04 tier=3(GWN) verified=0 rssi=0.5"
0063,SENSOR,1,UNIFIED,"t=15 [HELLO_TX] bat=100% nbr=6"
0063,SENSOR,1,UNIFIED,"t=16 [HELLO_RX] NEW FF06 tier=3(GWN) verified=0 rssi=0.5"
0063,SENSOR,1,UNIFIED,"t=17 [HELLO_RX] NEW 002D tier=1(UNK) verified=0 rssi=0.7"
0063,SENSOR,1,UNIFIED,"t=18 [HELLO_RX] NEW FF05 tier=3(GWN) verified=0 rssi=0.2"
0063,SENSOR,1,UNIFIED,"t=22 [HELLO_TX] bat=100% nbr=9"
0063,SENSOR,1,UNIFIED,"t=26 [HELLO_TX] bat=100% nbr=9"
0063,SENSOR,1,UNIFIED,"t=30 [HELLO_RX] NEW 0055 tier=1(UNK) verified=0 rssi=0.3"
0063,SENSOR,1,UNIFIED,"t=32 [HELLO_RX] NEW FF02 tier=3(GWN) verified=0 rssi=0.3"
0063,SENSOR,1,UNIFIED,"t=34 [HELLO_TX] bat=100% nbr=11"
0063,SENSOR,1,UNIFIED,"t=35 [HELLO_RX] NEW AA01 tier=2(CH) verified=0 rssi=0.7"
0063,SENSOR,1,UNIFIED,"t=38 [HELLO_RX] NEW 003D tier=1(UNK) verified=0 rssi=0.3"
0063,SENSOR,1,UNIFIED,"t=44 [HELLO_TX] bat=100% nbr=13"
0063,SENSOR,1,UNIFIED,"t=44 [HELLO_RX] NEW 0034 tier=1(UNK) verified=0 rssi=0.3"
0063,SENSOR,1,UNIFIED,"t=52 [HELLO_TX] bat=100% nbr=14"
0063,SENSOR,1,UNIFIED,"t=54 [HELLO_RX] NEW 0056 tier=1(UNK) verified=0 rssi=0.4"
0063,SENSOR,1,UNIFIED,"t=57 [HELLO_TX] bat=100% nbr=15"
0063,SENSOR,1,UNIFIED,"t=62 [HELLO_TX] bat=100% nbr=15"
0063,SENSOR,1,UNIFIED,"t=66 [HELLO_TX] bat=100% nbr=15"
0063,SENSOR,1,UNIFIED,"t=67 [HELLO_RX] NEW 0021 tier=1(UNK) verified=0 rssi=0.2"
0063,SENSOR,1,UNIFIED,"t=76 [HELLO_TX] bat=100% nbr=16"
0063,SENSOR,1,UNIFIED,"t=84 [HELLO_TX] bat=100% nbr=16"
0063,SENSOR,1,UNIFIED,"t=92 [HELLO_TX] bat=100% nbr=16"
0063,SENSOR,1,UNIFIED,"t=98 [HELLO_TX] bat=100% nbr=16"
0063,SENSOR,1,UNIFIED,"t=103 [HELLO_TX] bat=100% nbr=16"
0063,SENSOR,1,UNIFIED,"t=110 [HELLO_TX] bat=100% nbr=16"
0063,SENSOR,1,UNIFIED,"t=116 [HELLO_TX] bat=100% nbr=16"
0063,SENSOR,1,UNIFIED,"t=121 [HELLO_TX] bat=100% nbr=16"
0063,SENSOR,1,UNIFIED,"t=127 [HELLO_TX] bat=100% nbr=16"
0063,SENSOR,1,UNIFIED,"t=137 [HELLO_TX] bat=100% nbr=16"
0063,SENSOR,1,UNIFIED,"t=143 [HELLO_TX] bat=100% nbr=16"
0063,SENSOR,1,UNIFIED,"t=143 [HELLO_RX] NEW FF09 tier=3(GWN) verified=1 rssi=0.1"
0063,SENSOR,1,UNIFIED,"t=151 [HELLO_TX] bat=100% nbr=17"
0063,SENSOR,1,UNIFIED,"t=157 [HELLO_TX] bat=100% nbr=17"
0063,SENSOR,1,UNIFIED,"t=167 [HELLO_TX] bat=100% nbr=17"
0063,SENSOR,1,UNIFIED,"t=175 [HELLO_RX] NEW AA02 tier=2(CH) verified=0 rssi=0.2"
0063,SENSOR,1,UNIFIED,"t=177 [HELLO_TX] bat=100% nbr=18"
0063,SENSOR,1,UNIFIED,"t=181 [HELLO_TX] bat=100% nbr=18"
0063,SENSOR,1,UNIFIED,"t=189 [HELLO_TX] bat=100% nbr=18"
0063,SENSOR,1,UNIFIED,"t=197 [HELLO_RX] NEW AA06 tier=2(CH) verified=0 rssi=0.3"
0063,SENSOR,1,UNIFIED,"t=199 [HELLO_TX] bat=100% nbr=19"
0063,SENSOR,1,UNIFIED,"t=207 [HELLO_TX] bat=100% nbr=19"
0063,SENSOR,1,UNIFIED,"t=217 [HELLO_TX] bat=100% nbr=19"
0063,SENSOR,1,UNIFIED,"t=223 [HELLO_TX] bat=100% nbr=19"
0063,SENSOR,1,UNIFIED,"t=232 [HELLO_TX] bat=100% nbr=19"
0063,SENSOR,1,UNIFIED,"t=236 [HELLO_TX] bat=100% nbr=19"
0063,SENSOR,1,UNIFIED,"t=243 [HELLO_TX] bat=100% nbr=19"
0063,SENSOR,1,UNIFIED,"t=248 [HELLO_TX] bat=100% nbr=19"
0064,SENSOR,1,UNIFIED,"t=4 [HELLO_RX] NEW 005A tier=1(UNK) verified=0 rssi=1.1"
0064,SENSOR,1,UNIFIED,"t=6 [HELLO_RX] NEW 0060 tier=1(UNK) verified=0 rssi=4.5"
0064,SENSOR,1,UNIFIED,"t=7 [HELLO_RX] NEW 0036 tier=1(UNK) verified=0 rssi=0.5"
0064,SENSOR,1,UNIFIED,"t=8 [HELLO_RX] NEW FF08 tier=3(GWN) verified=0 rssi=1.3"
0064,SENSOR,1,UNIFIED,"t=9 [HELLO_RX] NEW 003E tier=1(UNK) verified=0 rssi=1.1"
0064,SENSOR,1,UNIFIED,"t=10 [HELLO_TX] bat=100% nbr=5"
0064,SENSOR,1,UNIFIED,"t=14 [HELLO_RX] NEW FF0A tier=3(GWN) verified=0 rssi=1.9"
0064,SENSOR,1,UNIFIED,"t=19 [HELLO_TX] bat=100% nbr=6"
0064,SENSOR,1,UNIFIED,"t=29 [HELLO_TX] bat=100% nbr=6"
0064,SENSOR,1,UNIFIED,"t=29 [HELLO_RX] NEW 002C tier=1(UNK) verified=0 rssi=1.5"
0064,SENSOR,1,UNIFIED,"t=30 [HELLO_RX] NEW 0047 tier=1(UNK) verified=0 rssi=0.5"
0064,SENSOR,1,UNIFIED,"t=36 [HELLO_TX] bat=100% nbr=8"
0064,SENSOR,1,UNIFIED,"t=36 [HELLO_RX] NEW 005D tier=1(UNK) verified=0 rssi=0.3"
0064,SENSOR,1,UNIFIED,"t=42 [HELLO_TX] bat=100% nbr=9"
0064,SENSOR,1,UNIFIED,"t=49 [HELLO_RX] NEW 0028 tier=1(UNK) verified=0 rssi=1.0"
0064,SENSOR,1,UNIFIED,"t=52 [HELLO_TX] bat=100% nbr=10"
0064,SENSOR,1,UNIFIED,"t=56 [HELLO_RX] NEW AA04 tier=2(CH) verified=0 rssi=0.3"
0064,SENSOR,1,UNIFIED,"t=59 [HELLO_TX] bat=100% nbr=11"
0064,SENSOR,1,UNIFIED,"t=69 [HELLO_TX] bat=100% nbr=11"
0064,SENSOR,1,UNIFIED,"t=77 [HELLO_RX] NEW 002B tier=1(UNK) verified=0 rssi=0.2"
0064,SENSOR,1,UNIFIED,"t=79 [HELLO_TX] bat=100% nbr=12"
0064,SENSOR,1,UNIFIED,"t=83 [HELLO_TX] bat=100% nbr=12"
0064,SENSOR,1,UNIFIED,"t=88 [HELLO_TX] bat=100% nbr=12"
0064,SENSOR,1,UNIFIED,"t=97 [HELLO_TX] bat=100% nbr=12"
0064,SENSOR,1,UNIFIED,"t=103 [HELLO_TX] bat=100% nbr=12"
0064,SENSOR,1,UNIFIED,"t=113 [HELLO_TX] bat=100% nbr=12"
0064,SENSOR,1,UNIFIED,"t=117 [HELLO_TX] bat=100% nbr=12"
0064,SENSOR,1,UNIFIED,"t=122 [HELLO_TX] bat=100% nbr=12"
0064,SENSOR,1,UNIFIED,"t=129 [HELLO_TX] bat=100% nbr=12"
0064,SENSOR,1,UNIFIED,"t=135 [HELLO_TX] bat=100% nbr=12"
0064,SENSOR,1,UNIFIED,"t=139 [HELLO_TX] bat=100% nbr=12"
0064,SENSOR,1,UNIFIED,"t=148 [HELLO_TX] bat=100% nbr=12"
0064,SENSOR,1,UNIFIED,"t=152 [HELLO_TX] bat=100% nbr=12"
0064,SENSOR,1,UNIFIED,"t=157 [HELLO_TX] bat=100% nbr=12"
0064,SENSOR,1,UNIFIED,"t=167 [HELLO_TX] bat=100% nbr=12"
0064,SENSOR,1,UNIFIED,"t=172 [HELLO_TX] bat=100% nbr=12"
0064,SENSOR,1,UNIFIED,"t=181 [HELLO_TX] bat=100% nbr=12"
0064,SENSOR,1,UNIFIED,"t=188 [HELLO_TX] bat=100% nbr=12"
0064,SENSOR,1,UNIFIED,"t=198 [HELLO_TX] bat=100% nbr=12"
0064,SENSOR,1,UNIFIED,"t=206 [HELLO_TX] bat=100% nbr=12"
0064,SENSOR,1,UNIFIED,"t=213 [HELLO_TX] bat=100% nbr=12"
0064,SENSOR,1,UNIFIED,"t=219 [HELLO_TX] bat=100% nbr=12"
0064,SENSOR,1,UNIFIED,"t=223 [HELLO_TX] bat=100% nbr=12"
0064,SENSOR,1,UNIFIED,"t=229 [HELLO_TX] bat=100% nbr=12"
0064,SENSOR,1,UNIFIED,"t=239 [HELLO_TX] bat=100% nbr=12"
0064,SENSOR,1,UNIFIED,"t=239 [HELLO_RX] NEW 0053 tier=1(UNK) verified=0 rssi=0.2"
0064,SENSOR,1,UNIFIED,"t=246 [HELLO_TX] bat=100% nbr=13"
