NodeID,NodeType,Tier,RadioType,LogEntry
FF01,GWN,3,BACKBONE,"t=4 [PHY] Neighbour count: 3->4"
FF01,GWN,3,BACKBONE,"t=5 [TX] HB.0 -> <BCAST>"
FF01,GWN,3,BACKBONE,"t=5 [PHY] Neighbour count: 4->5"
FF01,GWN,3,BACKBONE,"t=6 [PHY] Neighbour count: 5->6"
FF01,GWN,3,BACKBONE,"t=7 [PHY] Neighbour count: 6->7"
FF01,GWN,3,BACKBONE,"t=8 [PHY] Neighbour count: 7->8"
FF01,GWN,3,BACKBONE,"t=12 [TX] HB.0 -> <BCAST>"
FF01,GWN,3,BACKBONE,"t=14 [PHY] Neighbour count: 8->9"
FF01,GWN,3,BACKBONE,"t=19 [TX] HB.0 -> <BCAST>"
FF01,GWN,3,BACKBONE,"t=19 [PHY] Neighbour count: 9->10"
FF01,GWN,3,BACKBONE,"t=22 [PHY] Neighbour count: 10->11"
FF01,GWN,3,BACKBONE,"t=24 [PHY] Neighbour count: 11->12"
FF01,GWN,3,BACKBONE,"t=26 [TX] HB.1 -> <BCAST>"
FF01,GWN,3,BACKBONE,"t=26 [PHY] Neighbour count: 12->13"
FF01,GWN,3,BACKBONE,"t=33 [TX] HB.1 -> <BCAST>"
FF01,GWN,3,BACKBONE,"t=34 [PHY] Neighbour count: 13->14"
FF01,GWN,3,BACKBONE,"t=39 [RX] CMD.0 <- FF0E RSSI=0.8"
FF01,GWN,3,BACKBONE,"t=39 [TX] CMD.1 -> FF0E"
FF01,GWN,3,BACKBONE,"t=39 [TX] CMD.1 -> FF0E"
FF01,GWN,3,BACKBONE,"t=39 [STATE] DISCOVERY -> HANDSHAKE"
FF01,GWN,3,BACKBONE,"[LOCK][SET] partner=FF0E timeout=6"
FF01,GWN,3,BACKBONE,"t=39 [HANDSHAKE] Lock set with FF0E (timer=6)"
FF01,GWN,3,BACKBONE,"t=40 [PHY] Neighbour count: 14->15"
FF01,GWN,3,BACKBONE,"t=41 [PHY] Neighbour count: 15->16"
FF01,GWN,3,BACKBONE,"t=43 [RX] CMD.2 <- FF0E RSSI=0.8"
FF01,GWN,3,BACKBONE,"[LOCK][REFRESH] partner=FF0E timeout=6"
FF01,GWN,3,BACKBONE,"[LOCK][SET] partner=FF0E timeout=6"
FF01,GWN,3,BACKBONE,"t=43 [PARENT] Set parent -> FF0E"
FF01,GWN,3,BACKBONE,"t=44 [RX] CMD.4 <- FF0E RSSI=0.8"
FF01,GWN,3,BACKBONE,"[LOCK][REFRESH] partner=FF0E timeout=6"
FF01,GWN,3,BACKBONE,"t=44 [PHASE] Inherited phaseOffset=1 from parent FF0E"
FF01,GWN,3,BACKBONE,"t=44 [ENC_HELLO] TX: gwCh=0; chCh=0; secCh=0; sn=0 (encrypted)"
FF01,GWN,3,BACKBONE,"t=44 [TX] CMD.5 -> FF0E"
FF01,GWN,3,BACKBONE,"[LOCK][CLEAR][ENC_HELLO_TX] partner=FF0E"
FF01,GWN,3,BACKBONE,"t=44 [HANDSHAKE] Lock cleared (was with FF0E)"
FF01,GWN,3,BACKBONE,"[LOCK][SET] partner=FF08 timeout=6"
FF01,GWN,3,BACKBONE,"t=48 [HANDSHAKE] Lock set with FF08 (timer=6)"
FF01,GWN,3,BACKBONE,"[LOCK][SET] partner=FF08 timeout=6"
FF01,GWN,3,BACKBONE,"t=48 [TX] CMD.0 -> FF08"
FF01,GWN,3,BACKBONE,"t=52 [PHY] Neighbour count: 16->17"
FF01,GWN,3,BACKBONE,"t=54 [ENC_HELLO] TX: gwCh=0; chCh=0; secCh=0; sn=0 (encrypted)"
FF01,GWN,3,BACKBONE,"t=54 [ENC_HELLO] Retry 1/3 sent (next at t=74)"
FF01,GWN,3,BACKBONE,"[LOCK][CLEAR] partner=FF08"
FF01,GWN,3,BACKBONE,"[LOCK][SET] partner=FF08 timeout=6"
FF01,GWN,3,BACKBONE,"t=55 [HANDSHAKE] Lock set with FF08 (timer=6)"
FF01,GWN,3,BACKBONE,"[LOCK][SET] partner=FF08 timeout=6"
FF01,GWN,3,BACKBONE,"t=55 [TX] CMD.0 -> FF08"
FF01,GWN,3,BACKBONE,"t=56 [PHY] Neighbour count: 17->18"
FF01,GWN,3,BACKBONE,"[LOCK][CLEAR] partner=FF08"
FF01,GWN,3,BACKBONE,"[LOCK][SET] partner=FF08 timeout=6"
FF01,GWN,3,BACKBONE,"t=62 [HANDSHAKE] Lock set with FF08 (timer=6)"
FF01,GWN,3,BACKBONE,"[LOCK][SET] partner=FF08 timeout=6"
FF01,GWN,3,BACKBONE,"t=62 [TX] CMD.0 -> FF08"
FF01,GWN,3,BACKBONE,"t=62 [PHY] Neighbour count: 18->19"
FF01,GWN,3,BACKBONE,"t=64 [RX] CMD.3 <- FF08 RSSI=0.2"
FF01,GWN,3,BACKBONE,"[LOCK][CLEAR][REJECT] partner=FF08"
FF01,GWN,3,BACKBONE,"t=64 [REJECT] Neighbor FF08 marked REJECT"
FF01,GWN,3,BACKBONE,"t=64 [HANDSHAKE] Lock cleared (was with FF08)"
FF01,GWN,3,BACKBONE,"t=64 [STATE] HANDSHAKE -> SECURE"
FF01,GWN,3,BACKBONE,"[LOCK][SET] partner=FF06 timeout=6"
FF01,GWN,3,BACKBONE,"t=65 [HANDSHAKE] Lock set with FF06 (timer=6)"
FF01,GWN,3,BACKBONE,"[LOCK][SET] partner=FF06 timeout=6"
FF01,GWN,3,BACKBONE,"t=65 [TX] CMD.0 -> FF06"
FF01,GWN,3,BACKBONE,"t=67 [RX] CMD.3 <- FF06 RSSI=0.0"
FF01,GWN,3,BACKBONE,"[LOCK][CLEAR][REJECT] partner=FF06"
FF01,GWN,3,BACKBONE,"t=67 [REJECT] Neighbor FF06 marked REJECT"
FF01,GWN,3,BACKBONE,"t=67 [HANDSHAKE] Lock cleared (was with FF06)"
FF01,GWN,3,BACKBONE,"t=67 [STATE] HANDSHAKE -> SECURE"
FF01,GWN,3,BACKBONE,"[LOCK][SET] partner=FF0D timeout=6"
FF01,GWN,3,BACKBONE,"t=68 [HANDSHAKE] Lock set with FF0D (timer=6)"
FF01,GWN,3,BACKBONE,"[LOCK][SET] partner=FF0D timeout=6"
FF01,GWN,3,BACKBONE,"t=68 [TX] CMD.0 -> FF0D"
FF01,GWN,3,BACKBONE,"t=70 [RX] CMD.1 <- FF0D RSSI=0.0"
FF01,GWN,3,BACKBONE,"[LOCK][REFRESH] partner=FF0D timeout=6"
FF01,GWN,3,BACKBONE,"t=70 [TX] CMD.2 -> FF0D"
FF01,GWN,3,BACKBONE,"[LOCK][REFRESH] partner=FF0D timeout=6"
FF01,GWN,3,BACKBONE,"t=70 [HANDSHAKE] FF0D added to pendingChildren (awaiting ENC_HELLO)"
FF01,GWN,3,BACKBONE,"t=70 [TX] CMD.4 -> FF0D"
FF01,GWN,3,BACKBONE,"t=70 [PHASE] Sending phaseOffset=0 to child FF0D (self=1)"
FF01,GWN,3,BACKBONE,"[LOCK][REFRESH] partner=FF0D timeout=6"
FF01,GWN,3,BACKBONE,"[LOCK][SET] partner=FF0D timeout=6"
FF01,GWN,3,BACKBONE,"t=71 [PHY] Neighbour count: 19->20"
FF01,GWN,3,BACKBONE,"t=74 [ENC_HELLO] TX: gwCh=0; chCh=0; secCh=0; sn=0 (encrypted)"
FF01,GWN,3,BACKBONE,"t=74 [ENC_HELLO] Retry 2/3 sent (next at t=114)"
FF01,GWN,3,BACKBONE,"t=76 [TX] CMD.3 -> FF0D"
FF01,GWN,3,BACKBONE,"[LOCK][CLEAR] partner=FF0D"
FF01,GWN,3,BACKBONE,"[LOCK][SET] partner=FF0D timeout=6"
FF01,GWN,3,BACKBONE,"t=77 [HANDSHAKE] Lock set with FF0D (timer=6)"
FF01,GWN,3,BACKBONE,"[LOCK][SET] partner=FF0D timeout=6"
FF01,GWN,3,BACKBONE,"t=77 [TX] CMD.0 -> FF0D"
FF01,GWN,3,BACKBONE,"t=80 [PHY] Neighbour count: 20->21"
FF01,GWN,3,BACKBONE,"[LOCK][CLEAR] partner=FF0D"
FF01,GWN,3,BACKBONE,"[LOCK][SET] partner=FF0D timeout=6"
FF01,GWN,3,BACKBONE,"t=84 [HANDSHAKE] Lock set with FF0D (timer=6)"
FF01,GWN,3,BACKBONE,"[LOCK][SET] partner=FF0D timeout=6"
FF01,GWN,3,BACKBONE,"t=84 [TX] CMD.0 -> FF0D"
FF01,GWN,3,BACKBONE,"t=86 [RX] CMD.1 <- FF0D RSSI=0.0"
FF01,GWN,3,BACKBONE,"[LOCK][REFRESH] partner=FF0D timeout=6"
FF01,GWN,3,BACKBONE,"t=86 [TX] CMD.2 -> FF0D"
FF01,GWN,3,BACKBONE,"[LOCK][REFRESH] partner=FF0D timeout=6"
FF01,GWN,3,BACKBONE,"t=86 [HANDSHAKE] FF0D added to pendingChildren (awaiting ENC_HELLO)"
FF01,GWN,3,BACKBONE,"t=86 [TX] CMD.4 -> FF0D"
FF01,GWN,3,BACKBONE,"t=86 [PHASE] Sending phaseOffset=0 to child FF0D (self=1)"
FF01,GWN,3,BACKBONE,"[LOCK][REFRESH] partner=FF0D timeout=6"
FF01,GWN,3,BACKBONE,"[LOCK][SET] partner=FF0D timeout=6"
FF01,GWN,3,BACKBONE,"t=91 [RX] CMD.5 <- FF0D RSSI=0.0"
FF01,GWN,3,BACKBONE,"t=91 [HANDSHAKE] FF0D promoted to children (ENC_HELLO received)"
FF01,GWN,3,BACKBONE,"[LOCK][CLEAR][ENC_HELLO_RX] partner=FF0D"
FF01,GWN,3,BACKBONE,"t=91 [TX] CMD.5 -> FF0E"
FF01,GWN,3,BACKBONE,"t=91 [HANDSHAKE] Lock cleared (was with FF0D)"
FF01,GWN,3,BACKBONE,"t=91 [RETRY] Reset retry state for FF0D (now child)"
FF01,GWN,3,BACKBONE,"t=91 [STATE] HANDSHAKE -> SECURE"
FF01,GWN,3,BACKBONE,"t=96 [PHY] Neighbour count: 21->22"
FF01,GWN,3,BACKBONE,"t=99 [RX_FWD] Encrypted CMD.5 from Child FF0D -> Queue for Parent FF0E"
FF01,GWN,3,BACKBONE,"t=99 [Q_FWD] Queued CMD.5 (size=1/15)"
FF01,GWN,3,BACKBONE,"t=99 [PHY] Neighbour count: 22->23"
FF01,GWN,3,BACKBONE,"t=102 [RX_FWD] Encrypted CMD.5 from Child FF0D -> Queue for Parent FF0E"
FF01,GWN,3,BACKBONE,"t=102 [Q_FWD] Queued CMD.5 (size=2/15)"
FF01,GWN,3,BACKBONE,"t=114 [ENC_HELLO] TX: gwCh=1; chCh=0; secCh=0; sn=0 (encrypted)"
FF01,GWN,3,BACKBONE,"t=114 [ENC_HELLO] Retry 3/3 sent (next at t=194)"
FF01,GWN,3,BACKBONE,"t=141 [PHY] Neighbour count: 24->25"
FF01,GWN,3,BACKBONE,"t=153 [PHY] Neighbour count: 25->26"
FF01,GWN,3,BACKBONE,"t=159 [RX_FWD] Encrypted CMD.5 from Child FF0D -> Queue for Parent FF0E"
FF01,GWN,3,BACKBONE,"t=159 [Q_FWD] Queued CMD.5 (size=3/15)"
FF01,GWN,3,BACKBONE,"t=194 [ENC_HELLO] TX: gwCh=1; chCh=0; secCh=0; sn=0 (encrypted)"
FF01,GWN,3,BACKBONE,"t=194 [ENC_HELLO] Registry refresh #1 sent (next at t=274)"
FF01,GWN,3,BACKBONE,"t=195 [PHY] Neighbour count: 26->27"
FF01,GWN,3,BACKBONE,"t=200 [PHASE_RX] Listening (Q_fwd=3; Q_local=0)"
FF01,GWN,3,BACKBONE,"t=200 [RX_FWD] Encrypted CMD.5 from Child FF0D -> Queue for Parent FF0E"
FF01,GWN,3,BACKBONE,"t=200 [Q_FWD] Queued CMD.5 (size=4/15)"
FF01,GWN,3,BACKBONE,"t=201 [DEQUEUE] From Q_fwd (waited 102 TFs)"
FF01,GWN,3,BACKBONE,"t=201 [PHASE_TX] Sent CMD.5 -> FF0E (Q_fwd=3; Q_local=0)"
FF01,GWN,3,BACKBONE,"t=202 [DEQUEUE] From Q_fwd (waited 100 TFs)"
FF01,GWN,3,BACKBONE,"t=202 [PHASE_TX] Sent CMD.5 -> FF0E (Q_fwd=2; Q_local=0)"
FF01,GWN,3,BACKBONE,"t=203 [DEQUEUE] From Q_fwd (waited 44 TFs)"
FF01,GWN,3,BACKBONE,"t=203 [PHASE_TX] Sent CMD.5 -> FF0E (Q_fwd=1; Q_local=0)"
FF01,GWN,3,BACKBONE,"t=204 [PHASE_RX] Listening (Q_fwd=1; Q_local=0)"
FF01,GWN,3,BACKBONE,"t=204 [RX_FWD] Encrypted CMD.5 from Child FF0D -> Queue for Parent FF0E"
FF01,GWN,3,BACKBONE,"t=204 [Q_FWD] Queued CMD.5 (size=2/15)"
FF01,GWN,3,BACKBONE,"t=205 [PHASE_RX] Listening (Q_fwd=2; Q_local=0)"
FF01,GWN,3,BACKBONE,"t=205 [RX_FWD] Encrypted CMD.5 from Child FF0D -> Queue for Parent FF0E"
FF01,GWN,3,BACKBONE,"t=205 [Q_FWD] Queued CMD.5 (size=3/15)"
FF01,GWN,3,BACKBONE,"t=206 [PHASE_RX] Listening (Q_fwd=3; Q_local=0)"
FF01,GWN,3,BACKBONE,"t=206 [RX_FWD] Encrypted CMD.5 from Child FF0D -> Queue for Parent FF0E"
FF01,GWN,3,BACKBONE,"t=206 [Q_FWD] Queued CMD.5 (size=4/15)"
FF01,GWN,3,BACKBONE,"t=207 [DEQUEUE] From Q_fwd (waited 7 TFs)"
FF01,GWN,3,BACKBONE,"t=207 [PHASE_TX] Sent CMD.5 -> FF0E (Q_fwd=3; Q_local=0)"
FF01,GWN,3,BACKBONE,"t=208 [DEQUEUE] From Q_fwd (waited 4 TFs)"
FF01,GWN,3,BACKBONE,"t=208 [PHASE_TX] Sent CMD.5 -> FF0E (Q_fwd=2; Q_local=0)"
FF01,GWN,3,BACKBONE,"t=209 [DEQUEUE] From Q_fwd (waited 4 TFs)"
FF01,GWN,3,BACKBONE,"t=209 [PHASE_TX] Sent CMD.5 -> FF0E (Q_fwd=1; Q_local=0)"
FF01,GWN,3,BACKBONE,"t=210 [PHASE_RX] Listening (Q_fwd=1; Q_local=0)"
FF01,GWN,3,BACKBONE,"t=210 [RX_FWD] Encrypted CMD.5 from Child FF0D -> Queue for Parent FF0E"
FF01,GWN,3,BACKBONE,"t=210 [Q_FWD] Queued CMD.5 (size=2/15)"
FF01,GWN,3,BACKBONE,"t=211 [PHASE_RX] Listening (Q_fwd=2; Q_local=0)"
FF01,GWN,3,BACKBONE,"t=211 [RX_FWD] Encrypted CMD.5 from Child FF0D -> Queue for Parent FF0E"
FF01,GWN,3,BACKBONE,"t=211 [Q_FWD] Queued CMD.5 (size=3/15)"
FF01,GWN,3,BACKBONE,"t=212 [PHASE_RX] Listening (Q_fwd=3; Q_local=0)"
FF01,GWN,3,BACKBONE,"t=213 [DEQUEUE] From Q_fwd (waited 7 TFs)"
FF01,GWN,3,BACKBONE,"t=213 [PHASE_TX] Sent CMD.5 -> FF0E (Q_fwd=2; Q_local=0)"
FF01,GWN,3,BACKBONE,"t=214 [DEQUEUE] From Q_fwd (waited 4 TFs)"
FF01,GWN,3,BACKBONE,"t=214 [PHASE_TX] Sent CMD.5 -> FF0E (Q_fwd=1; Q_local=0)"
FF01,GWN,3,BACKBONE,"t=215 [DEQUEUE] From Q_fwd (waited 4 TFs)"
FF01,GWN,3,BACKBONE,"t=215 [PHASE_TX] Sent CMD.5 -> FF0E (Q_fwd=0; Q_local=0)"
FF01,GWN,3,BACKBONE,"t=216 [PHASE_RX] Listening (Q_fwd=0; Q_local=0)"
FF01,GWN,3,BACKBONE,"t=217 [PHASE_RX] Listening (Q_fwd=0; Q_local=0)"
FF01,GWN,3,BACKBONE,"t=218 [PHASE_RX] Listening (Q_fwd=0; Q_local=0)"
FF01,GWN,3,BACKBONE,"t=219 [PHASE_TX] IDLE (queues empty)"
FF01,GWN,3,BACKBONE,"t=220 [PHASE_TX] IDLE (queues empty)"
FF01,GWN,3,BACKBONE,"t=221 [PHASE_TX] IDLE (queues empty)"
FF01,GWN,3,BACKBONE,"t=222 [PHASE_RX] Listening (Q_fwd=0; Q_local=0)"
FF01,GWN,3,BACKBONE,"t=223 [PHASE_RX] Listening (Q_fwd=0; Q_local=0)"
FF01,GWN,3,BACKBONE,"t=224 [PHASE_RX] Listening (Q_fwd=0; Q_local=0)"
FF01,GWN,3,BACKBONE,"t=225 [PHASE_TX] IDLE (queues empty)"
FF01,GWN,3,BACKBONE,"t=226 [PHASE_TX] IDLE (queues empty)"
FF01,GWN,3,BACKBONE,"t=227 [PHASE_TX] IDLE (queues empty)"
FF01,GWN,3,BACKBONE,"t=228 [PHASE_RX] Listening (Q_fwd=0; Q_local=0)"
FF01,GWN,3,BACKBONE,"t=229 [PHASE_RX] Listening (Q_fwd=0; Q_local=0)"
FF01,GWN,3,BACKBONE,"t=230 [PHASE_RX] Listening (Q_fwd=0; Q_local=0)"
FF01,GWN,3,BACKBONE,"t=231 [PHASE_TX] IDLE (queues empty)"
FF01,GWN,3,BACKBONE,"t=232 [PHASE_TX] IDLE (queues empty)"
FF01,GWN,3,BACKBONE,"t=233 [PHASE_TX] IDLE (queues empty)"
FF01,GWN,3,BACKBONE,"t=234 [PHASE_RX] Listening (Q_fwd=0; Q_local=0)"
FF01,GWN,3,BACKBONE,"t=235 [PHASE_RX] Listening (Q_fwd=0; Q_local=0)"
FF01,GWN,3,BACKBONE,"t=236 [PHASE_RX] Listening (Q_fwd=0; Q_local=0)"
FF01,GWN,3,BACKBONE,"t=237 [PHASE_TX] IDLE (queues empty)"
FF01,GWN,3,BACKBONE,"t=238 [PHASE_TX] IDLE (queues empty)"
FF01,GWN,3,BACKBONE,"t=239 [PHASE_TX] IDLE (queues empty)"
FF01,GWN,3,BACKBONE,"t=239 [RX_FWD] Encrypted CMD.5 from Child FF0D -> Queue for Parent FF0E"
FF01,GWN,3,BACKBONE,"t=239 [Q_FWD] Queued CMD.5 (size=1/15)"
FF01,GWN,3,BACKBONE,"t=240 [PHASE_RX] Listening (Q_fwd=1; Q_local=0)"
FF01,GWN,3,BACKBONE,"t=241 [PHASE_RX] Listening (Q_fwd=1; Q_local=0)"
FF01,GWN,3,BACKBONE,"t=242 [PHASE_RX] Listening (Q_fwd=1; Q_local=0)"
FF01,GWN,3,BACKBONE,"t=243 [DEQUEUE] From Q_fwd (waited 4 TFs)"
FF01,GWN,3,BACKBONE,"t=243 [PHASE_TX] Sent CMD.5 -> FF0E (Q_fwd=0; Q_local=0)"
FF01,GWN,3,BACKBONE,"t=244 [PHASE_TX] IDLE (queues empty)"
FF01,GWN,3,BACKBONE,"t=245 [PHASE_TX] IDLE (queues empty)"
FF01,GWN,3,BACKBONE,"t=246 [PHASE_RX] Listening (Q_fwd=0; Q_local=0)"
FF01,GWN,3,BACKBONE,"t=247 [PHASE_RX] Listening (Q_fwd=0; Q_local=0)"
FF01,GWN,3,BACKBONE,"t=248 [PHASE_RX] Listening (Q_fwd=0; Q_local=0)"
FF01,GWN,3,BACKBONE,"t=249 [PHASE_TX] IDLE (queues empty)"
FF01,GWN,3,ACCESS,"t=4 [PHY] Neighbour count: 3->4"
FF01,GWN,3,ACCESS,"t=5 [HELLO_TX] bcast battery=100.0%"
FF01,GWN,3,ACCESS,"t=5 [PHY] Neighbour count: 4->5"
FF01,GWN,3,ACCESS,"t=6 [PHY] Neighbour count: 5->6"
FF01,GWN,3,ACCESS,"t=7 [PHY] Neighbour count: 6->7"
FF01,GWN,3,ACCESS,"t=8 [PHY] Neighbour count: 7->8"
FF01,GWN,3,ACCESS,"t=12 [HELLO_TX] bcast battery=100.0%"
FF01,GWN,3,ACCESS,"t=14 [PHY] Neighbour count: 8->9"
FF01,GWN,3,ACCESS,"t=16 [HELLO_TX] bcast battery=100.0%"
FF01,GWN,3,ACCESS,"t=19 [PHY] Neighbour count: 9->10"
FF01,GWN,3,ACCESS,"t=22 [PHY] Neighbour count: 10->11"
FF01,GWN,3,ACCESS,"t=24 [PHY] Neighbour count: 11->12"
FF01,GWN,3,ACCESS,"t=25 [HELLO_TX] bcast battery=100.0%"
FF01,GWN,3,ACCESS,"t=26 [PHY] Neighbour count: 12->13"
FF01,GWN,3,ACCESS,"t=29 [HELLO_TX] bcast battery=100.0%"
FF01,GWN,3,ACCESS,"t=34 [PHY] Neighbour count: 13->14"
FF01,GWN,3,ACCESS,"t=38 [HELLO_TX] bcast battery=100.0%"
FF01,GWN,3,ACCESS,"t=40 [PHY] Neighbour count: 14->15"
FF01,GWN,3,ACCESS,"t=41 [PHY] Neighbour count: 15->16"
FF01,GWN,3,ACCESS,"t=47 [HELLO_TX] bcast battery=100.0%"
FF01,GWN,3,ACCESS,"t=52 [PHY] Neighbour count: 16->17"
FF01,GWN,3,ACCESS,"t=53 [HELLO_TX] bcast battery=100.0%"
FF01,GWN,3,ACCESS,"t=56 [PHY] Neighbour count: 17->18"
FF01,GWN,3,ACCESS,"t=60 [HELLO_TX] bcast battery=100.0%"
FF01,GWN,3,ACCESS,"t=62 [PHY] Neighbour count: 18->19"
FF01,GWN,3,ACCESS,"t=66 [HELLO_TX] bcast battery=100.0%"
FF01,GWN,3,ACCESS,"t=70 [HELLO_TX] bcast battery=100.0%"
FF01,GWN,3,ACCESS,"t=71 [PHY] Neighbour count: 19->20"
FF01,GWN,3,ACCESS,"t=74 [HELLO_TX] bcast battery=100.0%"
FF01,GWN,3,ACCESS,"t=80 [PHY] Neighbour count: 20->21"
FF01,GWN,3,ACCESS,"t=84 [HELLO_TX] bcast battery=100.0%"
FF01,GWN,3,ACCESS,"t=94 [HELLO_TX] bcast battery=100.0%"
FF01,GWN,3,ACCESS,"t=96 [PHY] Neighbour count: 21->22"
FF01,GWN,3,ACCESS,"t=99 [PHY] Neighbour count: 22->23"
FF01,GWN,3,ACCESS,"t=100 [HELLO_TX] bcast battery=100.0%"
FF01,GWN,3,ACCESS,"t=106 [HELLO_TX] bcast battery=100.0%"
FF01,GWN,3,ACCESS,"t=115 [HELLO_TX] bcast battery=100.0%"
FF01,GWN,3,ACCESS,"t=125 [HELLO_TX] bcast battery=100.0%"
FF01,GWN,3,ACCESS,"t=129 [HELLO_TX] bcast battery=100.0%"
FF01,GWN,3,ACCESS,"t=136 [HELLO_TX] bcast battery=100.0%"
FF01,GWN,3,ACCESS,"t=141 [PHY] Neighbour count: 24->25"
FF01,GWN,3,ACCESS,"t=143 [HELLO_TX] bcast battery=100.0%"
FF01,GWN,3,ACCESS,"t=150 [HELLO_TX] bcast battery=100.0%"
FF01,GWN,3,ACCESS,"t=153 [PHY] Neighbour count: 25->26"
FF01,GWN,3,ACCESS,"t=154 [HELLO_TX] bcast battery=100.0%"
FF01,GWN,3,ACCESS,"t=159 [HELLO_TX] bcast battery=100.0%"
FF01,GWN,3,ACCESS,"t=169 [HELLO_TX] bcast battery=100.0%"
FF01,GWN,3,ACCESS,"t=175 [HELLO_TX] bcast battery=100.0%"
FF01,GWN,3,ACCESS,"t=181 [HELLO_TX] bcast battery=100.0%"
FF01,GWN,3,ACCESS,"t=189 [HELLO_TX] bcast battery=100.0%"
FF01,GWN,3,ACCESS,"t=194 [HELLO_TX] bcast battery=100.0%"
FF01,GWN,3,ACCESS,"t=195 [PHY] Neighbour count: 26->27"
FF01,GWN,3,ACCESS,"t=202 [HELLO_TX] bcast battery=100.0%"
FF01,GWN,3,ACCESS,"t=212 [HELLO_TX] bcast battery=100.0%"
FF01,GWN,3,ACCESS,"t=220 [HELLO_TX] bcast battery=100.0%"
FF01,GWN,3,ACCESS,"t=227 [HELLO_TX] bcast battery=100.0%"
FF01,GWN,3,ACCESS,"t=237 [HELLO_TX] bcast battery=100.0%"
FF01,GWN,3,ACCESS,"t=242 [HELLO_TX] bcast battery=100.0%"
FF01,GWN,3,ACCESS,"t=249 [HELLO_TX] bcast battery=100.0%"
FF01,GWN,3,UNIFIED,"t=2 [PHY] Neighbor count=1"
FF01,GWN,3,UNIFIED,"t=3 [PHY] Neighbor count=2"
FF01,GWN,3,UNIFIED,"t=4 [PHY] Neighbor count=3"
FF01,GWN,3,UNIFIED,"t=4 [PHY] Neighbour count: 3->4"
FF01,GWN,3,UNIFIED,"t=5 [PHY] Neighbor count=4"
FF01,GWN,3,UNIFIED,"[BB] t=5 [TX] HB.0 -> <BCAST>"
FF01,GWN,3,UNIFIED,"[AC] t=5 [HELLO_TX] bcast battery=100.0%"
FF01,GWN,3,UNIFIED,"t=5 [PHY] Neighbour count: 4->5"
FF01,GWN,3,UNIFIED,"t=6 [PHY] Neighbor count=5"
FF01,GWN,3,UNIFIED,"t=6 [PHY] Neighbour count: 5->6"
FF01,GWN,3,UNIFIED,"t=7 [PHY] Neighbor count=6"
FF01,GWN,3,UNIFIED,"t=7 [PHY] Neighbour count: 6->7"
FF01,GWN,3,UNIFIED,"t=8 [PHY] Neighbor count=7"
FF01,GWN,3,UNIFIED,"t=8 [PHY] Neighbour count: 7->8"
FF01,GWN,3,UNIFIED,"t=9 [PHY] Neighbor count=8"
FF01,GWN,3,UNIFIED,"[BB] t=12 [TX] HB.0 -> <BCAST>"
FF01,GWN,3,UNIFIED,"[AC] t=12 [HELLO_TX] bcast battery=100.0%"
FF01,GWN,3,UNIFIED,"t=14 [PHY] Neighbour count: 8->9"
FF01,GWN,3,UNIFIED,"t=15 [PHY] Neighbor count=9"
FF01,GWN,3,UNIFIED,"[AC] t=16 [HELLO_TX] bcast battery=100.0%"
FF01,GWN,3,UNIFIED,"[BB] t=19 [TX] HB.0 -> <BCAST>"
FF01,GWN,3,UNIFIED,"t=19 [PHY] Neighbour count: 9->10"
FF01,GWN,3,UNIFIED,"t=20 [PHY] Neighbor count=10"
FF01,GWN,3,UNIFIED,"t=22 [STATE] BOOT→DISCOVERY (neighbors=10)"
FF01,GWN,3,UNIFIED,"t=22 [PHY] Neighbour count: 10->11"
FF01,GWN,3,UNIFIED,"t=23 [PHY] Neighbor count=11"
FF01,GWN,3,UNIFIED,"t=24 [PHY] Neighbour count: 11->12"
FF01,GWN,3,UNIFIED,"t=25 [PHY] Neighbor count=12"
FF01,GWN,3,UNIFIED,"[AC] t=25 [HELLO_TX] bcast battery=100.0%"
FF01,GWN,3,UNIFIED,"[BB] t=26 [TX] HB.1 -> <BCAST>"
FF01,GWN,3,UNIFIED,"t=26 [PHY] Neighbour count: 12->13"
FF01,GWN,3,UNIFIED,"t=27 [PHY] Neighbor count=13"
FF01,GWN,3,UNIFIED,"[AC] t=29 [HELLO_TX] bcast battery=100.0%"
FF01,GWN,3,UNIFIED,"[BB] t=33 [TX] HB.1 -> <BCAST>"
FF01,GWN,3,UNIFIED,"t=34 [PHY] Neighbour count: 13->14"
FF01,GWN,3,UNIFIED,"t=35 [PHY] Neighbor count=14"
FF01,GWN,3,UNIFIED,"[AC] t=38 [HELLO_TX] bcast battery=100.0%"
FF01,GWN,3,UNIFIED,"[BB] t=39 [RX] CMD.0 <- FF0E RSSI=0.8"
FF01,GWN,3,UNIFIED,"[BB] t=39 [TX] CMD.1 -> FF0E"
FF01,GWN,3,UNIFIED,"[BB] t=39 [TX] CMD.1 -> FF0E"
FF01,GWN,3,UNIFIED,"[BB] t=39 [STATE] DISCOVERY -> HANDSHAKE"
FF01,GWN,3,UNIFIED,"[BB] [LOCK][SET] partner=FF0E timeout=6"
FF01,GWN,3,UNIFIED,"[BB] t=39 [HANDSHAKE] Lock set with FF0E (timer=6)"
FF01,GWN,3,UNIFIED,"t=40 [PHY] Neighbour count: 14->15"
FF01,GWN,3,UNIFIED,"t=41 [PHY] Neighbor count=15"
FF01,GWN,3,UNIFIED,"t=41 [PHY] Neighbour count: 15->16"
FF01,GWN,3,UNIFIED,"t=42 [PHY] Neighbor count=16"
FF01,GWN,3,UNIFIED,"[BB] t=43 [RX] CMD.2 <- FF0E RSSI=0.8"
FF01,GWN,3,UNIFIED,"[BB] [LOCK][REFRESH] partner=FF0E timeout=6"
FF01,GWN,3,UNIFIED,"[BB] [LOCK][SET] partner=FF0E timeout=6"
FF01,GWN,3,UNIFIED,"[BB] t=43 [PARENT] Set parent -> FF0E"
FF01,GWN,3,UNIFIED,"[BB] t=44 [RX] CMD.4 <- FF0E RSSI=0.8"
FF01,GWN,3,UNIFIED,"[BB] [LOCK][REFRESH] partner=FF0E timeout=6"
FF01,GWN,3,UNIFIED,"[BB] t=44 [PHASE] Inherited phaseOffset=1 from parent FF0E"
FF01,GWN,3,UNIFIED,"[BB] t=44 [ENC_HELLO] TX: gwCh=0; chCh=0; secCh=0; sn=0 (encrypted)"
FF01,GWN,3,UNIFIED,"[BB] t=44 [TX] CMD.5 -> FF0E"
FF01,GWN,3,UNIFIED,"[BB] [LOCK][CLEAR][ENC_HELLO_TX] partner=FF0E"
FF01,GWN,3,UNIFIED,"[BB] t=44 [HANDSHAKE] Lock cleared (was with FF0E)"
FF01,GWN,3,UNIFIED,"[AC] t=47 [HELLO_TX] bcast battery=100.0%"
FF01,GWN,3,UNIFIED,"t=48 [RECRUIT] INIT(1/4) -> FF08"
FF01,GWN,3,UNIFIED,"[BB] [LOCK][SET] partner=FF08 timeout=6"
FF01,GWN,3,UNIFIED,"[BB] t=48 [HANDSHAKE] Lock set with FF08 (timer=6)"
FF01,GWN,3,UNIFIED,"[BB] [LOCK][SET] partner=FF08 timeout=6"
FF01,GWN,3,UNIFIED,"[BB] t=48 [TX] CMD.0 -> FF08"
FF01,GWN,3,UNIFIED,"t=52 [PHY] Neighbour count: 16->17"
FF01,GWN,3,UNIFIED,"t=53 [PHY] Neighbor count=17"
FF01,GWN,3,UNIFIED,"[AC] t=53 [HELLO_TX] bcast battery=100.0%"
FF01,GWN,3,UNIFIED,"[BB] t=54 [ENC_HELLO] TX: gwCh=0; chCh=0; secCh=0; sn=0 (encrypted)"
FF01,GWN,3,UNIFIED,"[BB] t=54 [ENC_HELLO] Retry 1/3 sent (next at t=74)"
FF01,GWN,3,UNIFIED,"t=54 [TIMEOUT] Attempt 1/4 for FF08 - will retry"
FF01,GWN,3,UNIFIED,"[BB] [LOCK][CLEAR] partner=FF08"
FF01,GWN,3,UNIFIED,"t=55 [RECRUIT] INIT(2/4) -> FF08"
FF01,GWN,3,UNIFIED,"[BB] [LOCK][SET] partner=FF08 timeout=6"
FF01,GWN,3,UNIFIED,"[BB] t=55 [HANDSHAKE] Lock set with FF08 (timer=6)"
FF01,GWN,3,UNIFIED,"[BB] [LOCK][SET] partner=FF08 timeout=6"
FF01,GWN,3,UNIFIED,"[BB] t=55 [TX] CMD.0 -> FF08"
FF01,GWN,3,UNIFIED,"t=56 [PHY] Neighbour count: 17->18"
FF01,GWN,3,UNIFIED,"t=57 [PHY] Neighbor count=18"
FF01,GWN,3,UNIFIED,"[AC] t=60 [HELLO_TX] bcast battery=100.0%"
FF01,GWN,3,UNIFIED,"t=61 [TIMEOUT] Attempt 2/4 for FF08 - will retry"
FF01,GWN,3,UNIFIED,"[BB] [LOCK][CLEAR] partner=FF08"
FF01,GWN,3,UNIFIED,"t=62 [RECRUIT] INIT(3/4) -> FF08"
FF01,GWN,3,UNIFIED,"[BB] [LOCK][SET] partner=FF08 timeout=6"
FF01,GWN,3,UNIFIED,"[BB] t=62 [HANDSHAKE] Lock set with FF08 (timer=6)"
FF01,GWN,3,UNIFIED,"[BB] [LOCK][SET] partner=FF08 timeout=6"
FF01,GWN,3,UNIFIED,"[BB] t=62 [TX] CMD.0 -> FF08"
FF01,GWN,3,UNIFIED,"t=62 [PHY] Neighbour count: 18->19"
FF01,GWN,3,UNIFIED,"t=63 [PHY] Neighbor count=19"
FF01,GWN,3,UNIFIED,"[BB] t=64 [RX] CMD.3 <- FF08 RSSI=0.2"
FF01,GWN,3,UNIFIED,"[BB] [LOCK][CLEAR][REJECT] partner=FF08"
FF01,GWN,3,UNIFIED,"t=64 [RX] PARENT_REJECT from FF08; trying next"
FF01,GWN,3,UNIFIED,"[BB] t=64 [REJECT] Neighbor FF08 marked REJECT"
FF01,GWN,3,UNIFIED,"[BB] t=64 [HANDSHAKE] Lock cleared (was with FF08)"
FF01,GWN,3,UNIFIED,"[BB] t=64 [STATE] HANDSHAKE -> SECURE"
FF01,GWN,3,UNIFIED,"t=65 [RECRUIT] INIT(1/4) -> FF06"
FF01,GWN,3,UNIFIED,"[BB] [LOCK][SET] partner=FF06 timeout=6"
FF01,GWN,3,UNIFIED,"[BB] t=65 [HANDSHAKE] Lock set with FF06 (timer=6)"
FF01,GWN,3,UNIFIED,"[BB] [LOCK][SET] partner=FF06 timeout=6"
FF01,GWN,3,UNIFIED,"[BB] t=65 [TX] CMD.0 -> FF06"
FF01,GWN,3,UNIFIED,"[AC] t=66 [HELLO_TX] bcast battery=100.0%"
FF01,GWN,3,UNIFIED,"[BB] t=67 [RX] CMD.3 <- FF06 RSSI=0.0"
FF01,GWN,3,UNIFIED,"[BB] [LOCK][CLEAR][REJECT] partner=FF06"
FF01,GWN,3,UNIFIED,"t=67 [RX] PARENT_REJECT from FF06; trying next"
FF01,GWN,3,UNIFIED,"[BB] t=67 [REJECT] Neighbor FF06 marked REJECT"
FF01,GWN,3,UNIFIED,"[BB] t=67 [HANDSHAKE] Lock cleared (was with FF06)"
FF01,GWN,3,UNIFIED,"[BB] t=67 [STATE] HANDSHAKE -> SECURE"
FF01,GWN,3,UNIFIED,"t=68 [RECRUIT] INIT(1/4) -> FF0D"
FF01,GWN,3,UNIFIED,"[BB] [LOCK][SET] partner=FF0D timeout=6"
FF01,GWN,3,UNIFIED,"[BB] t=68 [HANDSHAKE] Lock set with FF0D (timer=6)"
FF01,GWN,3,UNIFIED,"[BB] [LOCK][SET] partner=FF0D timeout=6"
FF01,GWN,3,UNIFIED,"[BB] t=68 [TX] CMD.0 -> FF0D"
FF01,GWN,3,UNIFIED,"[AC] t=70 [HELLO_TX] bcast battery=100.0%"
FF01,GWN,3,UNIFIED,"[BB] t=70 [RX] CMD.1 <- FF0D RSSI=0.0"
FF01,GWN,3,UNIFIED,"[BB] [LOCK][REFRESH] partner=FF0D timeout=6"
FF01,GWN,3,UNIFIED,"[BB] t=70 [TX] CMD.2 -> FF0D"
FF01,GWN,3,UNIFIED,"[BB] [LOCK][REFRESH] partner=FF0D timeout=6"
FF01,GWN,3,UNIFIED,"[BB] t=70 [HANDSHAKE] FF0D added to pendingChildren (awaiting ENC_HELLO)"
FF01,GWN,3,UNIFIED,"[BB] t=70 [TX] CMD.4 -> FF0D"
FF01,GWN,3,UNIFIED,"[BB] t=70 [PHASE] Sending phaseOffset=0 to child FF0D (self=1)"
FF01,GWN,3,UNIFIED,"[BB] [LOCK][REFRESH] partner=FF0D timeout=6"
FF01,GWN,3,UNIFIED,"[BB] [LOCK][SET] partner=FF0D timeout=6"
FF01,GWN,3,UNIFIED,"t=71 [PHY] Neighbour count: 19->20"
FF01,GWN,3,UNIFIED,"t=72 [PHY] Neighbor count=20"
FF01,GWN,3,UNIFIED,"[BB] t=74 [ENC_HELLO] TX: gwCh=0; chCh=0; secCh=0; sn=0 (encrypted)"
FF01,GWN,3,UNIFIED,"[BB] t=74 [ENC_HELLO] Retry 2/3 sent (next at t=114)"
FF01,GWN,3,UNIFIED,"[AC] t=74 [HELLO_TX] bcast battery=100.0%"
FF01,GWN,3,UNIFIED,"t=76 [TIMEOUT] Purged FF0D from pendingChildren"
FF01,GWN,3,UNIFIED,"[BB] t=76 [TX] CMD.3 -> FF0D"
FF01,GWN,3,UNIFIED,"t=76 [TIMEOUT] Sent PARENT_REJECT to pending FF0D"
FF01,GWN,3,UNIFIED,"t=76 [TIMEOUT] Attempt 1/4 for FF0D - will retry"
FF01,GWN,3,UNIFIED,"[BB] [LOCK][CLEAR] partner=FF0D"
FF01,GWN,3,UNIFIED,"t=77 [RECRUIT] INIT(2/4) -> FF0D"
FF01,GWN,3,UNIFIED,"[BB] [LOCK][SET] partner=FF0D timeout=6"
FF01,GWN,3,UNIFIED,"[BB] t=77 [HANDSHAKE] Lock set with FF0D (timer=6)"
FF01,GWN,3,UNIFIED,"[BB] [LOCK][SET] partner=FF0D timeout=6"
FF01,GWN,3,UNIFIED,"[BB] t=77 [TX] CMD.0 -> FF0D"
FF01,GWN,3,UNIFIED,"t=80 [PHY] Neighbour count: 20->21"
FF01,GWN,3,UNIFIED,"t=81 [PHY] Neighbor count=21"
FF01,GWN,3,UNIFIED,"t=83 [TIMEOUT] Attempt 2/4 for FF0D - will retry"
FF01,GWN,3,UNIFIED,"[BB] [LOCK][CLEAR] partner=FF0D"
FF01,GWN,3,UNIFIED,"t=84 [RECRUIT] INIT(3/4) -> FF0D"
FF01,GWN,3,UNIFIED,"[BB] [LOCK][SET] partner=FF0D timeout=6"
FF01,GWN,3,UNIFIED,"[BB] t=84 [HANDSHAKE] Lock set with FF0D (timer=6)"
FF01,GWN,3,UNIFIED,"[BB] [LOCK][SET] partner=FF0D timeout=6"
FF01,GWN,3,UNIFIED,"[BB] t=84 [TX] CMD.0 -> FF0D"
FF01,GWN,3,UNIFIED,"[AC] t=84 [HELLO_TX] bcast battery=100.0%"
FF01,GWN,3,UNIFIED,"[BB] t=86 [RX] CMD.1 <- FF0D RSSI=0.0"
FF01,GWN,3,UNIFIED,"[BB] [LOCK][REFRESH] partner=FF0D timeout=6"
FF01,GWN,3,UNIFIED,"[BB] t=86 [TX] CMD.2 -> FF0D"
FF01,GWN,3,UNIFIED,"[BB] [LOCK][REFRESH] partner=FF0D timeout=6"
FF01,GWN,3,UNIFIED,"[BB] t=86 [HANDSHAKE] FF0D added to pendingChildren (awaiting ENC_HELLO)"
FF01,GWN,3,UNIFIED,"[BB] t=86 [TX] CMD.4 -> FF0D"
FF01,GWN,3,UNIFIED,"[BB] t=86 [PHASE] Sending phaseOffset=0 to child FF0D (self=1)"
FF01,GWN,3,UNIFIED,"[BB] [LOCK][REFRESH] partner=FF0D timeout=6"
FF01,GWN,3,UNIFIED,"[BB] [LOCK][SET] partner=FF0D timeout=6"
FF01,GWN,3,UNIFIED,"[BB] t=91 [RX] CMD.5 <- FF0D RSSI=0.0"
FF01,GWN,3,UNIFIED,"[BB] t=91 [HANDSHAKE] FF0D promoted to children (ENC_HELLO received)"
FF01,GWN,3,UNIFIED,"[BB] [LOCK][CLEAR][ENC_HELLO_RX] partner=FF0D"
FF01,GWN,3,UNIFIED,"[BB] t=91 [TX] CMD.5 -> FF0E"
FF01,GWN,3,UNIFIED,"[BB] t=91 [HANDSHAKE] Lock cleared (was with FF0D)"
FF01,GWN,3,UNIFIED,"[BB] t=91 [RETRY] Reset retry state for FF0D (now child)"
FF01,GWN,3,UNIFIED,"[BB] t=91 [STATE] HANDSHAKE -> SECURE"
FF01,GWN,3,UNIFIED,"[AC] t=94 [HELLO_TX] bcast battery=100.0%"
FF01,GWN,3,UNIFIED,"t=96 [PHY] Neighbour count: 21->22"
FF01,GWN,3,UNIFIED,"t=97 [PHY] Neighbor count=22"
FF01,GWN,3,UNIFIED,"[BB] t=99 [RX_FWD] Encrypted CMD.5 from Child FF0D -> Queue for Parent FF0E"
FF01,GWN,3,UNIFIED,"[BB] t=99 [Q_FWD] Queued CMD.5 (size=1/15)"
FF01,GWN,3,UNIFIED,"t=99 [PHY] Neighbour count: 22->23"
FF01,GWN,3,UNIFIED,"t=100 [PHY] Neighbor count=23"
FF01,GWN,3,UNIFIED,"[AC] t=100 [HELLO_TX] bcast battery=100.0%"
FF01,GWN,3,UNIFIED,"[BB] t=102 [RX_FWD] Encrypted CMD.5 from Child FF0D -> Queue for Parent FF0E"
FF01,GWN,3,UNIFIED,"[BB] t=102 [Q_FWD] Queued CMD.5 (size=2/15)"
FF01,GWN,3,UNIFIED,"[AC] t=106 [HELLO_TX] bcast battery=100.0%"
FF01,GWN,3,UNIFIED,"t=111 [PHY] Neighbor count=24"
FF01,GWN,3,UNIFIED,"[BB] t=114 [ENC_HELLO] TX: gwCh=1; chCh=0; secCh=0; sn=0 (encrypted)"
FF01,GWN,3,UNIFIED,"[BB] t=114 [ENC_HELLO] Retry 3/3 sent (next at t=194)"
FF01,GWN,3,UNIFIED,"[AC] t=115 [HELLO_TX] bcast battery=100.0%"
FF01,GWN,3,UNIFIED,"[AC] t=125 [HELLO_TX] bcast battery=100.0%"
FF01,GWN,3,UNIFIED,"[AC] t=129 [HELLO_TX] bcast battery=100.0%"
FF01,GWN,3,UNIFIED,"[AC] t=136 [HELLO_TX] bcast battery=100.0%"
FF01,GWN,3,UNIFIED,"t=141 [PHY] Neighbour count: 24->25"
FF01,GWN,3,UNIFIED,"t=142 [PHY] Neighbor count=25"
FF01,GWN,3,UNIFIED,"[AC] t=143 [HELLO_TX] bcast battery=100.0%"
FF01,GWN,3,UNIFIED,"[AC] t=150 [HELLO_TX] bcast battery=100.0%"
FF01,GWN,3,UNIFIED,"t=153 [PHY] Neighbour count: 25->26"
FF01,GWN,3,UNIFIED,"t=154 [PHY] Neighbor count=26"
FF01,GWN,3,UNIFIED,"[AC] t=154 [HELLO_TX] bcast battery=100.0%"
FF01,GWN,3,UNIFIED,"[AC] t=159 [HELLO_TX] bcast battery=100.0%"
FF01,GWN,3,UNIFIED,"[BB] t=159 [RX_FWD] Encrypted CMD.5 from Child FF0D -> Queue for Parent FF0E"
FF01,GWN,3,UNIFIED,"[BB] t=159 [Q_FWD] Queued CMD.5 (size=3/15)"
FF01,GWN,3,UNIFIED,"[AC] t=169 [HELLO_TX] bcast battery=100.0%"
FF01,GWN,3,UNIFIED,"[AC] t=175 [HELLO_TX] bcast battery=100.0%"
FF01,GWN,3,UNIFIED,"[AC] t=181 [HELLO_TX] bcast battery=100.0%"
FF01,GWN,3,UNIFIED,"[AC] t=189 [HELLO_TX] bcast battery=100.0%"
FF01,GWN,3,UNIFIED,"[BB] t=194 [ENC_HELLO] TX: gwCh=1; chCh=0; secCh=0; sn=0 (encrypted)"
FF01,GWN,3,UNIFIED,"[BB] t=194 [ENC_HELLO] Registry refresh #1 sent (next at t=274)"
FF01,GWN,3,UNIFIED,"[AC] t=194 [HELLO_TX] bcast battery=100.0%"
FF01,GWN,3,UNIFIED,"t=195 [PHY] Neighbour count: 26->27"
FF01,GWN,3,UNIFIED,"t=196 [PHY] Neighbor count=27"
FF01,GWN,3,UNIFIED,"[BB] t=200 [PHASE_RX] Listening (Q_fwd=3; Q_local=0)"
FF01,GWN,3,UNIFIED,"[BB] t=200 [RX_FWD] Encrypted CMD.5 from Child FF0D -> Queue for Parent FF0E"
FF01,GWN,3,UNIFIED,"[BB] t=200 [Q_FWD] Queued CMD.5 (size=4/15)"
FF01,GWN,3,UNIFIED,"[BB] t=201 [DEQUEUE] From Q_fwd (waited 102 TFs)"
FF01,GWN,3,UNIFIED,"[BB] t=201 [PHASE_TX] Sent CMD.5 -> FF0E (Q_fwd=3; Q_local=0)"
FF01,GWN,3,UNIFIED,"[BB] t=202 [DEQUEUE] From Q_fwd (waited 100 TFs)"
FF01,GWN,3,UNIFIED,"[BB] t=202 [PHASE_TX] Sent CMD.5 -> FF0E (Q_fwd=2; Q_local=0)"
FF01,GWN,3,UNIFIED,"[AC] t=202 [HELLO_TX] bcast battery=100.0%"
FF01,GWN,3,UNIFIED,"[BB] t=203 [DEQUEUE] From Q_fwd (waited 44 TFs)"
FF01,GWN,3,UNIFIED,"[BB] t=203 [PHASE_TX] Sent CMD.5 -> FF0E (Q_fwd=1; Q_local=0)"
FF01,GWN,3,UNIFIED,"[BB] t=204 [PHASE_RX] Listening (Q_fwd=1; Q_local=0)"
FF01,GWN,3,UNIFIED,"[BB] t=204 [RX_FWD] Encrypted CMD.5 from Child FF0D -> Queue for Parent FF0E"
FF01,GWN,3,UNIFIED,"[BB] t=204 [Q_FWD] Queued CMD.5 (size=2/15)"
FF01,GWN,3,UNIFIED,"[BB] t=205 [PHASE_RX] Listening (Q_fwd=2; Q_local=0)"
FF01,GWN,3,UNIFIED,"[BB] t=205 [RX_FWD] Encrypted CMD.5 from Child FF0D -> Queue for Parent FF0E"
FF01,GWN,3,UNIFIED,"[BB] t=205 [Q_FWD] Queued CMD.5 (size=3/15)"
FF01,GWN,3,UNIFIED,"[BB] t=206 [PHASE_RX] Listening (Q_fwd=3; Q_local=0)"
FF01,GWN,3,UNIFIED,"[BB] t=206 [RX_FWD] Encrypted CMD.5 from Child FF0D -> Queue for Parent FF0E"
FF01,GWN,3,UNIFIED,"[BB] t=206 [Q_FWD] Queued CMD.5 (size=4/15)"
FF01,GWN,3,UNIFIED,"[BB] t=207 [DEQUEUE] From Q_fwd (waited 7 TFs)"
FF01,GWN,3,UNIFIED,"[BB] t=207 [PHASE_TX] Sent CMD.5 -> FF0E (Q_fwd=3; Q_local=0)"
FF01,GWN,3,UNIFIED,"[BB] t=208 [DEQUEUE] From Q_fwd (waited 4 TFs)"
FF01,GWN,3,UNIFIED,"[BB] t=208 [PHASE_TX] Sent CMD.5 -> FF0E (Q_fwd=2; Q_local=0)"
FF01,GWN,3,UNIFIED,"[BB] t=209 [DEQUEUE] From Q_fwd (waited 4 TFs)"
FF01,GWN,3,UNIFIED,"[BB] t=209 [PHASE_TX] Sent CMD.5 -> FF0E (Q_fwd=1; Q_local=0)"
FF01,GWN,3,UNIFIED,"[BB] t=210 [PHASE_RX] Listening (Q_fwd=1; Q_local=0)"
FF01,GWN,3,UNIFIED,"[BB] t=210 [RX_FWD] Encrypted CMD.5 from Child FF0D -> Queue for Parent FF0E"
FF01,GWN,3,UNIFIED,"[BB] t=210 [Q_FWD] Queued CMD.5 (size=2/15)"
FF01,GWN,3,UNIFIED,"[BB] t=211 [PHASE_RX] Listening (Q_fwd=2; Q_local=0)"
FF01,GWN,3,UNIFIED,"[BB] t=211 [RX_FWD] Encrypted CMD.5 from Child FF0D -> Queue for Parent FF0E"
FF01,GWN,3,UNIFIED,"[BB] t=211 [Q_FWD] Queued CMD.5 (size=3/15)"
FF01,GWN,3,UNIFIED,"[BB] t=212 [PHASE_RX] Listening (Q_fwd=3; Q_local=0)"
FF01,GWN,3,UNIFIED,"[AC] t=212 [HELLO_TX] bcast battery=100.0%"
FF01,GWN,3,UNIFIED,"[BB] t=213 [DEQUEUE] From Q_fwd (waited 7 TFs)"
FF01,GWN,3,UNIFIED,"[BB] t=213 [PHASE_TX] Sent CMD.5 -> FF0E (Q_fwd=2; Q_local=0)"
FF01,GWN,3,UNIFIED,"[BB] t=214 [DEQUEUE] From Q_fwd (waited 4 TFs)"
FF01,GWN,3,UNIFIED,"[BB] t=214 [PHASE_TX] Sent CMD.5 -> FF0E (Q_fwd=1; Q_local=0)"
FF01,GWN,3,UNIFIED,"[BB] t=215 [DEQUEUE] From Q_fwd (waited 4 TFs)"
FF01,GWN,3,UNIFIED,"[BB] t=215 [PHASE_TX] Sent CMD.5 -> FF0E (Q_fwd=0; Q_local=0)"
FF01,GWN,3,UNIFIED,"[BB] t=216 [PHASE_RX] Listening (Q_fwd=0; Q_local=0)"
FF01,GWN,3,UNIFIED,"[BB] t=217 [PHASE_RX] Listening (Q_fwd=0; Q_local=0)"
FF01,GWN,3,UNIFIED,"[BB] t=218 [PHASE_RX] Listening (Q_fwd=0; Q_local=0)"
FF01,GWN,3,UNIFIED,"[BB] t=219 [PHASE_TX] IDLE (queues empty)"
FF01,GWN,3,UNIFIED,"[BB] t=220 [PHASE_TX] IDLE (queues empty)"
FF01,GWN,3,UNIFIED,"[AC] t=220 [HELLO_TX] bcast battery=100.0%"
FF01,GWN,3,UNIFIED,"[BB] t=221 [PHASE_TX] IDLE (queues empty)"
FF01,GWN,3,UNIFIED,"[BB] t=222 [PHASE_RX] Listening (Q_fwd=0; Q_local=0)"
FF01,GWN,3,UNIFIED,"[BB] t=223 [PHASE_RX] Listening (Q_fwd=0; Q_local=0)"
FF01,GWN,3,UNIFIED,"[BB] t=224 [PHASE_RX] Listening (Q_fwd=0; Q_local=0)"
FF01,GWN,3,UNIFIED,"[BB] t=225 [PHASE_TX] IDLE (queues empty)"
FF01,GWN,3,UNIFIED,"[BB] t=226 [PHASE_TX] IDLE (queues empty)"
FF01,GWN,3,UNIFIED,"[BB] t=227 [PHASE_TX] IDLE (queues empty)"
FF01,GWN,3,UNIFIED,"[AC] t=227 [HELLO_TX] bcast battery=100.0%"
FF01,GWN,3,UNIFIED,"[BB] t=228 [PHASE_RX] Listening (Q_fwd=0; Q_local=0)"
FF01,GWN,3,UNIFIED,"[BB] t=229 [PHASE_RX] Listening (Q_fwd=0; Q_local=0)"
FF01,GWN,3,UNIFIED,"[BB] t=230 [PHASE_RX] Listening (Q_fwd=0; Q_local=0)"
FF01,GWN,3,UNIFIED,"[BB] t=231 [PHASE_TX] IDLE (queues empty)"
FF01,GWN,3,UNIFIED,"[BB] t=232 [PHASE_TX] IDLE (queues empty)"
FF01,GWN,3,UNIFIED,"[BB] t=233 [PHASE_TX] IDLE (queues empty)"
FF01,GWN,3,UNIFIED,"[BB] t=234 [PHASE_RX] Listening (Q_fwd=0; Q_local=0)"
FF01,GWN,3,UNIFIED,"[BB] t=235 [PHASE_RX] Listening (Q_fwd=0; Q_local=0)"
FF01,GWN,3,UNIFIED,"[BB] t=236 [PHASE_RX] Listening (Q_fwd=0; Q_local=0)"
FF01,GWN,3,UNIFIED,"[BB] t=237 [PHASE_TX] IDLE (queues empty)"
FF01,GWN,3,UNIFIED,"[AC] t=237 [HELLO_TX] bcast battery=100.0%"
FF01,GWN,3,UNIFIED,"[BB] t=238 [PHASE_TX] IDLE (queues empty)"
FF01,GWN,3,UNIFIED,"[BB] t=239 [PHASE_TX] IDLE (queues empty)"
FF01,GWN,3,UNIFIED,"[BB] t=239 [RX_FWD] Encrypted CMD.5 from Child FF0D -> Queue for Parent FF0E"
FF01,GWN,3,UNIFIED,"[BB] t=239 [Q_FWD] Queued CMD.5 (size=1/15)"
FF01,GWN,3,UNIFIED,"[BB] t=240 [PHASE_RX] Listening (Q_fwd=1; Q_local=0)"
FF01,GWN,3,UNIFIED,"[BB] t=241 [PHASE_RX] Listening (Q_fwd=1; Q_local=0)"
FF01,GWN,3,UNIFIED,"[BB] t=242 [PHASE_RX] Listening (Q_fwd=1; Q_local=0)"
FF01,GWN,3,UNIFIED,"[AC] t=242 [HELLO_TX] bcast battery=100.0%"
FF01,GWN,3,UNIFIED,"[BB] t=243 [DEQUEUE] From Q_fwd (waited 4 TFs)"
FF01,GWN,3,UNIFIED,"[BB] t=243 [PHASE_TX] Sent CMD.5 -> FF0E (Q_fwd=0; Q_local=0)"
FF01,GWN,3,UNIFIED,"[BB] t=244 [PHASE_TX] IDLE (queues empty)"
FF01,GWN,3,UNIFIED,"[BB] t=245 [PHASE_TX] IDLE (queues empty)"
FF01,GWN,3,UNIFIED,"[BB] t=246 [PHASE_RX] Listening (Q_fwd=0; Q_local=0)"
FF01,GWN,3,UNIFIED,"[BB] t=247 [PHASE_RX] Listening (Q_fwd=0; Q_local=0)"
FF01,GWN,3,UNIFIED,"[BB] t=248 [PHASE_RX] Listening (Q_fwd=0; Q_local=0)"
FF01,GWN,3,UNIFIED,"[BB] t=249 [PHASE_TX] IDLE (queues empty)"
FF01,GWN,3,UNIFIED,"[AC] t=249 [HELLO_TX] bcast battery=100.0%"
FF02,GWN,3,BACKBONE,"t=3 [TX] HB.0 -> <BCAST>"
FF02,GWN,3,BACKBONE,"t=4 [PHY] Neighbour count: 3->4"
FF02,GWN,3,BACKBONE,"t=5 [PHY] Neighbour count: 4->5"
FF02,GWN,3,BACKBONE,"t=8 [PHY] Neighbour count: 6->7"
FF02,GWN,3,BACKBONE,"t=9 [PHY] Neighbour count: 7->8"
FF02,GWN,3,BACKBONE,"t=10 [TX] HB.0 -> <BCAST>"
FF02,GWN,3,BACKBONE,"t=10 [PHY] Neighbour count: 8->9"
FF02,GWN,3,BACKBONE,"t=11 [PHY] Neighbour count: 9->10"
FF02,GWN,3,BACKBONE,"t=13 [PHY] Neighbour count: 10->11"
FF02,GWN,3,BACKBONE,"t=14 [PHY] Neighbour count: 11->12"
FF02,GWN,3,BACKBONE,"t=16 [PHY] Neighbour count: 12->13"
FF02,GWN,3,BACKBONE,"t=17 [TX] HB.0 -> <BCAST>"
FF02,GWN,3,BACKBONE,"t=18 [PHY] Neighbour count: 13->14"
FF02,GWN,3,BACKBONE,"t=24 [TX] HB.1 -> <BCAST>"
FF02,GWN,3,BACKBONE,"t=27 [PHY] Neighbour count: 14->15"
FF02,GWN,3,BACKBONE,"t=31 [TX] HB.1 -> <BCAST>"
FF02,GWN,3,BACKBONE,"t=32 [PHY] Neighbour count: 15->16"
FF02,GWN,3,BACKBONE,"t=35 [PHY] Neighbour count: 16->17"
FF02,GWN,3,BACKBONE,"t=38 [TX] HB.1 -> <BCAST>"
FF02,GWN,3,BACKBONE,"t=45 [TX] HB.1 -> <BCAST>"
FF02,GWN,3,BACKBONE,"t=52 [TX] HB.1 -> <BCAST>"
FF02,GWN,3,BACKBONE,"t=56 [PHY] Neighbour count: 17->18"
FF02,GWN,3,BACKBONE,"t=59 [TX] HB.1 -> <BCAST>"
FF02,GWN,3,BACKBONE,"t=66 [TX] HB.1 -> <BCAST>"
FF02,GWN,3,BACKBONE,"t=67 [PHY] Neighbour count: 18->19"
FF02,GWN,3,BACKBONE,"t=73 [TX] HB.1 -> <BCAST>"
FF02,GWN,3,BACKBONE,"t=80 [TX] HB.1 -> <BCAST>"
FF02,GWN,3,BACKBONE,"t=87 [TX] HB.1 -> <BCAST>"
FF02,GWN,3,BACKBONE,"t=90 [PHY] Neighbour count: 19->20"
FF02,GWN,3,BACKBONE,"t=92 [RX] CMD.0 <- FF09 RSSI=0.5"
FF02,GWN,3,BACKBONE,"t=92 [TX] CMD.1 -> FF09"
FF02,GWN,3,BACKBONE,"t=92 [TX] CMD.1 -> FF09"
FF02,GWN,3,BACKBONE,"t=92 [STATE] DISCOVERY -> HANDSHAKE"
FF02,GWN,3,BACKBONE,"[LOCK][SET] partner=FF09 timeout=6"
FF02,GWN,3,BACKBONE,"t=92 [HANDSHAKE] Lock set with FF09 (timer=6)"
FF02,GWN,3,BACKBONE,"t=96 [RX] CMD.2 <- FF09 RSSI=0.5"
FF02,GWN,3,BACKBONE,"[LOCK][REFRESH] partner=FF09 timeout=6"
FF02,GWN,3,BACKBONE,"[LOCK][SET] partner=FF09 timeout=6"
FF02,GWN,3,BACKBONE,"t=96 [PARENT] Set parent -> FF09"
FF02,GWN,3,BACKBONE,"t=97 [RX] CMD.4 <- FF09 RSSI=0.5"
FF02,GWN,3,BACKBONE,"[LOCK][REFRESH] partner=FF09 timeout=6"
FF02,GWN,3,BACKBONE,"t=97 [PHASE] Inherited phaseOffset=1 from parent FF09"
FF02,GWN,3,BACKBONE,"t=97 [ENC_HELLO] TX: gwCh=0; chCh=0; secCh=0; sn=0 (encrypted)"
FF02,GWN,3,BACKBONE,"t=97 [TX] CMD.5 -> FF09"
FF02,GWN,3,BACKBONE,"[LOCK][CLEAR][ENC_HELLO_TX] partner=FF09"
FF02,GWN,3,BACKBONE,"t=97 [HANDSHAKE] Lock cleared (was with FF09)"
FF02,GWN,3,BACKBONE,"[LOCK][SET] partner=FF03 timeout=6"
FF02,GWN,3,BACKBONE,"t=101 [HANDSHAKE] Lock set with FF03 (timer=6)"
FF02,GWN,3,BACKBONE,"[LOCK][SET] partner=FF03 timeout=6"
FF02,GWN,3,BACKBONE,"t=101 [TX] CMD.0 -> FF03"
FF02,GWN,3,BACKBONE,"t=103 [RX] CMD.1 <- FF03 RSSI=20.7"
FF02,GWN,3,BACKBONE,"[LOCK][REFRESH] partner=FF03 timeout=6"
FF02,GWN,3,BACKBONE,"t=103 [TX] CMD.2 -> FF03"
FF02,GWN,3,BACKBONE,"[LOCK][REFRESH] partner=FF03 timeout=6"
FF02,GWN,3,BACKBONE,"t=103 [HANDSHAKE] FF03 added to pendingChildren (awaiting ENC_HELLO)"
FF02,GWN,3,BACKBONE,"t=103 [TX] CMD.4 -> FF03"
FF02,GWN,3,BACKBONE,"t=103 [PHASE] Sending phaseOffset=0 to child FF03 (self=1)"
FF02,GWN,3,BACKBONE,"[LOCK][REFRESH] partner=FF03 timeout=6"
FF02,GWN,3,BACKBONE,"[LOCK][SET] partner=FF03 timeout=6"
FF02,GWN,3,BACKBONE,"t=107 [ENC_HELLO] TX: gwCh=0; chCh=0; secCh=0; sn=0 (encrypted)"
FF02,GWN,3,BACKBONE,"t=107 [ENC_HELLO] Retry 1/3 sent (next at t=127)"
FF02,GWN,3,BACKBONE,"t=108 [RX] CMD.5 <- FF03 RSSI=20.7"
FF02,GWN,3,BACKBONE,"t=108 [HANDSHAKE] FF03 promoted to children (ENC_HELLO received)"
FF02,GWN,3,BACKBONE,"[LOCK][CLEAR][ENC_HELLO_RX] partner=FF03"
FF02,GWN,3,BACKBONE,"t=108 [TX] CMD.5 -> FF09"
FF02,GWN,3,BACKBONE,"t=108 [HANDSHAKE] Lock cleared (was with FF03)"
FF02,GWN,3,BACKBONE,"t=108 [RETRY] Reset retry state for FF03 (now child)"
FF02,GWN,3,BACKBONE,"t=108 [STATE] HANDSHAKE -> SECURE"
FF02,GWN,3,BACKBONE,"t=113 [PHY] Neighbour count: 20->21"
FF02,GWN,3,BACKBONE,"t=116 [RX_FWD] Encrypted CMD.5 from Child FF03 -> Queue for Parent FF09"
FF02,GWN,3,BACKBONE,"t=116 [Q_FWD] Queued CMD.5 (size=1/15)"
FF02,GWN,3,BACKBONE,"t=119 [RX_FWD] Encrypted CMD.5 from Child FF03 -> Queue for Parent FF09"
FF02,GWN,3,BACKBONE,"t=119 [Q_FWD] Queued CMD.5 (size=2/15)"
FF02,GWN,3,BACKBONE,"t=121 [RX] CMD.0 <- FF0B RSSI=0.0"
FF02,GWN,3,BACKBONE,"t=121 [TX] CMD.3 -> FF0B"
FF02,GWN,3,BACKBONE,"t=127 [ENC_HELLO] TX: gwCh=1; chCh=0; secCh=0; sn=0 (encrypted)"
FF02,GWN,3,BACKBONE,"t=127 [ENC_HELLO] Retry 2/3 sent (next at t=167)"
FF02,GWN,3,BACKBONE,"t=135 [RX] CMD.0 <- FF0B RSSI=0.0"
FF02,GWN,3,BACKBONE,"t=135 [TX] CMD.3 -> FF0B"
FF02,GWN,3,BACKBONE,"t=136 [RX_FWD] Encrypted CMD.5 from Child FF03 -> Queue for Parent FF09"
FF02,GWN,3,BACKBONE,"t=136 [Q_FWD] Queued CMD.5 (size=3/15)"
FF02,GWN,3,BACKBONE,"t=160 [PHY] Neighbour count: 21->22"
FF02,GWN,3,BACKBONE,"t=167 [ENC_HELLO] TX: gwCh=1; chCh=0; secCh=0; sn=0 (encrypted)"
FF02,GWN,3,BACKBONE,"t=167 [ENC_HELLO] Retry 3/3 sent (next at t=247)"
FF02,GWN,3,BACKBONE,"t=176 [RX_FWD] Encrypted CMD.5 from Child FF03 -> Queue for Parent FF09"
FF02,GWN,3,BACKBONE,"t=176 [Q_FWD] Queued CMD.5 (size=4/15)"
FF02,GWN,3,BACKBONE,"t=188 [PHY] Neighbour count: 22->23"
FF02,GWN,3,BACKBONE,"t=200 [PHASE_RX] Listening (Q_fwd=4; Q_local=0)"
FF02,GWN,3,BACKBONE,"t=200 [RX_FWD] Encrypted CMD.5 from Child FF03 -> Queue for Parent FF09"
FF02,GWN,3,BACKBONE,"t=200 [Q_FWD] Queued CMD.5 (size=5/15)"
FF02,GWN,3,BACKBONE,"t=201 [DEQUEUE] From Q_fwd (waited 85 TFs)"
FF02,GWN,3,BACKBONE,"t=201 [PHASE_TX] Sent CMD.5 -> FF09 (Q_fwd=4; Q_local=0)"
FF02,GWN,3,BACKBONE,"t=202 [DEQUEUE] From Q_fwd (waited 83 TFs)"
FF02,GWN,3,BACKBONE,"t=202 [PHASE_TX] Sent CMD.5 -> FF09 (Q_fwd=3; Q_local=0)"
FF02,GWN,3,BACKBONE,"t=203 [DEQUEUE] From Q_fwd (waited 67 TFs)"
FF02,GWN,3,BACKBONE,"t=203 [PHASE_TX] Sent CMD.5 -> FF09 (Q_fwd=2; Q_local=0)"
FF02,GWN,3,BACKBONE,"t=204 [PHASE_RX] Listening (Q_fwd=2; Q_local=0)"
FF02,GWN,3,BACKBONE,"t=204 [RX_FWD] Encrypted CMD.5 from Child FF03 -> Queue for Parent FF09"
FF02,GWN,3,BACKBONE,"t=204 [Q_FWD] Queued CMD.5 (size=3/15)"
FF02,GWN,3,BACKBONE,"t=205 [PHASE_RX] Listening (Q_fwd=3; Q_local=0)"
FF02,GWN,3,BACKBONE,"t=205 [RX_FWD] Encrypted CMD.5 from Child FF03 -> Queue for Parent FF09"
FF02,GWN,3,BACKBONE,"t=205 [Q_FWD] Queued CMD.5 (size=4/15)"
FF02,GWN,3,BACKBONE,"t=206 [PHASE_RX] Listening (Q_fwd=4; Q_local=0)"
FF02,GWN,3,BACKBONE,"t=207 [DEQUEUE] From Q_fwd (waited 31 TFs)"
FF02,GWN,3,BACKBONE,"t=207 [PHASE_TX] Sent CMD.5 -> FF09 (Q_fwd=3; Q_local=0)"
FF02,GWN,3,BACKBONE,"t=208 [DEQUEUE] From Q_fwd (waited 8 TFs)"
FF02,GWN,3,BACKBONE,"t=208 [PHASE_TX] Sent CMD.5 -> FF09 (Q_fwd=2; Q_local=0)"
FF02,GWN,3,BACKBONE,"t=209 [DEQUEUE] From Q_fwd (waited 5 TFs)"
FF02,GWN,3,BACKBONE,"t=209 [PHASE_TX] Sent CMD.5 -> FF09 (Q_fwd=1; Q_local=0)"
FF02,GWN,3,BACKBONE,"t=210 [PHASE_RX] Listening (Q_fwd=1; Q_local=0)"
FF02,GWN,3,BACKBONE,"t=211 [PHASE_RX] Listening (Q_fwd=1; Q_local=0)"
FF02,GWN,3,BACKBONE,"t=212 [PHASE_RX] Listening (Q_fwd=1; Q_local=0)"
FF02,GWN,3,BACKBONE,"t=213 [DEQUEUE] From Q_fwd (waited 8 TFs)"
FF02,GWN,3,BACKBONE,"t=213 [PHASE_TX] Sent CMD.5 -> FF09 (Q_fwd=0; Q_local=0)"
FF02,GWN,3,BACKBONE,"t=214 [PHASE_TX] IDLE (queues empty)"
FF02,GWN,3,BACKBONE,"t=215 [PHASE_TX] IDLE (queues empty)"
FF02,GWN,3,BACKBONE,"t=215 [Q_LOCAL] Queued CH_HELLO.1 (size=1/15)"
FF02,GWN,3,BACKBONE,"t=216 [PHASE_RX] Listening (Q_fwd=0; Q_local=1)"
FF02,GWN,3,BACKBONE,"t=217 [PHASE_RX] Listening (Q_fwd=0; Q_local=1)"
FF02,GWN,3,BACKBONE,"t=218 [PHASE_RX] Listening (Q_fwd=0; Q_local=1)"
FF02,GWN,3,BACKBONE,"t=219 [DEQUEUE] From Q_local (waited 4 TFs)"
FF02,GWN,3,BACKBONE,"t=219 [PHASE_TX] Sent CH_HELLO.1 -> FF09 (Q_fwd=0; Q_local=0)"
FF02,GWN,3,BACKBONE,"t=220 [PHASE_TX] IDLE (queues empty)"
FF02,GWN,3,BACKBONE,"t=220 [PHY] Neighbour count: 23->24"
FF02,GWN,3,BACKBONE,"t=221 [PHASE_TX] IDLE (queues empty)"
FF02,GWN,3,BACKBONE,"t=222 [PHASE_RX] Listening (Q_fwd=0; Q_local=0)"
FF02,GWN,3,BACKBONE,"t=223 [PHASE_RX] Listening (Q_fwd=0; Q_local=0)"
FF02,GWN,3,BACKBONE,"t=224 [PHASE_RX] Listening (Q_fwd=0; Q_local=0)"
FF02,GWN,3,BACKBONE,"t=225 [PHASE_TX] IDLE (queues empty)"
FF02,GWN,3,BACKBONE,"t=226 [PHASE_TX] IDLE (queues empty)"
FF02,GWN,3,BACKBONE,"t=227 [PHASE_TX] IDLE (queues empty)"
FF02,GWN,3,BACKBONE,"t=228 [PHASE_RX] Listening (Q_fwd=0; Q_local=0)"
FF02,GWN,3,BACKBONE,"t=229 [PHASE_RX] Listening (Q_fwd=0; Q_local=0)"
FF02,GWN,3,BACKBONE,"t=230 [PHASE_RX] Listening (Q_fwd=0; Q_local=0)"
FF02,GWN,3,BACKBONE,"t=231 [PHASE_TX] IDLE (queues empty)"
FF02,GWN,3,BACKBONE,"t=232 [PHASE_TX] IDLE (queues empty)"
FF02,GWN,3,BACKBONE,"t=233 [PHASE_TX] IDLE (queues empty)"
FF02,GWN,3,BACKBONE,"t=234 [PHASE_RX] Listening (Q_fwd=0; Q_local=0)"
FF02,GWN,3,BACKBONE,"t=235 [PHASE_RX] Listening (Q_fwd=0; Q_local=0)"
FF02,GWN,3,BACKBONE,"t=236 [PHASE_RX] Listening (Q_fwd=0; Q_local=0)"
FF02,GWN,3,BACKBONE,"t=237 [PHASE_TX] IDLE (queues empty)"
FF02,GWN,3,BACKBONE,"t=238 [PHASE_TX] IDLE (queues empty)"
FF02,GWN,3,BACKBONE,"t=239 [PHASE_TX] IDLE (queues empty)"
FF02,GWN,3,BACKBONE,"t=240 [PHASE_RX] Listening (Q_fwd=0; Q_local=0)"
FF02,GWN,3,BACKBONE,"t=241 [PHASE_RX] Listening (Q_fwd=0; Q_local=0)"
FF02,GWN,3,BACKBONE,"t=242 [PHASE_RX] Listening (Q_fwd=0; Q_local=0)"
FF02,GWN,3,BACKBONE,"t=243 [PHASE_TX] IDLE (queues empty)"
FF02,GWN,3,BACKBONE,"t=244 [PHASE_TX] IDLE (queues empty)"
FF02,GWN,3,BACKBONE,"t=245 [PHASE_TX] IDLE (queues empty)"
FF02,GWN,3,BACKBONE,"t=246 [PHASE_RX] Listening (Q_fwd=0; Q_local=0)"
FF02,GWN,3,BACKBONE,"t=247 [ENC_HELLO] TX: gwCh=1; chCh=1; secCh=0; sn=0 (encrypted)"
FF02,GWN,3,BACKBONE,"t=247 [ENC_HELLO] Registry refresh #1 sent (next at t=327)"
FF02,GWN,3,BACKBONE,"t=247 [PHASE_RX] Listening (Q_fwd=0; Q_local=0)"
FF02,GWN,3,BACKBONE,"t=248 [PHASE_RX] Listening (Q_fwd=0; Q_local=0)"
FF02,GWN,3,BACKBONE,"t=249 [PHASE_TX] IDLE (queues empty)"
FF02,GWN,3,ACCESS,"t=4 [PHY] Neighbour count: 3->4"
FF02,GWN,3,ACCESS,"t=5 [PHY] Neighbour count: 4->5"
FF02,GWN,3,ACCESS,"t=8 [PHY] Neighbour count: 6->7"
FF02,GWN,3,ACCESS,"t=9 [PHY] Neighbour count: 7->8"
FF02,GWN,3,ACCESS,"t=10 [HELLO_TX] bcast battery=100.0%"
FF02,GWN,3,ACCESS,"t=10 [PHY] Neighbour count: 8->9"
FF02,GWN,3,ACCESS,"t=11 [PHY] Neighbour count: 9->10"
FF02,GWN,3,ACCESS,"t=13 [PHY] Neighbour count: 10->11"
FF02,GWN,3,ACCESS,"t=14 [PHY] Neighbour count: 11->12"
FF02,GWN,3,ACCESS,"t=16 [HELLO_TX] bcast battery=100.0%"
FF02,GWN,3,ACCESS,"t=16 [PHY] Neighbour count: 12->13"
FF02,GWN,3,ACCESS,"t=18 [PHY] Neighbour count: 13->14"
FF02,GWN,3,ACCESS,"t=22 [HELLO_TX] bcast battery=100.0%"
FF02,GWN,3,ACCESS,"t=27 [PHY] Neighbour count: 14->15"
FF02,GWN,3,ACCESS,"t=29 [HELLO_TX] bcast battery=100.0%"
FF02,GWN,3,ACCESS,"t=32 [PHY] Neighbour count: 15->16"
FF02,GWN,3,ACCESS,"t=34 [HELLO_TX] bcast battery=100.0%"
FF02,GWN,3,ACCESS,"t=35 [PHY] Neighbour count: 16->17"
FF02,GWN,3,ACCESS,"t=40 [HELLO_TX] bcast battery=100.0%"
FF02,GWN,3,ACCESS,"t=47 [HELLO_TX] bcast battery=100.0%"
FF02,GWN,3,ACCESS,"t=55 [HELLO_TX] bcast battery=100.0%"
FF02,GWN,3,ACCESS,"t=56 [PHY] Neighbour count: 17->18"
FF02,GWN,3,ACCESS,"t=62 [HELLO_TX] bcast battery=100.0%"
FF02,GWN,3,ACCESS,"t=67 [PHY] Neighbour count: 18->19"
FF02,GWN,3,ACCESS,"t=69 [HELLO_TX] bcast battery=100.0%"
FF02,GWN,3,ACCESS,"t=77 [HELLO_TX] bcast battery=100.0%"
FF02,GWN,3,ACCESS,"t=86 [HELLO_TX] bcast battery=100.0%"
FF02,GWN,3,ACCESS,"t=90 [HELLO_TX] bcast battery=100.0%"
FF02,GWN,3,ACCESS,"t=90 [PHY] Neighbour count: 19->20"
FF02,GWN,3,ACCESS,"t=96 [HELLO_TX] bcast battery=100.0%"
FF02,GWN,3,ACCESS,"t=104 [HELLO_TX] bcast battery=100.0%"
FF02,GWN,3,ACCESS,"t=113 [PHY] Neighbour count: 20->21"
FF02,GWN,3,ACCESS,"t=114 [HELLO_TX] bcast battery=100.0%"
FF02,GWN,3,ACCESS,"t=119 [HELLO_TX] bcast battery=100.0%"
FF02,GWN,3,ACCESS,"t=125 [HELLO_TX] bcast battery=100.0%"
FF02,GWN,3,ACCESS,"t=133 [HELLO_TX] bcast battery=100.0%"
FF02,GWN,3,ACCESS,"t=143 [HELLO_TX] bcast battery=100.0%"
FF02,GWN,3,ACCESS,"t=152 [HELLO_TX] bcast battery=100.0%"
FF02,GWN,3,ACCESS,"t=160 [PHY] Neighbour count: 21->22"
FF02,GWN,3,ACCESS,"t=162 [HELLO_TX] bcast battery=100.0%"
FF02,GWN,3,ACCESS,"t=169 [HELLO_TX] bcast battery=100.0%"
FF02,GWN,3,ACCESS,"t=175 [HELLO_TX] bcast battery=100.0%"
FF02,GWN,3,ACCESS,"t=181 [HELLO_TX] bcast battery=100.0%"
FF02,GWN,3,ACCESS,"t=188 [HELLO_TX] bcast battery=100.0%"
FF02,GWN,3,ACCESS,"t=188 [PHY] Neighbour count: 22->23"
FF02,GWN,3,ACCESS,"t=196 [HELLO_TX] bcast battery=100.0%"
FF02,GWN,3,ACCESS,"t=206 [HELLO_TX] bcast battery=100.0%"
FF02,GWN,3,ACCESS,"t=207 [RX] CH_CMD.0 <- AA05"
FF02,GWN,3,ACCESS,"[LOCK][SET] partner=AA05 timeout=4"
FF02,GWN,3,ACCESS,"t=207 [CH_ACK] -> AA05 (sending key)"
FF02,GWN,3,ACCESS,"t=211 [TIMEOUT] Sent CH_REJECT to orphaned AA05"
FF02,GWN,3,ACCESS,"[LOCK][TIMEOUT] partner=AA05"
FF02,GWN,3,ACCESS,"t=211 [HELLO_TX] bcast battery=100.0%"
FF02,GWN,3,ACCESS,"t=215 [RX] CH_CMD.2 <- AA05"
FF02,GWN,3,ACCESS,"[LOCK][CLEAR][CH_SUCCESS] partner=AA05"
FF02,GWN,3,ACCESS,"t=215 [CH_JOINED] AA05 added to children"
FF02,GWN,3,ACCESS,"t=219 [HELLO_TX] bcast battery=100.0%"
FF02,GWN,3,ACCESS,"t=220 [PHY] Neighbour count: 23->24"
FF02,GWN,3,ACCESS,"t=226 [HELLO_TX] bcast battery=100.0%"
FF02,GWN,3,ACCESS,"t=230 [HELLO_TX] bcast battery=100.0%"
FF02,GWN,3,ACCESS,"t=237 [HELLO_TX] bcast battery=100.0%"
FF02,GWN,3,ACCESS,"t=246 [HELLO_TX] bcast battery=100.0%"
FF02,GWN,3,UNIFIED,"t=2 [PHY] Neighbor count=1"
FF02,GWN,3,UNIFIED,"t=3 [PHY] Neighbor count=2"
FF02,GWN,3,UNIFIED,"[BB] t=3 [TX] HB.0 -> <BCAST>"
FF02,GWN,3,UNIFIED,"t=4 [PHY] Neighbor count=3"
FF02,GWN,3,UNIFIED,"t=4 [PHY] Neighbour count: 3->4"
FF02,GWN,3,UNIFIED,"t=5 [PHY] Neighbor count=4"
FF02,GWN,3,UNIFIED,"t=5 [PHY] Neighbour count: 4->5"
FF02,GWN,3,UNIFIED,"t=6 [PHY] Neighbor count=5"
FF02,GWN,3,UNIFIED,"t=8 [PHY] Neighbor count=6"
FF02,GWN,3,UNIFIED,"t=8 [PHY] Neighbour count: 6->7"
FF02,GWN,3,UNIFIED,"t=9 [PHY] Neighbor count=7"
FF02,GWN,3,UNIFIED,"t=9 [PHY] Neighbour count: 7->8"
FF02,GWN,3,UNIFIED,"t=10 [PHY] Neighbor count=8"
FF02,GWN,3,UNIFIED,"[BB] t=10 [TX] HB.0 -> <BCAST>"
FF02,GWN,3,UNIFIED,"[AC] t=10 [HELLO_TX] bcast battery=100.0%"
FF02,GWN,3,UNIFIED,"t=10 [PHY] Neighbour count: 8->9"
FF02,GWN,3,UNIFIED,"t=11 [PHY] Neighbor count=9"
FF02,GWN,3,UNIFIED,"t=11 [PHY] Neighbour count: 9->10"
FF02,GWN,3,UNIFIED,"t=12 [PHY] Neighbor count=10"
FF02,GWN,3,UNIFIED,"t=13 [PHY] Neighbour count: 10->11"
FF02,GWN,3,UNIFIED,"t=14 [PHY] Neighbor count=11"
FF02,GWN,3,UNIFIED,"t=14 [PHY] Neighbour count: 11->12"
FF02,GWN,3,UNIFIED,"t=15 [PHY] Neighbor count=12"
FF02,GWN,3,UNIFIED,"[AC] t=16 [HELLO_TX] bcast battery=100.0%"
FF02,GWN,3,UNIFIED,"t=16 [PHY] Neighbour count: 12->13"
FF02,GWN,3,UNIFIED,"t=17 [PHY] Neighbor count=13"
FF02,GWN,3,UNIFIED,"[BB] t=17 [TX] HB.0 -> <BCAST>"
FF02,GWN,3,UNIFIED,"t=18 [PHY] Neighbour count: 13->14"
FF02,GWN,3,UNIFIED,"t=19 [PHY] Neighbor count=14"
FF02,GWN,3,UNIFIED,"t=22 [STATE] BOOT→DISCOVERY (neighbors=14)"
FF02,GWN,3,UNIFIED,"[AC] t=22 [HELLO_TX] bcast battery=100.0%"
FF02,GWN,3,UNIFIED,"[BB] t=24 [TX] HB.1 -> <BCAST>"
FF02,GWN,3,UNIFIED,"t=27 [PHY] Neighbour count: 14->15"
FF02,GWN,3,UNIFIED,"t=28 [PHY] Neighbor count=15"
FF02,GWN,3,UNIFIED,"[AC] t=29 [HELLO_TX] bcast battery=100.0%"
FF02,GWN,3,UNIFIED,"[BB] t=31 [TX] HB.1 -> <BCAST>"
FF02,GWN,3,UNIFIED,"t=32 [PHY] Neighbour count: 15->16"
FF02,GWN,3,UNIFIED,"t=33 [PHY] Neighbor count=16"
FF02,GWN,3,UNIFIED,"[AC] t=34 [HELLO_TX] bcast battery=100.0%"
FF02,GWN,3,UNIFIED,"t=35 [PHY] Neighbour count: 16->17"
FF02,GWN,3,UNIFIED,"t=36 [PHY] Neighbor count=17"
FF02,GWN,3,UNIFIED,"[BB] t=38 [TX] HB.1 -> <BCAST>"
FF02,GWN,3,UNIFIED,"[AC] t=40 [HELLO_TX] bcast battery=100.0%"
FF02,GWN,3,UNIFIED,"[BB] t=45 [TX] HB.1 -> <BCAST>"
FF02,GWN,3,UNIFIED,"[AC] t=47 [HELLO_TX] bcast battery=100.0%"
FF02,GWN,3,UNIFIED,"[BB] t=52 [TX] HB.1 -> <BCAST>"
FF02,GWN,3,UNIFIED,"[AC] t=55 [HELLO_TX] bcast battery=100.0%"
FF02,GWN,3,UNIFIED,"t=56 [PHY] Neighbour count: 17->18"
FF02,GWN,3,UNIFIED,"t=57 [PHY] Neighbor count=18"
FF02,GWN,3,UNIFIED,"[BB] t=59 [TX] HB.1 -> <BCAST>"
FF02,GWN,3,UNIFIED,"[AC] t=62 [HELLO_TX] bcast battery=100.0%"
FF02,GWN,3,UNIFIED,"[BB] t=66 [TX] HB.1 -> <BCAST>"
FF02,GWN,3,UNIFIED,"t=67 [PHY] Neighbour count: 18->19"
FF02,GWN,3,UNIFIED,"t=68 [PHY] Neighbor count=19"
FF02,GWN,3,UNIFIED,"[AC] t=69 [HELLO_TX] bcast battery=100.0%"
FF02,GWN,3,UNIFIED,"[BB] t=73 [TX] HB.1 -> <BCAST>"
FF02,GWN,3,UNIFIED,"[AC] t=77 [HELLO_TX] bcast battery=100.0%"
FF02,GWN,3,UNIFIED,"[BB] t=80 [TX] HB.1 -> <BCAST>"
FF02,GWN,3,UNIFIED,"[AC] t=86 [HELLO_TX] bcast battery=100.0%"
FF02,GWN,3,UNIFIED,"[BB] t=87 [TX] HB.1 -> <BCAST>"
FF02,GWN,3,UNIFIED,"[AC] t=90 [HELLO_TX] bcast battery=100.0%"
FF02,GWN,3,UNIFIED,"t=90 [PHY] Neighbour count: 19->20"
FF02,GWN,3,UNIFIED,"t=91 [PHY] Neighbor count=20"
FF02,GWN,3,UNIFIED,"[BB] t=92 [RX] CMD.0 <- FF09 RSSI=0.5"
FF02,GWN,3,UNIFIED,"[BB] t=92 [TX] CMD.1 -> FF09"
FF02,GWN,3,UNIFIED,"[BB] t=92 [TX] CMD.1 -> FF09"
FF02,GWN,3,UNIFIED,"[BB] t=92 [STATE] DISCOVERY -> HANDSHAKE"
FF02,GWN,3,UNIFIED,"[BB] [LOCK][SET] partner=FF09 timeout=6"
FF02,GWN,3,UNIFIED,"[BB] t=92 [HANDSHAKE] Lock set with FF09 (timer=6)"
FF02,GWN,3,UNIFIED,"[AC] t=96 [HELLO_TX] bcast battery=100.0%"
FF02,GWN,3,UNIFIED,"[BB] t=96 [RX] CMD.2 <- FF09 RSSI=0.5"
FF02,GWN,3,UNIFIED,"[BB] [LOCK][REFRESH] partner=FF09 timeout=6"
FF02,GWN,3,UNIFIED,"[BB] [LOCK][SET] partner=FF09 timeout=6"
FF02,GWN,3,UNIFIED,"[BB] t=96 [PARENT] Set parent -> FF09"
FF02,GWN,3,UNIFIED,"[BB] t=97 [RX] CMD.4 <- FF09 RSSI=0.5"
FF02,GWN,3,UNIFIED,"[BB] [LOCK][REFRESH] partner=FF09 timeout=6"
FF02,GWN,3,UNIFIED,"[BB] t=97 [PHASE] Inherited phaseOffset=1 from parent FF09"
FF02,GWN,3,UNIFIED,"[BB] t=97 [ENC_HELLO] TX: gwCh=0; chCh=0; secCh=0; sn=0 (encrypted)"
FF02,GWN,3,UNIFIED,"[BB] t=97 [TX] CMD.5 -> FF09"
FF02,GWN,3,UNIFIED,"[BB] [LOCK][CLEAR][ENC_HELLO_TX] partner=FF09"
FF02,GWN,3,UNIFIED,"[BB] t=97 [HANDSHAKE] Lock cleared (was with FF09)"
FF02,GWN,3,UNIFIED,"t=101 [RECRUIT] INIT(1/4) -> FF03"
FF02,GWN,3,UNIFIED,"[BB] [LOCK][SET] partner=FF03 timeout=6"
FF02,GWN,3,UNIFIED,"[BB] t=101 [HANDSHAKE] Lock set with FF03 (timer=6)"
FF02,GWN,3,UNIFIED,"[BB] [LOCK][SET] partner=FF03 timeout=6"
FF02,GWN,3,UNIFIED,"[BB] t=101 [TX] CMD.0 -> FF03"
FF02,GWN,3,UNIFIED,"[BB] t=103 [RX] CMD.1 <- FF03 RSSI=20.7"
FF02,GWN,3,UNIFIED,"[BB] [LOCK][REFRESH] partner=FF03 timeout=6"
FF02,GWN,3,UNIFIED,"[BB] t=103 [TX] CMD.2 -> FF03"
FF02,GWN,3,UNIFIED,"[BB] [LOCK][REFRESH] partner=FF03 timeout=6"
FF02,GWN,3,UNIFIED,"[BB] t=103 [HANDSHAKE] FF03 added to pendingChildren (awaiting ENC_HELLO)"
FF02,GWN,3,UNIFIED,"[BB] t=103 [TX] CMD.4 -> FF03"
FF02,GWN,3,UNIFIED,"[BB] t=103 [PHASE] Sending phaseOffset=0 to child FF03 (self=1)"
FF02,GWN,3,UNIFIED,"[BB] [LOCK][REFRESH] partner=FF03 timeout=6"
FF02,GWN,3,UNIFIED,"[BB] [LOCK][SET] partner=FF03 timeout=6"
FF02,GWN,3,UNIFIED,"[AC] t=104 [HELLO_TX] bcast battery=100.0%"
FF02,GWN,3,UNIFIED,"[BB] t=107 [ENC_HELLO] TX: gwCh=0; chCh=0; secCh=0; sn=0 (encrypted)"
FF02,GWN,3,UNIFIED,"[BB] t=107 [ENC_HELLO] Retry 1/3 sent (next at t=127)"
FF02,GWN,3,UNIFIED,"[BB] t=108 [RX] CMD.5 <- FF03 RSSI=20.7"
FF02,GWN,3,UNIFIED,"[BB] t=108 [HANDSHAKE] FF03 promoted to children (ENC_HELLO received)"
FF02,GWN,3,UNIFIED,"[BB] [LOCK][CLEAR][ENC_HELLO_RX] partner=FF03"
FF02,GWN,3,UNIFIED,"[BB] t=108 [TX] CMD.5 -> FF09"
FF02,GWN,3,UNIFIED,"[BB] t=108 [HANDSHAKE] Lock cleared (was with FF03)"
FF02,GWN,3,UNIFIED,"[BB] t=108 [RETRY] Reset retry state for FF03 (now child)"
FF02,GWN,3,UNIFIED,"[BB] t=108 [STATE] HANDSHAKE -> SECURE"
FF02,GWN,3,UNIFIED,"t=113 [PHY] Neighbour count: 20->21"
FF02,GWN,3,UNIFIED,"t=114 [PHY] Neighbor count=21"
FF02,GWN,3,UNIFIED,"[AC] t=114 [HELLO_TX] bcast battery=100.0%"
FF02,GWN,3,UNIFIED,"[BB] t=116 [RX_FWD] Encrypted CMD.5 from Child FF03 -> Queue for Parent FF09"
FF02,GWN,3,UNIFIED,"[BB] t=116 [Q_FWD] Queued CMD.5 (size=1/15)"
FF02,GWN,3,UNIFIED,"[AC] t=119 [HELLO_TX] bcast battery=100.0%"
FF02,GWN,3,UNIFIED,"[BB] t=119 [RX_FWD] Encrypted CMD.5 from Child FF03 -> Queue for Parent FF09"
FF02,GWN,3,UNIFIED,"[BB] t=119 [Q_FWD] Queued CMD.5 (size=2/15)"
FF02,GWN,3,UNIFIED,"[BB] t=121 [RX] CMD.0 <- FF0B RSSI=0.0"
FF02,GWN,3,UNIFIED,"[BB] t=121 [TX] CMD.3 -> FF0B"
FF02,GWN,3,UNIFIED,"t=121 [REJ_PARENT] → FF0B"
FF02,GWN,3,UNIFIED,"[AC] t=125 [HELLO_TX] bcast battery=100.0%"
FF02,GWN,3,UNIFIED,"[BB] t=127 [ENC_HELLO] TX: gwCh=1; chCh=0; secCh=0; sn=0 (encrypted)"
FF02,GWN,3,UNIFIED,"[BB] t=127 [ENC_HELLO] Retry 2/3 sent (next at t=167)"
FF02,GWN,3,UNIFIED,"[AC] t=133 [HELLO_TX] bcast battery=100.0%"
FF02,GWN,3,UNIFIED,"[BB] t=135 [RX] CMD.0 <- FF0B RSSI=0.0"
FF02,GWN,3,UNIFIED,"[BB] t=135 [TX] CMD.3 -> FF0B"
FF02,GWN,3,UNIFIED,"t=135 [REJ_PARENT] → FF0B"
FF02,GWN,3,UNIFIED,"[BB] t=136 [RX_FWD] Encrypted CMD.5 from Child FF03 -> Queue for Parent FF09"
FF02,GWN,3,UNIFIED,"[BB] t=136 [Q_FWD] Queued CMD.5 (size=3/15)"
FF02,GWN,3,UNIFIED,"[AC] t=143 [HELLO_TX] bcast battery=100.0%"
FF02,GWN,3,UNIFIED,"[AC] t=152 [HELLO_TX] bcast battery=100.0%"
FF02,GWN,3,UNIFIED,"t=160 [PHY] Neighbour count: 21->22"
FF02,GWN,3,UNIFIED,"t=161 [PHY] Neighbor count=22"
FF02,GWN,3,UNIFIED,"[AC] t=162 [HELLO_TX] bcast battery=100.0%"
FF02,GWN,3,UNIFIED,"[BB] t=167 [ENC_HELLO] TX: gwCh=1; chCh=0; secCh=0; sn=0 (encrypted)"
FF02,GWN,3,UNIFIED,"[BB] t=167 [ENC_HELLO] Retry 3/3 sent (next at t=247)"
FF02,GWN,3,UNIFIED,"[AC] t=169 [HELLO_TX] bcast battery=100.0%"
FF02,GWN,3,UNIFIED,"[AC] t=175 [HELLO_TX] bcast battery=100.0%"
FF02,GWN,3,UNIFIED,"[BB] t=176 [RX_FWD] Encrypted CMD.5 from Child FF03 -> Queue for Parent FF09"
FF02,GWN,3,UNIFIED,"[BB] t=176 [Q_FWD] Queued CMD.5 (size=4/15)"
FF02,GWN,3,UNIFIED,"[AC] t=181 [HELLO_TX] bcast battery=100.0%"
FF02,GWN,3,UNIFIED,"[AC] t=188 [HELLO_TX] bcast battery=100.0%"
FF02,GWN,3,UNIFIED,"t=188 [PHY] Neighbour count: 22->23"
FF02,GWN,3,UNIFIED,"t=189 [PHY] Neighbor count=23"
FF02,GWN,3,UNIFIED,"[AC] t=196 [HELLO_TX] bcast battery=100.0%"
FF02,GWN,3,UNIFIED,"[BB] t=200 [PHASE_RX] Listening (Q_fwd=4; Q_local=0)"
FF02,GWN,3,UNIFIED,"[BB] t=200 [RX_FWD] Encrypted CMD.5 from Child FF03 -> Queue for Parent FF09"
FF02,GWN,3,UNIFIED,"[BB] t=200 [Q_FWD] Queued CMD.5 (size=5/15)"
FF02,GWN,3,UNIFIED,"[BB] t=201 [DEQUEUE] From Q_fwd (waited 85 TFs)"
FF02,GWN,3,UNIFIED,"[BB] t=201 [PHASE_TX] Sent CMD.5 -> FF09 (Q_fwd=4; Q_local=0)"
FF02,GWN,3,UNIFIED,"[BB] t=202 [DEQUEUE] From Q_fwd (waited 83 TFs)"
FF02,GWN,3,UNIFIED,"[BB] t=202 [PHASE_TX] Sent CMD.5 -> FF09 (Q_fwd=3; Q_local=0)"
FF02,GWN,3,UNIFIED,"[BB] t=203 [DEQUEUE] From Q_fwd (waited 67 TFs)"
FF02,GWN,3,UNIFIED,"[BB] t=203 [PHASE_TX] Sent CMD.5 -> FF09 (Q_fwd=2; Q_local=0)"
FF02,GWN,3,UNIFIED,"[BB] t=204 [PHASE_RX] Listening (Q_fwd=2; Q_local=0)"
FF02,GWN,3,UNIFIED,"[BB] t=204 [RX_FWD] Encrypted CMD.5 from Child FF03 -> Queue for Parent FF09"
FF02,GWN,3,UNIFIED,"[BB] t=204 [Q_FWD] Queued CMD.5 (size=3/15)"
FF02,GWN,3,UNIFIED,"[BB] t=205 [PHASE_RX] Listening (Q_fwd=3; Q_local=0)"
FF02,GWN,3,UNIFIED,"[BB] t=205 [RX_FWD] Encrypted CMD.5 from Child FF03 -> Queue for Parent FF09"
FF02,GWN,3,UNIFIED,"[BB] t=205 [Q_FWD] Queued CMD.5 (size=4/15)"
FF02,GWN,3,UNIFIED,"[BB] t=206 [PHASE_RX] Listening (Q_fwd=4; Q_local=0)"
FF02,GWN,3,UNIFIED,"[AC] t=206 [HELLO_TX] bcast battery=100.0%"
FF02,GWN,3,UNIFIED,"[BB] t=207 [DEQUEUE] From Q_fwd (waited 31 TFs)"
FF02,GWN,3,UNIFIED,"[BB] t=207 [PHASE_TX] Sent CMD.5 -> FF09 (Q_fwd=3; Q_local=0)"
FF02,GWN,3,UNIFIED,"[AC] t=207 [RX] CH_CMD.0 <- AA05"
FF02,GWN,3,UNIFIED,"[AC] [LOCK][SET] partner=AA05 timeout=4"
FF02,GWN,3,UNIFIED,"[AC] t=207 [CH_ACK] -> AA05 (sending key)"
FF02,GWN,3,UNIFIED,"[BB] t=208 [DEQUEUE] From Q_fwd (waited 8 TFs)"
FF02,GWN,3,UNIFIED,"[BB] t=208 [PHASE_TX] Sent CMD.5 -> FF09 (Q_fwd=2; Q_local=0)"
FF02,GWN,3,UNIFIED,"[BB] t=209 [DEQUEUE] From Q_fwd (waited 5 TFs)"
FF02,GWN,3,UNIFIED,"[BB] t=209 [PHASE_TX] Sent CMD.5 -> FF09 (Q_fwd=1; Q_local=0)"
FF02,GWN,3,UNIFIED,"[BB] t=210 [PHASE_RX] Listening (Q_fwd=1; Q_local=0)"
FF02,GWN,3,UNIFIED,"[AC] t=211 [TIMEOUT] Sent CH_REJECT to orphaned AA05"
FF02,GWN,3,UNIFIED,"[AC] [LOCK][TIMEOUT] partner=AA05"
FF02,GWN,3,UNIFIED,"[BB] t=211 [PHASE_RX] Listening (Q_fwd=1; Q_local=0)"
FF02,GWN,3,UNIFIED,"[AC] t=211 [HELLO_TX] bcast battery=100.0%"
FF02,GWN,3,UNIFIED,"[BB] t=212 [PHASE_RX] Listening (Q_fwd=1; Q_local=0)"
FF02,GWN,3,UNIFIED,"[BB] t=213 [DEQUEUE] From Q_fwd (waited 8 TFs)"
FF02,GWN,3,UNIFIED,"[BB] t=213 [PHASE_TX] Sent CMD.5 -> FF09 (Q_fwd=0; Q_local=0)"
FF02,GWN,3,UNIFIED,"[BB] t=214 [PHASE_TX] IDLE (queues empty)"
FF02,GWN,3,UNIFIED,"[BB] t=215 [PHASE_TX] IDLE (queues empty)"
FF02,GWN,3,UNIFIED,"[AC] t=215 [RX] CH_CMD.2 <- AA05"
FF02,GWN,3,UNIFIED,"[AC] [LOCK][CLEAR][CH_SUCCESS] partner=AA05"
FF02,GWN,3,UNIFIED,"[AC] t=215 [CH_JOINED] AA05 added to children"
FF02,GWN,3,UNIFIED,"[BB] t=215 [Q_LOCAL] Queued CH_HELLO.1 (size=1/15)"
FF02,GWN,3,UNIFIED,"[BB] t=216 [PHASE_RX] Listening (Q_fwd=0; Q_local=1)"
FF02,GWN,3,UNIFIED,"[BB] t=217 [PHASE_RX] Listening (Q_fwd=0; Q_local=1)"
FF02,GWN,3,UNIFIED,"[BB] t=218 [PHASE_RX] Listening (Q_fwd=0; Q_local=1)"
FF02,GWN,3,UNIFIED,"[BB] t=219 [DEQUEUE] From Q_local (waited 4 TFs)"
FF02,GWN,3,UNIFIED,"[BB] t=219 [PHASE_TX] Sent CH_HELLO.1 -> FF09 (Q_fwd=0; Q_local=0)"
FF02,GWN,3,UNIFIED,"[AC] t=219 [HELLO_TX] bcast battery=100.0%"
FF02,GWN,3,UNIFIED,"[BB] t=220 [PHASE_TX] IDLE (queues empty)"
FF02,GWN,3,UNIFIED,"t=220 [PHY] Neighbour count: 23->24"
FF02,GWN,3,UNIFIED,"t=221 [PHY] Neighbor count=24"
FF02,GWN,3,UNIFIED,"[BB] t=221 [PHASE_TX] IDLE (queues empty)"
FF02,GWN,3,UNIFIED,"[BB] t=222 [PHASE_RX] Listening (Q_fwd=0; Q_local=0)"
FF02,GWN,3,UNIFIED,"[BB] t=223 [PHASE_RX] Listening (Q_fwd=0; Q_local=0)"
FF02,GWN,3,UNIFIED,"[BB] t=224 [PHASE_RX] Listening (Q_fwd=0; Q_local=0)"
FF02,GWN,3,UNIFIED,"[BB] t=225 [PHASE_TX] IDLE (queues empty)"
FF02,GWN,3,UNIFIED,"[BB] t=226 [PHASE_TX] IDLE (queues empty)"
FF02,GWN,3,UNIFIED,"[AC] t=226 [HELLO_TX] bcast battery=100.0%"
FF02,GWN,3,UNIFIED,"[BB] t=227 [PHASE_TX] IDLE (queues empty)"
FF02,GWN,3,UNIFIED,"[BB] t=228 [PHASE_RX] Listening (Q_fwd=0; Q_local=0)"
FF02,GWN,3,UNIFIED,"[BB] t=229 [PHASE_RX] Listening (Q_fwd=0; Q_local=0)"
FF02,GWN,3,UNIFIED,"[BB] t=230 [PHASE_RX] Listening (Q_fwd=0; Q_local=0)"
FF02,GWN,3,UNIFIED,"[AC] t=230 [HELLO_TX] bcast battery=100.0%"
FF02,GWN,3,UNIFIED,"[BB] t=231 [PHASE_TX] IDLE (queues empty)"
FF02,GWN,3,UNIFIED,"[BB] t=232 [PHASE_TX] IDLE (queues empty)"
FF02,GWN,3,UNIFIED,"[BB] t=233 [PHASE_TX] IDLE (queues empty)"
FF02,GWN,3,UNIFIED,"[BB] t=234 [PHASE_RX] Listening (Q_fwd=0; Q_local=0)"
FF02,GWN,3,UNIFIED,"[BB] t=235 [PHASE_RX] Listening (Q_fwd=0; Q_local=0)"
FF02,GWN,3,UNIFIED,"[BB] t=236 [PHASE_RX] Listening (Q_fwd=0; Q_local=0)"
FF02,GWN,3,UNIFIED,"[BB] t=237 [PHASE_TX] IDLE (queues empty)"
FF02,GWN,3,UNIFIED,"[AC] t=237 [HELLO_TX] bcast battery=100.0%"
FF02,GWN,3,UNIFIED,"[BB] t=238 [PHASE_TX] IDLE (queues empty)"
FF02,GWN,3,UNIFIED,"[BB] t=239 [PHASE_TX] IDLE (queues empty)"
FF02,GWN,3,UNIFIED,"[BB] t=240 [PHASE_RX] Listening (Q_fwd=0; Q_local=0)"
FF02,GWN,3,UNIFIED,"[BB] t=241 [PHASE_RX] Listening (Q_fwd=0; Q_local=0)"
FF02,GWN,3,UNIFIED,"[BB] t=242 [PHASE_RX] Listening (Q_fwd=0; Q_local=0)"
FF02,GWN,3,UNIFIED,"[BB] t=243 [PHASE_TX] IDLE (queues empty)"
FF02,GWN,3,UNIFIED,"[BB] t=244 [PHASE_TX] IDLE (queues empty)"
FF02,GWN,3,UNIFIED,"[BB] t=245 [PHASE_TX] IDLE (queues empty)"
FF02,GWN,3,UNIFIED,"[BB] t=246 [PHASE_RX] Listening (Q_fwd=0; Q_local=0)"
FF02,GWN,3,UNIFIED,"[AC] t=246 [HELLO_TX] bcast battery=100.0%"
FF02,GWN,3,UNIFIED,"[BB] t=247 [ENC_HELLO] TX: gwCh=1; chCh=1; secCh=0; sn=0 (encrypted)"
FF02,GWN,3,UNIFIED,"[BB] t=247 [ENC_HELLO] Registry refresh #1 sent (next at t=327)"
FF02,GWN,3,UNIFIED,"[BB] t=247 [PHASE_RX] Listening (Q_fwd=0; Q_local=0)"
FF02,GWN,3,UNIFIED,"[BB] t=248 [PHASE_RX] Listening (Q_fwd=0; Q_local=0)"
FF02,GWN,3,UNIFIED,"[BB] t=249 [PHASE_TX] IDLE (queues empty)"
FF03,GWN,3,BACKBONE,"t=1 [TX] HB.0 -> <BCAST>"
FF03,GWN,3,BACKBONE,"t=4 [PHY] Neighbour count: 3->4"
FF03,GWN,3,BACKBONE,"t=5 [PHY] Neighbour count: 4->5"
FF03,GWN,3,BACKBONE,"t=6 [PHY] Neighbour count: 5->6"
FF03,GWN,3,BACKBONE,"t=8 [TX] HB.0 -> <BCAST>"
FF03,GWN,3,BACKBONE,"t=8 [PHY] Neighbour count: 6->7"
FF03,GWN,3,BACKBONE,"t=9 [PHY] Neighbour count: 7->8"
FF03,GWN,3,BACKBONE,"t=14 [PHY] Neighbour count: 8->9"
FF03,GWN,3,BACKBONE,"t=15 [TX] HB.0 -> <BCAST>"
FF03,GWN,3,BACKBONE,"t=15 [PHY] Neighbour count: 9->10"
FF03,GWN,3,BACKBONE,"t=19 [PHY] Neighbour count: 10->11"
FF03,GWN,3,BACKBONE,"t=22 [TX] HB.0 -> <BCAST>"
FF03,GWN,3,BACKBONE,"t=26 [PHY] Neighbour count: 11->12"
FF03,GWN,3,BACKBONE,"t=27 [PHY] Neighbour count: 12->13"
FF03,GWN,3,BACKBONE,"t=29 [TX] HB.1 -> <BCAST>"
FF03,GWN,3,BACKBONE,"t=30 [PHY] Neighbour count: 13->14"
FF03,GWN,3,BACKBONE,"t=35 [PHY] Neighbour count: 14->15"
FF03,GWN,3,BACKBONE,"t=36 [TX] HB.1 -> <BCAST>"
FF03,GWN,3,BACKBONE,"t=38 [PHY] Neighbour count: 15->16"
FF03,GWN,3,BACKBONE,"t=41 [PHY] Neighbour count: 16->17"
FF03,GWN,3,BACKBONE,"t=43 [TX] HB.1 -> <BCAST>"
FF03,GWN,3,BACKBONE,"t=50 [TX] HB.1 -> <BCAST>"
FF03,GWN,3,BACKBONE,"t=50 [PHY] Neighbour count: 17->18"
FF03,GWN,3,BACKBONE,"t=53 [PHY] Neighbour count: 18->19"
FF03,GWN,3,BACKBONE,"t=57 [TX] HB.1 -> <BCAST>"
FF03,GWN,3,BACKBONE,"t=64 [TX] HB.1 -> <BCAST>"
FF03,GWN,3,BACKBONE,"t=64 [PHY] Neighbour count: 19->20"
FF03,GWN,3,BACKBONE,"t=71 [TX] HB.1 -> <BCAST>"
FF03,GWN,3,BACKBONE,"t=78 [TX] HB.1 -> <BCAST>"
FF03,GWN,3,BACKBONE,"t=85 [TX] HB.1 -> <BCAST>"
FF03,GWN,3,BACKBONE,"t=92 [TX] HB.1 -> <BCAST>"
FF03,GWN,3,BACKBONE,"t=99 [TX] HB.1 -> <BCAST>"
FF03,GWN,3,BACKBONE,"t=101 [RX] CMD.0 <- FF02 RSSI=20.7"
FF03,GWN,3,BACKBONE,"t=101 [TX] CMD.1 -> FF02"
FF03,GWN,3,BACKBONE,"t=101 [TX] CMD.1 -> FF02"
FF03,GWN,3,BACKBONE,"t=101 [STATE] DISCOVERY -> HANDSHAKE"
FF03,GWN,3,BACKBONE,"[LOCK][SET] partner=FF02 timeout=6"
FF03,GWN,3,BACKBONE,"t=101 [HANDSHAKE] Lock set with FF02 (timer=6)"
FF03,GWN,3,BACKBONE,"t=105 [RX] CMD.2 <- FF02 RSSI=20.7"
FF03,GWN,3,BACKBONE,"[LOCK][REFRESH] partner=FF02 timeout=6"
FF03,GWN,3,BACKBONE,"[LOCK][SET] partner=FF02 timeout=6"
FF03,GWN,3,BACKBONE,"t=105 [PARENT] Set parent -> FF02"
FF03,GWN,3,BACKBONE,"t=106 [RX] CMD.4 <- FF02 RSSI=20.7"
FF03,GWN,3,BACKBONE,"[LOCK][REFRESH] partner=FF02 timeout=6"
FF03,GWN,3,BACKBONE,"t=106 [PHASE] Inherited phaseOffset=0 from parent FF02"
FF03,GWN,3,BACKBONE,"t=106 [ENC_HELLO] TX: gwCh=0; chCh=0; secCh=0; sn=0 (encrypted)"
FF03,GWN,3,BACKBONE,"t=106 [TX] CMD.5 -> FF02"
FF03,GWN,3,BACKBONE,"[LOCK][CLEAR][ENC_HELLO_TX] partner=FF02"
FF03,GWN,3,BACKBONE,"t=106 [HANDSHAKE] Lock cleared (was with FF02)"
FF03,GWN,3,BACKBONE,"[LOCK][SET] partner=FF04 timeout=6"
FF03,GWN,3,BACKBONE,"t=110 [HANDSHAKE] Lock set with FF04 (timer=6)"
FF03,GWN,3,BACKBONE,"[LOCK][SET] partner=FF04 timeout=6"
FF03,GWN,3,BACKBONE,"t=110 [TX] CMD.0 -> FF04"
FF03,GWN,3,BACKBONE,"t=112 [RX] CMD.1 <- FF04 RSSI=2.2"
FF03,GWN,3,BACKBONE,"[LOCK][REFRESH] partner=FF04 timeout=6"
FF03,GWN,3,BACKBONE,"t=112 [TX] CMD.2 -> FF04"
FF03,GWN,3,BACKBONE,"[LOCK][REFRESH] partner=FF04 timeout=6"
FF03,GWN,3,BACKBONE,"t=112 [HANDSHAKE] FF04 added to pendingChildren (awaiting ENC_HELLO)"
FF03,GWN,3,BACKBONE,"t=112 [TX] CMD.4 -> FF04"
FF03,GWN,3,BACKBONE,"t=112 [PHASE] Sending phaseOffset=1 to child FF04 (self=0)"
FF03,GWN,3,BACKBONE,"[LOCK][REFRESH] partner=FF04 timeout=6"
FF03,GWN,3,BACKBONE,"[LOCK][SET] partner=FF04 timeout=6"
FF03,GWN,3,BACKBONE,"t=116 [ENC_HELLO] TX: gwCh=0; chCh=0; secCh=0; sn=0 (encrypted)"
FF03,GWN,3,BACKBONE,"t=116 [ENC_HELLO] Retry 1/3 sent (next at t=136)"
FF03,GWN,3,BACKBONE,"t=117 [RX] CMD.5 <- FF04 RSSI=2.2"
FF03,GWN,3,BACKBONE,"t=117 [HANDSHAKE] FF04 promoted to children (ENC_HELLO received)"
FF03,GWN,3,BACKBONE,"[LOCK][CLEAR][ENC_HELLO_RX] partner=FF04"
FF03,GWN,3,BACKBONE,"t=117 [TX] CMD.5 -> FF02"
FF03,GWN,3,BACKBONE,"t=117 [HANDSHAKE] Lock cleared (was with FF04)"
FF03,GWN,3,BACKBONE,"t=117 [RETRY] Reset retry state for FF04 (now child)"
FF03,GWN,3,BACKBONE,"t=117 [STATE] HANDSHAKE -> SECURE"
FF03,GWN,3,BACKBONE,"t=125 [RX_FWD] Encrypted CMD.5 from Child FF04 -> Queue for Parent FF02"
FF03,GWN,3,BACKBONE,"t=125 [Q_FWD] Queued CMD.5 (size=1/15)"
FF03,GWN,3,BACKBONE,"t=136 [ENC_HELLO] TX: gwCh=1; chCh=0; secCh=0; sn=0 (encrypted)"
FF03,GWN,3,BACKBONE,"t=136 [ENC_HELLO] Retry 2/3 sent (next at t=176)"
FF03,GWN,3,BACKBONE,"t=145 [RX_FWD] Encrypted CMD.5 from Child FF04 -> Queue for Parent FF02"
FF03,GWN,3,BACKBONE,"t=145 [Q_FWD] Queued CMD.5 (size=2/15)"
FF03,GWN,3,BACKBONE,"t=146 [PHY] Neighbour count: 20->21"
FF03,GWN,3,BACKBONE,"t=176 [ENC_HELLO] TX: gwCh=1; chCh=0; secCh=0; sn=0 (encrypted)"
FF03,GWN,3,BACKBONE,"t=176 [ENC_HELLO] Retry 3/3 sent (next at t=256)"
FF03,GWN,3,BACKBONE,"t=185 [RX_FWD] Encrypted CMD.5 from Child FF04 -> Queue for Parent FF02"
FF03,GWN,3,BACKBONE,"t=185 [Q_FWD] Queued CMD.5 (size=3/15)"
FF03,GWN,3,BACKBONE,"t=200 [DEQUEUE] From Q_fwd (waited 75 TFs)"
FF03,GWN,3,BACKBONE,"t=200 [PHASE_TX] Sent CMD.5 -> FF02 (Q_fwd=2; Q_local=0)"
FF03,GWN,3,BACKBONE,"t=201 [PHASE_RX] Listening (Q_fwd=2; Q_local=0)"
FF03,GWN,3,BACKBONE,"t=202 [PHASE_RX] Listening (Q_fwd=2; Q_local=0)"
FF03,GWN,3,BACKBONE,"t=203 [PHASE_RX] Listening (Q_fwd=2; Q_local=0)"
FF03,GWN,3,BACKBONE,"t=204 [DEQUEUE] From Q_fwd (waited 59 TFs)"
FF03,GWN,3,BACKBONE,"t=204 [PHASE_TX] Sent CMD.5 -> FF02 (Q_fwd=1; Q_local=0)"
FF03,GWN,3,BACKBONE,"t=205 [DEQUEUE] From Q_fwd (waited 20 TFs)"
FF03,GWN,3,BACKBONE,"t=205 [PHASE_TX] Sent CMD.5 -> FF02 (Q_fwd=0; Q_local=0)"
FF03,GWN,3,BACKBONE,"t=206 [PHASE_TX] IDLE (queues empty)"
FF03,GWN,3,BACKBONE,"t=207 [PHASE_RX] Listening (Q_fwd=0; Q_local=0)"
FF03,GWN,3,BACKBONE,"t=208 [PHASE_RX] Listening (Q_fwd=0; Q_local=0)"
FF03,GWN,3,BACKBONE,"t=209 [PHASE_RX] Listening (Q_fwd=0; Q_local=0)"
FF03,GWN,3,BACKBONE,"t=210 [PHASE_TX] IDLE (queues empty)"
FF03,GWN,3,BACKBONE,"t=211 [PHASE_TX] IDLE (queues empty)"
FF03,GWN,3,BACKBONE,"t=212 [PHASE_TX] IDLE (queues empty)"
FF03,GWN,3,BACKBONE,"t=213 [PHASE_RX] Listening (Q_fwd=0; Q_local=0)"
FF03,GWN,3,BACKBONE,"t=214 [PHASE_RX] Listening (Q_fwd=0; Q_local=0)"
FF03,GWN,3,BACKBONE,"t=215 [PHASE_RX] Listening (Q_fwd=0; Q_local=0)"
FF03,GWN,3,BACKBONE,"t=216 [PHASE_TX] IDLE (queues empty)"
FF03,GWN,3,BACKBONE,"t=217 [PHASE_TX] IDLE (queues empty)"
FF03,GWN,3,BACKBONE,"t=218 [PHASE_TX] IDLE (queues empty)"
FF03,GWN,3,BACKBONE,"t=219 [PHASE_RX] Listening (Q_fwd=0; Q_local=0)"
FF03,GWN,3,BACKBONE,"t=220 [PHASE_RX] Listening (Q_fwd=0; Q_local=0)"
FF03,GWN,3,BACKBONE,"t=221 [PHASE_RX] Listening (Q_fwd=0; Q_local=0)"
FF03,GWN,3,BACKBONE,"t=222 [PHASE_TX] IDLE (queues empty)"
FF03,GWN,3,BACKBONE,"t=223 [PHASE_TX] IDLE (queues empty)"
FF03,GWN,3,BACKBONE,"t=224 [PHASE_TX] IDLE (queues empty)"
FF03,GWN,3,BACKBONE,"t=225 [PHASE_RX] Listening (Q_fwd=0; Q_local=0)"
FF03,GWN,3,BACKBONE,"t=226 [PHASE_RX] Listening (Q_fwd=0; Q_local=0)"
FF03,GWN,3,BACKBONE,"t=227 [PHASE_RX] Listening (Q_fwd=0; Q_local=0)"
FF03,GWN,3,BACKBONE,"t=228 [PHASE_TX] IDLE (queues empty)"
FF03,GWN,3,BACKBONE,"t=229 [PHASE_TX] IDLE (queues empty)"
FF03,GWN,3,BACKBONE,"t=230 [PHASE_TX] IDLE (queues empty)"
FF03,GWN,3,BACKBONE,"t=231 [PHASE_RX] Listening (Q_fwd=0; Q_local=0)"
FF03,GWN,3,BACKBONE,"t=232 [PHASE_RX] Listening (Q_fwd=0; Q_local=0)"
FF03,GWN,3,BACKBONE,"t=233 [PHASE_RX] Listening (Q_fwd=0; Q_local=0)"
FF03,GWN,3,BACKBONE,"t=234 [PHASE_TX] IDLE (queues empty)"
FF03,GWN,3,BACKBONE,"t=235 [PHASE_TX] IDLE (queues empty)"
FF03,GWN,3,BACKBONE,"t=236 [PHASE_TX] IDLE (queues empty)"
FF03,GWN,3,BACKBONE,"t=237 [PHASE_RX] Listening (Q_fwd=0; Q_local=0)"
FF03,GWN,3,BACKBONE,"t=238 [PHASE_RX] Listening (Q_fwd=0; Q_local=0)"
FF03,GWN,3,BACKBONE,"t=239 [PHASE_RX] Listening (Q_fwd=0; Q_local=0)"
FF03,GWN,3,BACKBONE,"t=240 [PHASE_TX] IDLE (queues empty)"
FF03,GWN,3,BACKBONE,"t=241 [PHASE_TX] IDLE (queues empty)"
FF03,GWN,3,BACKBONE,"t=242 [PHASE_TX] IDLE (queues empty)"
FF03,GWN,3,BACKBONE,"t=243 [PHASE_RX] Listening (Q_fwd=0; Q_local=0)"
FF03,GWN,3,BACKBONE,"t=244 [PHASE_RX] Listening (Q_fwd=0; Q_local=0)"
FF03,GWN,3,BACKBONE,"t=245 [PHASE_RX] Listening (Q_fwd=0; Q_local=0)"
FF03,GWN,3,BACKBONE,"t=246 [PHASE_TX] IDLE (queues empty)"
FF03,GWN,3,BACKBONE,"t=247 [PHASE_TX] IDLE (queues empty)"
FF03,GWN,3,BACKBONE,"t=248 [PHASE_TX] IDLE (queues empty)"
FF03,GWN,3,BACKBONE,"t=249 [PHASE_RX] Listening (Q_fwd=0; Q_local=0)"
FF03,GWN,3,ACCESS,"t=4 [PHY] Neighbour count: 3->4"
FF03,GWN,3,ACCESS,"t=5 [PHY] Neighbour count: 4->5"
FF03,GWN,3,ACCESS,"t=6 [HELLO_TX] bcast battery=100.0%"
FF03,GWN,3,ACCESS,"t=6 [PHY] Neighbour count: 5->6"
FF03,GWN,3,ACCESS,"t=8 [PHY] Neighbour count: 6->7"
FF03,GWN,3,ACCESS,"t=9 [PHY] Neighbour count: 7->8"
FF03,GWN,3,ACCESS,"t=14 [PHY] Neighbour count: 8->9"
FF03,GWN,3,ACCESS,"t=15 [HELLO_TX] bcast battery=100.0%"
FF03,GWN,3,ACCESS,"t=15 [PHY] Neighbour count: 9->10"
FF03,GWN,3,ACCESS,"t=19 [PHY] Neighbour count: 10->11"
FF03,GWN,3,ACCESS,"t=22 [HELLO_TX] bcast battery=100.0%"
FF03,GWN,3,ACCESS,"t=26 [PHY] Neighbour count: 11->12"
FF03,GWN,3,ACCESS,"t=27 [PHY] Neighbour count: 12->13"
FF03,GWN,3,ACCESS,"t=30 [HELLO_TX] bcast battery=100.0%"
FF03,GWN,3,ACCESS,"t=30 [PHY] Neighbour count: 13->14"
FF03,GWN,3,ACCESS,"t=35 [PHY] Neighbour count: 14->15"
FF03,GWN,3,ACCESS,"t=36 [HELLO_TX] bcast battery=100.0%"
FF03,GWN,3,ACCESS,"t=38 [PHY] Neighbour count: 15->16"
FF03,GWN,3,ACCESS,"t=41 [PHY] Neighbour count: 16->17"
FF03,GWN,3,ACCESS,"t=43 [HELLO_TX] bcast battery=100.0%"
FF03,GWN,3,ACCESS,"t=50 [HELLO_TX] bcast battery=100.0%"
FF03,GWN,3,ACCESS,"t=50 [PHY] Neighbour count: 17->18"
FF03,GWN,3,ACCESS,"t=53 [PHY] Neighbour count: 18->19"
FF03,GWN,3,ACCESS,"t=55 [HELLO_TX] bcast battery=100.0%"
FF03,GWN,3,ACCESS,"t=60 [HELLO_TX] bcast battery=100.0%"
FF03,GWN,3,ACCESS,"t=64 [PHY] Neighbour count: 19->20"
FF03,GWN,3,ACCESS,"t=68 [HELLO_TX] bcast battery=100.0%"
FF03,GWN,3,ACCESS,"t=72 [HELLO_TX] bcast battery=100.0%"
FF03,GWN,3,ACCESS,"t=79 [HELLO_TX] bcast battery=100.0%"
FF03,GWN,3,ACCESS,"t=87 [HELLO_TX] bcast battery=100.0%"
FF03,GWN,3,ACCESS,"t=96 [HELLO_TX] bcast battery=100.0%"
FF03,GWN,3,ACCESS,"t=103 [HELLO_TX] bcast battery=100.0%"
FF03,GWN,3,ACCESS,"t=107 [HELLO_TX] bcast battery=100.0%"
FF03,GWN,3,ACCESS,"t=112 [HELLO_TX] bcast battery=100.0%"
FF03,GWN,3,ACCESS,"t=120 [HELLO_TX] bcast battery=100.0%"
FF03,GWN,3,ACCESS,"t=124 [HELLO_TX] bcast battery=100.0%"
FF03,GWN,3,ACCESS,"t=130 [HELLO_TX] bcast battery=100.0%"
FF03,GWN,3,ACCESS,"t=140 [HELLO_TX] bcast battery=100.0%"
FF03,GWN,3,ACCESS,"t=146 [PHY] Neighbour count: 20->21"
FF03,GWN,3,ACCESS,"t=150 [HELLO_TX] bcast battery=100.0%"
FF03,GWN,3,ACCESS,"t=159 [HELLO_TX] bcast battery=100.0%"
FF03,GWN,3,ACCESS,"t=167 [HELLO_TX] bcast battery=100.0%"
FF03,GWN,3,ACCESS,"t=171 [HELLO_TX] bcast battery=100.0%"
FF03,GWN,3,ACCESS,"t=177 [HELLO_TX] bcast battery=100.0%"
FF03,GWN,3,ACCESS,"t=181 [HELLO_TX] bcast battery=100.0%"
FF03,GWN,3,ACCESS,"t=187 [HELLO_TX] bcast battery=100.0%"
FF03,GWN,3,ACCESS,"t=195 [HELLO_TX] bcast battery=100.0%"
FF03,GWN,3,ACCESS,"t=202 [HELLO_TX] bcast battery=100.0%"
FF03,GWN,3,ACCESS,"t=206 [HELLO_TX] bcast battery=100.0%"
FF03,GWN,3,ACCESS,"t=213 [HELLO_TX] bcast battery=100.0%"
FF03,GWN,3,ACCESS,"t=217 [HELLO_TX] bcast battery=100.0%"
FF03,GWN,3,ACCESS,"t=217 [RX] CH_CMD.0 <- AA05"
FF03,GWN,3,ACCESS,"[LOCK][SET] partner=AA05 timeout=4"
FF03,GWN,3,ACCESS,"t=217 [CH_ACK] -> AA05 (sending key)"
FF03,GWN,3,ACCESS,"t=221 [TIMEOUT] Sent CH_REJECT to orphaned AA05"
FF03,GWN,3,ACCESS,"[LOCK][TIMEOUT] partner=AA05"
FF03,GWN,3,ACCESS,"t=225 [HELLO_TX] bcast battery=100.0%"
FF03,GWN,3,ACCESS,"t=235 [HELLO_TX] bcast battery=100.0%"
FF03,GWN,3,ACCESS,"t=239 [HELLO_TX] bcast battery=100.0%"
FF03,GWN,3,ACCESS,"t=246 [HELLO_TX] bcast battery=100.0%"
FF03,GWN,3,UNIFIED,"[BB] t=1 [TX] HB.0 -> <BCAST>"
FF03,GWN,3,UNIFIED,"t=2 [PHY] Neighbor count=1"
FF03,GWN,3,UNIFIED,"t=3 [PHY] Neighbor count=2"
FF03,GWN,3,UNIFIED,"t=4 [PHY] Neighbor count=3"
FF03,GWN,3,UNIFIED,"t=4 [PHY] Neighbour count: 3->4"
FF03,GWN,3,UNIFIED,"t=5 [PHY] Neighbor count=4"
FF03,GWN,3,UNIFIED,"t=5 [PHY] Neighbour count: 4->5"
FF03,GWN,3,UNIFIED,"t=6 [PHY] Neighbor count=5"
FF03,GWN,3,UNIFIED,"[AC] t=6 [HELLO_TX] bcast battery=100.0%"
FF03,GWN,3,UNIFIED,"t=6 [PHY] Neighbour count: 5->6"
FF03,GWN,3,UNIFIED,"t=7 [PHY] Neighbor count=6"
FF03,GWN,3,UNIFIED,"[BB] t=8 [TX] HB.0 -> <BCAST>"
FF03,GWN,3,UNIFIED,"t=8 [PHY] Neighbour count: 6->7"
FF03,GWN,3,UNIFIED,"t=9 [PHY] Neighbor count=7"
FF03,GWN,3,UNIFIED,"t=9 [PHY] Neighbour count: 7->8"
FF03,GWN,3,UNIFIED,"t=10 [PHY] Neighbor count=8"
FF03,GWN,3,UNIFIED,"t=14 [PHY] Neighbour count: 8->9"
FF03,GWN,3,UNIFIED,"t=15 [PHY] Neighbor count=9"
FF03,GWN,3,UNIFIED,"[BB] t=15 [TX] HB.0 -> <BCAST>"
FF03,GWN,3,UNIFIED,"[AC] t=15 [HELLO_TX] bcast battery=100.0%"
FF03,GWN,3,UNIFIED,"t=15 [PHY] Neighbour count: 9->10"
FF03,GWN,3,UNIFIED,"t=16 [PHY] Neighbor count=10"
FF03,GWN,3,UNIFIED,"t=19 [PHY] Neighbour count: 10->11"
FF03,GWN,3,UNIFIED,"t=20 [PHY] Neighbor count=11"
FF03,GWN,3,UNIFIED,"t=22 [STATE] BOOT→DISCOVERY (neighbors=11)"
FF03,GWN,3,UNIFIED,"[BB] t=22 [TX] HB.0 -> <BCAST>"
FF03,GWN,3,UNIFIED,"[AC] t=22 [HELLO_TX] bcast battery=100.0%"
FF03,GWN,3,UNIFIED,"t=26 [PHY] Neighbour count: 11->12"
FF03,GWN,3,UNIFIED,"t=27 [PHY] Neighbor count=12"
FF03,GWN,3,UNIFIED,"t=27 [PHY] Neighbour count: 12->13"
FF03,GWN,3,UNIFIED,"t=28 [PHY] Neighbor count=13"
FF03,GWN,3,UNIFIED,"[BB] t=29 [TX] HB.1 -> <BCAST>"
FF03,GWN,3,UNIFIED,"[AC] t=30 [HELLO_TX] bcast battery=100.0%"
FF03,GWN,3,UNIFIED,"t=30 [PHY] Neighbour count: 13->14"
FF03,GWN,3,UNIFIED,"t=31 [PHY] Neighbor count=14"
FF03,GWN,3,UNIFIED,"t=35 [PHY] Neighbour count: 14->15"
FF03,GWN,3,UNIFIED,"t=36 [PHY] Neighbor count=15"
FF03,GWN,3,UNIFIED,"[BB] t=36 [TX] HB.1 -> <BCAST>"
FF03,GWN,3,UNIFIED,"[AC] t=36 [HELLO_TX] bcast battery=100.0%"
FF03,GWN,3,UNIFIED,"t=38 [PHY] Neighbour count: 15->16"
FF03,GWN,3,UNIFIED,"t=39 [PHY] Neighbor count=16"
FF03,GWN,3,UNIFIED,"t=41 [PHY] Neighbour count: 16->17"
FF03,GWN,3,UNIFIED,"t=42 [PHY] Neighbor count=17"
FF03,GWN,3,UNIFIED,"[BB] t=43 [TX] HB.1 -> <BCAST>"
FF03,GWN,3,UNIFIED,"[AC] t=43 [HELLO_TX] bcast battery=100.0%"
FF03,GWN,3,UNIFIED,"[BB] t=50 [TX] HB.1 -> <BCAST>"
FF03,GWN,3,UNIFIED,"[AC] t=50 [HELLO_TX] bcast battery=100.0%"
FF03,GWN,3,UNIFIED,"t=50 [PHY] Neighbour count: 17->18"
FF03,GWN,3,UNIFIED,"t=51 [PHY] Neighbor count=18"
FF03,GWN,3,UNIFIED,"t=53 [PHY] Neighbour count: 18->19"
FF03,GWN,3,UNIFIED,"t=54 [PHY] Neighbor count=19"
FF03,GWN,3,UNIFIED,"[AC] t=55 [HELLO_TX] bcast battery=100.0%"
FF03,GWN,3,UNIFIED,"[BB] t=57 [TX] HB.1 -> <BCAST>"
FF03,GWN,3,UNIFIED,"[AC] t=60 [HELLO_TX] bcast battery=100.0%"
FF03,GWN,3,UNIFIED,"[BB] t=64 [TX] HB.1 -> <BCAST>"
FF03,GWN,3,UNIFIED,"t=64 [PHY] Neighbour count: 19->20"
FF03,GWN,3,UNIFIED,"t=65 [PHY] Neighbor count=20"
FF03,GWN,3,UNIFIED,"[AC] t=68 [HELLO_TX] bcast battery=100.0%"
FF03,GWN,3,UNIFIED,"[BB] t=71 [TX] HB.1 -> <BCAST>"
FF03,GWN,3,UNIFIED,"[AC] t=72 [HELLO_TX] bcast battery=100.0%"
FF03,GWN,3,UNIFIED,"[BB] t=78 [TX] HB.1 -> <BCAST>"
FF03,GWN,3,UNIFIED,"[AC] t=79 [HELLO_TX] bcast battery=100.0%"
FF03,GWN,3,UNIFIED,"[BB] t=85 [TX] HB.1 -> <BCAST>"
FF03,GWN,3,UNIFIED,"[AC] t=87 [HELLO_TX] bcast battery=100.0%"
FF03,GWN,3,UNIFIED,"[BB] t=92 [TX] HB.1 -> <BCAST>"
FF03,GWN,3,UNIFIED,"[AC] t=96 [HELLO_TX] bcast battery=100.0%"
FF03,GWN,3,UNIFIED,"[BB] t=99 [TX] HB.1 -> <BCAST>"
FF03,GWN,3,UNIFIED,"[BB] t=101 [RX] CMD.0 <- FF02 RSSI=20.7"
FF03,GWN,3,UNIFIED,"[BB] t=101 [TX] CMD.1 -> FF02"
FF03,GWN,3,UNIFIED,"[BB] t=101 [TX] CMD.1 -> FF02"
FF03,GWN,3,UNIFIED,"[BB] t=101 [STATE] DISCOVERY -> HANDSHAKE"
FF03,GWN,3,UNIFIED,"[BB] [LOCK][SET] partner=FF02 timeout=6"
FF03,GWN,3,UNIFIED,"[BB] t=101 [HANDSHAKE] Lock set with FF02 (timer=6)"
FF03,GWN,3,UNIFIED,"[AC] t=103 [HELLO_TX] bcast battery=100.0%"
FF03,GWN,3,UNIFIED,"[BB] t=105 [RX] CMD.2 <- FF02 RSSI=20.7"
FF03,GWN,3,UNIFIED,"[BB] [LOCK][REFRESH] partner=FF02 timeout=6"
FF03,GWN,3,UNIFIED,"[BB] [LOCK][SET] partner=FF02 timeout=6"
FF03,GWN,3,UNIFIED,"[BB] t=105 [PARENT] Set parent -> FF02"
FF03,GWN,3,UNIFIED,"[BB] t=106 [RX] CMD.4 <- FF02 RSSI=20.7"
FF03,GWN,3,UNIFIED,"[BB] [LOCK][REFRESH] partner=FF02 timeout=6"
FF03,GWN,3,UNIFIED,"[BB] t=106 [PHASE] Inherited phaseOffset=0 from parent FF02"
FF03,GWN,3,UNIFIED,"[BB] t=106 [ENC_HELLO] TX: gwCh=0; chCh=0; secCh=0; sn=0 (encrypted)"
FF03,GWN,3,UNIFIED,"[BB] t=106 [TX] CMD.5 -> FF02"
FF03,GWN,3,UNIFIED,"[BB] [LOCK][CLEAR][ENC_HELLO_TX] partner=FF02"
FF03,GWN,3,UNIFIED,"[BB] t=106 [HANDSHAKE] Lock cleared (was with FF02)"
FF03,GWN,3,UNIFIED,"[AC] t=107 [HELLO_TX] bcast battery=100.0%"
FF03,GWN,3,UNIFIED,"t=110 [RECRUIT] INIT(1/4) -> FF04"
FF03,GWN,3,UNIFIED,"[BB] [LOCK][SET] partner=FF04 timeout=6"
FF03,GWN,3,UNIFIED,"[BB] t=110 [HANDSHAKE] Lock set with FF04 (timer=6)"
FF03,GWN,3,UNIFIED,"[BB] [LOCK][SET] partner=FF04 timeout=6"
FF03,GWN,3,UNIFIED,"[BB] t=110 [TX] CMD.0 -> FF04"
FF03,GWN,3,UNIFIED,"[AC] t=112 [HELLO_TX] bcast battery=100.0%"
FF03,GWN,3,UNIFIED,"[BB] t=112 [RX] CMD.1 <- FF04 RSSI=2.2"
FF03,GWN,3,UNIFIED,"[BB] [LOCK][REFRESH] partner=FF04 timeout=6"
FF03,GWN,3,UNIFIED,"[BB] t=112 [TX] CMD.2 -> FF04"
FF03,GWN,3,UNIFIED,"[BB] [LOCK][REFRESH] partner=FF04 timeout=6"
FF03,GWN,3,UNIFIED,"[BB] t=112 [HANDSHAKE] FF04 added to pendingChildren (awaiting ENC_HELLO)"
FF03,GWN,3,UNIFIED,"[BB] t=112 [TX] CMD.4 -> FF04"
FF03,GWN,3,UNIFIED,"[BB] t=112 [PHASE] Sending phaseOffset=1 to child FF04 (self=0)"
FF03,GWN,3,UNIFIED,"[BB] [LOCK][REFRESH] partner=FF04 timeout=6"
FF03,GWN,3,UNIFIED,"[BB] [LOCK][SET] partner=FF04 timeout=6"
FF03,GWN,3,UNIFIED,"[BB] t=116 [ENC_HELLO] TX: gwCh=0; chCh=0; secCh=0; sn=0 (encrypted)"
FF03,GWN,3,UNIFIED,"[BB] t=116 [ENC_HELLO] Retry 1/3 sent (next at t=136)"
FF03,GWN,3,UNIFIED,"[BB] t=117 [RX] CMD.5 <- FF04 RSSI=2.2"
FF03,GWN,3,UNIFIED,"[BB] t=117 [HANDSHAKE] FF04 promoted to children (ENC_HELLO received)"
FF03,GWN,3,UNIFIED,"[BB] [LOCK][CLEAR][ENC_HELLO_RX] partner=FF04"
FF03,GWN,3,UNIFIED,"[BB] t=117 [TX] CMD.5 -> FF02"
FF03,GWN,3,UNIFIED,"[BB] t=117 [HANDSHAKE] Lock cleared (was with FF04)"
FF03,GWN,3,UNIFIED,"[BB] t=117 [RETRY] Reset retry state for FF04 (now child)"
FF03,GWN,3,UNIFIED,"[BB] t=117 [STATE] HANDSHAKE -> SECURE"
FF03,GWN,3,UNIFIED,"[AC] t=120 [HELLO_TX] bcast battery=100.0%"
FF03,GWN,3,UNIFIED,"[AC] t=124 [HELLO_TX] bcast battery=100.0%"
FF03,GWN,3,UNIFIED,"[BB] t=125 [RX_FWD] Encrypted CMD.5 from Child FF04 -> Queue for Parent FF02"
FF03,GWN,3,UNIFIED,"[BB] t=125 [Q_FWD] Queued CMD.5 (size=1/15)"
FF03,GWN,3,UNIFIED,"[AC] t=130 [HELLO_TX] bcast battery=100.0%"
FF03,GWN,3,UNIFIED,"[BB] t=136 [ENC_HELLO] TX: gwCh=1; chCh=0; secCh=0; sn=0 (encrypted)"
FF03,GWN,3,UNIFIED,"[BB] t=136 [ENC_HELLO] Retry 2/3 sent (next at t=176)"
FF03,GWN,3,UNIFIED,"[AC] t=140 [HELLO_TX] bcast battery=100.0%"
FF03,GWN,3,UNIFIED,"[BB] t=145 [RX_FWD] Encrypted CMD.5 from Child FF04 -> Queue for Parent FF02"
FF03,GWN,3,UNIFIED,"[BB] t=145 [Q_FWD] Queued CMD.5 (size=2/15)"
FF03,GWN,3,UNIFIED,"t=146 [PHY] Neighbour count: 20->21"
FF03,GWN,3,UNIFIED,"t=147 [PHY] Neighbor count=21"
FF03,GWN,3,UNIFIED,"[AC] t=150 [HELLO_TX] bcast battery=100.0%"
FF03,GWN,3,UNIFIED,"[AC] t=159 [HELLO_TX] bcast battery=100.0%"
FF03,GWN,3,UNIFIED,"[AC] t=167 [HELLO_TX] bcast battery=100.0%"
FF03,GWN,3,UNIFIED,"[AC] t=171 [HELLO_TX] bcast battery=100.0%"
FF03,GWN,3,UNIFIED,"[BB] t=176 [ENC_HELLO] TX: gwCh=1; chCh=0; secCh=0; sn=0 (encrypted)"
FF03,GWN,3,UNIFIED,"[BB] t=176 [ENC_HELLO] Retry 3/3 sent (next at t=256)"
FF03,GWN,3,UNIFIED,"[AC] t=177 [HELLO_TX] bcast battery=100.0%"
FF03,GWN,3,UNIFIED,"[AC] t=181 [HELLO_TX] bcast battery=100.0%"
FF03,GWN,3,UNIFIED,"[BB] t=185 [RX_FWD] Encrypted CMD.5 from Child FF04 -> Queue for Parent FF02"
FF03,GWN,3,UNIFIED,"[BB] t=185 [Q_FWD] Queued CMD.5 (size=3/15)"
FF03,GWN,3,UNIFIED,"[AC] t=187 [HELLO_TX] bcast battery=100.0%"
FF03,GWN,3,UNIFIED,"[AC] t=195 [HELLO_TX] bcast battery=100.0%"
FF03,GWN,3,UNIFIED,"[BB] t=200 [DEQUEUE] From Q_fwd (waited 75 TFs)"
FF03,GWN,3,UNIFIED,"[BB] t=200 [PHASE_TX] Sent CMD.5 -> FF02 (Q_fwd=2; Q_local=0)"
FF03,GWN,3,UNIFIED,"[BB] t=201 [PHASE_RX] Listening (Q_fwd=2; Q_local=0)"
FF03,GWN,3,UNIFIED,"[BB] t=202 [PHASE_RX] Listening (Q_fwd=2; Q_local=0)"
FF03,GWN,3,UNIFIED,"[AC] t=202 [HELLO_TX] bcast battery=100.0%"
FF03,GWN,3,UNIFIED,"[BB] t=203 [PHASE_RX] Listening (Q_fwd=2; Q_local=0)"
FF03,GWN,3,UNIFIED,"[BB] t=204 [DEQUEUE] From Q_fwd (waited 59 TFs)"
FF03,GWN,3,UNIFIED,"[BB] t=204 [PHASE_TX] Sent CMD.5 -> FF02 (Q_fwd=1; Q_local=0)"
FF03,GWN,3,UNIFIED,"[BB] t=205 [DEQUEUE] From Q_fwd (waited 20 TFs)"
FF03,GWN,3,UNIFIED,"[BB] t=205 [PHASE_TX] Sent CMD.5 -> FF02 (Q_fwd=0; Q_local=0)"
FF03,GWN,3,UNIFIED,"[BB] t=206 [PHASE_TX] IDLE (queues empty)"
FF03,GWN,3,UNIFIED,"[AC] t=206 [HELLO_TX] bcast battery=100.0%"
FF03,GWN,3,UNIFIED,"[BB] t=207 [PHASE_RX] Listening (Q_fwd=0; Q_local=0)"
FF03,GWN,3,UNIFIED,"[BB] t=208 [PHASE_RX] Listening (Q_fwd=0; Q_local=0)"
FF03,GWN,3,UNIFIED,"[BB] t=209 [PHASE_RX] Listening (Q_fwd=0; Q_local=0)"
FF03,GWN,3,UNIFIED,"[BB] t=210 [PHASE_TX] IDLE (queues empty)"
FF03,GWN,3,UNIFIED,"[BB] t=211 [PHASE_TX] IDLE (queues empty)"
FF03,GWN,3,UNIFIED,"[BB] t=212 [PHASE_TX] IDLE (queues empty)"
FF03,GWN,3,UNIFIED,"[BB] t=213 [PHASE_RX] Listening (Q_fwd=0; Q_local=0)"
FF03,GWN,3,UNIFIED,"[AC] t=213 [HELLO_TX] bcast battery=100.0%"
FF03,GWN,3,UNIFIED,"[BB] t=214 [PHASE_RX] Listening (Q_fwd=0; Q_local=0)"
FF03,GWN,3,UNIFIED,"[BB] t=215 [PHASE_RX] Listening (Q_fwd=0; Q_local=0)"
FF03,GWN,3,UNIFIED,"[BB] t=216 [PHASE_TX] IDLE (queues empty)"
FF03,GWN,3,UNIFIED,"[BB] t=217 [PHASE_TX] IDLE (queues empty)"
FF03,GWN,3,UNIFIED,"[AC] t=217 [HELLO_TX] bcast battery=100.0%"
FF03,GWN,3,UNIFIED,"[AC] t=217 [RX] CH_CMD.0 <- AA05"
FF03,GWN,3,UNIFIED,"[AC] [LOCK][SET] partner=AA05 timeout=4"
FF03,GWN,3,UNIFIED,"[AC] t=217 [CH_ACK] -> AA05 (sending key)"
FF03,GWN,3,UNIFIED,"[BB] t=218 [PHASE_TX] IDLE (queues empty)"
FF03,GWN,3,UNIFIED,"[BB] t=219 [PHASE_RX] Listening (Q_fwd=0; Q_local=0)"
FF03,GWN,3,UNIFIED,"[BB] t=220 [PHASE_RX] Listening (Q_fwd=0; Q_local=0)"
FF03,GWN,3,UNIFIED,"[AC] t=221 [TIMEOUT] Sent CH_REJECT to orphaned AA05"
FF03,GWN,3,UNIFIED,"[AC] [LOCK][TIMEOUT] partner=AA05"
FF03,GWN,3,UNIFIED,"[BB] t=221 [PHASE_RX] Listening (Q_fwd=0; Q_local=0)"
FF03,GWN,3,UNIFIED,"[BB] t=222 [PHASE_TX] IDLE (queues empty)"
FF03,GWN,3,UNIFIED,"[BB] t=223 [PHASE_TX] IDLE (queues empty)"
FF03,GWN,3,UNIFIED,"[BB] t=224 [PHASE_TX] IDLE (queues empty)"
FF03,GWN,3,UNIFIED,"[BB] t=225 [PHASE_RX] Listening (Q_fwd=0; Q_local=0)"
FF03,GWN,3,UNIFIED,"[AC] t=225 [HELLO_TX] bcast battery=100.0%"
FF03,GWN,3,UNIFIED,"[BB] t=226 [PHASE_RX] Listening (Q_fwd=0; Q_local=0)"
FF03,GWN,3,UNIFIED,"[BB] t=227 [PHASE_RX] Listening (Q_fwd=0; Q_local=0)"
FF03,GWN,3,UNIFIED,"[BB] t=228 [PHASE_TX] IDLE (queues empty)"
FF03,GWN,3,UNIFIED,"[BB] t=229 [PHASE_TX] IDLE (queues empty)"
FF03,GWN,3,UNIFIED,"[BB] t=230 [PHASE_TX] IDLE (queues empty)"
FF03,GWN,3,UNIFIED,"[BB] t=231 [PHASE_RX] Listening (Q_fwd=0; Q_local=0)"
FF03,GWN,3,UNIFIED,"[BB] t=232 [PHASE_RX] Listening (Q_fwd=0; Q_local=0)"
FF03,GWN,3,UNIFIED,"[BB] t=233 [PHASE_RX] Listening (Q_fwd=0; Q_local=0)"
FF03,GWN,3,UNIFIED,"[BB] t=234 [PHASE_TX] IDLE (queues empty)"
FF03,GWN,3,UNIFIED,"[BB] t=235 [PHASE_TX] IDLE (queues empty)"
FF03,GWN,3,UNIFIED,"[AC] t=235 [HELLO_TX] bcast battery=100.0%"
FF03,GWN,3,UNIFIED,"[BB] t=236 [PHASE_TX] IDLE (queues empty)"
FF03,GWN,3,UNIFIED,"[BB] t=237 [PHASE_RX] Listening (Q_fwd=0; Q_local=0)"
FF03,GWN,3,UNIFIED,"[BB] t=238 [PHASE_RX] Listening (Q_fwd=0; Q_local=0)"
FF03,GWN,3,UNIFIED,"[BB] t=239 [PHASE_RX] Listening (Q_fwd=0; Q_local=0)"
FF03,GWN,3,UNIFIED,"[AC] t=239 [HELLO_TX] bcast battery=100.0%"
FF03,GWN,3,UNIFIED,"[BB] t=240 [PHASE_TX] IDLE (queues empty)"
FF03,GWN,3,UNIFIED,"[BB] t=241 [PHASE_TX] IDLE (queues empty)"
FF03,GWN,3,UNIFIED,"[BB] t=242 [PHASE_TX] IDLE (queues empty)"
FF03,GWN,3,UNIFIED,"[BB] t=243 [PHASE_RX] Listening (Q_fwd=0; Q_local=0)"
FF03,GWN,3,UNIFIED,"[BB] t=244 [PHASE_RX] Listening (Q_fwd=0; Q_local=0)"
FF03,GWN,3,UNIFIED,"[BB] t=245 [PHASE_RX] Listening (Q_fwd=0; Q_local=0)"
FF03,GWN,3,UNIFIED,"[BB] t=246 [PHASE_TX] IDLE (queues empty)"
FF03,GWN,3,UNIFIED,"[AC] t=246 [HELLO_TX] bcast battery=100.0%"
FF03,GWN,3,UNIFIED,"[BB] t=247 [PHASE_TX] IDLE (queues empty)"
FF03,GWN,3,UNIFIED,"[BB] t=248 [PHASE_TX] IDLE (queues empty)"
FF03,GWN,3,UNIFIED,"[BB] t=249 [PHASE_RX] Listening (Q_fwd=0; Q_local=0)"
FF04,GWN,3,BACKBONE,"t=4 [PHY] Neighbour count: 3->4"
FF04,GWN,3,BACKBONE,"t=5 [TX] HB.0 -> <BCAST>"
FF04,GWN,3,BACKBONE,"t=5 [PHY] Neighbour count: 4->5"
FF04,GWN,3,BACKBONE,"t=8 [PHY] Neighbour count: 6->7"
FF04,GWN,3,BACKBONE,"t=9 [PHY] Neighbour count: 7->8"
FF04,GWN,3,BACKBONE,"t=11 [PHY] Neighbour count: 8->9"
FF04,GWN,3,BACKBONE,"t=12 [TX] HB.0 -> <BCAST>"
FF04,GWN,3,BACKBONE,"t=13 [PHY] Neighbour count: 9->10"
FF04,GWN,3,BACKBONE,"t=19 [TX] HB.0 -> <BCAST>"
FF04,GWN,3,BACKBONE,"t=19 [PHY] Neighbour count: 10->11"
FF04,GWN,3,BACKBONE,"t=20 [PHY] Neighbour count: 11->12"
FF04,GWN,3,BACKBONE,"t=21 [PHY] Neighbour count: 12->13"
FF04,GWN,3,BACKBONE,"t=24 [PHY] Neighbour count: 14->15"
FF04,GWN,3,BACKBONE,"t=26 [TX] HB.1 -> <BCAST>"
FF04,GWN,3,BACKBONE,"t=26 [PHY] Neighbour count: 15->16"
FF04,GWN,3,BACKBONE,"t=27 [PHY] Neighbour count: 16->17"
FF04,GWN,3,BACKBONE,"t=33 [TX] HB.1 -> <BCAST>"
FF04,GWN,3,BACKBONE,"t=40 [TX] HB.1 -> <BCAST>"
FF04,GWN,3,BACKBONE,"t=41 [PHY] Neighbour count: 17->18"
FF04,GWN,3,BACKBONE,"t=47 [TX] HB.1 -> <BCAST>"
FF04,GWN,3,BACKBONE,"t=54 [TX] HB.1 -> <BCAST>"
FF04,GWN,3,BACKBONE,"t=56 [PHY] Neighbour count: 18->19"
FF04,GWN,3,BACKBONE,"t=61 [TX] HB.1 -> <BCAST>"
FF04,GWN,3,BACKBONE,"t=68 [TX] HB.1 -> <BCAST>"
FF04,GWN,3,BACKBONE,"t=75 [TX] HB.1 -> <BCAST>"
FF04,GWN,3,BACKBONE,"t=80 [PHY] Neighbour count: 19->20"
FF04,GWN,3,BACKBONE,"t=82 [TX] HB.1 -> <BCAST>"
FF04,GWN,3,BACKBONE,"t=85 [PHY] Neighbour count: 20->21"
FF04,GWN,3,BACKBONE,"t=89 [TX] HB.1 -> <BCAST>"
FF04,GWN,3,BACKBONE,"t=96 [TX] HB.1 -> <BCAST>"
FF04,GWN,3,BACKBONE,"t=103 [TX] HB.1 -> <BCAST>"
FF04,GWN,3,BACKBONE,"t=110 [TX] HB.1 -> <BCAST>"
FF04,GWN,3,BACKBONE,"t=110 [RX] CMD.0 <- FF03 RSSI=2.2"
FF04,GWN,3,BACKBONE,"t=110 [TX] CMD.1 -> FF03"
FF04,GWN,3,BACKBONE,"t=110 [TX] CMD.1 -> FF03"
FF04,GWN,3,BACKBONE,"t=110 [STATE] DISCOVERY -> HANDSHAKE"
FF04,GWN,3,BACKBONE,"[LOCK][SET] partner=FF03 timeout=6"
FF04,GWN,3,BACKBONE,"t=110 [HANDSHAKE] Lock set with FF03 (timer=6)"
FF04,GWN,3,BACKBONE,"t=114 [RX] CMD.2 <- FF03 RSSI=2.2"
FF04,GWN,3,BACKBONE,"[LOCK][REFRESH] partner=FF03 timeout=6"
FF04,GWN,3,BACKBONE,"[LOCK][SET] partner=FF03 timeout=6"
FF04,GWN,3,BACKBONE,"t=114 [PARENT] Set parent -> FF03"
FF04,GWN,3,BACKBONE,"t=115 [RX] CMD.4 <- FF03 RSSI=2.2"
FF04,GWN,3,BACKBONE,"[LOCK][REFRESH] partner=FF03 timeout=6"
FF04,GWN,3,BACKBONE,"t=115 [PHASE] Inherited phaseOffset=1 from parent FF03"
FF04,GWN,3,BACKBONE,"t=115 [ENC_HELLO] TX: gwCh=0; chCh=0; secCh=0; sn=0 (encrypted)"
FF04,GWN,3,BACKBONE,"t=115 [TX] CMD.5 -> FF03"
FF04,GWN,3,BACKBONE,"[LOCK][CLEAR][ENC_HELLO_TX] partner=FF03"
FF04,GWN,3,BACKBONE,"t=115 [HANDSHAKE] Lock cleared (was with FF03)"
FF04,GWN,3,BACKBONE,"[LOCK][SET] partner=FF07 timeout=6"
FF04,GWN,3,BACKBONE,"t=119 [HANDSHAKE] Lock set with FF07 (timer=6)"
FF04,GWN,3,BACKBONE,"[LOCK][SET] partner=FF07 timeout=6"
FF04,GWN,3,BACKBONE,"t=119 [TX] CMD.0 -> FF07"
FF04,GWN,3,BACKBONE,"t=121 [RX] CMD.3 <- FF07 RSSI=0.0"
FF04,GWN,3,BACKBONE,"[LOCK][CLEAR][REJECT] partner=FF07"
FF04,GWN,3,BACKBONE,"t=121 [REJECT] Neighbor FF07 marked REJECT"
FF04,GWN,3,BACKBONE,"t=121 [HANDSHAKE] Lock cleared (was with FF07)"
FF04,GWN,3,BACKBONE,"t=121 [STATE] HANDSHAKE -> SECURE"
FF04,GWN,3,BACKBONE,"[LOCK][SET] partner=FF0C timeout=6"
FF04,GWN,3,BACKBONE,"t=122 [HANDSHAKE] Lock set with FF0C (timer=6)"
FF04,GWN,3,BACKBONE,"[LOCK][SET] partner=FF0C timeout=6"
FF04,GWN,3,BACKBONE,"t=122 [TX] CMD.0 -> FF0C"
FF04,GWN,3,BACKBONE,"t=125 [ENC_HELLO] TX: gwCh=0; chCh=0; secCh=0; sn=0 (encrypted)"
FF04,GWN,3,BACKBONE,"t=125 [ENC_HELLO] Retry 1/3 sent (next at t=145)"
FF04,GWN,3,BACKBONE,"[LOCK][CLEAR] partner=FF0C"
FF04,GWN,3,BACKBONE,"[LOCK][SET] partner=FF0C timeout=6"
FF04,GWN,3,BACKBONE,"t=129 [HANDSHAKE] Lock set with FF0C (timer=6)"
FF04,GWN,3,BACKBONE,"[LOCK][SET] partner=FF0C timeout=6"
FF04,GWN,3,BACKBONE,"t=129 [TX] CMD.0 -> FF0C"
FF04,GWN,3,BACKBONE,"t=131 [RX] CMD.3 <- FF0C RSSI=0.0"
FF04,GWN,3,BACKBONE,"[LOCK][CLEAR][REJECT] partner=FF0C"
FF04,GWN,3,BACKBONE,"t=131 [REJECT] Neighbor FF0C marked REJECT"
FF04,GWN,3,BACKBONE,"t=131 [HANDSHAKE] Lock cleared (was with FF0C)"
FF04,GWN,3,BACKBONE,"t=131 [STATE] HANDSHAKE -> SECURE"
FF04,GWN,3,BACKBONE,"[LOCK][SET] partner=FF0E timeout=6"
FF04,GWN,3,BACKBONE,"t=132 [HANDSHAKE] Lock set with FF0E (timer=6)"
FF04,GWN,3,BACKBONE,"[LOCK][SET] partner=FF0E timeout=6"
FF04,GWN,3,BACKBONE,"t=132 [TX] CMD.0 -> FF0E"
FF04,GWN,3,BACKBONE,"t=134 [RX] CMD.3 <- FF0E RSSI=0.0"
FF04,GWN,3,BACKBONE,"[LOCK][CLEAR][REJECT] partner=FF0E"
FF04,GWN,3,BACKBONE,"t=134 [REJECT] Neighbor FF0E marked REJECT"
FF04,GWN,3,BACKBONE,"t=134 [HANDSHAKE] Lock cleared (was with FF0E)"
FF04,GWN,3,BACKBONE,"t=134 [STATE] HANDSHAKE -> SECURE"
FF04,GWN,3,BACKBONE,"t=145 [ENC_HELLO] TX: gwCh=0; chCh=0; secCh=0; sn=0 (encrypted)"
FF04,GWN,3,BACKBONE,"t=145 [ENC_HELLO] Retry 2/3 sent (next at t=185)"
FF04,GWN,3,BACKBONE,"t=185 [ENC_HELLO] TX: gwCh=0; chCh=0; secCh=0; sn=0 (encrypted)"
FF04,GWN,3,BACKBONE,"t=185 [ENC_HELLO] Retry 3/3 sent (next at t=265)"
FF04,GWN,3,BACKBONE,"t=200 [PHASE_RX] Listening (Q_fwd=0; Q_local=0)"
FF04,GWN,3,BACKBONE,"t=201 [PHASE_TX] IDLE (queues empty)"
FF04,GWN,3,BACKBONE,"t=202 [PHASE_TX] IDLE (queues empty)"
FF04,GWN,3,BACKBONE,"t=203 [PHASE_TX] IDLE (queues empty)"
FF04,GWN,3,BACKBONE,"t=204 [PHASE_RX] Listening (Q_fwd=0; Q_local=0)"
FF04,GWN,3,BACKBONE,"t=205 [PHASE_RX] Listening (Q_fwd=0; Q_local=0)"
FF04,GWN,3,BACKBONE,"t=206 [PHASE_RX] Listening (Q_fwd=0; Q_local=0)"
FF04,GWN,3,BACKBONE,"t=207 [PHASE_TX] IDLE (queues empty)"
FF04,GWN,3,BACKBONE,"t=208 [PHASE_TX] IDLE (queues empty)"
FF04,GWN,3,BACKBONE,"t=209 [PHASE_TX] IDLE (queues empty)"
FF04,GWN,3,BACKBONE,"t=210 [PHASE_RX] Listening (Q_fwd=0; Q_local=0)"
FF04,GWN,3,BACKBONE,"t=211 [PHASE_RX] Listening (Q_fwd=0; Q_local=0)"
FF04,GWN,3,BACKBONE,"t=212 [PHASE_RX] Listening (Q_fwd=0; Q_local=0)"
FF04,GWN,3,BACKBONE,"t=213 [PHASE_TX] IDLE (queues empty)"
FF04,GWN,3,BACKBONE,"t=214 [PHASE_TX] IDLE (queues empty)"
FF04,GWN,3,BACKBONE,"t=215 [PHASE_TX] IDLE (queues empty)"
FF04,GWN,3,BACKBONE,"t=216 [PHASE_RX] Listening (Q_fwd=0; Q_local=0)"
FF04,GWN,3,BACKBONE,"t=217 [PHASE_RX] Listening (Q_fwd=0; Q_local=0)"
FF04,GWN,3,BACKBONE,"t=218 [PHASE_RX] Listening (Q_fwd=0; Q_local=0)"
FF04,GWN,3,BACKBONE,"t=219 [PHASE_TX] IDLE (queues empty)"
FF04,GWN,3,BACKBONE,"t=220 [PHASE_TX] IDLE (queues empty)"
FF04,GWN,3,BACKBONE,"t=221 [PHASE_TX] IDLE (queues empty)"
FF04,GWN,3,BACKBONE,"t=222 [PHASE_RX] Listening (Q_fwd=0; Q_local=0)"
FF04,GWN,3,BACKBONE,"t=223 [PHASE_RX] Listening (Q_fwd=0; Q_local=0)"
FF04,GWN,3,BACKBONE,"t=224 [PHASE_RX] Listening (Q_fwd=0; Q_local=0)"
FF04,GWN,3,BACKBONE,"t=225 [PHASE_TX] IDLE (queues empty)"
FF04,GWN,3,BACKBONE,"t=226 [PHASE_TX] IDLE (queues empty)"
FF04,GWN,3,BACKBONE,"t=227 [PHASE_TX] IDLE (queues empty)"
FF04,GWN,3,BACKBONE,"t=228 [PHASE_RX] Listening (Q_fwd=0; Q_local=0)"
FF04,GWN,3,BACKBONE,"t=229 [PHASE_RX] Listening (Q_fwd=0; Q_local=0)"
FF04,GWN,3,BACKBONE,"t=230 [PHASE_RX] Listening (Q_fwd=0; Q_local=0)"
FF04,GWN,3,BACKBONE,"t=231 [PHASE_TX] IDLE (queues empty)"
FF04,GWN,3,BACKBONE,"t=232 [PHASE_TX] IDLE (queues empty)"
FF04,GWN,3,BACKBONE,"t=233 [PHASE_TX] IDLE (queues empty)"
FF04,GWN,3,BACKBONE,"t=234 [PHASE_RX] Listening (Q_fwd=0; Q_local=0)"
FF04,GWN,3,BACKBONE,"t=235 [PHASE_RX] Listening (Q_fwd=0; Q_local=0)"
FF04,GWN,3,BACKBONE,"t=236 [PHASE_RX] Listening (Q_fwd=0; Q_local=0)"
FF04,GWN,3,BACKBONE,"t=237 [PHASE_TX] IDLE (queues empty)"
FF04,GWN,3,BACKBONE,"t=238 [PHASE_TX] IDLE (queues empty)"
FF04,GWN,3,BACKBONE,"t=239 [PHASE_TX] IDLE (queues empty)"
FF04,GWN,3,BACKBONE,"t=240 [PHASE_RX] Listening (Q_fwd=0; Q_local=0)"
FF04,GWN,3,BACKBONE,"t=241 [PHASE_RX] Listening (Q_fwd=0; Q_local=0)"
FF04,GWN,3,BACKBONE,"t=242 [PHASE_RX] Listening (Q_fwd=0; Q_local=0)"
FF04,GWN,3,BACKBONE,"t=243 [PHASE_TX] IDLE (queues empty)"
FF04,GWN,3,BACKBONE,"t=244 [PHASE_TX] IDLE (queues empty)"
FF04,GWN,3,BACKBONE,"t=245 [PHASE_TX] IDLE (queues empty)"
FF04,GWN,3,BACKBONE,"t=246 [PHASE_RX] Listening (Q_fwd=0; Q_local=0)"
FF04,GWN,3,BACKBONE,"t=247 [PHASE_RX] Listening (Q_fwd=0; Q_local=0)"
FF04,GWN,3,BACKBONE,"t=248 [PHASE_RX] Listening (Q_fwd=0; Q_local=0)"
FF04,GWN,3,BACKBONE,"t=249 [PHASE_TX] IDLE (queues empty)"
FF04,GWN,3,ACCESS,"t=4 [PHY] Neighbour count: 3->4"
FF04,GWN,3,ACCESS,"t=5 [HELLO_TX] bcast battery=100.0%"
FF04,GWN,3,ACCESS,"t=5 [PHY] Neighbour count: 4->5"
FF04,GWN,3,ACCESS,"t=8 [PHY] Neighbour count: 6->7"
FF04,GWN,3,ACCESS,"t=9 [PHY] Neighbour count: 7->8"
FF04,GWN,3,ACCESS,"t=11 [PHY] Neighbour count: 8->9"
FF04,GWN,3,ACCESS,"t=13 [PHY] Neighbour count: 9->10"
FF04,GWN,3,ACCESS,"t=15 [HELLO_TX] bcast battery=100.0%"
FF04,GWN,3,ACCESS,"t=19 [PHY] Neighbour count: 10->11"
FF04,GWN,3,ACCESS,"t=20 [PHY] Neighbour count: 11->12"
FF04,GWN,3,ACCESS,"t=21 [PHY] Neighbour count: 12->13"
FF04,GWN,3,ACCESS,"t=24 [HELLO_TX] bcast battery=100.0%"
FF04,GWN,3,ACCESS,"t=24 [PHY] Neighbour count: 14->15"
FF04,GWN,3,ACCESS,"t=26 [PHY] Neighbour count: 15->16"
FF04,GWN,3,ACCESS,"t=27 [PHY] Neighbour count: 16->17"
FF04,GWN,3,ACCESS,"t=28 [HELLO_TX] bcast battery=100.0%"
FF04,GWN,3,ACCESS,"t=37 [HELLO_TX] bcast battery=100.0%"
FF04,GWN,3,ACCESS,"t=41 [PHY] Neighbour count: 17->18"
FF04,GWN,3,ACCESS,"t=42 [HELLO_TX] bcast battery=100.0%"
FF04,GWN,3,ACCESS,"t=51 [HELLO_TX] bcast battery=100.0%"
FF04,GWN,3,ACCESS,"t=55 [HELLO_TX] bcast battery=100.0%"
FF04,GWN,3,ACCESS,"t=56 [PHY] Neighbour count: 18->19"
FF04,GWN,3,ACCESS,"t=63 [HELLO_TX] bcast battery=100.0%"
FF04,GWN,3,ACCESS,"t=71 [HELLO_TX] bcast battery=100.0%"
FF04,GWN,3,ACCESS,"t=80 [PHY] Neighbour count: 19->20"
FF04,GWN,3,ACCESS,"t=81 [HELLO_TX] bcast battery=100.0%"
FF04,GWN,3,ACCESS,"t=85 [PHY] Neighbour count: 20->21"
FF04,GWN,3,ACCESS,"t=87 [HELLO_TX] bcast battery=100.0%"
FF04,GWN,3,ACCESS,"t=95 [HELLO_TX] bcast battery=100.0%"
FF04,GWN,3,ACCESS,"t=102 [HELLO_TX] bcast battery=100.0%"
FF04,GWN,3,ACCESS,"t=106 [HELLO_TX] bcast battery=100.0%"
FF04,GWN,3,ACCESS,"t=112 [HELLO_TX] bcast battery=100.0%"
FF04,GWN,3,ACCESS,"t=120 [HELLO_TX] bcast battery=100.0%"
FF04,GWN,3,ACCESS,"t=124 [HELLO_TX] bcast battery=100.0%"
FF04,GWN,3,ACCESS,"t=134 [HELLO_TX] bcast battery=100.0%"
FF04,GWN,3,ACCESS,"t=139 [HELLO_TX] bcast battery=100.0%"
FF04,GWN,3,ACCESS,"t=145 [HELLO_TX] bcast battery=100.0%"
FF04,GWN,3,ACCESS,"t=152 [HELLO_TX] bcast battery=100.0%"
FF04,GWN,3,ACCESS,"t=161 [HELLO_TX] bcast battery=100.0%"
FF04,GWN,3,ACCESS,"t=169 [HELLO_TX] bcast battery=100.0%"
FF04,GWN,3,ACCESS,"t=176 [HELLO_TX] bcast battery=100.0%"
FF04,GWN,3,ACCESS,"t=186 [HELLO_TX] bcast battery=100.0%"
FF04,GWN,3,ACCESS,"t=195 [HELLO_TX] bcast battery=100.0%"
FF04,GWN,3,ACCESS,"t=203 [HELLO_TX] bcast battery=100.0%"
FF04,GWN,3,ACCESS,"t=211 [HELLO_TX] bcast battery=100.0%"
FF04,GWN,3,ACCESS,"t=215 [HELLO_TX] bcast battery=100.0%"
FF04,GWN,3,ACCESS,"t=225 [HELLO_TX] bcast battery=100.0%"
FF04,GWN,3,ACCESS,"t=234 [HELLO_TX] bcast battery=100.0%"
FF04,GWN,3,ACCESS,"t=243 [HELLO_TX] bcast battery=100.0%"
FF04,GWN,3,UNIFIED,"t=2 [PHY] Neighbor count=1"
FF04,GWN,3,UNIFIED,"t=3 [PHY] Neighbor count=2"
FF04,GWN,3,UNIFIED,"t=4 [PHY] Neighbor count=3"
FF04,GWN,3,UNIFIED,"t=4 [PHY] Neighbour count: 3->4"
FF04,GWN,3,UNIFIED,"t=5 [PHY] Neighbor count=4"
FF04,GWN,3,UNIFIED,"[BB] t=5 [TX] HB.0 -> <BCAST>"
FF04,GWN,3,UNIFIED,"[AC] t=5 [HELLO_TX] bcast battery=100.0%"
FF04,GWN,3,UNIFIED,"t=5 [PHY] Neighbour count: 4->5"
FF04,GWN,3,UNIFIED,"t=6 [PHY] Neighbor count=5"
FF04,GWN,3,UNIFIED,"t=8 [PHY] Neighbor count=6"
FF04,GWN,3,UNIFIED,"t=8 [PHY] Neighbour count: 6->7"
FF04,GWN,3,UNIFIED,"t=9 [PHY] Neighbor count=7"
FF04,GWN,3,UNIFIED,"t=9 [PHY] Neighbour count: 7->8"
FF04,GWN,3,UNIFIED,"t=10 [PHY] Neighbor count=8"
FF04,GWN,3,UNIFIED,"t=11 [PHY] Neighbour count: 8->9"
FF04,GWN,3,UNIFIED,"t=12 [PHY] Neighbor count=9"
FF04,GWN,3,UNIFIED,"[BB] t=12 [TX] HB.0 -> <BCAST>"
FF04,GWN,3,UNIFIED,"t=13 [PHY] Neighbour count: 9->10"
FF04,GWN,3,UNIFIED,"t=14 [PHY] Neighbor count=10"
FF04,GWN,3,UNIFIED,"[AC] t=15 [HELLO_TX] bcast battery=100.0%"
FF04,GWN,3,UNIFIED,"[BB] t=19 [TX] HB.0 -> <BCAST>"
FF04,GWN,3,UNIFIED,"t=19 [PHY] Neighbour count: 10->11"
FF04,GWN,3,UNIFIED,"t=20 [PHY] Neighbor count=11"
FF04,GWN,3,UNIFIED,"t=20 [PHY] Neighbour count: 11->12"
FF04,GWN,3,UNIFIED,"t=21 [PHY] Neighbor count=12"
FF04,GWN,3,UNIFIED,"t=21 [PHY] Neighbour count: 12->13"
FF04,GWN,3,UNIFIED,"t=22 [PHY] Neighbor count=13"
FF04,GWN,3,UNIFIED,"t=22 [STATE] BOOT→DISCOVERY (neighbors=13)"
FF04,GWN,3,UNIFIED,"t=24 [PHY] Neighbor count=14"
FF04,GWN,3,UNIFIED,"[AC] t=24 [HELLO_TX] bcast battery=100.0%"
FF04,GWN,3,UNIFIED,"t=24 [PHY] Neighbour count: 14->15"
FF04,GWN,3,UNIFIED,"t=25 [PHY] Neighbor count=15"
FF04,GWN,3,UNIFIED,"[BB] t=26 [TX] HB.1 -> <BCAST>"
FF04,GWN,3,UNIFIED,"t=26 [PHY] Neighbour count: 15->16"
FF04,GWN,3,UNIFIED,"t=27 [PHY] Neighbor count=16"
FF04,GWN,3,UNIFIED,"t=27 [PHY] Neighbour count: 16->17"
FF04,GWN,3,UNIFIED,"t=28 [PHY] Neighbor count=17"
FF04,GWN,3,UNIFIED,"[AC] t=28 [HELLO_TX] bcast battery=100.0%"
FF04,GWN,3,UNIFIED,"[BB] t=33 [TX] HB.1 -> <BCAST>"
FF04,GWN,3,UNIFIED,"[AC] t=37 [HELLO_TX] bcast battery=100.0%"
FF04,GWN,3,UNIFIED,"[BB] t=40 [TX] HB.1 -> <BCAST>"
FF04,GWN,3,UNIFIED,"t=41 [PHY] Neighbour count: 17->18"
FF04,GWN,3,UNIFIED,"t=42 [PHY] Neighbor count=18"
FF04,GWN,3,UNIFIED,"[AC] t=42 [HELLO_TX] bcast battery=100.0%"
FF04,GWN,3,UNIFIED,"[BB] t=47 [TX] HB.1 -> <BCAST>"
FF04,GWN,3,UNIFIED,"[AC] t=51 [HELLO_TX] bcast battery=100.0%"
FF04,GWN,3,UNIFIED,"[BB] t=54 [TX] HB.1 -> <BCAST>"
FF04,GWN,3,UNIFIED,"[AC] t=55 [HELLO_TX] bcast battery=100.0%"
FF04,GWN,3,UNIFIED,"t=56 [PHY] Neighbour count: 18->19"
FF04,GWN,3,UNIFIED,"t=57 [PHY] Neighbor count=19"
FF04,GWN,3,UNIFIED,"[BB] t=61 [TX] HB.1 -> <BCAST>"
FF04,GWN,3,UNIFIED,"[AC] t=63 [HELLO_TX] bcast battery=100.0%"
FF04,GWN,3,UNIFIED,"[BB] t=68 [TX] HB.1 -> <BCAST>"
FF04,GWN,3,UNIFIED,"[AC] t=71 [HELLO_TX] bcast battery=100.0%"
FF04,GWN,3,UNIFIED,"[BB] t=75 [TX] HB.1 -> <BCAST>"
FF04,GWN,3,UNIFIED,"t=80 [PHY] Neighbour count: 19->20"
FF04,GWN,3,UNIFIED,"t=81 [PHY] Neighbor count=20"
FF04,GWN,3,UNIFIED,"[AC] t=81 [HELLO_TX] bcast battery=100.0%"
FF04,GWN,3,UNIFIED,"[BB] t=82 [TX] HB.1 -> <BCAST>"
FF04,GWN,3,UNIFIED,"t=85 [PHY] Neighbour count: 20->21"
FF04,GWN,3,UNIFIED,"t=86 [PHY] Neighbor count=21"
FF04,GWN,3,UNIFIED,"[AC] t=87 [HELLO_TX] bcast battery=100.0%"
FF04,GWN,3,UNIFIED,"[BB] t=89 [TX] HB.1 -> <BCAST>"
FF04,GWN,3,UNIFIED,"[AC] t=95 [HELLO_TX] bcast battery=100.0%"
FF04,GWN,3,UNIFIED,"[BB] t=96 [TX] HB.1 -> <BCAST>"
FF04,GWN,3,UNIFIED,"[AC] t=102 [HELLO_TX] bcast battery=100.0%"
FF04,GWN,3,UNIFIED,"[BB] t=103 [TX] HB.1 -> <BCAST>"
FF04,GWN,3,UNIFIED,"[AC] t=106 [HELLO_TX] bcast battery=100.0%"
FF04,GWN,3,UNIFIED,"[BB] t=110 [TX] HB.1 -> <BCAST>"
FF04,GWN,3,UNIFIED,"[BB] t=110 [RX] CMD.0 <- FF03 RSSI=2.2"
FF04,GWN,3,UNIFIED,"[BB] t=110 [TX] CMD.1 -> FF03"
FF04,GWN,3,UNIFIED,"[BB] t=110 [TX] CMD.1 -> FF03"
FF04,GWN,3,UNIFIED,"[BB] t=110 [STATE] DISCOVERY -> HANDSHAKE"
FF04,GWN,3,UNIFIED,"[BB] [LOCK][SET] partner=FF03 timeout=6"
FF04,GWN,3,UNIFIED,"[BB] t=110 [HANDSHAKE] Lock set with FF03 (timer=6)"
FF04,GWN,3,UNIFIED,"[AC] t=112 [HELLO_TX] bcast battery=100.0%"
FF04,GWN,3,UNIFIED,"[BB] t=114 [RX] CMD.2 <- FF03 RSSI=2.2"
FF04,GWN,3,UNIFIED,"[BB] [LOCK][REFRESH] partner=FF03 timeout=6"
FF04,GWN,3,UNIFIED,"[BB] [LOCK][SET] partner=FF03 timeout=6"
FF04,GWN,3,UNIFIED,"[BB] t=114 [PARENT] Set parent -> FF03"
FF04,GWN,3,UNIFIED,"[BB] t=115 [RX] CMD.4 <- FF03 RSSI=2.2"
FF04,GWN,3,UNIFIED,"[BB] [LOCK][REFRESH] partner=FF03 timeout=6"
FF04,GWN,3,UNIFIED,"[BB] t=115 [PHASE] Inherited phaseOffset=1 from parent FF03"
FF04,GWN,3,UNIFIED,"[BB] t=115 [ENC_HELLO] TX: gwCh=0; chCh=0; secCh=0; sn=0 (encrypted)"
FF04,GWN,3,UNIFIED,"[BB] t=115 [TX] CMD.5 -> FF03"
FF04,GWN,3,UNIFIED,"[BB] [LOCK][CLEAR][ENC_HELLO_TX] partner=FF03"
FF04,GWN,3,UNIFIED,"[BB] t=115 [HANDSHAKE] Lock cleared (was with FF03)"
FF04,GWN,3,UNIFIED,"t=119 [RECRUIT] INIT(1/4) -> FF07"
FF04,GWN,3,UNIFIED,"[BB] [LOCK][SET] partner=FF07 timeout=6"
FF04,GWN,3,UNIFIED,"[BB] t=119 [HANDSHAKE] Lock set with FF07 (timer=6)"
FF04,GWN,3,UNIFIED,"[BB] [LOCK][SET] partner=FF07 timeout=6"
FF04,GWN,3,UNIFIED,"[BB] t=119 [TX] CMD.0 -> FF07"
FF04,GWN,3,UNIFIED,"[AC] t=120 [HELLO_TX] bcast battery=100.0%"
FF04,GWN,3,UNIFIED,"[BB] t=121 [RX] CMD.3 <- FF07 RSSI=0.0"
FF04,GWN,3,UNIFIED,"[BB] [LOCK][CLEAR][REJECT] partner=FF07"
FF04,GWN,3,UNIFIED,"t=121 [RX] PARENT_REJECT from FF07; trying next"
FF04,GWN,3,UNIFIED,"[BB] t=121 [REJECT] Neighbor FF07 marked REJECT"
FF04,GWN,3,UNIFIED,"[BB] t=121 [HANDSHAKE] Lock cleared (was with FF07)"
FF04,GWN,3,UNIFIED,"[BB] t=121 [STATE] HANDSHAKE -> SECURE"
FF04,GWN,3,UNIFIED,"t=122 [RECRUIT] INIT(1/4) -> FF0C"
FF04,GWN,3,UNIFIED,"[BB] [LOCK][SET] partner=FF0C timeout=6"
FF04,GWN,3,UNIFIED,"[BB] t=122 [HANDSHAKE] Lock set with FF0C (timer=6)"
FF04,GWN,3,UNIFIED,"[BB] [LOCK][SET] partner=FF0C timeout=6"
FF04,GWN,3,UNIFIED,"[BB] t=122 [TX] CMD.0 -> FF0C"
FF04,GWN,3,UNIFIED,"[AC] t=124 [HELLO_TX] bcast battery=100.0%"
FF04,GWN,3,UNIFIED,"[BB] t=125 [ENC_HELLO] TX: gwCh=0; chCh=0; secCh=0; sn=0 (encrypted)"
FF04,GWN,3,UNIFIED,"[BB] t=125 [ENC_HELLO] Retry 1/3 sent (next at t=145)"
FF04,GWN,3,UNIFIED,"t=128 [TIMEOUT] Attempt 1/4 for FF0C - will retry"
FF04,GWN,3,UNIFIED,"[BB] [LOCK][CLEAR] partner=FF0C"
FF04,GWN,3,UNIFIED,"t=129 [RECRUIT] INIT(2/4) -> FF0C"
FF04,GWN,3,UNIFIED,"[BB] [LOCK][SET] partner=FF0C timeout=6"
FF04,GWN,3,UNIFIED,"[BB] t=129 [HANDSHAKE] Lock set with FF0C (timer=6)"
FF04,GWN,3,UNIFIED,"[BB] [LOCK][SET] partner=FF0C timeout=6"
FF04,GWN,3,UNIFIED,"[BB] t=129 [TX] CMD.0 -> FF0C"
FF04,GWN,3,UNIFIED,"[BB] t=131 [RX] CMD.3 <- FF0C RSSI=0.0"
FF04,GWN,3,UNIFIED,"[BB] [LOCK][CLEAR][REJECT] partner=FF0C"
FF04,GWN,3,UNIFIED,"t=131 [RX] PARENT_REJECT from FF0C; trying next"
FF04,GWN,3,UNIFIED,"[BB] t=131 [REJECT] Neighbor FF0C marked REJECT"
FF04,GWN,3,UNIFIED,"[BB] t=131 [HANDSHAKE] Lock cleared (was with FF0C)"
FF04,GWN,3,UNIFIED,"[BB] t=131 [STATE] HANDSHAKE -> SECURE"
FF04,GWN,3,UNIFIED,"t=132 [RECRUIT] INIT(1/4) -> FF0E"
FF04,GWN,3,UNIFIED,"[BB] [LOCK][SET] partner=FF0E timeout=6"
FF04,GWN,3,UNIFIED,"[BB] t=132 [HANDSHAKE] Lock set with FF0E (timer=6)"
FF04,GWN,3,UNIFIED,"[BB] [LOCK][SET] partner=FF0E timeout=6"
FF04,GWN,3,UNIFIED,"[BB] t=132 [TX] CMD.0 -> FF0E"
FF04,GWN,3,UNIFIED,"[AC] t=134 [HELLO_TX] bcast battery=100.0%"
FF04,GWN,3,UNIFIED,"[BB] t=134 [RX] CMD.3 <- FF0E RSSI=0.0"
FF04,GWN,3,UNIFIED,"[BB] [LOCK][CLEAR][REJECT] partner=FF0E"
FF04,GWN,3,UNIFIED,"t=134 [RX] PARENT_REJECT from FF0E; trying next"
FF04,GWN,3,UNIFIED,"[BB] t=134 [REJECT] Neighbor FF0E marked REJECT"
FF04,GWN,3,UNIFIED,"[BB] t=134 [HANDSHAKE] Lock cleared (was with FF0E)"
FF04,GWN,3,UNIFIED,"[BB] t=134 [STATE] HANDSHAKE -> SECURE"
FF04,GWN,3,UNIFIED,"t=135 [SCALE_EXHAUSTED] Power 6.00 -> 6.60 (all neighbors rejected)"
FF04,GWN,3,UNIFIED,"t=136 [SCALE_EXHAUSTED] Power 6.60 -> 7.26 (all neighbors rejected)"
FF04,GWN,3,UNIFIED,"t=137 [SCALE_EXHAUSTED] Power 7.26 -> 7.99 (all neighbors rejected)"
FF04,GWN,3,UNIFIED,"t=138 [SCALE_EXHAUSTED] Power 7.99 -> 8.78 (all neighbors rejected)"
FF04,GWN,3,UNIFIED,"t=139 [SCALE_EXHAUSTED] Power 8.78 -> 9.66 (all neighbors rejected)"
FF04,GWN,3,UNIFIED,"[AC] t=139 [HELLO_TX] bcast battery=100.0%"
FF04,GWN,3,UNIFIED,"t=140 [SCALE_EXHAUSTED] Power 9.66 -> 10.63 (all neighbors rejected)"
FF04,GWN,3,UNIFIED,"t=141 [SCALE_EXHAUSTED] Power 10.63 -> 11.69 (all neighbors rejected)"
FF04,GWN,3,UNIFIED,"t=142 [SCALE_EXHAUSTED] Power 11.69 -> 12.00 (all neighbors rejected)"
FF04,GWN,3,UNIFIED,"t=143 [TERMINAL] All neighbors rejected at Max Power. Waiting."
FF04,GWN,3,UNIFIED,"t=144 [TERMINAL] All neighbors rejected at Max Power. Waiting."
FF04,GWN,3,UNIFIED,"[BB] t=145 [ENC_HELLO] TX: gwCh=0; chCh=0; secCh=0; sn=0 (encrypted)"
FF04,GWN,3,UNIFIED,"[BB] t=145 [ENC_HELLO] Retry 2/3 sent (next at t=185)"
FF04,GWN,3,UNIFIED,"t=145 [TERMINAL] All neighbors rejected at Max Power. Waiting."
FF04,GWN,3,UNIFIED,"[AC] t=145 [HELLO_TX] bcast battery=100.0%"
FF04,GWN,3,UNIFIED,"t=146 [TERMINAL] All neighbors rejected at Max Power. Waiting."
FF04,GWN,3,UNIFIED,"t=147 [TERMINAL] All neighbors rejected at Max Power. Waiting."
FF04,GWN,3,UNIFIED,"t=148 [TERMINAL] All neighbors rejected at Max Power. Waiting."
FF04,GWN,3,UNIFIED,"t=149 [TERMINAL] All neighbors rejected at Max Power. Waiting."
FF04,GWN,3,UNIFIED,"t=150 [TERMINAL] All neighbors rejected at Max Power. Waiting."
FF04,GWN,3,UNIFIED,"t=151 [TERMINAL] All neighbors rejected at Max Power. Waiting."
FF04,GWN,3,UNIFIED,"t=152 [TERMINAL] All neighbors rejected at Max Power. Waiting."
FF04,GWN,3,UNIFIED,"[AC] t=152 [HELLO_TX] bcast battery=100.0%"
FF04,GWN,3,UNIFIED,"t=153 [TERMINAL] All neighbors rejected at Max Power. Waiting."
FF04,GWN,3,UNIFIED,"t=154 [TERMINAL] All neighbors rejected at Max Power. Waiting."
FF04,GWN,3,UNIFIED,"t=155 [TERMINAL] All neighbors rejected at Max Power. Waiting."
FF04,GWN,3,UNIFIED,"t=156 [TERMINAL] All neighbors rejected at Max Power. Waiting."
FF04,GWN,3,UNIFIED,"t=157 [TERMINAL] All neighbors rejected at Max Power. Waiting."
FF04,GWN,3,UNIFIED,"t=158 [TERMINAL] All neighbors rejected at Max Power. Waiting."
FF04,GWN,3,UNIFIED,"t=159 [TERMINAL] All neighbors rejected at Max Power. Waiting."
FF04,GWN,3,UNIFIED,"t=160 [TERMINAL] All neighbors rejected at Max Power. Waiting."
FF04,GWN,3,UNIFIED,"t=161 [TERMINAL] All neighbors rejected at Max Power. Waiting."
FF04,GWN,3,UNIFIED,"[AC] t=161 [HELLO_TX] bcast battery=100.0%"
FF04,GWN,3,UNIFIED,"t=162 [TERMINAL] All neighbors rejected at Max Power. Waiting."
FF04,GWN,3,UNIFIED,"t=163 [TERMINAL] All neighbors rejected at Max Power. Waiting."
FF04,GWN,3,UNIFIED,"t=164 [TERMINAL] All neighbors rejected at Max Power. Waiting."
FF04,GWN,3,UNIFIED,"t=165 [TERMINAL] All neighbors rejected at Max Power. Waiting."
FF04,GWN,3,UNIFIED,"t=166 [TERMINAL] All neighbors rejected at Max Power. Waiting."
FF04,GWN,3,UNIFIED,"t=167 [TERMINAL] All neighbors rejected at Max Power. Waiting."
FF04,GWN,3,UNIFIED,"t=168 [TERMINAL] All neighbors rejected at Max Power. Waiting."
FF04,GWN,3,UNIFIED,"t=169 [TERMINAL] All neighbors rejected at Max Power. Waiting."
FF04,GWN,3,UNIFIED,"[AC] t=169 [HELLO_TX] bcast battery=100.0%"
FF04,GWN,3,UNIFIED,"t=170 [TERMINAL] All neighbors rejected at Max Power. Waiting."
FF04,GWN,3,UNIFIED,"t=171 [TERMINAL] All neighbors rejected at Max Power. Waiting."
FF04,GWN,3,UNIFIED,"t=172 [TERMINAL] All neighbors rejected at Max Power. Waiting."
FF04,GWN,3,UNIFIED,"t=173 [TERMINAL] All neighbors rejected at Max Power. Waiting."
FF04,GWN,3,UNIFIED,"t=174 [TERMINAL] All neighbors rejected at Max Power. Waiting."
FF04,GWN,3,UNIFIED,"t=175 [TERMINAL] All neighbors rejected at Max Power. Waiting."
FF04,GWN,3,UNIFIED,"t=176 [TERMINAL] All neighbors rejected at Max Power. Waiting."
FF04,GWN,3,UNIFIED,"[AC] t=176 [HELLO_TX] bcast battery=100.0%"
FF04,GWN,3,UNIFIED,"t=177 [TERMINAL] All neighbors rejected at Max Power. Waiting."
FF04,GWN,3,UNIFIED,"t=178 [TERMINAL] All neighbors rejected at Max Power. Waiting."
FF04,GWN,3,UNIFIED,"t=179 [TERMINAL] All neighbors rejected at Max Power. Waiting."
FF04,GWN,3,UNIFIED,"t=180 [TERMINAL] All neighbors rejected at Max Power. Waiting."
FF04,GWN,3,UNIFIED,"t=181 [TERMINAL] All neighbors rejected at Max Power. Waiting."
FF04,GWN,3,UNIFIED,"t=182 [TERMINAL] All neighbors rejected at Max Power. Waiting."
FF04,GWN,3,UNIFIED,"t=183 [TERMINAL] All neighbors rejected at Max Power. Waiting."
FF04,GWN,3,UNIFIED,"t=184 [TERMINAL] All neighbors rejected at Max Power. Waiting."
FF04,GWN,3,UNIFIED,"[BB] t=185 [ENC_HELLO] TX: gwCh=0; chCh=0; secCh=0; sn=0 (encrypted)"
FF04,GWN,3,UNIFIED,"[BB] t=185 [ENC_HELLO] Retry 3/3 sent (next at t=265)"
FF04,GWN,3,UNIFIED,"t=185 [TERMINAL] All neighbors rejected at Max Power. Waiting."
FF04,GWN,3,UNIFIED,"t=186 [TERMINAL] All neighbors rejected at Max Power. Waiting."
FF04,GWN,3,UNIFIED,"[AC] t=186 [HELLO_TX] bcast battery=100.0%"
FF04,GWN,3,UNIFIED,"t=187 [TERMINAL] All neighbors rejected at Max Power. Waiting."
FF04,GWN,3,UNIFIED,"t=188 [TERMINAL] All neighbors rejected at Max Power. Waiting."
FF04,GWN,3,UNIFIED,"t=189 [TERMINAL] All neighbors rejected at Max Power. Waiting."
FF04,GWN,3,UNIFIED,"t=190 [TERMINAL] All neighbors rejected at Max Power. Waiting."
FF04,GWN,3,UNIFIED,"t=191 [TERMINAL] All neighbors rejected at Max Power. Waiting."
FF04,GWN,3,UNIFIED,"t=192 [TERMINAL] All neighbors rejected at Max Power. Waiting."
FF04,GWN,3,UNIFIED,"t=193 [TERMINAL] All neighbors rejected at Max Power. Waiting."
FF04,GWN,3,UNIFIED,"t=194 [TERMINAL] All neighbors rejected at Max Power. Waiting."
FF04,GWN,3,UNIFIED,"t=195 [TERMINAL] All neighbors rejected at Max Power. Waiting."
FF04,GWN,3,UNIFIED,"[AC] t=195 [HELLO_TX] bcast battery=100.0%"
FF04,GWN,3,UNIFIED,"t=196 [TERMINAL] All neighbors rejected at Max Power. Waiting."
FF04,GWN,3,UNIFIED,"t=197 [TERMINAL] All neighbors rejected at Max Power. Waiting."
FF04,GWN,3,UNIFIED,"t=198 [TERMINAL] All neighbors rejected at Max Power. Waiting."
FF04,GWN,3,UNIFIED,"t=199 [TERMINAL] All neighbors rejected at Max Power. Waiting."
FF04,GWN,3,UNIFIED,"[BB] t=200 [PHASE_RX] Listening (Q_fwd=0; Q_local=0)"
FF04,GWN,3,UNIFIED,"t=200 [TERMINAL] All neighbors rejected at Max Power. Waiting."
FF04,GWN,3,UNIFIED,"[BB] t=201 [PHASE_TX] IDLE (queues empty)"
FF04,GWN,3,UNIFIED,"t=201 [TERMINAL] All neighbors rejected at Max Power. Waiting."
FF04,GWN,3,UNIFIED,"[BB] t=202 [PHASE_TX] IDLE (queues empty)"
FF04,GWN,3,UNIFIED,"t=202 [TERMINAL] All neighbors rejected at Max Power. Waiting."
FF04,GWN,3,UNIFIED,"[BB] t=203 [PHASE_TX] IDLE (queues empty)"
FF04,GWN,3,UNIFIED,"t=203 [TERMINAL] All neighbors rejected at Max Power. Waiting."
FF04,GWN,3,UNIFIED,"[AC] t=203 [HELLO_TX] bcast battery=100.0%"
FF04,GWN,3,UNIFIED,"[BB] t=204 [PHASE_RX] Listening (Q_fwd=0; Q_local=0)"
FF04,GWN,3,UNIFIED,"t=204 [TERMINAL] All neighbors rejected at Max Power. Waiting."
FF04,GWN,3,UNIFIED,"[BB] t=205 [PHASE_RX] Listening (Q_fwd=0; Q_local=0)"
FF04,GWN,3,UNIFIED,"t=205 [TERMINAL] All neighbors rejected at Max Power. Waiting."
FF04,GWN,3,UNIFIED,"[BB] t=206 [PHASE_RX] Listening (Q_fwd=0; Q_local=0)"
FF04,GWN,3,UNIFIED,"t=206 [TERMINAL] All neighbors rejected at Max Power. Waiting."
FF04,GWN,3,UNIFIED,"[BB] t=207 [PHASE_TX] IDLE (queues empty)"
FF04,GWN,3,UNIFIED,"t=207 [TERMINAL] All neighbors rejected at Max Power. Waiting."
FF04,GWN,3,UNIFIED,"[BB] t=208 [PHASE_TX] IDLE (queues empty)"
FF04,GWN,3,UNIFIED,"t=208 [TERMINAL] All neighbors rejected at Max Power. Waiting."
FF04,GWN,3,UNIFIED,"[BB] t=209 [PHASE_TX] IDLE (queues empty)"
FF04,GWN,3,UNIFIED,"t=209 [TERMINAL] All neighbors rejected at Max Power. Waiting."
FF04,GWN,3,UNIFIED,"[BB] t=210 [PHASE_RX] Listening (Q_fwd=0; Q_local=0)"
FF04,GWN,3,UNIFIED,"t=210 [TERMINAL] All neighbors rejected at Max Power. Waiting."
FF04,GWN,3,UNIFIED,"[BB] t=211 [PHASE_RX] Listening (Q_fwd=0; Q_local=0)"
FF04,GWN,3,UNIFIED,"t=211 [TERMINAL] All neighbors rejected at Max Power. Waiting."
FF04,GWN,3,UNIFIED,"[AC] t=211 [HELLO_TX] bcast battery=100.0%"
FF04,GWN,3,UNIFIED,"[BB] t=212 [PHASE_RX] Listening (Q_fwd=0; Q_local=0)"
FF04,GWN,3,UNIFIED,"t=212 [TERMINAL] All neighbors rejected at Max Power. Waiting."
FF04,GWN,3,UNIFIED,"[BB] t=213 [PHASE_TX] IDLE (queues empty)"
FF04,GWN,3,UNIFIED,"t=213 [TERMINAL] All neighbors rejected at Max Power. Waiting."
FF04,GWN,3,UNIFIED,"[BB] t=214 [PHASE_TX] IDLE (queues empty)"
FF04,GWN,3,UNIFIED,"t=214 [TERMINAL] All neighbors rejected at Max Power. Waiting."
FF04,GWN,3,UNIFIED,"[BB] t=215 [PHASE_TX] IDLE (queues empty)"
FF04,GWN,3,UNIFIED,"t=215 [TERMINAL] All neighbors rejected at Max Power. Waiting."
FF04,GWN,3,UNIFIED,"[AC] t=215 [HELLO_TX] bcast battery=100.0%"
FF04,GWN,3,UNIFIED,"[BB] t=216 [PHASE_RX] Listening (Q_fwd=0; Q_local=0)"
FF04,GWN,3,UNIFIED,"t=216 [TERMINAL] All neighbors rejected at Max Power. Waiting."
FF04,GWN,3,UNIFIED,"[BB] t=217 [PHASE_RX] Listening (Q_fwd=0; Q_local=0)"
FF04,GWN,3,UNIFIED,"t=217 [TERMINAL] All neighbors rejected at Max Power. Waiting."
FF04,GWN,3,UNIFIED,"[BB] t=218 [PHASE_RX] Listening (Q_fwd=0; Q_local=0)"
FF04,GWN,3,UNIFIED,"t=218 [TERMINAL] All neighbors rejected at Max Power. Waiting."
FF04,GWN,3,UNIFIED,"[BB] t=219 [PHASE_TX] IDLE (queues empty)"
FF04,GWN,3,UNIFIED,"t=219 [TERMINAL] All neighbors rejected at Max Power. Waiting."
FF04,GWN,3,UNIFIED,"[BB] t=220 [PHASE_TX] IDLE (queues empty)"
FF04,GWN,3,UNIFIED,"t=220 [TERMINAL] All neighbors rejected at Max Power. Waiting."
FF04,GWN,3,UNIFIED,"[BB] t=221 [PHASE_TX] IDLE (queues empty)"
FF04,GWN,3,UNIFIED,"t=221 [TERMINAL] All neighbors rejected at Max Power. Waiting."
FF04,GWN,3,UNIFIED,"[BB] t=222 [PHASE_RX] Listening (Q_fwd=0; Q_local=0)"
FF04,GWN,3,UNIFIED,"t=222 [TERMINAL] All neighbors rejected at Max Power. Waiting."
FF04,GWN,3,UNIFIED,"[BB] t=223 [PHASE_RX] Listening (Q_fwd=0; Q_local=0)"
FF04,GWN,3,UNIFIED,"t=223 [TERMINAL] All neighbors rejected at Max Power. Waiting."
FF04,GWN,3,UNIFIED,"[BB] t=224 [PHASE_RX] Listening (Q_fwd=0; Q_local=0)"
FF04,GWN,3,UNIFIED,"t=224 [TERMINAL] All neighbors rejected at Max Power. Waiting."
FF04,GWN,3,UNIFIED,"[BB] t=225 [PHASE_TX] IDLE (queues empty)"
FF04,GWN,3,UNIFIED,"t=225 [TERMINAL] All neighbors rejected at Max Power. Waiting."
FF04,GWN,3,UNIFIED,"[AC] t=225 [HELLO_TX] bcast battery=100.0%"
FF04,GWN,3,UNIFIED,"[BB] t=226 [PHASE_TX] IDLE (queues empty)"
FF04,GWN,3,UNIFIED,"t=226 [TERMINAL] All neighbors rejected at Max Power. Waiting."
FF04,GWN,3,UNIFIED,"[BB] t=227 [PHASE_TX] IDLE (queues empty)"
FF04,GWN,3,UNIFIED,"t=227 [TERMINAL] All neighbors rejected at Max Power. Waiting."
FF04,GWN,3,UNIFIED,"[BB] t=228 [PHASE_RX] Listening (Q_fwd=0; Q_local=0)"
FF04,GWN,3,UNIFIED,"t=228 [TERMINAL] All neighbors rejected at Max Power. Waiting."
FF04,GWN,3,UNIFIED,"[BB] t=229 [PHASE_RX] Listening (Q_fwd=0; Q_local=0)"
FF04,GWN,3,UNIFIED,"t=229 [TERMINAL] All neighbors rejected at Max Power. Waiting."
FF04,GWN,3,UNIFIED,"[BB] t=230 [PHASE_RX] Listening (Q_fwd=0; Q_local=0)"
FF04,GWN,3,UNIFIED,"t=230 [TERMINAL] All neighbors rejected at Max Power. Waiting."
FF04,GWN,3,UNIFIED,"[BB] t=231 [PHASE_TX] IDLE (queues empty)"
FF04,GWN,3,UNIFIED,"t=231 [TERMINAL] All neighbors rejected at Max Power. Waiting."
FF04,GWN,3,UNIFIED,"[BB] t=232 [PHASE_TX] IDLE (queues empty)"
FF04,GWN,3,UNIFIED,"t=232 [TERMINAL] All neighbors rejected at Max Power. Waiting."
FF04,GWN,3,UNIFIED,"[BB] t=233 [PHASE_TX] IDLE (queues empty)"
FF04,GWN,3,UNIFIED,"t=233 [TERMINAL] All neighbors rejected at Max Power. Waiting."
FF04,GWN,3,UNIFIED,"[BB] t=234 [PHASE_RX] Listening (Q_fwd=0; Q_local=0)"
FF04,GWN,3,UNIFIED,"t=234 [TERMINAL] All neighbors rejected at Max Power. Waiting."
FF04,GWN,3,UNIFIED,"[AC] t=234 [HELLO_TX] bcast battery=100.0%"
FF04,GWN,3,UNIFIED,"[BB] t=235 [PHASE_RX] Listening (Q_fwd=0; Q_local=0)"
FF04,GWN,3,UNIFIED,"t=235 [TERMINAL] All neighbors rejected at Max Power. Waiting."
FF04,GWN,3,UNIFIED,"[BB] t=236 [PHASE_RX] Listening (Q_fwd=0; Q_local=0)"
FF04,GWN,3,UNIFIED,"t=236 [TERMINAL] All neighbors rejected at Max Power. Waiting."
FF04,GWN,3,UNIFIED,"[BB] t=237 [PHASE_TX] IDLE (queues empty)"
FF04,GWN,3,UNIFIED,"t=237 [TERMINAL] All neighbors rejected at Max Power. Waiting."
FF04,GWN,3,UNIFIED,"[BB] t=238 [PHASE_TX] IDLE (queues empty)"
FF04,GWN,3,UNIFIED,"t=238 [TERMINAL] All neighbors rejected at Max Power. Waiting."
FF04,GWN,3,UNIFIED,"[BB] t=239 [PHASE_TX] IDLE (queues empty)"
FF04,GWN,3,UNIFIED,"t=239 [TERMINAL] All neighbors rejected at Max Power. Waiting."
FF04,GWN,3,UNIFIED,"[BB] t=240 [PHASE_RX] Listening (Q_fwd=0; Q_local=0)"
FF04,GWN,3,UNIFIED,"t=240 [TERMINAL] All neighbors rejected at Max Power. Waiting."
FF04,GWN,3,UNIFIED,"[BB] t=241 [PHASE_RX] Listening (Q_fwd=0; Q_local=0)"
FF04,GWN,3,UNIFIED,"t=241 [TERMINAL] All neighbors rejected at Max Power. Waiting."
FF04,GWN,3,UNIFIED,"[BB] t=242 [PHASE_RX] Listening (Q_fwd=0; Q_local=0)"
FF04,GWN,3,UNIFIED,"t=242 [TERMINAL] All neighbors rejected at Max Power. Waiting."
FF04,GWN,3,UNIFIED,"[BB] t=243 [PHASE_TX] IDLE (queues empty)"
FF04,GWN,3,UNIFIED,"t=243 [TERMINAL] All neighbors rejected at Max Power. Waiting."
FF04,GWN,3,UNIFIED,"[AC] t=243 [HELLO_TX] bcast battery=100.0%"
FF04,GWN,3,UNIFIED,"[BB] t=244 [PHASE_TX] IDLE (queues empty)"
FF04,GWN,3,UNIFIED,"t=244 [TERMINAL] All neighbors rejected at Max Power. Waiting."
FF04,GWN,3,UNIFIED,"[BB] t=245 [PHASE_TX] IDLE (queues empty)"
FF04,GWN,3,UNIFIED,"t=245 [TERMINAL] All neighbors rejected at Max Power. Waiting."
FF04,GWN,3,UNIFIED,"[BB] t=246 [PHASE_RX] Listening (Q_fwd=0; Q_local=0)"
FF04,GWN,3,UNIFIED,"t=246 [TERMINAL] All neighbors rejected at Max Power. Waiting."
FF04,GWN,3,UNIFIED,"[BB] t=247 [PHASE_RX] Listening (Q_fwd=0; Q_local=0)"
FF04,GWN,3,UNIFIED,"t=247 [TERMINAL] All neighbors rejected at Max Power. Waiting."
FF04,GWN,3,UNIFIED,"[BB] t=248 [PHASE_RX] Listening (Q_fwd=0; Q_local=0)"
FF04,GWN,3,UNIFIED,"t=248 [TERMINAL] All neighbors rejected at Max Power. Waiting."
FF04,GWN,3,UNIFIED,"[BB] t=249 [PHASE_TX] IDLE (queues empty)"
FF04,GWN,3,UNIFIED,"t=249 [TERMINAL] All neighbors rejected at Max Power. Waiting."
FF05,GWN,3,BACKBONE,"t=4 [PHY] Neighbour count: 2->3"
FF05,GWN,3,BACKBONE,"t=5 [PHY] Neighbour count: 3->4"
FF05,GWN,3,BACKBONE,"t=6 [TX] HB.0 -> <BCAST>"
FF05,GWN,3,BACKBONE,"t=6 [PHY] Neighbour count: 4->5"
FF05,GWN,3,BACKBONE,"t=7 [PHY] Neighbour count: 5->6"
FF05,GWN,3,BACKBONE,"t=10 [PHY] Neighbour count: 6->7"
FF05,GWN,3,BACKBONE,"t=11 [PHY] Neighbour count: 7->8"
FF05,GWN,3,BACKBONE,"t=13 [TX] HB.0 -> <BCAST>"
FF05,GWN,3,BACKBONE,"t=13 [PHY] Neighbour count: 8->9"
FF05,GWN,3,BACKBONE,"t=18 [PHY] Neighbour count: 9->10"
FF05,GWN,3,BACKBONE,"t=20 [TX] HB.0 -> <BCAST>"
FF05,GWN,3,BACKBONE,"t=20 [PHY] Neighbour count: 10->11"
FF05,GWN,3,BACKBONE,"t=22 [PHY] Neighbour count: 11->12"
FF05,GWN,3,BACKBONE,"t=23 [PHY] Neighbour count: 12->13"
FF05,GWN,3,BACKBONE,"t=27 [TX] HB.1 -> <BCAST>"
FF05,GWN,3,BACKBONE,"t=27 [PHY] Neighbour count: 13->14"
FF05,GWN,3,BACKBONE,"t=28 [PHY] Neighbour count: 14->15"
FF05,GWN,3,BACKBONE,"t=30 [PHY] Neighbour count: 15->16"
FF05,GWN,3,BACKBONE,"t=31 [RX] CMD.0 <- FF0C RSSI=3.9"
FF05,GWN,3,BACKBONE,"t=31 [TX] CMD.1 -> FF0C"
FF05,GWN,3,BACKBONE,"t=31 [TX] CMD.1 -> FF0C"
FF05,GWN,3,BACKBONE,"t=31 [STATE] DISCOVERY -> HANDSHAKE"
FF05,GWN,3,BACKBONE,"[LOCK][SET] partner=FF0C timeout=6"
FF05,GWN,3,BACKBONE,"t=31 [HANDSHAKE] Lock set with FF0C (timer=6)"
FF05,GWN,3,BACKBONE,"t=35 [RX] CMD.2 <- FF0C RSSI=3.9"
FF05,GWN,3,BACKBONE,"[LOCK][REFRESH] partner=FF0C timeout=6"
FF05,GWN,3,BACKBONE,"[LOCK][SET] partner=FF0C timeout=6"
FF05,GWN,3,BACKBONE,"t=35 [PARENT] Set parent -> FF0C"
FF05,GWN,3,BACKBONE,"t=35 [PHY] Neighbour count: 16->17"
FF05,GWN,3,BACKBONE,"t=36 [RX] CMD.4 <- FF0C RSSI=3.9"
FF05,GWN,3,BACKBONE,"[LOCK][REFRESH] partner=FF0C timeout=6"
FF05,GWN,3,BACKBONE,"t=36 [PHASE] Inherited phaseOffset=0 from parent FF0C"
FF05,GWN,3,BACKBONE,"t=36 [ENC_HELLO] TX: gwCh=0; chCh=0; secCh=0; sn=0 (encrypted)"
FF05,GWN,3,BACKBONE,"t=36 [TX] CMD.5 -> FF0C"
FF05,GWN,3,BACKBONE,"[LOCK][CLEAR][ENC_HELLO_TX] partner=FF0C"
FF05,GWN,3,BACKBONE,"t=36 [HANDSHAKE] Lock cleared (was with FF0C)"
FF05,GWN,3,BACKBONE,"t=39 [PHY] Neighbour count: 17->18"
FF05,GWN,3,BACKBONE,"[LOCK][SET] partner=FF08 timeout=6"
FF05,GWN,3,BACKBONE,"t=40 [HANDSHAKE] Lock set with FF08 (timer=6)"
FF05,GWN,3,BACKBONE,"[LOCK][SET] partner=FF08 timeout=6"
FF05,GWN,3,BACKBONE,"t=40 [TX] CMD.0 -> FF08"
FF05,GWN,3,BACKBONE,"t=40 [PHY] Neighbour count: 18->19"
FF05,GWN,3,BACKBONE,"t=42 [RX] CMD.1 <- FF08 RSSI=2.8"
FF05,GWN,3,BACKBONE,"[LOCK][REFRESH] partner=FF08 timeout=6"
FF05,GWN,3,BACKBONE,"t=42 [TX] CMD.2 -> FF08"
FF05,GWN,3,BACKBONE,"[LOCK][REFRESH] partner=FF08 timeout=6"
FF05,GWN,3,BACKBONE,"t=42 [HANDSHAKE] FF08 added to pendingChildren (awaiting ENC_HELLO)"
FF05,GWN,3,BACKBONE,"t=42 [TX] CMD.4 -> FF08"
FF05,GWN,3,BACKBONE,"t=42 [PHASE] Sending phaseOffset=1 to child FF08 (self=0)"
FF05,GWN,3,BACKBONE,"[LOCK][REFRESH] partner=FF08 timeout=6"
FF05,GWN,3,BACKBONE,"[LOCK][SET] partner=FF08 timeout=6"
FF05,GWN,3,BACKBONE,"t=46 [ENC_HELLO] TX: gwCh=0; chCh=0; secCh=0; sn=0 (encrypted)"
FF05,GWN,3,BACKBONE,"t=46 [ENC_HELLO] Retry 1/3 sent (next at t=66)"
FF05,GWN,3,BACKBONE,"t=47 [RX] CMD.5 <- FF08 RSSI=2.8"
FF05,GWN,3,BACKBONE,"t=47 [HANDSHAKE] FF08 promoted to children (ENC_HELLO received)"
FF05,GWN,3,BACKBONE,"[LOCK][CLEAR][ENC_HELLO_RX] partner=FF08"
FF05,GWN,3,BACKBONE,"t=47 [TX] CMD.5 -> FF0C"
FF05,GWN,3,BACKBONE,"t=47 [HANDSHAKE] Lock cleared (was with FF08)"
FF05,GWN,3,BACKBONE,"t=47 [RETRY] Reset retry state for FF08 (now child)"
FF05,GWN,3,BACKBONE,"t=47 [STATE] HANDSHAKE -> SECURE"
FF05,GWN,3,BACKBONE,"t=55 [RX_FWD] Encrypted CMD.5 from Child FF08 -> Queue for Parent FF0C"
FF05,GWN,3,BACKBONE,"t=55 [Q_FWD] Queued CMD.5 (size=1/15)"
FF05,GWN,3,BACKBONE,"t=56 [PHY] Neighbour count: 19->20"
FF05,GWN,3,BACKBONE,"t=58 [RX_FWD] Encrypted CMD.5 from Child FF08 -> Queue for Parent FF0C"
FF05,GWN,3,BACKBONE,"t=58 [Q_FWD] Queued CMD.5 (size=2/15)"
FF05,GWN,3,BACKBONE,"t=62 [PHY] Neighbour count: 20->21"
FF05,GWN,3,BACKBONE,"t=63 [PHY] Neighbour count: 21->22"
FF05,GWN,3,BACKBONE,"t=66 [ENC_HELLO] TX: gwCh=1; chCh=0; secCh=0; sn=0 (encrypted)"
FF05,GWN,3,BACKBONE,"t=66 [ENC_HELLO] Retry 2/3 sent (next at t=106)"
FF05,GWN,3,BACKBONE,"t=75 [RX_FWD] Encrypted CMD.5 from Child FF08 -> Queue for Parent FF0C"
FF05,GWN,3,BACKBONE,"t=75 [Q_FWD] Queued CMD.5 (size=3/15)"
FF05,GWN,3,BACKBONE,"t=106 [ENC_HELLO] TX: gwCh=1; chCh=0; secCh=0; sn=0 (encrypted)"
FF05,GWN,3,BACKBONE,"t=106 [ENC_HELLO] Retry 3/3 sent (next at t=186)"
FF05,GWN,3,BACKBONE,"t=115 [RX_FWD] Encrypted CMD.5 from Child FF08 -> Queue for Parent FF0C"
FF05,GWN,3,BACKBONE,"t=115 [Q_FWD] Queued CMD.5 (size=4/15)"
FF05,GWN,3,BACKBONE,"t=186 [ENC_HELLO] TX: gwCh=1; chCh=0; secCh=0; sn=0 (encrypted)"
FF05,GWN,3,BACKBONE,"t=186 [ENC_HELLO] Registry refresh #1 sent (next at t=266)"
FF05,GWN,3,BACKBONE,"t=195 [RX_FWD] Encrypted CMD.5 from Child FF08 -> Queue for Parent FF0C"
FF05,GWN,3,BACKBONE,"t=195 [Q_FWD] Queued CMD.5 (size=5/15)"
FF05,GWN,3,BACKBONE,"t=200 [DEQUEUE] From Q_fwd (waited 145 TFs)"
FF05,GWN,3,BACKBONE,"t=200 [PHASE_TX] Sent CMD.5 -> FF0C (Q_fwd=4; Q_local=0)"
FF05,GWN,3,BACKBONE,"t=201 [PHASE_RX] Listening (Q_fwd=4; Q_local=0)"
FF05,GWN,3,BACKBONE,"t=201 [RX_FWD] Encrypted CMD.5 from Child FF08 -> Queue for Parent FF0C"
FF05,GWN,3,BACKBONE,"t=201 [Q_FWD] Queued CMD.5 (size=5/15)"
FF05,GWN,3,BACKBONE,"t=202 [PHASE_RX] Listening (Q_fwd=5; Q_local=0)"
FF05,GWN,3,BACKBONE,"t=202 [RX_FWD] Encrypted CMD.5 from Child FF08 -> Queue for Parent FF0C"
FF05,GWN,3,BACKBONE,"t=202 [Q_FWD] Queued CMD.5 (size=6/15)"
FF05,GWN,3,BACKBONE,"t=203 [PHASE_RX] Listening (Q_fwd=6; Q_local=0)"
FF05,GWN,3,BACKBONE,"t=203 [RX_FWD] Encrypted CMD.5 from Child FF08 -> Queue for Parent FF0C"
FF05,GWN,3,BACKBONE,"t=203 [Q_FWD] Queued CMD.5 (size=7/15)"
FF05,GWN,3,BACKBONE,"t=204 [DEQUEUE] From Q_fwd (waited 146 TFs)"
FF05,GWN,3,BACKBONE,"t=204 [PHASE_TX] Sent CMD.5 -> FF0C (Q_fwd=6; Q_local=0)"
FF05,GWN,3,BACKBONE,"t=205 [DEQUEUE] From Q_fwd (waited 130 TFs)"
FF05,GWN,3,BACKBONE,"t=205 [PHASE_TX] Sent CMD.5 -> FF0C (Q_fwd=5; Q_local=0)"
FF05,GWN,3,BACKBONE,"t=206 [DEQUEUE] From Q_fwd (waited 91 TFs)"
FF05,GWN,3,BACKBONE,"t=206 [PHASE_TX] Sent CMD.5 -> FF0C (Q_fwd=4; Q_local=0)"
FF05,GWN,3,BACKBONE,"t=207 [PHASE_RX] Listening (Q_fwd=4; Q_local=0)"
FF05,GWN,3,BACKBONE,"t=207 [RX_FWD] Encrypted HB.3 from Child FF08 -> Queue for Parent FF0C"
FF05,GWN,3,BACKBONE,"t=207 [Q_FWD] Queued HB.3 (size=5/15)"
FF05,GWN,3,BACKBONE,"t=208 [PHASE_RX] Listening (Q_fwd=5; Q_local=0)"
FF05,GWN,3,BACKBONE,"t=208 [RX_FWD] Encrypted CMD.5 from Child FF08 -> Queue for Parent FF0C"
FF05,GWN,3,BACKBONE,"t=208 [Q_FWD] Queued CMD.5 (size=6/15)"
FF05,GWN,3,BACKBONE,"t=209 [PHASE_RX] Listening (Q_fwd=6; Q_local=0)"
FF05,GWN,3,BACKBONE,"t=209 [RX_FWD] Encrypted CMD.5 from Child FF08 -> Queue for Parent FF0C"
FF05,GWN,3,BACKBONE,"t=209 [Q_FWD] Queued CMD.5 (size=7/15)"
FF05,GWN,3,BACKBONE,"t=210 [DEQUEUE] From Q_fwd (waited 15 TFs)"
FF05,GWN,3,BACKBONE,"t=210 [PHASE_TX] Sent CMD.5 -> FF0C (Q_fwd=6; Q_local=0)"
FF05,GWN,3,BACKBONE,"t=211 [DEQUEUE] From Q_fwd (waited 10 TFs)"
FF05,GWN,3,BACKBONE,"t=211 [PHASE_TX] Sent CMD.5 -> FF0C (Q_fwd=5; Q_local=0)"
FF05,GWN,3,BACKBONE,"t=212 [DEQUEUE] From Q_fwd (waited 10 TFs)"
FF05,GWN,3,BACKBONE,"t=212 [PHASE_TX] Sent CMD.5 -> FF0C (Q_fwd=4; Q_local=0)"
FF05,GWN,3,BACKBONE,"t=213 [PHASE_RX] Listening (Q_fwd=4; Q_local=0)"
FF05,GWN,3,BACKBONE,"t=213 [RX_FWD] Encrypted CMD.5 from Child FF08 -> Queue for Parent FF0C"
FF05,GWN,3,BACKBONE,"t=213 [Q_FWD] Queued CMD.5 (size=5/15)"
FF05,GWN,3,BACKBONE,"t=214 [PHASE_RX] Listening (Q_fwd=5; Q_local=0)"
FF05,GWN,3,BACKBONE,"t=214 [RX_FWD] Encrypted CMD.5 from Child FF08 -> Queue for Parent FF0C"
FF05,GWN,3,BACKBONE,"t=214 [Q_FWD] Queued CMD.5 (size=6/15)"
FF05,GWN,3,BACKBONE,"t=215 [PHASE_RX] Listening (Q_fwd=6; Q_local=0)"
FF05,GWN,3,BACKBONE,"t=215 [RX_FWD] Encrypted CMD.5 from Child FF08 -> Queue for Parent FF0C"
FF05,GWN,3,BACKBONE,"t=215 [Q_FWD] Queued CMD.5 (size=7/15)"
FF05,GWN,3,BACKBONE,"t=216 [DEQUEUE] From Q_fwd (waited 13 TFs)"
FF05,GWN,3,BACKBONE,"t=216 [PHASE_TX] Sent CMD.5 -> FF0C (Q_fwd=6; Q_local=0)"
FF05,GWN,3,BACKBONE,"t=216 [PHY] Neighbour count: 23->24"
FF05,GWN,3,BACKBONE,"t=217 [DEQUEUE] From Q_fwd (waited 10 TFs)"
FF05,GWN,3,BACKBONE,"t=217 [PHASE_TX] Sent HB.3 -> FF0C (Q_fwd=5; Q_local=0)"
FF05,GWN,3,BACKBONE,"t=218 [DEQUEUE] From Q_fwd (waited 10 TFs)"
FF05,GWN,3,BACKBONE,"t=218 [PHASE_TX] Sent CMD.5 -> FF0C (Q_fwd=4; Q_local=0)"
FF05,GWN,3,BACKBONE,"t=219 [PHASE_RX] Listening (Q_fwd=4; Q_local=0)"
FF05,GWN,3,BACKBONE,"t=219 [RX_FWD] Encrypted CMD.5 from Child FF08 -> Queue for Parent FF0C"
FF05,GWN,3,BACKBONE,"t=219 [Q_FWD] Queued CMD.5 (size=5/15)"
FF05,GWN,3,BACKBONE,"t=220 [PHASE_RX] Listening (Q_fwd=5; Q_local=0)"
FF05,GWN,3,BACKBONE,"t=220 [RX_FWD] Encrypted CMD.5 from Child FF08 -> Queue for Parent FF0C"
FF05,GWN,3,BACKBONE,"t=220 [Q_FWD] Queued CMD.5 (size=6/15)"
FF05,GWN,3,BACKBONE,"t=221 [PHASE_RX] Listening (Q_fwd=6; Q_local=0)"
FF05,GWN,3,BACKBONE,"t=221 [RX_FWD] Encrypted CMD.5 from Child FF08 -> Queue for Parent FF0C"
FF05,GWN,3,BACKBONE,"t=221 [Q_FWD] Queued CMD.5 (size=7/15)"
FF05,GWN,3,BACKBONE,"t=222 [DEQUEUE] From Q_fwd (waited 13 TFs)"
FF05,GWN,3,BACKBONE,"t=222 [PHASE_TX] Sent CMD.5 -> FF0C (Q_fwd=6; Q_local=0)"
FF05,GWN,3,BACKBONE,"t=223 [DEQUEUE] From Q_fwd (waited 10 TFs)"
FF05,GWN,3,BACKBONE,"t=223 [PHASE_TX] Sent CMD.5 -> FF0C (Q_fwd=5; Q_local=0)"
FF05,GWN,3,BACKBONE,"t=224 [DEQUEUE] From Q_fwd (waited 10 TFs)"
FF05,GWN,3,BACKBONE,"t=224 [PHASE_TX] Sent CMD.5 -> FF0C (Q_fwd=4; Q_local=0)"
FF05,GWN,3,BACKBONE,"t=225 [PHASE_RX] Listening (Q_fwd=4; Q_local=0)"
FF05,GWN,3,BACKBONE,"t=225 [RX_FWD] Encrypted CMD.5 from Child FF08 -> Queue for Parent FF0C"
FF05,GWN,3,BACKBONE,"t=225 [Q_FWD] Queued CMD.5 (size=5/15)"
FF05,GWN,3,BACKBONE,"t=226 [PHASE_RX] Listening (Q_fwd=5; Q_local=0)"
FF05,GWN,3,BACKBONE,"t=226 [RX_FWD] Encrypted CMD.5 from Child FF08 -> Queue for Parent FF0C"
FF05,GWN,3,BACKBONE,"t=226 [Q_FWD] Queued CMD.5 (size=6/15)"
FF05,GWN,3,BACKBONE,"t=227 [PHASE_RX] Listening (Q_fwd=6; Q_local=0)"
FF05,GWN,3,BACKBONE,"t=227 [RX_FWD] Encrypted CMD.5 from Child FF08 -> Queue for Parent FF0C"
FF05,GWN,3,BACKBONE,"t=227 [Q_FWD] Queued CMD.5 (size=7/15)"
FF05,GWN,3,BACKBONE,"t=228 [DEQUEUE] From Q_fwd (waited 13 TFs)"
FF05,GWN,3,BACKBONE,"t=228 [PHASE_TX] Sent CMD.5 -> FF0C (Q_fwd=6; Q_local=0)"
FF05,GWN,3,BACKBONE,"t=229 [DEQUEUE] From Q_fwd (waited 10 TFs)"
FF05,GWN,3,BACKBONE,"t=229 [PHASE_TX] Sent CMD.5 -> FF0C (Q_fwd=5; Q_local=0)"
FF05,GWN,3,BACKBONE,"t=230 [DEQUEUE] From Q_fwd (waited 10 TFs)"
FF05,GWN,3,BACKBONE,"t=230 [PHASE_TX] Sent CMD.5 -> FF0C (Q_fwd=4; Q_local=0)"
FF05,GWN,3,BACKBONE,"t=231 [PHASE_RX] Listening (Q_fwd=4; Q_local=0)"
FF05,GWN,3,BACKBONE,"t=231 [RX_FWD] Encrypted CMD.5 from Child FF08 -> Queue for Parent FF0C"
FF05,GWN,3,BACKBONE,"t=231 [Q_FWD] Queued CMD.5 (size=5/15)"
FF05,GWN,3,BACKBONE,"t=232 [PHASE_RX] Listening (Q_fwd=5; Q_local=0)"
FF05,GWN,3,BACKBONE,"t=232 [RX_FWD] Encrypted CMD.5 from Child FF08 -> Queue for Parent FF0C"
FF05,GWN,3,BACKBONE,"t=232 [Q_FWD] Queued CMD.5 (size=6/15)"
FF05,GWN,3,BACKBONE,"t=233 [PHASE_RX] Listening (Q_fwd=6; Q_local=0)"
FF05,GWN,3,BACKBONE,"t=233 [RX_FWD] Encrypted CMD.5 from Child FF08 -> Queue for Parent FF0C"
FF05,GWN,3,BACKBONE,"t=233 [Q_FWD] Queued CMD.5 (size=7/15)"
FF05,GWN,3,BACKBONE,"t=234 [DEQUEUE] From Q_fwd (waited 13 TFs)"
FF05,GWN,3,BACKBONE,"t=234 [PHASE_TX] Sent CMD.5 -> FF0C (Q_fwd=6; Q_local=0)"
FF05,GWN,3,BACKBONE,"t=235 [DEQUEUE] From Q_fwd (waited 10 TFs)"
FF05,GWN,3,BACKBONE,"t=235 [PHASE_TX] Sent CMD.5 -> FF0C (Q_fwd=5; Q_local=0)"
FF05,GWN,3,BACKBONE,"t=236 [DEQUEUE] From Q_fwd (waited 10 TFs)"
FF05,GWN,3,BACKBONE,"t=236 [PHASE_TX] Sent CMD.5 -> FF0C (Q_fwd=4; Q_local=0)"
FF05,GWN,3,BACKBONE,"t=237 [PHASE_RX] Listening (Q_fwd=4; Q_local=0)"
FF05,GWN,3,BACKBONE,"t=237 [RX_FWD] Encrypted CMD.5 from Child FF08 -> Queue for Parent FF0C"
FF05,GWN,3,BACKBONE,"t=237 [Q_FWD] Queued CMD.5 (size=5/15)"
FF05,GWN,3,BACKBONE,"t=238 [PHASE_RX] Listening (Q_fwd=5; Q_local=0)"
FF05,GWN,3,BACKBONE,"t=238 [RX_FWD] Encrypted CMD.5 from Child FF08 -> Queue for Parent FF0C"
FF05,GWN,3,BACKBONE,"t=238 [Q_FWD] Queued CMD.5 (size=6/15)"
FF05,GWN,3,BACKBONE,"t=239 [PHASE_RX] Listening (Q_fwd=6; Q_local=0)"
FF05,GWN,3,BACKBONE,"t=239 [RX_FWD] Encrypted CMD.5 from Child FF08 -> Queue for Parent FF0C"
FF05,GWN,3,BACKBONE,"t=239 [Q_FWD] Queued CMD.5 (size=7/15)"
FF05,GWN,3,BACKBONE,"t=240 [DEQUEUE] From Q_fwd (waited 13 TFs)"
FF05,GWN,3,BACKBONE,"t=240 [PHASE_TX] Sent CMD.5 -> FF0C (Q_fwd=6; Q_local=0)"
FF05,GWN,3,BACKBONE,"t=241 [DEQUEUE] From Q_fwd (waited 10 TFs)"
FF05,GWN,3,BACKBONE,"t=241 [PHASE_TX] Sent CMD.5 -> FF0C (Q_fwd=5; Q_local=0)"
FF05,GWN,3,BACKBONE,"t=242 [DEQUEUE] From Q_fwd (waited 10 TFs)"
FF05,GWN,3,BACKBONE,"t=242 [PHASE_TX] Sent CMD.5 -> FF0C (Q_fwd=4; Q_local=0)"
FF05,GWN,3,BACKBONE,"t=243 [PHASE_RX] Listening (Q_fwd=4; Q_local=0)"
FF05,GWN,3,BACKBONE,"t=243 [RX_FWD] Encrypted CMD.5 from Child FF08 -> Queue for Parent FF0C"
FF05,GWN,3,BACKBONE,"t=243 [Q_FWD] Queued CMD.5 (size=5/15)"
FF05,GWN,3,BACKBONE,"t=244 [PHASE_RX] Listening (Q_fwd=5; Q_local=0)"
FF05,GWN,3,BACKBONE,"t=244 [RX_FWD] Encrypted CH_HELLO.1 from Child FF08 -> Queue for Parent FF0C"
FF05,GWN,3,BACKBONE,"t=244 [Q_FWD] Queued CH_HELLO.1 (size=6/15)"
FF05,GWN,3,BACKBONE,"t=245 [PHASE_RX] Listening (Q_fwd=6; Q_local=0)"
FF05,GWN,3,BACKBONE,"t=245 [RX_FWD] Encrypted CH_HELLO.1 from Child FF08 -> Queue for Parent FF0C"
FF05,GWN,3,BACKBONE,"t=245 [Q_FWD] Queued CH_HELLO.1 (size=7/15)"
FF05,GWN,3,BACKBONE,"t=246 [DEQUEUE] From Q_fwd (waited 13 TFs)"
FF05,GWN,3,BACKBONE,"t=246 [PHASE_TX] Sent CMD.5 -> FF0C (Q_fwd=6; Q_local=0)"
FF05,GWN,3,BACKBONE,"t=247 [DEQUEUE] From Q_fwd (waited 10 TFs)"
FF05,GWN,3,BACKBONE,"t=247 [PHASE_TX] Sent CMD.5 -> FF0C (Q_fwd=5; Q_local=0)"
FF05,GWN,3,BACKBONE,"t=248 [DEQUEUE] From Q_fwd (waited 10 TFs)"
FF05,GWN,3,BACKBONE,"t=248 [PHASE_TX] Sent CMD.5 -> FF0C (Q_fwd=4; Q_local=0)"
FF05,GWN,3,BACKBONE,"t=249 [PHASE_RX] Listening (Q_fwd=4; Q_local=0)"
FF05,GWN,3,BACKBONE,"t=249 [RX_FWD] Encrypted CMD.5 from Child FF08 -> Queue for Parent FF0C"
FF05,GWN,3,BACKBONE,"t=249 [Q_FWD] Queued CMD.5 (size=5/15)"
FF05,GWN,3,ACCESS,"t=4 [PHY] Neighbour count: 2->3"
FF05,GWN,3,ACCESS,"t=5 [PHY] Neighbour count: 3->4"
FF05,GWN,3,ACCESS,"t=6 [PHY] Neighbour count: 4->5"
FF05,GWN,3,ACCESS,"t=7 [PHY] Neighbour count: 5->6"
FF05,GWN,3,ACCESS,"t=10 [HELLO_TX] bcast battery=100.0%"
FF05,GWN,3,ACCESS,"t=10 [PHY] Neighbour count: 6->7"
FF05,GWN,3,ACCESS,"t=11 [PHY] Neighbour count: 7->8"
FF05,GWN,3,ACCESS,"t=13 [PHY] Neighbour count: 8->9"
FF05,GWN,3,ACCESS,"t=16 [HELLO_TX] bcast battery=100.0%"
FF05,GWN,3,ACCESS,"t=18 [PHY] Neighbour count: 9->10"
FF05,GWN,3,ACCESS,"t=20 [PHY] Neighbour count: 10->11"
FF05,GWN,3,ACCESS,"t=21 [HELLO_TX] bcast battery=100.0%"
FF05,GWN,3,ACCESS,"t=22 [PHY] Neighbour count: 11->12"
FF05,GWN,3,ACCESS,"t=23 [PHY] Neighbour count: 12->13"
FF05,GWN,3,ACCESS,"t=27 [PHY] Neighbour count: 13->14"
FF05,GWN,3,ACCESS,"t=28 [PHY] Neighbour count: 14->15"
FF05,GWN,3,ACCESS,"t=29 [HELLO_TX] bcast battery=100.0%"
FF05,GWN,3,ACCESS,"t=30 [PHY] Neighbour count: 15->16"
FF05,GWN,3,ACCESS,"t=35 [PHY] Neighbour count: 16->17"
FF05,GWN,3,ACCESS,"t=37 [HELLO_TX] bcast battery=100.0%"
FF05,GWN,3,ACCESS,"t=39 [PHY] Neighbour count: 17->18"
FF05,GWN,3,ACCESS,"t=40 [PHY] Neighbour count: 18->19"
FF05,GWN,3,ACCESS,"t=41 [HELLO_TX] bcast battery=100.0%"
FF05,GWN,3,ACCESS,"t=46 [HELLO_TX] bcast battery=100.0%"
FF05,GWN,3,ACCESS,"t=52 [HELLO_TX] bcast battery=100.0%"
FF05,GWN,3,ACCESS,"t=56 [PHY] Neighbour count: 19->20"
FF05,GWN,3,ACCESS,"t=58 [HELLO_TX] bcast battery=100.0%"
FF05,GWN,3,ACCESS,"t=62 [PHY] Neighbour count: 20->21"
FF05,GWN,3,ACCESS,"t=63 [PHY] Neighbour count: 21->22"
FF05,GWN,3,ACCESS,"t=65 [HELLO_TX] bcast battery=100.0%"
FF05,GWN,3,ACCESS,"t=73 [HELLO_TX] bcast battery=100.0%"
FF05,GWN,3,ACCESS,"t=80 [HELLO_TX] bcast battery=100.0%"
FF05,GWN,3,ACCESS,"t=86 [HELLO_TX] bcast battery=100.0%"
FF05,GWN,3,ACCESS,"t=95 [HELLO_TX] bcast battery=100.0%"
FF05,GWN,3,ACCESS,"t=105 [HELLO_TX] bcast battery=100.0%"
FF05,GWN,3,ACCESS,"t=111 [HELLO_TX] bcast battery=100.0%"
FF05,GWN,3,ACCESS,"t=118 [HELLO_TX] bcast battery=100.0%"
FF05,GWN,3,ACCESS,"t=123 [HELLO_TX] bcast battery=100.0%"
FF05,GWN,3,ACCESS,"t=132 [HELLO_TX] bcast battery=100.0%"
FF05,GWN,3,ACCESS,"t=138 [HELLO_TX] bcast battery=100.0%"
FF05,GWN,3,ACCESS,"t=142 [HELLO_TX] bcast battery=100.0%"
FF05,GWN,3,ACCESS,"t=146 [HELLO_TX] bcast battery=100.0%"
FF05,GWN,3,ACCESS,"t=154 [HELLO_TX] bcast battery=100.0%"
FF05,GWN,3,ACCESS,"t=163 [HELLO_TX] bcast battery=100.0%"
FF05,GWN,3,ACCESS,"t=169 [HELLO_TX] bcast battery=100.0%"
FF05,GWN,3,ACCESS,"t=174 [HELLO_TX] bcast battery=100.0%"
FF05,GWN,3,ACCESS,"t=184 [HELLO_TX] bcast battery=100.0%"
FF05,GWN,3,ACCESS,"t=190 [HELLO_TX] bcast battery=100.0%"
FF05,GWN,3,ACCESS,"t=199 [HELLO_TX] bcast battery=100.0%"
FF05,GWN,3,ACCESS,"t=208 [HELLO_TX] bcast battery=100.0%"
FF05,GWN,3,ACCESS,"t=212 [HELLO_TX] bcast battery=100.0%"
FF05,GWN,3,ACCESS,"t=216 [PHY] Neighbour count: 23->24"
FF05,GWN,3,ACCESS,"t=220 [HELLO_TX] bcast battery=100.0%"
FF05,GWN,3,ACCESS,"t=227 [HELLO_TX] bcast battery=100.0%"
FF05,GWN,3,ACCESS,"t=237 [HELLO_TX] bcast battery=100.0%"
FF05,GWN,3,ACCESS,"t=243 [HELLO_TX] bcast battery=100.0%"
FF05,GWN,3,ACCESS,"t=247 [HELLO_TX] bcast battery=100.0%"
FF05,GWN,3,UNIFIED,"t=3 [PHY] Neighbor count=1"
FF05,GWN,3,UNIFIED,"t=4 [PHY] Neighbor count=2"
FF05,GWN,3,UNIFIED,"t=4 [PHY] Neighbour count: 2->3"
FF05,GWN,3,UNIFIED,"t=5 [PHY] Neighbor count=3"
FF05,GWN,3,UNIFIED,"t=5 [PHY] Neighbour count: 3->4"
FF05,GWN,3,UNIFIED,"t=6 [PHY] Neighbor count=4"
FF05,GWN,3,UNIFIED,"[BB] t=6 [TX] HB.0 -> <BCAST>"
FF05,GWN,3,UNIFIED,"t=6 [PHY] Neighbour count: 4->5"
FF05,GWN,3,UNIFIED,"t=7 [PHY] Neighbor count=5"
FF05,GWN,3,UNIFIED,"t=7 [PHY] Neighbour count: 5->6"
FF05,GWN,3,UNIFIED,"t=8 [PHY] Neighbor count=6"
FF05,GWN,3,UNIFIED,"[AC] t=10 [HELLO_TX] bcast battery=100.0%"
FF05,GWN,3,UNIFIED,"t=10 [PHY] Neighbour count: 6->7"
FF05,GWN,3,UNIFIED,"t=11 [PHY] Neighbor count=7"
FF05,GWN,3,UNIFIED,"t=11 [PHY] Neighbour count: 7->8"
FF05,GWN,3,UNIFIED,"t=12 [PHY] Neighbor count=8"
FF05,GWN,3,UNIFIED,"[BB] t=13 [TX] HB.0 -> <BCAST>"
FF05,GWN,3,UNIFIED,"t=13 [PHY] Neighbour count: 8->9"
FF05,GWN,3,UNIFIED,"t=14 [PHY] Neighbor count=9"
FF05,GWN,3,UNIFIED,"[AC] t=16 [HELLO_TX] bcast battery=100.0%"
FF05,GWN,3,UNIFIED,"t=18 [PHY] Neighbour count: 9->10"
FF05,GWN,3,UNIFIED,"t=19 [PHY] Neighbor count=10"
FF05,GWN,3,UNIFIED,"[BB] t=20 [TX] HB.0 -> <BCAST>"
FF05,GWN,3,UNIFIED,"t=20 [PHY] Neighbour count: 10->11"
FF05,GWN,3,UNIFIED,"t=21 [PHY] Neighbor count=11"
FF05,GWN,3,UNIFIED,"[AC] t=21 [HELLO_TX] bcast battery=100.0%"
FF05,GWN,3,UNIFIED,"t=22 [STATE] BOOT→DISCOVERY (neighbors=11)"
FF05,GWN,3,UNIFIED,"t=22 [PHY] Neighbour count: 11->12"
FF05,GWN,3,UNIFIED,"t=23 [PHY] Neighbor count=12"
FF05,GWN,3,UNIFIED,"t=23 [PHY] Neighbour count: 12->13"
FF05,GWN,3,UNIFIED,"t=24 [PHY] Neighbor count=13"
FF05,GWN,3,UNIFIED,"[BB] t=27 [TX] HB.1 -> <BCAST>"
FF05,GWN,3,UNIFIED,"t=27 [PHY] Neighbour count: 13->14"
FF05,GWN,3,UNIFIED,"t=28 [PHY] Neighbor count=14"
FF05,GWN,3,UNIFIED,"t=28 [PHY] Neighbour count: 14->15"
FF05,GWN,3,UNIFIED,"t=29 [PHY] Neighbor count=15"
FF05,GWN,3,UNIFIED,"[AC] t=29 [HELLO_TX] bcast battery=100.0%"
FF05,GWN,3,UNIFIED,"t=30 [PHY] Neighbour count: 15->16"
FF05,GWN,3,UNIFIED,"t=31 [PHY] Neighbor count=16"
FF05,GWN,3,UNIFIED,"[BB] t=31 [RX] CMD.0 <- FF0C RSSI=3.9"
FF05,GWN,3,UNIFIED,"[BB] t=31 [TX] CMD.1 -> FF0C"
FF05,GWN,3,UNIFIED,"[BB] t=31 [TX] CMD.1 -> FF0C"
FF05,GWN,3,UNIFIED,"[BB] t=31 [STATE] DISCOVERY -> HANDSHAKE"
FF05,GWN,3,UNIFIED,"[BB] [LOCK][SET] partner=FF0C timeout=6"
FF05,GWN,3,UNIFIED,"[BB] t=31 [HANDSHAKE] Lock set with FF0C (timer=6)"
FF05,GWN,3,UNIFIED,"[BB] t=35 [RX] CMD.2 <- FF0C RSSI=3.9"
FF05,GWN,3,UNIFIED,"[BB] [LOCK][REFRESH] partner=FF0C timeout=6"
FF05,GWN,3,UNIFIED,"[BB] [LOCK][SET] partner=FF0C timeout=6"
FF05,GWN,3,UNIFIED,"[BB] t=35 [PARENT] Set parent -> FF0C"
FF05,GWN,3,UNIFIED,"t=35 [PHY] Neighbour count: 16->17"
FF05,GWN,3,UNIFIED,"t=36 [PHY] Neighbor count=17"
FF05,GWN,3,UNIFIED,"[BB] t=36 [RX] CMD.4 <- FF0C RSSI=3.9"
FF05,GWN,3,UNIFIED,"[BB] [LOCK][REFRESH] partner=FF0C timeout=6"
FF05,GWN,3,UNIFIED,"[BB] t=36 [PHASE] Inherited phaseOffset=0 from parent FF0C"
FF05,GWN,3,UNIFIED,"[BB] t=36 [ENC_HELLO] TX: gwCh=0; chCh=0; secCh=0; sn=0 (encrypted)"
FF05,GWN,3,UNIFIED,"[BB] t=36 [TX] CMD.5 -> FF0C"
FF05,GWN,3,UNIFIED,"[BB] [LOCK][CLEAR][ENC_HELLO_TX] partner=FF0C"
FF05,GWN,3,UNIFIED,"[BB] t=36 [HANDSHAKE] Lock cleared (was with FF0C)"
FF05,GWN,3,UNIFIED,"[AC] t=37 [HELLO_TX] bcast battery=100.0%"
FF05,GWN,3,UNIFIED,"t=39 [PHY] Neighbour count: 17->18"
FF05,GWN,3,UNIFIED,"t=40 [PHY] Neighbor count=18"
FF05,GWN,3,UNIFIED,"t=40 [RECRUIT] INIT(1/4) -> FF08"
FF05,GWN,3,UNIFIED,"[BB] [LOCK][SET] partner=FF08 timeout=6"
FF05,GWN,3,UNIFIED,"[BB] t=40 [HANDSHAKE] Lock set with FF08 (timer=6)"
FF05,GWN,3,UNIFIED,"[BB] [LOCK][SET] partner=FF08 timeout=6"
FF05,GWN,3,UNIFIED,"[BB] t=40 [TX] CMD.0 -> FF08"
FF05,GWN,3,UNIFIED,"t=40 [PHY] Neighbour count: 18->19"
FF05,GWN,3,UNIFIED,"t=41 [PHY] Neighbor count=19"
FF05,GWN,3,UNIFIED,"[AC] t=41 [HELLO_TX] bcast battery=100.0%"
FF05,GWN,3,UNIFIED,"[BB] t=42 [RX] CMD.1 <- FF08 RSSI=2.8"
FF05,GWN,3,UNIFIED,"[BB] [LOCK][REFRESH] partner=FF08 timeout=6"
FF05,GWN,3,UNIFIED,"[BB] t=42 [TX] CMD.2 -> FF08"
FF05,GWN,3,UNIFIED,"[BB] [LOCK][REFRESH] partner=FF08 timeout=6"
FF05,GWN,3,UNIFIED,"[BB] t=42 [HANDSHAKE] FF08 added to pendingChildren (awaiting ENC_HELLO)"
FF05,GWN,3,UNIFIED,"[BB] t=42 [TX] CMD.4 -> FF08"
FF05,GWN,3,UNIFIED,"[BB] t=42 [PHASE] Sending phaseOffset=1 to child FF08 (self=0)"
FF05,GWN,3,UNIFIED,"[BB] [LOCK][REFRESH] partner=FF08 timeout=6"
FF05,GWN,3,UNIFIED,"[BB] [LOCK][SET] partner=FF08 timeout=6"
FF05,GWN,3,UNIFIED,"[BB] t=46 [ENC_HELLO] TX: gwCh=0; chCh=0; secCh=0; sn=0 (encrypted)"
FF05,GWN,3,UNIFIED,"[BB] t=46 [ENC_HELLO] Retry 1/3 sent (next at t=66)"
FF05,GWN,3,UNIFIED,"[AC] t=46 [HELLO_TX] bcast battery=100.0%"
FF05,GWN,3,UNIFIED,"[BB] t=47 [RX] CMD.5 <- FF08 RSSI=2.8"
FF05,GWN,3,UNIFIED,"[BB] t=47 [HANDSHAKE] FF08 promoted to children (ENC_HELLO received)"
FF05,GWN,3,UNIFIED,"[BB] [LOCK][CLEAR][ENC_HELLO_RX] partner=FF08"
FF05,GWN,3,UNIFIED,"[BB] t=47 [TX] CMD.5 -> FF0C"
FF05,GWN,3,UNIFIED,"[BB] t=47 [HANDSHAKE] Lock cleared (was with FF08)"
FF05,GWN,3,UNIFIED,"[BB] t=47 [RETRY] Reset retry state for FF08 (now child)"
FF05,GWN,3,UNIFIED,"[BB] t=47 [STATE] HANDSHAKE -> SECURE"
FF05,GWN,3,UNIFIED,"[AC] t=52 [HELLO_TX] bcast battery=100.0%"
FF05,GWN,3,UNIFIED,"[BB] t=55 [RX_FWD] Encrypted CMD.5 from Child FF08 -> Queue for Parent FF0C"
FF05,GWN,3,UNIFIED,"[BB] t=55 [Q_FWD] Queued CMD.5 (size=1/15)"
FF05,GWN,3,UNIFIED,"t=56 [PHY] Neighbour count: 19->20"
FF05,GWN,3,UNIFIED,"t=57 [PHY] Neighbor count=20"
FF05,GWN,3,UNIFIED,"[AC] t=58 [HELLO_TX] bcast battery=100.0%"
FF05,GWN,3,UNIFIED,"[BB] t=58 [RX_FWD] Encrypted CMD.5 from Child FF08 -> Queue for Parent FF0C"
FF05,GWN,3,UNIFIED,"[BB] t=58 [Q_FWD] Queued CMD.5 (size=2/15)"
FF05,GWN,3,UNIFIED,"t=62 [PHY] Neighbour count: 20->21"
FF05,GWN,3,UNIFIED,"t=63 [PHY] Neighbor count=21"
FF05,GWN,3,UNIFIED,"t=63 [PHY] Neighbour count: 21->22"
FF05,GWN,3,UNIFIED,"t=64 [PHY] Neighbor count=22"
FF05,GWN,3,UNIFIED,"[AC] t=65 [HELLO_TX] bcast battery=100.0%"
FF05,GWN,3,UNIFIED,"[BB] t=66 [ENC_HELLO] TX: gwCh=1; chCh=0; secCh=0; sn=0 (encrypted)"
FF05,GWN,3,UNIFIED,"[BB] t=66 [ENC_HELLO] Retry 2/3 sent (next at t=106)"
FF05,GWN,3,UNIFIED,"[AC] t=73 [HELLO_TX] bcast battery=100.0%"
FF05,GWN,3,UNIFIED,"[BB] t=75 [RX_FWD] Encrypted CMD.5 from Child FF08 -> Queue for Parent FF0C"
FF05,GWN,3,UNIFIED,"[BB] t=75 [Q_FWD] Queued CMD.5 (size=3/15)"
FF05,GWN,3,UNIFIED,"[AC] t=80 [HELLO_TX] bcast battery=100.0%"
FF05,GWN,3,UNIFIED,"[AC] t=86 [HELLO_TX] bcast battery=100.0%"
FF05,GWN,3,UNIFIED,"[AC] t=95 [HELLO_TX] bcast battery=100.0%"
FF05,GWN,3,UNIFIED,"[AC] t=105 [HELLO_TX] bcast battery=100.0%"
FF05,GWN,3,UNIFIED,"[BB] t=106 [ENC_HELLO] TX: gwCh=1; chCh=0; secCh=0; sn=0 (encrypted)"
FF05,GWN,3,UNIFIED,"[BB] t=106 [ENC_HELLO] Retry 3/3 sent (next at t=186)"
FF05,GWN,3,UNIFIED,"t=111 [PHY] Neighbor count=23"
FF05,GWN,3,UNIFIED,"[AC] t=111 [HELLO_TX] bcast battery=100.0%"
FF05,GWN,3,UNIFIED,"[BB] t=115 [RX_FWD] Encrypted CMD.5 from Child FF08 -> Queue for Parent FF0C"
FF05,GWN,3,UNIFIED,"[BB] t=115 [Q_FWD] Queued CMD.5 (size=4/15)"
FF05,GWN,3,UNIFIED,"[AC] t=118 [HELLO_TX] bcast battery=100.0%"
FF05,GWN,3,UNIFIED,"[AC] t=123 [HELLO_TX] bcast battery=100.0%"
FF05,GWN,3,UNIFIED,"[AC] t=132 [HELLO_TX] bcast battery=100.0%"
FF05,GWN,3,UNIFIED,"[AC] t=138 [HELLO_TX] bcast battery=100.0%"
FF05,GWN,3,UNIFIED,"[AC] t=142 [HELLO_TX] bcast battery=100.0%"
FF05,GWN,3,UNIFIED,"[AC] t=146 [HELLO_TX] bcast battery=100.0%"
FF05,GWN,3,UNIFIED,"[AC] t=154 [HELLO_TX] bcast battery=100.0%"
FF05,GWN,3,UNIFIED,"[AC] t=163 [HELLO_TX] bcast battery=100.0%"
FF05,GWN,3,UNIFIED,"[AC] t=169 [HELLO_TX] bcast battery=100.0%"
FF05,GWN,3,UNIFIED,"[AC] t=174 [HELLO_TX] bcast battery=100.0%"
FF05,GWN,3,UNIFIED,"[AC] t=184 [HELLO_TX] bcast battery=100.0%"
FF05,GWN,3,UNIFIED,"[BB] t=186 [ENC_HELLO] TX: gwCh=1; chCh=0; secCh=0; sn=0 (encrypted)"
FF05,GWN,3,UNIFIED,"[BB] t=186 [ENC_HELLO] Registry refresh #1 sent (next at t=266)"
FF05,GWN,3,UNIFIED,"[AC] t=190 [HELLO_TX] bcast battery=100.0%"
FF05,GWN,3,UNIFIED,"[BB] t=195 [RX_FWD] Encrypted CMD.5 from Child FF08 -> Queue for Parent FF0C"
FF05,GWN,3,UNIFIED,"[BB] t=195 [Q_FWD] Queued CMD.5 (size=5/15)"
FF05,GWN,3,UNIFIED,"[AC] t=199 [HELLO_TX] bcast battery=100.0%"
FF05,GWN,3,UNIFIED,"[BB] t=200 [DEQUEUE] From Q_fwd (waited 145 TFs)"
FF05,GWN,3,UNIFIED,"[BB] t=200 [PHASE_TX] Sent CMD.5 -> FF0C (Q_fwd=4; Q_local=0)"
FF05,GWN,3,UNIFIED,"[BB] t=201 [PHASE_RX] Listening (Q_fwd=4; Q_local=0)"
FF05,GWN,3,UNIFIED,"[BB] t=201 [RX_FWD] Encrypted CMD.5 from Child FF08 -> Queue for Parent FF0C"
FF05,GWN,3,UNIFIED,"[BB] t=201 [Q_FWD] Queued CMD.5 (size=5/15)"
FF05,GWN,3,UNIFIED,"[BB] t=202 [PHASE_RX] Listening (Q_fwd=5; Q_local=0)"
FF05,GWN,3,UNIFIED,"[BB] t=202 [RX_FWD] Encrypted CMD.5 from Child FF08 -> Queue for Parent FF0C"
FF05,GWN,3,UNIFIED,"[BB] t=202 [Q_FWD] Queued CMD.5 (size=6/15)"
FF05,GWN,3,UNIFIED,"[BB] t=203 [PHASE_RX] Listening (Q_fwd=6; Q_local=0)"
FF05,GWN,3,UNIFIED,"[BB] t=203 [RX_FWD] Encrypted CMD.5 from Child FF08 -> Queue for Parent FF0C"
FF05,GWN,3,UNIFIED,"[BB] t=203 [Q_FWD] Queued CMD.5 (size=7/15)"
FF05,GWN,3,UNIFIED,"[BB] t=204 [DEQUEUE] From Q_fwd (waited 146 TFs)"
FF05,GWN,3,UNIFIED,"[BB] t=204 [PHASE_TX] Sent CMD.5 -> FF0C (Q_fwd=6; Q_local=0)"
FF05,GWN,3,UNIFIED,"[BB] t=205 [DEQUEUE] From Q_fwd (waited 130 TFs)"
FF05,GWN,3,UNIFIED,"[BB] t=205 [PHASE_TX] Sent CMD.5 -> FF0C (Q_fwd=5; Q_local=0)"
FF05,GWN,3,UNIFIED,"[BB] t=206 [DEQUEUE] From Q_fwd (waited 91 TFs)"
FF05,GWN,3,UNIFIED,"[BB] t=206 [PHASE_TX] Sent CMD.5 -> FF0C (Q_fwd=4; Q_local=0)"
FF05,GWN,3,UNIFIED,"[BB] t=207 [PHASE_RX] Listening (Q_fwd=4; Q_local=0)"
FF05,GWN,3,UNIFIED,"[BB] t=207 [RX_FWD] Encrypted HB.3 from Child FF08 -> Queue for Parent FF0C"
FF05,GWN,3,UNIFIED,"[BB] t=207 [Q_FWD] Queued HB.3 (size=5/15)"
FF05,GWN,3,UNIFIED,"[BB] t=208 [PHASE_RX] Listening (Q_fwd=5; Q_local=0)"
FF05,GWN,3,UNIFIED,"[AC] t=208 [HELLO_TX] bcast battery=100.0%"
FF05,GWN,3,UNIFIED,"[BB] t=208 [RX_FWD] Encrypted CMD.5 from Child FF08 -> Queue for Parent FF0C"
FF05,GWN,3,UNIFIED,"[BB] t=208 [Q_FWD] Queued CMD.5 (size=6/15)"
FF05,GWN,3,UNIFIED,"[BB] t=209 [PHASE_RX] Listening (Q_fwd=6; Q_local=0)"
FF05,GWN,3,UNIFIED,"[BB] t=209 [RX_FWD] Encrypted CMD.5 from Child FF08 -> Queue for Parent FF0C"
FF05,GWN,3,UNIFIED,"[BB] t=209 [Q_FWD] Queued CMD.5 (size=7/15)"
FF05,GWN,3,UNIFIED,"[BB] t=210 [DEQUEUE] From Q_fwd (waited 15 TFs)"
FF05,GWN,3,UNIFIED,"[BB] t=210 [PHASE_TX] Sent CMD.5 -> FF0C (Q_fwd=6; Q_local=0)"
FF05,GWN,3,UNIFIED,"[BB] t=211 [DEQUEUE] From Q_fwd (waited 10 TFs)"
FF05,GWN,3,UNIFIED,"[BB] t=211 [PHASE_TX] Sent CMD.5 -> FF0C (Q_fwd=5; Q_local=0)"
FF05,GWN,3,UNIFIED,"[BB] t=212 [DEQUEUE] From Q_fwd (waited 10 TFs)"
FF05,GWN,3,UNIFIED,"[BB] t=212 [PHASE_TX] Sent CMD.5 -> FF0C (Q_fwd=4; Q_local=0)"
FF05,GWN,3,UNIFIED,"[AC] t=212 [HELLO_TX] bcast battery=100.0%"
FF05,GWN,3,UNIFIED,"[BB] t=213 [PHASE_RX] Listening (Q_fwd=4; Q_local=0)"
FF05,GWN,3,UNIFIED,"[BB] t=213 [RX_FWD] Encrypted CMD.5 from Child FF08 -> Queue for Parent FF0C"
FF05,GWN,3,UNIFIED,"[BB] t=213 [Q_FWD] Queued CMD.5 (size=5/15)"
FF05,GWN,3,UNIFIED,"[BB] t=214 [PHASE_RX] Listening (Q_fwd=5; Q_local=0)"
FF05,GWN,3,UNIFIED,"[BB] t=214 [RX_FWD] Encrypted CMD.5 from Child FF08 -> Queue for Parent FF0C"
FF05,GWN,3,UNIFIED,"[BB] t=214 [Q_FWD] Queued CMD.5 (size=6/15)"
FF05,GWN,3,UNIFIED,"[BB] t=215 [PHASE_RX] Listening (Q_fwd=6; Q_local=0)"
FF05,GWN,3,UNIFIED,"[BB] t=215 [RX_FWD] Encrypted CMD.5 from Child FF08 -> Queue for Parent FF0C"
FF05,GWN,3,UNIFIED,"[BB] t=215 [Q_FWD] Queued CMD.5 (size=7/15)"
FF05,GWN,3,UNIFIED,"[BB] t=216 [DEQUEUE] From Q_fwd (waited 13 TFs)"
FF05,GWN,3,UNIFIED,"[BB] t=216 [PHASE_TX] Sent CMD.5 -> FF0C (Q_fwd=6; Q_local=0)"
FF05,GWN,3,UNIFIED,"t=216 [PHY] Neighbour count: 23->24"
FF05,GWN,3,UNIFIED,"t=217 [PHY] Neighbor count=24"
FF05,GWN,3,UNIFIED,"[BB] t=217 [DEQUEUE] From Q_fwd (waited 10 TFs)"
FF05,GWN,3,UNIFIED,"[BB] t=217 [PHASE_TX] Sent HB.3 -> FF0C (Q_fwd=5; Q_local=0)"
FF05,GWN,3,UNIFIED,"[BB] t=218 [DEQUEUE] From Q_fwd (waited 10 TFs)"
FF05,GWN,3,UNIFIED,"[BB] t=218 [PHASE_TX] Sent CMD.5 -> FF0C (Q_fwd=4; Q_local=0)"
FF05,GWN,3,UNIFIED,"[BB] t=219 [PHASE_RX] Listening (Q_fwd=4; Q_local=0)"
FF05,GWN,3,UNIFIED,"[BB] t=219 [RX_FWD] Encrypted CMD.5 from Child FF08 -> Queue for Parent FF0C"
FF05,GWN,3,UNIFIED,"[BB] t=219 [Q_FWD] Queued CMD.5 (size=5/15)"
FF05,GWN,3,UNIFIED,"[BB] t=220 [PHASE_RX] Listening (Q_fwd=5; Q_local=0)"
FF05,GWN,3,UNIFIED,"[AC] t=220 [HELLO_TX] bcast battery=100.0%"
FF05,GWN,3,UNIFIED,"[BB] t=220 [RX_FWD] Encrypted CMD.5 from Child FF08 -> Queue for Parent FF0C"
FF05,GWN,3,UNIFIED,"[BB] t=220 [Q_FWD] Queued CMD.5 (size=6/15)"
FF05,GWN,3,UNIFIED,"[BB] t=221 [PHASE_RX] Listening (Q_fwd=6; Q_local=0)"
FF05,GWN,3,UNIFIED,"[BB] t=221 [RX_FWD] Encrypted CMD.5 from Child FF08 -> Queue for Parent FF0C"
FF05,GWN,3,UNIFIED,"[BB] t=221 [Q_FWD] Queued CMD.5 (size=7/15)"
FF05,GWN,3,UNIFIED,"[BB] t=222 [DEQUEUE] From Q_fwd (waited 13 TFs)"
FF05,GWN,3,UNIFIED,"[BB] t=222 [PHASE_TX] Sent CMD.5 -> FF0C (Q_fwd=6; Q_local=0)"
FF05,GWN,3,UNIFIED,"[BB] t=223 [DEQUEUE] From Q_fwd (waited 10 TFs)"
FF05,GWN,3,UNIFIED,"[BB] t=223 [PHASE_TX] Sent CMD.5 -> FF0C (Q_fwd=5; Q_local=0)"
FF05,GWN,3,UNIFIED,"[BB] t=224 [DEQUEUE] From Q_fwd (waited 10 TFs)"
FF05,GWN,3,UNIFIED,"[BB] t=224 [PHASE_TX] Sent CMD.5 -> FF0C (Q_fwd=4; Q_local=0)"
FF05,GWN,3,UNIFIED,"[BB] t=225 [PHASE_RX] Listening (Q_fwd=4; Q_local=0)"
FF05,GWN,3,UNIFIED,"[BB] t=225 [RX_FWD] Encrypted CMD.5 from Child FF08 -> Queue for Parent FF0C"
FF05,GWN,3,UNIFIED,"[BB] t=225 [Q_FWD] Queued CMD.5 (size=5/15)"
FF05,GWN,3,UNIFIED,"[BB] t=226 [PHASE_RX] Listening (Q_fwd=5; Q_local=0)"
FF05,GWN,3,UNIFIED,"[BB] t=226 [RX_FWD] Encrypted CMD.5 from Child FF08 -> Queue for Parent FF0C"
FF05,GWN,3,UNIFIED,"[BB] t=226 [Q_FWD] Queued CMD.5 (size=6/15)"
FF05,GWN,3,UNIFIED,"[BB] t=227 [PHASE_RX] Listening (Q_fwd=6; Q_local=0)"
FF05,GWN,3,UNIFIED,"[AC] t=227 [HELLO_TX] bcast battery=100.0%"
FF05,GWN,3,UNIFIED,"[BB] t=227 [RX_FWD] Encrypted CMD.5 from Child FF08 -> Queue for Parent FF0C"
FF05,GWN,3,UNIFIED,"[BB] t=227 [Q_FWD] Queued CMD.5 (size=7/15)"
FF05,GWN,3,UNIFIED,"[BB] t=228 [DEQUEUE] From Q_fwd (waited 13 TFs)"
FF05,GWN,3,UNIFIED,"[BB] t=228 [PHASE_TX] Sent CMD.5 -> FF0C (Q_fwd=6; Q_local=0)"
FF05,GWN,3,UNIFIED,"[BB] t=229 [DEQUEUE] From Q_fwd (waited 10 TFs)"
FF05,GWN,3,UNIFIED,"[BB] t=229 [PHASE_TX] Sent CMD.5 -> FF0C (Q_fwd=5; Q_local=0)"
FF05,GWN,3,UNIFIED,"[BB] t=230 [DEQUEUE] From Q_fwd (waited 10 TFs)"
FF05,GWN,3,UNIFIED,"[BB] t=230 [PHASE_TX] Sent CMD.5 -> FF0C (Q_fwd=4; Q_local=0)"
FF05,GWN,3,UNIFIED,"[BB] t=231 [PHASE_RX] Listening (Q_fwd=4; Q_local=0)"
FF05,GWN,3,UNIFIED,"[BB] t=231 [RX_FWD] Encrypted CMD.5 from Child FF08 -> Queue for Parent FF0C"
FF05,GWN,3,UNIFIED,"[BB] t=231 [Q_FWD] Queued CMD.5 (size=5/15)"
FF05,GWN,3,UNIFIED,"[BB] t=232 [PHASE_RX] Listening (Q_fwd=5; Q_local=0)"
FF05,GWN,3,UNIFIED,"[BB] t=232 [RX_FWD] Encrypted CMD.5 from Child FF08 -> Queue for Parent FF0C"
FF05,GWN,3,UNIFIED,"[BB] t=232 [Q_FWD] Queued CMD.5 (size=6/15)"
FF05,GWN,3,UNIFIED,"[BB] t=233 [PHASE_RX] Listening (Q_fwd=6; Q_local=0)"
FF05,GWN,3,UNIFIED,"[BB] t=233 [RX_FWD] Encrypted CMD.5 from Child FF08 -> Queue for Parent FF0C"
FF05,GWN,3,UNIFIED,"[BB] t=233 [Q_FWD] Queued CMD.5 (size=7/15)"
FF05,GWN,3,UNIFIED,"[BB] t=234 [DEQUEUE] From Q_fwd (waited 13 TFs)"
FF05,GWN,3,UNIFIED,"[BB] t=234 [PHASE_TX] Sent CMD.5 -> FF0C (Q_fwd=6; Q_local=0)"
FF05,GWN,3,UNIFIED,"[BB] t=235 [DEQUEUE] From Q_fwd (waited 10 TFs)"
FF05,GWN,3,UNIFIED,"[BB] t=235 [PHASE_TX] Sent CMD.5 -> FF0C (Q_fwd=5; Q_local=0)"
FF05,GWN,3,UNIFIED,"[BB] t=236 [DEQUEUE] From Q_fwd (waited 10 TFs)"
FF05,GWN,3,UNIFIED,"[BB] t=236 [PHASE_TX] Sent CMD.5 -> FF0C (Q_fwd=4; Q_local=0)"
FF05,GWN,3,UNIFIED,"[BB] t=237 [PHASE_RX] Listening (Q_fwd=4; Q_local=0)"
FF05,GWN,3,UNIFIED,"[AC] t=237 [HELLO_TX] bcast battery=100.0%"
FF05,GWN,3,UNIFIED,"[BB] t=237 [RX_FWD] Encrypted CMD.5 from Child FF08 -> Queue for Parent FF0C"
FF05,GWN,3,UNIFIED,"[BB] t=237 [Q_FWD] Queued CMD.5 (size=5/15)"
FF05,GWN,3,UNIFIED,"[BB] t=238 [PHASE_RX] Listening (Q_fwd=5; Q_local=0)"
FF05,GWN,3,UNIFIED,"[BB] t=238 [RX_FWD] Encrypted CMD.5 from Child FF08 -> Queue for Parent FF0C"
FF05,GWN,3,UNIFIED,"[BB] t=238 [Q_FWD] Queued CMD.5 (size=6/15)"
FF05,GWN,3,UNIFIED,"[BB] t=239 [PHASE_RX] Listening (Q_fwd=6; Q_local=0)"
FF05,GWN,3,UNIFIED,"[BB] t=239 [RX_FWD] Encrypted CMD.5 from Child FF08 -> Queue for Parent FF0C"
FF05,GWN,3,UNIFIED,"[BB] t=239 [Q_FWD] Queued CMD.5 (size=7/15)"
FF05,GWN,3,UNIFIED,"[BB] t=240 [DEQUEUE] From Q_fwd (waited 13 TFs)"
FF05,GWN,3,UNIFIED,"[BB] t=240 [PHASE_TX] Sent CMD.5 -> FF0C (Q_fwd=6; Q_local=0)"
FF05,GWN,3,UNIFIED,"[BB] t=241 [DEQUEUE] From Q_fwd (waited 10 TFs)"
FF05,GWN,3,UNIFIED,"[BB] t=241 [PHASE_TX] Sent CMD.5 -> FF0C (Q_fwd=5; Q_local=0)"
FF05,GWN,3,UNIFIED,"[BB] t=242 [DEQUEUE] From Q_fwd (waited 10 TFs)"
FF05,GWN,3,UNIFIED,"[BB] t=242 [PHASE_TX] Sent CMD.5 -> FF0C (Q_fwd=4; Q_local=0)"
FF05,GWN,3,UNIFIED,"[BB] t=243 [PHASE_RX] Listening (Q_fwd=4; Q_local=0)"
FF05,GWN,3,UNIFIED,"[AC] t=243 [HELLO_TX] bcast battery=100.0%"
FF05,GWN,3,UNIFIED,"[BB] t=243 [RX_FWD] Encrypted CMD.5 from Child FF08 -> Queue for Parent FF0C"
FF05,GWN,3,UNIFIED,"[BB] t=243 [Q_FWD] Queued CMD.5 (size=5/15)"
FF05,GWN,3,UNIFIED,"[BB] t=244 [PHASE_RX] Listening (Q_fwd=5; Q_local=0)"
FF05,GWN,3,UNIFIED,"[BB] t=244 [RX_FWD] Encrypted CH_HELLO.1 from Child FF08 -> Queue for Parent FF0C"
FF05,GWN,3,UNIFIED,"[BB] t=244 [Q_FWD] Queued CH_HELLO.1 (size=6/15)"
FF05,GWN,3,UNIFIED,"[BB] t=245 [PHASE_RX] Listening (Q_fwd=6; Q_local=0)"
FF05,GWN,3,UNIFIED,"[BB] t=245 [RX_FWD] Encrypted CH_HELLO.1 from Child FF08 -> Queue for Parent FF0C"
FF05,GWN,3,UNIFIED,"[BB] t=245 [Q_FWD] Queued CH_HELLO.1 (size=7/15)"
FF05,GWN,3,UNIFIED,"[BB] t=246 [DEQUEUE] From Q_fwd (waited 13 TFs)"
FF05,GWN,3,UNIFIED,"[BB] t=246 [PHASE_TX] Sent CMD.5 -> FF0C (Q_fwd=6; Q_local=0)"
FF05,GWN,3,UNIFIED,"[BB] t=247 [DEQUEUE] From Q_fwd (waited 10 TFs)"
FF05,GWN,3,UNIFIED,"[BB] t=247 [PHASE_TX] Sent CMD.5 -> FF0C (Q_fwd=5; Q_local=0)"
FF05,GWN,3,UNIFIED,"[AC] t=247 [HELLO_TX] bcast battery=100.0%"
FF05,GWN,3,UNIFIED,"[BB] t=248 [DEQUEUE] From Q_fwd (waited 10 TFs)"
FF05,GWN,3,UNIFIED,"[BB] t=248 [PHASE_TX] Sent CMD.5 -> FF0C (Q_fwd=4; Q_local=0)"
FF05,GWN,3,UNIFIED,"[BB] t=249 [PHASE_RX] Listening (Q_fwd=4; Q_local=0)"
FF05,GWN,3,UNIFIED,"[BB] t=249 [RX_FWD] Encrypted CMD.5 from Child FF08 -> Queue for Parent FF0C"
FF05,GWN,3,UNIFIED,"[BB] t=249 [Q_FWD] Queued CMD.5 (size=5/15)"
FF06,GWN,3,BACKBONE,"t=4 [PHY] Neighbour count: 3->4"
FF06,GWN,3,BACKBONE,"t=5 [PHY] Neighbour count: 4->5"
FF06,GWN,3,BACKBONE,"t=6 [PHY] Neighbour count: 5->6"
FF06,GWN,3,BACKBONE,"t=7 [TX] HB.0 -> <BCAST>"
FF06,GWN,3,BACKBONE,"t=9 [PHY] Neighbour count: 7->8"
FF06,GWN,3,BACKBONE,"t=10 [PHY] Neighbour count: 8->9"
FF06,GWN,3,BACKBONE,"t=11 [PHY] Neighbour count: 9->10"
FF06,GWN,3,BACKBONE,"t=13 [PHY] Neighbour count: 10->11"
FF06,GWN,3,BACKBONE,"t=14 [TX] HB.0 -> <BCAST>"
FF06,GWN,3,BACKBONE,"t=14 [PHY] Neighbour count: 11->12"
FF06,GWN,3,BACKBONE,"t=15 [PHY] Neighbour count: 12->13"
FF06,GWN,3,BACKBONE,"t=16 [PHY] Neighbour count: 13->14"
FF06,GWN,3,BACKBONE,"t=21 [TX] HB.0 -> <BCAST>"
FF06,GWN,3,BACKBONE,"t=24 [PHY] Neighbour count: 14->15"
FF06,GWN,3,BACKBONE,"t=26 [PHY] Neighbour count: 15->16"
FF06,GWN,3,BACKBONE,"t=28 [TX] HB.1 -> <BCAST>"
FF06,GWN,3,BACKBONE,"t=28 [PHY] Neighbour count: 16->17"
FF06,GWN,3,BACKBONE,"t=33 [PHY] Neighbour count: 17->18"
FF06,GWN,3,BACKBONE,"t=35 [TX] HB.1 -> <BCAST>"
FF06,GWN,3,BACKBONE,"t=37 [PHY] Neighbour count: 18->19"
FF06,GWN,3,BACKBONE,"t=38 [PHY] Neighbour count: 19->20"
FF06,GWN,3,BACKBONE,"t=42 [TX] HB.1 -> <BCAST>"
FF06,GWN,3,BACKBONE,"t=49 [TX] HB.1 -> <BCAST>"
FF06,GWN,3,BACKBONE,"t=56 [TX] HB.1 -> <BCAST>"
FF06,GWN,3,BACKBONE,"t=58 [RX] CMD.0 <- FF0A RSSI=0.2"
FF06,GWN,3,BACKBONE,"t=58 [TX] CMD.1 -> FF0A"
FF06,GWN,3,BACKBONE,"t=58 [TX] CMD.1 -> FF0A"
FF06,GWN,3,BACKBONE,"t=58 [STATE] DISCOVERY -> HANDSHAKE"
FF06,GWN,3,BACKBONE,"[LOCK][SET] partner=FF0A timeout=6"
FF06,GWN,3,BACKBONE,"t=58 [HANDSHAKE] Lock set with FF0A (timer=6)"
FF06,GWN,3,BACKBONE,"t=62 [RX] CMD.2 <- FF0A RSSI=0.2"
FF06,GWN,3,BACKBONE,"[LOCK][REFRESH] partner=FF0A timeout=6"
FF06,GWN,3,BACKBONE,"[LOCK][SET] partner=FF0A timeout=6"
FF06,GWN,3,BACKBONE,"t=62 [PARENT] Set parent -> FF0A"
FF06,GWN,3,BACKBONE,"t=63 [RX] CMD.4 <- FF0A RSSI=0.2"
FF06,GWN,3,BACKBONE,"[LOCK][REFRESH] partner=FF0A timeout=6"
FF06,GWN,3,BACKBONE,"t=63 [PHASE] Inherited phaseOffset=1 from parent FF0A"
FF06,GWN,3,BACKBONE,"t=63 [ENC_HELLO] TX: gwCh=0; chCh=0; secCh=0; sn=0 (encrypted)"
FF06,GWN,3,BACKBONE,"t=63 [TX] CMD.5 -> FF0A"
FF06,GWN,3,BACKBONE,"[LOCK][CLEAR][ENC_HELLO_TX] partner=FF0A"
FF06,GWN,3,BACKBONE,"t=63 [HANDSHAKE] Lock cleared (was with FF0A)"
FF06,GWN,3,BACKBONE,"t=65 [RX] CMD.0 <- FF01 RSSI=0.0"
FF06,GWN,3,BACKBONE,"t=65 [TX] CMD.3 -> FF01"
FF06,GWN,3,BACKBONE,"[LOCK][SET] partner=FF09 timeout=6"
FF06,GWN,3,BACKBONE,"t=67 [HANDSHAKE] Lock set with FF09 (timer=6)"
FF06,GWN,3,BACKBONE,"[LOCK][SET] partner=FF09 timeout=6"
FF06,GWN,3,BACKBONE,"t=67 [TX] CMD.0 -> FF09"
FF06,GWN,3,BACKBONE,"t=69 [RX] CMD.1 <- FF09 RSSI=0.4"
FF06,GWN,3,BACKBONE,"[LOCK][REFRESH] partner=FF09 timeout=6"
FF06,GWN,3,BACKBONE,"t=69 [TX] CMD.2 -> FF09"
FF06,GWN,3,BACKBONE,"[LOCK][REFRESH] partner=FF09 timeout=6"
FF06,GWN,3,BACKBONE,"t=69 [HANDSHAKE] FF09 added to pendingChildren (awaiting ENC_HELLO)"
FF06,GWN,3,BACKBONE,"t=69 [TX] CMD.4 -> FF09"
FF06,GWN,3,BACKBONE,"t=69 [PHASE] Sending phaseOffset=0 to child FF09 (self=1)"
FF06,GWN,3,BACKBONE,"[LOCK][REFRESH] partner=FF09 timeout=6"
FF06,GWN,3,BACKBONE,"[LOCK][SET] partner=FF09 timeout=6"
FF06,GWN,3,BACKBONE,"t=73 [ENC_HELLO] TX: gwCh=0; chCh=0; secCh=0; sn=0 (encrypted)"
FF06,GWN,3,BACKBONE,"t=73 [ENC_HELLO] Retry 1/3 sent (next at t=93)"
FF06,GWN,3,BACKBONE,"t=75 [TX] CMD.3 -> FF09"
FF06,GWN,3,BACKBONE,"[LOCK][CLEAR] partner=FF09"
FF06,GWN,3,BACKBONE,"[LOCK][SET] partner=FF09 timeout=6"
FF06,GWN,3,BACKBONE,"t=76 [HANDSHAKE] Lock set with FF09 (timer=6)"
FF06,GWN,3,BACKBONE,"[LOCK][SET] partner=FF09 timeout=6"
FF06,GWN,3,BACKBONE,"t=76 [TX] CMD.0 -> FF09"
FF06,GWN,3,BACKBONE,"[LOCK][CLEAR] partner=FF09"
FF06,GWN,3,BACKBONE,"[LOCK][SET] partner=FF09 timeout=6"
FF06,GWN,3,BACKBONE,"t=83 [HANDSHAKE] Lock set with FF09 (timer=6)"
FF06,GWN,3,BACKBONE,"[LOCK][SET] partner=FF09 timeout=6"
FF06,GWN,3,BACKBONE,"t=83 [TX] CMD.0 -> FF09"
FF06,GWN,3,BACKBONE,"t=85 [RX] CMD.1 <- FF09 RSSI=0.4"
FF06,GWN,3,BACKBONE,"[LOCK][REFRESH] partner=FF09 timeout=6"
FF06,GWN,3,BACKBONE,"t=85 [TX] CMD.2 -> FF09"
FF06,GWN,3,BACKBONE,"[LOCK][REFRESH] partner=FF09 timeout=6"
FF06,GWN,3,BACKBONE,"t=85 [HANDSHAKE] FF09 added to pendingChildren (awaiting ENC_HELLO)"
FF06,GWN,3,BACKBONE,"t=85 [TX] CMD.4 -> FF09"
FF06,GWN,3,BACKBONE,"t=85 [PHASE] Sending phaseOffset=0 to child FF09 (self=1)"
FF06,GWN,3,BACKBONE,"[LOCK][REFRESH] partner=FF09 timeout=6"
FF06,GWN,3,BACKBONE,"[LOCK][SET] partner=FF09 timeout=6"
FF06,GWN,3,BACKBONE,"t=90 [RX] CMD.5 <- FF09 RSSI=0.4"
FF06,GWN,3,BACKBONE,"t=90 [HANDSHAKE] FF09 promoted to children (ENC_HELLO received)"
FF06,GWN,3,BACKBONE,"[LOCK][CLEAR][ENC_HELLO_RX] partner=FF09"
FF06,GWN,3,BACKBONE,"t=90 [TX] CMD.5 -> FF0A"
FF06,GWN,3,BACKBONE,"t=90 [HANDSHAKE] Lock cleared (was with FF09)"
FF06,GWN,3,BACKBONE,"t=90 [RETRY] Reset retry state for FF09 (now child)"
FF06,GWN,3,BACKBONE,"t=90 [STATE] HANDSHAKE -> SECURE"
FF06,GWN,3,BACKBONE,"t=93 [ENC_HELLO] TX: gwCh=1; chCh=0; secCh=0; sn=0 (encrypted)"
FF06,GWN,3,BACKBONE,"t=93 [ENC_HELLO] Retry 2/3 sent (next at t=133)"
FF06,GWN,3,BACKBONE,"t=96 [PHY] Neighbour count: 20->21"
FF06,GWN,3,BACKBONE,"t=98 [RX_FWD] Encrypted CMD.5 from Child FF09 -> Queue for Parent FF0A"
FF06,GWN,3,BACKBONE,"t=98 [Q_FWD] Queued CMD.5 (size=1/15)"
FF06,GWN,3,BACKBONE,"t=101 [RX_FWD] Encrypted CMD.5 from Child FF09 -> Queue for Parent FF0A"
FF06,GWN,3,BACKBONE,"t=101 [Q_FWD] Queued CMD.5 (size=2/15)"
FF06,GWN,3,BACKBONE,"t=111 [RX] CMD.0 <- FF0B RSSI=0.0"
FF06,GWN,3,BACKBONE,"t=111 [TX] CMD.3 -> FF0B"
FF06,GWN,3,BACKBONE,"t=118 [RX_FWD] Encrypted CMD.5 from Child FF09 -> Queue for Parent FF0A"
FF06,GWN,3,BACKBONE,"t=118 [Q_FWD] Queued CMD.5 (size=3/15)"
FF06,GWN,3,BACKBONE,"t=133 [ENC_HELLO] TX: gwCh=1; chCh=0; secCh=0; sn=0 (encrypted)"
FF06,GWN,3,BACKBONE,"t=133 [ENC_HELLO] Retry 3/3 sent (next at t=213)"
FF06,GWN,3,BACKBONE,"t=158 [RX_FWD] Encrypted CMD.5 from Child FF09 -> Queue for Parent FF0A"
FF06,GWN,3,BACKBONE,"t=158 [Q_FWD] Queued CMD.5 (size=4/15)"
FF06,GWN,3,BACKBONE,"t=173 [PHY] Neighbour count: 21->22"
FF06,GWN,3,BACKBONE,"t=200 [PHASE_RX] Listening (Q_fwd=4; Q_local=0)"
FF06,GWN,3,BACKBONE,"t=200 [RX_FWD] Encrypted CMD.5 from Child FF09 -> Queue for Parent FF0A"
FF06,GWN,3,BACKBONE,"t=200 [Q_FWD] Queued CMD.5 (size=5/15)"
FF06,GWN,3,BACKBONE,"t=201 [DEQUEUE] From Q_fwd (waited 103 TFs)"
FF06,GWN,3,BACKBONE,"t=201 [PHASE_TX] Sent CMD.5 -> FF0A (Q_fwd=4; Q_local=0)"
FF06,GWN,3,BACKBONE,"t=202 [DEQUEUE] From Q_fwd (waited 101 TFs)"
FF06,GWN,3,BACKBONE,"t=202 [PHASE_TX] Sent CMD.5 -> FF0A (Q_fwd=3; Q_local=0)"
FF06,GWN,3,BACKBONE,"t=203 [DEQUEUE] From Q_fwd (waited 85 TFs)"
FF06,GWN,3,BACKBONE,"t=203 [PHASE_TX] Sent CMD.5 -> FF0A (Q_fwd=2; Q_local=0)"
FF06,GWN,3,BACKBONE,"t=204 [PHASE_RX] Listening (Q_fwd=2; Q_local=0)"
FF06,GWN,3,BACKBONE,"t=204 [RX_FWD] Encrypted CMD.5 from Child FF09 -> Queue for Parent FF0A"
FF06,GWN,3,BACKBONE,"t=204 [Q_FWD] Queued CMD.5 (size=3/15)"
FF06,GWN,3,BACKBONE,"t=205 [PHASE_RX] Listening (Q_fwd=3; Q_local=0)"
FF06,GWN,3,BACKBONE,"t=205 [RX_FWD] Encrypted CMD.5 from Child FF09 -> Queue for Parent FF0A"
FF06,GWN,3,BACKBONE,"t=205 [Q_FWD] Queued CMD.5 (size=4/15)"
FF06,GWN,3,BACKBONE,"t=206 [PHASE_RX] Listening (Q_fwd=4; Q_local=0)"
FF06,GWN,3,BACKBONE,"t=206 [RX_FWD] Encrypted CMD.5 from Child FF09 -> Queue for Parent FF0A"
FF06,GWN,3,BACKBONE,"t=206 [Q_FWD] Queued CMD.5 (size=5/15)"
FF06,GWN,3,BACKBONE,"t=206 [Q_LOCAL] Queued CH_HELLO.1 (size=1/15)"
FF06,GWN,3,BACKBONE,"t=207 [DEQUEUE] From Q_fwd (waited 49 TFs)"
FF06,GWN,3,BACKBONE,"t=207 [PHASE_TX] Sent CMD.5 -> FF0A (Q_fwd=4; Q_local=1)"
FF06,GWN,3,BACKBONE,"t=208 [DEQUEUE] From Q_fwd (waited 8 TFs)"
FF06,GWN,3,BACKBONE,"t=208 [PHASE_TX] Sent CMD.5 -> FF0A (Q_fwd=3; Q_local=1)"
FF06,GWN,3,BACKBONE,"t=209 [DEQUEUE] From Q_fwd (waited 5 TFs)"
FF06,GWN,3,BACKBONE,"t=209 [PHASE_TX] Sent CMD.5 -> FF0A (Q_fwd=2; Q_local=1)"
FF06,GWN,3,BACKBONE,"t=210 [PHASE_RX] Listening (Q_fwd=2; Q_local=1)"
FF06,GWN,3,BACKBONE,"t=210 [RX_FWD] Encrypted CMD.5 from Child FF09 -> Queue for Parent FF0A"
FF06,GWN,3,BACKBONE,"t=210 [Q_FWD] Queued CMD.5 (size=3/15)"
FF06,GWN,3,BACKBONE,"t=211 [PHASE_RX] Listening (Q_fwd=3; Q_local=1)"
FF06,GWN,3,BACKBONE,"t=211 [RX_FWD] Encrypted CMD.5 from Child FF09 -> Queue for Parent FF0A"
FF06,GWN,3,BACKBONE,"t=211 [Q_FWD] Queued CMD.5 (size=4/15)"
FF06,GWN,3,BACKBONE,"t=212 [PHASE_RX] Listening (Q_fwd=4; Q_local=1)"
FF06,GWN,3,BACKBONE,"t=212 [RX_FWD] Encrypted CMD.5 from Child FF09 -> Queue for Parent FF0A"
FF06,GWN,3,BACKBONE,"t=212 [Q_FWD] Queued CMD.5 (size=5/15)"
FF06,GWN,3,BACKBONE,"t=213 [ENC_HELLO] TX: gwCh=1; chCh=1; secCh=0; sn=0 (encrypted)"
FF06,GWN,3,BACKBONE,"t=213 [ENC_HELLO] Registry refresh #1 sent (next at t=293)"
FF06,GWN,3,BACKBONE,"t=213 [DEQUEUE] From Q_fwd (waited 8 TFs)"
FF06,GWN,3,BACKBONE,"t=213 [PHASE_TX] Sent CMD.5 -> FF0A (Q_fwd=4; Q_local=1)"
FF06,GWN,3,BACKBONE,"t=214 [DEQUEUE] From Q_fwd (waited 8 TFs)"
FF06,GWN,3,BACKBONE,"t=214 [PHASE_TX] Sent CMD.5 -> FF0A (Q_fwd=3; Q_local=1)"
FF06,GWN,3,BACKBONE,"t=215 [DEQUEUE] From Q_fwd (waited 5 TFs)"
FF06,GWN,3,BACKBONE,"t=215 [PHASE_TX] Sent CMD.5 -> FF0A (Q_fwd=2; Q_local=1)"
FF06,GWN,3,BACKBONE,"t=216 [PHASE_RX] Listening (Q_fwd=2; Q_local=1)"
FF06,GWN,3,BACKBONE,"t=217 [PHASE_RX] Listening (Q_fwd=2; Q_local=1)"
FF06,GWN,3,BACKBONE,"t=217 [RX_FWD] Encrypted CMD.5 from Child FF09 -> Queue for Parent FF0A"
FF06,GWN,3,BACKBONE,"t=217 [Q_FWD] Queued CMD.5 (size=3/15)"
FF06,GWN,3,BACKBONE,"t=218 [PHASE_RX] Listening (Q_fwd=3; Q_local=1)"
FF06,GWN,3,BACKBONE,"t=218 [RX_FWD] Encrypted CMD.5 from Child FF09 -> Queue for Parent FF0A"
FF06,GWN,3,BACKBONE,"t=218 [Q_FWD] Queued CMD.5 (size=4/15)"
FF06,GWN,3,BACKBONE,"t=219 [DEQUEUE] From Q_fwd (waited 8 TFs)"
FF06,GWN,3,BACKBONE,"t=219 [PHASE_TX] Sent CMD.5 -> FF0A (Q_fwd=3; Q_local=1)"
FF06,GWN,3,BACKBONE,"t=220 [DEQUEUE] From Q_fwd (waited 8 TFs)"
FF06,GWN,3,BACKBONE,"t=220 [PHASE_TX] Sent CMD.5 -> FF0A (Q_fwd=2; Q_local=1)"
FF06,GWN,3,BACKBONE,"t=221 [DEQUEUE] From Q_fwd (waited 4 TFs)"
FF06,GWN,3,BACKBONE,"t=221 [PHASE_TX] Sent CMD.5 -> FF0A (Q_fwd=1; Q_local=1)"
FF06,GWN,3,BACKBONE,"t=222 [PHASE_RX] Listening (Q_fwd=1; Q_local=1)"
FF06,GWN,3,BACKBONE,"t=222 [RX_FWD] Encrypted CMD.5 from Child FF09 -> Queue for Parent FF0A"
FF06,GWN,3,BACKBONE,"t=222 [Q_FWD] Queued CMD.5 (size=2/15)"
FF06,GWN,3,BACKBONE,"t=223 [PHASE_RX] Listening (Q_fwd=2; Q_local=1)"
FF06,GWN,3,BACKBONE,"t=223 [RX_FWD] Encrypted CH_HELLO.1 from Child FF09 -> Queue for Parent FF0A"
FF06,GWN,3,BACKBONE,"t=223 [Q_FWD] Queued CH_HELLO.1 (size=3/15)"
FF06,GWN,3,BACKBONE,"t=224 [PHASE_RX] Listening (Q_fwd=3; Q_local=1)"
FF06,GWN,3,BACKBONE,"t=225 [DEQUEUE] From Q_fwd (waited 7 TFs)"
FF06,GWN,3,BACKBONE,"t=225 [PHASE_TX] Sent CMD.5 -> FF0A (Q_fwd=2; Q_local=1)"
FF06,GWN,3,BACKBONE,"t=226 [DEQUEUE] From Q_fwd (waited 4 TFs)"
FF06,GWN,3,BACKBONE,"t=226 [PHASE_TX] Sent CMD.5 -> FF0A (Q_fwd=1; Q_local=1)"
FF06,GWN,3,BACKBONE,"t=227 [DEQUEUE] From Q_fwd (waited 4 TFs)"
FF06,GWN,3,BACKBONE,"t=227 [PHASE_TX] Sent CH_HELLO.1 -> FF0A (Q_fwd=0; Q_local=1)"
FF06,GWN,3,BACKBONE,"t=228 [PHASE_RX] Listening (Q_fwd=0; Q_local=1)"
FF06,GWN,3,BACKBONE,"t=229 [PHASE_RX] Listening (Q_fwd=0; Q_local=1)"
FF06,GWN,3,BACKBONE,"t=230 [PHASE_RX] Listening (Q_fwd=0; Q_local=1)"
FF06,GWN,3,BACKBONE,"t=231 [DEQUEUE] From Q_local (waited 25 TFs)"
FF06,GWN,3,BACKBONE,"t=231 [PHASE_TX] Sent CH_HELLO.1 -> FF0A (Q_fwd=0; Q_local=0)"
FF06,GWN,3,BACKBONE,"t=232 [PHASE_TX] IDLE (queues empty)"
FF06,GWN,3,BACKBONE,"t=233 [PHASE_TX] IDLE (queues empty)"
FF06,GWN,3,BACKBONE,"t=234 [PHASE_RX] Listening (Q_fwd=0; Q_local=0)"
FF06,GWN,3,BACKBONE,"t=235 [PHASE_RX] Listening (Q_fwd=0; Q_local=0)"
FF06,GWN,3,BACKBONE,"t=236 [PHASE_RX] Listening (Q_fwd=0; Q_local=0)"
FF06,GWN,3,BACKBONE,"t=237 [PHASE_TX] IDLE (queues empty)"
FF06,GWN,3,BACKBONE,"t=238 [PHASE_TX] IDLE (queues empty)"
FF06,GWN,3,BACKBONE,"t=238 [RX_FWD] Encrypted CMD.5 from Child FF09 -> Queue for Parent FF0A"
FF06,GWN,3,BACKBONE,"t=238 [Q_FWD] Queued CMD.5 (size=1/15)"
FF06,GWN,3,BACKBONE,"t=239 [DEQUEUE] From Q_fwd (waited 1 TFs)"
FF06,GWN,3,BACKBONE,"t=239 [PHASE_TX] Sent CMD.5 -> FF0A (Q_fwd=0; Q_local=0)"
FF06,GWN,3,BACKBONE,"t=240 [PHASE_RX] Listening (Q_fwd=0; Q_local=0)"
FF06,GWN,3,BACKBONE,"t=241 [PHASE_RX] Listening (Q_fwd=0; Q_local=0)"
FF06,GWN,3,BACKBONE,"t=242 [PHASE_RX] Listening (Q_fwd=0; Q_local=0)"
FF06,GWN,3,BACKBONE,"t=243 [PHASE_TX] IDLE (queues empty)"
FF06,GWN,3,BACKBONE,"t=244 [PHASE_TX] IDLE (queues empty)"
FF06,GWN,3,BACKBONE,"t=245 [PHASE_TX] IDLE (queues empty)"
FF06,GWN,3,BACKBONE,"t=246 [PHASE_RX] Listening (Q_fwd=0; Q_local=0)"
FF06,GWN,3,BACKBONE,"t=247 [PHASE_RX] Listening (Q_fwd=0; Q_local=0)"
FF06,GWN,3,BACKBONE,"t=248 [PHASE_RX] Listening (Q_fwd=0; Q_local=0)"
FF06,GWN,3,BACKBONE,"t=248 [RX_FWD] Encrypted CMD.5 from Child FF09 -> Queue for Parent FF0A"
FF06,GWN,3,BACKBONE,"t=248 [Q_FWD] Queued CMD.5 (size=1/15)"
FF06,GWN,3,BACKBONE,"t=249 [DEQUEUE] From Q_fwd (waited 1 TFs)"
FF06,GWN,3,BACKBONE,"t=249 [PHASE_TX] Sent CMD.5 -> FF0A (Q_fwd=0; Q_local=0)"
FF06,GWN,3,ACCESS,"t=4 [HELLO_TX] bcast battery=100.0%"
FF06,GWN,3,ACCESS,"t=4 [PHY] Neighbour count: 3->4"
FF06,GWN,3,ACCESS,"t=5 [PHY] Neighbour count: 4->5"
FF06,GWN,3,ACCESS,"t=6 [PHY] Neighbour count: 5->6"
FF06,GWN,3,ACCESS,"t=9 [PHY] Neighbour count: 7->8"
FF06,GWN,3,ACCESS,"t=10 [PHY] Neighbour count: 8->9"
FF06,GWN,3,ACCESS,"t=11 [PHY] Neighbour count: 9->10"
FF06,GWN,3,ACCESS,"t=12 [HELLO_TX] bcast battery=100.0%"
FF06,GWN,3,ACCESS,"t=13 [PHY] Neighbour count: 10->11"
FF06,GWN,3,ACCESS,"t=14 [PHY] Neighbour count: 11->12"
FF06,GWN,3,ACCESS,"t=15 [PHY] Neighbour count: 12->13"
FF06,GWN,3,ACCESS,"t=16 [PHY] Neighbour count: 13->14"
FF06,GWN,3,ACCESS,"t=21 [HELLO_TX] bcast battery=100.0%"
FF06,GWN,3,ACCESS,"t=24 [PHY] Neighbour count: 14->15"
FF06,GWN,3,ACCESS,"t=26 [PHY] Neighbour count: 15->16"
FF06,GWN,3,ACCESS,"t=28 [PHY] Neighbour count: 16->17"
FF06,GWN,3,ACCESS,"t=29 [HELLO_TX] bcast battery=100.0%"
FF06,GWN,3,ACCESS,"t=33 [HELLO_TX] bcast battery=100.0%"
FF06,GWN,3,ACCESS,"t=33 [PHY] Neighbour count: 17->18"
FF06,GWN,3,ACCESS,"t=37 [PHY] Neighbour count: 18->19"
FF06,GWN,3,ACCESS,"t=38 [PHY] Neighbour count: 19->20"
FF06,GWN,3,ACCESS,"t=42 [HELLO_TX] bcast battery=100.0%"
FF06,GWN,3,ACCESS,"t=46 [HELLO_TX] bcast battery=100.0%"
FF06,GWN,3,ACCESS,"t=55 [HELLO_TX] bcast battery=100.0%"
FF06,GWN,3,ACCESS,"t=62 [HELLO_TX] bcast battery=100.0%"
FF06,GWN,3,ACCESS,"t=71 [HELLO_TX] bcast battery=100.0%"
FF06,GWN,3,ACCESS,"t=80 [HELLO_TX] bcast battery=100.0%"
FF06,GWN,3,ACCESS,"t=90 [HELLO_TX] bcast battery=100.0%"
FF06,GWN,3,ACCESS,"t=95 [HELLO_TX] bcast battery=100.0%"
FF06,GWN,3,ACCESS,"t=96 [PHY] Neighbour count: 20->21"
FF06,GWN,3,ACCESS,"t=100 [HELLO_TX] bcast battery=100.0%"
FF06,GWN,3,ACCESS,"t=105 [HELLO_TX] bcast battery=100.0%"
FF06,GWN,3,ACCESS,"t=115 [HELLO_TX] bcast battery=100.0%"
FF06,GWN,3,ACCESS,"t=124 [HELLO_TX] bcast battery=100.0%"
FF06,GWN,3,ACCESS,"t=134 [HELLO_TX] bcast battery=100.0%"
FF06,GWN,3,ACCESS,"t=143 [HELLO_TX] bcast battery=100.0%"
FF06,GWN,3,ACCESS,"t=151 [HELLO_TX] bcast battery=100.0%"
FF06,GWN,3,ACCESS,"t=159 [HELLO_TX] bcast battery=100.0%"
FF06,GWN,3,ACCESS,"t=163 [HELLO_TX] bcast battery=100.0%"
FF06,GWN,3,ACCESS,"t=169 [HELLO_TX] bcast battery=100.0%"
FF06,GWN,3,ACCESS,"t=173 [PHY] Neighbour count: 21->22"
FF06,GWN,3,ACCESS,"t=175 [HELLO_TX] bcast battery=100.0%"
FF06,GWN,3,ACCESS,"t=182 [HELLO_TX] bcast battery=100.0%"
FF06,GWN,3,ACCESS,"t=191 [HELLO_TX] bcast battery=100.0%"
FF06,GWN,3,ACCESS,"t=200 [HELLO_TX] bcast battery=100.0%"
FF06,GWN,3,ACCESS,"t=202 [RX] CH_CMD.0 <- AA01"
FF06,GWN,3,ACCESS,"[LOCK][SET] partner=AA01 timeout=4"
FF06,GWN,3,ACCESS,"t=202 [CH_ACK] -> AA01 (sending key)"
FF06,GWN,3,ACCESS,"t=206 [TIMEOUT] Sent CH_REJECT to orphaned AA01"
FF06,GWN,3,ACCESS,"[LOCK][TIMEOUT] partner=AA01"
FF06,GWN,3,ACCESS,"t=206 [RX] CH_CMD.2 <- AA01"
FF06,GWN,3,ACCESS,"[LOCK][CLEAR][CH_SUCCESS] partner=AA01"
FF06,GWN,3,ACCESS,"t=206 [CH_JOINED] AA01 added to children"
FF06,GWN,3,ACCESS,"t=207 [RX] CH_CMD.0 <- AA09"
FF06,GWN,3,ACCESS,"[LOCK][SET] partner=AA09 timeout=4"
FF06,GWN,3,ACCESS,"t=207 [CH_ACK] -> AA09 (sending key)"
FF06,GWN,3,ACCESS,"t=210 [HELLO_TX] bcast battery=100.0%"
FF06,GWN,3,ACCESS,"t=211 [TIMEOUT] Sent CH_REJECT to orphaned AA09"
FF06,GWN,3,ACCESS,"[LOCK][TIMEOUT] partner=AA09"
FF06,GWN,3,ACCESS,"t=217 [HELLO_TX] bcast battery=100.0%"
FF06,GWN,3,ACCESS,"t=223 [HELLO_TX] bcast battery=100.0%"
FF06,GWN,3,ACCESS,"t=229 [HELLO_TX] bcast battery=100.0%"
FF06,GWN,3,ACCESS,"t=235 [HELLO_TX] bcast battery=100.0%"
FF06,GWN,3,ACCESS,"t=245 [HELLO_TX] bcast battery=100.0%"
FF06,GWN,3,UNIFIED,"t=2 [PHY] Neighbor count=1"
FF06,GWN,3,UNIFIED,"t=3 [PHY] Neighbor count=2"
FF06,GWN,3,UNIFIED,"t=4 [PHY] Neighbor count=3"
FF06,GWN,3,UNIFIED,"[AC] t=4 [HELLO_TX] bcast battery=100.0%"
FF06,GWN,3,UNIFIED,"t=4 [PHY] Neighbour count: 3->4"
FF06,GWN,3,UNIFIED,"t=5 [PHY] Neighbor count=4"
FF06,GWN,3,UNIFIED,"t=5 [PHY] Neighbour count: 4->5"
FF06,GWN,3,UNIFIED,"t=6 [PHY] Neighbor count=5"
FF06,GWN,3,UNIFIED,"t=6 [PHY] Neighbour count: 5->6"
FF06,GWN,3,UNIFIED,"t=7 [PHY] Neighbor count=6"
FF06,GWN,3,UNIFIED,"[BB] t=7 [TX] HB.0 -> <BCAST>"
FF06,GWN,3,UNIFIED,"t=8 [PHY] Neighbor count=7"
FF06,GWN,3,UNIFIED,"t=9 [PHY] Neighbour count: 7->8"
FF06,GWN,3,UNIFIED,"t=10 [PHY] Neighbor count=8"
FF06,GWN,3,UNIFIED,"t=10 [PHY] Neighbour count: 8->9"
FF06,GWN,3,UNIFIED,"t=11 [PHY] Neighbor count=9"
FF06,GWN,3,UNIFIED,"t=11 [PHY] Neighbour count: 9->10"
FF06,GWN,3,UNIFIED,"t=12 [PHY] Neighbor count=10"
FF06,GWN,3,UNIFIED,"[AC] t=12 [HELLO_TX] bcast battery=100.0%"
FF06,GWN,3,UNIFIED,"t=13 [PHY] Neighbour count: 10->11"
FF06,GWN,3,UNIFIED,"t=14 [PHY] Neighbor count=11"
FF06,GWN,3,UNIFIED,"[BB] t=14 [TX] HB.0 -> <BCAST>"
FF06,GWN,3,UNIFIED,"t=14 [PHY] Neighbour count: 11->12"
FF06,GWN,3,UNIFIED,"t=15 [PHY] Neighbor count=12"
FF06,GWN,3,UNIFIED,"t=15 [PHY] Neighbour count: 12->13"
FF06,GWN,3,UNIFIED,"t=16 [PHY] Neighbor count=13"
FF06,GWN,3,UNIFIED,"t=16 [PHY] Neighbour count: 13->14"
FF06,GWN,3,UNIFIED,"t=17 [PHY] Neighbor count=14"
FF06,GWN,3,UNIFIED,"[BB] t=21 [TX] HB.0 -> <BCAST>"
FF06,GWN,3,UNIFIED,"[AC] t=21 [HELLO_TX] bcast battery=100.0%"
FF06,GWN,3,UNIFIED,"t=22 [STATE] BOOT→DISCOVERY (neighbors=14)"
FF06,GWN,3,UNIFIED,"t=24 [PHY] Neighbour count: 14->15"
FF06,GWN,3,UNIFIED,"t=25 [PHY] Neighbor count=15"
FF06,GWN,3,UNIFIED,"t=26 [PHY] Neighbour count: 15->16"
FF06,GWN,3,UNIFIED,"t=27 [PHY] Neighbor count=16"
FF06,GWN,3,UNIFIED,"[BB] t=28 [TX] HB.1 -> <BCAST>"
FF06,GWN,3,UNIFIED,"t=28 [PHY] Neighbour count: 16->17"
FF06,GWN,3,UNIFIED,"t=29 [PHY] Neighbor count=17"
FF06,GWN,3,UNIFIED,"[AC] t=29 [HELLO_TX] bcast battery=100.0%"
FF06,GWN,3,UNIFIED,"[AC] t=33 [HELLO_TX] bcast battery=100.0%"
FF06,GWN,3,UNIFIED,"t=33 [PHY] Neighbour count: 17->18"
FF06,GWN,3,UNIFIED,"t=34 [PHY] Neighbor count=18"
FF06,GWN,3,UNIFIED,"[BB] t=35 [TX] HB.1 -> <BCAST>"
FF06,GWN,3,UNIFIED,"t=37 [PHY] Neighbour count: 18->19"
FF06,GWN,3,UNIFIED,"t=38 [PHY] Neighbor count=19"
FF06,GWN,3,UNIFIED,"t=38 [PHY] Neighbour count: 19->20"
FF06,GWN,3,UNIFIED,"t=39 [PHY] Neighbor count=20"
FF06,GWN,3,UNIFIED,"[BB] t=42 [TX] HB.1 -> <BCAST>"
FF06,GWN,3,UNIFIED,"[AC] t=42 [HELLO_TX] bcast battery=100.0%"
FF06,GWN,3,UNIFIED,"[AC] t=46 [HELLO_TX] bcast battery=100.0%"
FF06,GWN,3,UNIFIED,"[BB] t=49 [TX] HB.1 -> <BCAST>"
FF06,GWN,3,UNIFIED,"[AC] t=55 [HELLO_TX] bcast battery=100.0%"
FF06,GWN,3,UNIFIED,"[BB] t=56 [TX] HB.1 -> <BCAST>"
FF06,GWN,3,UNIFIED,"[BB] t=58 [RX] CMD.0 <- FF0A RSSI=0.2"
FF06,GWN,3,UNIFIED,"[BB] t=58 [TX] CMD.1 -> FF0A"
FF06,GWN,3,UNIFIED,"[BB] t=58 [TX] CMD.1 -> FF0A"
FF06,GWN,3,UNIFIED,"[BB] t=58 [STATE] DISCOVERY -> HANDSHAKE"
FF06,GWN,3,UNIFIED,"[BB] [LOCK][SET] partner=FF0A timeout=6"
FF06,GWN,3,UNIFIED,"[BB] t=58 [HANDSHAKE] Lock set with FF0A (timer=6)"
FF06,GWN,3,UNIFIED,"[AC] t=62 [HELLO_TX] bcast battery=100.0%"
FF06,GWN,3,UNIFIED,"[BB] t=62 [RX] CMD.2 <- FF0A RSSI=0.2"
FF06,GWN,3,UNIFIED,"[BB] [LOCK][REFRESH] partner=FF0A timeout=6"
FF06,GWN,3,UNIFIED,"[BB] [LOCK][SET] partner=FF0A timeout=6"
FF06,GWN,3,UNIFIED,"[BB] t=62 [PARENT] Set parent -> FF0A"
FF06,GWN,3,UNIFIED,"[BB] t=63 [RX] CMD.4 <- FF0A RSSI=0.2"
FF06,GWN,3,UNIFIED,"[BB] [LOCK][REFRESH] partner=FF0A timeout=6"
FF06,GWN,3,UNIFIED,"[BB] t=63 [PHASE] Inherited phaseOffset=1 from parent FF0A"
FF06,GWN,3,UNIFIED,"[BB] t=63 [ENC_HELLO] TX: gwCh=0; chCh=0; secCh=0; sn=0 (encrypted)"
FF06,GWN,3,UNIFIED,"[BB] t=63 [TX] CMD.5 -> FF0A"
FF06,GWN,3,UNIFIED,"[BB] [LOCK][CLEAR][ENC_HELLO_TX] partner=FF0A"
FF06,GWN,3,UNIFIED,"[BB] t=63 [HANDSHAKE] Lock cleared (was with FF0A)"
FF06,GWN,3,UNIFIED,"[BB] t=65 [RX] CMD.0 <- FF01 RSSI=0.0"
FF06,GWN,3,UNIFIED,"[BB] t=65 [TX] CMD.3 -> FF01"
FF06,GWN,3,UNIFIED,"t=65 [REJ_PARENT] → FF01"
FF06,GWN,3,UNIFIED,"t=67 [RECRUIT] INIT(1/4) -> FF09"
FF06,GWN,3,UNIFIED,"[BB] [LOCK][SET] partner=FF09 timeout=6"
FF06,GWN,3,UNIFIED,"[BB] t=67 [HANDSHAKE] Lock set with FF09 (timer=6)"
FF06,GWN,3,UNIFIED,"[BB] [LOCK][SET] partner=FF09 timeout=6"
FF06,GWN,3,UNIFIED,"[BB] t=67 [TX] CMD.0 -> FF09"
FF06,GWN,3,UNIFIED,"[BB] t=69 [RX] CMD.1 <- FF09 RSSI=0.4"
FF06,GWN,3,UNIFIED,"[BB] [LOCK][REFRESH] partner=FF09 timeout=6"
FF06,GWN,3,UNIFIED,"[BB] t=69 [TX] CMD.2 -> FF09"
FF06,GWN,3,UNIFIED,"[BB] [LOCK][REFRESH] partner=FF09 timeout=6"
FF06,GWN,3,UNIFIED,"[BB] t=69 [HANDSHAKE] FF09 added to pendingChildren (awaiting ENC_HELLO)"
FF06,GWN,3,UNIFIED,"[BB] t=69 [TX] CMD.4 -> FF09"
FF06,GWN,3,UNIFIED,"[BB] t=69 [PHASE] Sending phaseOffset=0 to child FF09 (self=1)"
FF06,GWN,3,UNIFIED,"[BB] [LOCK][REFRESH] partner=FF09 timeout=6"
FF06,GWN,3,UNIFIED,"[BB] [LOCK][SET] partner=FF09 timeout=6"
FF06,GWN,3,UNIFIED,"[AC] t=71 [HELLO_TX] bcast battery=100.0%"
FF06,GWN,3,UNIFIED,"[BB] t=73 [ENC_HELLO] TX: gwCh=0; chCh=0; secCh=0; sn=0 (encrypted)"
FF06,GWN,3,UNIFIED,"[BB] t=73 [ENC_HELLO] Retry 1/3 sent (next at t=93)"
FF06,GWN,3,UNIFIED,"t=75 [TIMEOUT] Purged FF09 from pendingChildren"
FF06,GWN,3,UNIFIED,"[BB] t=75 [TX] CMD.3 -> FF09"
FF06,GWN,3,UNIFIED,"t=75 [TIMEOUT] Sent PARENT_REJECT to pending FF09"
FF06,GWN,3,UNIFIED,"t=75 [TIMEOUT] Attempt 1/4 for FF09 - will retry"
FF06,GWN,3,UNIFIED,"[BB] [LOCK][CLEAR] partner=FF09"
FF06,GWN,3,UNIFIED,"t=76 [RECRUIT] INIT(2/4) -> FF09"
FF06,GWN,3,UNIFIED,"[BB] [LOCK][SET] partner=FF09 timeout=6"
FF06,GWN,3,UNIFIED,"[BB] t=76 [HANDSHAKE] Lock set with FF09 (timer=6)"
FF06,GWN,3,UNIFIED,"[BB] [LOCK][SET] partner=FF09 timeout=6"
FF06,GWN,3,UNIFIED,"[BB] t=76 [TX] CMD.0 -> FF09"
FF06,GWN,3,UNIFIED,"[AC] t=80 [HELLO_TX] bcast battery=100.0%"
FF06,GWN,3,UNIFIED,"t=82 [TIMEOUT] Attempt 2/4 for FF09 - will retry"
FF06,GWN,3,UNIFIED,"[BB] [LOCK][CLEAR] partner=FF09"
FF06,GWN,3,UNIFIED,"t=83 [RECRUIT] INIT(3/4) -> FF09"
FF06,GWN,3,UNIFIED,"[BB] [LOCK][SET] partner=FF09 timeout=6"
FF06,GWN,3,UNIFIED,"[BB] t=83 [HANDSHAKE] Lock set with FF09 (timer=6)"
FF06,GWN,3,UNIFIED,"[BB] [LOCK][SET] partner=FF09 timeout=6"
FF06,GWN,3,UNIFIED,"[BB] t=83 [TX] CMD.0 -> FF09"
FF06,GWN,3,UNIFIED,"[BB] t=85 [RX] CMD.1 <- FF09 RSSI=0.4"
FF06,GWN,3,UNIFIED,"[BB] [LOCK][REFRESH] partner=FF09 timeout=6"
FF06,GWN,3,UNIFIED,"[BB] t=85 [TX] CMD.2 -> FF09"
FF06,GWN,3,UNIFIED,"[BB] [LOCK][REFRESH] partner=FF09 timeout=6"
FF06,GWN,3,UNIFIED,"[BB] t=85 [HANDSHAKE] FF09 added to pendingChildren (awaiting ENC_HELLO)"
FF06,GWN,3,UNIFIED,"[BB] t=85 [TX] CMD.4 -> FF09"
FF06,GWN,3,UNIFIED,"[BB] t=85 [PHASE] Sending phaseOffset=0 to child FF09 (self=1)"
FF06,GWN,3,UNIFIED,"[BB] [LOCK][REFRESH] partner=FF09 timeout=6"
FF06,GWN,3,UNIFIED,"[BB] [LOCK][SET] partner=FF09 timeout=6"
FF06,GWN,3,UNIFIED,"[AC] t=90 [HELLO_TX] bcast battery=100.0%"
FF06,GWN,3,UNIFIED,"[BB] t=90 [RX] CMD.5 <- FF09 RSSI=0.4"
FF06,GWN,3,UNIFIED,"[BB] t=90 [HANDSHAKE] FF09 promoted to children (ENC_HELLO received)"
FF06,GWN,3,UNIFIED,"[BB] [LOCK][CLEAR][ENC_HELLO_RX] partner=FF09"
FF06,GWN,3,UNIFIED,"[BB] t=90 [TX] CMD.5 -> FF0A"
FF06,GWN,3,UNIFIED,"[BB] t=90 [HANDSHAKE] Lock cleared (was with FF09)"
FF06,GWN,3,UNIFIED,"[BB] t=90 [RETRY] Reset retry state for FF09 (now child)"
FF06,GWN,3,UNIFIED,"[BB] t=90 [STATE] HANDSHAKE -> SECURE"
FF06,GWN,3,UNIFIED,"[BB] t=93 [ENC_HELLO] TX: gwCh=1; chCh=0; secCh=0; sn=0 (encrypted)"
FF06,GWN,3,UNIFIED,"[BB] t=93 [ENC_HELLO] Retry 2/3 sent (next at t=133)"
FF06,GWN,3,UNIFIED,"[AC] t=95 [HELLO_TX] bcast battery=100.0%"
FF06,GWN,3,UNIFIED,"t=96 [PHY] Neighbour count: 20->21"
FF06,GWN,3,UNIFIED,"t=97 [PHY] Neighbor count=21"
FF06,GWN,3,UNIFIED,"[BB] t=98 [RX_FWD] Encrypted CMD.5 from Child FF09 -> Queue for Parent FF0A"
FF06,GWN,3,UNIFIED,"[BB] t=98 [Q_FWD] Queued CMD.5 (size=1/15)"
FF06,GWN,3,UNIFIED,"[AC] t=100 [HELLO_TX] bcast battery=100.0%"
FF06,GWN,3,UNIFIED,"[BB] t=101 [RX_FWD] Encrypted CMD.5 from Child FF09 -> Queue for Parent FF0A"
FF06,GWN,3,UNIFIED,"[BB] t=101 [Q_FWD] Queued CMD.5 (size=2/15)"
FF06,GWN,3,UNIFIED,"[AC] t=105 [HELLO_TX] bcast battery=100.0%"
FF06,GWN,3,UNIFIED,"[BB] t=111 [RX] CMD.0 <- FF0B RSSI=0.0"
FF06,GWN,3,UNIFIED,"[BB] t=111 [TX] CMD.3 -> FF0B"
FF06,GWN,3,UNIFIED,"t=111 [REJ_PARENT] → FF0B"
FF06,GWN,3,UNIFIED,"[AC] t=115 [HELLO_TX] bcast battery=100.0%"
FF06,GWN,3,UNIFIED,"[BB] t=118 [RX_FWD] Encrypted CMD.5 from Child FF09 -> Queue for Parent FF0A"
FF06,GWN,3,UNIFIED,"[BB] t=118 [Q_FWD] Queued CMD.5 (size=3/15)"
FF06,GWN,3,UNIFIED,"[AC] t=124 [HELLO_TX] bcast battery=100.0%"
FF06,GWN,3,UNIFIED,"[BB] t=133 [ENC_HELLO] TX: gwCh=1; chCh=0; secCh=0; sn=0 (encrypted)"
FF06,GWN,3,UNIFIED,"[BB] t=133 [ENC_HELLO] Retry 3/3 sent (next at t=213)"
FF06,GWN,3,UNIFIED,"[AC] t=134 [HELLO_TX] bcast battery=100.0%"
FF06,GWN,3,UNIFIED,"[AC] t=143 [HELLO_TX] bcast battery=100.0%"
FF06,GWN,3,UNIFIED,"[AC] t=151 [HELLO_TX] bcast battery=100.0%"
FF06,GWN,3,UNIFIED,"[BB] t=158 [RX_FWD] Encrypted CMD.5 from Child FF09 -> Queue for Parent FF0A"
FF06,GWN,3,UNIFIED,"[BB] t=158 [Q_FWD] Queued CMD.5 (size=4/15)"
FF06,GWN,3,UNIFIED,"[AC] t=159 [HELLO_TX] bcast battery=100.0%"
FF06,GWN,3,UNIFIED,"[AC] t=163 [HELLO_TX] bcast battery=100.0%"
FF06,GWN,3,UNIFIED,"[AC] t=169 [HELLO_TX] bcast battery=100.0%"
FF06,GWN,3,UNIFIED,"t=173 [PHY] Neighbour count: 21->22"
FF06,GWN,3,UNIFIED,"t=174 [PHY] Neighbor count=22"
FF06,GWN,3,UNIFIED,"[AC] t=175 [HELLO_TX] bcast battery=100.0%"
FF06,GWN,3,UNIFIED,"[AC] t=182 [HELLO_TX] bcast battery=100.0%"
FF06,GWN,3,UNIFIED,"[AC] t=191 [HELLO_TX] bcast battery=100.0%"
FF06,GWN,3,UNIFIED,"[BB] t=200 [PHASE_RX] Listening (Q_fwd=4; Q_local=0)"
FF06,GWN,3,UNIFIED,"[AC] t=200 [HELLO_TX] bcast battery=100.0%"
FF06,GWN,3,UNIFIED,"[BB] t=200 [RX_FWD] Encrypted CMD.5 from Child FF09 -> Queue for Parent FF0A"
FF06,GWN,3,UNIFIED,"[BB] t=200 [Q_FWD] Queued CMD.5 (size=5/15)"
FF06,GWN,3,UNIFIED,"[BB] t=201 [DEQUEUE] From Q_fwd (waited 103 TFs)"
FF06,GWN,3,UNIFIED,"[BB] t=201 [PHASE_TX] Sent CMD.5 -> FF0A (Q_fwd=4; Q_local=0)"
FF06,GWN,3,UNIFIED,"[BB] t=202 [DEQUEUE] From Q_fwd (waited 101 TFs)"
FF06,GWN,3,UNIFIED,"[BB] t=202 [PHASE_TX] Sent CMD.5 -> FF0A (Q_fwd=3; Q_local=0)"
FF06,GWN,3,UNIFIED,"[AC] t=202 [RX] CH_CMD.0 <- AA01"
FF06,GWN,3,UNIFIED,"[AC] [LOCK][SET] partner=AA01 timeout=4"
FF06,GWN,3,UNIFIED,"[AC] t=202 [CH_ACK] -> AA01 (sending key)"
FF06,GWN,3,UNIFIED,"[BB] t=203 [DEQUEUE] From Q_fwd (waited 85 TFs)"
FF06,GWN,3,UNIFIED,"[BB] t=203 [PHASE_TX] Sent CMD.5 -> FF0A (Q_fwd=2; Q_local=0)"
FF06,GWN,3,UNIFIED,"[BB] t=204 [PHASE_RX] Listening (Q_fwd=2; Q_local=0)"
FF06,GWN,3,UNIFIED,"[BB] t=204 [RX_FWD] Encrypted CMD.5 from Child FF09 -> Queue for Parent FF0A"
FF06,GWN,3,UNIFIED,"[BB] t=204 [Q_FWD] Queued CMD.5 (size=3/15)"
FF06,GWN,3,UNIFIED,"[BB] t=205 [PHASE_RX] Listening (Q_fwd=3; Q_local=0)"
FF06,GWN,3,UNIFIED,"[BB] t=205 [RX_FWD] Encrypted CMD.5 from Child FF09 -> Queue for Parent FF0A"
FF06,GWN,3,UNIFIED,"[BB] t=205 [Q_FWD] Queued CMD.5 (size=4/15)"
FF06,GWN,3,UNIFIED,"[AC] t=206 [TIMEOUT] Sent CH_REJECT to orphaned AA01"
FF06,GWN,3,UNIFIED,"[AC] [LOCK][TIMEOUT] partner=AA01"
FF06,GWN,3,UNIFIED,"[BB] t=206 [PHASE_RX] Listening (Q_fwd=4; Q_local=0)"
FF06,GWN,3,UNIFIED,"[BB] t=206 [RX_FWD] Encrypted CMD.5 from Child FF09 -> Queue for Parent FF0A"
FF06,GWN,3,UNIFIED,"[BB] t=206 [Q_FWD] Queued CMD.5 (size=5/15)"
FF06,GWN,3,UNIFIED,"[AC] t=206 [RX] CH_CMD.2 <- AA01"
FF06,GWN,3,UNIFIED,"[AC] [LOCK][CLEAR][CH_SUCCESS] partner=AA01"
FF06,GWN,3,UNIFIED,"[AC] t=206 [CH_JOINED] AA01 added to children"
FF06,GWN,3,UNIFIED,"[BB] t=206 [Q_LOCAL] Queued CH_HELLO.1 (size=1/15)"
FF06,GWN,3,UNIFIED,"[BB] t=207 [DEQUEUE] From Q_fwd (waited 49 TFs)"
FF06,GWN,3,UNIFIED,"[BB] t=207 [PHASE_TX] Sent CMD.5 -> FF0A (Q_fwd=4; Q_local=1)"
FF06,GWN,3,UNIFIED,"[AC] t=207 [RX] CH_CMD.0 <- AA09"
FF06,GWN,3,UNIFIED,"[AC] [LOCK][SET] partner=AA09 timeout=4"
FF06,GWN,3,UNIFIED,"[AC] t=207 [CH_ACK] -> AA09 (sending key)"
FF06,GWN,3,UNIFIED,"[BB] t=208 [DEQUEUE] From Q_fwd (waited 8 TFs)"
FF06,GWN,3,UNIFIED,"[BB] t=208 [PHASE_TX] Sent CMD.5 -> FF0A (Q_fwd=3; Q_local=1)"
FF06,GWN,3,UNIFIED,"[BB] t=209 [DEQUEUE] From Q_fwd (waited 5 TFs)"
FF06,GWN,3,UNIFIED,"[BB] t=209 [PHASE_TX] Sent CMD.5 -> FF0A (Q_fwd=2; Q_local=1)"
FF06,GWN,3,UNIFIED,"[BB] t=210 [PHASE_RX] Listening (Q_fwd=2; Q_local=1)"
FF06,GWN,3,UNIFIED,"[AC] t=210 [HELLO_TX] bcast battery=100.0%"
FF06,GWN,3,UNIFIED,"[BB] t=210 [RX_FWD] Encrypted CMD.5 from Child FF09 -> Queue for Parent FF0A"
FF06,GWN,3,UNIFIED,"[BB] t=210 [Q_FWD] Queued CMD.5 (size=3/15)"
FF06,GWN,3,UNIFIED,"[AC] t=211 [TIMEOUT] Sent CH_REJECT to orphaned AA09"
FF06,GWN,3,UNIFIED,"[AC] [LOCK][TIMEOUT] partner=AA09"
FF06,GWN,3,UNIFIED,"[BB] t=211 [PHASE_RX] Listening (Q_fwd=3; Q_local=1)"
FF06,GWN,3,UNIFIED,"[BB] t=211 [RX_FWD] Encrypted CMD.5 from Child FF09 -> Queue for Parent FF0A"
FF06,GWN,3,UNIFIED,"[BB] t=211 [Q_FWD] Queued CMD.5 (size=4/15)"
FF06,GWN,3,UNIFIED,"[BB] t=212 [PHASE_RX] Listening (Q_fwd=4; Q_local=1)"
FF06,GWN,3,UNIFIED,"[BB] t=212 [RX_FWD] Encrypted CMD.5 from Child FF09 -> Queue for Parent FF0A"
FF06,GWN,3,UNIFIED,"[BB] t=212 [Q_FWD] Queued CMD.5 (size=5/15)"
FF06,GWN,3,UNIFIED,"[BB] t=213 [ENC_HELLO] TX: gwCh=1; chCh=1; secCh=0; sn=0 (encrypted)"
FF06,GWN,3,UNIFIED,"[BB] t=213 [ENC_HELLO] Registry refresh #1 sent (next at t=293)"
FF06,GWN,3,UNIFIED,"[BB] t=213 [DEQUEUE] From Q_fwd (waited 8 TFs)"
FF06,GWN,3,UNIFIED,"[BB] t=213 [PHASE_TX] Sent CMD.5 -> FF0A (Q_fwd=4; Q_local=1)"
FF06,GWN,3,UNIFIED,"[BB] t=214 [DEQUEUE] From Q_fwd (waited 8 TFs)"
FF06,GWN,3,UNIFIED,"[BB] t=214 [PHASE_TX] Sent CMD.5 -> FF0A (Q_fwd=3; Q_local=1)"
FF06,GWN,3,UNIFIED,"[BB] t=215 [DEQUEUE] From Q_fwd (waited 5 TFs)"
FF06,GWN,3,UNIFIED,"[BB] t=215 [PHASE_TX] Sent CMD.5 -> FF0A (Q_fwd=2; Q_local=1)"
FF06,GWN,3,UNIFIED,"[BB] t=216 [PHASE_RX] Listening (Q_fwd=2; Q_local=1)"
FF06,GWN,3,UNIFIED,"[BB] t=217 [PHASE_RX] Listening (Q_fwd=2; Q_local=1)"
FF06,GWN,3,UNIFIED,"[AC] t=217 [HELLO_TX] bcast battery=100.0%"
FF06,GWN,3,UNIFIED,"[BB] t=217 [RX_FWD] Encrypted CMD.5 from Child FF09 -> Queue for Parent FF0A"
FF06,GWN,3,UNIFIED,"[BB] t=217 [Q_FWD] Queued CMD.5 (size=3/15)"
FF06,GWN,3,UNIFIED,"[BB] t=218 [PHASE_RX] Listening (Q_fwd=3; Q_local=1)"
FF06,GWN,3,UNIFIED,"[BB] t=218 [RX_FWD] Encrypted CMD.5 from Child FF09 -> Queue for Parent FF0A"
FF06,GWN,3,UNIFIED,"[BB] t=218 [Q_FWD] Queued CMD.5 (size=4/15)"
FF06,GWN,3,UNIFIED,"[BB] t=219 [DEQUEUE] From Q_fwd (waited 8 TFs)"
FF06,GWN,3,UNIFIED,"[BB] t=219 [PHASE_TX] Sent CMD.5 -> FF0A (Q_fwd=3; Q_local=1)"
FF06,GWN,3,UNIFIED,"[BB] t=220 [DEQUEUE] From Q_fwd (waited 8 TFs)"
FF06,GWN,3,UNIFIED,"[BB] t=220 [PHASE_TX] Sent CMD.5 -> FF0A (Q_fwd=2; Q_local=1)"
FF06,GWN,3,UNIFIED,"[BB] t=221 [DEQUEUE] From Q_fwd (waited 4 TFs)"
FF06,GWN,3,UNIFIED,"[BB] t=221 [PHASE_TX] Sent CMD.5 -> FF0A (Q_fwd=1; Q_local=1)"
FF06,GWN,3,UNIFIED,"[BB] t=222 [PHASE_RX] Listening (Q_fwd=1; Q_local=1)"
FF06,GWN,3,UNIFIED,"[BB] t=222 [RX_FWD] Encrypted CMD.5 from Child FF09 -> Queue for Parent FF0A"
FF06,GWN,3,UNIFIED,"[BB] t=222 [Q_FWD] Queued CMD.5 (size=2/15)"
FF06,GWN,3,UNIFIED,"[BB] t=223 [PHASE_RX] Listening (Q_fwd=2; Q_local=1)"
FF06,GWN,3,UNIFIED,"[AC] t=223 [HELLO_TX] bcast battery=100.0%"
FF06,GWN,3,UNIFIED,"[BB] t=223 [RX_FWD] Encrypted CH_HELLO.1 from Child FF09 -> Queue for Parent FF0A"
FF06,GWN,3,UNIFIED,"[BB] t=223 [Q_FWD] Queued CH_HELLO.1 (size=3/15)"
FF06,GWN,3,UNIFIED,"[BB] t=224 [PHASE_RX] Listening (Q_fwd=3; Q_local=1)"
FF06,GWN,3,UNIFIED,"[BB] t=225 [DEQUEUE] From Q_fwd (waited 7 TFs)"
FF06,GWN,3,UNIFIED,"[BB] t=225 [PHASE_TX] Sent CMD.5 -> FF0A (Q_fwd=2; Q_local=1)"
FF06,GWN,3,UNIFIED,"[BB] t=226 [DEQUEUE] From Q_fwd (waited 4 TFs)"
FF06,GWN,3,UNIFIED,"[BB] t=226 [PHASE_TX] Sent CMD.5 -> FF0A (Q_fwd=1; Q_local=1)"
FF06,GWN,3,UNIFIED,"[BB] t=227 [DEQUEUE] From Q_fwd (waited 4 TFs)"
FF06,GWN,3,UNIFIED,"[BB] t=227 [PHASE_TX] Sent CH_HELLO.1 -> FF0A (Q_fwd=0; Q_local=1)"
FF06,GWN,3,UNIFIED,"[BB] t=228 [PHASE_RX] Listening (Q_fwd=0; Q_local=1)"
FF06,GWN,3,UNIFIED,"[BB] t=229 [PHASE_RX] Listening (Q_fwd=0; Q_local=1)"
FF06,GWN,3,UNIFIED,"[AC] t=229 [HELLO_TX] bcast battery=100.0%"
FF06,GWN,3,UNIFIED,"[BB] t=230 [PHASE_RX] Listening (Q_fwd=0; Q_local=1)"
FF06,GWN,3,UNIFIED,"[BB] t=231 [DEQUEUE] From Q_local (waited 25 TFs)"
FF06,GWN,3,UNIFIED,"[BB] t=231 [PHASE_TX] Sent CH_HELLO.1 -> FF0A (Q_fwd=0; Q_local=0)"
FF06,GWN,3,UNIFIED,"[BB] t=232 [PHASE_TX] IDLE (queues empty)"
FF06,GWN,3,UNIFIED,"[BB] t=233 [PHASE_TX] IDLE (queues empty)"
FF06,GWN,3,UNIFIED,"[BB] t=234 [PHASE_RX] Listening (Q_fwd=0; Q_local=0)"
FF06,GWN,3,UNIFIED,"[BB] t=235 [PHASE_RX] Listening (Q_fwd=0; Q_local=0)"
FF06,GWN,3,UNIFIED,"[AC] t=235 [HELLO_TX] bcast battery=100.0%"
FF06,GWN,3,UNIFIED,"[BB] t=236 [PHASE_RX] Listening (Q_fwd=0; Q_local=0)"
FF06,GWN,3,UNIFIED,"[BB] t=237 [PHASE_TX] IDLE (queues empty)"
FF06,GWN,3,UNIFIED,"[BB] t=238 [PHASE_TX] IDLE (queues empty)"
FF06,GWN,3,UNIFIED,"[BB] t=238 [RX_FWD] Encrypted CMD.5 from Child FF09 -> Queue for Parent FF0A"
FF06,GWN,3,UNIFIED,"[BB] t=238 [Q_FWD] Queued CMD.5 (size=1/15)"
FF06,GWN,3,UNIFIED,"[BB] t=239 [DEQUEUE] From Q_fwd (waited 1 TFs)"
FF06,GWN,3,UNIFIED,"[BB] t=239 [PHASE_TX] Sent CMD.5 -> FF0A (Q_fwd=0; Q_local=0)"
FF06,GWN,3,UNIFIED,"[BB] t=240 [PHASE_RX] Listening (Q_fwd=0; Q_local=0)"
FF06,GWN,3,UNIFIED,"[BB] t=241 [PHASE_RX] Listening (Q_fwd=0; Q_local=0)"
FF06,GWN,3,UNIFIED,"[BB] t=242 [PHASE_RX] Listening (Q_fwd=0; Q_local=0)"
FF06,GWN,3,UNIFIED,"[BB] t=243 [PHASE_TX] IDLE (queues empty)"
FF06,GWN,3,UNIFIED,"[BB] t=244 [PHASE_TX] IDLE (queues empty)"
FF06,GWN,3,UNIFIED,"[BB] t=245 [PHASE_TX] IDLE (queues empty)"
FF06,GWN,3,UNIFIED,"[AC] t=245 [HELLO_TX] bcast battery=100.0%"
FF06,GWN,3,UNIFIED,"[BB] t=246 [PHASE_RX] Listening (Q_fwd=0; Q_local=0)"
FF06,GWN,3,UNIFIED,"[BB] t=247 [PHASE_RX] Listening (Q_fwd=0; Q_local=0)"
FF06,GWN,3,UNIFIED,"[BB] t=248 [PHASE_RX] Listening (Q_fwd=0; Q_local=0)"
FF06,GWN,3,UNIFIED,"[BB] t=248 [RX_FWD] Encrypted CMD.5 from Child FF09 -> Queue for Parent FF0A"
FF06,GWN,3,UNIFIED,"[BB] t=248 [Q_FWD] Queued CMD.5 (size=1/15)"
FF06,GWN,3,UNIFIED,"[BB] t=249 [DEQUEUE] From Q_fwd (waited 1 TFs)"
FF06,GWN,3,UNIFIED,"[BB] t=249 [PHASE_TX] Sent CMD.5 -> FF0A (Q_fwd=0; Q_local=0)"
FF07,GWN,3,BACKBONE,"t=1 [TX] HB.0 -> <BCAST>"
FF07,GWN,3,BACKBONE,"t=4 [PHY] Neighbour count: 3->4"
FF07,GWN,3,BACKBONE,"t=5 [PHY] Neighbour count: 4->5"
FF07,GWN,3,BACKBONE,"t=6 [PHY] Neighbour count: 5->6"
FF07,GWN,3,BACKBONE,"t=8 [TX] HB.0 -> <BCAST>"
FF07,GWN,3,BACKBONE,"t=8 [PHY] Neighbour count: 6->7"
FF07,GWN,3,BACKBONE,"t=9 [PHY] Neighbour count: 7->8"
FF07,GWN,3,BACKBONE,"t=10 [PHY] Neighbour count: 8->9"
FF07,GWN,3,BACKBONE,"t=12 [PHY] Neighbour count: 9->10"
FF07,GWN,3,BACKBONE,"t=14 [PHY] Neighbour count: 10->11"
FF07,GWN,3,BACKBONE,"t=15 [TX] HB.0 -> <BCAST>"
FF07,GWN,3,BACKBONE,"t=22 [TX] HB.0 -> <BCAST>"
FF07,GWN,3,BACKBONE,"t=24 [PHY] Neighbour count: 12->13"
FF07,GWN,3,BACKBONE,"t=29 [TX] HB.1 -> <BCAST>"
FF07,GWN,3,BACKBONE,"t=33 [PHY] Neighbour count: 13->14"
FF07,GWN,3,BACKBONE,"t=36 [TX] HB.1 -> <BCAST>"
FF07,GWN,3,BACKBONE,"t=43 [TX] HB.1 -> <BCAST>"
FF07,GWN,3,BACKBONE,"t=50 [TX] HB.1 -> <BCAST>"
FF07,GWN,3,BACKBONE,"t=57 [TX] HB.1 -> <BCAST>"
FF07,GWN,3,BACKBONE,"t=64 [TX] HB.1 -> <BCAST>"
FF07,GWN,3,BACKBONE,"t=71 [TX] HB.1 -> <BCAST>"
FF07,GWN,3,BACKBONE,"t=73 [PHY] Neighbour count: 14->15"
FF07,GWN,3,BACKBONE,"t=78 [TX] HB.1 -> <BCAST>"
FF07,GWN,3,BACKBONE,"t=85 [TX] HB.1 -> <BCAST>"
FF07,GWN,3,BACKBONE,"t=85 [PHY] Neighbour count: 15->16"
FF07,GWN,3,BACKBONE,"t=92 [TX] HB.1 -> <BCAST>"
FF07,GWN,3,BACKBONE,"t=93 [RX] CMD.0 <- FF0D RSSI=51.6"
FF07,GWN,3,BACKBONE,"t=93 [TX] CMD.1 -> FF0D"
FF07,GWN,3,BACKBONE,"t=93 [TX] CMD.1 -> FF0D"
FF07,GWN,3,BACKBONE,"t=93 [STATE] DISCOVERY -> HANDSHAKE"
FF07,GWN,3,BACKBONE,"[LOCK][SET] partner=FF0D timeout=6"
FF07,GWN,3,BACKBONE,"t=93 [HANDSHAKE] Lock set with FF0D (timer=6)"
FF07,GWN,3,BACKBONE,"t=97 [RX] CMD.2 <- FF0D RSSI=51.6"
FF07,GWN,3,BACKBONE,"[LOCK][REFRESH] partner=FF0D timeout=6"
FF07,GWN,3,BACKBONE,"[LOCK][SET] partner=FF0D timeout=6"
FF07,GWN,3,BACKBONE,"t=97 [PARENT] Set parent -> FF0D"
FF07,GWN,3,BACKBONE,"t=98 [RX] CMD.4 <- FF0D RSSI=51.6"
FF07,GWN,3,BACKBONE,"[LOCK][REFRESH] partner=FF0D timeout=6"
FF07,GWN,3,BACKBONE,"t=98 [PHASE] Inherited phaseOffset=1 from parent FF0D"
FF07,GWN,3,BACKBONE,"t=98 [ENC_HELLO] TX: gwCh=0; chCh=0; secCh=0; sn=0 (encrypted)"
FF07,GWN,3,BACKBONE,"t=98 [TX] CMD.5 -> FF0D"
FF07,GWN,3,BACKBONE,"[LOCK][CLEAR][ENC_HELLO_TX] partner=FF0D"
FF07,GWN,3,BACKBONE,"t=98 [HANDSHAKE] Lock cleared (was with FF0D)"
FF07,GWN,3,BACKBONE,"[LOCK][SET] partner=FF0B timeout=6"
FF07,GWN,3,BACKBONE,"t=102 [HANDSHAKE] Lock set with FF0B (timer=6)"
FF07,GWN,3,BACKBONE,"[LOCK][SET] partner=FF0B timeout=6"
FF07,GWN,3,BACKBONE,"t=102 [TX] CMD.0 -> FF0B"
FF07,GWN,3,BACKBONE,"t=104 [RX] CMD.1 <- FF0B RSSI=0.0"
FF07,GWN,3,BACKBONE,"[LOCK][REFRESH] partner=FF0B timeout=6"
FF07,GWN,3,BACKBONE,"t=104 [TX] CMD.2 -> FF0B"
FF07,GWN,3,BACKBONE,"[LOCK][REFRESH] partner=FF0B timeout=6"
FF07,GWN,3,BACKBONE,"t=104 [HANDSHAKE] FF0B added to pendingChildren (awaiting ENC_HELLO)"
FF07,GWN,3,BACKBONE,"t=104 [TX] CMD.4 -> FF0B"
FF07,GWN,3,BACKBONE,"t=104 [PHASE] Sending phaseOffset=0 to child FF0B (self=1)"
FF07,GWN,3,BACKBONE,"[LOCK][REFRESH] partner=FF0B timeout=6"
FF07,GWN,3,BACKBONE,"[LOCK][SET] partner=FF0B timeout=6"
FF07,GWN,3,BACKBONE,"t=108 [ENC_HELLO] TX: gwCh=0; chCh=0; secCh=0; sn=0 (encrypted)"
FF07,GWN,3,BACKBONE,"t=108 [ENC_HELLO] Retry 1/3 sent (next at t=128)"
FF07,GWN,3,BACKBONE,"t=109 [RX] CMD.5 <- FF0B RSSI=0.0"
FF07,GWN,3,BACKBONE,"t=109 [HANDSHAKE] FF0B promoted to children (ENC_HELLO received)"
FF07,GWN,3,BACKBONE,"[LOCK][CLEAR][ENC_HELLO_RX] partner=FF0B"
FF07,GWN,3,BACKBONE,"t=109 [TX] CMD.5 -> FF0D"
FF07,GWN,3,BACKBONE,"t=109 [HANDSHAKE] Lock cleared (was with FF0B)"
FF07,GWN,3,BACKBONE,"t=109 [RETRY] Reset retry state for FF0B (now child)"
FF07,GWN,3,BACKBONE,"t=109 [STATE] HANDSHAKE -> SECURE"
FF07,GWN,3,BACKBONE,"t=119 [RX] CMD.0 <- FF04 RSSI=0.0"
FF07,GWN,3,BACKBONE,"t=119 [TX] CMD.3 -> FF04"
FF07,GWN,3,BACKBONE,"t=128 [ENC_HELLO] TX: gwCh=1; chCh=0; secCh=0; sn=0 (encrypted)"
FF07,GWN,3,BACKBONE,"t=128 [ENC_HELLO] Retry 2/3 sent (next at t=168)"
FF07,GWN,3,BACKBONE,"t=137 [RX_FWD] Encrypted CMD.5 from Child FF0B -> Queue for Parent FF0D"
FF07,GWN,3,BACKBONE,"t=137 [Q_FWD] Queued CMD.5 (size=1/15)"
FF07,GWN,3,BACKBONE,"t=168 [ENC_HELLO] TX: gwCh=1; chCh=0; secCh=0; sn=0 (encrypted)"
FF07,GWN,3,BACKBONE,"t=168 [ENC_HELLO] Retry 3/3 sent (next at t=248)"
FF07,GWN,3,BACKBONE,"t=177 [RX_FWD] Encrypted CMD.5 from Child FF0B -> Queue for Parent FF0D"
FF07,GWN,3,BACKBONE,"t=177 [Q_FWD] Queued CMD.5 (size=2/15)"
FF07,GWN,3,BACKBONE,"t=200 [PHASE_RX] Listening (Q_fwd=2; Q_local=0)"
FF07,GWN,3,BACKBONE,"t=201 [DEQUEUE] From Q_fwd (waited 64 TFs)"
FF07,GWN,3,BACKBONE,"t=201 [PHASE_TX] Sent CMD.5 -> FF0D (Q_fwd=1; Q_local=0)"
FF07,GWN,3,BACKBONE,"t=202 [DEQUEUE] From Q_fwd (waited 25 TFs)"
FF07,GWN,3,BACKBONE,"t=202 [PHASE_TX] Sent CMD.5 -> FF0D (Q_fwd=0; Q_local=0)"
FF07,GWN,3,BACKBONE,"t=203 [PHASE_TX] IDLE (queues empty)"
FF07,GWN,3,BACKBONE,"t=204 [PHASE_RX] Listening (Q_fwd=0; Q_local=0)"
FF07,GWN,3,BACKBONE,"t=205 [PHASE_RX] Listening (Q_fwd=0; Q_local=0)"
FF07,GWN,3,BACKBONE,"t=206 [PHASE_RX] Listening (Q_fwd=0; Q_local=0)"
FF07,GWN,3,BACKBONE,"t=207 [PHASE_TX] IDLE (queues empty)"
FF07,GWN,3,BACKBONE,"t=208 [PHASE_TX] IDLE (queues empty)"
FF07,GWN,3,BACKBONE,"t=209 [PHASE_TX] IDLE (queues empty)"
FF07,GWN,3,BACKBONE,"t=210 [PHASE_RX] Listening (Q_fwd=0; Q_local=0)"
FF07,GWN,3,BACKBONE,"t=211 [PHASE_RX] Listening (Q_fwd=0; Q_local=0)"
FF07,GWN,3,BACKBONE,"t=212 [PHASE_RX] Listening (Q_fwd=0; Q_local=0)"
FF07,GWN,3,BACKBONE,"t=213 [PHASE_TX] IDLE (queues empty)"
FF07,GWN,3,BACKBONE,"t=214 [PHASE_TX] IDLE (queues empty)"
FF07,GWN,3,BACKBONE,"t=215 [PHASE_TX] IDLE (queues empty)"
FF07,GWN,3,BACKBONE,"t=216 [PHASE_RX] Listening (Q_fwd=0; Q_local=0)"
FF07,GWN,3,BACKBONE,"t=217 [PHASE_RX] Listening (Q_fwd=0; Q_local=0)"
FF07,GWN,3,BACKBONE,"t=218 [PHASE_RX] Listening (Q_fwd=0; Q_local=0)"
FF07,GWN,3,BACKBONE,"t=219 [PHASE_TX] IDLE (queues empty)"
FF07,GWN,3,BACKBONE,"t=220 [PHASE_TX] IDLE (queues empty)"
FF07,GWN,3,BACKBONE,"t=221 [PHASE_TX] IDLE (queues empty)"
FF07,GWN,3,BACKBONE,"t=222 [PHASE_RX] Listening (Q_fwd=0; Q_local=0)"
FF07,GWN,3,BACKBONE,"t=223 [PHASE_RX] Listening (Q_fwd=0; Q_local=0)"
FF07,GWN,3,BACKBONE,"t=224 [PHASE_RX] Listening (Q_fwd=0; Q_local=0)"
FF07,GWN,3,BACKBONE,"t=225 [PHASE_TX] IDLE (queues empty)"
FF07,GWN,3,BACKBONE,"t=226 [PHASE_TX] IDLE (queues empty)"
FF07,GWN,3,BACKBONE,"t=227 [PHASE_TX] IDLE (queues empty)"
FF07,GWN,3,BACKBONE,"t=228 [PHASE_RX] Listening (Q_fwd=0; Q_local=0)"
FF07,GWN,3,BACKBONE,"t=229 [PHASE_RX] Listening (Q_fwd=0; Q_local=0)"
FF07,GWN,3,BACKBONE,"t=230 [PHASE_RX] Listening (Q_fwd=0; Q_local=0)"
FF07,GWN,3,BACKBONE,"t=231 [PHASE_TX] IDLE (queues empty)"
FF07,GWN,3,BACKBONE,"t=232 [PHASE_TX] IDLE (queues empty)"
FF07,GWN,3,BACKBONE,"t=233 [PHASE_TX] IDLE (queues empty)"
FF07,GWN,3,BACKBONE,"t=234 [PHASE_RX] Listening (Q_fwd=0; Q_local=0)"
FF07,GWN,3,BACKBONE,"t=235 [PHASE_RX] Listening (Q_fwd=0; Q_local=0)"
FF07,GWN,3,BACKBONE,"t=236 [PHASE_RX] Listening (Q_fwd=0; Q_local=0)"
FF07,GWN,3,BACKBONE,"t=237 [PHASE_TX] IDLE (queues empty)"
FF07,GWN,3,BACKBONE,"t=238 [PHASE_TX] IDLE (queues empty)"
FF07,GWN,3,BACKBONE,"t=239 [PHASE_TX] IDLE (queues empty)"
FF07,GWN,3,BACKBONE,"t=240 [PHASE_RX] Listening (Q_fwd=0; Q_local=0)"
FF07,GWN,3,BACKBONE,"t=241 [PHASE_RX] Listening (Q_fwd=0; Q_local=0)"
FF07,GWN,3,BACKBONE,"t=242 [PHASE_RX] Listening (Q_fwd=0; Q_local=0)"
FF07,GWN,3,BACKBONE,"t=243 [PHASE_TX] IDLE (queues empty)"
FF07,GWN,3,BACKBONE,"t=244 [PHASE_TX] IDLE (queues empty)"
FF07,GWN,3,BACKBONE,"t=245 [PHASE_TX] IDLE (queues empty)"
FF07,GWN,3,BACKBONE,"t=246 [PHASE_RX] Listening (Q_fwd=0; Q_local=0)"
FF07,GWN,3,BACKBONE,"t=247 [PHASE_RX] Listening (Q_fwd=0; Q_local=0)"
FF07,GWN,3,BACKBONE,"t=248 [ENC_HELLO] TX: gwCh=1; chCh=0; secCh=0; sn=0 (encrypted)"
FF07,GWN,3,BACKBONE,"t=248 [ENC_HELLO] Registry refresh #1 sent (next at t=328)"
FF07,GWN,3,BACKBONE,"t=248 [PHASE_RX] Listening (Q_fwd=0; Q_local=0)"
FF07,GWN,3,BACKBONE,"t=249 [PHASE_TX] IDLE (queues empty)"
FF07,GWN,3,ACCESS,"t=4 [PHY] Neighbour count: 3->4"
FF07,GWN,3,ACCESS,"t=5 [PHY] Neighbour count: 4->5"
FF07,GWN,3,ACCESS,"t=6 [PHY] Neighbour count: 5->6"
FF07,GWN,3,ACCESS,"t=8 [PHY] Neighbour count: 6->7"
FF07,GWN,3,ACCESS,"t=9 [PHY] Neighbour count: 7->8"
FF07,GWN,3,ACCESS,"t=10 [HELLO_TX] bcast battery=100.0%"
FF07,GWN,3,ACCESS,"t=10 [PHY] Neighbour count: 8->9"
FF07,GWN,3,ACCESS,"t=12 [PHY] Neighbour count: 9->10"
FF07,GWN,3,ACCESS,"t=14 [PHY] Neighbour count: 10->11"
FF07,GWN,3,ACCESS,"t=15 [HELLO_TX] bcast battery=100.0%"
FF07,GWN,3,ACCESS,"t=24 [HELLO_TX] bcast battery=100.0%"
FF07,GWN,3,ACCESS,"t=24 [PHY] Neighbour count: 12->13"
FF07,GWN,3,ACCESS,"t=33 [HELLO_TX] bcast battery=100.0%"
FF07,GWN,3,ACCESS,"t=33 [PHY] Neighbour count: 13->14"
FF07,GWN,3,ACCESS,"t=43 [HELLO_TX] bcast battery=100.0%"
FF07,GWN,3,ACCESS,"t=50 [HELLO_TX] bcast battery=100.0%"
FF07,GWN,3,ACCESS,"t=56 [HELLO_TX] bcast battery=100.0%"
FF07,GWN,3,ACCESS,"t=61 [HELLO_TX] bcast battery=100.0%"
FF07,GWN,3,ACCESS,"t=67 [HELLO_TX] bcast battery=100.0%"
FF07,GWN,3,ACCESS,"t=73 [PHY] Neighbour count: 14->15"
FF07,GWN,3,ACCESS,"t=74 [HELLO_TX] bcast battery=100.0%"
FF07,GWN,3,ACCESS,"t=80 [HELLO_TX] bcast battery=100.0%"
FF07,GWN,3,ACCESS,"t=85 [PHY] Neighbour count: 15->16"
FF07,GWN,3,ACCESS,"t=86 [HELLO_TX] bcast battery=100.0%"
FF07,GWN,3,ACCESS,"t=90 [HELLO_TX] bcast battery=100.0%"
FF07,GWN,3,ACCESS,"t=99 [HELLO_TX] bcast battery=100.0%"
FF07,GWN,3,ACCESS,"t=107 [HELLO_TX] bcast battery=100.0%"
FF07,GWN,3,ACCESS,"t=112 [HELLO_TX] bcast battery=100.0%"
FF07,GWN,3,ACCESS,"t=117 [HELLO_TX] bcast battery=100.0%"
FF07,GWN,3,ACCESS,"t=122 [HELLO_TX] bcast battery=100.0%"
FF07,GWN,3,ACCESS,"t=129 [HELLO_TX] bcast battery=100.0%"
FF07,GWN,3,ACCESS,"t=136 [HELLO_TX] bcast battery=100.0%"
FF07,GWN,3,ACCESS,"t=140 [HELLO_TX] bcast battery=100.0%"
FF07,GWN,3,ACCESS,"t=149 [HELLO_TX] bcast battery=100.0%"
FF07,GWN,3,ACCESS,"t=156 [HELLO_TX] bcast battery=100.0%"
FF07,GWN,3,ACCESS,"t=164 [HELLO_TX] bcast battery=100.0%"
FF07,GWN,3,ACCESS,"t=172 [HELLO_TX] bcast battery=100.0%"
FF07,GWN,3,ACCESS,"t=181 [HELLO_TX] bcast battery=100.0%"
FF07,GWN,3,ACCESS,"t=190 [HELLO_TX] bcast battery=100.0%"
FF07,GWN,3,ACCESS,"t=196 [HELLO_TX] bcast battery=100.0%"
FF07,GWN,3,ACCESS,"t=202 [HELLO_TX] bcast battery=100.0%"
FF07,GWN,3,ACCESS,"t=209 [HELLO_TX] bcast battery=100.0%"
FF07,GWN,3,ACCESS,"t=215 [HELLO_TX] bcast battery=100.0%"
FF07,GWN,3,ACCESS,"t=221 [HELLO_TX] bcast battery=100.0%"
FF07,GWN,3,ACCESS,"t=227 [HELLO_TX] bcast battery=100.0%"
FF07,GWN,3,ACCESS,"t=231 [HELLO_TX] bcast battery=100.0%"
FF07,GWN,3,ACCESS,"t=235 [HELLO_TX] bcast battery=100.0%"
FF07,GWN,3,ACCESS,"t=245 [HELLO_TX] bcast battery=100.0%"
FF07,GWN,3,UNIFIED,"[BB] t=1 [TX] HB.0 -> <BCAST>"
FF07,GWN,3,UNIFIED,"t=2 [PHY] Neighbor count=1"
FF07,GWN,3,UNIFIED,"t=3 [PHY] Neighbor count=2"
FF07,GWN,3,UNIFIED,"t=4 [PHY] Neighbor count=3"
FF07,GWN,3,UNIFIED,"t=4 [PHY] Neighbour count: 3->4"
FF07,GWN,3,UNIFIED,"t=5 [PHY] Neighbor count=4"
FF07,GWN,3,UNIFIED,"t=5 [PHY] Neighbour count: 4->5"
FF07,GWN,3,UNIFIED,"t=6 [PHY] Neighbor count=5"
FF07,GWN,3,UNIFIED,"t=6 [PHY] Neighbour count: 5->6"
FF07,GWN,3,UNIFIED,"t=7 [PHY] Neighbor count=6"
FF07,GWN,3,UNIFIED,"[BB] t=8 [TX] HB.0 -> <BCAST>"
FF07,GWN,3,UNIFIED,"t=8 [PHY] Neighbour count: 6->7"
FF07,GWN,3,UNIFIED,"t=9 [PHY] Neighbor count=7"
FF07,GWN,3,UNIFIED,"t=9 [PHY] Neighbour count: 7->8"
FF07,GWN,3,UNIFIED,"t=10 [PHY] Neighbor count=8"
FF07,GWN,3,UNIFIED,"[AC] t=10 [HELLO_TX] bcast battery=100.0%"
FF07,GWN,3,UNIFIED,"t=10 [PHY] Neighbour count: 8->9"
FF07,GWN,3,UNIFIED,"t=11 [PHY] Neighbor count=9"
FF07,GWN,3,UNIFIED,"t=12 [PHY] Neighbour count: 9->10"
FF07,GWN,3,UNIFIED,"t=13 [PHY] Neighbor count=10"
FF07,GWN,3,UNIFIED,"t=14 [PHY] Neighbour count: 10->11"
FF07,GWN,3,UNIFIED,"t=15 [PHY] Neighbor count=11"
FF07,GWN,3,UNIFIED,"[BB] t=15 [TX] HB.0 -> <BCAST>"
FF07,GWN,3,UNIFIED,"[AC] t=15 [HELLO_TX] bcast battery=100.0%"
FF07,GWN,3,UNIFIED,"t=21 [PHY] Neighbor count=12"
FF07,GWN,3,UNIFIED,"t=22 [STATE] BOOT→DISCOVERY (neighbors=12)"
FF07,GWN,3,UNIFIED,"[BB] t=22 [TX] HB.0 -> <BCAST>"
FF07,GWN,3,UNIFIED,"[AC] t=24 [HELLO_TX] bcast battery=100.0%"
FF07,GWN,3,UNIFIED,"t=24 [PHY] Neighbour count: 12->13"
FF07,GWN,3,UNIFIED,"t=25 [PHY] Neighbor count=13"
FF07,GWN,3,UNIFIED,"[BB] t=29 [TX] HB.1 -> <BCAST>"
FF07,GWN,3,UNIFIED,"[AC] t=33 [HELLO_TX] bcast battery=100.0%"
FF07,GWN,3,UNIFIED,"t=33 [PHY] Neighbour count: 13->14"
FF07,GWN,3,UNIFIED,"t=34 [PHY] Neighbor count=14"
FF07,GWN,3,UNIFIED,"[BB] t=36 [TX] HB.1 -> <BCAST>"
FF07,GWN,3,UNIFIED,"[BB] t=43 [TX] HB.1 -> <BCAST>"
FF07,GWN,3,UNIFIED,"[AC] t=43 [HELLO_TX] bcast battery=100.0%"
FF07,GWN,3,UNIFIED,"[BB] t=50 [TX] HB.1 -> <BCAST>"
FF07,GWN,3,UNIFIED,"[AC] t=50 [HELLO_TX] bcast battery=100.0%"
FF07,GWN,3,UNIFIED,"[AC] t=56 [HELLO_TX] bcast battery=100.0%"
FF07,GWN,3,UNIFIED,"[BB] t=57 [TX] HB.1 -> <BCAST>"
FF07,GWN,3,UNIFIED,"[AC] t=61 [HELLO_TX] bcast battery=100.0%"
FF07,GWN,3,UNIFIED,"[BB] t=64 [TX] HB.1 -> <BCAST>"
FF07,GWN,3,UNIFIED,"[AC] t=67 [HELLO_TX] bcast battery=100.0%"
FF07,GWN,3,UNIFIED,"[BB] t=71 [TX] HB.1 -> <BCAST>"
FF07,GWN,3,UNIFIED,"t=73 [PHY] Neighbour count: 14->15"
FF07,GWN,3,UNIFIED,"t=74 [PHY] Neighbor count=15"
FF07,GWN,3,UNIFIED,"[AC] t=74 [HELLO_TX] bcast battery=100.0%"
FF07,GWN,3,UNIFIED,"[BB] t=78 [TX] HB.1 -> <BCAST>"
FF07,GWN,3,UNIFIED,"[AC] t=80 [HELLO_TX] bcast battery=100.0%"
FF07,GWN,3,UNIFIED,"[BB] t=85 [TX] HB.1 -> <BCAST>"
FF07,GWN,3,UNIFIED,"t=85 [PHY] Neighbour count: 15->16"
FF07,GWN,3,UNIFIED,"t=86 [PHY] Neighbor count=16"
FF07,GWN,3,UNIFIED,"[AC] t=86 [HELLO_TX] bcast battery=100.0%"
FF07,GWN,3,UNIFIED,"[AC] t=90 [HELLO_TX] bcast battery=100.0%"
FF07,GWN,3,UNIFIED,"[BB] t=92 [TX] HB.1 -> <BCAST>"
FF07,GWN,3,UNIFIED,"[BB] t=93 [RX] CMD.0 <- FF0D RSSI=51.6"
FF07,GWN,3,UNIFIED,"[BB] t=93 [TX] CMD.1 -> FF0D"
FF07,GWN,3,UNIFIED,"[BB] t=93 [TX] CMD.1 -> FF0D"
FF07,GWN,3,UNIFIED,"[BB] t=93 [STATE] DISCOVERY -> HANDSHAKE"
FF07,GWN,3,UNIFIED,"[BB] [LOCK][SET] partner=FF0D timeout=6"
FF07,GWN,3,UNIFIED,"[BB] t=93 [HANDSHAKE] Lock set with FF0D (timer=6)"
FF07,GWN,3,UNIFIED,"[BB] t=97 [RX] CMD.2 <- FF0D RSSI=51.6"
FF07,GWN,3,UNIFIED,"[BB] [LOCK][REFRESH] partner=FF0D timeout=6"
FF07,GWN,3,UNIFIED,"[BB] [LOCK][SET] partner=FF0D timeout=6"
FF07,GWN,3,UNIFIED,"[BB] t=97 [PARENT] Set parent -> FF0D"
FF07,GWN,3,UNIFIED,"[BB] t=98 [RX] CMD.4 <- FF0D RSSI=51.6"
FF07,GWN,3,UNIFIED,"[BB] [LOCK][REFRESH] partner=FF0D timeout=6"
FF07,GWN,3,UNIFIED,"[BB] t=98 [PHASE] Inherited phaseOffset=1 from parent FF0D"
FF07,GWN,3,UNIFIED,"[BB] t=98 [ENC_HELLO] TX: gwCh=0; chCh=0; secCh=0; sn=0 (encrypted)"
FF07,GWN,3,UNIFIED,"[BB] t=98 [TX] CMD.5 -> FF0D"
FF07,GWN,3,UNIFIED,"[BB] [LOCK][CLEAR][ENC_HELLO_TX] partner=FF0D"
FF07,GWN,3,UNIFIED,"[BB] t=98 [HANDSHAKE] Lock cleared (was with FF0D)"
FF07,GWN,3,UNIFIED,"[AC] t=99 [HELLO_TX] bcast battery=100.0%"
FF07,GWN,3,UNIFIED,"t=102 [RECRUIT] INIT(1/4) -> FF0B"
FF07,GWN,3,UNIFIED,"[BB] [LOCK][SET] partner=FF0B timeout=6"
FF07,GWN,3,UNIFIED,"[BB] t=102 [HANDSHAKE] Lock set with FF0B (timer=6)"
FF07,GWN,3,UNIFIED,"[BB] [LOCK][SET] partner=FF0B timeout=6"
FF07,GWN,3,UNIFIED,"[BB] t=102 [TX] CMD.0 -> FF0B"
FF07,GWN,3,UNIFIED,"[BB] t=104 [RX] CMD.1 <- FF0B RSSI=0.0"
FF07,GWN,3,UNIFIED,"[BB] [LOCK][REFRESH] partner=FF0B timeout=6"
FF07,GWN,3,UNIFIED,"[BB] t=104 [TX] CMD.2 -> FF0B"
FF07,GWN,3,UNIFIED,"[BB] [LOCK][REFRESH] partner=FF0B timeout=6"
FF07,GWN,3,UNIFIED,"[BB] t=104 [HANDSHAKE] FF0B added to pendingChildren (awaiting ENC_HELLO)"
FF07,GWN,3,UNIFIED,"[BB] t=104 [TX] CMD.4 -> FF0B"
FF07,GWN,3,UNIFIED,"[BB] t=104 [PHASE] Sending phaseOffset=0 to child FF0B (self=1)"
FF07,GWN,3,UNIFIED,"[BB] [LOCK][REFRESH] partner=FF0B timeout=6"
FF07,GWN,3,UNIFIED,"[BB] [LOCK][SET] partner=FF0B timeout=6"
FF07,GWN,3,UNIFIED,"[AC] t=107 [HELLO_TX] bcast battery=100.0%"
FF07,GWN,3,UNIFIED,"[BB] t=108 [ENC_HELLO] TX: gwCh=0; chCh=0; secCh=0; sn=0 (encrypted)"
FF07,GWN,3,UNIFIED,"[BB] t=108 [ENC_HELLO] Retry 1/3 sent (next at t=128)"
FF07,GWN,3,UNIFIED,"[BB] t=109 [RX] CMD.5 <- FF0B RSSI=0.0"
FF07,GWN,3,UNIFIED,"[BB] t=109 [HANDSHAKE] FF0B promoted to children (ENC_HELLO received)"
FF07,GWN,3,UNIFIED,"[BB] [LOCK][CLEAR][ENC_HELLO_RX] partner=FF0B"
FF07,GWN,3,UNIFIED,"[BB] t=109 [TX] CMD.5 -> FF0D"
FF07,GWN,3,UNIFIED,"[BB] t=109 [HANDSHAKE] Lock cleared (was with FF0B)"
FF07,GWN,3,UNIFIED,"[BB] t=109 [RETRY] Reset retry state for FF0B (now child)"
FF07,GWN,3,UNIFIED,"[BB] t=109 [STATE] HANDSHAKE -> SECURE"
FF07,GWN,3,UNIFIED,"[AC] t=112 [HELLO_TX] bcast battery=100.0%"
FF07,GWN,3,UNIFIED,"[AC] t=117 [HELLO_TX] bcast battery=100.0%"
FF07,GWN,3,UNIFIED,"[BB] t=119 [RX] CMD.0 <- FF04 RSSI=0.0"
FF07,GWN,3,UNIFIED,"[BB] t=119 [TX] CMD.3 -> FF04"
FF07,GWN,3,UNIFIED,"t=119 [REJ_PARENT] → FF04"
FF07,GWN,3,UNIFIED,"[AC] t=122 [HELLO_TX] bcast battery=100.0%"
FF07,GWN,3,UNIFIED,"[BB] t=128 [ENC_HELLO] TX: gwCh=1; chCh=0; secCh=0; sn=0 (encrypted)"
FF07,GWN,3,UNIFIED,"[BB] t=128 [ENC_HELLO] Retry 2/3 sent (next at t=168)"
FF07,GWN,3,UNIFIED,"[AC] t=129 [HELLO_TX] bcast battery=100.0%"
FF07,GWN,3,UNIFIED,"[AC] t=136 [HELLO_TX] bcast battery=100.0%"
FF07,GWN,3,UNIFIED,"[BB] t=137 [RX_FWD] Encrypted CMD.5 from Child FF0B -> Queue for Parent FF0D"
FF07,GWN,3,UNIFIED,"[BB] t=137 [Q_FWD] Queued CMD.5 (size=1/15)"
FF07,GWN,3,UNIFIED,"[AC] t=140 [HELLO_TX] bcast battery=100.0%"
FF07,GWN,3,UNIFIED,"[AC] t=149 [HELLO_TX] bcast battery=100.0%"
FF07,GWN,3,UNIFIED,"[AC] t=156 [HELLO_TX] bcast battery=100.0%"
FF07,GWN,3,UNIFIED,"[AC] t=164 [HELLO_TX] bcast battery=100.0%"
FF07,GWN,3,UNIFIED,"[BB] t=168 [ENC_HELLO] TX: gwCh=1; chCh=0; secCh=0; sn=0 (encrypted)"
FF07,GWN,3,UNIFIED,"[BB] t=168 [ENC_HELLO] Retry 3/3 sent (next at t=248)"
FF07,GWN,3,UNIFIED,"[AC] t=172 [HELLO_TX] bcast battery=100.0%"
FF07,GWN,3,UNIFIED,"[BB] t=177 [RX_FWD] Encrypted CMD.5 from Child FF0B -> Queue for Parent FF0D"
FF07,GWN,3,UNIFIED,"[BB] t=177 [Q_FWD] Queued CMD.5 (size=2/15)"
FF07,GWN,3,UNIFIED,"[AC] t=181 [HELLO_TX] bcast battery=100.0%"
FF07,GWN,3,UNIFIED,"[AC] t=190 [HELLO_TX] bcast battery=100.0%"
FF07,GWN,3,UNIFIED,"[AC] t=196 [HELLO_TX] bcast battery=100.0%"
FF07,GWN,3,UNIFIED,"[BB] t=200 [PHASE_RX] Listening (Q_fwd=2; Q_local=0)"
FF07,GWN,3,UNIFIED,"[BB] t=201 [DEQUEUE] From Q_fwd (waited 64 TFs)"
FF07,GWN,3,UNIFIED,"[BB] t=201 [PHASE_TX] Sent CMD.5 -> FF0D (Q_fwd=1; Q_local=0)"
FF07,GWN,3,UNIFIED,"[BB] t=202 [DEQUEUE] From Q_fwd (waited 25 TFs)"
FF07,GWN,3,UNIFIED,"[BB] t=202 [PHASE_TX] Sent CMD.5 -> FF0D (Q_fwd=0; Q_local=0)"
FF07,GWN,3,UNIFIED,"[AC] t=202 [HELLO_TX] bcast battery=100.0%"
FF07,GWN,3,UNIFIED,"[BB] t=203 [PHASE_TX] IDLE (queues empty)"
FF07,GWN,3,UNIFIED,"[BB] t=204 [PHASE_RX] Listening (Q_fwd=0; Q_local=0)"
FF07,GWN,3,UNIFIED,"[BB] t=205 [PHASE_RX] Listening (Q_fwd=0; Q_local=0)"
FF07,GWN,3,UNIFIED,"[BB] t=206 [PHASE_RX] Listening (Q_fwd=0; Q_local=0)"
FF07,GWN,3,UNIFIED,"[BB] t=207 [PHASE_TX] IDLE (queues empty)"
FF07,GWN,3,UNIFIED,"[BB] t=208 [PHASE_TX] IDLE (queues empty)"
FF07,GWN,3,UNIFIED,"[BB] t=209 [PHASE_TX] IDLE (queues empty)"
FF07,GWN,3,UNIFIED,"[AC] t=209 [HELLO_TX] bcast battery=100.0%"
FF07,GWN,3,UNIFIED,"[BB] t=210 [PHASE_RX] Listening (Q_fwd=0; Q_local=0)"
FF07,GWN,3,UNIFIED,"[BB] t=211 [PHASE_RX] Listening (Q_fwd=0; Q_local=0)"
FF07,GWN,3,UNIFIED,"[BB] t=212 [PHASE_RX] Listening (Q_fwd=0; Q_local=0)"
FF07,GWN,3,UNIFIED,"[BB] t=213 [PHASE_TX] IDLE (queues empty)"
FF07,GWN,3,UNIFIED,"[BB] t=214 [PHASE_TX] IDLE (queues empty)"
FF07,GWN,3,UNIFIED,"[BB] t=215 [PHASE_TX] IDLE (queues empty)"
FF07,GWN,3,UNIFIED,"[AC] t=215 [HELLO_TX] bcast battery=100.0%"
FF07,GWN,3,UNIFIED,"[BB] t=216 [PHASE_RX] Listening (Q_fwd=0; Q_local=0)"
FF07,GWN,3,UNIFIED,"[BB] t=217 [PHASE_RX] Listening (Q_fwd=0; Q_local=0)"
FF07,GWN,3,UNIFIED,"[BB] t=218 [PHASE_RX] Listening (Q_fwd=0; Q_local=0)"
FF07,GWN,3,UNIFIED,"[BB] t=219 [PHASE_TX] IDLE (queues empty)"
FF07,GWN,3,UNIFIED,"[BB] t=220 [PHASE_TX] IDLE (queues empty)"
FF07,GWN,3,UNIFIED,"[BB] t=221 [PHASE_TX] IDLE (queues empty)"
FF07,GWN,3,UNIFIED,"[AC] t=221 [HELLO_TX] bcast battery=100.0%"
FF07,GWN,3,UNIFIED,"[BB] t=222 [PHASE_RX] Listening (Q_fwd=0; Q_local=0)"
FF07,GWN,3,UNIFIED,"[BB] t=223 [PHASE_RX] Listening (Q_fwd=0; Q_local=0)"
FF07,GWN,3,UNIFIED,"[BB] t=224 [PHASE_RX] Listening (Q_fwd=0; Q_local=0)"
FF07,GWN,3,UNIFIED,"[BB] t=225 [PHASE_TX] IDLE (queues empty)"
FF07,GWN,3,UNIFIED,"[BB] t=226 [PHASE_TX] IDLE (queues empty)"
FF07,GWN,3,UNIFIED,"[BB] t=227 [PHASE_TX] IDLE (queues empty)"
FF07,GWN,3,UNIFIED,"[AC] t=227 [HELLO_TX] bcast battery=100.0%"
FF07,GWN,3,UNIFIED,"[BB] t=228 [PHASE_RX] Listening (Q_fwd=0; Q_local=0)"
FF07,GWN,3,UNIFIED,"[BB] t=229 [PHASE_RX] Listening (Q_fwd=0; Q_local=0)"
FF07,GWN,3,UNIFIED,"[BB] t=230 [PHASE_RX] Listening (Q_fwd=0; Q_local=0)"
FF07,GWN,3,UNIFIED,"[BB] t=231 [PHASE_TX] IDLE (queues empty)"
FF07,GWN,3,UNIFIED,"[AC] t=231 [HELLO_TX] bcast battery=100.0%"
FF07,GWN,3,UNIFIED,"[BB] t=232 [PHASE_TX] IDLE (queues empty)"
FF07,GWN,3,UNIFIED,"[BB] t=233 [PHASE_TX] IDLE (queues empty)"
FF07,GWN,3,UNIFIED,"[BB] t=234 [PHASE_RX] Listening (Q_fwd=0; Q_local=0)"
FF07,GWN,3,UNIFIED,"[BB] t=235 [PHASE_RX] Listening (Q_fwd=0; Q_local=0)"
FF07,GWN,3,UNIFIED,"[AC] t=235 [HELLO_TX] bcast battery=100.0%"
FF07,GWN,3,UNIFIED,"[BB] t=236 [PHASE_RX] Listening (Q_fwd=0; Q_local=0)"
FF07,GWN,3,UNIFIED,"[BB] t=237 [PHASE_TX] IDLE (queues empty)"
FF07,GWN,3,UNIFIED,"[BB] t=238 [PHASE_TX] IDLE (queues empty)"
FF07,GWN,3,UNIFIED,"[BB] t=239 [PHASE_TX] IDLE (queues empty)"
FF07,GWN,3,UNIFIED,"[BB] t=240 [PHASE_RX] Listening (Q_fwd=0; Q_local=0)"
FF07,GWN,3,UNIFIED,"[BB] t=241 [PHASE_RX] Listening (Q_fwd=0; Q_local=0)"
FF07,GWN,3,UNIFIED,"[BB] t=242 [PHASE_RX] Listening (Q_fwd=0; Q_local=0)"
FF07,GWN,3,UNIFIED,"[BB] t=243 [PHASE_TX] IDLE (queues empty)"
FF07,GWN,3,UNIFIED,"[BB] t=244 [PHASE_TX] IDLE (queues empty)"
FF07,GWN,3,UNIFIED,"[BB] t=245 [PHASE_TX] IDLE (queues empty)"
FF07,GWN,3,UNIFIED,"[AC] t=245 [HELLO_TX] bcast battery=100.0%"
FF07,GWN,3,UNIFIED,"[BB] t=246 [PHASE_RX] Listening (Q_fwd=0; Q_local=0)"
FF07,GWN,3,UNIFIED,"[BB] t=247 [PHASE_RX] Listening (Q_fwd=0; Q_local=0)"
FF07,GWN,3,UNIFIED,"[BB] t=248 [ENC_HELLO] TX: gwCh=1; chCh=0; secCh=0; sn=0 (encrypted)"
FF07,GWN,3,UNIFIED,"[BB] t=248 [ENC_HELLO] Registry refresh #1 sent (next at t=328)"
FF07,GWN,3,UNIFIED,"[BB] t=248 [PHASE_RX] Listening (Q_fwd=0; Q_local=0)"
FF07,GWN,3,UNIFIED,"[BB] t=249 [PHASE_TX] IDLE (queues empty)"
FF08,GWN,3,BACKBONE,"t=2 [TX] HB.0 -> <BCAST>"
FF08,GWN,3,BACKBONE,"t=4 [PHY] Neighbour count: 3->4"
FF08,GWN,3,BACKBONE,"t=5 [PHY] Neighbour count: 4->5"
FF08,GWN,3,BACKBONE,"t=6 [PHY] Neighbour count: 5->6"
FF08,GWN,3,BACKBONE,"t=8 [PHY] Neighbour count: 6->7"
FF08,GWN,3,BACKBONE,"t=9 [TX] HB.0 -> <BCAST>"
FF08,GWN,3,BACKBONE,"t=9 [PHY] Neighbour count: 7->8"
FF08,GWN,3,BACKBONE,"t=10 [PHY] Neighbour count: 8->9"
FF08,GWN,3,BACKBONE,"t=11 [PHY] Neighbour count: 9->10"
FF08,GWN,3,BACKBONE,"t=14 [PHY] Neighbour count: 10->11"
FF08,GWN,3,BACKBONE,"t=15 [PHY] Neighbour count: 11->12"
FF08,GWN,3,BACKBONE,"t=16 [TX] HB.0 -> <BCAST>"
FF08,GWN,3,BACKBONE,"t=22 [PHY] Neighbour count: 12->13"
FF08,GWN,3,BACKBONE,"t=23 [TX] HB.1 -> <BCAST>"
FF08,GWN,3,BACKBONE,"t=23 [PHY] Neighbour count: 13->14"
FF08,GWN,3,BACKBONE,"t=24 [PHY] Neighbour count: 14->15"
FF08,GWN,3,BACKBONE,"t=27 [PHY] Neighbour count: 15->16"
FF08,GWN,3,BACKBONE,"t=28 [PHY] Neighbour count: 16->17"
FF08,GWN,3,BACKBONE,"t=30 [TX] HB.1 -> <BCAST>"
FF08,GWN,3,BACKBONE,"t=31 [PHY] Neighbour count: 17->18"
FF08,GWN,3,BACKBONE,"t=33 [PHY] Neighbour count: 18->19"
FF08,GWN,3,BACKBONE,"t=37 [TX] HB.1 -> <BCAST>"
FF08,GWN,3,BACKBONE,"t=40 [RX] CMD.0 <- FF05 RSSI=2.8"
FF08,GWN,3,BACKBONE,"t=40 [TX] CMD.1 -> FF05"
FF08,GWN,3,BACKBONE,"t=40 [TX] CMD.1 -> FF05"
FF08,GWN,3,BACKBONE,"t=40 [STATE] DISCOVERY -> HANDSHAKE"
FF08,GWN,3,BACKBONE,"[LOCK][SET] partner=FF05 timeout=6"
FF08,GWN,3,BACKBONE,"t=40 [HANDSHAKE] Lock set with FF05 (timer=6)"
FF08,GWN,3,BACKBONE,"t=44 [RX] CMD.2 <- FF05 RSSI=2.8"
FF08,GWN,3,BACKBONE,"[LOCK][REFRESH] partner=FF05 timeout=6"
FF08,GWN,3,BACKBONE,"[LOCK][SET] partner=FF05 timeout=6"
FF08,GWN,3,BACKBONE,"t=44 [PARENT] Set parent -> FF05"
FF08,GWN,3,BACKBONE,"t=45 [RX] CMD.4 <- FF05 RSSI=2.8"
FF08,GWN,3,BACKBONE,"[LOCK][REFRESH] partner=FF05 timeout=6"
FF08,GWN,3,BACKBONE,"t=45 [PHASE] Inherited phaseOffset=1 from parent FF05"
FF08,GWN,3,BACKBONE,"t=45 [ENC_HELLO] TX: gwCh=0; chCh=0; secCh=0; sn=0 (encrypted)"
FF08,GWN,3,BACKBONE,"t=45 [TX] CMD.5 -> FF05"
FF08,GWN,3,BACKBONE,"[LOCK][CLEAR][ENC_HELLO_TX] partner=FF05"
FF08,GWN,3,BACKBONE,"t=45 [HANDSHAKE] Lock cleared (was with FF05)"
FF08,GWN,3,BACKBONE,"[LOCK][SET] partner=FF0A timeout=6"
FF08,GWN,3,BACKBONE,"t=49 [HANDSHAKE] Lock set with FF0A (timer=6)"
FF08,GWN,3,BACKBONE,"[LOCK][SET] partner=FF0A timeout=6"
FF08,GWN,3,BACKBONE,"t=49 [TX] CMD.0 -> FF0A"
FF08,GWN,3,BACKBONE,"t=51 [RX] CMD.1 <- FF0A RSSI=0.5"
FF08,GWN,3,BACKBONE,"[LOCK][REFRESH] partner=FF0A timeout=6"
FF08,GWN,3,BACKBONE,"t=51 [TX] CMD.2 -> FF0A"
FF08,GWN,3,BACKBONE,"[LOCK][REFRESH] partner=FF0A timeout=6"
FF08,GWN,3,BACKBONE,"t=51 [HANDSHAKE] FF0A added to pendingChildren (awaiting ENC_HELLO)"
FF08,GWN,3,BACKBONE,"t=51 [TX] CMD.4 -> FF0A"
FF08,GWN,3,BACKBONE,"t=51 [PHASE] Sending phaseOffset=0 to child FF0A (self=1)"
FF08,GWN,3,BACKBONE,"[LOCK][REFRESH] partner=FF0A timeout=6"
FF08,GWN,3,BACKBONE,"[LOCK][SET] partner=FF0A timeout=6"
FF08,GWN,3,BACKBONE,"t=55 [ENC_HELLO] TX: gwCh=0; chCh=0; secCh=0; sn=0 (encrypted)"
FF08,GWN,3,BACKBONE,"t=55 [ENC_HELLO] Retry 1/3 sent (next at t=75)"
FF08,GWN,3,BACKBONE,"t=56 [RX] CMD.5 <- FF0A RSSI=0.5"
FF08,GWN,3,BACKBONE,"t=56 [HANDSHAKE] FF0A promoted to children (ENC_HELLO received)"
FF08,GWN,3,BACKBONE,"[LOCK][CLEAR][ENC_HELLO_RX] partner=FF0A"
FF08,GWN,3,BACKBONE,"t=56 [TX] CMD.5 -> FF05"
FF08,GWN,3,BACKBONE,"t=56 [HANDSHAKE] Lock cleared (was with FF0A)"
FF08,GWN,3,BACKBONE,"t=56 [RETRY] Reset retry state for FF0A (now child)"
FF08,GWN,3,BACKBONE,"t=56 [STATE] HANDSHAKE -> SECURE"
FF08,GWN,3,BACKBONE,"t=56 [PHY] Neighbour count: 20->21"
FF08,GWN,3,BACKBONE,"t=62 [RX] CMD.0 <- FF01 RSSI=0.2"
FF08,GWN,3,BACKBONE,"t=62 [TX] CMD.3 -> FF01"
FF08,GWN,3,BACKBONE,"t=64 [RX_FWD] Encrypted CMD.5 from Child FF0A -> Queue for Parent FF05"
FF08,GWN,3,BACKBONE,"t=64 [Q_FWD] Queued CMD.5 (size=1/15)"
FF08,GWN,3,BACKBONE,"t=67 [RX_FWD] Encrypted CMD.5 from Child FF0A -> Queue for Parent FF05"
FF08,GWN,3,BACKBONE,"t=67 [Q_FWD] Queued CMD.5 (size=2/15)"
FF08,GWN,3,BACKBONE,"t=75 [ENC_HELLO] TX: gwCh=1; chCh=0; secCh=0; sn=0 (encrypted)"
FF08,GWN,3,BACKBONE,"t=75 [ENC_HELLO] Retry 2/3 sent (next at t=115)"
FF08,GWN,3,BACKBONE,"t=84 [RX_FWD] Encrypted CMD.5 from Child FF0A -> Queue for Parent FF05"
FF08,GWN,3,BACKBONE,"t=84 [Q_FWD] Queued CMD.5 (size=3/15)"
FF08,GWN,3,BACKBONE,"t=89 [PHY] Neighbour count: 22->23"
FF08,GWN,3,BACKBONE,"t=94 [RX_FWD] Encrypted HB.3 from Child FF0A -> Queue for Parent FF05"
FF08,GWN,3,BACKBONE,"t=94 [Q_FWD] Queued HB.3 (size=4/15)"
FF08,GWN,3,BACKBONE,"t=97 [PHY] Neighbour count: 23->24"
FF08,GWN,3,BACKBONE,"t=98 [PHY] Neighbour count: 24->25"
FF08,GWN,3,BACKBONE,"t=115 [ENC_HELLO] TX: gwCh=1; chCh=0; secCh=0; sn=0 (encrypted)"
FF08,GWN,3,BACKBONE,"t=115 [ENC_HELLO] Retry 3/3 sent (next at t=195)"
FF08,GWN,3,BACKBONE,"t=124 [RX_FWD] Encrypted CMD.5 from Child FF0A -> Queue for Parent FF05"
FF08,GWN,3,BACKBONE,"t=124 [Q_FWD] Queued CMD.5 (size=5/15)"
FF08,GWN,3,BACKBONE,"t=195 [ENC_HELLO] TX: gwCh=1; chCh=0; secCh=0; sn=0 (encrypted)"
FF08,GWN,3,BACKBONE,"t=195 [ENC_HELLO] Registry refresh #1 sent (next at t=275)"
FF08,GWN,3,BACKBONE,"t=200 [PHASE_RX] Listening (Q_fwd=5; Q_local=0)"
FF08,GWN,3,BACKBONE,"t=200 [RX_FWD] Encrypted CMD.5 from Child FF0A -> Queue for Parent FF05"
FF08,GWN,3,BACKBONE,"t=200 [Q_FWD] Queued CMD.5 (size=6/15)"
FF08,GWN,3,BACKBONE,"t=201 [DEQUEUE] From Q_fwd (waited 137 TFs)"
FF08,GWN,3,BACKBONE,"t=201 [PHASE_TX] Sent CMD.5 -> FF05 (Q_fwd=5; Q_local=0)"
FF08,GWN,3,BACKBONE,"t=202 [DEQUEUE] From Q_fwd (waited 135 TFs)"
FF08,GWN,3,BACKBONE,"t=202 [PHASE_TX] Sent CMD.5 -> FF05 (Q_fwd=4; Q_local=0)"
FF08,GWN,3,BACKBONE,"t=203 [DEQUEUE] From Q_fwd (waited 119 TFs)"
FF08,GWN,3,BACKBONE,"t=203 [PHASE_TX] Sent CMD.5 -> FF05 (Q_fwd=3; Q_local=0)"
FF08,GWN,3,BACKBONE,"t=204 [PHASE_RX] Listening (Q_fwd=3; Q_local=0)"
FF08,GWN,3,BACKBONE,"t=204 [RX_FWD] Encrypted CMD.5 from Child FF0A -> Queue for Parent FF05"
FF08,GWN,3,BACKBONE,"t=204 [Q_FWD] Queued CMD.5 (size=4/15)"
FF08,GWN,3,BACKBONE,"t=205 [PHASE_RX] Listening (Q_fwd=4; Q_local=0)"
FF08,GWN,3,BACKBONE,"t=205 [RX_FWD] Encrypted CMD.5 from Child FF0A -> Queue for Parent FF05"
FF08,GWN,3,BACKBONE,"t=205 [Q_FWD] Queued CMD.5 (size=5/15)"
FF08,GWN,3,BACKBONE,"t=206 [PHASE_RX] Listening (Q_fwd=5; Q_local=0)"
FF08,GWN,3,BACKBONE,"t=207 [DEQUEUE] From Q_fwd (waited 113 TFs)"
FF08,GWN,3,BACKBONE,"t=207 [PHASE_TX] Sent HB.3 -> FF05 (Q_fwd=4; Q_local=0)"
FF08,GWN,3,BACKBONE,"t=208 [DEQUEUE] From Q_fwd (waited 84 TFs)"
FF08,GWN,3,BACKBONE,"t=208 [PHASE_TX] Sent CMD.5 -> FF05 (Q_fwd=3; Q_local=0)"
FF08,GWN,3,BACKBONE,"t=209 [DEQUEUE] From Q_fwd (waited 9 TFs)"
FF08,GWN,3,BACKBONE,"t=209 [PHASE_TX] Sent CMD.5 -> FF05 (Q_fwd=2; Q_local=0)"
FF08,GWN,3,BACKBONE,"t=210 [PHASE_RX] Listening (Q_fwd=2; Q_local=0)"
FF08,GWN,3,BACKBONE,"t=210 [RX_FWD] Encrypted CMD.5 from Child FF0A -> Queue for Parent FF05"
FF08,GWN,3,BACKBONE,"t=210 [Q_FWD] Queued CMD.5 (size=3/15)"
FF08,GWN,3,BACKBONE,"t=211 [PHASE_RX] Listening (Q_fwd=3; Q_local=0)"
FF08,GWN,3,BACKBONE,"t=211 [RX_FWD] Encrypted CMD.5 from Child FF0A -> Queue for Parent FF05"
FF08,GWN,3,BACKBONE,"t=211 [Q_FWD] Queued CMD.5 (size=4/15)"
FF08,GWN,3,BACKBONE,"t=212 [PHASE_RX] Listening (Q_fwd=4; Q_local=0)"
FF08,GWN,3,BACKBONE,"t=212 [RX_FWD] Encrypted CMD.5 from Child FF0A -> Queue for Parent FF05"
FF08,GWN,3,BACKBONE,"t=212 [Q_FWD] Queued CMD.5 (size=5/15)"
FF08,GWN,3,BACKBONE,"t=213 [DEQUEUE] From Q_fwd (waited 9 TFs)"
FF08,GWN,3,BACKBONE,"t=213 [PHASE_TX] Sent CMD.5 -> FF05 (Q_fwd=4; Q_local=0)"
FF08,GWN,3,BACKBONE,"t=214 [DEQUEUE] From Q_fwd (waited 9 TFs)"
FF08,GWN,3,BACKBONE,"t=214 [PHASE_TX] Sent CMD.5 -> FF05 (Q_fwd=3; Q_local=0)"
FF08,GWN,3,BACKBONE,"t=215 [DEQUEUE] From Q_fwd (waited 5 TFs)"
FF08,GWN,3,BACKBONE,"t=215 [PHASE_TX] Sent CMD.5 -> FF05 (Q_fwd=2; Q_local=0)"
FF08,GWN,3,BACKBONE,"t=216 [PHASE_RX] Listening (Q_fwd=2; Q_local=0)"
FF08,GWN,3,BACKBONE,"t=216 [RX_FWD] Encrypted CMD.5 from Child FF0A -> Queue for Parent FF05"
FF08,GWN,3,BACKBONE,"t=216 [Q_FWD] Queued CMD.5 (size=3/15)"
FF08,GWN,3,BACKBONE,"t=217 [PHASE_RX] Listening (Q_fwd=3; Q_local=0)"
FF08,GWN,3,BACKBONE,"t=217 [RX_FWD] Encrypted CMD.5 from Child FF0A -> Queue for Parent FF05"
FF08,GWN,3,BACKBONE,"t=217 [Q_FWD] Queued CMD.5 (size=4/15)"
FF08,GWN,3,BACKBONE,"t=217 [Q_LOCAL] Queued CH_HELLO.1 (size=1/15)"
FF08,GWN,3,BACKBONE,"t=218 [PHASE_RX] Listening (Q_fwd=4; Q_local=1)"
FF08,GWN,3,BACKBONE,"t=218 [RX_FWD] Encrypted CMD.5 from Child FF0A -> Queue for Parent FF05"
FF08,GWN,3,BACKBONE,"t=218 [Q_FWD] Queued CMD.5 (size=5/15)"
FF08,GWN,3,BACKBONE,"t=219 [DEQUEUE] From Q_fwd (waited 8 TFs)"
FF08,GWN,3,BACKBONE,"t=219 [PHASE_TX] Sent CMD.5 -> FF05 (Q_fwd=4; Q_local=1)"
FF08,GWN,3,BACKBONE,"t=220 [DEQUEUE] From Q_fwd (waited 8 TFs)"
FF08,GWN,3,BACKBONE,"t=220 [PHASE_TX] Sent CMD.5 -> FF05 (Q_fwd=3; Q_local=1)"
FF08,GWN,3,BACKBONE,"t=221 [DEQUEUE] From Q_fwd (waited 5 TFs)"
FF08,GWN,3,BACKBONE,"t=221 [PHASE_TX] Sent CMD.5 -> FF05 (Q_fwd=2; Q_local=1)"
FF08,GWN,3,BACKBONE,"t=222 [PHASE_RX] Listening (Q_fwd=2; Q_local=1)"
FF08,GWN,3,BACKBONE,"t=222 [RX_FWD] Encrypted CMD.5 from Child FF0A -> Queue for Parent FF05"
FF08,GWN,3,BACKBONE,"t=222 [Q_FWD] Queued CMD.5 (size=3/15)"
FF08,GWN,3,BACKBONE,"t=223 [PHASE_RX] Listening (Q_fwd=3; Q_local=1)"
FF08,GWN,3,BACKBONE,"t=223 [RX_FWD] Encrypted CMD.5 from Child FF0A -> Queue for Parent FF05"
FF08,GWN,3,BACKBONE,"t=223 [Q_FWD] Queued CMD.5 (size=4/15)"
FF08,GWN,3,BACKBONE,"t=224 [PHASE_RX] Listening (Q_fwd=4; Q_local=1)"
FF08,GWN,3,BACKBONE,"t=224 [RX_FWD] Encrypted CMD.5 from Child FF0A -> Queue for Parent FF05"
FF08,GWN,3,BACKBONE,"t=224 [Q_FWD] Queued CMD.5 (size=5/15)"
FF08,GWN,3,BACKBONE,"t=225 [DEQUEUE] From Q_fwd (waited 8 TFs)"
FF08,GWN,3,BACKBONE,"t=225 [PHASE_TX] Sent CMD.5 -> FF05 (Q_fwd=4; Q_local=1)"
FF08,GWN,3,BACKBONE,"t=226 [DEQUEUE] From Q_fwd (waited 8 TFs)"
FF08,GWN,3,BACKBONE,"t=226 [PHASE_TX] Sent CMD.5 -> FF05 (Q_fwd=3; Q_local=1)"
FF08,GWN,3,BACKBONE,"t=227 [DEQUEUE] From Q_fwd (waited 5 TFs)"
FF08,GWN,3,BACKBONE,"t=227 [PHASE_TX] Sent CMD.5 -> FF05 (Q_fwd=2; Q_local=1)"
FF08,GWN,3,BACKBONE,"t=228 [PHASE_RX] Listening (Q_fwd=2; Q_local=1)"
FF08,GWN,3,BACKBONE,"t=228 [RX_FWD] Encrypted CMD.5 from Child FF0A -> Queue for Parent FF05"
FF08,GWN,3,BACKBONE,"t=228 [Q_FWD] Queued CMD.5 (size=3/15)"
FF08,GWN,3,BACKBONE,"t=229 [PHASE_RX] Listening (Q_fwd=3; Q_local=1)"
FF08,GWN,3,BACKBONE,"t=229 [RX_FWD] Encrypted CMD.5 from Child FF0A -> Queue for Parent FF05"
FF08,GWN,3,BACKBONE,"t=229 [Q_FWD] Queued CMD.5 (size=4/15)"
FF08,GWN,3,BACKBONE,"t=230 [PHASE_RX] Listening (Q_fwd=4; Q_local=1)"
FF08,GWN,3,BACKBONE,"t=230 [RX_FWD] Encrypted CMD.5 from Child FF0A -> Queue for Parent FF05"
FF08,GWN,3,BACKBONE,"t=230 [Q_FWD] Queued CMD.5 (size=5/15)"
FF08,GWN,3,BACKBONE,"t=231 [DEQUEUE] From Q_fwd (waited 8 TFs)"
FF08,GWN,3,BACKBONE,"t=231 [PHASE_TX] Sent CMD.5 -> FF05 (Q_fwd=4; Q_local=1)"
FF08,GWN,3,BACKBONE,"t=232 [DEQUEUE] From Q_fwd (waited 8 TFs)"
FF08,GWN,3,BACKBONE,"t=232 [PHASE_TX] Sent CMD.5 -> FF05 (Q_fwd=3; Q_local=1)"
FF08,GWN,3,BACKBONE,"t=233 [DEQUEUE] From Q_fwd (waited 5 TFs)"
FF08,GWN,3,BACKBONE,"t=233 [PHASE_TX] Sent CMD.5 -> FF05 (Q_fwd=2; Q_local=1)"
FF08,GWN,3,BACKBONE,"t=233 [Q_LOCAL] Queued CH_HELLO.1 (size=2/15)"
FF08,GWN,3,BACKBONE,"t=234 [PHASE_RX] Listening (Q_fwd=2; Q_local=2)"
FF08,GWN,3,BACKBONE,"t=234 [RX_FWD] Encrypted CMD.5 from Child FF0A -> Queue for Parent FF05"
FF08,GWN,3,BACKBONE,"t=234 [Q_FWD] Queued CMD.5 (size=3/15)"
FF08,GWN,3,BACKBONE,"t=235 [PHASE_RX] Listening (Q_fwd=3; Q_local=2)"
FF08,GWN,3,BACKBONE,"t=235 [RX_FWD] Encrypted CMD.5 from Child FF0A -> Queue for Parent FF05"
FF08,GWN,3,BACKBONE,"t=235 [Q_FWD] Queued CMD.5 (size=4/15)"
FF08,GWN,3,BACKBONE,"t=236 [PHASE_RX] Listening (Q_fwd=4; Q_local=2)"
FF08,GWN,3,BACKBONE,"t=236 [RX_FWD] Encrypted CH_HELLO.1 from Child FF0A -> Queue for Parent FF05"
FF08,GWN,3,BACKBONE,"t=236 [Q_FWD] Queued CH_HELLO.1 (size=5/15)"
FF08,GWN,3,BACKBONE,"t=237 [DEQUEUE] From Q_fwd (waited 8 TFs)"
FF08,GWN,3,BACKBONE,"t=237 [PHASE_TX] Sent CMD.5 -> FF05 (Q_fwd=4; Q_local=2)"
FF08,GWN,3,BACKBONE,"t=238 [DEQUEUE] From Q_fwd (waited 8 TFs)"
FF08,GWN,3,BACKBONE,"t=238 [PHASE_TX] Sent CMD.5 -> FF05 (Q_fwd=3; Q_local=2)"
FF08,GWN,3,BACKBONE,"t=239 [DEQUEUE] From Q_fwd (waited 5 TFs)"
FF08,GWN,3,BACKBONE,"t=239 [PHASE_TX] Sent CMD.5 -> FF05 (Q_fwd=2; Q_local=2)"
FF08,GWN,3,BACKBONE,"t=240 [PHASE_RX] Listening (Q_fwd=2; Q_local=2)"
FF08,GWN,3,BACKBONE,"t=240 [RX_FWD] Encrypted CH_HELLO.1 from Child FF0A -> Queue for Parent FF05"
FF08,GWN,3,BACKBONE,"t=240 [Q_FWD] Queued CH_HELLO.1 (size=3/15)"
FF08,GWN,3,BACKBONE,"t=241 [PHASE_RX] Listening (Q_fwd=3; Q_local=2)"
FF08,GWN,3,BACKBONE,"t=241 [RX_FWD] Encrypted CMD.5 from Child FF0A -> Queue for Parent FF05"
FF08,GWN,3,BACKBONE,"t=241 [Q_FWD] Queued CMD.5 (size=4/15)"
FF08,GWN,3,BACKBONE,"t=242 [PHASE_RX] Listening (Q_fwd=4; Q_local=2)"
FF08,GWN,3,BACKBONE,"t=243 [DEQUEUE] From Q_fwd (waited 8 TFs)"
FF08,GWN,3,BACKBONE,"t=243 [PHASE_TX] Sent CMD.5 -> FF05 (Q_fwd=3; Q_local=2)"
FF08,GWN,3,BACKBONE,"t=244 [DEQUEUE] From Q_fwd (waited 8 TFs)"
FF08,GWN,3,BACKBONE,"t=244 [PHASE_TX] Sent CH_HELLO.1 -> FF05 (Q_fwd=2; Q_local=2)"
FF08,GWN,3,BACKBONE,"t=245 [DEQUEUE] From Q_fwd (waited 5 TFs)"
FF08,GWN,3,BACKBONE,"t=245 [PHASE_TX] Sent CH_HELLO.1 -> FF05 (Q_fwd=1; Q_local=2)"
FF08,GWN,3,BACKBONE,"t=246 [PHASE_RX] Listening (Q_fwd=1; Q_local=2)"
FF08,GWN,3,BACKBONE,"t=247 [PHASE_RX] Listening (Q_fwd=1; Q_local=2)"
FF08,GWN,3,BACKBONE,"t=248 [PHASE_RX] Listening (Q_fwd=1; Q_local=2)"
FF08,GWN,3,BACKBONE,"t=249 [DEQUEUE] From Q_fwd (waited 8 TFs)"
FF08,GWN,3,BACKBONE,"t=249 [PHASE_TX] Sent CMD.5 -> FF05 (Q_fwd=0; Q_local=2)"
FF08,GWN,3,ACCESS,"t=4 [PHY] Neighbour count: 3->4"
FF08,GWN,3,ACCESS,"t=5 [PHY] Neighbour count: 4->5"
FF08,GWN,3,ACCESS,"t=6 [PHY] Neighbour count: 5->6"
FF08,GWN,3,ACCESS,"t=8 [HELLO_TX] bcast battery=100.0%"
FF08,GWN,3,ACCESS,"t=8 [PHY] Neighbour count: 6->7"
FF08,GWN,3,ACCESS,"t=9 [PHY] Neighbour count: 7->8"
FF08,GWN,3,ACCESS,"t=10 [PHY] Neighbour count: 8->9"
FF08,GWN,3,ACCESS,"t=11 [PHY] Neighbour count: 9->10"
FF08,GWN,3,ACCESS,"t=14 [PHY] Neighbour count: 10->11"
FF08,GWN,3,ACCESS,"t=15 [HELLO_TX] bcast battery=100.0%"
FF08,GWN,3,ACCESS,"t=15 [PHY] Neighbour count: 11->12"
FF08,GWN,3,ACCESS,"t=22 [PHY] Neighbour count: 12->13"
FF08,GWN,3,ACCESS,"t=23 [PHY] Neighbour count: 13->14"
FF08,GWN,3,ACCESS,"t=24 [PHY] Neighbour count: 14->15"
FF08,GWN,3,ACCESS,"t=25 [HELLO_TX] bcast battery=100.0%"
FF08,GWN,3,ACCESS,"t=27 [PHY] Neighbour count: 15->16"
FF08,GWN,3,ACCESS,"t=28 [PHY] Neighbour count: 16->17"
FF08,GWN,3,ACCESS,"t=31 [PHY] Neighbour count: 17->18"
FF08,GWN,3,ACCESS,"t=33 [PHY] Neighbour count: 18->19"
FF08,GWN,3,ACCESS,"t=34 [HELLO_TX] bcast battery=100.0%"
FF08,GWN,3,ACCESS,"t=44 [HELLO_TX] bcast battery=100.0%"
FF08,GWN,3,ACCESS,"t=51 [HELLO_TX] bcast battery=100.0%"
FF08,GWN,3,ACCESS,"t=56 [PHY] Neighbour count: 20->21"
FF08,GWN,3,ACCESS,"t=58 [HELLO_TX] bcast battery=100.0%"
FF08,GWN,3,ACCESS,"t=65 [HELLO_TX] bcast battery=100.0%"
FF08,GWN,3,ACCESS,"t=73 [HELLO_TX] bcast battery=100.0%"
FF08,GWN,3,ACCESS,"t=78 [HELLO_TX] bcast battery=100.0%"
FF08,GWN,3,ACCESS,"t=82 [HELLO_TX] bcast battery=100.0%"
FF08,GWN,3,ACCESS,"t=87 [HELLO_TX] bcast battery=100.0%"
FF08,GWN,3,ACCESS,"t=89 [PHY] Neighbour count: 22->23"
FF08,GWN,3,ACCESS,"t=92 [HELLO_TX] bcast battery=100.0%"
FF08,GWN,3,ACCESS,"t=97 [HELLO_TX] bcast battery=100.0%"
FF08,GWN,3,ACCESS,"t=97 [PHY] Neighbour count: 23->24"
FF08,GWN,3,ACCESS,"t=98 [PHY] Neighbour count: 24->25"
FF08,GWN,3,ACCESS,"t=103 [HELLO_TX] bcast battery=100.0%"
FF08,GWN,3,ACCESS,"t=109 [HELLO_TX] bcast battery=100.0%"
FF08,GWN,3,ACCESS,"t=113 [HELLO_TX] bcast battery=100.0%"
FF08,GWN,3,ACCESS,"t=123 [HELLO_TX] bcast battery=100.0%"
FF08,GWN,3,ACCESS,"t=132 [HELLO_TX] bcast battery=100.0%"
FF08,GWN,3,ACCESS,"t=140 [HELLO_TX] bcast battery=100.0%"
FF08,GWN,3,ACCESS,"t=144 [HELLO_TX] bcast battery=100.0%"
FF08,GWN,3,ACCESS,"t=149 [HELLO_TX] bcast battery=100.0%"
FF08,GWN,3,ACCESS,"t=154 [HELLO_TX] bcast battery=100.0%"
FF08,GWN,3,ACCESS,"t=164 [HELLO_TX] bcast battery=100.0%"
FF08,GWN,3,ACCESS,"t=172 [HELLO_TX] bcast battery=100.0%"
FF08,GWN,3,ACCESS,"t=177 [HELLO_TX] bcast battery=100.0%"
FF08,GWN,3,ACCESS,"t=184 [HELLO_TX] bcast battery=100.0%"
FF08,GWN,3,ACCESS,"t=192 [HELLO_TX] bcast battery=100.0%"
FF08,GWN,3,ACCESS,"t=200 [HELLO_TX] bcast battery=100.0%"
FF08,GWN,3,ACCESS,"t=202 [RX] CH_CMD.0 <- AA06"
FF08,GWN,3,ACCESS,"[LOCK][SET] partner=AA06 timeout=4"
FF08,GWN,3,ACCESS,"t=202 [CH_ACK] -> AA06 (sending key)"
FF08,GWN,3,ACCESS,"t=206 [TIMEOUT] Sent CH_REJECT to orphaned AA06"
FF08,GWN,3,ACCESS,"[LOCK][TIMEOUT] partner=AA06"
FF08,GWN,3,ACCESS,"t=210 [HELLO_TX] bcast battery=100.0%"
FF08,GWN,3,ACCESS,"t=214 [HELLO_TX] bcast battery=100.0%"
FF08,GWN,3,ACCESS,"t=217 [RX] CH_CMD.2 <- AA06"
FF08,GWN,3,ACCESS,"[LOCK][CLEAR][CH_SUCCESS] partner=AA06"
FF08,GWN,3,ACCESS,"t=217 [CH_JOINED] AA06 added to children"
FF08,GWN,3,ACCESS,"t=221 [HELLO_TX] bcast battery=100.0%"
FF08,GWN,3,ACCESS,"t=221 [RX] CH_CMD.3 <- AA0A"
FF08,GWN,3,ACCESS,"t=222 [RX] CH_CMD.0 <- AA0A"
FF08,GWN,3,ACCESS,"[LOCK][SET] partner=AA0A timeout=4"
FF08,GWN,3,ACCESS,"t=222 [CH_ACK] -> AA0A (sending key)"
FF08,GWN,3,ACCESS,"t=226 [TIMEOUT] Sent CH_REJECT to orphaned AA0A"
FF08,GWN,3,ACCESS,"[LOCK][TIMEOUT] partner=AA0A"
FF08,GWN,3,ACCESS,"t=231 [HELLO_TX] bcast battery=100.0%"
FF08,GWN,3,ACCESS,"t=233 [RX] CH_CMD.2 <- AA0A"
FF08,GWN,3,ACCESS,"[LOCK][CLEAR][CH_SUCCESS] partner=AA0A"
FF08,GWN,3,ACCESS,"t=233 [CH_JOINED] AA0A added to children"
FF08,GWN,3,ACCESS,"t=240 [HELLO_TX] bcast battery=100.0%"
FF08,GWN,3,ACCESS,"t=249 [HELLO_TX] bcast battery=100.0%"
FF08,GWN,3,UNIFIED,"t=2 [PHY] Neighbor count=1"
FF08,GWN,3,UNIFIED,"[BB] t=2 [TX] HB.0 -> <BCAST>"
FF08,GWN,3,UNIFIED,"t=3 [PHY] Neighbor count=2"
FF08,GWN,3,UNIFIED,"t=4 [PHY] Neighbor count=3"
FF08,GWN,3,UNIFIED,"t=4 [PHY] Neighbour count: 3->4"
FF08,GWN,3,UNIFIED,"t=5 [PHY] Neighbor count=4"
FF08,GWN,3,UNIFIED,"t=5 [PHY] Neighbour count: 4->5"
FF08,GWN,3,UNIFIED,"t=6 [PHY] Neighbor count=5"
FF08,GWN,3,UNIFIED,"t=6 [PHY] Neighbour count: 5->6"
FF08,GWN,3,UNIFIED,"t=7 [PHY] Neighbor count=6"
FF08,GWN,3,UNIFIED,"[AC] t=8 [HELLO_TX] bcast battery=100.0%"
FF08,GWN,3,UNIFIED,"t=8 [PHY] Neighbour count: 6->7"
FF08,GWN,3,UNIFIED,"t=9 [PHY] Neighbor count=7"
FF08,GWN,3,UNIFIED,"[BB] t=9 [TX] HB.0 -> <BCAST>"
FF08,GWN,3,UNIFIED,"t=9 [PHY] Neighbour count: 7->8"
FF08,GWN,3,UNIFIED,"t=10 [PHY] Neighbor count=8"
FF08,GWN,3,UNIFIED,"t=10 [PHY] Neighbour count: 8->9"
FF08,GWN,3,UNIFIED,"t=11 [PHY] Neighbor count=9"
FF08,GWN,3,UNIFIED,"t=11 [PHY] Neighbour count: 9->10"
FF08,GWN,3,UNIFIED,"t=12 [PHY] Neighbor count=10"
FF08,GWN,3,UNIFIED,"t=14 [PHY] Neighbour count: 10->11"
FF08,GWN,3,UNIFIED,"t=15 [PHY] Neighbor count=11"
FF08,GWN,3,UNIFIED,"[AC] t=15 [HELLO_TX] bcast battery=100.0%"
FF08,GWN,3,UNIFIED,"t=15 [PHY] Neighbour count: 11->12"
FF08,GWN,3,UNIFIED,"t=16 [PHY] Neighbor count=12"
FF08,GWN,3,UNIFIED,"[BB] t=16 [TX] HB.0 -> <BCAST>"
FF08,GWN,3,UNIFIED,"t=22 [STATE] BOOT→DISCOVERY (neighbors=12)"
FF08,GWN,3,UNIFIED,"t=22 [PHY] Neighbour count: 12->13"
FF08,GWN,3,UNIFIED,"t=23 [PHY] Neighbor count=13"
FF08,GWN,3,UNIFIED,"[BB] t=23 [TX] HB.1 -> <BCAST>"
FF08,GWN,3,UNIFIED,"t=23 [PHY] Neighbour count: 13->14"
FF08,GWN,3,UNIFIED,"t=24 [PHY] Neighbor count=14"
FF08,GWN,3,UNIFIED,"t=24 [PHY] Neighbour count: 14->15"
FF08,GWN,3,UNIFIED,"t=25 [PHY] Neighbor count=15"
FF08,GWN,3,UNIFIED,"[AC] t=25 [HELLO_TX] bcast battery=100.0%"
FF08,GWN,3,UNIFIED,"t=27 [PHY] Neighbour count: 15->16"
FF08,GWN,3,UNIFIED,"t=28 [PHY] Neighbor count=16"
FF08,GWN,3,UNIFIED,"t=28 [PHY] Neighbour count: 16->17"
FF08,GWN,3,UNIFIED,"t=29 [PHY] Neighbor count=17"
FF08,GWN,3,UNIFIED,"[BB] t=30 [TX] HB.1 -> <BCAST>"
FF08,GWN,3,UNIFIED,"t=31 [PHY] Neighbour count: 17->18"
FF08,GWN,3,UNIFIED,"t=32 [PHY] Neighbor count=18"
FF08,GWN,3,UNIFIED,"t=33 [PHY] Neighbour count: 18->19"
FF08,GWN,3,UNIFIED,"t=34 [PHY] Neighbor count=19"
FF08,GWN,3,UNIFIED,"[AC] t=34 [HELLO_TX] bcast battery=100.0%"
FF08,GWN,3,UNIFIED,"[BB] t=37 [TX] HB.1 -> <BCAST>"
FF08,GWN,3,UNIFIED,"[BB] t=40 [RX] CMD.0 <- FF05 RSSI=2.8"
FF08,GWN,3,UNIFIED,"[BB] t=40 [TX] CMD.1 -> FF05"
FF08,GWN,3,UNIFIED,"[BB] t=40 [TX] CMD.1 -> FF05"
FF08,GWN,3,UNIFIED,"[BB] t=40 [STATE] DISCOVERY -> HANDSHAKE"
FF08,GWN,3,UNIFIED,"[BB] [LOCK][SET] partner=FF05 timeout=6"
FF08,GWN,3,UNIFIED,"[BB] t=40 [HANDSHAKE] Lock set with FF05 (timer=6)"
FF08,GWN,3,UNIFIED,"[AC] t=44 [HELLO_TX] bcast battery=100.0%"
FF08,GWN,3,UNIFIED,"[BB] t=44 [RX] CMD.2 <- FF05 RSSI=2.8"
FF08,GWN,3,UNIFIED,"[BB] [LOCK][REFRESH] partner=FF05 timeout=6"
FF08,GWN,3,UNIFIED,"[BB] [LOCK][SET] partner=FF05 timeout=6"
FF08,GWN,3,UNIFIED,"[BB] t=44 [PARENT] Set parent -> FF05"
FF08,GWN,3,UNIFIED,"[BB] t=45 [RX] CMD.4 <- FF05 RSSI=2.8"
FF08,GWN,3,UNIFIED,"[BB] [LOCK][REFRESH] partner=FF05 timeout=6"
FF08,GWN,3,UNIFIED,"[BB] t=45 [PHASE] Inherited phaseOffset=1 from parent FF05"
FF08,GWN,3,UNIFIED,"[BB] t=45 [ENC_HELLO] TX: gwCh=0; chCh=0; secCh=0; sn=0 (encrypted)"
FF08,GWN,3,UNIFIED,"[BB] t=45 [TX] CMD.5 -> FF05"
FF08,GWN,3,UNIFIED,"[BB] [LOCK][CLEAR][ENC_HELLO_TX] partner=FF05"
FF08,GWN,3,UNIFIED,"[BB] t=45 [HANDSHAKE] Lock cleared (was with FF05)"
FF08,GWN,3,UNIFIED,"t=49 [RECRUIT] INIT(1/4) -> FF0A"
FF08,GWN,3,UNIFIED,"[BB] [LOCK][SET] partner=FF0A timeout=6"
FF08,GWN,3,UNIFIED,"[BB] t=49 [HANDSHAKE] Lock set with FF0A (timer=6)"
FF08,GWN,3,UNIFIED,"[BB] [LOCK][SET] partner=FF0A timeout=6"
FF08,GWN,3,UNIFIED,"[BB] t=49 [TX] CMD.0 -> FF0A"
FF08,GWN,3,UNIFIED,"t=50 [PHY] Neighbor count=20"
FF08,GWN,3,UNIFIED,"[AC] t=51 [HELLO_TX] bcast battery=100.0%"
FF08,GWN,3,UNIFIED,"[BB] t=51 [RX] CMD.1 <- FF0A RSSI=0.5"
FF08,GWN,3,UNIFIED,"[BB] [LOCK][REFRESH] partner=FF0A timeout=6"
FF08,GWN,3,UNIFIED,"[BB] t=51 [TX] CMD.2 -> FF0A"
FF08,GWN,3,UNIFIED,"[BB] [LOCK][REFRESH] partner=FF0A timeout=6"
FF08,GWN,3,UNIFIED,"[BB] t=51 [HANDSHAKE] FF0A added to pendingChildren (awaiting ENC_HELLO)"
FF08,GWN,3,UNIFIED,"[BB] t=51 [TX] CMD.4 -> FF0A"
FF08,GWN,3,UNIFIED,"[BB] t=51 [PHASE] Sending phaseOffset=0 to child FF0A (self=1)"
FF08,GWN,3,UNIFIED,"[BB] [LOCK][REFRESH] partner=FF0A timeout=6"
FF08,GWN,3,UNIFIED,"[BB] [LOCK][SET] partner=FF0A timeout=6"
FF08,GWN,3,UNIFIED,"[BB] t=55 [ENC_HELLO] TX: gwCh=0; chCh=0; secCh=0; sn=0 (encrypted)"
FF08,GWN,3,UNIFIED,"[BB] t=55 [ENC_HELLO] Retry 1/3 sent (next at t=75)"
FF08,GWN,3,UNIFIED,"[BB] t=56 [RX] CMD.5 <- FF0A RSSI=0.5"
FF08,GWN,3,UNIFIED,"[BB] t=56 [HANDSHAKE] FF0A promoted to children (ENC_HELLO received)"
FF08,GWN,3,UNIFIED,"[BB] [LOCK][CLEAR][ENC_HELLO_RX] partner=FF0A"
FF08,GWN,3,UNIFIED,"[BB] t=56 [TX] CMD.5 -> FF05"
FF08,GWN,3,UNIFIED,"[BB] t=56 [HANDSHAKE] Lock cleared (was with FF0A)"
FF08,GWN,3,UNIFIED,"[BB] t=56 [RETRY] Reset retry state for FF0A (now child)"
FF08,GWN,3,UNIFIED,"[BB] t=56 [STATE] HANDSHAKE -> SECURE"
FF08,GWN,3,UNIFIED,"t=56 [PHY] Neighbour count: 20->21"
FF08,GWN,3,UNIFIED,"t=57 [PHY] Neighbor count=21"
FF08,GWN,3,UNIFIED,"[AC] t=58 [HELLO_TX] bcast battery=100.0%"
FF08,GWN,3,UNIFIED,"[BB] t=62 [RX] CMD.0 <- FF01 RSSI=0.2"
FF08,GWN,3,UNIFIED,"[BB] t=62 [TX] CMD.3 -> FF01"
FF08,GWN,3,UNIFIED,"t=62 [REJ_PARENT] → FF01"
FF08,GWN,3,UNIFIED,"[BB] t=64 [RX_FWD] Encrypted CMD.5 from Child FF0A -> Queue for Parent FF05"
FF08,GWN,3,UNIFIED,"[BB] t=64 [Q_FWD] Queued CMD.5 (size=1/15)"
FF08,GWN,3,UNIFIED,"[AC] t=65 [HELLO_TX] bcast battery=100.0%"
FF08,GWN,3,UNIFIED,"[BB] t=67 [RX_FWD] Encrypted CMD.5 from Child FF0A -> Queue for Parent FF05"
FF08,GWN,3,UNIFIED,"[BB] t=67 [Q_FWD] Queued CMD.5 (size=2/15)"
FF08,GWN,3,UNIFIED,"[AC] t=73 [HELLO_TX] bcast battery=100.0%"
FF08,GWN,3,UNIFIED,"[BB] t=75 [ENC_HELLO] TX: gwCh=1; chCh=0; secCh=0; sn=0 (encrypted)"
FF08,GWN,3,UNIFIED,"[BB] t=75 [ENC_HELLO] Retry 2/3 sent (next at t=115)"
FF08,GWN,3,UNIFIED,"t=76 [PHY] Neighbor count=22"
FF08,GWN,3,UNIFIED,"[AC] t=78 [HELLO_TX] bcast battery=100.0%"
FF08,GWN,3,UNIFIED,"[AC] t=82 [HELLO_TX] bcast battery=100.0%"
FF08,GWN,3,UNIFIED,"[BB] t=84 [RX_FWD] Encrypted CMD.5 from Child FF0A -> Queue for Parent FF05"
FF08,GWN,3,UNIFIED,"[BB] t=84 [Q_FWD] Queued CMD.5 (size=3/15)"
FF08,GWN,3,UNIFIED,"[AC] t=87 [HELLO_TX] bcast battery=100.0%"
FF08,GWN,3,UNIFIED,"t=89 [PHY] Neighbour count: 22->23"
FF08,GWN,3,UNIFIED,"t=90 [PHY] Neighbor count=23"
FF08,GWN,3,UNIFIED,"[AC] t=92 [HELLO_TX] bcast battery=100.0%"
FF08,GWN,3,UNIFIED,"[BB] t=94 [RX_FWD] Encrypted HB.3 from Child FF0A -> Queue for Parent FF05"
FF08,GWN,3,UNIFIED,"[BB] t=94 [Q_FWD] Queued HB.3 (size=4/15)"
FF08,GWN,3,UNIFIED,"[AC] t=97 [HELLO_TX] bcast battery=100.0%"
FF08,GWN,3,UNIFIED,"t=97 [PHY] Neighbour count: 23->24"
FF08,GWN,3,UNIFIED,"t=98 [PHY] Neighbor count=24"
FF08,GWN,3,UNIFIED,"t=98 [PHY] Neighbour count: 24->25"
FF08,GWN,3,UNIFIED,"t=99 [PHY] Neighbor count=25"
FF08,GWN,3,UNIFIED,"[AC] t=103 [HELLO_TX] bcast battery=100.0%"
FF08,GWN,3,UNIFIED,"[AC] t=109 [HELLO_TX] bcast battery=100.0%"
FF08,GWN,3,UNIFIED,"[AC] t=113 [HELLO_TX] bcast battery=100.0%"
FF08,GWN,3,UNIFIED,"[BB] t=115 [ENC_HELLO] TX: gwCh=1; chCh=0; secCh=0; sn=0 (encrypted)"
FF08,GWN,3,UNIFIED,"[BB] t=115 [ENC_HELLO] Retry 3/3 sent (next at t=195)"
FF08,GWN,3,UNIFIED,"[AC] t=123 [HELLO_TX] bcast battery=100.0%"
FF08,GWN,3,UNIFIED,"[BB] t=124 [RX_FWD] Encrypted CMD.5 from Child FF0A -> Queue for Parent FF05"
FF08,GWN,3,UNIFIED,"[BB] t=124 [Q_FWD] Queued CMD.5 (size=5/15)"
FF08,GWN,3,UNIFIED,"[AC] t=132 [HELLO_TX] bcast battery=100.0%"
FF08,GWN,3,UNIFIED,"[AC] t=140 [HELLO_TX] bcast battery=100.0%"
FF08,GWN,3,UNIFIED,"[AC] t=144 [HELLO_TX] bcast battery=100.0%"
FF08,GWN,3,UNIFIED,"[AC] t=149 [HELLO_TX] bcast battery=100.0%"
FF08,GWN,3,UNIFIED,"[AC] t=154 [HELLO_TX] bcast battery=100.0%"
FF08,GWN,3,UNIFIED,"[AC] t=164 [HELLO_TX] bcast battery=100.0%"
FF08,GWN,3,UNIFIED,"[AC] t=172 [HELLO_TX] bcast battery=100.0%"
FF08,GWN,3,UNIFIED,"[AC] t=177 [HELLO_TX] bcast battery=100.0%"
FF08,GWN,3,UNIFIED,"[AC] t=184 [HELLO_TX] bcast battery=100.0%"
FF08,GWN,3,UNIFIED,"[AC] t=192 [HELLO_TX] bcast battery=100.0%"
FF08,GWN,3,UNIFIED,"[BB] t=195 [ENC_HELLO] TX: gwCh=1; chCh=0; secCh=0; sn=0 (encrypted)"
FF08,GWN,3,UNIFIED,"[BB] t=195 [ENC_HELLO] Registry refresh #1 sent (next at t=275)"
FF08,GWN,3,UNIFIED,"[BB] t=200 [PHASE_RX] Listening (Q_fwd=5; Q_local=0)"
FF08,GWN,3,UNIFIED,"[AC] t=200 [HELLO_TX] bcast battery=100.0%"
FF08,GWN,3,UNIFIED,"[BB] t=200 [RX_FWD] Encrypted CMD.5 from Child FF0A -> Queue for Parent FF05"
FF08,GWN,3,UNIFIED,"[BB] t=200 [Q_FWD] Queued CMD.5 (size=6/15)"
FF08,GWN,3,UNIFIED,"[BB] t=201 [DEQUEUE] From Q_fwd (waited 137 TFs)"
FF08,GWN,3,UNIFIED,"[BB] t=201 [PHASE_TX] Sent CMD.5 -> FF05 (Q_fwd=5; Q_local=0)"
FF08,GWN,3,UNIFIED,"[BB] t=202 [DEQUEUE] From Q_fwd (waited 135 TFs)"
FF08,GWN,3,UNIFIED,"[BB] t=202 [PHASE_TX] Sent CMD.5 -> FF05 (Q_fwd=4; Q_local=0)"
FF08,GWN,3,UNIFIED,"[AC] t=202 [RX] CH_CMD.0 <- AA06"
FF08,GWN,3,UNIFIED,"[AC] [LOCK][SET] partner=AA06 timeout=4"
FF08,GWN,3,UNIFIED,"[AC] t=202 [CH_ACK] -> AA06 (sending key)"
FF08,GWN,3,UNIFIED,"[BB] t=203 [DEQUEUE] From Q_fwd (waited 119 TFs)"
FF08,GWN,3,UNIFIED,"[BB] t=203 [PHASE_TX] Sent CMD.5 -> FF05 (Q_fwd=3; Q_local=0)"
FF08,GWN,3,UNIFIED,"[BB] t=204 [PHASE_RX] Listening (Q_fwd=3; Q_local=0)"
FF08,GWN,3,UNIFIED,"[BB] t=204 [RX_FWD] Encrypted CMD.5 from Child FF0A -> Queue for Parent FF05"
FF08,GWN,3,UNIFIED,"[BB] t=204 [Q_FWD] Queued CMD.5 (size=4/15)"
FF08,GWN,3,UNIFIED,"[BB] t=205 [PHASE_RX] Listening (Q_fwd=4; Q_local=0)"
FF08,GWN,3,UNIFIED,"[BB] t=205 [RX_FWD] Encrypted CMD.5 from Child FF0A -> Queue for Parent FF05"
FF08,GWN,3,UNIFIED,"[BB] t=205 [Q_FWD] Queued CMD.5 (size=5/15)"
FF08,GWN,3,UNIFIED,"[AC] t=206 [TIMEOUT] Sent CH_REJECT to orphaned AA06"
FF08,GWN,3,UNIFIED,"[AC] [LOCK][TIMEOUT] partner=AA06"
FF08,GWN,3,UNIFIED,"[BB] t=206 [PHASE_RX] Listening (Q_fwd=5; Q_local=0)"
FF08,GWN,3,UNIFIED,"[BB] t=207 [DEQUEUE] From Q_fwd (waited 113 TFs)"
FF08,GWN,3,UNIFIED,"[BB] t=207 [PHASE_TX] Sent HB.3 -> FF05 (Q_fwd=4; Q_local=0)"
FF08,GWN,3,UNIFIED,"[BB] t=208 [DEQUEUE] From Q_fwd (waited 84 TFs)"
FF08,GWN,3,UNIFIED,"[BB] t=208 [PHASE_TX] Sent CMD.5 -> FF05 (Q_fwd=3; Q_local=0)"
FF08,GWN,3,UNIFIED,"[BB] t=209 [DEQUEUE] From Q_fwd (waited 9 TFs)"
FF08,GWN,3,UNIFIED,"[BB] t=209 [PHASE_TX] Sent CMD.5 -> FF05 (Q_fwd=2; Q_local=0)"
FF08,GWN,3,UNIFIED,"[BB] t=210 [PHASE_RX] Listening (Q_fwd=2; Q_local=0)"
FF08,GWN,3,UNIFIED,"[AC] t=210 [HELLO_TX] bcast battery=100.0%"
FF08,GWN,3,UNIFIED,"[BB] t=210 [RX_FWD] Encrypted CMD.5 from Child FF0A -> Queue for Parent FF05"
FF08,GWN,3,UNIFIED,"[BB] t=210 [Q_FWD] Queued CMD.5 (size=3/15)"
FF08,GWN,3,UNIFIED,"[BB] t=211 [PHASE_RX] Listening (Q_fwd=3; Q_local=0)"
FF08,GWN,3,UNIFIED,"[BB] t=211 [RX_FWD] Encrypted CMD.5 from Child FF0A -> Queue for Parent FF05"
FF08,GWN,3,UNIFIED,"[BB] t=211 [Q_FWD] Queued CMD.5 (size=4/15)"
FF08,GWN,3,UNIFIED,"[BB] t=212 [PHASE_RX] Listening (Q_fwd=4; Q_local=0)"
FF08,GWN,3,UNIFIED,"[BB] t=212 [RX_FWD] Encrypted CMD.5 from Child FF0A -> Queue for Parent FF05"
FF08,GWN,3,UNIFIED,"[BB] t=212 [Q_FWD] Queued CMD.5 (size=5/15)"
FF08,GWN,3,UNIFIED,"[BB] t=213 [DEQUEUE] From Q_fwd (waited 9 TFs)"
FF08,GWN,3,UNIFIED,"[BB] t=213 [PHASE_TX] Sent CMD.5 -> FF05 (Q_fwd=4; Q_local=0)"
FF08,GWN,3,UNIFIED,"[BB] t=214 [DEQUEUE] From Q_fwd (waited 9 TFs)"
FF08,GWN,3,UNIFIED,"[BB] t=214 [PHASE_TX] Sent CMD.5 -> FF05 (Q_fwd=3; Q_local=0)"
FF08,GWN,3,UNIFIED,"[AC] t=214 [HELLO_TX] bcast battery=100.0%"
FF08,GWN,3,UNIFIED,"[BB] t=215 [DEQUEUE] From Q_fwd (waited 5 TFs)"
FF08,GWN,3,UNIFIED,"[BB] t=215 [PHASE_TX] Sent CMD.5 -> FF05 (Q_fwd=2; Q_local=0)"
FF08,GWN,3,UNIFIED,"[BB] t=216 [PHASE_RX] Listening (Q_fwd=2; Q_local=0)"
FF08,GWN,3,UNIFIED,"[BB] t=216 [RX_FWD] Encrypted CMD.5 from Child FF0A -> Queue for Parent FF05"
FF08,GWN,3,UNIFIED,"[BB] t=216 [Q_FWD] Queued CMD.5 (size=3/15)"
FF08,GWN,3,UNIFIED,"[BB] t=217 [PHASE_RX] Listening (Q_fwd=3; Q_local=0)"
FF08,GWN,3,UNIFIED,"[BB] t=217 [RX_FWD] Encrypted CMD.5 from Child FF0A -> Queue for Parent FF05"
FF08,GWN,3,UNIFIED,"[BB] t=217 [Q_FWD] Queued CMD.5 (size=4/15)"
FF08,GWN,3,UNIFIED,"[AC] t=217 [RX] CH_CMD.2 <- AA06"
FF08,GWN,3,UNIFIED,"[AC] [LOCK][CLEAR][CH_SUCCESS] partner=AA06"
FF08,GWN,3,UNIFIED,"[AC] t=217 [CH_JOINED] AA06 added to children"
FF08,GWN,3,UNIFIED,"[BB] t=217 [Q_LOCAL] Queued CH_HELLO.1 (size=1/15)"
FF08,GWN,3,UNIFIED,"[BB] t=218 [PHASE_RX] Listening (Q_fwd=4; Q_local=1)"
FF08,GWN,3,UNIFIED,"[BB] t=218 [RX_FWD] Encrypted CMD.5 from Child FF0A -> Queue for Parent FF05"
FF08,GWN,3,UNIFIED,"[BB] t=218 [Q_FWD] Queued CMD.5 (size=5/15)"
FF08,GWN,3,UNIFIED,"[BB] t=219 [DEQUEUE] From Q_fwd (waited 8 TFs)"
FF08,GWN,3,UNIFIED,"[BB] t=219 [PHASE_TX] Sent CMD.5 -> FF05 (Q_fwd=4; Q_local=1)"
FF08,GWN,3,UNIFIED,"[BB] t=220 [DEQUEUE] From Q_fwd (waited 8 TFs)"
FF08,GWN,3,UNIFIED,"[BB] t=220 [PHASE_TX] Sent CMD.5 -> FF05 (Q_fwd=3; Q_local=1)"
FF08,GWN,3,UNIFIED,"[BB] t=221 [DEQUEUE] From Q_fwd (waited 5 TFs)"
FF08,GWN,3,UNIFIED,"[BB] t=221 [PHASE_TX] Sent CMD.5 -> FF05 (Q_fwd=2; Q_local=1)"
FF08,GWN,3,UNIFIED,"[AC] t=221 [HELLO_TX] bcast battery=100.0%"
FF08,GWN,3,UNIFIED,"[AC] t=221 [RX] CH_CMD.3 <- AA0A"
FF08,GWN,3,UNIFIED,"[BB] t=222 [PHASE_RX] Listening (Q_fwd=2; Q_local=1)"
FF08,GWN,3,UNIFIED,"[BB] t=222 [RX_FWD] Encrypted CMD.5 from Child FF0A -> Queue for Parent FF05"
FF08,GWN,3,UNIFIED,"[BB] t=222 [Q_FWD] Queued CMD.5 (size=3/15)"
FF08,GWN,3,UNIFIED,"[AC] t=222 [RX] CH_CMD.0 <- AA0A"
FF08,GWN,3,UNIFIED,"[AC] [LOCK][SET] partner=AA0A timeout=4"
FF08,GWN,3,UNIFIED,"[AC] t=222 [CH_ACK] -> AA0A (sending key)"
FF08,GWN,3,UNIFIED,"[BB] t=223 [PHASE_RX] Listening (Q_fwd=3; Q_local=1)"
FF08,GWN,3,UNIFIED,"[BB] t=223 [RX_FWD] Encrypted CMD.5 from Child FF0A -> Queue for Parent FF05"
FF08,GWN,3,UNIFIED,"[BB] t=223 [Q_FWD] Queued CMD.5 (size=4/15)"
FF08,GWN,3,UNIFIED,"[BB] t=224 [PHASE_RX] Listening (Q_fwd=4; Q_local=1)"
FF08,GWN,3,UNIFIED,"[BB] t=224 [RX_FWD] Encrypted CMD.5 from Child FF0A -> Queue for Parent FF05"
FF08,GWN,3,UNIFIED,"[BB] t=224 [Q_FWD] Queued CMD.5 (size=5/15)"
FF08,GWN,3,UNIFIED,"[BB] t=225 [DEQUEUE] From Q_fwd (waited 8 TFs)"
FF08,GWN,3,UNIFIED,"[BB] t=225 [PHASE_TX] Sent CMD.5 -> FF05 (Q_fwd=4; Q_local=1)"
FF08,GWN,3,UNIFIED,"[AC] t=226 [TIMEOUT] Sent CH_REJECT to orphaned AA0A"
FF08,GWN,3,UNIFIED,"[AC] [LOCK][TIMEOUT] partner=AA0A"
FF08,GWN,3,UNIFIED,"[BB] t=226 [DEQUEUE] From Q_fwd (waited 8 TFs)"
FF08,GWN,3,UNIFIED,"[BB] t=226 [PHASE_TX] Sent CMD.5 -> FF05 (Q_fwd=3; Q_local=1)"
FF08,GWN,3,UNIFIED,"[BB] t=227 [DEQUEUE] From Q_fwd (waited 5 TFs)"
FF08,GWN,3,UNIFIED,"[BB] t=227 [PHASE_TX] Sent CMD.5 -> FF05 (Q_fwd=2; Q_local=1)"
FF08,GWN,3,UNIFIED,"[BB] t=228 [PHASE_RX] Listening (Q_fwd=2; Q_local=1)"
FF08,GWN,3,UNIFIED,"[BB] t=228 [RX_FWD] Encrypted CMD.5 from Child FF0A -> Queue for Parent FF05"
FF08,GWN,3,UNIFIED,"[BB] t=228 [Q_FWD] Queued CMD.5 (size=3/15)"
FF08,GWN,3,UNIFIED,"[BB] t=229 [PHASE_RX] Listening (Q_fwd=3; Q_local=1)"
FF08,GWN,3,UNIFIED,"[BB] t=229 [RX_FWD] Encrypted CMD.5 from Child FF0A -> Queue for Parent FF05"
FF08,GWN,3,UNIFIED,"[BB] t=229 [Q_FWD] Queued CMD.5 (size=4/15)"
FF08,GWN,3,UNIFIED,"[BB] t=230 [PHASE_RX] Listening (Q_fwd=4; Q_local=1)"
FF08,GWN,3,UNIFIED,"[BB] t=230 [RX_FWD] Encrypted CMD.5 from Child FF0A -> Queue for Parent FF05"
FF08,GWN,3,UNIFIED,"[BB] t=230 [Q_FWD] Queued CMD.5 (size=5/15)"
FF08,GWN,3,UNIFIED,"[BB] t=231 [DEQUEUE] From Q_fwd (waited 8 TFs)"
FF08,GWN,3,UNIFIED,"[BB] t=231 [PHASE_TX] Sent CMD.5 -> FF05 (Q_fwd=4; Q_local=1)"
FF08,GWN,3,UNIFIED,"[AC] t=231 [HELLO_TX] bcast battery=100.0%"
FF08,GWN,3,UNIFIED,"[BB] t=232 [DEQUEUE] From Q_fwd (waited 8 TFs)"
FF08,GWN,3,UNIFIED,"[BB] t=232 [PHASE_TX] Sent CMD.5 -> FF05 (Q_fwd=3; Q_local=1)"
FF08,GWN,3,UNIFIED,"[BB] t=233 [DEQUEUE] From Q_fwd (waited 5 TFs)"
FF08,GWN,3,UNIFIED,"[BB] t=233 [PHASE_TX] Sent CMD.5 -> FF05 (Q_fwd=2; Q_local=1)"
FF08,GWN,3,UNIFIED,"[AC] t=233 [RX] CH_CMD.2 <- AA0A"
FF08,GWN,3,UNIFIED,"[AC] [LOCK][CLEAR][CH_SUCCESS] partner=AA0A"
FF08,GWN,3,UNIFIED,"[AC] t=233 [CH_JOINED] AA0A added to children"
FF08,GWN,3,UNIFIED,"[BB] t=233 [Q_LOCAL] Queued CH_HELLO.1 (size=2/15)"
FF08,GWN,3,UNIFIED,"[BB] t=234 [PHASE_RX] Listening (Q_fwd=2; Q_local=2)"
FF08,GWN,3,UNIFIED,"[BB] t=234 [RX_FWD] Encrypted CMD.5 from Child FF0A -> Queue for Parent FF05"
FF08,GWN,3,UNIFIED,"[BB] t=234 [Q_FWD] Queued CMD.5 (size=3/15)"
FF08,GWN,3,UNIFIED,"[BB] t=235 [PHASE_RX] Listening (Q_fwd=3; Q_local=2)"
FF08,GWN,3,UNIFIED,"[BB] t=235 [RX_FWD] Encrypted CMD.5 from Child FF0A -> Queue for Parent FF05"
FF08,GWN,3,UNIFIED,"[BB] t=235 [Q_FWD] Queued CMD.5 (size=4/15)"
FF08,GWN,3,UNIFIED,"[BB] t=236 [PHASE_RX] Listening (Q_fwd=4; Q_local=2)"
FF08,GWN,3,UNIFIED,"[BB] t=236 [RX_FWD] Encrypted CH_HELLO.1 from Child FF0A -> Queue for Parent FF05"
FF08,GWN,3,UNIFIED,"[BB] t=236 [Q_FWD] Queued CH_HELLO.1 (size=5/15)"
FF08,GWN,3,UNIFIED,"[BB] t=237 [DEQUEUE] From Q_fwd (waited 8 TFs)"
FF08,GWN,3,UNIFIED,"[BB] t=237 [PHASE_TX] Sent CMD.5 -> FF05 (Q_fwd=4; Q_local=2)"
FF08,GWN,3,UNIFIED,"[BB] t=238 [DEQUEUE] From Q_fwd (waited 8 TFs)"
FF08,GWN,3,UNIFIED,"[BB] t=238 [PHASE_TX] Sent CMD.5 -> FF05 (Q_fwd=3; Q_local=2)"
FF08,GWN,3,UNIFIED,"[BB] t=239 [DEQUEUE] From Q_fwd (waited 5 TFs)"
FF08,GWN,3,UNIFIED,"[BB] t=239 [PHASE_TX] Sent CMD.5 -> FF05 (Q_fwd=2; Q_local=2)"
FF08,GWN,3,UNIFIED,"[BB] t=240 [PHASE_RX] Listening (Q_fwd=2; Q_local=2)"
FF08,GWN,3,UNIFIED,"[AC] t=240 [HELLO_TX] bcast battery=100.0%"
FF08,GWN,3,UNIFIED,"[BB] t=240 [RX_FWD] Encrypted CH_HELLO.1 from Child FF0A -> Queue for Parent FF05"
FF08,GWN,3,UNIFIED,"[BB] t=240 [Q_FWD] Queued CH_HELLO.1 (size=3/15)"
FF08,GWN,3,UNIFIED,"[BB] t=241 [PHASE_RX] Listening (Q_fwd=3; Q_local=2)"
FF08,GWN,3,UNIFIED,"[BB] t=241 [RX_FWD] Encrypted CMD.5 from Child FF0A -> Queue for Parent FF05"
FF08,GWN,3,UNIFIED,"[BB] t=241 [Q_FWD] Queued CMD.5 (size=4/15)"
FF08,GWN,3,UNIFIED,"[BB] t=242 [PHASE_RX] Listening (Q_fwd=4; Q_local=2)"
FF08,GWN,3,UNIFIED,"[BB] t=243 [DEQUEUE] From Q_fwd (waited 8 TFs)"
FF08,GWN,3,UNIFIED,"[BB] t=243 [PHASE_TX] Sent CMD.5 -> FF05 (Q_fwd=3; Q_local=2)"
FF08,GWN,3,UNIFIED,"[BB] t=244 [DEQUEUE] From Q_fwd (waited 8 TFs)"
FF08,GWN,3,UNIFIED,"[BB] t=244 [PHASE_TX] Sent CH_HELLO.1 -> FF05 (Q_fwd=2; Q_local=2)"
FF08,GWN,3,UNIFIED,"[BB] t=245 [DEQUEUE] From Q_fwd (waited 5 TFs)"
FF08,GWN,3,UNIFIED,"[BB] t=245 [PHASE_TX] Sent CH_HELLO.1 -> FF05 (Q_fwd=1; Q_local=2)"
FF08,GWN,3,UNIFIED,"[BB] t=246 [PHASE_RX] Listening (Q_fwd=1; Q_local=2)"
FF08,GWN,3,UNIFIED,"[BB] t=247 [PHASE_RX] Listening (Q_fwd=1; Q_local=2)"
FF08,GWN,3,UNIFIED,"[BB] t=248 [PHASE_RX] Listening (Q_fwd=1; Q_local=2)"
FF08,GWN,3,UNIFIED,"[BB] t=249 [DEQUEUE] From Q_fwd (waited 8 TFs)"
FF08,GWN,3,UNIFIED,"[BB] t=249 [PHASE_TX] Sent CMD.5 -> FF05 (Q_fwd=0; Q_local=2)"
FF08,GWN,3,UNIFIED,"[AC] t=249 [HELLO_TX] bcast battery=100.0%"
FF09,GWN,3,BACKBONE,"t=4 [PHY] Neighbour count: 3->4"
FF09,GWN,3,BACKBONE,"t=5 [PHY] Neighbour count: 4->5"
FF09,GWN,3,BACKBONE,"t=6 [TX] HB.0 -> <BCAST>"
FF09,GWN,3,BACKBONE,"t=11 [PHY] Neighbour count: 5->6"
FF09,GWN,3,BACKBONE,"t=13 [TX] HB.0 -> <BCAST>"
FF09,GWN,3,BACKBONE,"t=13 [PHY] Neighbour count: 6->7"
FF09,GWN,3,BACKBONE,"t=14 [PHY] Neighbour count: 7->8"
FF09,GWN,3,BACKBONE,"t=15 [PHY] Neighbour count: 8->9"
FF09,GWN,3,BACKBONE,"t=18 [PHY] Neighbour count: 9->10"
FF09,GWN,3,BACKBONE,"t=19 [PHY] Neighbour count: 10->11"
FF09,GWN,3,BACKBONE,"t=20 [TX] HB.0 -> <BCAST>"
FF09,GWN,3,BACKBONE,"t=24 [PHY] Neighbour count: 12->13"
FF09,GWN,3,BACKBONE,"t=26 [PHY] Neighbour count: 13->14"
FF09,GWN,3,BACKBONE,"t=27 [TX] HB.1 -> <BCAST>"
FF09,GWN,3,BACKBONE,"t=28 [PHY] Neighbour count: 14->15"
FF09,GWN,3,BACKBONE,"t=34 [TX] HB.1 -> <BCAST>"
FF09,GWN,3,BACKBONE,"t=37 [PHY] Neighbour count: 15->16"
FF09,GWN,3,BACKBONE,"t=38 [PHY] Neighbour count: 16->17"
FF09,GWN,3,BACKBONE,"t=41 [TX] HB.1 -> <BCAST>"
FF09,GWN,3,BACKBONE,"t=44 [PHY] Neighbour count: 17->18"
FF09,GWN,3,BACKBONE,"t=48 [TX] HB.1 -> <BCAST>"
FF09,GWN,3,BACKBONE,"t=48 [PHY] Neighbour count: 18->19"
FF09,GWN,3,BACKBONE,"t=53 [PHY] Neighbour count: 19->20"
FF09,GWN,3,BACKBONE,"t=55 [TX] HB.1 -> <BCAST>"
FF09,GWN,3,BACKBONE,"t=62 [TX] HB.1 -> <BCAST>"
FF09,GWN,3,BACKBONE,"t=67 [RX] CMD.0 <- FF06 RSSI=0.4"
FF09,GWN,3,BACKBONE,"t=67 [TX] CMD.1 -> FF06"
FF09,GWN,3,BACKBONE,"t=67 [TX] CMD.1 -> FF06"
FF09,GWN,3,BACKBONE,"t=67 [STATE] DISCOVERY -> HANDSHAKE"
FF09,GWN,3,BACKBONE,"[LOCK][SET] partner=FF06 timeout=6"
FF09,GWN,3,BACKBONE,"t=67 [HANDSHAKE] Lock set with FF06 (timer=6)"
FF09,GWN,3,BACKBONE,"t=72 [RX] CMD.4 <- FF06 RSSI=0.4"
FF09,GWN,3,BACKBONE,"[LOCK][REFRESH] partner=FF06 timeout=6"
FF09,GWN,3,BACKBONE,"t=76 [RX] CMD.3 <- FF06 RSSI=0.4"
FF09,GWN,3,BACKBONE,"[LOCK][CLEAR][REJECT] partner=FF06"
FF09,GWN,3,BACKBONE,"t=76 [REJECT] Neighbor FF06 marked REJECT"
FF09,GWN,3,BACKBONE,"t=76 [HANDSHAKE] Lock cleared (was with FF06)"
FF09,GWN,3,BACKBONE,"t=76 [STATE] HANDSHAKE -> SECURE"
FF09,GWN,3,BACKBONE,"t=83 [RX] CMD.0 <- FF06 RSSI=0.4"
FF09,GWN,3,BACKBONE,"t=83 [TX] CMD.1 -> FF06"
FF09,GWN,3,BACKBONE,"t=83 [TX] CMD.1 -> FF06"
FF09,GWN,3,BACKBONE,"t=83 [STATE] SECURE -> HANDSHAKE"
FF09,GWN,3,BACKBONE,"[LOCK][SET] partner=FF06 timeout=6"
FF09,GWN,3,BACKBONE,"t=83 [HANDSHAKE] Lock set with FF06 (timer=6)"
FF09,GWN,3,BACKBONE,"t=87 [RX] CMD.2 <- FF06 RSSI=0.4"
FF09,GWN,3,BACKBONE,"[LOCK][REFRESH] partner=FF06 timeout=6"
FF09,GWN,3,BACKBONE,"[LOCK][SET] partner=FF06 timeout=6"
FF09,GWN,3,BACKBONE,"t=87 [PARENT] Set parent -> FF06"
FF09,GWN,3,BACKBONE,"t=88 [RX] CMD.4 <- FF06 RSSI=0.4"
FF09,GWN,3,BACKBONE,"[LOCK][REFRESH] partner=FF06 timeout=6"
FF09,GWN,3,BACKBONE,"t=88 [PHASE] Inherited phaseOffset=0 from parent FF06"
FF09,GWN,3,BACKBONE,"t=88 [ENC_HELLO] TX: gwCh=0; chCh=0; secCh=0; sn=0 (encrypted)"
FF09,GWN,3,BACKBONE,"t=88 [TX] CMD.5 -> FF06"
FF09,GWN,3,BACKBONE,"[LOCK][CLEAR][ENC_HELLO_TX] partner=FF06"
FF09,GWN,3,BACKBONE,"t=88 [HANDSHAKE] Lock cleared (was with FF06)"
FF09,GWN,3,BACKBONE,"[LOCK][SET] partner=FF02 timeout=6"
FF09,GWN,3,BACKBONE,"t=92 [HANDSHAKE] Lock set with FF02 (timer=6)"
FF09,GWN,3,BACKBONE,"[LOCK][SET] partner=FF02 timeout=6"
FF09,GWN,3,BACKBONE,"t=92 [TX] CMD.0 -> FF02"
FF09,GWN,3,BACKBONE,"t=94 [RX] CMD.1 <- FF02 RSSI=0.5"
FF09,GWN,3,BACKBONE,"[LOCK][REFRESH] partner=FF02 timeout=6"
FF09,GWN,3,BACKBONE,"t=94 [TX] CMD.2 -> FF02"
FF09,GWN,3,BACKBONE,"[LOCK][REFRESH] partner=FF02 timeout=6"
FF09,GWN,3,BACKBONE,"t=94 [HANDSHAKE] FF02 added to pendingChildren (awaiting ENC_HELLO)"
FF09,GWN,3,BACKBONE,"t=94 [TX] CMD.4 -> FF02"
FF09,GWN,3,BACKBONE,"t=94 [PHASE] Sending phaseOffset=1 to child FF02 (self=0)"
FF09,GWN,3,BACKBONE,"[LOCK][REFRESH] partner=FF02 timeout=6"
FF09,GWN,3,BACKBONE,"[LOCK][SET] partner=FF02 timeout=6"
FF09,GWN,3,BACKBONE,"t=98 [ENC_HELLO] TX: gwCh=0; chCh=0; secCh=0; sn=0 (encrypted)"
FF09,GWN,3,BACKBONE,"t=98 [ENC_HELLO] Retry 1/3 sent (next at t=118)"
FF09,GWN,3,BACKBONE,"t=99 [RX] CMD.5 <- FF02 RSSI=0.5"
FF09,GWN,3,BACKBONE,"t=99 [HANDSHAKE] FF02 promoted to children (ENC_HELLO received)"
FF09,GWN,3,BACKBONE,"[LOCK][CLEAR][ENC_HELLO_RX] partner=FF02"
FF09,GWN,3,BACKBONE,"t=99 [TX] CMD.5 -> FF06"
FF09,GWN,3,BACKBONE,"t=99 [HANDSHAKE] Lock cleared (was with FF02)"
FF09,GWN,3,BACKBONE,"t=99 [RETRY] Reset retry state for FF02 (now child)"
FF09,GWN,3,BACKBONE,"t=99 [STATE] HANDSHAKE -> SECURE"
FF09,GWN,3,BACKBONE,"t=107 [RX_FWD] Encrypted CMD.5 from Child FF02 -> Queue for Parent FF06"
FF09,GWN,3,BACKBONE,"t=107 [Q_FWD] Queued CMD.5 (size=1/15)"
FF09,GWN,3,BACKBONE,"t=110 [RX_FWD] Encrypted CMD.5 from Child FF02 -> Queue for Parent FF06"
FF09,GWN,3,BACKBONE,"t=110 [Q_FWD] Queued CMD.5 (size=2/15)"
FF09,GWN,3,BACKBONE,"t=118 [ENC_HELLO] TX: gwCh=1; chCh=0; secCh=0; sn=0 (encrypted)"
FF09,GWN,3,BACKBONE,"t=118 [ENC_HELLO] Retry 2/3 sent (next at t=158)"
FF09,GWN,3,BACKBONE,"t=127 [RX_FWD] Encrypted CMD.5 from Child FF02 -> Queue for Parent FF06"
FF09,GWN,3,BACKBONE,"t=127 [Q_FWD] Queued CMD.5 (size=3/15)"
FF09,GWN,3,BACKBONE,"t=141 [PHY] Neighbour count: 20->21"
FF09,GWN,3,BACKBONE,"t=158 [ENC_HELLO] TX: gwCh=1; chCh=0; secCh=0; sn=0 (encrypted)"
FF09,GWN,3,BACKBONE,"t=158 [ENC_HELLO] Retry 3/3 sent (next at t=238)"
FF09,GWN,3,BACKBONE,"t=167 [RX_FWD] Encrypted CMD.5 from Child FF02 -> Queue for Parent FF06"
FF09,GWN,3,BACKBONE,"t=167 [Q_FWD] Queued CMD.5 (size=4/15)"
FF09,GWN,3,BACKBONE,"t=200 [DEQUEUE] From Q_fwd (waited 93 TFs)"
FF09,GWN,3,BACKBONE,"t=200 [PHASE_TX] Sent CMD.5 -> FF06 (Q_fwd=3; Q_local=0)"
FF09,GWN,3,BACKBONE,"t=201 [PHASE_RX] Listening (Q_fwd=3; Q_local=0)"
FF09,GWN,3,BACKBONE,"t=201 [RX_FWD] Encrypted CMD.5 from Child FF02 -> Queue for Parent FF06"
FF09,GWN,3,BACKBONE,"t=201 [Q_FWD] Queued CMD.5 (size=4/15)"
FF09,GWN,3,BACKBONE,"t=202 [PHASE_RX] Listening (Q_fwd=4; Q_local=0)"
FF09,GWN,3,BACKBONE,"t=202 [RX_FWD] Encrypted CMD.5 from Child FF02 -> Queue for Parent FF06"
FF09,GWN,3,BACKBONE,"t=202 [Q_FWD] Queued CMD.5 (size=5/15)"
FF09,GWN,3,BACKBONE,"t=203 [PHASE_RX] Listening (Q_fwd=5; Q_local=0)"
FF09,GWN,3,BACKBONE,"t=203 [RX_FWD] Encrypted CMD.5 from Child FF02 -> Queue for Parent FF06"
FF09,GWN,3,BACKBONE,"t=203 [Q_FWD] Queued CMD.5 (size=6/15)"
FF09,GWN,3,BACKBONE,"t=204 [DEQUEUE] From Q_fwd (waited 94 TFs)"
FF09,GWN,3,BACKBONE,"t=204 [PHASE_TX] Sent CMD.5 -> FF06 (Q_fwd=5; Q_local=0)"
FF09,GWN,3,BACKBONE,"t=205 [DEQUEUE] From Q_fwd (waited 78 TFs)"
FF09,GWN,3,BACKBONE,"t=205 [PHASE_TX] Sent CMD.5 -> FF06 (Q_fwd=4; Q_local=0)"
FF09,GWN,3,BACKBONE,"t=206 [DEQUEUE] From Q_fwd (waited 39 TFs)"
FF09,GWN,3,BACKBONE,"t=206 [PHASE_TX] Sent CMD.5 -> FF06 (Q_fwd=3; Q_local=0)"
FF09,GWN,3,BACKBONE,"t=207 [PHASE_RX] Listening (Q_fwd=3; Q_local=0)"
FF09,GWN,3,BACKBONE,"t=207 [RX_FWD] Encrypted CMD.5 from Child FF02 -> Queue for Parent FF06"
FF09,GWN,3,BACKBONE,"t=207 [Q_FWD] Queued CMD.5 (size=4/15)"
FF09,GWN,3,BACKBONE,"t=208 [PHASE_RX] Listening (Q_fwd=4; Q_local=0)"
FF09,GWN,3,BACKBONE,"t=208 [RX_FWD] Encrypted CMD.5 from Child FF02 -> Queue for Parent FF06"
FF09,GWN,3,BACKBONE,"t=208 [Q_FWD] Queued CMD.5 (size=5/15)"
FF09,GWN,3,BACKBONE,"t=209 [PHASE_RX] Listening (Q_fwd=5; Q_local=0)"
FF09,GWN,3,BACKBONE,"t=209 [RX_FWD] Encrypted CMD.5 from Child FF02 -> Queue for Parent FF06"
FF09,GWN,3,BACKBONE,"t=209 [Q_FWD] Queued CMD.5 (size=6/15)"
FF09,GWN,3,BACKBONE,"t=210 [DEQUEUE] From Q_fwd (waited 9 TFs)"
FF09,GWN,3,BACKBONE,"t=210 [PHASE_TX] Sent CMD.5 -> FF06 (Q_fwd=5; Q_local=0)"
FF09,GWN,3,BACKBONE,"t=211 [DEQUEUE] From Q_fwd (waited 9 TFs)"
FF09,GWN,3,BACKBONE,"t=211 [PHASE_TX] Sent CMD.5 -> FF06 (Q_fwd=4; Q_local=0)"
FF09,GWN,3,BACKBONE,"t=212 [DEQUEUE] From Q_fwd (waited 9 TFs)"
FF09,GWN,3,BACKBONE,"t=212 [PHASE_TX] Sent CMD.5 -> FF06 (Q_fwd=3; Q_local=0)"
FF09,GWN,3,BACKBONE,"t=213 [PHASE_RX] Listening (Q_fwd=3; Q_local=0)"
FF09,GWN,3,BACKBONE,"t=213 [RX_FWD] Encrypted CMD.5 from Child FF02 -> Queue for Parent FF06"
FF09,GWN,3,BACKBONE,"t=213 [Q_FWD] Queued CMD.5 (size=4/15)"
FF09,GWN,3,BACKBONE,"t=214 [PHASE_RX] Listening (Q_fwd=4; Q_local=0)"
FF09,GWN,3,BACKBONE,"t=215 [PHASE_RX] Listening (Q_fwd=4; Q_local=0)"
FF09,GWN,3,BACKBONE,"t=216 [DEQUEUE] From Q_fwd (waited 9 TFs)"
FF09,GWN,3,BACKBONE,"t=216 [PHASE_TX] Sent CMD.5 -> FF06 (Q_fwd=3; Q_local=0)"
FF09,GWN,3,BACKBONE,"t=217 [DEQUEUE] From Q_fwd (waited 9 TFs)"
FF09,GWN,3,BACKBONE,"t=217 [PHASE_TX] Sent CMD.5 -> FF06 (Q_fwd=2; Q_local=0)"
FF09,GWN,3,BACKBONE,"t=218 [DEQUEUE] From Q_fwd (waited 9 TFs)"
FF09,GWN,3,BACKBONE,"t=218 [PHASE_TX] Sent CMD.5 -> FF06 (Q_fwd=1; Q_local=0)"
FF09,GWN,3,BACKBONE,"t=219 [PHASE_RX] Listening (Q_fwd=1; Q_local=0)"
FF09,GWN,3,BACKBONE,"t=219 [RX_FWD] Encrypted CH_HELLO.1 from Child FF02 -> Queue for Parent FF06"
FF09,GWN,3,BACKBONE,"t=219 [Q_FWD] Queued CH_HELLO.1 (size=2/15)"
FF09,GWN,3,BACKBONE,"t=220 [PHASE_RX] Listening (Q_fwd=2; Q_local=0)"
FF09,GWN,3,BACKBONE,"t=221 [PHASE_RX] Listening (Q_fwd=2; Q_local=0)"
FF09,GWN,3,BACKBONE,"t=222 [DEQUEUE] From Q_fwd (waited 9 TFs)"
FF09,GWN,3,BACKBONE,"t=222 [PHASE_TX] Sent CMD.5 -> FF06 (Q_fwd=1; Q_local=0)"
FF09,GWN,3,BACKBONE,"t=223 [DEQUEUE] From Q_fwd (waited 4 TFs)"
FF09,GWN,3,BACKBONE,"t=223 [PHASE_TX] Sent CH_HELLO.1 -> FF06 (Q_fwd=0; Q_local=0)"
FF09,GWN,3,BACKBONE,"t=224 [PHASE_TX] IDLE (queues empty)"
FF09,GWN,3,BACKBONE,"t=225 [PHASE_RX] Listening (Q_fwd=0; Q_local=0)"
FF09,GWN,3,BACKBONE,"t=226 [PHASE_RX] Listening (Q_fwd=0; Q_local=0)"
FF09,GWN,3,BACKBONE,"t=227 [PHASE_RX] Listening (Q_fwd=0; Q_local=0)"
FF09,GWN,3,BACKBONE,"t=228 [PHASE_TX] IDLE (queues empty)"
FF09,GWN,3,BACKBONE,"t=229 [PHASE_TX] IDLE (queues empty)"
FF09,GWN,3,BACKBONE,"t=230 [PHASE_TX] IDLE (queues empty)"
FF09,GWN,3,BACKBONE,"t=231 [PHASE_RX] Listening (Q_fwd=0; Q_local=0)"
FF09,GWN,3,BACKBONE,"t=232 [PHASE_RX] Listening (Q_fwd=0; Q_local=0)"
FF09,GWN,3,BACKBONE,"t=233 [PHASE_RX] Listening (Q_fwd=0; Q_local=0)"
FF09,GWN,3,BACKBONE,"t=234 [PHASE_TX] IDLE (queues empty)"
FF09,GWN,3,BACKBONE,"t=235 [PHASE_TX] IDLE (queues empty)"
FF09,GWN,3,BACKBONE,"t=236 [PHASE_TX] IDLE (queues empty)"
FF09,GWN,3,BACKBONE,"t=237 [PHASE_RX] Listening (Q_fwd=0; Q_local=0)"
FF09,GWN,3,BACKBONE,"t=238 [ENC_HELLO] TX: gwCh=1; chCh=0; secCh=0; sn=0 (encrypted)"
FF09,GWN,3,BACKBONE,"t=238 [ENC_HELLO] Registry refresh #1 sent (next at t=318)"
FF09,GWN,3,BACKBONE,"t=238 [PHASE_RX] Listening (Q_fwd=0; Q_local=0)"
FF09,GWN,3,BACKBONE,"t=239 [PHASE_RX] Listening (Q_fwd=0; Q_local=0)"
FF09,GWN,3,BACKBONE,"t=240 [PHASE_TX] IDLE (queues empty)"
FF09,GWN,3,BACKBONE,"t=241 [PHASE_TX] IDLE (queues empty)"
FF09,GWN,3,BACKBONE,"t=242 [PHASE_TX] IDLE (queues empty)"
FF09,GWN,3,BACKBONE,"t=243 [PHASE_RX] Listening (Q_fwd=0; Q_local=0)"
FF09,GWN,3,BACKBONE,"t=244 [PHASE_RX] Listening (Q_fwd=0; Q_local=0)"
FF09,GWN,3,BACKBONE,"t=245 [PHASE_RX] Listening (Q_fwd=0; Q_local=0)"
FF09,GWN,3,BACKBONE,"t=246 [PHASE_TX] IDLE (queues empty)"
FF09,GWN,3,BACKBONE,"t=247 [PHASE_TX] IDLE (queues empty)"
FF09,GWN,3,BACKBONE,"t=247 [RX_FWD] Encrypted CMD.5 from Child FF02 -> Queue for Parent FF06"
FF09,GWN,3,BACKBONE,"t=247 [Q_FWD] Queued CMD.5 (size=1/15)"
FF09,GWN,3,BACKBONE,"t=248 [DEQUEUE] From Q_fwd (waited 1 TFs)"
FF09,GWN,3,BACKBONE,"t=248 [PHASE_TX] Sent CMD.5 -> FF06 (Q_fwd=0; Q_local=0)"
FF09,GWN,3,BACKBONE,"t=249 [PHASE_RX] Listening (Q_fwd=0; Q_local=0)"
FF09,GWN,3,ACCESS,"t=4 [HELLO_TX] bcast battery=100.0%"
FF09,GWN,3,ACCESS,"t=4 [PHY] Neighbour count: 3->4"
FF09,GWN,3,ACCESS,"t=5 [PHY] Neighbour count: 4->5"
FF09,GWN,3,ACCESS,"t=11 [PHY] Neighbour count: 5->6"
FF09,GWN,3,ACCESS,"t=13 [HELLO_TX] bcast battery=100.0%"
FF09,GWN,3,ACCESS,"t=13 [PHY] Neighbour count: 6->7"
FF09,GWN,3,ACCESS,"t=14 [PHY] Neighbour count: 7->8"
FF09,GWN,3,ACCESS,"t=15 [PHY] Neighbour count: 8->9"
FF09,GWN,3,ACCESS,"t=18 [PHY] Neighbour count: 9->10"
FF09,GWN,3,ACCESS,"t=19 [PHY] Neighbour count: 10->11"
FF09,GWN,3,ACCESS,"t=22 [HELLO_TX] bcast battery=100.0%"
FF09,GWN,3,ACCESS,"t=24 [PHY] Neighbour count: 12->13"
FF09,GWN,3,ACCESS,"t=26 [PHY] Neighbour count: 13->14"
FF09,GWN,3,ACCESS,"t=28 [PHY] Neighbour count: 14->15"
FF09,GWN,3,ACCESS,"t=30 [HELLO_TX] bcast battery=100.0%"
FF09,GWN,3,ACCESS,"t=37 [PHY] Neighbour count: 15->16"
FF09,GWN,3,ACCESS,"t=38 [PHY] Neighbour count: 16->17"
FF09,GWN,3,ACCESS,"t=39 [HELLO_TX] bcast battery=100.0%"
FF09,GWN,3,ACCESS,"t=44 [PHY] Neighbour count: 17->18"
FF09,GWN,3,ACCESS,"t=46 [HELLO_TX] bcast battery=100.0%"
FF09,GWN,3,ACCESS,"t=48 [PHY] Neighbour count: 18->19"
FF09,GWN,3,ACCESS,"t=53 [PHY] Neighbour count: 19->20"
FF09,GWN,3,ACCESS,"t=55 [HELLO_TX] bcast battery=100.0%"
FF09,GWN,3,ACCESS,"t=61 [HELLO_TX] bcast battery=100.0%"
FF09,GWN,3,ACCESS,"t=69 [HELLO_TX] bcast battery=100.0%"
FF09,GWN,3,ACCESS,"t=74 [HELLO_TX] bcast battery=100.0%"
FF09,GWN,3,ACCESS,"t=83 [HELLO_TX] bcast battery=100.0%"
FF09,GWN,3,ACCESS,"t=87 [HELLO_TX] bcast battery=100.0%"
FF09,GWN,3,ACCESS,"t=93 [HELLO_TX] bcast battery=100.0%"
FF09,GWN,3,ACCESS,"t=97 [HELLO_TX] bcast battery=100.0%"
FF09,GWN,3,ACCESS,"t=105 [HELLO_TX] bcast battery=100.0%"
FF09,GWN,3,ACCESS,"t=111 [HELLO_TX] bcast battery=100.0%"
FF09,GWN,3,ACCESS,"t=118 [HELLO_TX] bcast battery=100.0%"
FF09,GWN,3,ACCESS,"t=128 [HELLO_TX] bcast battery=100.0%"
FF09,GWN,3,ACCESS,"t=133 [HELLO_TX] bcast battery=100.0%"
FF09,GWN,3,ACCESS,"t=138 [HELLO_TX] bcast battery=100.0%"
FF09,GWN,3,ACCESS,"t=141 [PHY] Neighbour count: 20->21"
FF09,GWN,3,ACCESS,"t=142 [HELLO_TX] bcast battery=100.0%"
FF09,GWN,3,ACCESS,"t=152 [HELLO_TX] bcast battery=100.0%"
FF09,GWN,3,ACCESS,"t=159 [HELLO_TX] bcast battery=100.0%"
FF09,GWN,3,ACCESS,"t=163 [HELLO_TX] bcast battery=100.0%"
FF09,GWN,3,ACCESS,"t=167 [HELLO_TX] bcast battery=100.0%"
FF09,GWN,3,ACCESS,"t=174 [HELLO_TX] bcast battery=100.0%"
FF09,GWN,3,ACCESS,"t=184 [HELLO_TX] bcast battery=100.0%"
FF09,GWN,3,ACCESS,"t=189 [HELLO_TX] bcast battery=100.0%"
FF09,GWN,3,ACCESS,"t=199 [HELLO_TX] bcast battery=100.0%"
FF09,GWN,3,ACCESS,"t=205 [HELLO_TX] bcast battery=100.0%"
FF09,GWN,3,ACCESS,"t=215 [HELLO_TX] bcast battery=100.0%"
FF09,GWN,3,ACCESS,"t=222 [HELLO_TX] bcast battery=100.0%"
FF09,GWN,3,ACCESS,"t=226 [HELLO_TX] bcast battery=100.0%"
FF09,GWN,3,ACCESS,"t=227 [RX] CH_CMD.3 <- AA05"
FF09,GWN,3,ACCESS,"t=235 [HELLO_TX] bcast battery=100.0%"
FF09,GWN,3,ACCESS,"t=244 [HELLO_TX] bcast battery=100.0%"
FF09,GWN,3,ACCESS,"t=249 [HELLO_TX] bcast battery=100.0%"
FF09,GWN,3,UNIFIED,"t=2 [PHY] Neighbor count=1"
FF09,GWN,3,UNIFIED,"t=3 [PHY] Neighbor count=2"
FF09,GWN,3,UNIFIED,"t=4 [PHY] Neighbor count=3"
FF09,GWN,3,UNIFIED,"[AC] t=4 [HELLO_TX] bcast battery=100.0%"
FF09,GWN,3,UNIFIED,"t=4 [PHY] Neighbour count: 3->4"
FF09,GWN,3,UNIFIED,"t=5 [PHY] Neighbor count=4"
FF09,GWN,3,UNIFIED,"t=5 [PHY] Neighbour count: 4->5"
FF09,GWN,3,UNIFIED,"t=6 [PHY] Neighbor count=5"
FF09,GWN,3,UNIFIED,"[BB] t=6 [TX] HB.0 -> <BCAST>"
FF09,GWN,3,UNIFIED,"t=11 [PHY] Neighbour count: 5->6"
FF09,GWN,3,UNIFIED,"t=12 [PHY] Neighbor count=6"
FF09,GWN,3,UNIFIED,"[BB] t=13 [TX] HB.0 -> <BCAST>"
FF09,GWN,3,UNIFIED,"[AC] t=13 [HELLO_TX] bcast battery=100.0%"
FF09,GWN,3,UNIFIED,"t=13 [PHY] Neighbour count: 6->7"
FF09,GWN,3,UNIFIED,"t=14 [PHY] Neighbor count=7"
FF09,GWN,3,UNIFIED,"t=14 [PHY] Neighbour count: 7->8"
FF09,GWN,3,UNIFIED,"t=15 [PHY] Neighbor count=8"
FF09,GWN,3,UNIFIED,"t=15 [PHY] Neighbour count: 8->9"
FF09,GWN,3,UNIFIED,"t=16 [PHY] Neighbor count=9"
FF09,GWN,3,UNIFIED,"t=18 [PHY] Neighbour count: 9->10"
FF09,GWN,3,UNIFIED,"t=19 [PHY] Neighbor count=10"
FF09,GWN,3,UNIFIED,"t=19 [PHY] Neighbour count: 10->11"
FF09,GWN,3,UNIFIED,"t=20 [PHY] Neighbor count=11"
FF09,GWN,3,UNIFIED,"[BB] t=20 [TX] HB.0 -> <BCAST>"
FF09,GWN,3,UNIFIED,"t=21 [PHY] Neighbor count=12"
FF09,GWN,3,UNIFIED,"t=22 [STATE] BOOT→DISCOVERY (neighbors=12)"
FF09,GWN,3,UNIFIED,"[AC] t=22 [HELLO_TX] bcast battery=100.0%"
FF09,GWN,3,UNIFIED,"t=24 [PHY] Neighbour count: 12->13"
FF09,GWN,3,UNIFIED,"t=25 [PHY] Neighbor count=13"
FF09,GWN,3,UNIFIED,"t=26 [PHY] Neighbour count: 13->14"
FF09,GWN,3,UNIFIED,"t=27 [PHY] Neighbor count=14"
FF09,GWN,3,UNIFIED,"[BB] t=27 [TX] HB.1 -> <BCAST>"
FF09,GWN,3,UNIFIED,"t=28 [PHY] Neighbour count: 14->15"
FF09,GWN,3,UNIFIED,"t=29 [PHY] Neighbor count=15"
FF09,GWN,3,UNIFIED,"[AC] t=30 [HELLO_TX] bcast battery=100.0%"
FF09,GWN,3,UNIFIED,"[BB] t=34 [TX] HB.1 -> <BCAST>"
FF09,GWN,3,UNIFIED,"t=37 [PHY] Neighbour count: 15->16"
FF09,GWN,3,UNIFIED,"t=38 [PHY] Neighbor count=16"
FF09,GWN,3,UNIFIED,"t=38 [PHY] Neighbour count: 16->17"
FF09,GWN,3,UNIFIED,"t=39 [PHY] Neighbor count=17"
FF09,GWN,3,UNIFIED,"[AC] t=39 [HELLO_TX] bcast battery=100.0%"
FF09,GWN,3,UNIFIED,"[BB] t=41 [TX] HB.1 -> <BCAST>"
FF09,GWN,3,UNIFIED,"t=44 [PHY] Neighbour count: 17->18"
FF09,GWN,3,UNIFIED,"t=45 [PHY] Neighbor count=18"
FF09,GWN,3,UNIFIED,"[AC] t=46 [HELLO_TX] bcast battery=100.0%"
FF09,GWN,3,UNIFIED,"[BB] t=48 [TX] HB.1 -> <BCAST>"
FF09,GWN,3,UNIFIED,"t=48 [PHY] Neighbour count: 18->19"
FF09,GWN,3,UNIFIED,"t=49 [PHY] Neighbor count=19"
FF09,GWN,3,UNIFIED,"t=53 [PHY] Neighbour count: 19->20"
FF09,GWN,3,UNIFIED,"t=54 [PHY] Neighbor count=20"
FF09,GWN,3,UNIFIED,"[BB] t=55 [TX] HB.1 -> <BCAST>"
FF09,GWN,3,UNIFIED,"[AC] t=55 [HELLO_TX] bcast battery=100.0%"
FF09,GWN,3,UNIFIED,"[AC] t=61 [HELLO_TX] bcast battery=100.0%"
FF09,GWN,3,UNIFIED,"[BB] t=62 [TX] HB.1 -> <BCAST>"
FF09,GWN,3,UNIFIED,"[BB] t=67 [RX] CMD.0 <- FF06 RSSI=0.4"
FF09,GWN,3,UNIFIED,"[BB] t=67 [TX] CMD.1 -> FF06"
FF09,GWN,3,UNIFIED,"[BB] t=67 [TX] CMD.1 -> FF06"
FF09,GWN,3,UNIFIED,"[BB] t=67 [STATE] DISCOVERY -> HANDSHAKE"
FF09,GWN,3,UNIFIED,"[BB] [LOCK][SET] partner=FF06 timeout=6"
FF09,GWN,3,UNIFIED,"[BB] t=67 [HANDSHAKE] Lock set with FF06 (timer=6)"
FF09,GWN,3,UNIFIED,"[AC] t=69 [HELLO_TX] bcast battery=100.0%"
FF09,GWN,3,UNIFIED,"[BB] t=72 [RX] CMD.4 <- FF06 RSSI=0.4"
FF09,GWN,3,UNIFIED,"[BB] [LOCK][REFRESH] partner=FF06 timeout=6"
FF09,GWN,3,UNIFIED,"t=72 [DROP] GLOBAL_KEY from FF06 - no ACK_JOIN received"
FF09,GWN,3,UNIFIED,"[AC] t=74 [HELLO_TX] bcast battery=100.0%"
FF09,GWN,3,UNIFIED,"[BB] t=76 [RX] CMD.3 <- FF06 RSSI=0.4"
FF09,GWN,3,UNIFIED,"[BB] [LOCK][CLEAR][REJECT] partner=FF06"
FF09,GWN,3,UNIFIED,"t=76 [RX] PARENT_REJECT from FF06; trying next"
FF09,GWN,3,UNIFIED,"[BB] t=76 [REJECT] Neighbor FF06 marked REJECT"
FF09,GWN,3,UNIFIED,"[BB] t=76 [HANDSHAKE] Lock cleared (was with FF06)"
FF09,GWN,3,UNIFIED,"[BB] t=76 [STATE] HANDSHAKE -> SECURE"
FF09,GWN,3,UNIFIED,"[AC] t=83 [HELLO_TX] bcast battery=100.0%"
FF09,GWN,3,UNIFIED,"[BB] t=83 [RX] CMD.0 <- FF06 RSSI=0.4"
FF09,GWN,3,UNIFIED,"[BB] t=83 [TX] CMD.1 -> FF06"
FF09,GWN,3,UNIFIED,"[BB] t=83 [TX] CMD.1 -> FF06"
FF09,GWN,3,UNIFIED,"[BB] t=83 [STATE] SECURE -> HANDSHAKE"
FF09,GWN,3,UNIFIED,"[BB] [LOCK][SET] partner=FF06 timeout=6"
FF09,GWN,3,UNIFIED,"[BB] t=83 [HANDSHAKE] Lock set with FF06 (timer=6)"
FF09,GWN,3,UNIFIED,"[AC] t=87 [HELLO_TX] bcast battery=100.0%"
FF09,GWN,3,UNIFIED,"[BB] t=87 [RX] CMD.2 <- FF06 RSSI=0.4"
FF09,GWN,3,UNIFIED,"[BB] [LOCK][REFRESH] partner=FF06 timeout=6"
FF09,GWN,3,UNIFIED,"[BB] [LOCK][SET] partner=FF06 timeout=6"
FF09,GWN,3,UNIFIED,"[BB] t=87 [PARENT] Set parent -> FF06"
FF09,GWN,3,UNIFIED,"[BB] t=88 [RX] CMD.4 <- FF06 RSSI=0.4"
FF09,GWN,3,UNIFIED,"[BB] [LOCK][REFRESH] partner=FF06 timeout=6"
FF09,GWN,3,UNIFIED,"[BB] t=88 [PHASE] Inherited phaseOffset=0 from parent FF06"
FF09,GWN,3,UNIFIED,"[BB] t=88 [ENC_HELLO] TX: gwCh=0; chCh=0; secCh=0; sn=0 (encrypted)"
FF09,GWN,3,UNIFIED,"[BB] t=88 [TX] CMD.5 -> FF06"
FF09,GWN,3,UNIFIED,"[BB] [LOCK][CLEAR][ENC_HELLO_TX] partner=FF06"
FF09,GWN,3,UNIFIED,"[BB] t=88 [HANDSHAKE] Lock cleared (was with FF06)"
FF09,GWN,3,UNIFIED,"t=92 [RECRUIT] INIT(1/4) -> FF02"
FF09,GWN,3,UNIFIED,"[BB] [LOCK][SET] partner=FF02 timeout=6"
FF09,GWN,3,UNIFIED,"[BB] t=92 [HANDSHAKE] Lock set with FF02 (timer=6)"
FF09,GWN,3,UNIFIED,"[BB] [LOCK][SET] partner=FF02 timeout=6"
FF09,GWN,3,UNIFIED,"[BB] t=92 [TX] CMD.0 -> FF02"
FF09,GWN,3,UNIFIED,"[AC] t=93 [HELLO_TX] bcast battery=100.0%"
FF09,GWN,3,UNIFIED,"[BB] t=94 [RX] CMD.1 <- FF02 RSSI=0.5"
FF09,GWN,3,UNIFIED,"[BB] [LOCK][REFRESH] partner=FF02 timeout=6"
FF09,GWN,3,UNIFIED,"[BB] t=94 [TX] CMD.2 -> FF02"
FF09,GWN,3,UNIFIED,"[BB] [LOCK][REFRESH] partner=FF02 timeout=6"
FF09,GWN,3,UNIFIED,"[BB] t=94 [HANDSHAKE] FF02 added to pendingChildren (awaiting ENC_HELLO)"
FF09,GWN,3,UNIFIED,"[BB] t=94 [TX] CMD.4 -> FF02"
FF09,GWN,3,UNIFIED,"[BB] t=94 [PHASE] Sending phaseOffset=1 to child FF02 (self=0)"
FF09,GWN,3,UNIFIED,"[BB] [LOCK][REFRESH] partner=FF02 timeout=6"
FF09,GWN,3,UNIFIED,"[BB] [LOCK][SET] partner=FF02 timeout=6"
FF09,GWN,3,UNIFIED,"[AC] t=97 [HELLO_TX] bcast battery=100.0%"
FF09,GWN,3,UNIFIED,"[BB] t=98 [ENC_HELLO] TX: gwCh=0; chCh=0; secCh=0; sn=0 (encrypted)"
FF09,GWN,3,UNIFIED,"[BB] t=98 [ENC_HELLO] Retry 1/3 sent (next at t=118)"
FF09,GWN,3,UNIFIED,"[BB] t=99 [RX] CMD.5 <- FF02 RSSI=0.5"
FF09,GWN,3,UNIFIED,"[BB] t=99 [HANDSHAKE] FF02 promoted to children (ENC_HELLO received)"
FF09,GWN,3,UNIFIED,"[BB] [LOCK][CLEAR][ENC_HELLO_RX] partner=FF02"
FF09,GWN,3,UNIFIED,"[BB] t=99 [TX] CMD.5 -> FF06"
FF09,GWN,3,UNIFIED,"[BB] t=99 [HANDSHAKE] Lock cleared (was with FF02)"
FF09,GWN,3,UNIFIED,"[BB] t=99 [RETRY] Reset retry state for FF02 (now child)"
FF09,GWN,3,UNIFIED,"[BB] t=99 [STATE] HANDSHAKE -> SECURE"
FF09,GWN,3,UNIFIED,"[AC] t=105 [HELLO_TX] bcast battery=100.0%"
FF09,GWN,3,UNIFIED,"[BB] t=107 [RX_FWD] Encrypted CMD.5 from Child FF02 -> Queue for Parent FF06"
FF09,GWN,3,UNIFIED,"[BB] t=107 [Q_FWD] Queued CMD.5 (size=1/15)"
FF09,GWN,3,UNIFIED,"[BB] t=110 [RX_FWD] Encrypted CMD.5 from Child FF02 -> Queue for Parent FF06"
FF09,GWN,3,UNIFIED,"[BB] t=110 [Q_FWD] Queued CMD.5 (size=2/15)"
FF09,GWN,3,UNIFIED,"[AC] t=111 [HELLO_TX] bcast battery=100.0%"
FF09,GWN,3,UNIFIED,"[BB] t=118 [ENC_HELLO] TX: gwCh=1; chCh=0; secCh=0; sn=0 (encrypted)"
FF09,GWN,3,UNIFIED,"[BB] t=118 [ENC_HELLO] Retry 2/3 sent (next at t=158)"
FF09,GWN,3,UNIFIED,"[AC] t=118 [HELLO_TX] bcast battery=100.0%"
FF09,GWN,3,UNIFIED,"[BB] t=127 [RX_FWD] Encrypted CMD.5 from Child FF02 -> Queue for Parent FF06"
FF09,GWN,3,UNIFIED,"[BB] t=127 [Q_FWD] Queued CMD.5 (size=3/15)"
FF09,GWN,3,UNIFIED,"[AC] t=128 [HELLO_TX] bcast battery=100.0%"
FF09,GWN,3,UNIFIED,"[AC] t=133 [HELLO_TX] bcast battery=100.0%"
FF09,GWN,3,UNIFIED,"[AC] t=138 [HELLO_TX] bcast battery=100.0%"
FF09,GWN,3,UNIFIED,"t=141 [PHY] Neighbour count: 20->21"
FF09,GWN,3,UNIFIED,"t=142 [PHY] Neighbor count=21"
FF09,GWN,3,UNIFIED,"[AC] t=142 [HELLO_TX] bcast battery=100.0%"
FF09,GWN,3,UNIFIED,"[AC] t=152 [HELLO_TX] bcast battery=100.0%"
FF09,GWN,3,UNIFIED,"[BB] t=158 [ENC_HELLO] TX: gwCh=1; chCh=0; secCh=0; sn=0 (encrypted)"
FF09,GWN,3,UNIFIED,"[BB] t=158 [ENC_HELLO] Retry 3/3 sent (next at t=238)"
FF09,GWN,3,UNIFIED,"[AC] t=159 [HELLO_TX] bcast battery=100.0%"
FF09,GWN,3,UNIFIED,"[AC] t=163 [HELLO_TX] bcast battery=100.0%"
FF09,GWN,3,UNIFIED,"[AC] t=167 [HELLO_TX] bcast battery=100.0%"
FF09,GWN,3,UNIFIED,"[BB] t=167 [RX_FWD] Encrypted CMD.5 from Child FF02 -> Queue for Parent FF06"
FF09,GWN,3,UNIFIED,"[BB] t=167 [Q_FWD] Queued CMD.5 (size=4/15)"
FF09,GWN,3,UNIFIED,"[AC] t=174 [HELLO_TX] bcast battery=100.0%"
FF09,GWN,3,UNIFIED,"[AC] t=184 [HELLO_TX] bcast battery=100.0%"
FF09,GWN,3,UNIFIED,"[AC] t=189 [HELLO_TX] bcast battery=100.0%"
FF09,GWN,3,UNIFIED,"[AC] t=199 [HELLO_TX] bcast battery=100.0%"
FF09,GWN,3,UNIFIED,"[BB] t=200 [DEQUEUE] From Q_fwd (waited 93 TFs)"
FF09,GWN,3,UNIFIED,"[BB] t=200 [PHASE_TX] Sent CMD.5 -> FF06 (Q_fwd=3; Q_local=0)"
FF09,GWN,3,UNIFIED,"[BB] t=201 [PHASE_RX] Listening (Q_fwd=3; Q_local=0)"
FF09,GWN,3,UNIFIED,"[BB] t=201 [RX_FWD] Encrypted CMD.5 from Child FF02 -> Queue for Parent FF06"
FF09,GWN,3,UNIFIED,"[BB] t=201 [Q_FWD] Queued CMD.5 (size=4/15)"
FF09,GWN,3,UNIFIED,"[BB] t=202 [PHASE_RX] Listening (Q_fwd=4; Q_local=0)"
FF09,GWN,3,UNIFIED,"[BB] t=202 [RX_FWD] Encrypted CMD.5 from Child FF02 -> Queue for Parent FF06"
FF09,GWN,3,UNIFIED,"[BB] t=202 [Q_FWD] Queued CMD.5 (size=5/15)"
FF09,GWN,3,UNIFIED,"[BB] t=203 [PHASE_RX] Listening (Q_fwd=5; Q_local=0)"
FF09,GWN,3,UNIFIED,"[BB] t=203 [RX_FWD] Encrypted CMD.5 from Child FF02 -> Queue for Parent FF06"
FF09,GWN,3,UNIFIED,"[BB] t=203 [Q_FWD] Queued CMD.5 (size=6/15)"
FF09,GWN,3,UNIFIED,"[BB] t=204 [DEQUEUE] From Q_fwd (waited 94 TFs)"
FF09,GWN,3,UNIFIED,"[BB] t=204 [PHASE_TX] Sent CMD.5 -> FF06 (Q_fwd=5; Q_local=0)"
FF09,GWN,3,UNIFIED,"[BB] t=205 [DEQUEUE] From Q_fwd (waited 78 TFs)"
FF09,GWN,3,UNIFIED,"[BB] t=205 [PHASE_TX] Sent CMD.5 -> FF06 (Q_fwd=4; Q_local=0)"
FF09,GWN,3,UNIFIED,"[AC] t=205 [HELLO_TX] bcast battery=100.0%"
FF09,GWN,3,UNIFIED,"[BB] t=206 [DEQUEUE] From Q_fwd (waited 39 TFs)"
FF09,GWN,3,UNIFIED,"[BB] t=206 [PHASE_TX] Sent CMD.5 -> FF06 (Q_fwd=3; Q_local=0)"
FF09,GWN,3,UNIFIED,"[BB] t=207 [PHASE_RX] Listening (Q_fwd=3; Q_local=0)"
FF09,GWN,3,UNIFIED,"[BB] t=207 [RX_FWD] Encrypted CMD.5 from Child FF02 -> Queue for Parent FF06"
FF09,GWN,3,UNIFIED,"[BB] t=207 [Q_FWD] Queued CMD.5 (size=4/15)"
FF09,GWN,3,UNIFIED,"[BB] t=208 [PHASE_RX] Listening (Q_fwd=4; Q_local=0)"
FF09,GWN,3,UNIFIED,"[BB] t=208 [RX_FWD] Encrypted CMD.5 from Child FF02 -> Queue for Parent FF06"
FF09,GWN,3,UNIFIED,"[BB] t=208 [Q_FWD] Queued CMD.5 (size=5/15)"
FF09,GWN,3,UNIFIED,"[BB] t=209 [PHASE_RX] Listening (Q_fwd=5; Q_local=0)"
FF09,GWN,3,UNIFIED,"[BB] t=209 [RX_FWD] Encrypted CMD.5 from Child FF02 -> Queue for Parent FF06"
FF09,GWN,3,UNIFIED,"[BB] t=209 [Q_FWD] Queued CMD.5 (size=6/15)"
FF09,GWN,3,UNIFIED,"[BB] t=210 [DEQUEUE] From Q_fwd (waited 9 TFs)"
FF09,GWN,3,UNIFIED,"[BB] t=210 [PHASE_TX] Sent CMD.5 -> FF06 (Q_fwd=5; Q_local=0)"
FF09,GWN,3,UNIFIED,"[BB] t=211 [DEQUEUE] From Q_fwd (waited 9 TFs)"
FF09,GWN,3,UNIFIED,"[BB] t=211 [PHASE_TX] Sent CMD.5 -> FF06 (Q_fwd=4; Q_local=0)"
FF09,GWN,3,UNIFIED,"[BB] t=212 [DEQUEUE] From Q_fwd (waited 9 TFs)"
FF09,GWN,3,UNIFIED,"[BB] t=212 [PHASE_TX] Sent CMD.5 -> FF06 (Q_fwd=3; Q_local=0)"
FF09,GWN,3,UNIFIED,"[BB] t=213 [PHASE_RX] Listening (Q_fwd=3; Q_local=0)"
FF09,GWN,3,UNIFIED,"[BB] t=213 [RX_FWD] Encrypted CMD.5 from Child FF02 -> Queue for Parent FF06"
FF09,GWN,3,UNIFIED,"[BB] t=213 [Q_FWD] Queued CMD.5 (size=4/15)"
FF09,GWN,3,UNIFIED,"[BB] t=214 [PHASE_RX] Listening (Q_fwd=4; Q_local=0)"
FF09,GWN,3,UNIFIED,"[BB] t=215 [PHASE_RX] Listening (Q_fwd=4; Q_local=0)"
FF09,GWN,3,UNIFIED,"[AC] t=215 [HELLO_TX] bcast battery=100.0%"
FF09,GWN,3,UNIFIED,"[BB] t=216 [DEQUEUE] From Q_fwd (waited 9 TFs)"
FF09,GWN,3,UNIFIED,"[BB] t=216 [PHASE_TX] Sent CMD.5 -> FF06 (Q_fwd=3; Q_local=0)"
FF09,GWN,3,UNIFIED,"[BB] t=217 [DEQUEUE] From Q_fwd (waited 9 TFs)"
FF09,GWN,3,UNIFIED,"[BB] t=217 [PHASE_TX] Sent CMD.5 -> FF06 (Q_fwd=2; Q_local=0)"
FF09,GWN,3,UNIFIED,"[BB] t=218 [DEQUEUE] From Q_fwd (waited 9 TFs)"
FF09,GWN,3,UNIFIED,"[BB] t=218 [PHASE_TX] Sent CMD.5 -> FF06 (Q_fwd=1; Q_local=0)"
FF09,GWN,3,UNIFIED,"[BB] t=219 [PHASE_RX] Listening (Q_fwd=1; Q_local=0)"
FF09,GWN,3,UNIFIED,"[BB] t=219 [RX_FWD] Encrypted CH_HELLO.1 from Child FF02 -> Queue for Parent FF06"
FF09,GWN,3,UNIFIED,"[BB] t=219 [Q_FWD] Queued CH_HELLO.1 (size=2/15)"
FF09,GWN,3,UNIFIED,"[BB] t=220 [PHASE_RX] Listening (Q_fwd=2; Q_local=0)"
FF09,GWN,3,UNIFIED,"[BB] t=221 [PHASE_RX] Listening (Q_fwd=2; Q_local=0)"
FF09,GWN,3,UNIFIED,"[BB] t=222 [DEQUEUE] From Q_fwd (waited 9 TFs)"
FF09,GWN,3,UNIFIED,"[BB] t=222 [PHASE_TX] Sent CMD.5 -> FF06 (Q_fwd=1; Q_local=0)"
FF09,GWN,3,UNIFIED,"[AC] t=222 [HELLO_TX] bcast battery=100.0%"
FF09,GWN,3,UNIFIED,"[BB] t=223 [DEQUEUE] From Q_fwd (waited 4 TFs)"
FF09,GWN,3,UNIFIED,"[BB] t=223 [PHASE_TX] Sent CH_HELLO.1 -> FF06 (Q_fwd=0; Q_local=0)"
FF09,GWN,3,UNIFIED,"[BB] t=224 [PHASE_TX] IDLE (queues empty)"
FF09,GWN,3,UNIFIED,"[BB] t=225 [PHASE_RX] Listening (Q_fwd=0; Q_local=0)"
FF09,GWN,3,UNIFIED,"[BB] t=226 [PHASE_RX] Listening (Q_fwd=0; Q_local=0)"
FF09,GWN,3,UNIFIED,"[AC] t=226 [HELLO_TX] bcast battery=100.0%"
FF09,GWN,3,UNIFIED,"[BB] t=227 [PHASE_RX] Listening (Q_fwd=0; Q_local=0)"
FF09,GWN,3,UNIFIED,"[AC] t=227 [RX] CH_CMD.3 <- AA05"
FF09,GWN,3,UNIFIED,"[BB] t=228 [PHASE_TX] IDLE (queues empty)"
FF09,GWN,3,UNIFIED,"[BB] t=229 [PHASE_TX] IDLE (queues empty)"
FF09,GWN,3,UNIFIED,"[BB] t=230 [PHASE_TX] IDLE (queues empty)"
FF09,GWN,3,UNIFIED,"[BB] t=231 [PHASE_RX] Listening (Q_fwd=0; Q_local=0)"
FF09,GWN,3,UNIFIED,"[BB] t=232 [PHASE_RX] Listening (Q_fwd=0; Q_local=0)"
FF09,GWN,3,UNIFIED,"[BB] t=233 [PHASE_RX] Listening (Q_fwd=0; Q_local=0)"
FF09,GWN,3,UNIFIED,"[BB] t=234 [PHASE_TX] IDLE (queues empty)"
FF09,GWN,3,UNIFIED,"[BB] t=235 [PHASE_TX] IDLE (queues empty)"
FF09,GWN,3,UNIFIED,"[AC] t=235 [HELLO_TX] bcast battery=100.0%"
FF09,GWN,3,UNIFIED,"[BB] t=236 [PHASE_TX] IDLE (queues empty)"
FF09,GWN,3,UNIFIED,"[BB] t=237 [PHASE_RX] Listening (Q_fwd=0; Q_local=0)"
FF09,GWN,3,UNIFIED,"[BB] t=238 [ENC_HELLO] TX: gwCh=1; chCh=0; secCh=0; sn=0 (encrypted)"
FF09,GWN,3,UNIFIED,"[BB] t=238 [ENC_HELLO] Registry refresh #1 sent (next at t=318)"
FF09,GWN,3,UNIFIED,"[BB] t=238 [PHASE_RX] Listening (Q_fwd=0; Q_local=0)"
FF09,GWN,3,UNIFIED,"[BB] t=239 [PHASE_RX] Listening (Q_fwd=0; Q_local=0)"
FF09,GWN,3,UNIFIED,"[BB] t=240 [PHASE_TX] IDLE (queues empty)"
FF09,GWN,3,UNIFIED,"[BB] t=241 [PHASE_TX] IDLE (queues empty)"
FF09,GWN,3,UNIFIED,"[BB] t=242 [PHASE_TX] IDLE (queues empty)"
FF09,GWN,3,UNIFIED,"[BB] t=243 [PHASE_RX] Listening (Q_fwd=0; Q_local=0)"
FF09,GWN,3,UNIFIED,"[BB] t=244 [PHASE_RX] Listening (Q_fwd=0; Q_local=0)"
FF09,GWN,3,UNIFIED,"[AC] t=244 [HELLO_TX] bcast battery=100.0%"
FF09,GWN,3,UNIFIED,"[BB] t=245 [PHASE_RX] Listening (Q_fwd=0; Q_local=0)"
FF09,GWN,3,UNIFIED,"[BB] t=246 [PHASE_TX] IDLE (queues empty)"
FF09,GWN,3,UNIFIED,"[BB] t=247 [PHASE_TX] IDLE (queues empty)"
FF09,GWN,3,UNIFIED,"[BB] t=247 [RX_FWD] Encrypted CMD.5 from Child FF02 -> Queue for Parent FF06"
FF09,GWN,3,UNIFIED,"[BB] t=247 [Q_FWD] Queued CMD.5 (size=1/15)"
FF09,GWN,3,UNIFIED,"[BB] t=248 [DEQUEUE] From Q_fwd (waited 1 TFs)"
FF09,GWN,3,UNIFIED,"[BB] t=248 [PHASE_TX] Sent CMD.5 -> FF06 (Q_fwd=0; Q_local=0)"
FF09,GWN,3,UNIFIED,"[BB] t=249 [PHASE_RX] Listening (Q_fwd=0; Q_local=0)"
FF09,GWN,3,UNIFIED,"[AC] t=249 [HELLO_TX] bcast battery=100.0%"
FF0A,GWN,3,BACKBONE,"t=3 [TX] HB.0 -> <BCAST>"
FF0A,GWN,3,BACKBONE,"t=4 [PHY] Neighbour count: 3->4"
FF0A,GWN,3,BACKBONE,"t=5 [PHY] Neighbour count: 4->5"
FF0A,GWN,3,BACKBONE,"t=9 [PHY] Neighbour count: 6->7"
FF0A,GWN,3,BACKBONE,"t=10 [TX] HB.0 -> <BCAST>"
FF0A,GWN,3,BACKBONE,"t=10 [PHY] Neighbour count: 7->8"
FF0A,GWN,3,BACKBONE,"t=14 [PHY] Neighbour count: 8->9"
FF0A,GWN,3,BACKBONE,"t=17 [TX] HB.0 -> <BCAST>"
FF0A,GWN,3,BACKBONE,"t=18 [PHY] Neighbour count: 9->10"
FF0A,GWN,3,BACKBONE,"t=19 [PHY] Neighbour count: 10->11"
FF0A,GWN,3,BACKBONE,"t=24 [TX] HB.1 -> <BCAST>"
FF0A,GWN,3,BACKBONE,"t=24 [PHY] Neighbour count: 11->12"
FF0A,GWN,3,BACKBONE,"t=30 [PHY] Neighbour count: 12->13"
FF0A,GWN,3,BACKBONE,"t=31 [TX] HB.1 -> <BCAST>"
FF0A,GWN,3,BACKBONE,"t=32 [PHY] Neighbour count: 13->14"
FF0A,GWN,3,BACKBONE,"t=38 [TX] HB.1 -> <BCAST>"
FF0A,GWN,3,BACKBONE,"t=41 [PHY] Neighbour count: 14->15"
FF0A,GWN,3,BACKBONE,"t=45 [TX] HB.1 -> <BCAST>"
FF0A,GWN,3,BACKBONE,"t=45 [PHY] Neighbour count: 15->16"
FF0A,GWN,3,BACKBONE,"t=49 [RX] CMD.0 <- FF08 RSSI=0.5"
FF0A,GWN,3,BACKBONE,"t=49 [TX] CMD.1 -> FF08"
FF0A,GWN,3,BACKBONE,"t=49 [TX] CMD.1 -> FF08"
FF0A,GWN,3,BACKBONE,"t=49 [STATE] DISCOVERY -> HANDSHAKE"
FF0A,GWN,3,BACKBONE,"[LOCK][SET] partner=FF08 timeout=6"
FF0A,GWN,3,BACKBONE,"t=49 [HANDSHAKE] Lock set with FF08 (timer=6)"
FF0A,GWN,3,BACKBONE,"t=53 [RX] CMD.2 <- FF08 RSSI=0.5"
FF0A,GWN,3,BACKBONE,"[LOCK][REFRESH] partner=FF08 timeout=6"
FF0A,GWN,3,BACKBONE,"[LOCK][SET] partner=FF08 timeout=6"
FF0A,GWN,3,BACKBONE,"t=53 [PARENT] Set parent -> FF08"
FF0A,GWN,3,BACKBONE,"t=54 [RX] CMD.4 <- FF08 RSSI=0.5"
FF0A,GWN,3,BACKBONE,"[LOCK][REFRESH] partner=FF08 timeout=6"
FF0A,GWN,3,BACKBONE,"t=54 [PHASE] Inherited phaseOffset=0 from parent FF08"
FF0A,GWN,3,BACKBONE,"t=54 [ENC_HELLO] TX: gwCh=0; chCh=0; secCh=0; sn=0 (encrypted)"
FF0A,GWN,3,BACKBONE,"t=54 [TX] CMD.5 -> FF08"
FF0A,GWN,3,BACKBONE,"[LOCK][CLEAR][ENC_HELLO_TX] partner=FF08"
FF0A,GWN,3,BACKBONE,"t=54 [HANDSHAKE] Lock cleared (was with FF08)"
FF0A,GWN,3,BACKBONE,"t=56 [PHY] Neighbour count: 16->17"
FF0A,GWN,3,BACKBONE,"[LOCK][SET] partner=FF06 timeout=6"
FF0A,GWN,3,BACKBONE,"t=58 [HANDSHAKE] Lock set with FF06 (timer=6)"
FF0A,GWN,3,BACKBONE,"[LOCK][SET] partner=FF06 timeout=6"
FF0A,GWN,3,BACKBONE,"t=58 [TX] CMD.0 -> FF06"
FF0A,GWN,3,BACKBONE,"t=60 [RX] CMD.1 <- FF06 RSSI=0.2"
FF0A,GWN,3,BACKBONE,"[LOCK][REFRESH] partner=FF06 timeout=6"
FF0A,GWN,3,BACKBONE,"t=60 [TX] CMD.2 -> FF06"
FF0A,GWN,3,BACKBONE,"[LOCK][REFRESH] partner=FF06 timeout=6"
FF0A,GWN,3,BACKBONE,"t=60 [HANDSHAKE] FF06 added to pendingChildren (awaiting ENC_HELLO)"
FF0A,GWN,3,BACKBONE,"t=60 [TX] CMD.4 -> FF06"
FF0A,GWN,3,BACKBONE,"t=60 [PHASE] Sending phaseOffset=1 to child FF06 (self=0)"
FF0A,GWN,3,BACKBONE,"[LOCK][REFRESH] partner=FF06 timeout=6"
FF0A,GWN,3,BACKBONE,"[LOCK][SET] partner=FF06 timeout=6"
FF0A,GWN,3,BACKBONE,"t=64 [ENC_HELLO] TX: gwCh=0; chCh=0; secCh=0; sn=0 (encrypted)"
FF0A,GWN,3,BACKBONE,"t=64 [ENC_HELLO] Retry 1/3 sent (next at t=84)"
FF0A,GWN,3,BACKBONE,"t=65 [RX] CMD.5 <- FF06 RSSI=0.2"
FF0A,GWN,3,BACKBONE,"t=65 [HANDSHAKE] FF06 promoted to children (ENC_HELLO received)"
FF0A,GWN,3,BACKBONE,"[LOCK][CLEAR][ENC_HELLO_RX] partner=FF06"
FF0A,GWN,3,BACKBONE,"t=65 [TX] CMD.5 -> FF08"
FF0A,GWN,3,BACKBONE,"t=65 [HANDSHAKE] Lock cleared (was with FF06)"
FF0A,GWN,3,BACKBONE,"t=65 [RETRY] Reset retry state for FF06 (now child)"
FF0A,GWN,3,BACKBONE,"t=65 [STATE] HANDSHAKE -> SECURE"
FF0A,GWN,3,BACKBONE,"t=70 [PHY] Neighbour count: 17->18"
FF0A,GWN,3,BACKBONE,"t=73 [RX_FWD] Encrypted CMD.5 from Child FF06 -> Queue for Parent FF08"
FF0A,GWN,3,BACKBONE,"t=73 [Q_FWD] Queued CMD.5 (size=1/15)"
FF0A,GWN,3,BACKBONE,"t=84 [ENC_HELLO] TX: gwCh=1; chCh=0; secCh=0; sn=0 (encrypted)"
FF0A,GWN,3,BACKBONE,"t=84 [ENC_HELLO] Retry 2/3 sent (next at t=124)"
FF0A,GWN,3,BACKBONE,"t=92 [RX_FWD] Encrypted CMD.5 from Child FF06 -> Queue for Parent FF08"
FF0A,GWN,3,BACKBONE,"t=92 [Q_FWD] Queued CMD.5 (size=2/15)"
FF0A,GWN,3,BACKBONE,"t=93 [RX_FWD] Encrypted CMD.5 from Child FF06 -> Queue for Parent FF08"
FF0A,GWN,3,BACKBONE,"t=93 [Q_FWD] Queued CMD.5 (size=3/15)"
FF0A,GWN,3,BACKBONE,"t=94 [TX] HB.3 -> FF00"
FF0A,GWN,3,BACKBONE,"t=116 [PHY] Neighbour count: 19->20"
FF0A,GWN,3,BACKBONE,"t=124 [ENC_HELLO] TX: gwCh=1; chCh=0; secCh=0; sn=0 (encrypted)"
FF0A,GWN,3,BACKBONE,"t=124 [ENC_HELLO] Retry 3/3 sent (next at t=204)"
FF0A,GWN,3,BACKBONE,"t=133 [RX_FWD] Encrypted CMD.5 from Child FF06 -> Queue for Parent FF08"
FF0A,GWN,3,BACKBONE,"t=133 [Q_FWD] Queued CMD.5 (size=4/15)"
FF0A,GWN,3,BACKBONE,"t=200 [DEQUEUE] From Q_fwd (waited 127 TFs)"
FF0A,GWN,3,BACKBONE,"t=200 [PHASE_TX] Sent CMD.5 -> FF08 (Q_fwd=3; Q_local=0)"
FF0A,GWN,3,BACKBONE,"t=201 [PHASE_RX] Listening (Q_fwd=3; Q_local=0)"
FF0A,GWN,3,BACKBONE,"t=201 [RX_FWD] Encrypted CMD.5 from Child FF06 -> Queue for Parent FF08"
FF0A,GWN,3,BACKBONE,"t=201 [Q_FWD] Queued CMD.5 (size=4/15)"
FF0A,GWN,3,BACKBONE,"t=202 [PHASE_RX] Listening (Q_fwd=4; Q_local=0)"
FF0A,GWN,3,BACKBONE,"t=202 [RX_FWD] Encrypted CMD.5 from Child FF06 -> Queue for Parent FF08"
FF0A,GWN,3,BACKBONE,"t=202 [Q_FWD] Queued CMD.5 (size=5/15)"
FF0A,GWN,3,BACKBONE,"t=203 [PHASE_RX] Listening (Q_fwd=5; Q_local=0)"
FF0A,GWN,3,BACKBONE,"t=203 [RX_FWD] Encrypted CMD.5 from Child FF06 -> Queue for Parent FF08"
FF0A,GWN,3,BACKBONE,"t=203 [Q_FWD] Queued CMD.5 (size=6/15)"
FF0A,GWN,3,BACKBONE,"t=204 [ENC_HELLO] TX: gwCh=1; chCh=0; secCh=0; sn=0 (encrypted)"
FF0A,GWN,3,BACKBONE,"t=204 [ENC_HELLO] Registry refresh #1 sent (next at t=284)"
FF0A,GWN,3,BACKBONE,"t=204 [DEQUEUE] From Q_fwd (waited 112 TFs)"
FF0A,GWN,3,BACKBONE,"t=204 [PHASE_TX] Sent CMD.5 -> FF08 (Q_fwd=5; Q_local=0)"
FF0A,GWN,3,BACKBONE,"t=205 [DEQUEUE] From Q_fwd (waited 112 TFs)"
FF0A,GWN,3,BACKBONE,"t=205 [PHASE_TX] Sent CMD.5 -> FF08 (Q_fwd=4; Q_local=0)"
FF0A,GWN,3,BACKBONE,"t=206 [DEQUEUE] From Q_fwd (waited 73 TFs)"
FF0A,GWN,3,BACKBONE,"t=206 [PHASE_TX] Sent CMD.5 -> FF08 (Q_fwd=3; Q_local=0)"
FF0A,GWN,3,BACKBONE,"t=207 [PHASE_RX] Listening (Q_fwd=3; Q_local=0)"
FF0A,GWN,3,BACKBONE,"t=207 [RX_FWD] Encrypted CMD.5 from Child FF06 -> Queue for Parent FF08"
FF0A,GWN,3,BACKBONE,"t=207 [Q_FWD] Queued CMD.5 (size=4/15)"
FF0A,GWN,3,BACKBONE,"t=208 [PHASE_RX] Listening (Q_fwd=4; Q_local=0)"
FF0A,GWN,3,BACKBONE,"t=208 [RX_FWD] Encrypted CMD.5 from Child FF06 -> Queue for Parent FF08"
FF0A,GWN,3,BACKBONE,"t=208 [Q_FWD] Queued CMD.5 (size=5/15)"
FF0A,GWN,3,BACKBONE,"t=209 [PHASE_RX] Listening (Q_fwd=5; Q_local=0)"
FF0A,GWN,3,BACKBONE,"t=209 [RX_FWD] Encrypted CMD.5 from Child FF06 -> Queue for Parent FF08"
FF0A,GWN,3,BACKBONE,"t=209 [Q_FWD] Queued CMD.5 (size=6/15)"
FF0A,GWN,3,BACKBONE,"t=210 [DEQUEUE] From Q_fwd (waited 9 TFs)"
FF0A,GWN,3,BACKBONE,"t=210 [PHASE_TX] Sent CMD.5 -> FF08 (Q_fwd=5; Q_local=0)"
FF0A,GWN,3,BACKBONE,"t=211 [DEQUEUE] From Q_fwd (waited 9 TFs)"
FF0A,GWN,3,BACKBONE,"t=211 [PHASE_TX] Sent CMD.5 -> FF08 (Q_fwd=4; Q_local=0)"
FF0A,GWN,3,BACKBONE,"t=212 [DEQUEUE] From Q_fwd (waited 9 TFs)"
FF0A,GWN,3,BACKBONE,"t=212 [PHASE_TX] Sent CMD.5 -> FF08 (Q_fwd=3; Q_local=0)"
FF0A,GWN,3,BACKBONE,"t=213 [PHASE_RX] Listening (Q_fwd=3; Q_local=0)"
FF0A,GWN,3,BACKBONE,"t=213 [RX_FWD] Encrypted CMD.5 from Child FF06 -> Queue for Parent FF08"
FF0A,GWN,3,BACKBONE,"t=213 [Q_FWD] Queued CMD.5 (size=4/15)"
FF0A,GWN,3,BACKBONE,"t=214 [PHASE_RX] Listening (Q_fwd=4; Q_local=0)"
FF0A,GWN,3,BACKBONE,"t=214 [RX_FWD] Encrypted CMD.5 from Child FF06 -> Queue for Parent FF08"
FF0A,GWN,3,BACKBONE,"t=214 [Q_FWD] Queued CMD.5 (size=5/15)"
FF0A,GWN,3,BACKBONE,"t=215 [PHASE_RX] Listening (Q_fwd=5; Q_local=0)"
FF0A,GWN,3,BACKBONE,"t=215 [RX_FWD] Encrypted CMD.5 from Child FF06 -> Queue for Parent FF08"
FF0A,GWN,3,BACKBONE,"t=215 [Q_FWD] Queued CMD.5 (size=6/15)"
FF0A,GWN,3,BACKBONE,"t=216 [DEQUEUE] From Q_fwd (waited 9 TFs)"
FF0A,GWN,3,BACKBONE,"t=216 [PHASE_TX] Sent CMD.5 -> FF08 (Q_fwd=5; Q_local=0)"
FF0A,GWN,3,BACKBONE,"t=217 [DEQUEUE] From Q_fwd (waited 9 TFs)"
FF0A,GWN,3,BACKBONE,"t=217 [PHASE_TX] Sent CMD.5 -> FF08 (Q_fwd=4; Q_local=0)"
FF0A,GWN,3,BACKBONE,"t=218 [DEQUEUE] From Q_fwd (waited 9 TFs)"
FF0A,GWN,3,BACKBONE,"t=218 [PHASE_TX] Sent CMD.5 -> FF08 (Q_fwd=3; Q_local=0)"
FF0A,GWN,3,BACKBONE,"t=219 [PHASE_RX] Listening (Q_fwd=3; Q_local=0)"
FF0A,GWN,3,BACKBONE,"t=219 [RX_FWD] Encrypted CMD.5 from Child FF06 -> Queue for Parent FF08"
FF0A,GWN,3,BACKBONE,"t=219 [Q_FWD] Queued CMD.5 (size=4/15)"
FF0A,GWN,3,BACKBONE,"t=220 [PHASE_RX] Listening (Q_fwd=4; Q_local=0)"
FF0A,GWN,3,BACKBONE,"t=220 [RX_FWD] Encrypted CMD.5 from Child FF06 -> Queue for Parent FF08"
FF0A,GWN,3,BACKBONE,"t=220 [Q_FWD] Queued CMD.5 (size=5/15)"
FF0A,GWN,3,BACKBONE,"t=221 [PHASE_RX] Listening (Q_fwd=5; Q_local=0)"
FF0A,GWN,3,BACKBONE,"t=221 [RX_FWD] Encrypted CMD.5 from Child FF06 -> Queue for Parent FF08"
FF0A,GWN,3,BACKBONE,"t=221 [Q_FWD] Queued CMD.5 (size=6/15)"
FF0A,GWN,3,BACKBONE,"t=222 [DEQUEUE] From Q_fwd (waited 9 TFs)"
FF0A,GWN,3,BACKBONE,"t=222 [PHASE_TX] Sent CMD.5 -> FF08 (Q_fwd=5; Q_local=0)"
FF0A,GWN,3,BACKBONE,"t=223 [DEQUEUE] From Q_fwd (waited 9 TFs)"
FF0A,GWN,3,BACKBONE,"t=223 [PHASE_TX] Sent CMD.5 -> FF08 (Q_fwd=4; Q_local=0)"
FF0A,GWN,3,BACKBONE,"t=224 [DEQUEUE] From Q_fwd (waited 9 TFs)"
FF0A,GWN,3,BACKBONE,"t=224 [PHASE_TX] Sent CMD.5 -> FF08 (Q_fwd=3; Q_local=0)"
FF0A,GWN,3,BACKBONE,"t=225 [PHASE_RX] Listening (Q_fwd=3; Q_local=0)"
FF0A,GWN,3,BACKBONE,"t=225 [RX_FWD] Encrypted CMD.5 from Child FF06 -> Queue for Parent FF08"
FF0A,GWN,3,BACKBONE,"t=225 [Q_FWD] Queued CMD.5 (size=4/15)"
FF0A,GWN,3,BACKBONE,"t=226 [PHASE_RX] Listening (Q_fwd=4; Q_local=0)"
FF0A,GWN,3,BACKBONE,"t=226 [RX_FWD] Encrypted CMD.5 from Child FF06 -> Queue for Parent FF08"
FF0A,GWN,3,BACKBONE,"t=226 [Q_FWD] Queued CMD.5 (size=5/15)"
FF0A,GWN,3,BACKBONE,"t=227 [PHASE_RX] Listening (Q_fwd=5; Q_local=0)"
FF0A,GWN,3,BACKBONE,"t=227 [RX_FWD] Encrypted CH_HELLO.1 from Child FF06 -> Queue for Parent FF08"
FF0A,GWN,3,BACKBONE,"t=227 [Q_FWD] Queued CH_HELLO.1 (size=6/15)"
FF0A,GWN,3,BACKBONE,"t=228 [DEQUEUE] From Q_fwd (waited 9 TFs)"
FF0A,GWN,3,BACKBONE,"t=228 [PHASE_TX] Sent CMD.5 -> FF08 (Q_fwd=5; Q_local=0)"
FF0A,GWN,3,BACKBONE,"t=229 [DEQUEUE] From Q_fwd (waited 9 TFs)"
FF0A,GWN,3,BACKBONE,"t=229 [PHASE_TX] Sent CMD.5 -> FF08 (Q_fwd=4; Q_local=0)"
FF0A,GWN,3,BACKBONE,"t=230 [DEQUEUE] From Q_fwd (waited 9 TFs)"
FF0A,GWN,3,BACKBONE,"t=230 [PHASE_TX] Sent CMD.5 -> FF08 (Q_fwd=3; Q_local=0)"
FF0A,GWN,3,BACKBONE,"t=231 [PHASE_RX] Listening (Q_fwd=3; Q_local=0)"
FF0A,GWN,3,BACKBONE,"t=231 [RX_FWD] Encrypted CH_HELLO.1 from Child FF06 -> Queue for Parent FF08"
FF0A,GWN,3,BACKBONE,"t=231 [Q_FWD] Queued CH_HELLO.1 (size=4/15)"
FF0A,GWN,3,BACKBONE,"t=232 [PHASE_RX] Listening (Q_fwd=4; Q_local=0)"
FF0A,GWN,3,BACKBONE,"t=233 [PHASE_RX] Listening (Q_fwd=4; Q_local=0)"
FF0A,GWN,3,BACKBONE,"t=234 [DEQUEUE] From Q_fwd (waited 9 TFs)"
FF0A,GWN,3,BACKBONE,"t=234 [PHASE_TX] Sent CMD.5 -> FF08 (Q_fwd=3; Q_local=0)"
FF0A,GWN,3,BACKBONE,"t=235 [DEQUEUE] From Q_fwd (waited 9 TFs)"
FF0A,GWN,3,BACKBONE,"t=235 [PHASE_TX] Sent CMD.5 -> FF08 (Q_fwd=2; Q_local=0)"
FF0A,GWN,3,BACKBONE,"t=236 [DEQUEUE] From Q_fwd (waited 9 TFs)"
FF0A,GWN,3,BACKBONE,"t=236 [PHASE_TX] Sent CH_HELLO.1 -> FF08 (Q_fwd=1; Q_local=0)"
FF0A,GWN,3,BACKBONE,"t=237 [PHASE_RX] Listening (Q_fwd=1; Q_local=0)"
FF0A,GWN,3,BACKBONE,"t=238 [PHASE_RX] Listening (Q_fwd=1; Q_local=0)"
FF0A,GWN,3,BACKBONE,"t=239 [PHASE_RX] Listening (Q_fwd=1; Q_local=0)"
FF0A,GWN,3,BACKBONE,"t=239 [RX_FWD] Encrypted CMD.5 from Child FF06 -> Queue for Parent FF08"
FF0A,GWN,3,BACKBONE,"t=239 [Q_FWD] Queued CMD.5 (size=2/15)"
FF0A,GWN,3,BACKBONE,"t=240 [DEQUEUE] From Q_fwd (waited 9 TFs)"
FF0A,GWN,3,BACKBONE,"t=240 [PHASE_TX] Sent CH_HELLO.1 -> FF08 (Q_fwd=1; Q_local=0)"
FF0A,GWN,3,BACKBONE,"t=241 [DEQUEUE] From Q_fwd (waited 2 TFs)"
FF0A,GWN,3,BACKBONE,"t=241 [PHASE_TX] Sent CMD.5 -> FF08 (Q_fwd=0; Q_local=0)"
FF0A,GWN,3,BACKBONE,"t=242 [PHASE_TX] IDLE (queues empty)"
FF0A,GWN,3,BACKBONE,"t=243 [PHASE_RX] Listening (Q_fwd=0; Q_local=0)"
FF0A,GWN,3,BACKBONE,"t=244 [PHASE_RX] Listening (Q_fwd=0; Q_local=0)"
FF0A,GWN,3,BACKBONE,"t=245 [PHASE_RX] Listening (Q_fwd=0; Q_local=0)"
FF0A,GWN,3,BACKBONE,"t=246 [PHASE_TX] IDLE (queues empty)"
FF0A,GWN,3,BACKBONE,"t=247 [PHASE_TX] IDLE (queues empty)"
FF0A,GWN,3,BACKBONE,"t=248 [PHASE_TX] IDLE (queues empty)"
FF0A,GWN,3,BACKBONE,"t=249 [PHASE_RX] Listening (Q_fwd=0; Q_local=0)"
FF0A,GWN,3,BACKBONE,"t=249 [RX_FWD] Encrypted CMD.5 from Child FF06 -> Queue for Parent FF08"
FF0A,GWN,3,BACKBONE,"t=249 [Q_FWD] Queued CMD.5 (size=1/15)"
FF0A,GWN,3,ACCESS,"t=4 [PHY] Neighbour count: 3->4"
FF0A,GWN,3,ACCESS,"t=5 [PHY] Neighbour count: 4->5"
FF0A,GWN,3,ACCESS,"t=9 [PHY] Neighbour count: 6->7"
FF0A,GWN,3,ACCESS,"t=10 [HELLO_TX] bcast battery=100.0%"
FF0A,GWN,3,ACCESS,"t=10 [PHY] Neighbour count: 7->8"
FF0A,GWN,3,ACCESS,"t=14 [PHY] Neighbour count: 8->9"
FF0A,GWN,3,ACCESS,"t=18 [PHY] Neighbour count: 9->10"
FF0A,GWN,3,ACCESS,"t=19 [HELLO_TX] bcast battery=100.0%"
FF0A,GWN,3,ACCESS,"t=19 [PHY] Neighbour count: 10->11"
FF0A,GWN,3,ACCESS,"t=24 [PHY] Neighbour count: 11->12"
FF0A,GWN,3,ACCESS,"t=29 [HELLO_TX] bcast battery=100.0%"
FF0A,GWN,3,ACCESS,"t=30 [PHY] Neighbour count: 12->13"
FF0A,GWN,3,ACCESS,"t=32 [PHY] Neighbour count: 13->14"
FF0A,GWN,3,ACCESS,"t=36 [HELLO_TX] bcast battery=100.0%"
FF0A,GWN,3,ACCESS,"t=41 [PHY] Neighbour count: 14->15"
FF0A,GWN,3,ACCESS,"t=42 [HELLO_TX] bcast battery=100.0%"
FF0A,GWN,3,ACCESS,"t=45 [PHY] Neighbour count: 15->16"
FF0A,GWN,3,ACCESS,"t=50 [HELLO_TX] bcast battery=100.0%"
FF0A,GWN,3,ACCESS,"t=56 [PHY] Neighbour count: 16->17"
FF0A,GWN,3,ACCESS,"t=59 [HELLO_TX] bcast battery=100.0%"
FF0A,GWN,3,ACCESS,"t=63 [HELLO_TX] bcast battery=100.0%"
FF0A,GWN,3,ACCESS,"t=67 [HELLO_TX] bcast battery=100.0%"
FF0A,GWN,3,ACCESS,"t=70 [PHY] Neighbour count: 17->18"
FF0A,GWN,3,ACCESS,"t=71 [HELLO_TX] bcast battery=100.0%"
FF0A,GWN,3,ACCESS,"t=79 [HELLO_TX] bcast battery=100.0%"
FF0A,GWN,3,ACCESS,"t=85 [HELLO_TX] bcast battery=100.0%"
FF0A,GWN,3,ACCESS,"t=93 [HELLO_TX] bcast battery=100.0%"
FF0A,GWN,3,ACCESS,"t=103 [HELLO_TX] bcast battery=100.0%"
FF0A,GWN,3,ACCESS,"t=112 [HELLO_TX] bcast battery=100.0%"
FF0A,GWN,3,ACCESS,"t=116 [PHY] Neighbour count: 19->20"
FF0A,GWN,3,ACCESS,"t=117 [HELLO_TX] bcast battery=100.0%"
FF0A,GWN,3,ACCESS,"t=124 [HELLO_TX] bcast battery=100.0%"
FF0A,GWN,3,ACCESS,"t=134 [HELLO_TX] bcast battery=100.0%"
FF0A,GWN,3,ACCESS,"t=139 [HELLO_TX] bcast battery=100.0%"
FF0A,GWN,3,ACCESS,"t=147 [HELLO_TX] bcast battery=100.0%"
FF0A,GWN,3,ACCESS,"t=151 [HELLO_TX] bcast battery=100.0%"
FF0A,GWN,3,ACCESS,"t=158 [HELLO_TX] bcast battery=100.0%"
FF0A,GWN,3,ACCESS,"t=163 [HELLO_TX] bcast battery=100.0%"
FF0A,GWN,3,ACCESS,"t=171 [HELLO_TX] bcast battery=100.0%"
FF0A,GWN,3,ACCESS,"t=178 [HELLO_TX] bcast battery=100.0%"
FF0A,GWN,3,ACCESS,"t=186 [HELLO_TX] bcast battery=100.0%"
FF0A,GWN,3,ACCESS,"t=196 [HELLO_TX] bcast battery=100.0%"
FF0A,GWN,3,ACCESS,"t=206 [HELLO_TX] bcast battery=100.0%"
FF0A,GWN,3,ACCESS,"t=212 [HELLO_TX] bcast battery=100.0%"
FF0A,GWN,3,ACCESS,"t=217 [HELLO_TX] bcast battery=100.0%"
FF0A,GWN,3,ACCESS,"t=224 [HELLO_TX] bcast battery=100.0%"
FF0A,GWN,3,ACCESS,"t=229 [HELLO_TX] bcast battery=100.0%"
FF0A,GWN,3,ACCESS,"t=236 [HELLO_TX] bcast battery=100.0%"
FF0A,GWN,3,ACCESS,"t=242 [HELLO_TX] bcast battery=100.0%"
FF0A,GWN,3,UNIFIED,"t=2 [PHY] Neighbor count=1"
FF0A,GWN,3,UNIFIED,"t=3 [PHY] Neighbor count=2"
FF0A,GWN,3,UNIFIED,"[BB] t=3 [TX] HB.0 -> <BCAST>"
FF0A,GWN,3,UNIFIED,"t=4 [PHY] Neighbor count=3"
FF0A,GWN,3,UNIFIED,"t=4 [PHY] Neighbour count: 3->4"
FF0A,GWN,3,UNIFIED,"t=5 [PHY] Neighbor count=4"
FF0A,GWN,3,UNIFIED,"t=5 [PHY] Neighbour count: 4->5"
FF0A,GWN,3,UNIFIED,"t=6 [PHY] Neighbor count=5"
FF0A,GWN,3,UNIFIED,"t=7 [PHY] Neighbor count=6"
FF0A,GWN,3,UNIFIED,"t=9 [PHY] Neighbour count: 6->7"
FF0A,GWN,3,UNIFIED,"t=10 [PHY] Neighbor count=7"
FF0A,GWN,3,UNIFIED,"[BB] t=10 [TX] HB.0 -> <BCAST>"
FF0A,GWN,3,UNIFIED,"[AC] t=10 [HELLO_TX] bcast battery=100.0%"
FF0A,GWN,3,UNIFIED,"t=10 [PHY] Neighbour count: 7->8"
FF0A,GWN,3,UNIFIED,"t=11 [PHY] Neighbor count=8"
FF0A,GWN,3,UNIFIED,"t=14 [PHY] Neighbour count: 8->9"
FF0A,GWN,3,UNIFIED,"t=15 [PHY] Neighbor count=9"
FF0A,GWN,3,UNIFIED,"[BB] t=17 [TX] HB.0 -> <BCAST>"
FF0A,GWN,3,UNIFIED,"t=18 [PHY] Neighbour count: 9->10"
FF0A,GWN,3,UNIFIED,"t=19 [PHY] Neighbor count=10"
FF0A,GWN,3,UNIFIED,"[AC] t=19 [HELLO_TX] bcast battery=100.0%"
FF0A,GWN,3,UNIFIED,"t=19 [PHY] Neighbour count: 10->11"
FF0A,GWN,3,UNIFIED,"t=20 [PHY] Neighbor count=11"
FF0A,GWN,3,UNIFIED,"t=22 [STATE] BOOT→DISCOVERY (neighbors=11)"
FF0A,GWN,3,UNIFIED,"[BB] t=24 [TX] HB.1 -> <BCAST>"
FF0A,GWN,3,UNIFIED,"t=24 [PHY] Neighbour count: 11->12"
FF0A,GWN,3,UNIFIED,"t=25 [PHY] Neighbor count=12"
FF0A,GWN,3,UNIFIED,"[AC] t=29 [HELLO_TX] bcast battery=100.0%"
FF0A,GWN,3,UNIFIED,"t=30 [PHY] Neighbour count: 12->13"
FF0A,GWN,3,UNIFIED,"t=31 [PHY] Neighbor count=13"
FF0A,GWN,3,UNIFIED,"[BB] t=31 [TX] HB.1 -> <BCAST>"
FF0A,GWN,3,UNIFIED,"t=32 [PHY] Neighbour count: 13->14"
FF0A,GWN,3,UNIFIED,"t=33 [PHY] Neighbor count=14"
FF0A,GWN,3,UNIFIED,"[AC] t=36 [HELLO_TX] bcast battery=100.0%"
FF0A,GWN,3,UNIFIED,"[BB] t=38 [TX] HB.1 -> <BCAST>"
FF0A,GWN,3,UNIFIED,"t=41 [PHY] Neighbour count: 14->15"
FF0A,GWN,3,UNIFIED,"t=42 [PHY] Neighbor count=15"
FF0A,GWN,3,UNIFIED,"[AC] t=42 [HELLO_TX] bcast battery=100.0%"
FF0A,GWN,3,UNIFIED,"[BB] t=45 [TX] HB.1 -> <BCAST>"
FF0A,GWN,3,UNIFIED,"t=45 [PHY] Neighbour count: 15->16"
FF0A,GWN,3,UNIFIED,"t=46 [PHY] Neighbor count=16"
FF0A,GWN,3,UNIFIED,"[BB] t=49 [RX] CMD.0 <- FF08 RSSI=0.5"
FF0A,GWN,3,UNIFIED,"[BB] t=49 [TX] CMD.1 -> FF08"
FF0A,GWN,3,UNIFIED,"[BB] t=49 [TX] CMD.1 -> FF08"
FF0A,GWN,3,UNIFIED,"[BB] t=49 [STATE] DISCOVERY -> HANDSHAKE"
FF0A,GWN,3,UNIFIED,"[BB] [LOCK][SET] partner=FF08 timeout=6"
FF0A,GWN,3,UNIFIED,"[BB] t=49 [HANDSHAKE] Lock set with FF08 (timer=6)"
FF0A,GWN,3,UNIFIED,"[AC] t=50 [HELLO_TX] bcast battery=100.0%"
FF0A,GWN,3,UNIFIED,"[BB] t=53 [RX] CMD.2 <- FF08 RSSI=0.5"
FF0A,GWN,3,UNIFIED,"[BB] [LOCK][REFRESH] partner=FF08 timeout=6"
FF0A,GWN,3,UNIFIED,"[BB] [LOCK][SET] partner=FF08 timeout=6"
FF0A,GWN,3,UNIFIED,"[BB] t=53 [PARENT] Set parent -> FF08"
FF0A,GWN,3,UNIFIED,"[BB] t=54 [RX] CMD.4 <- FF08 RSSI=0.5"
FF0A,GWN,3,UNIFIED,"[BB] [LOCK][REFRESH] partner=FF08 timeout=6"
FF0A,GWN,3,UNIFIED,"[BB] t=54 [PHASE] Inherited phaseOffset=0 from parent FF08"
FF0A,GWN,3,UNIFIED,"[BB] t=54 [ENC_HELLO] TX: gwCh=0; chCh=0; secCh=0; sn=0 (encrypted)"
FF0A,GWN,3,UNIFIED,"[BB] t=54 [TX] CMD.5 -> FF08"
FF0A,GWN,3,UNIFIED,"[BB] [LOCK][CLEAR][ENC_HELLO_TX] partner=FF08"
FF0A,GWN,3,UNIFIED,"[BB] t=54 [HANDSHAKE] Lock cleared (was with FF08)"
FF0A,GWN,3,UNIFIED,"t=56 [PHY] Neighbour count: 16->17"
FF0A,GWN,3,UNIFIED,"t=57 [PHY] Neighbor count=17"
FF0A,GWN,3,UNIFIED,"t=58 [RECRUIT] INIT(1/4) -> FF06"
FF0A,GWN,3,UNIFIED,"[BB] [LOCK][SET] partner=FF06 timeout=6"
FF0A,GWN,3,UNIFIED,"[BB] t=58 [HANDSHAKE] Lock set with FF06 (timer=6)"
FF0A,GWN,3,UNIFIED,"[BB] [LOCK][SET] partner=FF06 timeout=6"
FF0A,GWN,3,UNIFIED,"[BB] t=58 [TX] CMD.0 -> FF06"
FF0A,GWN,3,UNIFIED,"[AC] t=59 [HELLO_TX] bcast battery=100.0%"
FF0A,GWN,3,UNIFIED,"[BB] t=60 [RX] CMD.1 <- FF06 RSSI=0.2"
FF0A,GWN,3,UNIFIED,"[BB] [LOCK][REFRESH] partner=FF06 timeout=6"
FF0A,GWN,3,UNIFIED,"[BB] t=60 [TX] CMD.2 -> FF06"
FF0A,GWN,3,UNIFIED,"[BB] [LOCK][REFRESH] partner=FF06 timeout=6"
FF0A,GWN,3,UNIFIED,"[BB] t=60 [HANDSHAKE] FF06 added to pendingChildren (awaiting ENC_HELLO)"
FF0A,GWN,3,UNIFIED,"[BB] t=60 [TX] CMD.4 -> FF06"
FF0A,GWN,3,UNIFIED,"[BB] t=60 [PHASE] Sending phaseOffset=1 to child FF06 (self=0)"
FF0A,GWN,3,UNIFIED,"[BB] [LOCK][REFRESH] partner=FF06 timeout=6"
FF0A,GWN,3,UNIFIED,"[BB] [LOCK][SET] partner=FF06 timeout=6"
FF0A,GWN,3,UNIFIED,"[AC] t=63 [HELLO_TX] bcast battery=100.0%"
FF0A,GWN,3,UNIFIED,"[BB] t=64 [ENC_HELLO] TX: gwCh=0; chCh=0; secCh=0; sn=0 (encrypted)"
FF0A,GWN,3,UNIFIED,"[BB] t=64 [ENC_HELLO] Retry 1/3 sent (next at t=84)"
FF0A,GWN,3,UNIFIED,"[BB] t=65 [RX] CMD.5 <- FF06 RSSI=0.2"
FF0A,GWN,3,UNIFIED,"[BB] t=65 [HANDSHAKE] FF06 promoted to children (ENC_HELLO received)"
FF0A,GWN,3,UNIFIED,"[BB] [LOCK][CLEAR][ENC_HELLO_RX] partner=FF06"
FF0A,GWN,3,UNIFIED,"[BB] t=65 [TX] CMD.5 -> FF08"
FF0A,GWN,3,UNIFIED,"[BB] t=65 [HANDSHAKE] Lock cleared (was with FF06)"
FF0A,GWN,3,UNIFIED,"[BB] t=65 [RETRY] Reset retry state for FF06 (now child)"
FF0A,GWN,3,UNIFIED,"[BB] t=65 [STATE] HANDSHAKE -> SECURE"
FF0A,GWN,3,UNIFIED,"[AC] t=67 [HELLO_TX] bcast battery=100.0%"
FF0A,GWN,3,UNIFIED,"t=70 [PHY] Neighbour count: 17->18"
FF0A,GWN,3,UNIFIED,"t=71 [PHY] Neighbor count=18"
FF0A,GWN,3,UNIFIED,"[AC] t=71 [HELLO_TX] bcast battery=100.0%"
FF0A,GWN,3,UNIFIED,"[BB] t=73 [RX_FWD] Encrypted CMD.5 from Child FF06 -> Queue for Parent FF08"
FF0A,GWN,3,UNIFIED,"[BB] t=73 [Q_FWD] Queued CMD.5 (size=1/15)"
FF0A,GWN,3,UNIFIED,"t=76 [PHY] Neighbor count=19"
FF0A,GWN,3,UNIFIED,"[AC] t=79 [HELLO_TX] bcast battery=100.0%"
FF0A,GWN,3,UNIFIED,"[BB] t=84 [ENC_HELLO] TX: gwCh=1; chCh=0; secCh=0; sn=0 (encrypted)"
FF0A,GWN,3,UNIFIED,"[BB] t=84 [ENC_HELLO] Retry 2/3 sent (next at t=124)"
FF0A,GWN,3,UNIFIED,"[AC] t=85 [HELLO_TX] bcast battery=100.0%"
FF0A,GWN,3,UNIFIED,"[BB] t=92 [RX_FWD] Encrypted CMD.5 from Child FF06 -> Queue for Parent FF08"
FF0A,GWN,3,UNIFIED,"[BB] t=92 [Q_FWD] Queued CMD.5 (size=2/15)"
FF0A,GWN,3,UNIFIED,"[AC] t=93 [HELLO_TX] bcast battery=100.0%"
FF0A,GWN,3,UNIFIED,"[BB] t=93 [RX_FWD] Encrypted CMD.5 from Child FF06 -> Queue for Parent FF08"
FF0A,GWN,3,UNIFIED,"[BB] t=93 [Q_FWD] Queued CMD.5 (size=3/15)"
FF0A,GWN,3,UNIFIED,"[BB] t=94 [TX] HB.3 -> FF00"
FF0A,GWN,3,UNIFIED,"[AC] t=103 [HELLO_TX] bcast battery=100.0%"
FF0A,GWN,3,UNIFIED,"[AC] t=112 [HELLO_TX] bcast battery=100.0%"
FF0A,GWN,3,UNIFIED,"t=116 [PHY] Neighbour count: 19->20"
FF0A,GWN,3,UNIFIED,"t=117 [PHY] Neighbor count=20"
FF0A,GWN,3,UNIFIED,"[AC] t=117 [HELLO_TX] bcast battery=100.0%"
FF0A,GWN,3,UNIFIED,"[BB] t=124 [ENC_HELLO] TX: gwCh=1; chCh=0; secCh=0; sn=0 (encrypted)"
FF0A,GWN,3,UNIFIED,"[BB] t=124 [ENC_HELLO] Retry 3/3 sent (next at t=204)"
FF0A,GWN,3,UNIFIED,"[AC] t=124 [HELLO_TX] bcast battery=100.0%"
FF0A,GWN,3,UNIFIED,"[BB] t=133 [RX_FWD] Encrypted CMD.5 from Child FF06 -> Queue for Parent FF08"
FF0A,GWN,3,UNIFIED,"[BB] t=133 [Q_FWD] Queued CMD.5 (size=4/15)"
FF0A,GWN,3,UNIFIED,"[AC] t=134 [HELLO_TX] bcast battery=100.0%"
FF0A,GWN,3,UNIFIED,"[AC] t=139 [HELLO_TX] bcast battery=100.0%"
FF0A,GWN,3,UNIFIED,"[AC] t=147 [HELLO_TX] bcast battery=100.0%"
FF0A,GWN,3,UNIFIED,"[AC] t=151 [HELLO_TX] bcast battery=100.0%"
FF0A,GWN,3,UNIFIED,"[AC] t=158 [HELLO_TX] bcast battery=100.0%"
FF0A,GWN,3,UNIFIED,"[AC] t=163 [HELLO_TX] bcast battery=100.0%"
FF0A,GWN,3,UNIFIED,"[AC] t=171 [HELLO_TX] bcast battery=100.0%"
FF0A,GWN,3,UNIFIED,"[AC] t=178 [HELLO_TX] bcast battery=100.0%"
FF0A,GWN,3,UNIFIED,"[AC] t=186 [HELLO_TX] bcast battery=100.0%"
FF0A,GWN,3,UNIFIED,"[AC] t=196 [HELLO_TX] bcast battery=100.0%"
FF0A,GWN,3,UNIFIED,"[BB] t=200 [DEQUEUE] From Q_fwd (waited 127 TFs)"
FF0A,GWN,3,UNIFIED,"[BB] t=200 [PHASE_TX] Sent CMD.5 -> FF08 (Q_fwd=3; Q_local=0)"
FF0A,GWN,3,UNIFIED,"[BB] t=201 [PHASE_RX] Listening (Q_fwd=3; Q_local=0)"
FF0A,GWN,3,UNIFIED,"[BB] t=201 [RX_FWD] Encrypted CMD.5 from Child FF06 -> Queue for Parent FF08"
FF0A,GWN,3,UNIFIED,"[BB] t=201 [Q_FWD] Queued CMD.5 (size=4/15)"
FF0A,GWN,3,UNIFIED,"[BB] t=202 [PHASE_RX] Listening (Q_fwd=4; Q_local=0)"
FF0A,GWN,3,UNIFIED,"[BB] t=202 [RX_FWD] Encrypted CMD.5 from Child FF06 -> Queue for Parent FF08"
FF0A,GWN,3,UNIFIED,"[BB] t=202 [Q_FWD] Queued CMD.5 (size=5/15)"
FF0A,GWN,3,UNIFIED,"[BB] t=203 [PHASE_RX] Listening (Q_fwd=5; Q_local=0)"
FF0A,GWN,3,UNIFIED,"[BB] t=203 [RX_FWD] Encrypted CMD.5 from Child FF06 -> Queue for Parent FF08"
FF0A,GWN,3,UNIFIED,"[BB] t=203 [Q_FWD] Queued CMD.5 (size=6/15)"
FF0A,GWN,3,UNIFIED,"[BB] t=204 [ENC_HELLO] TX: gwCh=1; chCh=0; secCh=0; sn=0 (encrypted)"
FF0A,GWN,3,UNIFIED,"[BB] t=204 [ENC_HELLO] Registry refresh #1 sent (next at t=284)"
FF0A,GWN,3,UNIFIED,"[BB] t=204 [DEQUEUE] From Q_fwd (waited 112 TFs)"
FF0A,GWN,3,UNIFIED,"[BB] t=204 [PHASE_TX] Sent CMD.5 -> FF08 (Q_fwd=5; Q_local=0)"
FF0A,GWN,3,UNIFIED,"[BB] t=205 [DEQUEUE] From Q_fwd (waited 112 TFs)"
FF0A,GWN,3,UNIFIED,"[BB] t=205 [PHASE_TX] Sent CMD.5 -> FF08 (Q_fwd=4; Q_local=0)"
FF0A,GWN,3,UNIFIED,"[BB] t=206 [DEQUEUE] From Q_fwd (waited 73 TFs)"
FF0A,GWN,3,UNIFIED,"[BB] t=206 [PHASE_TX] Sent CMD.5 -> FF08 (Q_fwd=3; Q_local=0)"
FF0A,GWN,3,UNIFIED,"[AC] t=206 [HELLO_TX] bcast battery=100.0%"
FF0A,GWN,3,UNIFIED,"[BB] t=207 [PHASE_RX] Listening (Q_fwd=3; Q_local=0)"
FF0A,GWN,3,UNIFIED,"[BB] t=207 [RX_FWD] Encrypted CMD.5 from Child FF06 -> Queue for Parent FF08"
FF0A,GWN,3,UNIFIED,"[BB] t=207 [Q_FWD] Queued CMD.5 (size=4/15)"
FF0A,GWN,3,UNIFIED,"[BB] t=208 [PHASE_RX] Listening (Q_fwd=4; Q_local=0)"
FF0A,GWN,3,UNIFIED,"[BB] t=208 [RX_FWD] Encrypted CMD.5 from Child FF06 -> Queue for Parent FF08"
FF0A,GWN,3,UNIFIED,"[BB] t=208 [Q_FWD] Queued CMD.5 (size=5/15)"
FF0A,GWN,3,UNIFIED,"[BB] t=209 [PHASE_RX] Listening (Q_fwd=5; Q_local=0)"
FF0A,GWN,3,UNIFIED,"[BB] t=209 [RX_FWD] Encrypted CMD.5 from Child FF06 -> Queue for Parent FF08"
FF0A,GWN,3,UNIFIED,"[BB] t=209 [Q_FWD] Queued CMD.5 (size=6/15)"
FF0A,GWN,3,UNIFIED,"[BB] t=210 [DEQUEUE] From Q_fwd (waited 9 TFs)"
FF0A,GWN,3,UNIFIED,"[BB] t=210 [PHASE_TX] Sent CMD.5 -> FF08 (Q_fwd=5; Q_local=0)"
FF0A,GWN,3,UNIFIED,"[BB] t=211 [DEQUEUE] From Q_fwd (waited 9 TFs)"
FF0A,GWN,3,UNIFIED,"[BB] t=211 [PHASE_TX] Sent CMD.5 -> FF08 (Q_fwd=4; Q_local=0)"
FF0A,GWN,3,UNIFIED,"[BB] t=212 [DEQUEUE] From Q_fwd (waited 9 TFs)"
FF0A,GWN,3,UNIFIED,"[BB] t=212 [PHASE_TX] Sent CMD.5 -> FF08 (Q_fwd=3; Q_local=0)"
FF0A,GWN,3,UNIFIED,"[AC] t=212 [HELLO_TX] bcast battery=100.0%"
FF0A,GWN,3,UNIFIED,"[BB] t=213 [PHASE_RX] Listening (Q_fwd=3; Q_local=0)"
FF0A,GWN,3,UNIFIED,"[BB] t=213 [RX_FWD] Encrypted CMD.5 from Child FF06 -> Queue for Parent FF08"
FF0A,GWN,3,UNIFIED,"[BB] t=213 [Q_FWD] Queued CMD.5 (size=4/15)"
FF0A,GWN,3,UNIFIED,"[BB] t=214 [PHASE_RX] Listening (Q_fwd=4; Q_local=0)"
FF0A,GWN,3,UNIFIED,"[BB] t=214 [RX_FWD] Encrypted CMD.5 from Child FF06 -> Queue for Parent FF08"
FF0A,GWN,3,UNIFIED,"[BB] t=214 [Q_FWD] Queued CMD.5 (size=5/15)"
FF0A,GWN,3,UNIFIED,"[BB] t=215 [PHASE_RX] Listening (Q_fwd=5; Q_local=0)"
FF0A,GWN,3,UNIFIED,"[BB] t=215 [RX_FWD] Encrypted CMD.5 from Child FF06 -> Queue for Parent FF08"
FF0A,GWN,3,UNIFIED,"[BB] t=215 [Q_FWD] Queued CMD.5 (size=6/15)"
FF0A,GWN,3,UNIFIED,"[BB] t=216 [DEQUEUE] From Q_fwd (waited 9 TFs)"
FF0A,GWN,3,UNIFIED,"[BB] t=216 [PHASE_TX] Sent CMD.5 -> FF08 (Q_fwd=5; Q_local=0)"
FF0A,GWN,3,UNIFIED,"[BB] t=217 [DEQUEUE] From Q_fwd (waited 9 TFs)"
FF0A,GWN,3,UNIFIED,"[BB] t=217 [PHASE_TX] Sent CMD.5 -> FF08 (Q_fwd=4; Q_local=0)"
FF0A,GWN,3,UNIFIED,"[AC] t=217 [HELLO_TX] bcast battery=100.0%"
FF0A,GWN,3,UNIFIED,"[BB] t=218 [DEQUEUE] From Q_fwd (waited 9 TFs)"
FF0A,GWN,3,UNIFIED,"[BB] t=218 [PHASE_TX] Sent CMD.5 -> FF08 (Q_fwd=3; Q_local=0)"
FF0A,GWN,3,UNIFIED,"[BB] t=219 [PHASE_RX] Listening (Q_fwd=3; Q_local=0)"
FF0A,GWN,3,UNIFIED,"[BB] t=219 [RX_FWD] Encrypted CMD.5 from Child FF06 -> Queue for Parent FF08"
FF0A,GWN,3,UNIFIED,"[BB] t=219 [Q_FWD] Queued CMD.5 (size=4/15)"
FF0A,GWN,3,UNIFIED,"[BB] t=220 [PHASE_RX] Listening (Q_fwd=4; Q_local=0)"
FF0A,GWN,3,UNIFIED,"[BB] t=220 [RX_FWD] Encrypted CMD.5 from Child FF06 -> Queue for Parent FF08"
FF0A,GWN,3,UNIFIED,"[BB] t=220 [Q_FWD] Queued CMD.5 (size=5/15)"
FF0A,GWN,3,UNIFIED,"[BB] t=221 [PHASE_RX] Listening (Q_fwd=5; Q_local=0)"
FF0A,GWN,3,UNIFIED,"[BB] t=221 [RX_FWD] Encrypted CMD.5 from Child FF06 -> Queue for Parent FF08"
FF0A,GWN,3,UNIFIED,"[BB] t=221 [Q_FWD] Queued CMD.5 (size=6/15)"
FF0A,GWN,3,UNIFIED,"[BB] t=222 [DEQUEUE] From Q_fwd (waited 9 TFs)"
FF0A,GWN,3,UNIFIED,"[BB] t=222 [PHASE_TX] Sent CMD.5 -> FF08 (Q_fwd=5; Q_local=0)"
FF0A,GWN,3,UNIFIED,"[BB] t=223 [DEQUEUE] From Q_fwd (waited 9 TFs)"
FF0A,GWN,3,UNIFIED,"[BB] t=223 [PHASE_TX] Sent CMD.5 -> FF08 (Q_fwd=4; Q_local=0)"
FF0A,GWN,3,UNIFIED,"[BB] t=224 [DEQUEUE] From Q_fwd (waited 9 TFs)"
FF0A,GWN,3,UNIFIED,"[BB] t=224 [PHASE_TX] Sent CMD.5 -> FF08 (Q_fwd=3; Q_local=0)"
FF0A,GWN,3,UNIFIED,"[AC] t=224 [HELLO_TX] bcast battery=100.0%"
FF0A,GWN,3,UNIFIED,"[BB] t=225 [PHASE_RX] Listening (Q_fwd=3; Q_local=0)"
FF0A,GWN,3,UNIFIED,"[BB] t=225 [RX_FWD] Encrypted CMD.5 from Child FF06 -> Queue for Parent FF08"
FF0A,GWN,3,UNIFIED,"[BB] t=225 [Q_FWD] Queued CMD.5 (size=4/15)"
FF0A,GWN,3,UNIFIED,"[BB] t=226 [PHASE_RX] Listening (Q_fwd=4; Q_local=0)"
FF0A,GWN,3,UNIFIED,"[BB] t=226 [RX_FWD] Encrypted CMD.5 from Child FF06 -> Queue for Parent FF08"
FF0A,GWN,3,UNIFIED,"[BB] t=226 [Q_FWD] Queued CMD.5 (size=5/15)"
FF0A,GWN,3,UNIFIED,"[BB] t=227 [PHASE_RX] Listening (Q_fwd=5; Q_local=0)"
FF0A,GWN,3,UNIFIED,"[BB] t=227 [RX_FWD] Encrypted CH_HELLO.1 from Child FF06 -> Queue for Parent FF08"
FF0A,GWN,3,UNIFIED,"[BB] t=227 [Q_FWD] Queued CH_HELLO.1 (size=6/15)"
FF0A,GWN,3,UNIFIED,"[BB] t=228 [DEQUEUE] From Q_fwd (waited 9 TFs)"
FF0A,GWN,3,UNIFIED,"[BB] t=228 [PHASE_TX] Sent CMD.5 -> FF08 (Q_fwd=5; Q_local=0)"
FF0A,GWN,3,UNIFIED,"[BB] t=229 [DEQUEUE] From Q_fwd (waited 9 TFs)"
FF0A,GWN,3,UNIFIED,"[BB] t=229 [PHASE_TX] Sent CMD.5 -> FF08 (Q_fwd=4; Q_local=0)"
FF0A,GWN,3,UNIFIED,"[AC] t=229 [HELLO_TX] bcast battery=100.0%"
FF0A,GWN,3,UNIFIED,"[BB] t=230 [DEQUEUE] From Q_fwd (waited 9 TFs)"
FF0A,GWN,3,UNIFIED,"[BB] t=230 [PHASE_TX] Sent CMD.5 -> FF08 (Q_fwd=3; Q_local=0)"
FF0A,GWN,3,UNIFIED,"[BB] t=231 [PHASE_RX] Listening (Q_fwd=3; Q_local=0)"
FF0A,GWN,3,UNIFIED,"[BB] t=231 [RX_FWD] Encrypted CH_HELLO.1 from Child FF06 -> Queue for Parent FF08"
FF0A,GWN,3,UNIFIED,"[BB] t=231 [Q_FWD] Queued CH_HELLO.1 (size=4/15)"
FF0A,GWN,3,UNIFIED,"[BB] t=232 [PHASE_RX] Listening (Q_fwd=4; Q_local=0)"
FF0A,GWN,3,UNIFIED,"[BB] t=233 [PHASE_RX] Listening (Q_fwd=4; Q_local=0)"
FF0A,GWN,3,UNIFIED,"[BB] t=234 [DEQUEUE] From Q_fwd (waited 9 TFs)"
FF0A,GWN,3,UNIFIED,"[BB] t=234 [PHASE_TX] Sent CMD.5 -> FF08 (Q_fwd=3; Q_local=0)"
FF0A,GWN,3,UNIFIED,"[BB] t=235 [DEQUEUE] From Q_fwd (waited 9 TFs)"
FF0A,GWN,3,UNIFIED,"[BB] t=235 [PHASE_TX] Sent CMD.5 -> FF08 (Q_fwd=2; Q_local=0)"
FF0A,GWN,3,UNIFIED,"[BB] t=236 [DEQUEUE] From Q_fwd (waited 9 TFs)"
FF0A,GWN,3,UNIFIED,"[BB] t=236 [PHASE_TX] Sent CH_HELLO.1 -> FF08 (Q_fwd=1; Q_local=0)"
FF0A,GWN,3,UNIFIED,"[AC] t=236 [HELLO_TX] bcast battery=100.0%"
FF0A,GWN,3,UNIFIED,"[BB] t=237 [PHASE_RX] Listening (Q_fwd=1; Q_local=0)"
FF0A,GWN,3,UNIFIED,"[BB] t=238 [PHASE_RX] Listening (Q_fwd=1; Q_local=0)"
FF0A,GWN,3,UNIFIED,"[BB] t=239 [PHASE_RX] Listening (Q_fwd=1; Q_local=0)"
FF0A,GWN,3,UNIFIED,"[BB] t=239 [RX_FWD] Encrypted CMD.5 from Child FF06 -> Queue for Parent FF08"
FF0A,GWN,3,UNIFIED,"[BB] t=239 [Q_FWD] Queued CMD.5 (size=2/15)"
FF0A,GWN,3,UNIFIED,"[BB] t=240 [DEQUEUE] From Q_fwd (waited 9 TFs)"
FF0A,GWN,3,UNIFIED,"[BB] t=240 [PHASE_TX] Sent CH_HELLO.1 -> FF08 (Q_fwd=1; Q_local=0)"
FF0A,GWN,3,UNIFIED,"[BB] t=241 [DEQUEUE] From Q_fwd (waited 2 TFs)"
FF0A,GWN,3,UNIFIED,"[BB] t=241 [PHASE_TX] Sent CMD.5 -> FF08 (Q_fwd=0; Q_local=0)"
FF0A,GWN,3,UNIFIED,"[BB] t=242 [PHASE_TX] IDLE (queues empty)"
FF0A,GWN,3,UNIFIED,"[AC] t=242 [HELLO_TX] bcast battery=100.0%"
FF0A,GWN,3,UNIFIED,"[BB] t=243 [PHASE_RX] Listening (Q_fwd=0; Q_local=0)"
FF0A,GWN,3,UNIFIED,"[BB] t=244 [PHASE_RX] Listening (Q_fwd=0; Q_local=0)"
FF0A,GWN,3,UNIFIED,"[BB] t=245 [PHASE_RX] Listening (Q_fwd=0; Q_local=0)"
FF0A,GWN,3,UNIFIED,"[BB] t=246 [PHASE_TX] IDLE (queues empty)"
FF0A,GWN,3,UNIFIED,"[BB] t=247 [PHASE_TX] IDLE (queues empty)"
FF0A,GWN,3,UNIFIED,"[BB] t=248 [PHASE_TX] IDLE (queues empty)"
FF0A,GWN,3,UNIFIED,"[BB] t=249 [PHASE_RX] Listening (Q_fwd=0; Q_local=0)"
FF0A,GWN,3,UNIFIED,"[BB] t=249 [RX_FWD] Encrypted CMD.5 from Child FF06 -> Queue for Parent FF08"
FF0A,GWN,3,UNIFIED,"[BB] t=249 [Q_FWD] Queued CMD.5 (size=1/15)"
FF0B,GWN,3,BACKBONE,"t=4 [PHY] Neighbour count: 3->4"
FF0B,GWN,3,BACKBONE,"t=5 [PHY] Neighbour count: 4->5"
FF0B,GWN,3,BACKBONE,"t=7 [TX] HB.0 -> <BCAST>"
FF0B,GWN,3,BACKBONE,"t=7 [PHY] Neighbour count: 6->7"
FF0B,GWN,3,BACKBONE,"t=8 [PHY] Neighbour count: 7->8"
FF0B,GWN,3,BACKBONE,"t=9 [PHY] Neighbour count: 8->9"
FF0B,GWN,3,BACKBONE,"t=11 [PHY] Neighbour count: 9->10"
FF0B,GWN,3,BACKBONE,"t=12 [PHY] Neighbour count: 10->11"
FF0B,GWN,3,BACKBONE,"t=13 [PHY] Neighbour count: 11->12"
FF0B,GWN,3,BACKBONE,"t=14 [TX] HB.0 -> <BCAST>"
FF0B,GWN,3,BACKBONE,"t=20 [PHY] Neighbour count: 12->13"
FF0B,GWN,3,BACKBONE,"t=21 [TX] HB.0 -> <BCAST>"
FF0B,GWN,3,BACKBONE,"t=22 [PHY] Neighbour count: 13->14"
FF0B,GWN,3,BACKBONE,"t=28 [TX] HB.1 -> <BCAST>"
FF0B,GWN,3,BACKBONE,"t=28 [PHY] Neighbour count: 14->15"
FF0B,GWN,3,BACKBONE,"t=35 [TX] HB.1 -> <BCAST>"
FF0B,GWN,3,BACKBONE,"t=37 [PHY] Neighbour count: 15->16"
FF0B,GWN,3,BACKBONE,"t=42 [TX] HB.1 -> <BCAST>"
FF0B,GWN,3,BACKBONE,"t=49 [TX] HB.1 -> <BCAST>"
FF0B,GWN,3,BACKBONE,"t=55 [PHY] Neighbour count: 16->17"
FF0B,GWN,3,BACKBONE,"t=56 [TX] HB.1 -> <BCAST>"
FF0B,GWN,3,BACKBONE,"t=63 [TX] HB.1 -> <BCAST>"
FF0B,GWN,3,BACKBONE,"t=70 [TX] HB.1 -> <BCAST>"
FF0B,GWN,3,BACKBONE,"t=77 [TX] HB.1 -> <BCAST>"
FF0B,GWN,3,BACKBONE,"t=79 [PHY] Neighbour count: 17->18"
FF0B,GWN,3,BACKBONE,"t=84 [TX] HB.1 -> <BCAST>"
FF0B,GWN,3,BACKBONE,"t=91 [TX] HB.1 -> <BCAST>"
FF0B,GWN,3,BACKBONE,"t=96 [PHY] Neighbour count: 18->19"
FF0B,GWN,3,BACKBONE,"t=98 [TX] HB.1 -> <BCAST>"
FF0B,GWN,3,BACKBONE,"t=102 [RX] CMD.0 <- FF07 RSSI=0.0"
FF0B,GWN,3,BACKBONE,"t=102 [TX] CMD.1 -> FF07"
FF0B,GWN,3,BACKBONE,"t=102 [TX] CMD.1 -> FF07"
FF0B,GWN,3,BACKBONE,"t=102 [STATE] DISCOVERY -> HANDSHAKE"
FF0B,GWN,3,BACKBONE,"[LOCK][SET] partner=FF07 timeout=6"
FF0B,GWN,3,BACKBONE,"t=102 [HANDSHAKE] Lock set with FF07 (timer=6)"
FF0B,GWN,3,BACKBONE,"t=106 [RX] CMD.2 <- FF07 RSSI=0.0"
FF0B,GWN,3,BACKBONE,"[LOCK][REFRESH] partner=FF07 timeout=6"
FF0B,GWN,3,BACKBONE,"[LOCK][SET] partner=FF07 timeout=6"
FF0B,GWN,3,BACKBONE,"t=106 [PARENT] Set parent -> FF07"
FF0B,GWN,3,BACKBONE,"t=107 [RX] CMD.4 <- FF07 RSSI=0.0"
FF0B,GWN,3,BACKBONE,"[LOCK][REFRESH] partner=FF07 timeout=6"
FF0B,GWN,3,BACKBONE,"t=107 [PHASE] Inherited phaseOffset=0 from parent FF07"
FF0B,GWN,3,BACKBONE,"t=107 [ENC_HELLO] TX: gwCh=0; chCh=0; secCh=0; sn=0 (encrypted)"
FF0B,GWN,3,BACKBONE,"t=107 [TX] CMD.5 -> FF07"
FF0B,GWN,3,BACKBONE,"[LOCK][CLEAR][ENC_HELLO_TX] partner=FF07"
FF0B,GWN,3,BACKBONE,"t=107 [HANDSHAKE] Lock cleared (was with FF07)"
FF0B,GWN,3,BACKBONE,"[LOCK][SET] partner=FF06 timeout=6"
FF0B,GWN,3,BACKBONE,"t=111 [HANDSHAKE] Lock set with FF06 (timer=6)"
FF0B,GWN,3,BACKBONE,"[LOCK][SET] partner=FF06 timeout=6"
FF0B,GWN,3,BACKBONE,"t=111 [TX] CMD.0 -> FF06"
FF0B,GWN,3,BACKBONE,"t=113 [RX] CMD.3 <- FF06 RSSI=0.0"
FF0B,GWN,3,BACKBONE,"[LOCK][CLEAR][REJECT] partner=FF06"
FF0B,GWN,3,BACKBONE,"t=113 [REJECT] Neighbor FF06 marked REJECT"
FF0B,GWN,3,BACKBONE,"t=113 [HANDSHAKE] Lock cleared (was with FF06)"
FF0B,GWN,3,BACKBONE,"t=113 [STATE] HANDSHAKE -> SECURE"
FF0B,GWN,3,BACKBONE,"[LOCK][SET] partner=FF02 timeout=6"
FF0B,GWN,3,BACKBONE,"t=114 [HANDSHAKE] Lock set with FF02 (timer=6)"
FF0B,GWN,3,BACKBONE,"[LOCK][SET] partner=FF02 timeout=6"
FF0B,GWN,3,BACKBONE,"t=114 [TX] CMD.0 -> FF02"
FF0B,GWN,3,BACKBONE,"t=117 [ENC_HELLO] TX: gwCh=0; chCh=0; secCh=0; sn=0 (encrypted)"
FF0B,GWN,3,BACKBONE,"t=117 [ENC_HELLO] Retry 1/3 sent (next at t=137)"
FF0B,GWN,3,BACKBONE,"[LOCK][CLEAR] partner=FF02"
FF0B,GWN,3,BACKBONE,"[LOCK][SET] partner=FF02 timeout=6"
FF0B,GWN,3,BACKBONE,"t=121 [HANDSHAKE] Lock set with FF02 (timer=6)"
FF0B,GWN,3,BACKBONE,"[LOCK][SET] partner=FF02 timeout=6"
FF0B,GWN,3,BACKBONE,"t=121 [TX] CMD.0 -> FF02"
FF0B,GWN,3,BACKBONE,"[LOCK][CLEAR] partner=FF02"
FF0B,GWN,3,BACKBONE,"[LOCK][SET] partner=FF02 timeout=6"
FF0B,GWN,3,BACKBONE,"t=128 [HANDSHAKE] Lock set with FF02 (timer=6)"
FF0B,GWN,3,BACKBONE,"[LOCK][SET] partner=FF02 timeout=6"
FF0B,GWN,3,BACKBONE,"t=128 [TX] CMD.0 -> FF02"
FF0B,GWN,3,BACKBONE,"[LOCK][CLEAR] partner=FF02"
FF0B,GWN,3,BACKBONE,"[LOCK][SET] partner=FF02 timeout=6"
FF0B,GWN,3,BACKBONE,"t=135 [HANDSHAKE] Lock set with FF02 (timer=6)"
FF0B,GWN,3,BACKBONE,"[LOCK][SET] partner=FF02 timeout=6"
FF0B,GWN,3,BACKBONE,"t=135 [TX] CMD.0 -> FF02"
FF0B,GWN,3,BACKBONE,"t=137 [ENC_HELLO] TX: gwCh=0; chCh=0; secCh=0; sn=0 (encrypted)"
FF0B,GWN,3,BACKBONE,"t=137 [ENC_HELLO] Retry 2/3 sent (next at t=177)"
FF0B,GWN,3,BACKBONE,"[LOCK][CLEAR] partner=FF02"
FF0B,GWN,3,BACKBONE,"t=177 [ENC_HELLO] TX: gwCh=0; chCh=0; secCh=0; sn=0 (encrypted)"
FF0B,GWN,3,BACKBONE,"t=177 [ENC_HELLO] Retry 3/3 sent (next at t=257)"
FF0B,GWN,3,BACKBONE,"t=200 [PHASE_TX] IDLE (queues empty)"
FF0B,GWN,3,BACKBONE,"t=201 [PHASE_RX] Listening (Q_fwd=0; Q_local=0)"
FF0B,GWN,3,BACKBONE,"t=202 [PHASE_RX] Listening (Q_fwd=0; Q_local=0)"
FF0B,GWN,3,BACKBONE,"t=203 [PHASE_RX] Listening (Q_fwd=0; Q_local=0)"
FF0B,GWN,3,BACKBONE,"t=204 [PHASE_TX] IDLE (queues empty)"
FF0B,GWN,3,BACKBONE,"t=205 [PHASE_TX] IDLE (queues empty)"
FF0B,GWN,3,BACKBONE,"t=206 [PHASE_TX] IDLE (queues empty)"
FF0B,GWN,3,BACKBONE,"t=207 [PHASE_RX] Listening (Q_fwd=0; Q_local=0)"
FF0B,GWN,3,BACKBONE,"t=208 [PHASE_RX] Listening (Q_fwd=0; Q_local=0)"
FF0B,GWN,3,BACKBONE,"t=209 [PHASE_RX] Listening (Q_fwd=0; Q_local=0)"
FF0B,GWN,3,BACKBONE,"t=210 [PHASE_TX] IDLE (queues empty)"
FF0B,GWN,3,BACKBONE,"t=211 [PHASE_TX] IDLE (queues empty)"
FF0B,GWN,3,BACKBONE,"t=212 [PHASE_TX] IDLE (queues empty)"
FF0B,GWN,3,BACKBONE,"t=213 [PHASE_RX] Listening (Q_fwd=0; Q_local=0)"
FF0B,GWN,3,BACKBONE,"t=214 [PHASE_RX] Listening (Q_fwd=0; Q_local=0)"
FF0B,GWN,3,BACKBONE,"t=215 [PHASE_RX] Listening (Q_fwd=0; Q_local=0)"
FF0B,GWN,3,BACKBONE,"t=216 [PHASE_TX] IDLE (queues empty)"
FF0B,GWN,3,BACKBONE,"t=217 [PHASE_TX] IDLE (queues empty)"
FF0B,GWN,3,BACKBONE,"t=218 [PHASE_TX] IDLE (queues empty)"
FF0B,GWN,3,BACKBONE,"t=219 [PHASE_RX] Listening (Q_fwd=0; Q_local=0)"
FF0B,GWN,3,BACKBONE,"t=220 [PHASE_RX] Listening (Q_fwd=0; Q_local=0)"
FF0B,GWN,3,BACKBONE,"t=221 [PHASE_RX] Listening (Q_fwd=0; Q_local=0)"
FF0B,GWN,3,BACKBONE,"t=222 [PHASE_TX] IDLE (queues empty)"
FF0B,GWN,3,BACKBONE,"t=223 [PHASE_TX] IDLE (queues empty)"
FF0B,GWN,3,BACKBONE,"t=224 [PHASE_TX] IDLE (queues empty)"
FF0B,GWN,3,BACKBONE,"t=225 [PHASE_RX] Listening (Q_fwd=0; Q_local=0)"
FF0B,GWN,3,BACKBONE,"t=226 [PHASE_RX] Listening (Q_fwd=0; Q_local=0)"
FF0B,GWN,3,BACKBONE,"t=227 [PHASE_RX] Listening (Q_fwd=0; Q_local=0)"
FF0B,GWN,3,BACKBONE,"t=228 [PHASE_TX] IDLE (queues empty)"
FF0B,GWN,3,BACKBONE,"t=229 [PHASE_TX] IDLE (queues empty)"
FF0B,GWN,3,BACKBONE,"t=230 [PHASE_TX] IDLE (queues empty)"
FF0B,GWN,3,BACKBONE,"t=231 [PHASE_RX] Listening (Q_fwd=0; Q_local=0)"
FF0B,GWN,3,BACKBONE,"t=232 [PHASE_RX] Listening (Q_fwd=0; Q_local=0)"
FF0B,GWN,3,BACKBONE,"t=233 [PHASE_RX] Listening (Q_fwd=0; Q_local=0)"
FF0B,GWN,3,BACKBONE,"t=234 [PHASE_TX] IDLE (queues empty)"
FF0B,GWN,3,BACKBONE,"t=235 [PHASE_TX] IDLE (queues empty)"
FF0B,GWN,3,BACKBONE,"t=236 [PHASE_TX] IDLE (queues empty)"
FF0B,GWN,3,BACKBONE,"t=237 [PHASE_RX] Listening (Q_fwd=0; Q_local=0)"
FF0B,GWN,3,BACKBONE,"t=238 [PHASE_RX] Listening (Q_fwd=0; Q_local=0)"
FF0B,GWN,3,BACKBONE,"t=239 [PHASE_RX] Listening (Q_fwd=0; Q_local=0)"
FF0B,GWN,3,BACKBONE,"t=240 [PHASE_TX] IDLE (queues empty)"
FF0B,GWN,3,BACKBONE,"t=241 [PHASE_TX] IDLE (queues empty)"
FF0B,GWN,3,BACKBONE,"t=242 [PHASE_TX] IDLE (queues empty)"
FF0B,GWN,3,BACKBONE,"t=243 [PHASE_RX] Listening (Q_fwd=0; Q_local=0)"
FF0B,GWN,3,BACKBONE,"t=244 [PHASE_RX] Listening (Q_fwd=0; Q_local=0)"
FF0B,GWN,3,BACKBONE,"t=245 [PHASE_RX] Listening (Q_fwd=0; Q_local=0)"
FF0B,GWN,3,BACKBONE,"t=246 [PHASE_TX] IDLE (queues empty)"
FF0B,GWN,3,BACKBONE,"t=247 [PHASE_TX] IDLE (queues empty)"
FF0B,GWN,3,BACKBONE,"t=248 [PHASE_TX] IDLE (queues empty)"
FF0B,GWN,3,BACKBONE,"t=249 [PHASE_RX] Listening (Q_fwd=0; Q_local=0)"
FF0B,GWN,3,ACCESS,"t=4 [PHY] Neighbour count: 3->4"
FF0B,GWN,3,ACCESS,"t=5 [PHY] Neighbour count: 4->5"
FF0B,GWN,3,ACCESS,"t=7 [PHY] Neighbour count: 6->7"
FF0B,GWN,3,ACCESS,"t=8 [PHY] Neighbour count: 7->8"
FF0B,GWN,3,ACCESS,"t=9 [PHY] Neighbour count: 8->9"
FF0B,GWN,3,ACCESS,"t=10 [HELLO_TX] bcast battery=100.0%"
FF0B,GWN,3,ACCESS,"t=11 [PHY] Neighbour count: 9->10"
FF0B,GWN,3,ACCESS,"t=12 [PHY] Neighbour count: 10->11"
FF0B,GWN,3,ACCESS,"t=13 [PHY] Neighbour count: 11->12"
FF0B,GWN,3,ACCESS,"t=14 [HELLO_TX] bcast battery=100.0%"
FF0B,GWN,3,ACCESS,"t=20 [PHY] Neighbour count: 12->13"
FF0B,GWN,3,ACCESS,"t=22 [PHY] Neighbour count: 13->14"
FF0B,GWN,3,ACCESS,"t=24 [HELLO_TX] bcast battery=100.0%"
FF0B,GWN,3,ACCESS,"t=28 [HELLO_TX] bcast battery=100.0%"
FF0B,GWN,3,ACCESS,"t=28 [PHY] Neighbour count: 14->15"
FF0B,GWN,3,ACCESS,"t=36 [HELLO_TX] bcast battery=100.0%"
FF0B,GWN,3,ACCESS,"t=37 [PHY] Neighbour count: 15->16"
FF0B,GWN,3,ACCESS,"t=42 [HELLO_TX] bcast battery=100.0%"
FF0B,GWN,3,ACCESS,"t=48 [HELLO_TX] bcast battery=100.0%"
FF0B,GWN,3,ACCESS,"t=54 [HELLO_TX] bcast battery=100.0%"
FF0B,GWN,3,ACCESS,"t=55 [PHY] Neighbour count: 16->17"
FF0B,GWN,3,ACCESS,"t=61 [HELLO_TX] bcast battery=100.0%"
FF0B,GWN,3,ACCESS,"t=66 [HELLO_TX] bcast battery=100.0%"
FF0B,GWN,3,ACCESS,"t=71 [HELLO_TX] bcast battery=100.0%"
FF0B,GWN,3,ACCESS,"t=77 [HELLO_TX] bcast battery=100.0%"
FF0B,GWN,3,ACCESS,"t=79 [PHY] Neighbour count: 17->18"
FF0B,GWN,3,ACCESS,"t=84 [HELLO_TX] bcast battery=100.0%"
FF0B,GWN,3,ACCESS,"t=91 [HELLO_TX] bcast battery=100.0%"
FF0B,GWN,3,ACCESS,"t=96 [PHY] Neighbour count: 18->19"
FF0B,GWN,3,ACCESS,"t=100 [HELLO_TX] bcast battery=100.0%"
FF0B,GWN,3,ACCESS,"t=106 [HELLO_TX] bcast battery=100.0%"
FF0B,GWN,3,ACCESS,"t=112 [HELLO_TX] bcast battery=100.0%"
FF0B,GWN,3,ACCESS,"t=117 [HELLO_TX] bcast battery=100.0%"
FF0B,GWN,3,ACCESS,"t=121 [HELLO_TX] bcast battery=100.0%"
FF0B,GWN,3,ACCESS,"t=128 [HELLO_TX] bcast battery=100.0%"
FF0B,GWN,3,ACCESS,"t=138 [HELLO_TX] bcast battery=100.0%"
FF0B,GWN,3,ACCESS,"t=144 [HELLO_TX] bcast battery=100.0%"
FF0B,GWN,3,ACCESS,"t=154 [HELLO_TX] bcast battery=100.0%"
FF0B,GWN,3,ACCESS,"t=160 [HELLO_TX] bcast battery=100.0%"
FF0B,GWN,3,ACCESS,"t=166 [HELLO_TX] bcast battery=100.0%"
FF0B,GWN,3,ACCESS,"t=175 [HELLO_TX] bcast battery=100.0%"
FF0B,GWN,3,ACCESS,"t=182 [HELLO_TX] bcast battery=100.0%"
FF0B,GWN,3,ACCESS,"t=190 [HELLO_TX] bcast battery=100.0%"
FF0B,GWN,3,ACCESS,"t=199 [HELLO_TX] bcast battery=100.0%"
FF0B,GWN,3,ACCESS,"t=208 [HELLO_TX] bcast battery=100.0%"
FF0B,GWN,3,ACCESS,"t=211 [RX] CH_CMD.3 <- AA08"
FF0B,GWN,3,ACCESS,"t=212 [RX] CH_CMD.0 <- AA08"
FF0B,GWN,3,ACCESS,"[LOCK][SET] partner=AA08 timeout=4"
FF0B,GWN,3,ACCESS,"t=212 [CH_ACK] -> AA08 (sending key)"
FF0B,GWN,3,ACCESS,"t=216 [TIMEOUT] Sent CH_REJECT to orphaned AA08"
FF0B,GWN,3,ACCESS,"[LOCK][TIMEOUT] partner=AA08"
FF0B,GWN,3,ACCESS,"t=216 [RX] CH_CMD.3 <- AA08"
FF0B,GWN,3,ACCESS,"t=217 [HELLO_TX] bcast battery=100.0%"
FF0B,GWN,3,ACCESS,"t=217 [RX] CH_CMD.0 <- AA08"
FF0B,GWN,3,ACCESS,"[LOCK][SET] partner=AA08 timeout=4"
FF0B,GWN,3,ACCESS,"t=217 [CH_ACK] -> AA08 (sending key)"
FF0B,GWN,3,ACCESS,"t=221 [TIMEOUT] Sent CH_REJECT to orphaned AA08"
FF0B,GWN,3,ACCESS,"[LOCK][TIMEOUT] partner=AA08"
FF0B,GWN,3,ACCESS,"t=225 [HELLO_TX] bcast battery=100.0%"
FF0B,GWN,3,ACCESS,"t=235 [HELLO_TX] bcast battery=100.0%"
FF0B,GWN,3,ACCESS,"t=240 [HELLO_TX] bcast battery=100.0%"
FF0B,GWN,3,ACCESS,"t=244 [HELLO_TX] bcast battery=100.0%"
FF0B,GWN,3,UNIFIED,"t=2 [PHY] Neighbor count=1"
FF0B,GWN,3,UNIFIED,"t=3 [PHY] Neighbor count=2"
FF0B,GWN,3,UNIFIED,"t=4 [PHY] Neighbor count=3"
FF0B,GWN,3,UNIFIED,"t=4 [PHY] Neighbour count: 3->4"
FF0B,GWN,3,UNIFIED,"t=5 [PHY] Neighbor count=4"
FF0B,GWN,3,UNIFIED,"t=5 [PHY] Neighbour count: 4->5"
FF0B,GWN,3,UNIFIED,"t=6 [PHY] Neighbor count=5"
FF0B,GWN,3,UNIFIED,"t=7 [PHY] Neighbor count=6"
FF0B,GWN,3,UNIFIED,"[BB] t=7 [TX] HB.0 -> <BCAST>"
FF0B,GWN,3,UNIFIED,"t=7 [PHY] Neighbour count: 6->7"
FF0B,GWN,3,UNIFIED,"t=8 [PHY] Neighbor count=7"
FF0B,GWN,3,UNIFIED,"t=8 [PHY] Neighbour count: 7->8"
FF0B,GWN,3,UNIFIED,"t=9 [PHY] Neighbor count=8"
FF0B,GWN,3,UNIFIED,"t=9 [PHY] Neighbour count: 8->9"
FF0B,GWN,3,UNIFIED,"t=10 [PHY] Neighbor count=9"
FF0B,GWN,3,UNIFIED,"[AC] t=10 [HELLO_TX] bcast battery=100.0%"
FF0B,GWN,3,UNIFIED,"t=11 [PHY] Neighbour count: 9->10"
FF0B,GWN,3,UNIFIED,"t=12 [PHY] Neighbor count=10"
FF0B,GWN,3,UNIFIED,"t=12 [PHY] Neighbour count: 10->11"
FF0B,GWN,3,UNIFIED,"t=13 [PHY] Neighbor count=11"
FF0B,GWN,3,UNIFIED,"t=13 [PHY] Neighbour count: 11->12"
FF0B,GWN,3,UNIFIED,"t=14 [PHY] Neighbor count=12"
FF0B,GWN,3,UNIFIED,"[BB] t=14 [TX] HB.0 -> <BCAST>"
FF0B,GWN,3,UNIFIED,"[AC] t=14 [HELLO_TX] bcast battery=100.0%"
FF0B,GWN,3,UNIFIED,"t=20 [PHY] Neighbour count: 12->13"
FF0B,GWN,3,UNIFIED,"t=21 [PHY] Neighbor count=13"
FF0B,GWN,3,UNIFIED,"[BB] t=21 [TX] HB.0 -> <BCAST>"
FF0B,GWN,3,UNIFIED,"t=22 [STATE] BOOT→DISCOVERY (neighbors=13)"
FF0B,GWN,3,UNIFIED,"t=22 [PHY] Neighbour count: 13->14"
FF0B,GWN,3,UNIFIED,"t=23 [PHY] Neighbor count=14"
FF0B,GWN,3,UNIFIED,"[AC] t=24 [HELLO_TX] bcast battery=100.0%"
FF0B,GWN,3,UNIFIED,"[BB] t=28 [TX] HB.1 -> <BCAST>"
FF0B,GWN,3,UNIFIED,"[AC] t=28 [HELLO_TX] bcast battery=100.0%"
FF0B,GWN,3,UNIFIED,"t=28 [PHY] Neighbour count: 14->15"
FF0B,GWN,3,UNIFIED,"t=29 [PHY] Neighbor count=15"
FF0B,GWN,3,UNIFIED,"[BB] t=35 [TX] HB.1 -> <BCAST>"
FF0B,GWN,3,UNIFIED,"[AC] t=36 [HELLO_TX] bcast battery=100.0%"
FF0B,GWN,3,UNIFIED,"t=37 [PHY] Neighbour count: 15->16"
FF0B,GWN,3,UNIFIED,"t=38 [PHY] Neighbor count=16"
FF0B,GWN,3,UNIFIED,"[BB] t=42 [TX] HB.1 -> <BCAST>"
FF0B,GWN,3,UNIFIED,"[AC] t=42 [HELLO_TX] bcast battery=100.0%"
FF0B,GWN,3,UNIFIED,"[AC] t=48 [HELLO_TX] bcast battery=100.0%"
FF0B,GWN,3,UNIFIED,"[BB] t=49 [TX] HB.1 -> <BCAST>"
FF0B,GWN,3,UNIFIED,"[AC] t=54 [HELLO_TX] bcast battery=100.0%"
FF0B,GWN,3,UNIFIED,"t=55 [PHY] Neighbour count: 16->17"
FF0B,GWN,3,UNIFIED,"t=56 [PHY] Neighbor count=17"
FF0B,GWN,3,UNIFIED,"[BB] t=56 [TX] HB.1 -> <BCAST>"
FF0B,GWN,3,UNIFIED,"[AC] t=61 [HELLO_TX] bcast battery=100.0%"
FF0B,GWN,3,UNIFIED,"[BB] t=63 [TX] HB.1 -> <BCAST>"
FF0B,GWN,3,UNIFIED,"[AC] t=66 [HELLO_TX] bcast battery=100.0%"
FF0B,GWN,3,UNIFIED,"[BB] t=70 [TX] HB.1 -> <BCAST>"
FF0B,GWN,3,UNIFIED,"[AC] t=71 [HELLO_TX] bcast battery=100.0%"
FF0B,GWN,3,UNIFIED,"[BB] t=77 [TX] HB.1 -> <BCAST>"
FF0B,GWN,3,UNIFIED,"[AC] t=77 [HELLO_TX] bcast battery=100.0%"
FF0B,GWN,3,UNIFIED,"t=79 [PHY] Neighbour count: 17->18"
FF0B,GWN,3,UNIFIED,"t=80 [PHY] Neighbor count=18"
FF0B,GWN,3,UNIFIED,"[BB] t=84 [TX] HB.1 -> <BCAST>"
FF0B,GWN,3,UNIFIED,"[AC] t=84 [HELLO_TX] bcast battery=100.0%"
FF0B,GWN,3,UNIFIED,"[BB] t=91 [TX] HB.1 -> <BCAST>"
FF0B,GWN,3,UNIFIED,"[AC] t=91 [HELLO_TX] bcast battery=100.0%"
FF0B,GWN,3,UNIFIED,"t=96 [PHY] Neighbour count: 18->19"
FF0B,GWN,3,UNIFIED,"t=97 [PHY] Neighbor count=19"
FF0B,GWN,3,UNIFIED,"[BB] t=98 [TX] HB.1 -> <BCAST>"
FF0B,GWN,3,UNIFIED,"[AC] t=100 [HELLO_TX] bcast battery=100.0%"
FF0B,GWN,3,UNIFIED,"[BB] t=102 [RX] CMD.0 <- FF07 RSSI=0.0"
FF0B,GWN,3,UNIFIED,"[BB] t=102 [TX] CMD.1 -> FF07"
FF0B,GWN,3,UNIFIED,"[BB] t=102 [TX] CMD.1 -> FF07"
FF0B,GWN,3,UNIFIED,"[BB] t=102 [STATE] DISCOVERY -> HANDSHAKE"
FF0B,GWN,3,UNIFIED,"[BB] [LOCK][SET] partner=FF07 timeout=6"
FF0B,GWN,3,UNIFIED,"[BB] t=102 [HANDSHAKE] Lock set with FF07 (timer=6)"
FF0B,GWN,3,UNIFIED,"[AC] t=106 [HELLO_TX] bcast battery=100.0%"
FF0B,GWN,3,UNIFIED,"[BB] t=106 [RX] CMD.2 <- FF07 RSSI=0.0"
FF0B,GWN,3,UNIFIED,"[BB] [LOCK][REFRESH] partner=FF07 timeout=6"
FF0B,GWN,3,UNIFIED,"[BB] [LOCK][SET] partner=FF07 timeout=6"
FF0B,GWN,3,UNIFIED,"[BB] t=106 [PARENT] Set parent -> FF07"
FF0B,GWN,3,UNIFIED,"[BB] t=107 [RX] CMD.4 <- FF07 RSSI=0.0"
FF0B,GWN,3,UNIFIED,"[BB] [LOCK][REFRESH] partner=FF07 timeout=6"
FF0B,GWN,3,UNIFIED,"[BB] t=107 [PHASE] Inherited phaseOffset=0 from parent FF07"
FF0B,GWN,3,UNIFIED,"[BB] t=107 [ENC_HELLO] TX: gwCh=0; chCh=0; secCh=0; sn=0 (encrypted)"
FF0B,GWN,3,UNIFIED,"[BB] t=107 [TX] CMD.5 -> FF07"
FF0B,GWN,3,UNIFIED,"[BB] [LOCK][CLEAR][ENC_HELLO_TX] partner=FF07"
FF0B,GWN,3,UNIFIED,"[BB] t=107 [HANDSHAKE] Lock cleared (was with FF07)"
FF0B,GWN,3,UNIFIED,"t=111 [RECRUIT] INIT(1/4) -> FF06"
FF0B,GWN,3,UNIFIED,"[BB] [LOCK][SET] partner=FF06 timeout=6"
FF0B,GWN,3,UNIFIED,"[BB] t=111 [HANDSHAKE] Lock set with FF06 (timer=6)"
FF0B,GWN,3,UNIFIED,"[BB] [LOCK][SET] partner=FF06 timeout=6"
FF0B,GWN,3,UNIFIED,"[BB] t=111 [TX] CMD.0 -> FF06"
FF0B,GWN,3,UNIFIED,"[AC] t=112 [HELLO_TX] bcast battery=100.0%"
FF0B,GWN,3,UNIFIED,"[BB] t=113 [RX] CMD.3 <- FF06 RSSI=0.0"
FF0B,GWN,3,UNIFIED,"[BB] [LOCK][CLEAR][REJECT] partner=FF06"
FF0B,GWN,3,UNIFIED,"t=113 [RX] PARENT_REJECT from FF06; trying next"
FF0B,GWN,3,UNIFIED,"[BB] t=113 [REJECT] Neighbor FF06 marked REJECT"
FF0B,GWN,3,UNIFIED,"[BB] t=113 [HANDSHAKE] Lock cleared (was with FF06)"
FF0B,GWN,3,UNIFIED,"[BB] t=113 [STATE] HANDSHAKE -> SECURE"
FF0B,GWN,3,UNIFIED,"t=114 [RECRUIT] INIT(1/4) -> FF02"
FF0B,GWN,3,UNIFIED,"[BB] [LOCK][SET] partner=FF02 timeout=6"
FF0B,GWN,3,UNIFIED,"[BB] t=114 [HANDSHAKE] Lock set with FF02 (timer=6)"
FF0B,GWN,3,UNIFIED,"[BB] [LOCK][SET] partner=FF02 timeout=6"
FF0B,GWN,3,UNIFIED,"[BB] t=114 [TX] CMD.0 -> FF02"
FF0B,GWN,3,UNIFIED,"[BB] t=117 [ENC_HELLO] TX: gwCh=0; chCh=0; secCh=0; sn=0 (encrypted)"
FF0B,GWN,3,UNIFIED,"[BB] t=117 [ENC_HELLO] Retry 1/3 sent (next at t=137)"
FF0B,GWN,3,UNIFIED,"[AC] t=117 [HELLO_TX] bcast battery=100.0%"
FF0B,GWN,3,UNIFIED,"t=120 [TIMEOUT] Attempt 1/4 for FF02 - will retry"
FF0B,GWN,3,UNIFIED,"[BB] [LOCK][CLEAR] partner=FF02"
FF0B,GWN,3,UNIFIED,"t=121 [RECRUIT] INIT(2/4) -> FF02"
FF0B,GWN,3,UNIFIED,"[BB] [LOCK][SET] partner=FF02 timeout=6"
FF0B,GWN,3,UNIFIED,"[BB] t=121 [HANDSHAKE] Lock set with FF02 (timer=6)"
FF0B,GWN,3,UNIFIED,"[BB] [LOCK][SET] partner=FF02 timeout=6"
FF0B,GWN,3,UNIFIED,"[BB] t=121 [TX] CMD.0 -> FF02"
FF0B,GWN,3,UNIFIED,"[AC] t=121 [HELLO_TX] bcast battery=100.0%"
FF0B,GWN,3,UNIFIED,"t=127 [TIMEOUT] Attempt 2/4 for FF02 - will retry"
FF0B,GWN,3,UNIFIED,"[BB] [LOCK][CLEAR] partner=FF02"
FF0B,GWN,3,UNIFIED,"t=128 [RECRUIT] INIT(3/4) -> FF02"
FF0B,GWN,3,UNIFIED,"[BB] [LOCK][SET] partner=FF02 timeout=6"
FF0B,GWN,3,UNIFIED,"[BB] t=128 [HANDSHAKE] Lock set with FF02 (timer=6)"
FF0B,GWN,3,UNIFIED,"[BB] [LOCK][SET] partner=FF02 timeout=6"
FF0B,GWN,3,UNIFIED,"[BB] t=128 [TX] CMD.0 -> FF02"
FF0B,GWN,3,UNIFIED,"[AC] t=128 [HELLO_TX] bcast battery=100.0%"
FF0B,GWN,3,UNIFIED,"t=134 [TIMEOUT] Attempt 3/4 for FF02 - will retry"
FF0B,GWN,3,UNIFIED,"[BB] [LOCK][CLEAR] partner=FF02"
FF0B,GWN,3,UNIFIED,"t=135 [RECRUIT] INIT(4/4) -> FF02"
FF0B,GWN,3,UNIFIED,"[BB] [LOCK][SET] partner=FF02 timeout=6"
FF0B,GWN,3,UNIFIED,"[BB] t=135 [HANDSHAKE] Lock set with FF02 (timer=6)"
FF0B,GWN,3,UNIFIED,"[BB] [LOCK][SET] partner=FF02 timeout=6"
FF0B,GWN,3,UNIFIED,"[BB] t=135 [TX] CMD.0 -> FF02"
FF0B,GWN,3,UNIFIED,"[BB] t=137 [ENC_HELLO] TX: gwCh=0; chCh=0; secCh=0; sn=0 (encrypted)"
FF0B,GWN,3,UNIFIED,"[BB] t=137 [ENC_HELLO] Retry 2/3 sent (next at t=177)"
FF0B,GWN,3,UNIFIED,"[AC] t=138 [HELLO_TX] bcast battery=100.0%"
FF0B,GWN,3,UNIFIED,"t=141 [TIMEOUT] Will exhaust 4 retries for FF02 - REJECTED"
FF0B,GWN,3,UNIFIED,"[BB] [LOCK][CLEAR] partner=FF02"
FF0B,GWN,3,UNIFIED,"[AC] t=144 [HELLO_TX] bcast battery=100.0%"
FF0B,GWN,3,UNIFIED,"[AC] t=154 [HELLO_TX] bcast battery=100.0%"
FF0B,GWN,3,UNIFIED,"[AC] t=160 [HELLO_TX] bcast battery=100.0%"
FF0B,GWN,3,UNIFIED,"[AC] t=166 [HELLO_TX] bcast battery=100.0%"
FF0B,GWN,3,UNIFIED,"[AC] t=175 [HELLO_TX] bcast battery=100.0%"
FF0B,GWN,3,UNIFIED,"[BB] t=177 [ENC_HELLO] TX: gwCh=0; chCh=0; secCh=0; sn=0 (encrypted)"
FF0B,GWN,3,UNIFIED,"[BB] t=177 [ENC_HELLO] Retry 3/3 sent (next at t=257)"
FF0B,GWN,3,UNIFIED,"[AC] t=182 [HELLO_TX] bcast battery=100.0%"
FF0B,GWN,3,UNIFIED,"[AC] t=190 [HELLO_TX] bcast battery=100.0%"
FF0B,GWN,3,UNIFIED,"[AC] t=199 [HELLO_TX] bcast battery=100.0%"
FF0B,GWN,3,UNIFIED,"[BB] t=200 [PHASE_TX] IDLE (queues empty)"
FF0B,GWN,3,UNIFIED,"[BB] t=201 [PHASE_RX] Listening (Q_fwd=0; Q_local=0)"
FF0B,GWN,3,UNIFIED,"[BB] t=202 [PHASE_RX] Listening (Q_fwd=0; Q_local=0)"
FF0B,GWN,3,UNIFIED,"[BB] t=203 [PHASE_RX] Listening (Q_fwd=0; Q_local=0)"
FF0B,GWN,3,UNIFIED,"[BB] t=204 [PHASE_TX] IDLE (queues empty)"
FF0B,GWN,3,UNIFIED,"[BB] t=205 [PHASE_TX] IDLE (queues empty)"
FF0B,GWN,3,UNIFIED,"[BB] t=206 [PHASE_TX] IDLE (queues empty)"
FF0B,GWN,3,UNIFIED,"[BB] t=207 [PHASE_RX] Listening (Q_fwd=0; Q_local=0)"
FF0B,GWN,3,UNIFIED,"[BB] t=208 [PHASE_RX] Listening (Q_fwd=0; Q_local=0)"
FF0B,GWN,3,UNIFIED,"[AC] t=208 [HELLO_TX] bcast battery=100.0%"
FF0B,GWN,3,UNIFIED,"[BB] t=209 [PHASE_RX] Listening (Q_fwd=0; Q_local=0)"
FF0B,GWN,3,UNIFIED,"[BB] t=210 [PHASE_TX] IDLE (queues empty)"
FF0B,GWN,3,UNIFIED,"[BB] t=211 [PHASE_TX] IDLE (queues empty)"
FF0B,GWN,3,UNIFIED,"[AC] t=211 [RX] CH_CMD.3 <- AA08"
FF0B,GWN,3,UNIFIED,"[BB] t=212 [PHASE_TX] IDLE (queues empty)"
FF0B,GWN,3,UNIFIED,"[AC] t=212 [RX] CH_CMD.0 <- AA08"
FF0B,GWN,3,UNIFIED,"[AC] [LOCK][SET] partner=AA08 timeout=4"
FF0B,GWN,3,UNIFIED,"[AC] t=212 [CH_ACK] -> AA08 (sending key)"
FF0B,GWN,3,UNIFIED,"[BB] t=213 [PHASE_RX] Listening (Q_fwd=0; Q_local=0)"
FF0B,GWN,3,UNIFIED,"[BB] t=214 [PHASE_RX] Listening (Q_fwd=0; Q_local=0)"
FF0B,GWN,3,UNIFIED,"[BB] t=215 [PHASE_RX] Listening (Q_fwd=0; Q_local=0)"
FF0B,GWN,3,UNIFIED,"[AC] t=216 [TIMEOUT] Sent CH_REJECT to orphaned AA08"
FF0B,GWN,3,UNIFIED,"[AC] [LOCK][TIMEOUT] partner=AA08"
FF0B,GWN,3,UNIFIED,"[BB] t=216 [PHASE_TX] IDLE (queues empty)"
FF0B,GWN,3,UNIFIED,"[AC] t=216 [RX] CH_CMD.3 <- AA08"
FF0B,GWN,3,UNIFIED,"[BB] t=217 [PHASE_TX] IDLE (queues empty)"
FF0B,GWN,3,UNIFIED,"[AC] t=217 [HELLO_TX] bcast battery=100.0%"
FF0B,GWN,3,UNIFIED,"[AC] t=217 [RX] CH_CMD.0 <- AA08"
FF0B,GWN,3,UNIFIED,"[AC] [LOCK][SET] partner=AA08 timeout=4"
FF0B,GWN,3,UNIFIED,"[AC] t=217 [CH_ACK] -> AA08 (sending key)"
FF0B,GWN,3,UNIFIED,"[BB] t=218 [PHASE_TX] IDLE (queues empty)"
FF0B,GWN,3,UNIFIED,"[BB] t=219 [PHASE_RX] Listening (Q_fwd=0; Q_local=0)"
FF0B,GWN,3,UNIFIED,"[BB] t=220 [PHASE_RX] Listening (Q_fwd=0; Q_local=0)"
FF0B,GWN,3,UNIFIED,"[AC] t=221 [TIMEOUT] Sent CH_REJECT to orphaned AA08"
FF0B,GWN,3,UNIFIED,"[AC] [LOCK][TIMEOUT] partner=AA08"
FF0B,GWN,3,UNIFIED,"[BB] t=221 [PHASE_RX] Listening (Q_fwd=0; Q_local=0)"
FF0B,GWN,3,UNIFIED,"[BB] t=222 [PHASE_TX] IDLE (queues empty)"
FF0B,GWN,3,UNIFIED,"[BB] t=223 [PHASE_TX] IDLE (queues empty)"
FF0B,GWN,3,UNIFIED,"[BB] t=224 [PHASE_TX] IDLE (queues empty)"
FF0B,GWN,3,UNIFIED,"[BB] t=225 [PHASE_RX] Listening (Q_fwd=0; Q_local=0)"
FF0B,GWN,3,UNIFIED,"[AC] t=225 [HELLO_TX] bcast battery=100.0%"
FF0B,GWN,3,UNIFIED,"[BB] t=226 [PHASE_RX] Listening (Q_fwd=0; Q_local=0)"
FF0B,GWN,3,UNIFIED,"[BB] t=227 [PHASE_RX] Listening (Q_fwd=0; Q_local=0)"
FF0B,GWN,3,UNIFIED,"[BB] t=228 [PHASE_TX] IDLE (queues empty)"
FF0B,GWN,3,UNIFIED,"[BB] t=229 [PHASE_TX] IDLE (queues empty)"
FF0B,GWN,3,UNIFIED,"[BB] t=230 [PHASE_TX] IDLE (queues empty)"
FF0B,GWN,3,UNIFIED,"[BB] t=231 [PHASE_RX] Listening (Q_fwd=0; Q_local=0)"
FF0B,GWN,3,UNIFIED,"[BB] t=232 [PHASE_RX] Listening (Q_fwd=0; Q_local=0)"
FF0B,GWN,3,UNIFIED,"[BB] t=233 [PHASE_RX] Listening (Q_fwd=0; Q_local=0)"
FF0B,GWN,3,UNIFIED,"[BB] t=234 [PHASE_TX] IDLE (queues empty)"
FF0B,GWN,3,UNIFIED,"[BB] t=235 [PHASE_TX] IDLE (queues empty)"
FF0B,GWN,3,UNIFIED,"[AC] t=235 [HELLO_TX] bcast battery=100.0%"
FF0B,GWN,3,UNIFIED,"[BB] t=236 [PHASE_TX] IDLE (queues empty)"
FF0B,GWN,3,UNIFIED,"[BB] t=237 [PHASE_RX] Listening (Q_fwd=0; Q_local=0)"
FF0B,GWN,3,UNIFIED,"[BB] t=238 [PHASE_RX] Listening (Q_fwd=0; Q_local=0)"
FF0B,GWN,3,UNIFIED,"[BB] t=239 [PHASE_RX] Listening (Q_fwd=0; Q_local=0)"
FF0B,GWN,3,UNIFIED,"[BB] t=240 [PHASE_TX] IDLE (queues empty)"
FF0B,GWN,3,UNIFIED,"[AC] t=240 [HELLO_TX] bcast battery=100.0%"
FF0B,GWN,3,UNIFIED,"[BB] t=241 [PHASE_TX] IDLE (queues empty)"
FF0B,GWN,3,UNIFIED,"[BB] t=242 [PHASE_TX] IDLE (queues empty)"
FF0B,GWN,3,UNIFIED,"[BB] t=243 [PHASE_RX] Listening (Q_fwd=0; Q_local=0)"
FF0B,GWN,3,UNIFIED,"[BB] t=244 [PHASE_RX] Listening (Q_fwd=0; Q_local=0)"
FF0B,GWN,3,UNIFIED,"[AC] t=244 [HELLO_TX] bcast battery=100.0%"
FF0B,GWN,3,UNIFIED,"[BB] t=245 [PHASE_RX] Listening (Q_fwd=0; Q_local=0)"
FF0B,GWN,3,UNIFIED,"[BB] t=246 [PHASE_TX] IDLE (queues empty)"
FF0B,GWN,3,UNIFIED,"[BB] t=247 [PHASE_TX] IDLE (queues empty)"
FF0B,GWN,3,UNIFIED,"[BB] t=248 [PHASE_TX] IDLE (queues empty)"
FF0B,GWN,3,UNIFIED,"[BB] t=249 [PHASE_RX] Listening (Q_fwd=0; Q_local=0)"
FF0C,GWN,3,BACKBONE,"t=4 [PHY] Neighbour count: 3->4"
FF0C,GWN,3,BACKBONE,"t=5 [PHY] Neighbour count: 4->5"
FF0C,GWN,3,BACKBONE,"t=6 [PHY] Neighbour count: 5->6"
FF0C,GWN,3,BACKBONE,"t=7 [TX] HB.0 -> <BCAST>"
FF0C,GWN,3,BACKBONE,"t=7 [PHY] Neighbour count: 6->7"
FF0C,GWN,3,BACKBONE,"t=8 [PHY] Neighbour count: 7->8"
FF0C,GWN,3,BACKBONE,"t=11 [PHY] Neighbour count: 8->9"
FF0C,GWN,3,BACKBONE,"t=12 [PHY] Neighbour count: 9->10"
FF0C,GWN,3,BACKBONE,"t=13 [PHY] Neighbour count: 10->11"
FF0C,GWN,3,BACKBONE,"t=14 [TX] HB.0 -> <BCAST>"
FF0C,GWN,3,BACKBONE,"t=15 [PHY] Neighbour count: 11->12"
FF0C,GWN,3,BACKBONE,"t=16 [PHY] Neighbour count: 12->13"
FF0C,GWN,3,BACKBONE,"t=21 [TX] HB.0 -> <BCAST>"
FF0C,GWN,3,BACKBONE,"t=22 [RX] CMD.0 <- FF0E RSSI=7.8"
FF0C,GWN,3,BACKBONE,"t=22 [TX] CMD.1 -> FF0E"
FF0C,GWN,3,BACKBONE,"t=22 [TX] CMD.1 -> FF0E"
FF0C,GWN,3,BACKBONE,"t=22 [STATE] DISCOVERY -> HANDSHAKE"
FF0C,GWN,3,BACKBONE,"[LOCK][SET] partner=FF0E timeout=6"
FF0C,GWN,3,BACKBONE,"t=22 [HANDSHAKE] Lock set with FF0E (timer=6)"
FF0C,GWN,3,BACKBONE,"t=24 [PHY] Neighbour count: 13->14"
FF0C,GWN,3,BACKBONE,"t=26 [RX] CMD.2 <- FF0E RSSI=7.8"
FF0C,GWN,3,BACKBONE,"[LOCK][REFRESH] partner=FF0E timeout=6"
FF0C,GWN,3,BACKBONE,"[LOCK][SET] partner=FF0E timeout=6"
FF0C,GWN,3,BACKBONE,"t=26 [PARENT] Set parent -> FF0E"
FF0C,GWN,3,BACKBONE,"t=26 [PHY] Neighbour count: 14->15"
FF0C,GWN,3,BACKBONE,"t=27 [RX] CMD.4 <- FF0E RSSI=7.8"
FF0C,GWN,3,BACKBONE,"[LOCK][REFRESH] partner=FF0E timeout=6"
FF0C,GWN,3,BACKBONE,"t=27 [PHASE] Inherited phaseOffset=1 from parent FF0E"
FF0C,GWN,3,BACKBONE,"t=27 [ENC_HELLO] TX: gwCh=0; chCh=0; secCh=0; sn=0 (encrypted)"
FF0C,GWN,3,BACKBONE,"t=27 [TX] CMD.5 -> FF0E"
FF0C,GWN,3,BACKBONE,"[LOCK][CLEAR][ENC_HELLO_TX] partner=FF0E"
FF0C,GWN,3,BACKBONE,"t=27 [HANDSHAKE] Lock cleared (was with FF0E)"
FF0C,GWN,3,BACKBONE,"t=28 [PHY] Neighbour count: 15->16"
FF0C,GWN,3,BACKBONE,"[LOCK][SET] partner=FF05 timeout=6"
FF0C,GWN,3,BACKBONE,"t=31 [HANDSHAKE] Lock set with FF05 (timer=6)"
FF0C,GWN,3,BACKBONE,"[LOCK][SET] partner=FF05 timeout=6"
FF0C,GWN,3,BACKBONE,"t=31 [TX] CMD.0 -> FF05"
FF0C,GWN,3,BACKBONE,"t=33 [RX] CMD.1 <- FF05 RSSI=3.9"
FF0C,GWN,3,BACKBONE,"[LOCK][REFRESH] partner=FF05 timeout=6"
FF0C,GWN,3,BACKBONE,"t=33 [TX] CMD.2 -> FF05"
FF0C,GWN,3,BACKBONE,"[LOCK][REFRESH] partner=FF05 timeout=6"
FF0C,GWN,3,BACKBONE,"t=33 [HANDSHAKE] FF05 added to pendingChildren (awaiting ENC_HELLO)"
FF0C,GWN,3,BACKBONE,"t=33 [TX] CMD.4 -> FF05"
FF0C,GWN,3,BACKBONE,"t=33 [PHASE] Sending phaseOffset=0 to child FF05 (self=1)"
FF0C,GWN,3,BACKBONE,"[LOCK][REFRESH] partner=FF05 timeout=6"
FF0C,GWN,3,BACKBONE,"[LOCK][SET] partner=FF05 timeout=6"
FF0C,GWN,3,BACKBONE,"t=34 [PHY] Neighbour count: 16->17"
FF0C,GWN,3,BACKBONE,"t=37 [ENC_HELLO] TX: gwCh=0; chCh=0; secCh=0; sn=0 (encrypted)"
FF0C,GWN,3,BACKBONE,"t=37 [ENC_HELLO] Retry 1/3 sent (next at t=57)"
FF0C,GWN,3,BACKBONE,"t=38 [RX] CMD.5 <- FF05 RSSI=3.9"
FF0C,GWN,3,BACKBONE,"t=38 [HANDSHAKE] FF05 promoted to children (ENC_HELLO received)"
FF0C,GWN,3,BACKBONE,"[LOCK][CLEAR][ENC_HELLO_RX] partner=FF05"
FF0C,GWN,3,BACKBONE,"t=38 [TX] CMD.5 -> FF0E"
FF0C,GWN,3,BACKBONE,"t=38 [HANDSHAKE] Lock cleared (was with FF05)"
FF0C,GWN,3,BACKBONE,"t=38 [RETRY] Reset retry state for FF05 (now child)"
FF0C,GWN,3,BACKBONE,"t=38 [STATE] HANDSHAKE -> SECURE"
FF0C,GWN,3,BACKBONE,"t=40 [PHY] Neighbour count: 17->18"
FF0C,GWN,3,BACKBONE,"t=46 [RX_FWD] Encrypted CMD.5 from Child FF05 -> Queue for Parent FF0E"
FF0C,GWN,3,BACKBONE,"t=46 [Q_FWD] Queued CMD.5 (size=1/15)"
FF0C,GWN,3,BACKBONE,"t=49 [RX_FWD] Encrypted CMD.5 from Child FF05 -> Queue for Parent FF0E"
FF0C,GWN,3,BACKBONE,"t=49 [Q_FWD] Queued CMD.5 (size=2/15)"
FF0C,GWN,3,BACKBONE,"t=57 [ENC_HELLO] TX: gwCh=1; chCh=0; secCh=0; sn=0 (encrypted)"
FF0C,GWN,3,BACKBONE,"t=57 [ENC_HELLO] Retry 2/3 sent (next at t=97)"
FF0C,GWN,3,BACKBONE,"t=62 [PHY] Neighbour count: 18->19"
FF0C,GWN,3,BACKBONE,"t=66 [RX_FWD] Encrypted CMD.5 from Child FF05 -> Queue for Parent FF0E"
FF0C,GWN,3,BACKBONE,"t=66 [Q_FWD] Queued CMD.5 (size=3/15)"
FF0C,GWN,3,BACKBONE,"t=77 [PHY] Neighbour count: 19->20"
FF0C,GWN,3,BACKBONE,"t=79 [PHY] Neighbour count: 20->21"
FF0C,GWN,3,BACKBONE,"t=96 [PHY] Neighbour count: 21->22"
FF0C,GWN,3,BACKBONE,"t=97 [ENC_HELLO] TX: gwCh=1; chCh=0; secCh=0; sn=0 (encrypted)"
FF0C,GWN,3,BACKBONE,"t=97 [ENC_HELLO] Retry 3/3 sent (next at t=177)"
FF0C,GWN,3,BACKBONE,"t=106 [RX_FWD] Encrypted CMD.5 from Child FF05 -> Queue for Parent FF0E"
FF0C,GWN,3,BACKBONE,"t=106 [Q_FWD] Queued CMD.5 (size=4/15)"
FF0C,GWN,3,BACKBONE,"t=110 [PHY] Neighbour count: 22->23"
FF0C,GWN,3,BACKBONE,"t=122 [RX] CMD.0 <- FF04 RSSI=0.0"
FF0C,GWN,3,BACKBONE,"t=122 [TX] CMD.3 -> FF04"
FF0C,GWN,3,BACKBONE,"t=129 [RX] CMD.0 <- FF04 RSSI=0.0"
FF0C,GWN,3,BACKBONE,"t=129 [TX] CMD.3 -> FF04"
FF0C,GWN,3,BACKBONE,"t=145 [PHY] Neighbour count: 23->24"
FF0C,GWN,3,BACKBONE,"t=153 [PHY] Neighbour count: 24->25"
FF0C,GWN,3,BACKBONE,"t=177 [ENC_HELLO] TX: gwCh=1; chCh=0; secCh=0; sn=0 (encrypted)"
FF0C,GWN,3,BACKBONE,"t=177 [ENC_HELLO] Registry refresh #1 sent (next at t=257)"
FF0C,GWN,3,BACKBONE,"t=186 [RX_FWD] Encrypted CMD.5 from Child FF05 -> Queue for Parent FF0E"
FF0C,GWN,3,BACKBONE,"t=186 [Q_FWD] Queued CMD.5 (size=5/15)"
FF0C,GWN,3,BACKBONE,"t=197 [PHY] Neighbour count: 25->26"
FF0C,GWN,3,BACKBONE,"t=200 [PHASE_RX] Listening (Q_fwd=5; Q_local=0)"
FF0C,GWN,3,BACKBONE,"t=200 [RX_FWD] Encrypted CMD.5 from Child FF05 -> Queue for Parent FF0E"
FF0C,GWN,3,BACKBONE,"t=200 [Q_FWD] Queued CMD.5 (size=6/15)"
FF0C,GWN,3,BACKBONE,"t=201 [DEQUEUE] From Q_fwd (waited 155 TFs)"
FF0C,GWN,3,BACKBONE,"t=201 [PHASE_TX] Sent CMD.5 -> FF0E (Q_fwd=5; Q_local=0)"
FF0C,GWN,3,BACKBONE,"t=202 [DEQUEUE] From Q_fwd (waited 153 TFs)"
FF0C,GWN,3,BACKBONE,"t=202 [PHASE_TX] Sent CMD.5 -> FF0E (Q_fwd=4; Q_local=0)"
FF0C,GWN,3,BACKBONE,"t=203 [DEQUEUE] From Q_fwd (waited 137 TFs)"
FF0C,GWN,3,BACKBONE,"t=203 [PHASE_TX] Sent CMD.5 -> FF0E (Q_fwd=3; Q_local=0)"
FF0C,GWN,3,BACKBONE,"t=204 [PHASE_RX] Listening (Q_fwd=3; Q_local=0)"
FF0C,GWN,3,BACKBONE,"t=204 [RX_FWD] Encrypted CMD.5 from Child FF05 -> Queue for Parent FF0E"
FF0C,GWN,3,BACKBONE,"t=204 [Q_FWD] Queued CMD.5 (size=4/15)"
FF0C,GWN,3,BACKBONE,"t=205 [PHASE_RX] Listening (Q_fwd=4; Q_local=0)"
FF0C,GWN,3,BACKBONE,"t=205 [RX_FWD] Encrypted CMD.5 from Child FF05 -> Queue for Parent FF0E"
FF0C,GWN,3,BACKBONE,"t=205 [Q_FWD] Queued CMD.5 (size=5/15)"
FF0C,GWN,3,BACKBONE,"t=206 [PHASE_RX] Listening (Q_fwd=5; Q_local=0)"
FF0C,GWN,3,BACKBONE,"t=206 [RX_FWD] Encrypted CMD.5 from Child FF05 -> Queue for Parent FF0E"
FF0C,GWN,3,BACKBONE,"t=206 [Q_FWD] Queued CMD.5 (size=6/15)"
FF0C,GWN,3,BACKBONE,"t=207 [DEQUEUE] From Q_fwd (waited 101 TFs)"
FF0C,GWN,3,BACKBONE,"t=207 [PHASE_TX] Sent CMD.5 -> FF0E (Q_fwd=5; Q_local=0)"
FF0C,GWN,3,BACKBONE,"t=208 [DEQUEUE] From Q_fwd (waited 22 TFs)"
FF0C,GWN,3,BACKBONE,"t=208 [PHASE_TX] Sent CMD.5 -> FF0E (Q_fwd=4; Q_local=0)"
FF0C,GWN,3,BACKBONE,"t=209 [DEQUEUE] From Q_fwd (waited 9 TFs)"
FF0C,GWN,3,BACKBONE,"t=209 [PHASE_TX] Sent CMD.5 -> FF0E (Q_fwd=3; Q_local=0)"
FF0C,GWN,3,BACKBONE,"t=210 [PHASE_RX] Listening (Q_fwd=3; Q_local=0)"
FF0C,GWN,3,BACKBONE,"t=210 [RX_FWD] Encrypted CMD.5 from Child FF05 -> Queue for Parent FF0E"
FF0C,GWN,3,BACKBONE,"t=210 [Q_FWD] Queued CMD.5 (size=4/15)"
FF0C,GWN,3,BACKBONE,"t=211 [PHASE_RX] Listening (Q_fwd=4; Q_local=0)"
FF0C,GWN,3,BACKBONE,"t=212 [PHASE_RX] Listening (Q_fwd=4; Q_local=0)"
FF0C,GWN,3,BACKBONE,"t=212 [RX_FWD] Encrypted CMD.5 from Child FF05 -> Queue for Parent FF0E"
FF0C,GWN,3,BACKBONE,"t=212 [Q_FWD] Queued CMD.5 (size=5/15)"
FF0C,GWN,3,BACKBONE,"t=213 [DEQUEUE] From Q_fwd (waited 9 TFs)"
FF0C,GWN,3,BACKBONE,"t=213 [PHASE_TX] Sent CMD.5 -> FF0E (Q_fwd=4; Q_local=0)"
FF0C,GWN,3,BACKBONE,"t=214 [DEQUEUE] From Q_fwd (waited 9 TFs)"
FF0C,GWN,3,BACKBONE,"t=214 [PHASE_TX] Sent CMD.5 -> FF0E (Q_fwd=3; Q_local=0)"
FF0C,GWN,3,BACKBONE,"t=215 [DEQUEUE] From Q_fwd (waited 9 TFs)"
FF0C,GWN,3,BACKBONE,"t=215 [PHASE_TX] Sent CMD.5 -> FF0E (Q_fwd=2; Q_local=0)"
FF0C,GWN,3,BACKBONE,"t=216 [PHASE_RX] Listening (Q_fwd=2; Q_local=0)"
FF0C,GWN,3,BACKBONE,"t=216 [RX_FWD] Encrypted CMD.5 from Child FF05 -> Queue for Parent FF0E"
FF0C,GWN,3,BACKBONE,"t=216 [Q_FWD] Queued CMD.5 (size=3/15)"
FF0C,GWN,3,BACKBONE,"t=217 [PHASE_RX] Listening (Q_fwd=3; Q_local=0)"
FF0C,GWN,3,BACKBONE,"t=217 [RX_FWD] Encrypted HB.3 from Child FF05 -> Queue for Parent FF0E"
FF0C,GWN,3,BACKBONE,"t=217 [Q_FWD] Queued HB.3 (size=4/15)"
FF0C,GWN,3,BACKBONE,"t=218 [PHASE_RX] Listening (Q_fwd=4; Q_local=0)"
FF0C,GWN,3,BACKBONE,"t=218 [RX_FWD] Encrypted CMD.5 from Child FF05 -> Queue for Parent FF0E"
FF0C,GWN,3,BACKBONE,"t=218 [Q_FWD] Queued CMD.5 (size=5/15)"
FF0C,GWN,3,BACKBONE,"t=219 [DEQUEUE] From Q_fwd (waited 9 TFs)"
FF0C,GWN,3,BACKBONE,"t=219 [PHASE_TX] Sent CMD.5 -> FF0E (Q_fwd=4; Q_local=0)"
FF0C,GWN,3,BACKBONE,"t=220 [DEQUEUE] From Q_fwd (waited 8 TFs)"
FF0C,GWN,3,BACKBONE,"t=220 [PHASE_TX] Sent CMD.5 -> FF0E (Q_fwd=3; Q_local=0)"
FF0C,GWN,3,BACKBONE,"t=221 [DEQUEUE] From Q_fwd (waited 5 TFs)"
FF0C,GWN,3,BACKBONE,"t=221 [PHASE_TX] Sent CMD.5 -> FF0E (Q_fwd=2; Q_local=0)"
FF0C,GWN,3,BACKBONE,"t=222 [PHASE_RX] Listening (Q_fwd=2; Q_local=0)"
FF0C,GWN,3,BACKBONE,"t=222 [RX_FWD] Encrypted CMD.5 from Child FF05 -> Queue for Parent FF0E"
FF0C,GWN,3,BACKBONE,"t=222 [Q_FWD] Queued CMD.5 (size=3/15)"
FF0C,GWN,3,BACKBONE,"t=223 [PHASE_RX] Listening (Q_fwd=3; Q_local=0)"
FF0C,GWN,3,BACKBONE,"t=223 [RX_FWD] Encrypted CMD.5 from Child FF05 -> Queue for Parent FF0E"
FF0C,GWN,3,BACKBONE,"t=223 [Q_FWD] Queued CMD.5 (size=4/15)"
FF0C,GWN,3,BACKBONE,"t=224 [PHASE_RX] Listening (Q_fwd=4; Q_local=0)"
FF0C,GWN,3,BACKBONE,"t=224 [RX_FWD] Encrypted CMD.5 from Child FF05 -> Queue for Parent FF0E"
FF0C,GWN,3,BACKBONE,"t=224 [Q_FWD] Queued CMD.5 (size=5/15)"
FF0C,GWN,3,BACKBONE,"t=225 [DEQUEUE] From Q_fwd (waited 8 TFs)"
FF0C,GWN,3,BACKBONE,"t=225 [PHASE_TX] Sent HB.3 -> FF0E (Q_fwd=4; Q_local=0)"
FF0C,GWN,3,BACKBONE,"t=226 [DEQUEUE] From Q_fwd (waited 8 TFs)"
FF0C,GWN,3,BACKBONE,"t=226 [PHASE_TX] Sent CMD.5 -> FF0E (Q_fwd=3; Q_local=0)"
FF0C,GWN,3,BACKBONE,"t=227 [DEQUEUE] From Q_fwd (waited 5 TFs)"
FF0C,GWN,3,BACKBONE,"t=227 [PHASE_TX] Sent CMD.5 -> FF0E (Q_fwd=2; Q_local=0)"
FF0C,GWN,3,BACKBONE,"t=228 [PHASE_RX] Listening (Q_fwd=2; Q_local=0)"
FF0C,GWN,3,BACKBONE,"t=228 [RX_FWD] Encrypted CMD.5 from Child FF05 -> Queue for Parent FF0E"
FF0C,GWN,3,BACKBONE,"t=228 [Q_FWD] Queued CMD.5 (size=3/15)"
FF0C,GWN,3,BACKBONE,"t=229 [PHASE_RX] Listening (Q_fwd=3; Q_local=0)"
FF0C,GWN,3,BACKBONE,"t=229 [RX_FWD] Encrypted CMD.5 from Child FF05 -> Queue for Parent FF0E"
FF0C,GWN,3,BACKBONE,"t=229 [Q_FWD] Queued CMD.5 (size=4/15)"
FF0C,GWN,3,BACKBONE,"t=230 [PHASE_RX] Listening (Q_fwd=4; Q_local=0)"
FF0C,GWN,3,BACKBONE,"t=230 [RX_FWD] Encrypted CMD.5 from Child FF05 -> Queue for Parent FF0E"
FF0C,GWN,3,BACKBONE,"t=230 [Q_FWD] Queued CMD.5 (size=5/15)"
FF0C,GWN,3,BACKBONE,"t=231 [DEQUEUE] From Q_fwd (waited 8 TFs)"
FF0C,GWN,3,BACKBONE,"t=231 [PHASE_TX] Sent CMD.5 -> FF0E (Q_fwd=4; Q_local=0)"
FF0C,GWN,3,BACKBONE,"t=232 [DEQUEUE] From Q_fwd (waited 8 TFs)"
FF0C,GWN,3,BACKBONE,"t=232 [PHASE_TX] Sent CMD.5 -> FF0E (Q_fwd=3; Q_local=0)"
FF0C,GWN,3,BACKBONE,"t=233 [DEQUEUE] From Q_fwd (waited 5 TFs)"
FF0C,GWN,3,BACKBONE,"t=233 [PHASE_TX] Sent CMD.5 -> FF0E (Q_fwd=2; Q_local=0)"
FF0C,GWN,3,BACKBONE,"t=234 [PHASE_RX] Listening (Q_fwd=2; Q_local=0)"
FF0C,GWN,3,BACKBONE,"t=234 [RX_FWD] Encrypted CMD.5 from Child FF05 -> Queue for Parent FF0E"
FF0C,GWN,3,BACKBONE,"t=234 [Q_FWD] Queued CMD.5 (size=3/15)"
FF0C,GWN,3,BACKBONE,"t=235 [PHASE_RX] Listening (Q_fwd=3; Q_local=0)"
FF0C,GWN,3,BACKBONE,"t=235 [RX_FWD] Encrypted CMD.5 from Child FF05 -> Queue for Parent FF0E"
FF0C,GWN,3,BACKBONE,"t=235 [Q_FWD] Queued CMD.5 (size=4/15)"
FF0C,GWN,3,BACKBONE,"t=236 [PHASE_RX] Listening (Q_fwd=4; Q_local=0)"
FF0C,GWN,3,BACKBONE,"t=236 [RX_FWD] Encrypted CMD.5 from Child FF05 -> Queue for Parent FF0E"
FF0C,GWN,3,BACKBONE,"t=236 [Q_FWD] Queued CMD.5 (size=5/15)"
FF0C,GWN,3,BACKBONE,"t=237 [DEQUEUE] From Q_fwd (waited 8 TFs)"
FF0C,GWN,3,BACKBONE,"t=237 [PHASE_TX] Sent CMD.5 -> FF0E (Q_fwd=4; Q_local=0)"
FF0C,GWN,3,BACKBONE,"t=238 [DEQUEUE] From Q_fwd (waited 8 TFs)"
FF0C,GWN,3,BACKBONE,"t=238 [PHASE_TX] Sent CMD.5 -> FF0E (Q_fwd=3; Q_local=0)"
FF0C,GWN,3,BACKBONE,"t=239 [DEQUEUE] From Q_fwd (waited 5 TFs)"
FF0C,GWN,3,BACKBONE,"t=239 [PHASE_TX] Sent CMD.5 -> FF0E (Q_fwd=2; Q_local=0)"
FF0C,GWN,3,BACKBONE,"t=240 [PHASE_RX] Listening (Q_fwd=2; Q_local=0)"
FF0C,GWN,3,BACKBONE,"t=240 [RX_FWD] Encrypted CMD.5 from Child FF05 -> Queue for Parent FF0E"
FF0C,GWN,3,BACKBONE,"t=240 [Q_FWD] Queued CMD.5 (size=3/15)"
FF0C,GWN,3,BACKBONE,"t=241 [PHASE_RX] Listening (Q_fwd=3; Q_local=0)"
FF0C,GWN,3,BACKBONE,"t=241 [RX_FWD] Encrypted CMD.5 from Child FF05 -> Queue for Parent FF0E"
FF0C,GWN,3,BACKBONE,"t=241 [Q_FWD] Queued CMD.5 (size=4/15)"
FF0C,GWN,3,BACKBONE,"t=242 [PHASE_RX] Listening (Q_fwd=4; Q_local=0)"
FF0C,GWN,3,BACKBONE,"t=242 [RX_FWD] Encrypted CMD.5 from Child FF05 -> Queue for Parent FF0E"
FF0C,GWN,3,BACKBONE,"t=242 [Q_FWD] Queued CMD.5 (size=5/15)"
FF0C,GWN,3,BACKBONE,"t=243 [DEQUEUE] From Q_fwd (waited 8 TFs)"
FF0C,GWN,3,BACKBONE,"t=243 [PHASE_TX] Sent CMD.5 -> FF0E (Q_fwd=4; Q_local=0)"
FF0C,GWN,3,BACKBONE,"t=244 [DEQUEUE] From Q_fwd (waited 8 TFs)"
FF0C,GWN,3,BACKBONE,"t=244 [PHASE_TX] Sent CMD.5 -> FF0E (Q_fwd=3; Q_local=0)"
FF0C,GWN,3,BACKBONE,"t=245 [DEQUEUE] From Q_fwd (waited 5 TFs)"
FF0C,GWN,3,BACKBONE,"t=245 [PHASE_TX] Sent CMD.5 -> FF0E (Q_fwd=2; Q_local=0)"
FF0C,GWN,3,BACKBONE,"t=246 [PHASE_RX] Listening (Q_fwd=2; Q_local=0)"
FF0C,GWN,3,BACKBONE,"t=246 [RX_FWD] Encrypted CMD.5 from Child FF05 -> Queue for Parent FF0E"
FF0C,GWN,3,BACKBONE,"t=246 [Q_FWD] Queued CMD.5 (size=3/15)"
FF0C,GWN,3,BACKBONE,"t=247 [PHASE_RX] Listening (Q_fwd=3; Q_local=0)"
FF0C,GWN,3,BACKBONE,"t=247 [RX_FWD] Encrypted CMD.5 from Child FF05 -> Queue for Parent FF0E"
FF0C,GWN,3,BACKBONE,"t=247 [Q_FWD] Queued CMD.5 (size=4/15)"
FF0C,GWN,3,BACKBONE,"t=248 [PHASE_RX] Listening (Q_fwd=4; Q_local=0)"
FF0C,GWN,3,BACKBONE,"t=248 [RX_FWD] Encrypted CMD.5 from Child FF05 -> Queue for Parent FF0E"
FF0C,GWN,3,BACKBONE,"t=248 [Q_FWD] Queued CMD.5 (size=5/15)"
FF0C,GWN,3,BACKBONE,"t=249 [DEQUEUE] From Q_fwd (waited 8 TFs)"
FF0C,GWN,3,BACKBONE,"t=249 [PHASE_TX] Sent CMD.5 -> FF0E (Q_fwd=4; Q_local=0)"
FF0C,GWN,3,ACCESS,"t=4 [HELLO_TX] bcast battery=100.0%"
FF0C,GWN,3,ACCESS,"t=4 [PHY] Neighbour count: 3->4"
FF0C,GWN,3,ACCESS,"t=5 [PHY] Neighbour count: 4->5"
FF0C,GWN,3,ACCESS,"t=6 [PHY] Neighbour count: 5->6"
FF0C,GWN,3,ACCESS,"t=7 [PHY] Neighbour count: 6->7"
FF0C,GWN,3,ACCESS,"t=8 [PHY] Neighbour count: 7->8"
FF0C,GWN,3,ACCESS,"t=11 [PHY] Neighbour count: 8->9"
FF0C,GWN,3,ACCESS,"t=12 [HELLO_TX] bcast battery=100.0%"
FF0C,GWN,3,ACCESS,"t=12 [PHY] Neighbour count: 9->10"
FF0C,GWN,3,ACCESS,"t=13 [PHY] Neighbour count: 10->11"
FF0C,GWN,3,ACCESS,"t=15 [PHY] Neighbour count: 11->12"
FF0C,GWN,3,ACCESS,"t=16 [HELLO_TX] bcast battery=100.0%"
FF0C,GWN,3,ACCESS,"t=16 [PHY] Neighbour count: 12->13"
FF0C,GWN,3,ACCESS,"t=24 [PHY] Neighbour count: 13->14"
FF0C,GWN,3,ACCESS,"t=26 [HELLO_TX] bcast battery=100.0%"
FF0C,GWN,3,ACCESS,"t=26 [PHY] Neighbour count: 14->15"
FF0C,GWN,3,ACCESS,"t=28 [PHY] Neighbour count: 15->16"
FF0C,GWN,3,ACCESS,"t=32 [HELLO_TX] bcast battery=100.0%"
FF0C,GWN,3,ACCESS,"t=34 [PHY] Neighbour count: 16->17"
FF0C,GWN,3,ACCESS,"t=36 [HELLO_TX] bcast battery=100.0%"
FF0C,GWN,3,ACCESS,"t=40 [PHY] Neighbour count: 17->18"
FF0C,GWN,3,ACCESS,"t=45 [HELLO_TX] bcast battery=100.0%"
FF0C,GWN,3,ACCESS,"t=51 [HELLO_TX] bcast battery=100.0%"
FF0C,GWN,3,ACCESS,"t=58 [HELLO_TX] bcast battery=100.0%"
FF0C,GWN,3,ACCESS,"t=62 [PHY] Neighbour count: 18->19"
FF0C,GWN,3,ACCESS,"t=68 [HELLO_TX] bcast battery=100.0%"
FF0C,GWN,3,ACCESS,"t=73 [HELLO_TX] bcast battery=100.0%"
FF0C,GWN,3,ACCESS,"t=77 [PHY] Neighbour count: 19->20"
FF0C,GWN,3,ACCESS,"t=79 [PHY] Neighbour count: 20->21"
FF0C,GWN,3,ACCESS,"t=81 [HELLO_TX] bcast battery=100.0%"
FF0C,GWN,3,ACCESS,"t=88 [HELLO_TX] bcast battery=100.0%"
FF0C,GWN,3,ACCESS,"t=94 [HELLO_TX] bcast battery=100.0%"
FF0C,GWN,3,ACCESS,"t=96 [PHY] Neighbour count: 21->22"
FF0C,GWN,3,ACCESS,"t=104 [HELLO_TX] bcast battery=100.0%"
FF0C,GWN,3,ACCESS,"t=109 [HELLO_TX] bcast battery=100.0%"
FF0C,GWN,3,ACCESS,"t=110 [PHY] Neighbour count: 22->23"
FF0C,GWN,3,ACCESS,"t=118 [HELLO_TX] bcast battery=100.0%"
FF0C,GWN,3,ACCESS,"t=126 [HELLO_TX] bcast battery=100.0%"
FF0C,GWN,3,ACCESS,"t=134 [HELLO_TX] bcast battery=100.0%"
FF0C,GWN,3,ACCESS,"t=144 [HELLO_TX] bcast battery=100.0%"
FF0C,GWN,3,ACCESS,"t=145 [PHY] Neighbour count: 23->24"
FF0C,GWN,3,ACCESS,"t=148 [HELLO_TX] bcast battery=100.0%"
FF0C,GWN,3,ACCESS,"t=153 [PHY] Neighbour count: 24->25"
FF0C,GWN,3,ACCESS,"t=154 [HELLO_TX] bcast battery=100.0%"
FF0C,GWN,3,ACCESS,"t=160 [HELLO_TX] bcast battery=100.0%"
FF0C,GWN,3,ACCESS,"t=168 [HELLO_TX] bcast battery=100.0%"
FF0C,GWN,3,ACCESS,"t=176 [HELLO_TX] bcast battery=100.0%"
FF0C,GWN,3,ACCESS,"t=186 [HELLO_TX] bcast battery=100.0%"
FF0C,GWN,3,ACCESS,"t=191 [HELLO_TX] bcast battery=100.0%"
FF0C,GWN,3,ACCESS,"t=197 [PHY] Neighbour count: 25->26"
FF0C,GWN,3,ACCESS,"t=198 [HELLO_TX] bcast battery=100.0%"
FF0C,GWN,3,ACCESS,"t=205 [HELLO_TX] bcast battery=100.0%"
FF0C,GWN,3,ACCESS,"t=214 [HELLO_TX] bcast battery=100.0%"
FF0C,GWN,3,ACCESS,"t=218 [HELLO_TX] bcast battery=100.0%"
FF0C,GWN,3,ACCESS,"t=228 [HELLO_TX] bcast battery=100.0%"
FF0C,GWN,3,ACCESS,"t=237 [HELLO_TX] bcast battery=100.0%"
FF0C,GWN,3,ACCESS,"t=242 [HELLO_TX] bcast battery=100.0%"
FF0C,GWN,3,ACCESS,"t=249 [HELLO_TX] bcast battery=100.0%"
FF0C,GWN,3,UNIFIED,"t=2 [PHY] Neighbor count=1"
FF0C,GWN,3,UNIFIED,"t=3 [PHY] Neighbor count=2"
FF0C,GWN,3,UNIFIED,"t=4 [PHY] Neighbor count=3"
FF0C,GWN,3,UNIFIED,"[AC] t=4 [HELLO_TX] bcast battery=100.0%"
FF0C,GWN,3,UNIFIED,"t=4 [PHY] Neighbour count: 3->4"
FF0C,GWN,3,UNIFIED,"t=5 [PHY] Neighbor count=4"
FF0C,GWN,3,UNIFIED,"t=5 [PHY] Neighbour count: 4->5"
FF0C,GWN,3,UNIFIED,"t=6 [PHY] Neighbor count=5"
FF0C,GWN,3,UNIFIED,"t=6 [PHY] Neighbour count: 5->6"
FF0C,GWN,3,UNIFIED,"t=7 [PHY] Neighbor count=6"
FF0C,GWN,3,UNIFIED,"[BB] t=7 [TX] HB.0 -> <BCAST>"
FF0C,GWN,3,UNIFIED,"t=7 [PHY] Neighbour count: 6->7"
FF0C,GWN,3,UNIFIED,"t=8 [PHY] Neighbor count=7"
FF0C,GWN,3,UNIFIED,"t=8 [PHY] Neighbour count: 7->8"
FF0C,GWN,3,UNIFIED,"t=9 [PHY] Neighbor count=8"
FF0C,GWN,3,UNIFIED,"t=11 [PHY] Neighbour count: 8->9"
FF0C,GWN,3,UNIFIED,"t=12 [PHY] Neighbor count=9"
FF0C,GWN,3,UNIFIED,"[AC] t=12 [HELLO_TX] bcast battery=100.0%"
FF0C,GWN,3,UNIFIED,"t=12 [PHY] Neighbour count: 9->10"
FF0C,GWN,3,UNIFIED,"t=13 [PHY] Neighbor count=10"
FF0C,GWN,3,UNIFIED,"t=13 [PHY] Neighbour count: 10->11"
FF0C,GWN,3,UNIFIED,"t=14 [PHY] Neighbor count=11"
FF0C,GWN,3,UNIFIED,"[BB] t=14 [TX] HB.0 -> <BCAST>"
FF0C,GWN,3,UNIFIED,"t=15 [PHY] Neighbour count: 11->12"
FF0C,GWN,3,UNIFIED,"t=16 [PHY] Neighbor count=12"
FF0C,GWN,3,UNIFIED,"[AC] t=16 [HELLO_TX] bcast battery=100.0%"
FF0C,GWN,3,UNIFIED,"t=16 [PHY] Neighbour count: 12->13"
FF0C,GWN,3,UNIFIED,"t=17 [PHY] Neighbor count=13"
FF0C,GWN,3,UNIFIED,"[BB] t=21 [TX] HB.0 -> <BCAST>"
FF0C,GWN,3,UNIFIED,"t=22 [STATE] BOOT→DISCOVERY (neighbors=13)"
FF0C,GWN,3,UNIFIED,"[BB] t=22 [RX] CMD.0 <- FF0E RSSI=7.8"
FF0C,GWN,3,UNIFIED,"[BB] t=22 [TX] CMD.1 -> FF0E"
FF0C,GWN,3,UNIFIED,"[BB] t=22 [TX] CMD.1 -> FF0E"
FF0C,GWN,3,UNIFIED,"[BB] t=22 [STATE] DISCOVERY -> HANDSHAKE"
FF0C,GWN,3,UNIFIED,"[BB] [LOCK][SET] partner=FF0E timeout=6"
FF0C,GWN,3,UNIFIED,"[BB] t=22 [HANDSHAKE] Lock set with FF0E (timer=6)"
FF0C,GWN,3,UNIFIED,"t=24 [PHY] Neighbour count: 13->14"
FF0C,GWN,3,UNIFIED,"t=25 [PHY] Neighbor count=14"
FF0C,GWN,3,UNIFIED,"[AC] t=26 [HELLO_TX] bcast battery=100.0%"
FF0C,GWN,3,UNIFIED,"[BB] t=26 [RX] CMD.2 <- FF0E RSSI=7.8"
FF0C,GWN,3,UNIFIED,"[BB] [LOCK][REFRESH] partner=FF0E timeout=6"
FF0C,GWN,3,UNIFIED,"[BB] [LOCK][SET] partner=FF0E timeout=6"
FF0C,GWN,3,UNIFIED,"[BB] t=26 [PARENT] Set parent -> FF0E"
FF0C,GWN,3,UNIFIED,"t=26 [PHY] Neighbour count: 14->15"
FF0C,GWN,3,UNIFIED,"t=27 [PHY] Neighbor count=15"
FF0C,GWN,3,UNIFIED,"[BB] t=27 [RX] CMD.4 <- FF0E RSSI=7.8"
FF0C,GWN,3,UNIFIED,"[BB] [LOCK][REFRESH] partner=FF0E timeout=6"
FF0C,GWN,3,UNIFIED,"[BB] t=27 [PHASE] Inherited phaseOffset=1 from parent FF0E"
FF0C,GWN,3,UNIFIED,"[BB] t=27 [ENC_HELLO] TX: gwCh=0; chCh=0; secCh=0; sn=0 (encrypted)"
FF0C,GWN,3,UNIFIED,"[BB] t=27 [TX] CMD.5 -> FF0E"
FF0C,GWN,3,UNIFIED,"[BB] [LOCK][CLEAR][ENC_HELLO_TX] partner=FF0E"
FF0C,GWN,3,UNIFIED,"[BB] t=27 [HANDSHAKE] Lock cleared (was with FF0E)"
FF0C,GWN,3,UNIFIED,"t=28 [PHY] Neighbour count: 15->16"
FF0C,GWN,3,UNIFIED,"t=29 [PHY] Neighbor count=16"
FF0C,GWN,3,UNIFIED,"t=31 [RECRUIT] INIT(1/4) -> FF05"
FF0C,GWN,3,UNIFIED,"[BB] [LOCK][SET] partner=FF05 timeout=6"
FF0C,GWN,3,UNIFIED,"[BB] t=31 [HANDSHAKE] Lock set with FF05 (timer=6)"
FF0C,GWN,3,UNIFIED,"[BB] [LOCK][SET] partner=FF05 timeout=6"
FF0C,GWN,3,UNIFIED,"[BB] t=31 [TX] CMD.0 -> FF05"
FF0C,GWN,3,UNIFIED,"[AC] t=32 [HELLO_TX] bcast battery=100.0%"
FF0C,GWN,3,UNIFIED,"[BB] t=33 [RX] CMD.1 <- FF05 RSSI=3.9"
FF0C,GWN,3,UNIFIED,"[BB] [LOCK][REFRESH] partner=FF05 timeout=6"
FF0C,GWN,3,UNIFIED,"[BB] t=33 [TX] CMD.2 -> FF05"
FF0C,GWN,3,UNIFIED,"[BB] [LOCK][REFRESH] partner=FF05 timeout=6"
FF0C,GWN,3,UNIFIED,"[BB] t=33 [HANDSHAKE] FF05 added to pendingChildren (awaiting ENC_HELLO)"
FF0C,GWN,3,UNIFIED,"[BB] t=33 [TX] CMD.4 -> FF05"
FF0C,GWN,3,UNIFIED,"[BB] t=33 [PHASE] Sending phaseOffset=0 to child FF05 (self=1)"
FF0C,GWN,3,UNIFIED,"[BB] [LOCK][REFRESH] partner=FF05 timeout=6"
FF0C,GWN,3,UNIFIED,"[BB] [LOCK][SET] partner=FF05 timeout=6"
FF0C,GWN,3,UNIFIED,"t=34 [PHY] Neighbour count: 16->17"
FF0C,GWN,3,UNIFIED,"t=35 [PHY] Neighbor count=17"
FF0C,GWN,3,UNIFIED,"[AC] t=36 [HELLO_TX] bcast battery=100.0%"
FF0C,GWN,3,UNIFIED,"[BB] t=37 [ENC_HELLO] TX: gwCh=0; chCh=0; secCh=0; sn=0 (encrypted)"
FF0C,GWN,3,UNIFIED,"[BB] t=37 [ENC_HELLO] Retry 1/3 sent (next at t=57)"
FF0C,GWN,3,UNIFIED,"[BB] t=38 [RX] CMD.5 <- FF05 RSSI=3.9"
FF0C,GWN,3,UNIFIED,"[BB] t=38 [HANDSHAKE] FF05 promoted to children (ENC_HELLO received)"
FF0C,GWN,3,UNIFIED,"[BB] [LOCK][CLEAR][ENC_HELLO_RX] partner=FF05"
FF0C,GWN,3,UNIFIED,"[BB] t=38 [TX] CMD.5 -> FF0E"
FF0C,GWN,3,UNIFIED,"[BB] t=38 [HANDSHAKE] Lock cleared (was with FF05)"
FF0C,GWN,3,UNIFIED,"[BB] t=38 [RETRY] Reset retry state for FF05 (now child)"
FF0C,GWN,3,UNIFIED,"[BB] t=38 [STATE] HANDSHAKE -> SECURE"
FF0C,GWN,3,UNIFIED,"t=40 [PHY] Neighbour count: 17->18"
FF0C,GWN,3,UNIFIED,"t=41 [PHY] Neighbor count=18"
FF0C,GWN,3,UNIFIED,"[AC] t=45 [HELLO_TX] bcast battery=100.0%"
FF0C,GWN,3,UNIFIED,"[BB] t=46 [RX_FWD] Encrypted CMD.5 from Child FF05 -> Queue for Parent FF0E"
FF0C,GWN,3,UNIFIED,"[BB] t=46 [Q_FWD] Queued CMD.5 (size=1/15)"
FF0C,GWN,3,UNIFIED,"[BB] t=49 [RX_FWD] Encrypted CMD.5 from Child FF05 -> Queue for Parent FF0E"
FF0C,GWN,3,UNIFIED,"[BB] t=49 [Q_FWD] Queued CMD.5 (size=2/15)"
FF0C,GWN,3,UNIFIED,"[AC] t=51 [HELLO_TX] bcast battery=100.0%"
FF0C,GWN,3,UNIFIED,"[BB] t=57 [ENC_HELLO] TX: gwCh=1; chCh=0; secCh=0; sn=0 (encrypted)"
FF0C,GWN,3,UNIFIED,"[BB] t=57 [ENC_HELLO] Retry 2/3 sent (next at t=97)"
FF0C,GWN,3,UNIFIED,"[AC] t=58 [HELLO_TX] bcast battery=100.0%"
FF0C,GWN,3,UNIFIED,"t=62 [PHY] Neighbour count: 18->19"
FF0C,GWN,3,UNIFIED,"t=63 [PHY] Neighbor count=19"
FF0C,GWN,3,UNIFIED,"[BB] t=66 [RX_FWD] Encrypted CMD.5 from Child FF05 -> Queue for Parent FF0E"
FF0C,GWN,3,UNIFIED,"[BB] t=66 [Q_FWD] Queued CMD.5 (size=3/15)"
FF0C,GWN,3,UNIFIED,"[AC] t=68 [HELLO_TX] bcast battery=100.0%"
FF0C,GWN,3,UNIFIED,"[AC] t=73 [HELLO_TX] bcast battery=100.0%"
FF0C,GWN,3,UNIFIED,"t=77 [PHY] Neighbour count: 19->20"
FF0C,GWN,3,UNIFIED,"t=78 [PHY] Neighbor count=20"
FF0C,GWN,3,UNIFIED,"t=79 [PHY] Neighbour count: 20->21"
FF0C,GWN,3,UNIFIED,"t=80 [PHY] Neighbor count=21"
FF0C,GWN,3,UNIFIED,"[AC] t=81 [HELLO_TX] bcast battery=100.0%"
FF0C,GWN,3,UNIFIED,"[AC] t=88 [HELLO_TX] bcast battery=100.0%"
FF0C,GWN,3,UNIFIED,"[AC] t=94 [HELLO_TX] bcast battery=100.0%"
FF0C,GWN,3,UNIFIED,"t=96 [PHY] Neighbour count: 21->22"
FF0C,GWN,3,UNIFIED,"t=97 [PHY] Neighbor count=22"
FF0C,GWN,3,UNIFIED,"[BB] t=97 [ENC_HELLO] TX: gwCh=1; chCh=0; secCh=0; sn=0 (encrypted)"
FF0C,GWN,3,UNIFIED,"[BB] t=97 [ENC_HELLO] Retry 3/3 sent (next at t=177)"
FF0C,GWN,3,UNIFIED,"[AC] t=104 [HELLO_TX] bcast battery=100.0%"
FF0C,GWN,3,UNIFIED,"[BB] t=106 [RX_FWD] Encrypted CMD.5 from Child FF05 -> Queue for Parent FF0E"
FF0C,GWN,3,UNIFIED,"[BB] t=106 [Q_FWD] Queued CMD.5 (size=4/15)"
FF0C,GWN,3,UNIFIED,"[AC] t=109 [HELLO_TX] bcast battery=100.0%"
FF0C,GWN,3,UNIFIED,"t=110 [PHY] Neighbour count: 22->23"
FF0C,GWN,3,UNIFIED,"t=111 [PHY] Neighbor count=23"
FF0C,GWN,3,UNIFIED,"[AC] t=118 [HELLO_TX] bcast battery=100.0%"
FF0C,GWN,3,UNIFIED,"[BB] t=122 [RX] CMD.0 <- FF04 RSSI=0.0"
FF0C,GWN,3,UNIFIED,"[BB] t=122 [TX] CMD.3 -> FF04"
FF0C,GWN,3,UNIFIED,"t=122 [REJ_PARENT] → FF04"
FF0C,GWN,3,UNIFIED,"[AC] t=126 [HELLO_TX] bcast battery=100.0%"
FF0C,GWN,3,UNIFIED,"[BB] t=129 [RX] CMD.0 <- FF04 RSSI=0.0"
FF0C,GWN,3,UNIFIED,"[BB] t=129 [TX] CMD.3 -> FF04"
FF0C,GWN,3,UNIFIED,"t=129 [REJ_PARENT] → FF04"
FF0C,GWN,3,UNIFIED,"[AC] t=134 [HELLO_TX] bcast battery=100.0%"
FF0C,GWN,3,UNIFIED,"[AC] t=144 [HELLO_TX] bcast battery=100.0%"
FF0C,GWN,3,UNIFIED,"t=145 [PHY] Neighbour count: 23->24"
FF0C,GWN,3,UNIFIED,"t=146 [PHY] Neighbor count=24"
FF0C,GWN,3,UNIFIED,"[AC] t=148 [HELLO_TX] bcast battery=100.0%"
FF0C,GWN,3,UNIFIED,"t=153 [PHY] Neighbour count: 24->25"
FF0C,GWN,3,UNIFIED,"t=154 [PHY] Neighbor count=25"
FF0C,GWN,3,UNIFIED,"[AC] t=154 [HELLO_TX] bcast battery=100.0%"
FF0C,GWN,3,UNIFIED,"[AC] t=160 [HELLO_TX] bcast battery=100.0%"
FF0C,GWN,3,UNIFIED,"[AC] t=168 [HELLO_TX] bcast battery=100.0%"
FF0C,GWN,3,UNIFIED,"[AC] t=176 [HELLO_TX] bcast battery=100.0%"
FF0C,GWN,3,UNIFIED,"[BB] t=177 [ENC_HELLO] TX: gwCh=1; chCh=0; secCh=0; sn=0 (encrypted)"
FF0C,GWN,3,UNIFIED,"[BB] t=177 [ENC_HELLO] Registry refresh #1 sent (next at t=257)"
FF0C,GWN,3,UNIFIED,"[AC] t=186 [HELLO_TX] bcast battery=100.0%"
FF0C,GWN,3,UNIFIED,"[BB] t=186 [RX_FWD] Encrypted CMD.5 from Child FF05 -> Queue for Parent FF0E"
FF0C,GWN,3,UNIFIED,"[BB] t=186 [Q_FWD] Queued CMD.5 (size=5/15)"
FF0C,GWN,3,UNIFIED,"[AC] t=191 [HELLO_TX] bcast battery=100.0%"
FF0C,GWN,3,UNIFIED,"t=197 [PHY] Neighbour count: 25->26"
FF0C,GWN,3,UNIFIED,"t=198 [PHY] Neighbor count=26"
FF0C,GWN,3,UNIFIED,"[AC] t=198 [HELLO_TX] bcast battery=100.0%"
FF0C,GWN,3,UNIFIED,"[BB] t=200 [PHASE_RX] Listening (Q_fwd=5; Q_local=0)"
FF0C,GWN,3,UNIFIED,"[BB] t=200 [RX_FWD] Encrypted CMD.5 from Child FF05 -> Queue for Parent FF0E"
FF0C,GWN,3,UNIFIED,"[BB] t=200 [Q_FWD] Queued CMD.5 (size=6/15)"
FF0C,GWN,3,UNIFIED,"[BB] t=201 [DEQUEUE] From Q_fwd (waited 155 TFs)"
FF0C,GWN,3,UNIFIED,"[BB] t=201 [PHASE_TX] Sent CMD.5 -> FF0E (Q_fwd=5; Q_local=0)"
FF0C,GWN,3,UNIFIED,"[BB] t=202 [DEQUEUE] From Q_fwd (waited 153 TFs)"
FF0C,GWN,3,UNIFIED,"[BB] t=202 [PHASE_TX] Sent CMD.5 -> FF0E (Q_fwd=4; Q_local=0)"
FF0C,GWN,3,UNIFIED,"[BB] t=203 [DEQUEUE] From Q_fwd (waited 137 TFs)"
FF0C,GWN,3,UNIFIED,"[BB] t=203 [PHASE_TX] Sent CMD.5 -> FF0E (Q_fwd=3; Q_local=0)"
FF0C,GWN,3,UNIFIED,"[BB] t=204 [PHASE_RX] Listening (Q_fwd=3; Q_local=0)"
FF0C,GWN,3,UNIFIED,"[BB] t=204 [RX_FWD] Encrypted CMD.5 from Child FF05 -> Queue for Parent FF0E"
FF0C,GWN,3,UNIFIED,"[BB] t=204 [Q_FWD] Queued CMD.5 (size=4/15)"
FF0C,GWN,3,UNIFIED,"[BB] t=205 [PHASE_RX] Listening (Q_fwd=4; Q_local=0)"
FF0C,GWN,3,UNIFIED,"[AC] t=205 [HELLO_TX] bcast battery=100.0%"
FF0C,GWN,3,UNIFIED,"[BB] t=205 [RX_FWD] Encrypted CMD.5 from Child FF05 -> Queue for Parent FF0E"
FF0C,GWN,3,UNIFIED,"[BB] t=205 [Q_FWD] Queued CMD.5 (size=5/15)"
FF0C,GWN,3,UNIFIED,"[BB] t=206 [PHASE_RX] Listening (Q_fwd=5; Q_local=0)"
FF0C,GWN,3,UNIFIED,"[BB] t=206 [RX_FWD] Encrypted CMD.5 from Child FF05 -> Queue for Parent FF0E"
FF0C,GWN,3,UNIFIED,"[BB] t=206 [Q_FWD] Queued CMD.5 (size=6/15)"
FF0C,GWN,3,UNIFIED,"[BB] t=207 [DEQUEUE] From Q_fwd (waited 101 TFs)"
FF0C,GWN,3,UNIFIED,"[BB] t=207 [PHASE_TX] Sent CMD.5 -> FF0E (Q_fwd=5; Q_local=0)"
FF0C,GWN,3,UNIFIED,"[BB] t=208 [DEQUEUE] From Q_fwd (waited 22 TFs)"
FF0C,GWN,3,UNIFIED,"[BB] t=208 [PHASE_TX] Sent CMD.5 -> FF0E (Q_fwd=4; Q_local=0)"
FF0C,GWN,3,UNIFIED,"[BB] t=209 [DEQUEUE] From Q_fwd (waited 9 TFs)"
FF0C,GWN,3,UNIFIED,"[BB] t=209 [PHASE_TX] Sent CMD.5 -> FF0E (Q_fwd=3; Q_local=0)"
FF0C,GWN,3,UNIFIED,"[BB] t=210 [PHASE_RX] Listening (Q_fwd=3; Q_local=0)"
FF0C,GWN,3,UNIFIED,"[BB] t=210 [RX_FWD] Encrypted CMD.5 from Child FF05 -> Queue for Parent FF0E"
FF0C,GWN,3,UNIFIED,"[BB] t=210 [Q_FWD] Queued CMD.5 (size=4/15)"
FF0C,GWN,3,UNIFIED,"[BB] t=211 [PHASE_RX] Listening (Q_fwd=4; Q_local=0)"
FF0C,GWN,3,UNIFIED,"[BB] t=212 [PHASE_RX] Listening (Q_fwd=4; Q_local=0)"
FF0C,GWN,3,UNIFIED,"[BB] t=212 [RX_FWD] Encrypted CMD.5 from Child FF05 -> Queue for Parent FF0E"
FF0C,GWN,3,UNIFIED,"[BB] t=212 [Q_FWD] Queued CMD.5 (size=5/15)"
FF0C,GWN,3,UNIFIED,"[BB] t=213 [DEQUEUE] From Q_fwd (waited 9 TFs)"
FF0C,GWN,3,UNIFIED,"[BB] t=213 [PHASE_TX] Sent CMD.5 -> FF0E (Q_fwd=4; Q_local=0)"
FF0C,GWN,3,UNIFIED,"[BB] t=214 [DEQUEUE] From Q_fwd (waited 9 TFs)"
FF0C,GWN,3,UNIFIED,"[BB] t=214 [PHASE_TX] Sent CMD.5 -> FF0E (Q_fwd=3; Q_local=0)"
FF0C,GWN,3,UNIFIED,"[AC] t=214 [HELLO_TX] bcast battery=100.0%"
FF0C,GWN,3,UNIFIED,"[BB] t=215 [DEQUEUE] From Q_fwd (waited 9 TFs)"
FF0C,GWN,3,UNIFIED,"[BB] t=215 [PHASE_TX] Sent CMD.5 -> FF0E (Q_fwd=2; Q_local=0)"
FF0C,GWN,3,UNIFIED,"[BB] t=216 [PHASE_RX] Listening (Q_fwd=2; Q_local=0)"
FF0C,GWN,3,UNIFIED,"[BB] t=216 [RX_FWD] Encrypted CMD.5 from Child FF05 -> Queue for Parent FF0E"
FF0C,GWN,3,UNIFIED,"[BB] t=216 [Q_FWD] Queued CMD.5 (size=3/15)"
FF0C,GWN,3,UNIFIED,"[BB] t=217 [PHASE_RX] Listening (Q_fwd=3; Q_local=0)"
FF0C,GWN,3,UNIFIED,"[BB] t=217 [RX_FWD] Encrypted HB.3 from Child FF05 -> Queue for Parent FF0E"
FF0C,GWN,3,UNIFIED,"[BB] t=217 [Q_FWD] Queued HB.3 (size=4/15)"
FF0C,GWN,3,UNIFIED,"[BB] t=218 [PHASE_RX] Listening (Q_fwd=4; Q_local=0)"
FF0C,GWN,3,UNIFIED,"[AC] t=218 [HELLO_TX] bcast battery=100.0%"
FF0C,GWN,3,UNIFIED,"[BB] t=218 [RX_FWD] Encrypted CMD.5 from Child FF05 -> Queue for Parent FF0E"
FF0C,GWN,3,UNIFIED,"[BB] t=218 [Q_FWD] Queued CMD.5 (size=5/15)"
FF0C,GWN,3,UNIFIED,"[BB] t=219 [DEQUEUE] From Q_fwd (waited 9 TFs)"
FF0C,GWN,3,UNIFIED,"[BB] t=219 [PHASE_TX] Sent CMD.5 -> FF0E (Q_fwd=4; Q_local=0)"
FF0C,GWN,3,UNIFIED,"[BB] t=220 [DEQUEUE] From Q_fwd (waited 8 TFs)"
FF0C,GWN,3,UNIFIED,"[BB] t=220 [PHASE_TX] Sent CMD.5 -> FF0E (Q_fwd=3; Q_local=0)"
FF0C,GWN,3,UNIFIED,"[BB] t=221 [DEQUEUE] From Q_fwd (waited 5 TFs)"
FF0C,GWN,3,UNIFIED,"[BB] t=221 [PHASE_TX] Sent CMD.5 -> FF0E (Q_fwd=2; Q_local=0)"
FF0C,GWN,3,UNIFIED,"[BB] t=222 [PHASE_RX] Listening (Q_fwd=2; Q_local=0)"
FF0C,GWN,3,UNIFIED,"[BB] t=222 [RX_FWD] Encrypted CMD.5 from Child FF05 -> Queue for Parent FF0E"
FF0C,GWN,3,UNIFIED,"[BB] t=222 [Q_FWD] Queued CMD.5 (size=3/15)"
FF0C,GWN,3,UNIFIED,"[BB] t=223 [PHASE_RX] Listening (Q_fwd=3; Q_local=0)"
FF0C,GWN,3,UNIFIED,"[BB] t=223 [RX_FWD] Encrypted CMD.5 from Child FF05 -> Queue for Parent FF0E"
FF0C,GWN,3,UNIFIED,"[BB] t=223 [Q_FWD] Queued CMD.5 (size=4/15)"
FF0C,GWN,3,UNIFIED,"[BB] t=224 [PHASE_RX] Listening (Q_fwd=4; Q_local=0)"
FF0C,GWN,3,UNIFIED,"[BB] t=224 [RX_FWD] Encrypted CMD.5 from Child FF05 -> Queue for Parent FF0E"
FF0C,GWN,3,UNIFIED,"[BB] t=224 [Q_FWD] Queued CMD.5 (size=5/15)"
FF0C,GWN,3,UNIFIED,"[BB] t=225 [DEQUEUE] From Q_fwd (waited 8 TFs)"
FF0C,GWN,3,UNIFIED,"[BB] t=225 [PHASE_TX] Sent HB.3 -> FF0E (Q_fwd=4; Q_local=0)"
FF0C,GWN,3,UNIFIED,"[BB] t=226 [DEQUEUE] From Q_fwd (waited 8 TFs)"
FF0C,GWN,3,UNIFIED,"[BB] t=226 [PHASE_TX] Sent CMD.5 -> FF0E (Q_fwd=3; Q_local=0)"
FF0C,GWN,3,UNIFIED,"[BB] t=227 [DEQUEUE] From Q_fwd (waited 5 TFs)"
FF0C,GWN,3,UNIFIED,"[BB] t=227 [PHASE_TX] Sent CMD.5 -> FF0E (Q_fwd=2; Q_local=0)"
FF0C,GWN,3,UNIFIED,"[BB] t=228 [PHASE_RX] Listening (Q_fwd=2; Q_local=0)"
FF0C,GWN,3,UNIFIED,"[AC] t=228 [HELLO_TX] bcast battery=100.0%"
FF0C,GWN,3,UNIFIED,"[BB] t=228 [RX_FWD] Encrypted CMD.5 from Child FF05 -> Queue for Parent FF0E"
FF0C,GWN,3,UNIFIED,"[BB] t=228 [Q_FWD] Queued CMD.5 (size=3/15)"
FF0C,GWN,3,UNIFIED,"[BB] t=229 [PHASE_RX] Listening (Q_fwd=3; Q_local=0)"
FF0C,GWN,3,UNIFIED,"[BB] t=229 [RX_FWD] Encrypted CMD.5 from Child FF05 -> Queue for Parent FF0E"
FF0C,GWN,3,UNIFIED,"[BB] t=229 [Q_FWD] Queued CMD.5 (size=4/15)"
FF0C,GWN,3,UNIFIED,"[BB] t=230 [PHASE_RX] Listening (Q_fwd=4; Q_local=0)"
FF0C,GWN,3,UNIFIED,"[BB] t=230 [RX_FWD] Encrypted CMD.5 from Child FF05 -> Queue for Parent FF0E"
FF0C,GWN,3,UNIFIED,"[BB] t=230 [Q_FWD] Queued CMD.5 (size=5/15)"
FF0C,GWN,3,UNIFIED,"[BB] t=231 [DEQUEUE] From Q_fwd (waited 8 TFs)"
FF0C,GWN,3,UNIFIED,"[BB] t=231 [PHASE_TX] Sent CMD.5 -> FF0E (Q_fwd=4; Q_local=0)"
FF0C,GWN,3,UNIFIED,"[BB] t=232 [DEQUEUE] From Q_fwd (waited 8 TFs)"
FF0C,GWN,3,UNIFIED,"[BB] t=232 [PHASE_TX] Sent CMD.5 -> FF0E (Q_fwd=3; Q_local=0)"
FF0C,GWN,3,UNIFIED,"[BB] t=233 [DEQUEUE] From Q_fwd (waited 5 TFs)"
FF0C,GWN,3,UNIFIED,"[BB] t=233 [PHASE_TX] Sent CMD.5 -> FF0E (Q_fwd=2; Q_local=0)"
FF0C,GWN,3,UNIFIED,"[BB] t=234 [PHASE_RX] Listening (Q_fwd=2; Q_local=0)"
FF0C,GWN,3,UNIFIED,"[BB] t=234 [RX_FWD] Encrypted CMD.5 from Child FF05 -> Queue for Parent FF0E"
FF0C,GWN,3,UNIFIED,"[BB] t=234 [Q_FWD] Queued CMD.5 (size=3/15)"
FF0C,GWN,3,UNIFIED,"[BB] t=235 [PHASE_RX] Listening (Q_fwd=3; Q_local=0)"
FF0C,GWN,3,UNIFIED,"[BB] t=235 [RX_FWD] Encrypted CMD.5 from Child FF05 -> Queue for Parent FF0E"
FF0C,GWN,3,UNIFIED,"[BB] t=235 [Q_FWD] Queued CMD.5 (size=4/15)"
FF0C,GWN,3,UNIFIED,"[BB] t=236 [PHASE_RX] Listening (Q_fwd=4; Q_local=0)"
FF0C,GWN,3,UNIFIED,"[BB] t=236 [RX_FWD] Encrypted CMD.5 from Child FF05 -> Queue for Parent FF0E"
FF0C,GWN,3,UNIFIED,"[BB] t=236 [Q_FWD] Queued CMD.5 (size=5/15)"
FF0C,GWN,3,UNIFIED,"[BB] t=237 [DEQUEUE] From Q_fwd (waited 8 TFs)"
FF0C,GWN,3,UNIFIED,"[BB] t=237 [PHASE_TX] Sent CMD.5 -> FF0E (Q_fwd=4; Q_local=0)"
FF0C,GWN,3,UNIFIED,"[AC] t=237 [HELLO_TX] bcast battery=100.0%"
FF0C,GWN,3,UNIFIED,"[BB] t=238 [DEQUEUE] From Q_fwd (waited 8 TFs)"
FF0C,GWN,3,UNIFIED,"[BB] t=238 [PHASE_TX] Sent CMD.5 -> FF0E (Q_fwd=3; Q_local=0)"
FF0C,GWN,3,UNIFIED,"[BB] t=239 [DEQUEUE] From Q_fwd (waited 5 TFs)"
FF0C,GWN,3,UNIFIED,"[BB] t=239 [PHASE_TX] Sent CMD.5 -> FF0E (Q_fwd=2; Q_local=0)"
FF0C,GWN,3,UNIFIED,"[BB] t=240 [PHASE_RX] Listening (Q_fwd=2; Q_local=0)"
FF0C,GWN,3,UNIFIED,"[BB] t=240 [RX_FWD] Encrypted CMD.5 from Child FF05 -> Queue for Parent FF0E"
FF0C,GWN,3,UNIFIED,"[BB] t=240 [Q_FWD] Queued CMD.5 (size=3/15)"
FF0C,GWN,3,UNIFIED,"[BB] t=241 [PHASE_RX] Listening (Q_fwd=3; Q_local=0)"
FF0C,GWN,3,UNIFIED,"[BB] t=241 [RX_FWD] Encrypted CMD.5 from Child FF05 -> Queue for Parent FF0E"
FF0C,GWN,3,UNIFIED,"[BB] t=241 [Q_FWD] Queued CMD.5 (size=4/15)"
FF0C,GWN,3,UNIFIED,"[BB] t=242 [PHASE_RX] Listening (Q_fwd=4; Q_local=0)"
FF0C,GWN,3,UNIFIED,"[AC] t=242 [HELLO_TX] bcast battery=100.0%"
FF0C,GWN,3,UNIFIED,"[BB] t=242 [RX_FWD] Encrypted CMD.5 from Child FF05 -> Queue for Parent FF0E"
FF0C,GWN,3,UNIFIED,"[BB] t=242 [Q_FWD] Queued CMD.5 (size=5/15)"
FF0C,GWN,3,UNIFIED,"[BB] t=243 [DEQUEUE] From Q_fwd (waited 8 TFs)"
FF0C,GWN,3,UNIFIED,"[BB] t=243 [PHASE_TX] Sent CMD.5 -> FF0E (Q_fwd=4; Q_local=0)"
FF0C,GWN,3,UNIFIED,"[BB] t=244 [DEQUEUE] From Q_fwd (waited 8 TFs)"
FF0C,GWN,3,UNIFIED,"[BB] t=244 [PHASE_TX] Sent CMD.5 -> FF0E (Q_fwd=3; Q_local=0)"
FF0C,GWN,3,UNIFIED,"[BB] t=245 [DEQUEUE] From Q_fwd (waited 5 TFs)"
FF0C,GWN,3,UNIFIED,"[BB] t=245 [PHASE_TX] Sent CMD.5 -> FF0E (Q_fwd=2; Q_local=0)"
FF0C,GWN,3,UNIFIED,"[BB] t=246 [PHASE_RX] Listening (Q_fwd=2; Q_local=0)"
FF0C,GWN,3,UNIFIED,"[BB] t=246 [RX_FWD] Encrypted CMD.5 from Child FF05 -> Queue for Parent FF0E"
FF0C,GWN,3,UNIFIED,"[BB] t=246 [Q_FWD] Queued CMD.5 (size=3/15)"
FF0C,GWN,3,UNIFIED,"[BB] t=247 [PHASE_RX] Listening (Q_fwd=3; Q_local=0)"
FF0C,GWN,3,UNIFIED,"[BB] t=247 [RX_FWD] Encrypted CMD.5 from Child FF05 -> Queue for Parent FF0E"
FF0C,GWN,3,UNIFIED,"[BB] t=247 [Q_FWD] Queued CMD.5 (size=4/15)"
FF0C,GWN,3,UNIFIED,"[BB] t=248 [PHASE_RX] Listening (Q_fwd=4; Q_local=0)"
FF0C,GWN,3,UNIFIED,"[BB] t=248 [RX_FWD] Encrypted CMD.5 from Child FF05 -> Queue for Parent FF0E"
FF0C,GWN,3,UNIFIED,"[BB] t=248 [Q_FWD] Queued CMD.5 (size=5/15)"
FF0C,GWN,3,UNIFIED,"[BB] t=249 [DEQUEUE] From Q_fwd (waited 8 TFs)"
FF0C,GWN,3,UNIFIED,"[BB] t=249 [PHASE_TX] Sent CMD.5 -> FF0E (Q_fwd=4; Q_local=0)"
FF0C,GWN,3,UNIFIED,"[AC] t=249 [HELLO_TX] bcast battery=100.0%"
FF0D,GWN,3,BACKBONE,"t=4 [PHY] Neighbour count: 3->4"
FF0D,GWN,3,BACKBONE,"t=5 [PHY] Neighbour count: 4->5"
FF0D,GWN,3,BACKBONE,"t=6 [PHY] Neighbour count: 5->6"
FF0D,GWN,3,BACKBONE,"t=7 [TX] HB.0 -> <BCAST>"
FF0D,GWN,3,BACKBONE,"t=8 [PHY] Neighbour count: 7->8"
FF0D,GWN,3,BACKBONE,"t=9 [PHY] Neighbour count: 8->9"
FF0D,GWN,3,BACKBONE,"t=14 [TX] HB.0 -> <BCAST>"
FF0D,GWN,3,BACKBONE,"t=17 [PHY] Neighbour count: 9->10"
FF0D,GWN,3,BACKBONE,"t=19 [PHY] Neighbour count: 10->11"
FF0D,GWN,3,BACKBONE,"t=21 [TX] HB.0 -> <BCAST>"
FF0D,GWN,3,BACKBONE,"t=21 [PHY] Neighbour count: 12->13"
FF0D,GWN,3,BACKBONE,"t=28 [TX] HB.1 -> <BCAST>"
FF0D,GWN,3,BACKBONE,"t=30 [PHY] Neighbour count: 13->14"
FF0D,GWN,3,BACKBONE,"t=35 [TX] HB.1 -> <BCAST>"
FF0D,GWN,3,BACKBONE,"t=37 [PHY] Neighbour count: 14->15"
FF0D,GWN,3,BACKBONE,"t=42 [TX] HB.1 -> <BCAST>"
FF0D,GWN,3,BACKBONE,"t=45 [PHY] Neighbour count: 15->16"
FF0D,GWN,3,BACKBONE,"t=49 [TX] HB.1 -> <BCAST>"
FF0D,GWN,3,BACKBONE,"t=56 [TX] HB.1 -> <BCAST>"
FF0D,GWN,3,BACKBONE,"t=63 [TX] HB.1 -> <BCAST>"
FF0D,GWN,3,BACKBONE,"t=68 [RX] CMD.0 <- FF01 RSSI=0.0"
FF0D,GWN,3,BACKBONE,"t=68 [TX] CMD.1 -> FF01"
FF0D,GWN,3,BACKBONE,"t=68 [TX] CMD.1 -> FF01"
FF0D,GWN,3,BACKBONE,"t=68 [STATE] DISCOVERY -> HANDSHAKE"
FF0D,GWN,3,BACKBONE,"[LOCK][SET] partner=FF01 timeout=6"
FF0D,GWN,3,BACKBONE,"t=68 [HANDSHAKE] Lock set with FF01 (timer=6)"
FF0D,GWN,3,BACKBONE,"t=73 [RX] CMD.4 <- FF01 RSSI=0.0"
FF0D,GWN,3,BACKBONE,"[LOCK][REFRESH] partner=FF01 timeout=6"
FF0D,GWN,3,BACKBONE,"t=77 [RX] CMD.3 <- FF01 RSSI=0.0"
FF0D,GWN,3,BACKBONE,"[LOCK][CLEAR][REJECT] partner=FF01"
FF0D,GWN,3,BACKBONE,"t=77 [REJECT] Neighbor FF01 marked REJECT"
FF0D,GWN,3,BACKBONE,"t=77 [HANDSHAKE] Lock cleared (was with FF01)"
FF0D,GWN,3,BACKBONE,"t=77 [STATE] HANDSHAKE -> SECURE"
FF0D,GWN,3,BACKBONE,"t=84 [RX] CMD.0 <- FF01 RSSI=0.0"
FF0D,GWN,3,BACKBONE,"t=84 [TX] CMD.1 -> FF01"
FF0D,GWN,3,BACKBONE,"t=84 [TX] CMD.1 -> FF01"
FF0D,GWN,3,BACKBONE,"t=84 [STATE] SECURE -> HANDSHAKE"
FF0D,GWN,3,BACKBONE,"[LOCK][SET] partner=FF01 timeout=6"
FF0D,GWN,3,BACKBONE,"t=84 [HANDSHAKE] Lock set with FF01 (timer=6)"
FF0D,GWN,3,BACKBONE,"t=88 [RX] CMD.2 <- FF01 RSSI=0.0"
FF0D,GWN,3,BACKBONE,"[LOCK][REFRESH] partner=FF01 timeout=6"
FF0D,GWN,3,BACKBONE,"[LOCK][SET] partner=FF01 timeout=6"
FF0D,GWN,3,BACKBONE,"t=88 [PARENT] Set parent -> FF01"
FF0D,GWN,3,BACKBONE,"t=89 [RX] CMD.4 <- FF01 RSSI=0.0"
FF0D,GWN,3,BACKBONE,"[LOCK][REFRESH] partner=FF01 timeout=6"
FF0D,GWN,3,BACKBONE,"t=89 [PHASE] Inherited phaseOffset=0 from parent FF01"
FF0D,GWN,3,BACKBONE,"t=89 [ENC_HELLO] TX: gwCh=0; chCh=0; secCh=0; sn=0 (encrypted)"
FF0D,GWN,3,BACKBONE,"t=89 [TX] CMD.5 -> FF01"
FF0D,GWN,3,BACKBONE,"[LOCK][CLEAR][ENC_HELLO_TX] partner=FF01"
FF0D,GWN,3,BACKBONE,"t=89 [HANDSHAKE] Lock cleared (was with FF01)"
FF0D,GWN,3,BACKBONE,"[LOCK][SET] partner=FF07 timeout=6"
FF0D,GWN,3,BACKBONE,"t=93 [HANDSHAKE] Lock set with FF07 (timer=6)"
FF0D,GWN,3,BACKBONE,"[LOCK][SET] partner=FF07 timeout=6"
FF0D,GWN,3,BACKBONE,"t=93 [TX] CMD.0 -> FF07"
FF0D,GWN,3,BACKBONE,"t=95 [RX] CMD.1 <- FF07 RSSI=51.6"
FF0D,GWN,3,BACKBONE,"[LOCK][REFRESH] partner=FF07 timeout=6"
FF0D,GWN,3,BACKBONE,"t=95 [TX] CMD.2 -> FF07"
FF0D,GWN,3,BACKBONE,"[LOCK][REFRESH] partner=FF07 timeout=6"
FF0D,GWN,3,BACKBONE,"t=95 [HANDSHAKE] FF07 added to pendingChildren (awaiting ENC_HELLO)"
FF0D,GWN,3,BACKBONE,"t=95 [TX] CMD.4 -> FF07"
FF0D,GWN,3,BACKBONE,"t=95 [PHASE] Sending phaseOffset=1 to child FF07 (self=0)"
FF0D,GWN,3,BACKBONE,"[LOCK][REFRESH] partner=FF07 timeout=6"
FF0D,GWN,3,BACKBONE,"[LOCK][SET] partner=FF07 timeout=6"
FF0D,GWN,3,BACKBONE,"t=99 [ENC_HELLO] TX: gwCh=0; chCh=0; secCh=0; sn=0 (encrypted)"
FF0D,GWN,3,BACKBONE,"t=99 [ENC_HELLO] Retry 1/3 sent (next at t=119)"
FF0D,GWN,3,BACKBONE,"t=100 [RX] CMD.5 <- FF07 RSSI=51.6"
FF0D,GWN,3,BACKBONE,"t=100 [HANDSHAKE] FF07 promoted to children (ENC_HELLO received)"
FF0D,GWN,3,BACKBONE,"[LOCK][CLEAR][ENC_HELLO_RX] partner=FF07"
FF0D,GWN,3,BACKBONE,"t=100 [TX] CMD.5 -> FF01"
FF0D,GWN,3,BACKBONE,"t=100 [HANDSHAKE] Lock cleared (was with FF07)"
FF0D,GWN,3,BACKBONE,"t=100 [RETRY] Reset retry state for FF07 (now child)"
FF0D,GWN,3,BACKBONE,"t=100 [STATE] HANDSHAKE -> SECURE"
FF0D,GWN,3,BACKBONE,"t=108 [RX_FWD] Encrypted CMD.5 from Child FF07 -> Queue for Parent FF01"
FF0D,GWN,3,BACKBONE,"t=108 [Q_FWD] Queued CMD.5 (size=1/15)"
FF0D,GWN,3,BACKBONE,"t=111 [RX_FWD] Encrypted CMD.5 from Child FF07 -> Queue for Parent FF01"
FF0D,GWN,3,BACKBONE,"t=111 [Q_FWD] Queued CMD.5 (size=2/15)"
FF0D,GWN,3,BACKBONE,"t=119 [ENC_HELLO] TX: gwCh=1; chCh=0; secCh=0; sn=0 (encrypted)"
FF0D,GWN,3,BACKBONE,"t=119 [ENC_HELLO] Retry 2/3 sent (next at t=159)"
FF0D,GWN,3,BACKBONE,"t=128 [RX_FWD] Encrypted CMD.5 from Child FF07 -> Queue for Parent FF01"
FF0D,GWN,3,BACKBONE,"t=128 [Q_FWD] Queued CMD.5 (size=3/15)"
FF0D,GWN,3,BACKBONE,"t=159 [ENC_HELLO] TX: gwCh=1; chCh=0; secCh=0; sn=0 (encrypted)"
FF0D,GWN,3,BACKBONE,"t=159 [ENC_HELLO] Retry 3/3 sent (next at t=239)"
FF0D,GWN,3,BACKBONE,"t=168 [RX_FWD] Encrypted CMD.5 from Child FF07 -> Queue for Parent FF01"
FF0D,GWN,3,BACKBONE,"t=168 [Q_FWD] Queued CMD.5 (size=4/15)"
FF0D,GWN,3,BACKBONE,"t=200 [DEQUEUE] From Q_fwd (waited 92 TFs)"
FF0D,GWN,3,BACKBONE,"t=200 [PHASE_TX] Sent CMD.5 -> FF01 (Q_fwd=3; Q_local=0)"
FF0D,GWN,3,BACKBONE,"t=201 [PHASE_RX] Listening (Q_fwd=3; Q_local=0)"
FF0D,GWN,3,BACKBONE,"t=201 [RX_FWD] Encrypted CMD.5 from Child FF07 -> Queue for Parent FF01"
FF0D,GWN,3,BACKBONE,"t=201 [Q_FWD] Queued CMD.5 (size=4/15)"
FF0D,GWN,3,BACKBONE,"t=202 [PHASE_RX] Listening (Q_fwd=4; Q_local=0)"
FF0D,GWN,3,BACKBONE,"t=202 [RX_FWD] Encrypted CMD.5 from Child FF07 -> Queue for Parent FF01"
FF0D,GWN,3,BACKBONE,"t=202 [Q_FWD] Queued CMD.5 (size=5/15)"
FF0D,GWN,3,BACKBONE,"t=203 [PHASE_RX] Listening (Q_fwd=5; Q_local=0)"
FF0D,GWN,3,BACKBONE,"t=204 [DEQUEUE] From Q_fwd (waited 93 TFs)"
FF0D,GWN,3,BACKBONE,"t=204 [PHASE_TX] Sent CMD.5 -> FF01 (Q_fwd=4; Q_local=0)"
FF0D,GWN,3,BACKBONE,"t=205 [DEQUEUE] From Q_fwd (waited 77 TFs)"
FF0D,GWN,3,BACKBONE,"t=205 [PHASE_TX] Sent CMD.5 -> FF01 (Q_fwd=3; Q_local=0)"
FF0D,GWN,3,BACKBONE,"t=206 [DEQUEUE] From Q_fwd (waited 38 TFs)"
FF0D,GWN,3,BACKBONE,"t=206 [PHASE_TX] Sent CMD.5 -> FF01 (Q_fwd=2; Q_local=0)"
FF0D,GWN,3,BACKBONE,"t=207 [PHASE_RX] Listening (Q_fwd=2; Q_local=0)"
FF0D,GWN,3,BACKBONE,"t=208 [PHASE_RX] Listening (Q_fwd=2; Q_local=0)"
FF0D,GWN,3,BACKBONE,"t=209 [PHASE_RX] Listening (Q_fwd=2; Q_local=0)"
FF0D,GWN,3,BACKBONE,"t=210 [DEQUEUE] From Q_fwd (waited 9 TFs)"
FF0D,GWN,3,BACKBONE,"t=210 [PHASE_TX] Sent CMD.5 -> FF01 (Q_fwd=1; Q_local=0)"
FF0D,GWN,3,BACKBONE,"t=211 [DEQUEUE] From Q_fwd (waited 9 TFs)"
FF0D,GWN,3,BACKBONE,"t=211 [PHASE_TX] Sent CMD.5 -> FF01 (Q_fwd=0; Q_local=0)"
FF0D,GWN,3,BACKBONE,"t=212 [PHASE_TX] IDLE (queues empty)"
FF0D,GWN,3,BACKBONE,"t=213 [PHASE_RX] Listening (Q_fwd=0; Q_local=0)"
FF0D,GWN,3,BACKBONE,"t=214 [PHASE_RX] Listening (Q_fwd=0; Q_local=0)"
FF0D,GWN,3,BACKBONE,"t=215 [PHASE_RX] Listening (Q_fwd=0; Q_local=0)"
FF0D,GWN,3,BACKBONE,"t=216 [PHASE_TX] IDLE (queues empty)"
FF0D,GWN,3,BACKBONE,"t=217 [PHASE_TX] IDLE (queues empty)"
FF0D,GWN,3,BACKBONE,"t=218 [PHASE_TX] IDLE (queues empty)"
FF0D,GWN,3,BACKBONE,"t=219 [PHASE_RX] Listening (Q_fwd=0; Q_local=0)"
FF0D,GWN,3,BACKBONE,"t=220 [PHASE_RX] Listening (Q_fwd=0; Q_local=0)"
FF0D,GWN,3,BACKBONE,"t=221 [PHASE_RX] Listening (Q_fwd=0; Q_local=0)"
FF0D,GWN,3,BACKBONE,"t=222 [PHASE_TX] IDLE (queues empty)"
FF0D,GWN,3,BACKBONE,"t=223 [PHASE_TX] IDLE (queues empty)"
FF0D,GWN,3,BACKBONE,"t=224 [PHASE_TX] IDLE (queues empty)"
FF0D,GWN,3,BACKBONE,"t=225 [PHASE_RX] Listening (Q_fwd=0; Q_local=0)"
FF0D,GWN,3,BACKBONE,"t=226 [PHASE_RX] Listening (Q_fwd=0; Q_local=0)"
FF0D,GWN,3,BACKBONE,"t=227 [PHASE_RX] Listening (Q_fwd=0; Q_local=0)"
FF0D,GWN,3,BACKBONE,"t=228 [PHASE_TX] IDLE (queues empty)"
FF0D,GWN,3,BACKBONE,"t=229 [PHASE_TX] IDLE (queues empty)"
FF0D,GWN,3,BACKBONE,"t=230 [PHASE_TX] IDLE (queues empty)"
FF0D,GWN,3,BACKBONE,"t=231 [PHASE_RX] Listening (Q_fwd=0; Q_local=0)"
FF0D,GWN,3,BACKBONE,"t=232 [PHASE_RX] Listening (Q_fwd=0; Q_local=0)"
FF0D,GWN,3,BACKBONE,"t=233 [PHASE_RX] Listening (Q_fwd=0; Q_local=0)"
FF0D,GWN,3,BACKBONE,"t=234 [PHASE_TX] IDLE (queues empty)"
FF0D,GWN,3,BACKBONE,"t=235 [PHASE_TX] IDLE (queues empty)"
FF0D,GWN,3,BACKBONE,"t=236 [PHASE_TX] IDLE (queues empty)"
FF0D,GWN,3,BACKBONE,"t=237 [PHASE_RX] Listening (Q_fwd=0; Q_local=0)"
FF0D,GWN,3,BACKBONE,"t=238 [PHASE_RX] Listening (Q_fwd=0; Q_local=0)"
FF0D,GWN,3,BACKBONE,"t=239 [ENC_HELLO] TX: gwCh=1; chCh=0; secCh=0; sn=0 (encrypted)"
FF0D,GWN,3,BACKBONE,"t=239 [ENC_HELLO] Registry refresh #1 sent (next at t=319)"
FF0D,GWN,3,BACKBONE,"t=239 [PHASE_RX] Listening (Q_fwd=0; Q_local=0)"
FF0D,GWN,3,BACKBONE,"t=240 [PHASE_TX] IDLE (queues empty)"
FF0D,GWN,3,BACKBONE,"t=241 [PHASE_TX] IDLE (queues empty)"
FF0D,GWN,3,BACKBONE,"t=242 [PHASE_TX] IDLE (queues empty)"
FF0D,GWN,3,BACKBONE,"t=243 [PHASE_RX] Listening (Q_fwd=0; Q_local=0)"
FF0D,GWN,3,BACKBONE,"t=244 [PHASE_RX] Listening (Q_fwd=0; Q_local=0)"
FF0D,GWN,3,BACKBONE,"t=245 [PHASE_RX] Listening (Q_fwd=0; Q_local=0)"
FF0D,GWN,3,BACKBONE,"t=246 [PHASE_TX] IDLE (queues empty)"
FF0D,GWN,3,BACKBONE,"t=247 [PHASE_TX] IDLE (queues empty)"
FF0D,GWN,3,BACKBONE,"t=248 [PHASE_TX] IDLE (queues empty)"
FF0D,GWN,3,BACKBONE,"t=248 [RX_FWD] Encrypted CMD.5 from Child FF07 -> Queue for Parent FF01"
FF0D,GWN,3,BACKBONE,"t=248 [Q_FWD] Queued CMD.5 (size=1/15)"
FF0D,GWN,3,BACKBONE,"t=249 [PHASE_RX] Listening (Q_fwd=1; Q_local=0)"
FF0D,GWN,3,ACCESS,"t=4 [PHY] Neighbour count: 3->4"
FF0D,GWN,3,ACCESS,"t=5 [PHY] Neighbour count: 4->5"
FF0D,GWN,3,ACCESS,"t=6 [HELLO_TX] bcast battery=100.0%"
FF0D,GWN,3,ACCESS,"t=6 [PHY] Neighbour count: 5->6"
FF0D,GWN,3,ACCESS,"t=8 [PHY] Neighbour count: 7->8"
FF0D,GWN,3,ACCESS,"t=9 [PHY] Neighbour count: 8->9"
FF0D,GWN,3,ACCESS,"t=11 [HELLO_TX] bcast battery=100.0%"
FF0D,GWN,3,ACCESS,"t=17 [PHY] Neighbour count: 9->10"
FF0D,GWN,3,ACCESS,"t=19 [HELLO_TX] bcast battery=100.0%"
FF0D,GWN,3,ACCESS,"t=19 [PHY] Neighbour count: 10->11"
FF0D,GWN,3,ACCESS,"t=21 [PHY] Neighbour count: 12->13"
FF0D,GWN,3,ACCESS,"t=27 [HELLO_TX] bcast battery=100.0%"
FF0D,GWN,3,ACCESS,"t=30 [PHY] Neighbour count: 13->14"
FF0D,GWN,3,ACCESS,"t=35 [HELLO_TX] bcast battery=100.0%"
FF0D,GWN,3,ACCESS,"t=37 [PHY] Neighbour count: 14->15"
FF0D,GWN,3,ACCESS,"t=45 [HELLO_TX] bcast battery=100.0%"
FF0D,GWN,3,ACCESS,"t=45 [PHY] Neighbour count: 15->16"
FF0D,GWN,3,ACCESS,"t=53 [HELLO_TX] bcast battery=100.0%"
FF0D,GWN,3,ACCESS,"t=59 [HELLO_TX] bcast battery=100.0%"
FF0D,GWN,3,ACCESS,"t=63 [HELLO_TX] bcast battery=100.0%"
FF0D,GWN,3,ACCESS,"t=68 [HELLO_TX] bcast battery=100.0%"
FF0D,GWN,3,ACCESS,"t=72 [HELLO_TX] bcast battery=100.0%"
FF0D,GWN,3,ACCESS,"t=77 [HELLO_TX] bcast battery=100.0%"
FF0D,GWN,3,ACCESS,"t=84 [HELLO_TX] bcast battery=100.0%"
FF0D,GWN,3,ACCESS,"t=91 [HELLO_TX] bcast battery=100.0%"
FF0D,GWN,3,ACCESS,"t=100 [HELLO_TX] bcast battery=100.0%"
FF0D,GWN,3,ACCESS,"t=106 [HELLO_TX] bcast battery=100.0%"
FF0D,GWN,3,ACCESS,"t=113 [HELLO_TX] bcast battery=100.0%"
FF0D,GWN,3,ACCESS,"t=120 [HELLO_TX] bcast battery=100.0%"
FF0D,GWN,3,ACCESS,"t=126 [HELLO_TX] bcast battery=100.0%"
FF0D,GWN,3,ACCESS,"t=133 [HELLO_TX] bcast battery=100.0%"
FF0D,GWN,3,ACCESS,"t=143 [HELLO_TX] bcast battery=100.0%"
FF0D,GWN,3,ACCESS,"t=152 [HELLO_TX] bcast battery=100.0%"
FF0D,GWN,3,ACCESS,"t=156 [HELLO_TX] bcast battery=100.0%"
FF0D,GWN,3,ACCESS,"t=163 [HELLO_TX] bcast battery=100.0%"
FF0D,GWN,3,ACCESS,"t=173 [HELLO_TX] bcast battery=100.0%"
FF0D,GWN,3,ACCESS,"t=178 [HELLO_TX] bcast battery=100.0%"
FF0D,GWN,3,ACCESS,"t=187 [HELLO_TX] bcast battery=100.0%"
FF0D,GWN,3,ACCESS,"t=192 [HELLO_TX] bcast battery=100.0%"
FF0D,GWN,3,ACCESS,"t=196 [HELLO_TX] bcast battery=100.0%"
FF0D,GWN,3,ACCESS,"t=201 [HELLO_TX] bcast battery=100.0%"
FF0D,GWN,3,ACCESS,"t=206 [HELLO_TX] bcast battery=100.0%"
FF0D,GWN,3,ACCESS,"t=212 [HELLO_TX] bcast battery=100.0%"
FF0D,GWN,3,ACCESS,"t=219 [HELLO_TX] bcast battery=100.0%"
FF0D,GWN,3,ACCESS,"t=226 [HELLO_TX] bcast battery=100.0%"
FF0D,GWN,3,ACCESS,"t=236 [HELLO_TX] bcast battery=100.0%"
FF0D,GWN,3,ACCESS,"t=246 [HELLO_TX] bcast battery=100.0%"
FF0D,GWN,3,UNIFIED,"t=2 [PHY] Neighbor count=1"
FF0D,GWN,3,UNIFIED,"t=3 [PHY] Neighbor count=2"
FF0D,GWN,3,UNIFIED,"t=4 [PHY] Neighbor count=3"
FF0D,GWN,3,UNIFIED,"t=4 [PHY] Neighbour count: 3->4"
FF0D,GWN,3,UNIFIED,"t=5 [PHY] Neighbor count=4"
FF0D,GWN,3,UNIFIED,"t=5 [PHY] Neighbour count: 4->5"
FF0D,GWN,3,UNIFIED,"t=6 [PHY] Neighbor count=5"
FF0D,GWN,3,UNIFIED,"[AC] t=6 [HELLO_TX] bcast battery=100.0%"
FF0D,GWN,3,UNIFIED,"t=6 [PHY] Neighbour count: 5->6"
FF0D,GWN,3,UNIFIED,"t=7 [PHY] Neighbor count=6"
FF0D,GWN,3,UNIFIED,"[BB] t=7 [TX] HB.0 -> <BCAST>"
FF0D,GWN,3,UNIFIED,"t=8 [PHY] Neighbor count=7"
FF0D,GWN,3,UNIFIED,"t=8 [PHY] Neighbour count: 7->8"
FF0D,GWN,3,UNIFIED,"t=9 [PHY] Neighbor count=8"
FF0D,GWN,3,UNIFIED,"t=9 [PHY] Neighbour count: 8->9"
FF0D,GWN,3,UNIFIED,"t=10 [PHY] Neighbor count=9"
FF0D,GWN,3,UNIFIED,"[AC] t=11 [HELLO_TX] bcast battery=100.0%"
FF0D,GWN,3,UNIFIED,"[BB] t=14 [TX] HB.0 -> <BCAST>"
FF0D,GWN,3,UNIFIED,"t=17 [PHY] Neighbour count: 9->10"
FF0D,GWN,3,UNIFIED,"t=18 [PHY] Neighbor count=10"
FF0D,GWN,3,UNIFIED,"[AC] t=19 [HELLO_TX] bcast battery=100.0%"
FF0D,GWN,3,UNIFIED,"t=19 [PHY] Neighbour count: 10->11"
FF0D,GWN,3,UNIFIED,"t=20 [PHY] Neighbor count=11"
FF0D,GWN,3,UNIFIED,"t=21 [PHY] Neighbor count=12"
FF0D,GWN,3,UNIFIED,"[BB] t=21 [TX] HB.0 -> <BCAST>"
FF0D,GWN,3,UNIFIED,"t=21 [PHY] Neighbour count: 12->13"
FF0D,GWN,3,UNIFIED,"t=22 [PHY] Neighbor count=13"
FF0D,GWN,3,UNIFIED,"t=22 [STATE] BOOT→DISCOVERY (neighbors=13)"
FF0D,GWN,3,UNIFIED,"[AC] t=27 [HELLO_TX] bcast battery=100.0%"
FF0D,GWN,3,UNIFIED,"[BB] t=28 [TX] HB.1 -> <BCAST>"
FF0D,GWN,3,UNIFIED,"t=30 [PHY] Neighbour count: 13->14"
FF0D,GWN,3,UNIFIED,"t=31 [PHY] Neighbor count=14"
FF0D,GWN,3,UNIFIED,"[BB] t=35 [TX] HB.1 -> <BCAST>"
FF0D,GWN,3,UNIFIED,"[AC] t=35 [HELLO_TX] bcast battery=100.0%"
FF0D,GWN,3,UNIFIED,"t=37 [PHY] Neighbour count: 14->15"
FF0D,GWN,3,UNIFIED,"t=38 [PHY] Neighbor count=15"
FF0D,GWN,3,UNIFIED,"[BB] t=42 [TX] HB.1 -> <BCAST>"
FF0D,GWN,3,UNIFIED,"[AC] t=45 [HELLO_TX] bcast battery=100.0%"
FF0D,GWN,3,UNIFIED,"t=45 [PHY] Neighbour count: 15->16"
FF0D,GWN,3,UNIFIED,"t=46 [PHY] Neighbor count=16"
FF0D,GWN,3,UNIFIED,"[BB] t=49 [TX] HB.1 -> <BCAST>"
FF0D,GWN,3,UNIFIED,"[AC] t=53 [HELLO_TX] bcast battery=100.0%"
FF0D,GWN,3,UNIFIED,"[BB] t=56 [TX] HB.1 -> <BCAST>"
FF0D,GWN,3,UNIFIED,"[AC] t=59 [HELLO_TX] bcast battery=100.0%"
FF0D,GWN,3,UNIFIED,"[BB] t=63 [TX] HB.1 -> <BCAST>"
FF0D,GWN,3,UNIFIED,"[AC] t=63 [HELLO_TX] bcast battery=100.0%"
FF0D,GWN,3,UNIFIED,"[AC] t=68 [HELLO_TX] bcast battery=100.0%"
FF0D,GWN,3,UNIFIED,"[BB] t=68 [RX] CMD.0 <- FF01 RSSI=0.0"
FF0D,GWN,3,UNIFIED,"[BB] t=68 [TX] CMD.1 -> FF01"
FF0D,GWN,3,UNIFIED,"[BB] t=68 [TX] CMD.1 -> FF01"
FF0D,GWN,3,UNIFIED,"[BB] t=68 [STATE] DISCOVERY -> HANDSHAKE"
FF0D,GWN,3,UNIFIED,"[BB] [LOCK][SET] partner=FF01 timeout=6"
FF0D,GWN,3,UNIFIED,"[BB] t=68 [HANDSHAKE] Lock set with FF01 (timer=6)"
FF0D,GWN,3,UNIFIED,"[AC] t=72 [HELLO_TX] bcast battery=100.0%"
FF0D,GWN,3,UNIFIED,"[BB] t=73 [RX] CMD.4 <- FF01 RSSI=0.0"
FF0D,GWN,3,UNIFIED,"[BB] [LOCK][REFRESH] partner=FF01 timeout=6"
FF0D,GWN,3,UNIFIED,"t=73 [DROP] GLOBAL_KEY from FF01 - no ACK_JOIN received"
FF0D,GWN,3,UNIFIED,"[AC] t=77 [HELLO_TX] bcast battery=100.0%"
FF0D,GWN,3,UNIFIED,"[BB] t=77 [RX] CMD.3 <- FF01 RSSI=0.0"
FF0D,GWN,3,UNIFIED,"[BB] [LOCK][CLEAR][REJECT] partner=FF01"
FF0D,GWN,3,UNIFIED,"t=77 [RX] PARENT_REJECT from FF01; trying next"
FF0D,GWN,3,UNIFIED,"[BB] t=77 [REJECT] Neighbor FF01 marked REJECT"
FF0D,GWN,3,UNIFIED,"[BB] t=77 [HANDSHAKE] Lock cleared (was with FF01)"
FF0D,GWN,3,UNIFIED,"[BB] t=77 [STATE] HANDSHAKE -> SECURE"
FF0D,GWN,3,UNIFIED,"[AC] t=84 [HELLO_TX] bcast battery=100.0%"
FF0D,GWN,3,UNIFIED,"[BB] t=84 [RX] CMD.0 <- FF01 RSSI=0.0"
FF0D,GWN,3,UNIFIED,"[BB] t=84 [TX] CMD.1 -> FF01"
FF0D,GWN,3,UNIFIED,"[BB] t=84 [TX] CMD.1 -> FF01"
FF0D,GWN,3,UNIFIED,"[BB] t=84 [STATE] SECURE -> HANDSHAKE"
FF0D,GWN,3,UNIFIED,"[BB] [LOCK][SET] partner=FF01 timeout=6"
FF0D,GWN,3,UNIFIED,"[BB] t=84 [HANDSHAKE] Lock set with FF01 (timer=6)"
FF0D,GWN,3,UNIFIED,"[BB] t=88 [RX] CMD.2 <- FF01 RSSI=0.0"
FF0D,GWN,3,UNIFIED,"[BB] [LOCK][REFRESH] partner=FF01 timeout=6"
FF0D,GWN,3,UNIFIED,"[BB] [LOCK][SET] partner=FF01 timeout=6"
FF0D,GWN,3,UNIFIED,"[BB] t=88 [PARENT] Set parent -> FF01"
FF0D,GWN,3,UNIFIED,"[BB] t=89 [RX] CMD.4 <- FF01 RSSI=0.0"
FF0D,GWN,3,UNIFIED,"[BB] [LOCK][REFRESH] partner=FF01 timeout=6"
FF0D,GWN,3,UNIFIED,"[BB] t=89 [PHASE] Inherited phaseOffset=0 from parent FF01"
FF0D,GWN,3,UNIFIED,"[BB] t=89 [ENC_HELLO] TX: gwCh=0; chCh=0; secCh=0; sn=0 (encrypted)"
FF0D,GWN,3,UNIFIED,"[BB] t=89 [TX] CMD.5 -> FF01"
FF0D,GWN,3,UNIFIED,"[BB] [LOCK][CLEAR][ENC_HELLO_TX] partner=FF01"
FF0D,GWN,3,UNIFIED,"[BB] t=89 [HANDSHAKE] Lock cleared (was with FF01)"
FF0D,GWN,3,UNIFIED,"[AC] t=91 [HELLO_TX] bcast battery=100.0%"
FF0D,GWN,3,UNIFIED,"t=93 [RECRUIT] INIT(1/4) -> FF07"
FF0D,GWN,3,UNIFIED,"[BB] [LOCK][SET] partner=FF07 timeout=6"
FF0D,GWN,3,UNIFIED,"[BB] t=93 [HANDSHAKE] Lock set with FF07 (timer=6)"
FF0D,GWN,3,UNIFIED,"[BB] [LOCK][SET] partner=FF07 timeout=6"
FF0D,GWN,3,UNIFIED,"[BB] t=93 [TX] CMD.0 -> FF07"
FF0D,GWN,3,UNIFIED,"[BB] t=95 [RX] CMD.1 <- FF07 RSSI=51.6"
FF0D,GWN,3,UNIFIED,"[BB] [LOCK][REFRESH] partner=FF07 timeout=6"
FF0D,GWN,3,UNIFIED,"[BB] t=95 [TX] CMD.2 -> FF07"
FF0D,GWN,3,UNIFIED,"[BB] [LOCK][REFRESH] partner=FF07 timeout=6"
FF0D,GWN,3,UNIFIED,"[BB] t=95 [HANDSHAKE] FF07 added to pendingChildren (awaiting ENC_HELLO)"
FF0D,GWN,3,UNIFIED,"[BB] t=95 [TX] CMD.4 -> FF07"
FF0D,GWN,3,UNIFIED,"[BB] t=95 [PHASE] Sending phaseOffset=1 to child FF07 (self=0)"
FF0D,GWN,3,UNIFIED,"[BB] [LOCK][REFRESH] partner=FF07 timeout=6"
FF0D,GWN,3,UNIFIED,"[BB] [LOCK][SET] partner=FF07 timeout=6"
FF0D,GWN,3,UNIFIED,"[BB] t=99 [ENC_HELLO] TX: gwCh=0; chCh=0; secCh=0; sn=0 (encrypted)"
FF0D,GWN,3,UNIFIED,"[BB] t=99 [ENC_HELLO] Retry 1/3 sent (next at t=119)"
FF0D,GWN,3,UNIFIED,"[AC] t=100 [HELLO_TX] bcast battery=100.0%"
FF0D,GWN,3,UNIFIED,"[BB] t=100 [RX] CMD.5 <- FF07 RSSI=51.6"
FF0D,GWN,3,UNIFIED,"[BB] t=100 [HANDSHAKE] FF07 promoted to children (ENC_HELLO received)"
FF0D,GWN,3,UNIFIED,"[BB] [LOCK][CLEAR][ENC_HELLO_RX] partner=FF07"
FF0D,GWN,3,UNIFIED,"[BB] t=100 [TX] CMD.5 -> FF01"
FF0D,GWN,3,UNIFIED,"[BB] t=100 [HANDSHAKE] Lock cleared (was with FF07)"
FF0D,GWN,3,UNIFIED,"[BB] t=100 [RETRY] Reset retry state for FF07 (now child)"
FF0D,GWN,3,UNIFIED,"[BB] t=100 [STATE] HANDSHAKE -> SECURE"
FF0D,GWN,3,UNIFIED,"[AC] t=106 [HELLO_TX] bcast battery=100.0%"
FF0D,GWN,3,UNIFIED,"[BB] t=108 [RX_FWD] Encrypted CMD.5 from Child FF07 -> Queue for Parent FF01"
FF0D,GWN,3,UNIFIED,"[BB] t=108 [Q_FWD] Queued CMD.5 (size=1/15)"
FF0D,GWN,3,UNIFIED,"[BB] t=111 [RX_FWD] Encrypted CMD.5 from Child FF07 -> Queue for Parent FF01"
FF0D,GWN,3,UNIFIED,"[BB] t=111 [Q_FWD] Queued CMD.5 (size=2/15)"
FF0D,GWN,3,UNIFIED,"[AC] t=113 [HELLO_TX] bcast battery=100.0%"
FF0D,GWN,3,UNIFIED,"[BB] t=119 [ENC_HELLO] TX: gwCh=1; chCh=0; secCh=0; sn=0 (encrypted)"
FF0D,GWN,3,UNIFIED,"[BB] t=119 [ENC_HELLO] Retry 2/3 sent (next at t=159)"
FF0D,GWN,3,UNIFIED,"[AC] t=120 [HELLO_TX] bcast battery=100.0%"
FF0D,GWN,3,UNIFIED,"[AC] t=126 [HELLO_TX] bcast battery=100.0%"
FF0D,GWN,3,UNIFIED,"[BB] t=128 [RX_FWD] Encrypted CMD.5 from Child FF07 -> Queue for Parent FF01"
FF0D,GWN,3,UNIFIED,"[BB] t=128 [Q_FWD] Queued CMD.5 (size=3/15)"
FF0D,GWN,3,UNIFIED,"[AC] t=133 [HELLO_TX] bcast battery=100.0%"
FF0D,GWN,3,UNIFIED,"[AC] t=143 [HELLO_TX] bcast battery=100.0%"
FF0D,GWN,3,UNIFIED,"[AC] t=152 [HELLO_TX] bcast battery=100.0%"
FF0D,GWN,3,UNIFIED,"[AC] t=156 [HELLO_TX] bcast battery=100.0%"
FF0D,GWN,3,UNIFIED,"[BB] t=159 [ENC_HELLO] TX: gwCh=1; chCh=0; secCh=0; sn=0 (encrypted)"
FF0D,GWN,3,UNIFIED,"[BB] t=159 [ENC_HELLO] Retry 3/3 sent (next at t=239)"
FF0D,GWN,3,UNIFIED,"[AC] t=163 [HELLO_TX] bcast battery=100.0%"
FF0D,GWN,3,UNIFIED,"[BB] t=168 [RX_FWD] Encrypted CMD.5 from Child FF07 -> Queue for Parent FF01"
FF0D,GWN,3,UNIFIED,"[BB] t=168 [Q_FWD] Queued CMD.5 (size=4/15)"
FF0D,GWN,3,UNIFIED,"[AC] t=173 [HELLO_TX] bcast battery=100.0%"
FF0D,GWN,3,UNIFIED,"[AC] t=178 [HELLO_TX] bcast battery=100.0%"
FF0D,GWN,3,UNIFIED,"[AC] t=187 [HELLO_TX] bcast battery=100.0%"
FF0D,GWN,3,UNIFIED,"[AC] t=192 [HELLO_TX] bcast battery=100.0%"
FF0D,GWN,3,UNIFIED,"[AC] t=196 [HELLO_TX] bcast battery=100.0%"
FF0D,GWN,3,UNIFIED,"[BB] t=200 [DEQUEUE] From Q_fwd (waited 92 TFs)"
FF0D,GWN,3,UNIFIED,"[BB] t=200 [PHASE_TX] Sent CMD.5 -> FF01 (Q_fwd=3; Q_local=0)"
FF0D,GWN,3,UNIFIED,"[BB] t=201 [PHASE_RX] Listening (Q_fwd=3; Q_local=0)"
FF0D,GWN,3,UNIFIED,"[AC] t=201 [HELLO_TX] bcast battery=100.0%"
FF0D,GWN,3,UNIFIED,"[BB] t=201 [RX_FWD] Encrypted CMD.5 from Child FF07 -> Queue for Parent FF01"
FF0D,GWN,3,UNIFIED,"[BB] t=201 [Q_FWD] Queued CMD.5 (size=4/15)"
FF0D,GWN,3,UNIFIED,"[BB] t=202 [PHASE_RX] Listening (Q_fwd=4; Q_local=0)"
FF0D,GWN,3,UNIFIED,"[BB] t=202 [RX_FWD] Encrypted CMD.5 from Child FF07 -> Queue for Parent FF01"
FF0D,GWN,3,UNIFIED,"[BB] t=202 [Q_FWD] Queued CMD.5 (size=5/15)"
FF0D,GWN,3,UNIFIED,"[BB] t=203 [PHASE_RX] Listening (Q_fwd=5; Q_local=0)"
FF0D,GWN,3,UNIFIED,"[BB] t=204 [DEQUEUE] From Q_fwd (waited 93 TFs)"
FF0D,GWN,3,UNIFIED,"[BB] t=204 [PHASE_TX] Sent CMD.5 -> FF01 (Q_fwd=4; Q_local=0)"
FF0D,GWN,3,UNIFIED,"[BB] t=205 [DEQUEUE] From Q_fwd (waited 77 TFs)"
FF0D,GWN,3,UNIFIED,"[BB] t=205 [PHASE_TX] Sent CMD.5 -> FF01 (Q_fwd=3; Q_local=0)"
FF0D,GWN,3,UNIFIED,"[BB] t=206 [DEQUEUE] From Q_fwd (waited 38 TFs)"
FF0D,GWN,3,UNIFIED,"[BB] t=206 [PHASE_TX] Sent CMD.5 -> FF01 (Q_fwd=2; Q_local=0)"
FF0D,GWN,3,UNIFIED,"[AC] t=206 [HELLO_TX] bcast battery=100.0%"
FF0D,GWN,3,UNIFIED,"[BB] t=207 [PHASE_RX] Listening (Q_fwd=2; Q_local=0)"
FF0D,GWN,3,UNIFIED,"[BB] t=208 [PHASE_RX] Listening (Q_fwd=2; Q_local=0)"
FF0D,GWN,3,UNIFIED,"[BB] t=209 [PHASE_RX] Listening (Q_fwd=2; Q_local=0)"
FF0D,GWN,3,UNIFIED,"[BB] t=210 [DEQUEUE] From Q_fwd (waited 9 TFs)"
FF0D,GWN,3,UNIFIED,"[BB] t=210 [PHASE_TX] Sent CMD.5 -> FF01 (Q_fwd=1; Q_local=0)"
FF0D,GWN,3,UNIFIED,"[BB] t=211 [DEQUEUE] From Q_fwd (waited 9 TFs)"
FF0D,GWN,3,UNIFIED,"[BB] t=211 [PHASE_TX] Sent CMD.5 -> FF01 (Q_fwd=0; Q_local=0)"
FF0D,GWN,3,UNIFIED,"[BB] t=212 [PHASE_TX] IDLE (queues empty)"
FF0D,GWN,3,UNIFIED,"[AC] t=212 [HELLO_TX] bcast battery=100.0%"
FF0D,GWN,3,UNIFIED,"[BB] t=213 [PHASE_RX] Listening (Q_fwd=0; Q_local=0)"
FF0D,GWN,3,UNIFIED,"[BB] t=214 [PHASE_RX] Listening (Q_fwd=0; Q_local=0)"
FF0D,GWN,3,UNIFIED,"[BB] t=215 [PHASE_RX] Listening (Q_fwd=0; Q_local=0)"
FF0D,GWN,3,UNIFIED,"[BB] t=216 [PHASE_TX] IDLE (queues empty)"
FF0D,GWN,3,UNIFIED,"[BB] t=217 [PHASE_TX] IDLE (queues empty)"
FF0D,GWN,3,UNIFIED,"[BB] t=218 [PHASE_TX] IDLE (queues empty)"
FF0D,GWN,3,UNIFIED,"[BB] t=219 [PHASE_RX] Listening (Q_fwd=0; Q_local=0)"
FF0D,GWN,3,UNIFIED,"[AC] t=219 [HELLO_TX] bcast battery=100.0%"
FF0D,GWN,3,UNIFIED,"[BB] t=220 [PHASE_RX] Listening (Q_fwd=0; Q_local=0)"
FF0D,GWN,3,UNIFIED,"[BB] t=221 [PHASE_RX] Listening (Q_fwd=0; Q_local=0)"
FF0D,GWN,3,UNIFIED,"[BB] t=222 [PHASE_TX] IDLE (queues empty)"
FF0D,GWN,3,UNIFIED,"[BB] t=223 [PHASE_TX] IDLE (queues empty)"
FF0D,GWN,3,UNIFIED,"[BB] t=224 [PHASE_TX] IDLE (queues empty)"
FF0D,GWN,3,UNIFIED,"[BB] t=225 [PHASE_RX] Listening (Q_fwd=0; Q_local=0)"
FF0D,GWN,3,UNIFIED,"[BB] t=226 [PHASE_RX] Listening (Q_fwd=0; Q_local=0)"
FF0D,GWN,3,UNIFIED,"[AC] t=226 [HELLO_TX] bcast battery=100.0%"
FF0D,GWN,3,UNIFIED,"[BB] t=227 [PHASE_RX] Listening (Q_fwd=0; Q_local=0)"
FF0D,GWN,3,UNIFIED,"[BB] t=228 [PHASE_TX] IDLE (queues empty)"
FF0D,GWN,3,UNIFIED,"[BB] t=229 [PHASE_TX] IDLE (queues empty)"
FF0D,GWN,3,UNIFIED,"[BB] t=230 [PHASE_TX] IDLE (queues empty)"
FF0D,GWN,3,UNIFIED,"[BB] t=231 [PHASE_RX] Listening (Q_fwd=0; Q_local=0)"
FF0D,GWN,3,UNIFIED,"[BB] t=232 [PHASE_RX] Listening (Q_fwd=0; Q_local=0)"
FF0D,GWN,3,UNIFIED,"[BB] t=233 [PHASE_RX] Listening (Q_fwd=0; Q_local=0)"
FF0D,GWN,3,UNIFIED,"[BB] t=234 [PHASE_TX] IDLE (queues empty)"
FF0D,GWN,3,UNIFIED,"[BB] t=235 [PHASE_TX] IDLE (queues empty)"
FF0D,GWN,3,UNIFIED,"[BB] t=236 [PHASE_TX] IDLE (queues empty)"
FF0D,GWN,3,UNIFIED,"[AC] t=236 [HELLO_TX] bcast battery=100.0%"
FF0D,GWN,3,UNIFIED,"[BB] t=237 [PHASE_RX] Listening (Q_fwd=0; Q_local=0)"
FF0D,GWN,3,UNIFIED,"[BB] t=238 [PHASE_RX] Listening (Q_fwd=0; Q_local=0)"
FF0D,GWN,3,UNIFIED,"[BB] t=239 [ENC_HELLO] TX: gwCh=1; chCh=0; secCh=0; sn=0 (encrypted)"
FF0D,GWN,3,UNIFIED,"[BB] t=239 [ENC_HELLO] Registry refresh #1 sent (next at t=319)"
FF0D,GWN,3,UNIFIED,"[BB] t=239 [PHASE_RX] Listening (Q_fwd=0; Q_local=0)"
FF0D,GWN,3,UNIFIED,"[BB] t=240 [PHASE_TX] IDLE (queues empty)"
FF0D,GWN,3,UNIFIED,"[BB] t=241 [PHASE_TX] IDLE (queues empty)"
FF0D,GWN,3,UNIFIED,"[BB] t=242 [PHASE_TX] IDLE (queues empty)"
FF0D,GWN,3,UNIFIED,"[BB] t=243 [PHASE_RX] Listening (Q_fwd=0; Q_local=0)"
FF0D,GWN,3,UNIFIED,"[BB] t=244 [PHASE_RX] Listening (Q_fwd=0; Q_local=0)"
FF0D,GWN,3,UNIFIED,"[BB] t=245 [PHASE_RX] Listening (Q_fwd=0; Q_local=0)"
FF0D,GWN,3,UNIFIED,"[BB] t=246 [PHASE_TX] IDLE (queues empty)"
FF0D,GWN,3,UNIFIED,"[AC] t=246 [HELLO_TX] bcast battery=100.0%"
FF0D,GWN,3,UNIFIED,"[BB] t=247 [PHASE_TX] IDLE (queues empty)"
FF0D,GWN,3,UNIFIED,"[BB] t=248 [PHASE_TX] IDLE (queues empty)"
FF0D,GWN,3,UNIFIED,"[BB] t=248 [RX_FWD] Encrypted CMD.5 from Child FF07 -> Queue for Parent FF01"
FF0D,GWN,3,UNIFIED,"[BB] t=248 [Q_FWD] Queued CMD.5 (size=1/15)"
FF0D,GWN,3,UNIFIED,"[BB] t=249 [PHASE_RX] Listening (Q_fwd=1; Q_local=0)"
FF0E,SINK,3,BACKBONE,"t=2 [TX] HB.0 -> <BCAST>"
FF0E,SINK,3,BACKBONE,"t=4 [PHY] Neighbour count: 2->3"
FF0E,SINK,3,BACKBONE,"t=5 [PHY] Neighbour count: 3->4"
FF0E,SINK,3,BACKBONE,"t=6 [PHY] Neighbour count: 4->5"
FF0E,SINK,3,BACKBONE,"t=7 [PHY] Neighbour count: 5->6"
FF0E,SINK,3,BACKBONE,"t=9 [TX] HB.0 -> <BCAST>"
FF0E,SINK,3,BACKBONE,"t=10 [PHY] Neighbour count: 6->7"
FF0E,SINK,3,BACKBONE,"t=13 [PHY] Neighbour count: 7->8"
FF0E,SINK,3,BACKBONE,"t=14 [PHY] Neighbour count: 8->9"
FF0E,SINK,3,BACKBONE,"t=16 [TX] HB.0 -> <BCAST>"
FF0E,SINK,3,BACKBONE,"[LOCK][SET] partner=FF0C timeout=6"
FF0E,SINK,3,BACKBONE,"t=22 [HANDSHAKE] Lock set with FF0C (timer=6)"
FF0E,SINK,3,BACKBONE,"[LOCK][SET] partner=FF0C timeout=6"
FF0E,SINK,3,BACKBONE,"t=22 [TX] CMD.0 -> FF0C"
FF0E,SINK,3,BACKBONE,"t=22 [PHY] Neighbour count: 10->11"
FF0E,SINK,3,BACKBONE,"t=24 [RX] CMD.1 <- FF0C RSSI=7.8"
FF0E,SINK,3,BACKBONE,"[LOCK][REFRESH] partner=FF0C timeout=6"
FF0E,SINK,3,BACKBONE,"t=24 [TX] CMD.2 -> FF0C"
FF0E,SINK,3,BACKBONE,"[LOCK][REFRESH] partner=FF0C timeout=6"
FF0E,SINK,3,BACKBONE,"t=24 [HANDSHAKE] FF0C added to pendingChildren (awaiting ENC_HELLO)"
FF0E,SINK,3,BACKBONE,"t=24 [TX] CMD.4 -> FF0C"
FF0E,SINK,3,BACKBONE,"t=24 [PHASE] Sending phaseOffset=1 to child FF0C (self=0)"
FF0E,SINK,3,BACKBONE,"[LOCK][REFRESH] partner=FF0C timeout=6"
FF0E,SINK,3,BACKBONE,"[LOCK][SET] partner=FF0C timeout=6"
FF0E,SINK,3,BACKBONE,"t=24 [PHY] Neighbour count: 11->12"
FF0E,SINK,3,BACKBONE,"[LOCK][CLEAR][SUCCESS] partner=FF0C"
FF0E,SINK,3,BACKBONE,"[LOCK][SET] partner=FF05 timeout=6"
FF0E,SINK,3,BACKBONE,"t=31 [HANDSHAKE] Lock set with FF05 (timer=6)"
FF0E,SINK,3,BACKBONE,"[LOCK][SET] partner=FF05 timeout=6"
FF0E,SINK,3,BACKBONE,"t=31 [TX] CMD.0 -> FF05"
FF0E,SINK,3,BACKBONE,"t=33 [PHY] Neighbour count: 12->13"
FF0E,SINK,3,BACKBONE,"[LOCK][CLEAR] partner=FF05"
FF0E,SINK,3,BACKBONE,"t=37 [SINK] Received encrypted CMD.5 from child FF0C - TERMINATING"
FF0E,SINK,3,BACKBONE,"[LOCK][SET] partner=FF01 timeout=6"
FF0E,SINK,3,BACKBONE,"t=39 [HANDSHAKE] Lock set with FF01 (timer=6)"
FF0E,SINK,3,BACKBONE,"[LOCK][SET] partner=FF01 timeout=6"
FF0E,SINK,3,BACKBONE,"t=39 [TX] CMD.0 -> FF01"
FF0E,SINK,3,BACKBONE,"t=40 [PHY] Neighbour count: 13->14"
FF0E,SINK,3,BACKBONE,"t=41 [RX] CMD.1 <- FF01 RSSI=0.8"
FF0E,SINK,3,BACKBONE,"[LOCK][REFRESH] partner=FF01 timeout=6"
FF0E,SINK,3,BACKBONE,"t=41 [TX] CMD.2 -> FF01"
FF0E,SINK,3,BACKBONE,"[LOCK][REFRESH] partner=FF01 timeout=6"
FF0E,SINK,3,BACKBONE,"t=41 [HANDSHAKE] FF01 added to pendingChildren (awaiting ENC_HELLO)"
FF0E,SINK,3,BACKBONE,"t=41 [TX] CMD.4 -> FF01"
FF0E,SINK,3,BACKBONE,"t=41 [PHASE] Sending phaseOffset=1 to child FF01 (self=0)"
FF0E,SINK,3,BACKBONE,"[LOCK][REFRESH] partner=FF01 timeout=6"
FF0E,SINK,3,BACKBONE,"[LOCK][SET] partner=FF01 timeout=6"
FF0E,SINK,3,BACKBONE,"[LOCK][CLEAR][SUCCESS] partner=FF01"
FF0E,SINK,3,BACKBONE,"t=54 [SINK] Received encrypted CMD.5 from child FF01 - TERMINATING"
FF0E,SINK,3,BACKBONE,"t=57 [SINK] Received encrypted CMD.5 from child FF0C - TERMINATING"
FF0E,SINK,3,BACKBONE,"t=62 [PHY] Neighbour count: 14->15"
FF0E,SINK,3,BACKBONE,"t=63 [PHY] Neighbour count: 15->16"
FF0E,SINK,3,BACKBONE,"t=72 [PHY] Neighbour count: 16->17"
FF0E,SINK,3,BACKBONE,"t=74 [SINK] Received encrypted CMD.5 from child FF01 - TERMINATING"
FF0E,SINK,3,BACKBONE,"t=93 [SINK] Received encrypted CMD.5 from child FF01 - TERMINATING"
FF0E,SINK,3,BACKBONE,"t=97 [SINK] Received encrypted CMD.5 from child FF0C - TERMINATING"
FF0E,SINK,3,BACKBONE,"t=114 [SINK] Received encrypted CMD.5 from child FF01 - TERMINATING"
FF0E,SINK,3,BACKBONE,"t=132 [RX] CMD.0 <- FF04 RSSI=0.0"
FF0E,SINK,3,BACKBONE,"t=132 [TX] CMD.3 -> FF04"
FF0E,SINK,3,BACKBONE,"t=177 [SINK] Received encrypted CMD.5 from child FF0C - TERMINATING"
FF0E,SINK,3,BACKBONE,"t=187 [PHY] Neighbour count: 18->19"
FF0E,SINK,3,BACKBONE,"t=194 [SINK] Received encrypted CMD.5 from child FF01 - TERMINATING"
FF0E,SINK,3,BACKBONE,"t=201 [SINK] Received encrypted CMD.5 from child FF0C - TERMINATING"
FF0E,SINK,3,BACKBONE,"t=202 [SINK] Received encrypted CMD.5 from child FF0C - TERMINATING"
FF0E,SINK,3,BACKBONE,"t=203 [SINK] Received encrypted CMD.5 from child FF0C - TERMINATING"
FF0E,SINK,3,BACKBONE,"t=207 [SINK] Received encrypted CMD.5 from child FF0C - TERMINATING"
FF0E,SINK,3,BACKBONE,"t=208 [SINK] Received encrypted CMD.5 from child FF0C - TERMINATING"
FF0E,SINK,3,BACKBONE,"t=209 [SINK] Received encrypted CMD.5 from child FF0C - TERMINATING"
FF0E,SINK,3,BACKBONE,"t=213 [SINK] Received encrypted CMD.5 from child FF0C - TERMINATING"
FF0E,SINK,3,BACKBONE,"t=214 [SINK] Received encrypted CMD.5 from child FF0C - TERMINATING"
FF0E,SINK,3,BACKBONE,"t=215 [SINK] Received encrypted CMD.5 from child FF0C - TERMINATING"
FF0E,SINK,3,BACKBONE,"t=219 [SINK] Received encrypted CMD.5 from child FF0C - TERMINATING"
FF0E,SINK,3,BACKBONE,"t=220 [SINK] Received encrypted CMD.5 from child FF0C - TERMINATING"
FF0E,SINK,3,BACKBONE,"t=221 [SINK] Received encrypted CMD.5 from child FF0C - TERMINATING"
FF0E,SINK,3,BACKBONE,"t=226 [SINK] Received encrypted CMD.5 from child FF0C - TERMINATING"
FF0E,SINK,3,BACKBONE,"t=227 [SINK] Received encrypted CMD.5 from child FF0C - TERMINATING"
FF0E,SINK,3,BACKBONE,"t=231 [SINK] Received encrypted CMD.5 from child FF0C - TERMINATING"
FF0E,SINK,3,BACKBONE,"t=232 [SINK] Received encrypted CMD.5 from child FF0C - TERMINATING"
FF0E,SINK,3,BACKBONE,"t=233 [SINK] Received encrypted CMD.5 from child FF0C - TERMINATING"
FF0E,SINK,3,BACKBONE,"t=237 [SINK] Received encrypted CMD.5 from child FF0C - TERMINATING"
FF0E,SINK,3,BACKBONE,"t=238 [SINK] Received encrypted CMD.5 from child FF0C - TERMINATING"
FF0E,SINK,3,BACKBONE,"t=239 [SINK] Received encrypted CMD.5 from child FF0C - TERMINATING"
FF0E,SINK,3,BACKBONE,"t=243 [SINK] Received encrypted CMD.5 from child FF0C - TERMINATING"
FF0E,SINK,3,BACKBONE,"t=244 [SINK] Received encrypted CMD.5 from child FF0C - TERMINATING"
FF0E,SINK,3,BACKBONE,"t=245 [SINK] Received encrypted CMD.5 from child FF0C - TERMINATING"
FF0E,SINK,3,BACKBONE,"t=249 [SINK] Received encrypted CMD.5 from child FF0C - TERMINATING"
FF0E,SINK,3,ACCESS,"t=4 [PHY] Neighbour count: 2->3"
FF0E,SINK,3,ACCESS,"t=5 [PHY] Neighbour count: 3->4"
FF0E,SINK,3,ACCESS,"t=6 [PHY] Neighbour count: 4->5"
FF0E,SINK,3,ACCESS,"t=7 [PHY] Neighbour count: 5->6"
FF0E,SINK,3,ACCESS,"t=10 [HELLO_TX] bcast battery=100.0%"
FF0E,SINK,3,ACCESS,"t=10 [PHY] Neighbour count: 6->7"
FF0E,SINK,3,ACCESS,"t=13 [PHY] Neighbour count: 7->8"
FF0E,SINK,3,ACCESS,"t=14 [PHY] Neighbour count: 8->9"
FF0E,SINK,3,ACCESS,"t=18 [HELLO_TX] bcast battery=100.0%"
FF0E,SINK,3,ACCESS,"t=22 [PHY] Neighbour count: 10->11"
FF0E,SINK,3,ACCESS,"t=24 [PHY] Neighbour count: 11->12"
FF0E,SINK,3,ACCESS,"t=25 [HELLO_TX] bcast battery=100.0%"
FF0E,SINK,3,ACCESS,"t=29 [HELLO_TX] bcast battery=100.0%"
FF0E,SINK,3,ACCESS,"t=33 [PHY] Neighbour count: 12->13"
FF0E,SINK,3,ACCESS,"t=36 [HELLO_TX] bcast battery=100.0%"
FF0E,SINK,3,ACCESS,"t=40 [PHY] Neighbour count: 13->14"
FF0E,SINK,3,ACCESS,"t=46 [HELLO_TX] bcast battery=100.0%"
FF0E,SINK,3,ACCESS,"t=62 [PHY] Neighbour count: 14->15"
FF0E,SINK,3,ACCESS,"t=63 [PHY] Neighbour count: 15->16"
FF0E,SINK,3,ACCESS,"t=72 [PHY] Neighbour count: 16->17"
FF0E,SINK,3,ACCESS,"t=187 [PHY] Neighbour count: 18->19"
FF0E,SINK,3,UNIFIED,"[BB] t=2 [TX] HB.0 -> <BCAST>"
FF0E,SINK,3,UNIFIED,"t=3 [PHY] Neighbor count=1"
FF0E,SINK,3,UNIFIED,"t=4 [PHY] Neighbor count=2"
FF0E,SINK,3,UNIFIED,"t=4 [PHY] Neighbour count: 2->3"
FF0E,SINK,3,UNIFIED,"t=5 [PHY] Neighbor count=3"
FF0E,SINK,3,UNIFIED,"t=5 [PHY] Neighbour count: 3->4"
FF0E,SINK,3,UNIFIED,"t=6 [PHY] Neighbor count=4"
FF0E,SINK,3,UNIFIED,"t=6 [PHY] Neighbour count: 4->5"
FF0E,SINK,3,UNIFIED,"t=7 [PHY] Neighbor count=5"
FF0E,SINK,3,UNIFIED,"t=7 [PHY] Neighbour count: 5->6"
FF0E,SINK,3,UNIFIED,"t=8 [PHY] Neighbor count=6"
FF0E,SINK,3,UNIFIED,"[BB] t=9 [TX] HB.0 -> <BCAST>"
FF0E,SINK,3,UNIFIED,"[AC] t=10 [HELLO_TX] bcast battery=100.0%"
FF0E,SINK,3,UNIFIED,"t=10 [PHY] Neighbour count: 6->7"
FF0E,SINK,3,UNIFIED,"t=11 [PHY] Neighbor count=7"
FF0E,SINK,3,UNIFIED,"t=13 [PHY] Neighbour count: 7->8"
FF0E,SINK,3,UNIFIED,"t=14 [PHY] Neighbor count=8"
FF0E,SINK,3,UNIFIED,"t=14 [PHY] Neighbour count: 8->9"
FF0E,SINK,3,UNIFIED,"t=15 [PHY] Neighbor count=9"
FF0E,SINK,3,UNIFIED,"[BB] t=16 [TX] HB.0 -> <BCAST>"
FF0E,SINK,3,UNIFIED,"[AC] t=18 [HELLO_TX] bcast battery=100.0%"
FF0E,SINK,3,UNIFIED,"t=21 [PHY] Neighbor count=10"
FF0E,SINK,3,UNIFIED,"t=21 [SINK] Boot complete; ready to recruit"
FF0E,SINK,3,UNIFIED,"t=21 [SINK] Recruitment targets (threshold 0.95): 7 nodes"
FF0E,SINK,3,UNIFIED,"t=22 [RECRUIT] INIT(2/4) -> FF0C"
FF0E,SINK,3,UNIFIED,"[BB] [LOCK][SET] partner=FF0C timeout=6"
FF0E,SINK,3,UNIFIED,"[BB] t=22 [HANDSHAKE] Lock set with FF0C (timer=6)"
FF0E,SINK,3,UNIFIED,"[BB] [LOCK][SET] partner=FF0C timeout=6"
FF0E,SINK,3,UNIFIED,"[BB] t=22 [TX] CMD.0 -> FF0C"
FF0E,SINK,3,UNIFIED,"t=22 [PHY] Neighbour count: 10->11"
FF0E,SINK,3,UNIFIED,"t=23 [PHY] Neighbor count=11"
FF0E,SINK,3,UNIFIED,"[BB] t=24 [RX] CMD.1 <- FF0C RSSI=7.8"
FF0E,SINK,3,UNIFIED,"[BB] [LOCK][REFRESH] partner=FF0C timeout=6"
FF0E,SINK,3,UNIFIED,"[BB] t=24 [TX] CMD.2 -> FF0C"
FF0E,SINK,3,UNIFIED,"[BB] [LOCK][REFRESH] partner=FF0C timeout=6"
FF0E,SINK,3,UNIFIED,"[BB] t=24 [HANDSHAKE] FF0C added to pendingChildren (awaiting ENC_HELLO)"
FF0E,SINK,3,UNIFIED,"[BB] t=24 [TX] CMD.4 -> FF0C"
FF0E,SINK,3,UNIFIED,"[BB] t=24 [PHASE] Sending phaseOffset=1 to child FF0C (self=0)"
FF0E,SINK,3,UNIFIED,"[BB] [LOCK][REFRESH] partner=FF0C timeout=6"
FF0E,SINK,3,UNIFIED,"[BB] [LOCK][SET] partner=FF0C timeout=6"
FF0E,SINK,3,UNIFIED,"t=24 [PHY] Neighbour count: 11->12"
FF0E,SINK,3,UNIFIED,"t=25 [PHY] Neighbor count=12"
FF0E,SINK,3,UNIFIED,"[AC] t=25 [HELLO_TX] bcast battery=100.0%"
FF0E,SINK,3,UNIFIED,"[AC] t=29 [HELLO_TX] bcast battery=100.0%"
FF0E,SINK,3,UNIFIED,"[BB] [LOCK][CLEAR][SUCCESS] partner=FF0C"
FF0E,SINK,3,UNIFIED,"t=29 [SINK] Promoted FF0C to children (DIRECT ENC_HELLO)"
FF0E,SINK,3,UNIFIED,"t=29 [SINK] ENC_HELLO from FF0C (parent=FF0E): sn=0   "
FF0E,SINK,3,UNIFIED,"t=31 [RECRUIT] INIT(2/4) -> FF05"
FF0E,SINK,3,UNIFIED,"[BB] [LOCK][SET] partner=FF05 timeout=6"
FF0E,SINK,3,UNIFIED,"[BB] t=31 [HANDSHAKE] Lock set with FF05 (timer=6)"
FF0E,SINK,3,UNIFIED,"[BB] [LOCK][SET] partner=FF05 timeout=6"
FF0E,SINK,3,UNIFIED,"[BB] t=31 [TX] CMD.0 -> FF05"
FF0E,SINK,3,UNIFIED,"t=33 [PHY] Neighbour count: 12->13"
FF0E,SINK,3,UNIFIED,"t=34 [PHY] Neighbor count=13"
FF0E,SINK,3,UNIFIED,"[AC] t=36 [HELLO_TX] bcast battery=100.0%"
FF0E,SINK,3,UNIFIED,"t=37 [SINK_TIMEOUT] Attempt 2/4 for FF05 - will retry"
FF0E,SINK,3,UNIFIED,"[BB] [LOCK][CLEAR] partner=FF05"
FF0E,SINK,3,UNIFIED,"[BB] t=37 [SINK] Received encrypted CMD.5 from child FF0C - TERMINATING"
FF0E,SINK,3,UNIFIED,"t=37 [SINK] ENC_HELLO from FF0C (parent=FF0E): sn=0   "
FF0E,SINK,3,UNIFIED,"t=39 [RECRUIT] INIT(2/4) -> FF01"
FF0E,SINK,3,UNIFIED,"[BB] [LOCK][SET] partner=FF01 timeout=6"
FF0E,SINK,3,UNIFIED,"[BB] t=39 [HANDSHAKE] Lock set with FF01 (timer=6)"
FF0E,SINK,3,UNIFIED,"[BB] [LOCK][SET] partner=FF01 timeout=6"
FF0E,SINK,3,UNIFIED,"[BB] t=39 [TX] CMD.0 -> FF01"
FF0E,SINK,3,UNIFIED,"t=40 [PHY] Neighbour count: 13->14"
FF0E,SINK,3,UNIFIED,"t=41 [PHY] Neighbor count=14"
FF0E,SINK,3,UNIFIED,"[BB] t=41 [RX] CMD.1 <- FF01 RSSI=0.8"
FF0E,SINK,3,UNIFIED,"[BB] [LOCK][REFRESH] partner=FF01 timeout=6"
FF0E,SINK,3,UNIFIED,"[BB] t=41 [TX] CMD.2 -> FF01"
FF0E,SINK,3,UNIFIED,"[BB] [LOCK][REFRESH] partner=FF01 timeout=6"
FF0E,SINK,3,UNIFIED,"[BB] t=41 [HANDSHAKE] FF01 added to pendingChildren (awaiting ENC_HELLO)"
FF0E,SINK,3,UNIFIED,"[BB] t=41 [TX] CMD.4 -> FF01"
FF0E,SINK,3,UNIFIED,"[BB] t=41 [PHASE] Sending phaseOffset=1 to child FF01 (self=0)"
FF0E,SINK,3,UNIFIED,"[BB] [LOCK][REFRESH] partner=FF01 timeout=6"
FF0E,SINK,3,UNIFIED,"[BB] [LOCK][SET] partner=FF01 timeout=6"
FF0E,SINK,3,UNIFIED,"[AC] t=46 [HELLO_TX] bcast battery=100.0%"
FF0E,SINK,3,UNIFIED,"[BB] [LOCK][CLEAR][SUCCESS] partner=FF01"
FF0E,SINK,3,UNIFIED,"t=46 [SINK] Promoted FF01 to children (DIRECT ENC_HELLO)"
FF0E,SINK,3,UNIFIED,"t=46 [SINK] ENC_HELLO from FF01 (parent=FF0E): sn=0   "
FF0E,SINK,3,UNIFIED,"t=47 [SINK] Recruitment complete; 2 nodes secured"
FF0E,SINK,3,UNIFIED,"t=48 [SINK] Terminal: recruitment exhausted; 2 children secured"
FF0E,SINK,3,UNIFIED,"[BB] t=54 [SINK] Received encrypted CMD.5 from child FF01 - TERMINATING"
FF0E,SINK,3,UNIFIED,"t=54 [SINK] ENC_HELLO from FF01 (parent=FF0E): sn=0   "
FF0E,SINK,3,UNIFIED,"[BB] t=57 [SINK] Received encrypted CMD.5 from child FF0C - TERMINATING"
FF0E,SINK,3,UNIFIED,"t=57 [SINK] ENC_HELLO from FF0C (parent=FF0E): sn=0 gwCh=[FF05]  "
FF0E,SINK,3,UNIFIED,"t=62 [PHY] Neighbour count: 14->15"
FF0E,SINK,3,UNIFIED,"t=63 [PHY] Neighbor count=15"
FF0E,SINK,3,UNIFIED,"t=63 [PHY] Neighbour count: 15->16"
FF0E,SINK,3,UNIFIED,"t=64 [PHY] Neighbor count=16"
FF0E,SINK,3,UNIFIED,"t=72 [PHY] Neighbour count: 16->17"
FF0E,SINK,3,UNIFIED,"t=73 [PHY] Neighbor count=17"
FF0E,SINK,3,UNIFIED,"[BB] t=74 [SINK] Received encrypted CMD.5 from child FF01 - TERMINATING"
FF0E,SINK,3,UNIFIED,"t=74 [SINK] ENC_HELLO from FF01 (parent=FF0E): sn=0   "
FF0E,SINK,3,UNIFIED,"[BB] t=93 [SINK] Received encrypted CMD.5 from child FF01 - TERMINATING"
FF0E,SINK,3,UNIFIED,"t=93 [SINK] FORWARDED ENC_HELLO: orig=FF0D via FF01"
FF0E,SINK,3,UNIFIED,"t=93 [SINK] ENC_HELLO from FF0D (parent=FF01): sn=0   "
FF0E,SINK,3,UNIFIED,"[BB] t=97 [SINK] Received encrypted CMD.5 from child FF0C - TERMINATING"
FF0E,SINK,3,UNIFIED,"t=97 [SINK] ENC_HELLO from FF0C (parent=FF0E): sn=0 gwCh=[FF05]  "
FF0E,SINK,3,UNIFIED,"t=111 [PHY] Neighbor count=18"
FF0E,SINK,3,UNIFIED,"[BB] t=114 [SINK] Received encrypted CMD.5 from child FF01 - TERMINATING"
FF0E,SINK,3,UNIFIED,"t=114 [SINK] ENC_HELLO from FF01 (parent=FF0E): sn=0 gwCh=[FF0D]  "
FF0E,SINK,3,UNIFIED,"[BB] t=132 [RX] CMD.0 <- FF04 RSSI=0.0"
FF0E,SINK,3,UNIFIED,"[BB] t=132 [TX] CMD.3 -> FF04"
FF0E,SINK,3,UNIFIED,"t=132 [REJ_PARENT] → FF04"
FF0E,SINK,3,UNIFIED,"[BB] t=177 [SINK] Received encrypted CMD.5 from child FF0C - TERMINATING"
FF0E,SINK,3,UNIFIED,"t=177 [SINK] ENC_HELLO from FF0C (parent=FF0E): sn=0 gwCh=[FF05]  "
FF0E,SINK,3,UNIFIED,"t=187 [PHY] Neighbour count: 18->19"
FF0E,SINK,3,UNIFIED,"t=188 [PHY] Neighbor count=19"
FF0E,SINK,3,UNIFIED,"[BB] t=194 [SINK] Received encrypted CMD.5 from child FF01 - TERMINATING"
FF0E,SINK,3,UNIFIED,"t=194 [SINK] ENC_HELLO from FF01 (parent=FF0E): sn=0 gwCh=[FF0D]  "
FF0E,SINK,3,UNIFIED,"[BB] t=201 [SINK] Received encrypted CMD.5 from child FF0C - TERMINATING"
FF0E,SINK,3,UNIFIED,"t=201 [SINK] FORWARDED ENC_HELLO: orig=FF05 via FF0C"
FF0E,SINK,3,UNIFIED,"t=201 [SINK] ENC_HELLO from FF05 (parent=FF0C): sn=0   "
FF0E,SINK,3,UNIFIED,"[BB] t=202 [SINK] Received encrypted CMD.5 from child FF0C - TERMINATING"
FF0E,SINK,3,UNIFIED,"t=202 [SINK] FORWARDED ENC_HELLO: orig=FF08 via FF0C"
FF0E,SINK,3,UNIFIED,"t=202 [SINK] ENC_HELLO from FF08 (parent=FF05): sn=0   "
FF0E,SINK,3,UNIFIED,"[BB] t=203 [SINK] Received encrypted CMD.5 from child FF0C - TERMINATING"
FF0E,SINK,3,UNIFIED,"t=203 [SINK] FORWARDED ENC_HELLO: orig=FF05 via FF0C"
FF0E,SINK,3,UNIFIED,"t=203 [SINK] ENC_HELLO from FF05 (parent=FF0C): sn=0 gwCh=[FF08]  "
FF0E,SINK,3,UNIFIED,"[BB] t=207 [SINK] Received encrypted CMD.5 from child FF0C - TERMINATING"
FF0E,SINK,3,UNIFIED,"t=207 [SINK] FORWARDED ENC_HELLO: orig=FF05 via FF0C"
FF0E,SINK,3,UNIFIED,"t=207 [SINK] ENC_HELLO from FF05 (parent=FF0C): sn=0 gwCh=[FF08]  "
FF0E,SINK,3,UNIFIED,"[BB] t=208 [SINK] Received encrypted CMD.5 from child FF0C - TERMINATING"
FF0E,SINK,3,UNIFIED,"t=208 [SINK] FORWARDED ENC_HELLO: orig=FF05 via FF0C"
FF0E,SINK,3,UNIFIED,"t=208 [SINK] ENC_HELLO from FF05 (parent=FF0C): sn=0 gwCh=[FF08]  "
FF0E,SINK,3,UNIFIED,"[BB] t=209 [SINK] Received encrypted CMD.5 from child FF0C - TERMINATING"
FF0E,SINK,3,UNIFIED,"t=209 [SINK] FORWARDED ENC_HELLO: orig=FF08 via FF0C"
FF0E,SINK,3,UNIFIED,"t=209 [SINK] ENC_HELLO from FF08 (parent=FF05): sn=0   "
FF0E,SINK,3,UNIFIED,"[BB] t=213 [SINK] Received encrypted CMD.5 from child FF0C - TERMINATING"
FF0E,SINK,3,UNIFIED,"t=213 [SINK] FORWARDED ENC_HELLO: orig=FF0A via FF0C"
FF0E,SINK,3,UNIFIED,"t=213 [SINK] ENC_HELLO from FF0A (parent=FF08): sn=0   "
FF0E,SINK,3,UNIFIED,"[BB] t=214 [SINK] Received encrypted CMD.5 from child FF0C - TERMINATING"
FF0E,SINK,3,UNIFIED,"t=214 [SINK] FORWARDED ENC_HELLO: orig=FF08 via FF0C"
FF0E,SINK,3,UNIFIED,"t=214 [SINK] ENC_HELLO from FF08 (parent=FF05): sn=0 gwCh=[FF0A]  "
FF0E,SINK,3,UNIFIED,"[BB] t=215 [SINK] Received encrypted CMD.5 from child FF0C - TERMINATING"
FF0E,SINK,3,UNIFIED,"t=215 [SINK] FORWARDED ENC_HELLO: orig=FF08 via FF0C"
FF0E,SINK,3,UNIFIED,"t=215 [SINK] ENC_HELLO from FF08 (parent=FF05): sn=0 gwCh=[FF0A]  "
FF0E,SINK,3,UNIFIED,"[BB] t=219 [SINK] Received encrypted CMD.5 from child FF0C - TERMINATING"
FF0E,SINK,3,UNIFIED,"t=219 [SINK] FORWARDED ENC_HELLO: orig=FF08 via FF0C"
FF0E,SINK,3,UNIFIED,"t=219 [SINK] ENC_HELLO from FF08 (parent=FF05): sn=0 gwCh=[FF0A]  "
FF0E,SINK,3,UNIFIED,"[BB] t=220 [SINK] Received encrypted CMD.5 from child FF0C - TERMINATING"
FF0E,SINK,3,UNIFIED,"t=220 [SINK] FORWARDED ENC_HELLO: orig=FF06 via FF0C"
FF0E,SINK,3,UNIFIED,"t=220 [SINK] ENC_HELLO from FF06 (parent=FF0A): sn=0   "
FF0E,SINK,3,UNIFIED,"[BB] t=221 [SINK] Received encrypted CMD.5 from child FF0C - TERMINATING"
FF0E,SINK,3,UNIFIED,"t=221 [SINK] FORWARDED ENC_HELLO: orig=FF0A via FF0C"
FF0E,SINK,3,UNIFIED,"t=221 [SINK] ENC_HELLO from FF0A (parent=FF08): sn=0 gwCh=[FF06]  "
FF0E,SINK,3,UNIFIED,"[BB] t=226 [SINK] Received encrypted CMD.5 from child FF0C - TERMINATING"
FF0E,SINK,3,UNIFIED,"t=226 [SINK] FORWARDED ENC_HELLO: orig=FF0A via FF0C"
FF0E,SINK,3,UNIFIED,"t=226 [SINK] ENC_HELLO from FF0A (parent=FF08): sn=0 gwCh=[FF06]  "
FF0E,SINK,3,UNIFIED,"[BB] t=227 [SINK] Received encrypted CMD.5 from child FF0C - TERMINATING"
FF0E,SINK,3,UNIFIED,"t=227 [SINK] FORWARDED ENC_HELLO: orig=FF06 via FF0C"
FF0E,SINK,3,UNIFIED,"t=227 [SINK] ENC_HELLO from FF06 (parent=FF0A): sn=0   "
FF0E,SINK,3,UNIFIED,"[BB] t=231 [SINK] Received encrypted CMD.5 from child FF0C - TERMINATING"
FF0E,SINK,3,UNIFIED,"t=231 [SINK] FORWARDED ENC_HELLO: orig=FF0A via FF0C"
FF0E,SINK,3,UNIFIED,"t=231 [SINK] ENC_HELLO from FF0A (parent=FF08): sn=0 gwCh=[FF06]  "
FF0E,SINK,3,UNIFIED,"[BB] t=232 [SINK] Received encrypted CMD.5 from child FF0C - TERMINATING"
FF0E,SINK,3,UNIFIED,"t=232 [SINK] FORWARDED ENC_HELLO: orig=FF06 via FF0C"
FF0E,SINK,3,UNIFIED,"t=232 [SINK] ENC_HELLO from FF06 (parent=FF0A): sn=0 gwCh=[FF09]  "
FF0E,SINK,3,UNIFIED,"[BB] t=233 [SINK] Received encrypted CMD.5 from child FF0C - TERMINATING"
FF0E,SINK,3,UNIFIED,"t=233 [SINK] FORWARDED ENC_HELLO: orig=FF09 via FF0C"
FF0E,SINK,3,UNIFIED,"t=233 [SINK] ENC_HELLO from FF09 (parent=FF06): sn=0   "
FF0E,SINK,3,UNIFIED,"[BB] t=237 [SINK] Received encrypted CMD.5 from child FF0C - TERMINATING"
FF0E,SINK,3,UNIFIED,"t=237 [SINK] FORWARDED ENC_HELLO: orig=FF02 via FF0C"
FF0E,SINK,3,UNIFIED,"t=237 [SINK] ENC_HELLO from FF02 (parent=FF09): sn=0   "
FF0E,SINK,3,UNIFIED,"[BB] t=238 [SINK] Received encrypted CMD.5 from child FF0C - TERMINATING"
FF0E,SINK,3,UNIFIED,"t=238 [SINK] FORWARDED ENC_HELLO: orig=FF09 via FF0C"
FF0E,SINK,3,UNIFIED,"t=238 [SINK] ENC_HELLO from FF09 (parent=FF06): sn=0 gwCh=[FF02]  "
FF0E,SINK,3,UNIFIED,"[BB] t=239 [SINK] Received encrypted CMD.5 from child FF0C - TERMINATING"
FF0E,SINK,3,UNIFIED,"t=239 [SINK] FORWARDED ENC_HELLO: orig=FF09 via FF0C"
FF0E,SINK,3,UNIFIED,"t=239 [SINK] ENC_HELLO from FF09 (parent=FF06): sn=0 gwCh=[FF02]  "
FF0E,SINK,3,UNIFIED,"[BB] t=243 [SINK] Received encrypted CMD.5 from child FF0C - TERMINATING"
FF0E,SINK,3,UNIFIED,"t=243 [SINK] FORWARDED ENC_HELLO: orig=FF02 via FF0C"
FF0E,SINK,3,UNIFIED,"t=243 [SINK] ENC_HELLO from FF02 (parent=FF09): sn=0   "
FF0E,SINK,3,UNIFIED,"[BB] t=244 [SINK] Received encrypted CMD.5 from child FF0C - TERMINATING"
FF0E,SINK,3,UNIFIED,"t=244 [SINK] FORWARDED ENC_HELLO: orig=FF03 via FF0C"
FF0E,SINK,3,UNIFIED,"t=244 [SINK] ENC_HELLO from FF03 (parent=FF02): sn=0   "
FF0E,SINK,3,UNIFIED,"[BB] t=245 [SINK] Received encrypted CMD.5 from child FF0C - TERMINATING"
FF0E,SINK,3,UNIFIED,"t=245 [SINK] FORWARDED ENC_HELLO: orig=FF06 via FF0C"
FF0E,SINK,3,UNIFIED,"t=245 [SINK] ENC_HELLO from FF06 (parent=FF0A): sn=0 gwCh=[FF09] chCh=[AA01] "
FF0E,SINK,3,UNIFIED,"[BB] t=249 [SINK] Received encrypted CMD.5 from child FF0C - TERMINATING"
FF0E,SINK,3,UNIFIED,"t=249 [SINK] FORWARDED ENC_HELLO: orig=FF02 via FF0C"
FF0E,SINK,3,UNIFIED,"t=249 [SINK] ENC_HELLO from FF02 (parent=FF09): sn=0 gwCh=[FF03]  "
AA01,CH,2,UNIFIED,"t=4 [HELLO] NEW FF06 tier=3 verified=0"
AA01,CH,2,UNIFIED,"t=5 [HELLO] NEW 000C tier=1 verified=0"
AA01,CH,2,UNIFIED,"t=6 [HELLO] NEW 001D tier=1 verified=0"
AA01,CH,2,UNIFIED,"t=9 [HELLO] NEW 0054 tier=1 verified=0"
AA01,CH,2,UNIFIED,"t=10 [HELLO_TX] bat=100% nbr=4"
AA01,CH,2,UNIFIED,"t=13 [HELLO] NEW 0057 tier=1 verified=0"
AA01,CH,2,UNIFIED,"t=14 [HELLO] NEW 001C tier=1 verified=0"
AA01,CH,2,UNIFIED,"t=19 [HELLO_TX] bat=100% nbr=6"
AA01,CH,2,UNIFIED,"t=27 [HELLO_TX] bat=100% nbr=6"
AA01,CH,2,UNIFIED,"t=37 [HELLO_TX] bat=100% nbr=6"
AA01,CH,2,UNIFIED,"t=47 [HELLO_TX] bat=100% nbr=6"
AA01,CH,2,UNIFIED,"t=47 [HELLO] NEW 0014 tier=1 verified=0"
AA01,CH,2,UNIFIED,"t=53 [HELLO_TX] bat=100% nbr=7"
AA01,CH,2,UNIFIED,"t=58 [HELLO_TX] bat=100% nbr=7"
AA01,CH,2,UNIFIED,"t=62 [HELLO_TX] bat=100% nbr=7"
AA01,CH,2,UNIFIED,"t=63 [HELLO] NEW 003C tier=1 verified=0"
AA01,CH,2,UNIFIED,"t=67 [HELLO] NEW FF0A tier=3 verified=1"
AA01,CH,2,UNIFIED,"t=68 [HELLO_TX] bat=100% nbr=9"
AA01,CH,2,UNIFIED,"t=76 [HELLO_TX] bat=100% nbr=9"
AA01,CH,2,UNIFIED,"t=82 [HELLO_TX] bat=100% nbr=9"
AA01,CH,2,UNIFIED,"t=92 [HELLO_TX] bat=100% nbr=9"
AA01,CH,2,UNIFIED,"t=100 [HELLO_TX] bat=100% nbr=9"
AA01,CH,2,UNIFIED,"t=106 [HELLO_TX] bat=100% nbr=9"
AA01,CH,2,UNIFIED,"t=111 [HELLO_TX] bat=100% nbr=9"
AA01,CH,2,UNIFIED,"t=116 [HELLO_TX] bat=100% nbr=9"
AA01,CH,2,UNIFIED,"t=121 [HELLO_TX] bat=100% nbr=9"
AA01,CH,2,UNIFIED,"t=126 [HELLO_TX] bat=100% nbr=9"
AA01,CH,2,UNIFIED,"t=129 [HELLO] NEW 002D tier=1 verified=0"
AA01,CH,2,UNIFIED,"t=131 [HELLO_TX] bat=100% nbr=10"
AA01,CH,2,UNIFIED,"t=139 [HELLO_TX] bat=100% nbr=10"
AA01,CH,2,UNIFIED,"t=139 [HELLO] NEW AA09 tier=2 verified=0"
AA01,CH,2,UNIFIED,"t=146 [HELLO_TX] bat=100% nbr=11"
AA01,CH,2,UNIFIED,"t=149 [HELLO] NEW FF08 tier=3 verified=1"
AA01,CH,2,UNIFIED,"t=150 [HELLO_TX] bat=100% nbr=12"
AA01,CH,2,UNIFIED,"t=154 [HELLO_TX] bat=100% nbr=12"
AA01,CH,2,UNIFIED,"t=160 [HELLO_TX] bat=100% nbr=12"
AA01,CH,2,UNIFIED,"t=166 [HELLO_TX] bat=100% nbr=12"
AA01,CH,2,UNIFIED,"t=170 [HELLO_TX] bat=100% nbr=12"
AA01,CH,2,UNIFIED,"t=174 [HELLO] NEW FF05 tier=3 verified=1"
AA01,CH,2,UNIFIED,"t=176 [HELLO_TX] bat=100% nbr=13"
AA01,CH,2,UNIFIED,"t=185 [HELLO_TX] bat=100% nbr=13"
AA01,CH,2,UNIFIED,"t=191 [HELLO_TX] bat=100% nbr=13"
AA01,CH,2,UNIFIED,"t=197 [HELLO_TX] bat=100% nbr=13"
AA01,CH,2,UNIFIED,"t=200 [STATE] BOOT->DISCOVERY"
AA01,CH,2,UNIFIED,"t=201 [DISCO] Found verified GWN FF06"
AA01,CH,2,UNIFIED,"[LOCK][SET] partner=FF06 timeout=4"
AA01,CH,2,UNIFIED,"t=202 [CH_REQ] (1/5) -> FF06"
AA01,CH,2,UNIFIED,"t=204 [CH_ACK] Received key from FF06"
AA01,CH,2,UNIFIED,"[LOCK][REFRESH] partner=FF06 timeout=4"
AA01,CH,2,UNIFIED,"t=204 [KEY_ACK] -> FF06 (encrypted)"
AA01,CH,2,UNIFIED,"[LOCK][CLEAR][SUCCESS] partner=FF06"
AA01,CH,2,UNIFIED,"t=204 [VERIFIED] parent=GWN FF06 (localKey set; encrypted comms)"
AA01,CH,2,UNIFIED,"t=205 [HELLO_TX] bat=100% nbr=13"
AA01,CH,2,UNIFIED,"t=209 [CH_REJECT] from FF06"
AA01,CH,2,UNIFIED,"t=209 [PURGE] parent FF06 (rejected)"
AA01,CH,2,UNIFIED,"[LOCK][SET] partner=FF0A timeout=4"
AA01,CH,2,UNIFIED,"t=210 [CH_REQ] (1/5) -> FF0A"
AA01,CH,2,UNIFIED,"[LOCK][TIMEOUT] partner=FF0A"
AA01,CH,2,UNIFIED,"t=214 [TIMEOUT] partner=FF0A retry=1/5"
AA01,CH,2,UNIFIED,"t=214 [TIMEOUT] Sent CH_REJECT to orphaned FF0A"
AA01,CH,2,UNIFIED,"[LOCK][CLEAR][TIMEOUT] partner=FF0A"
AA01,CH,2,UNIFIED,"t=215 [HELLO_TX] bat=100% nbr=13"
AA01,CH,2,UNIFIED,"[LOCK][SET] partner=FF0A timeout=4"
AA01,CH,2,UNIFIED,"t=215 [CH_REQ] (2/5) -> FF0A"
AA01,CH,2,UNIFIED,"[LOCK][TIMEOUT] partner=FF0A"
AA01,CH,2,UNIFIED,"t=219 [TIMEOUT] partner=FF0A retry=2/5"
AA01,CH,2,UNIFIED,"t=219 [TIMEOUT] Sent CH_REJECT to orphaned FF0A"
AA01,CH,2,UNIFIED,"[LOCK][CLEAR][TIMEOUT] partner=FF0A"
AA01,CH,2,UNIFIED,"[LOCK][SET] partner=FF0A timeout=4"
AA01,CH,2,UNIFIED,"t=220 [CH_REQ] (3/5) -> FF0A"
AA01,CH,2,UNIFIED,"t=223 [HELLO_TX] bat=100% nbr=13"
AA01,CH,2,UNIFIED,"[LOCK][TIMEOUT] partner=FF0A"
AA01,CH,2,UNIFIED,"t=224 [TIMEOUT] partner=FF0A retry=3/5"
AA01,CH,2,UNIFIED,"t=224 [TIMEOUT] Sent CH_REJECT to orphaned FF0A"
AA01,CH,2,UNIFIED,"[LOCK][CLEAR][TIMEOUT] partner=FF0A"
AA01,CH,2,UNIFIED,"[LOCK][SET] partner=FF0A timeout=4"
AA01,CH,2,UNIFIED,"t=225 [CH_REQ] (4/5) -> FF0A"
AA01,CH,2,UNIFIED,"[LOCK][TIMEOUT] partner=FF0A"
AA01,CH,2,UNIFIED,"t=229 [TIMEOUT] partner=FF0A retry=4/5"
AA01,CH,2,UNIFIED,"t=229 [TIMEOUT] Sent CH_REJECT to orphaned FF0A"
AA01,CH,2,UNIFIED,"[LOCK][CLEAR][TIMEOUT] partner=FF0A"
AA01,CH,2,UNIFIED,"t=230 [HELLO_TX] bat=99% nbr=13"
AA01,CH,2,UNIFIED,"[LOCK][SET] partner=FF0A timeout=4"
AA01,CH,2,UNIFIED,"t=230 [CH_REQ] (5/5) -> FF0A"
AA01,CH,2,UNIFIED,"[LOCK][TIMEOUT] partner=FF0A"
AA01,CH,2,UNIFIED,"t=234 [TIMEOUT] partner=FF0A retry=5/5"
AA01,CH,2,UNIFIED,"t=234 [TIMEOUT] Sent CH_REJECT to orphaned FF0A"
AA01,CH,2,UNIFIED,"[LOCK][CLEAR][TIMEOUT] partner=FF0A"
AA01,CH,2,UNIFIED,"t=235 [REJECT] FF0A MAX_RETRIES=5"
AA01,CH,2,UNIFIED,"[LOCK][SET] partner=FF08 timeout=4"
AA01,CH,2,UNIFIED,"t=238 [CH_REQ] (1/5) -> FF08"
AA01,CH,2,UNIFIED,"t=239 [HELLO_TX] bat=99% nbr=13"
AA01,CH,2,UNIFIED,"[LOCK][TIMEOUT] partner=FF08"
AA01,CH,2,UNIFIED,"t=242 [TIMEOUT] partner=FF08 retry=1/5"
AA01,CH,2,UNIFIED,"t=242 [TIMEOUT] Sent CH_REJECT to orphaned FF08"
AA01,CH,2,UNIFIED,"[LOCK][CLEAR][TIMEOUT] partner=FF08"
AA01,CH,2,UNIFIED,"[LOCK][SET] partner=FF08 timeout=4"
AA01,CH,2,UNIFIED,"t=243 [CH_REQ] (2/5) -> FF08"
AA01,CH,2,UNIFIED,"t=247 [HELLO_TX] bat=99% nbr=13"
AA01,CH,2,UNIFIED,"[LOCK][TIMEOUT] partner=FF08"
AA01,CH,2,UNIFIED,"t=247 [TIMEOUT] partner=FF08 retry=2/5"
AA01,CH,2,UNIFIED,"t=247 [TIMEOUT] Sent CH_REJECT to orphaned FF08"
AA01,CH,2,UNIFIED,"[LOCK][CLEAR][TIMEOUT] partner=FF08"
AA01,CH,2,UNIFIED,"[LOCK][SET] partner=FF08 timeout=4"
AA01,CH,2,UNIFIED,"t=248 [CH_REQ] (3/5) -> FF08"
AA02,CH,2,UNIFIED,"t=5 [HELLO] NEW 002C tier=1 verified=0"
AA02,CH,2,UNIFIED,"t=6 [HELLO] NEW 0023 tier=1 verified=0"
AA02,CH,2,UNIFIED,"t=7 [HELLO] NEW 004C tier=1 verified=0"
AA02,CH,2,UNIFIED,"t=8 [HELLO] NEW 0036 tier=1 verified=0"
AA02,CH,2,UNIFIED,"t=9 [HELLO_TX] bat=100% nbr=4"
AA02,CH,2,UNIFIED,"t=10 [HELLO] NEW 001B tier=1 verified=0"
AA02,CH,2,UNIFIED,"t=12 [HELLO] NEW FF01 tier=3 verified=0"
AA02,CH,2,UNIFIED,"t=13 [HELLO] NEW AA08 tier=2 verified=0"
AA02,CH,2,UNIFIED,"t=15 [HELLO] NEW 0013 tier=1 verified=0"
AA02,CH,2,UNIFIED,"t=18 [HELLO_TX] bat=100% nbr=8"
AA02,CH,2,UNIFIED,"t=24 [HELLO_TX] bat=100% nbr=8"
AA02,CH,2,UNIFIED,"t=28 [HELLO_TX] bat=100% nbr=8"
AA02,CH,2,UNIFIED,"t=28 [HELLO] NEW FF0B tier=3 verified=0"
AA02,CH,2,UNIFIED,"t=32 [HELLO_TX] bat=100% nbr=9"
AA02,CH,2,UNIFIED,"t=32 [HELLO] NEW 0035 tier=1 verified=0"
AA02,CH,2,UNIFIED,"t=41 [HELLO] NEW 003A tier=1 verified=0"
AA02,CH,2,UNIFIED,"t=42 [HELLO_TX] bat=100% nbr=11"
AA02,CH,2,UNIFIED,"t=46 [HELLO_TX] bat=100% nbr=11"
AA02,CH,2,UNIFIED,"t=51 [HELLO_TX] bat=100% nbr=11"
AA02,CH,2,UNIFIED,"t=57 [HELLO] NEW 005C tier=1 verified=0"
AA02,CH,2,UNIFIED,"t=59 [HELLO_TX] bat=100% nbr=12"
AA02,CH,2,UNIFIED,"t=66 [HELLO_TX] bat=100% nbr=12"
AA02,CH,2,UNIFIED,"t=73 [HELLO] NEW FF0C tier=3 verified=1"
AA02,CH,2,UNIFIED,"t=74 [HELLO_TX] bat=100% nbr=13"
AA02,CH,2,UNIFIED,"t=82 [HELLO_TX] bat=100% nbr=13"
AA02,CH,2,UNIFIED,"t=90 [HELLO_TX] bat=100% nbr=13"
AA02,CH,2,UNIFIED,"t=100 [HELLO_TX] bat=100% nbr=13"
AA02,CH,2,UNIFIED,"t=105 [HELLO_TX] bat=100% nbr=13"
AA02,CH,2,UNIFIED,"t=113 [HELLO_TX] bat=100% nbr=13"
AA02,CH,2,UNIFIED,"t=122 [HELLO_TX] bat=100% nbr=13"
AA02,CH,2,UNIFIED,"t=127 [HELLO_TX] bat=100% nbr=13"
AA02,CH,2,UNIFIED,"t=135 [HELLO_TX] bat=100% nbr=13"
AA02,CH,2,UNIFIED,"t=143 [HELLO_TX] bat=100% nbr=13"
AA02,CH,2,UNIFIED,"t=150 [HELLO_TX] bat=100% nbr=13"
AA02,CH,2,UNIFIED,"t=160 [HELLO_TX] bat=100% nbr=13"
AA02,CH,2,UNIFIED,"t=166 [HELLO_TX] bat=100% nbr=13"
AA02,CH,2,UNIFIED,"t=173 [HELLO_TX] bat=100% nbr=13"
AA02,CH,2,UNIFIED,"t=182 [HELLO_TX] bat=100% nbr=13"
AA02,CH,2,UNIFIED,"t=192 [HELLO_TX] bat=100% nbr=13"
AA02,CH,2,UNIFIED,"t=199 [HELLO_TX] bat=100% nbr=13"
AA02,CH,2,UNIFIED,"t=200 [STATE] BOOT->DISCOVERY"
AA02,CH,2,UNIFIED,"t=201 [DISCO] Found verified GWN FF01"
AA02,CH,2,UNIFIED,"[LOCK][SET] partner=FF01 timeout=4"
AA02,CH,2,UNIFIED,"t=202 [CH_REQ] (1/5) -> FF01"
AA02,CH,2,UNIFIED,"[LOCK][TIMEOUT] partner=FF01"
AA02,CH,2,UNIFIED,"t=206 [TIMEOUT] partner=FF01 retry=1/5"
AA02,CH,2,UNIFIED,"t=206 [TIMEOUT] Sent CH_REJECT to orphaned FF01"
AA02,CH,2,UNIFIED,"[LOCK][CLEAR][TIMEOUT] partner=FF01"
AA02,CH,2,UNIFIED,"[LOCK][SET] partner=FF01 timeout=4"
AA02,CH,2,UNIFIED,"t=207 [CH_REQ] (2/5) -> FF01"
AA02,CH,2,UNIFIED,"t=208 [HELLO_TX] bat=100% nbr=13"
AA02,CH,2,UNIFIED,"[LOCK][TIMEOUT] partner=FF01"
AA02,CH,2,UNIFIED,"t=211 [TIMEOUT] partner=FF01 retry=2/5"
AA02,CH,2,UNIFIED,"t=211 [TIMEOUT] Sent CH_REJECT to orphaned FF01"
AA02,CH,2,UNIFIED,"[LOCK][CLEAR][TIMEOUT] partner=FF01"
AA02,CH,2,UNIFIED,"[LOCK][SET] partner=FF01 timeout=4"
AA02,CH,2,UNIFIED,"t=212 [CH_REQ] (3/5) -> FF01"
AA02,CH,2,UNIFIED,"t=214 [HELLO_TX] bat=100% nbr=13"
AA02,CH,2,UNIFIED,"[LOCK][TIMEOUT] partner=FF01"
AA02,CH,2,UNIFIED,"t=216 [TIMEOUT] partner=FF01 retry=3/5"
AA02,CH,2,UNIFIED,"t=216 [TIMEOUT] Sent CH_REJECT to orphaned FF01"
AA02,CH,2,UNIFIED,"[LOCK][CLEAR][TIMEOUT] partner=FF01"
AA02,CH,2,UNIFIED,"[LOCK][SET] partner=FF01 timeout=4"
AA02,CH,2,UNIFIED,"t=217 [CH_REQ] (4/5) -> FF01"
AA02,CH,2,UNIFIED,"t=221 [HELLO_TX] bat=100% nbr=13"
AA02,CH,2,UNIFIED,"[LOCK][TIMEOUT] partner=FF01"
AA02,CH,2,UNIFIED,"t=221 [TIMEOUT] partner=FF01 retry=4/5"
AA02,CH,2,UNIFIED,"t=221 [TIMEOUT] Sent CH_REJECT to orphaned FF01"
AA02,CH,2,UNIFIED,"[LOCK][CLEAR][TIMEOUT] partner=FF01"
AA02,CH,2,UNIFIED,"[LOCK][SET] partner=FF01 timeout=4"
AA02,CH,2,UNIFIED,"t=222 [CH_REQ] (5/5) -> FF01"
AA02,CH,2,UNIFIED,"[LOCK][TIMEOUT] partner=FF01"
AA02,CH,2,UNIFIED,"t=226 [TIMEOUT] partner=FF01 retry=5/5"
AA02,CH,2,UNIFIED,"t=226 [TIMEOUT] Sent CH_REJECT to orphaned FF01"
AA02,CH,2,UNIFIED,"[LOCK][CLEAR][TIMEOUT] partner=FF01"
AA02,CH,2,UNIFIED,"t=227 [REJECT] FF01 MAX_RETRIES=5"
AA02,CH,2,UNIFIED,"t=228 [HELLO_TX] bat=99% nbr=13"
AA02,CH,2,UNIFIED,"[LOCK][SET] partner=FF0B timeout=4"
AA02,CH,2,UNIFIED,"t=231 [CH_REQ] (1/5) -> FF0B"
AA02,CH,2,UNIFIED,"[LOCK][TIMEOUT] partner=FF0B"
AA02,CH,2,UNIFIED,"t=235 [TIMEOUT] partner=FF0B retry=1/5"
AA02,CH,2,UNIFIED,"t=235 [TIMEOUT] Sent CH_REJECT to orphaned FF0B"
AA02,CH,2,UNIFIED,"[LOCK][CLEAR][TIMEOUT] partner=FF0B"
AA02,CH,2,UNIFIED,"[LOCK][SET] partner=FF0B timeout=4"
AA02,CH,2,UNIFIED,"t=236 [CH_REQ] (2/5) -> FF0B"
AA02,CH,2,UNIFIED,"t=237 [HELLO_TX] bat=99% nbr=13"
AA02,CH,2,UNIFIED,"[LOCK][TIMEOUT] partner=FF0B"
AA02,CH,2,UNIFIED,"t=240 [TIMEOUT] partner=FF0B retry=2/5"
AA02,CH,2,UNIFIED,"t=240 [TIMEOUT] Sent CH_REJECT to orphaned FF0B"
AA02,CH,2,UNIFIED,"[LOCK][CLEAR][TIMEOUT] partner=FF0B"
AA02,CH,2,UNIFIED,"t=241 [HELLO_TX] bat=99% nbr=13"
AA02,CH,2,UNIFIED,"[LOCK][SET] partner=FF0B timeout=4"
AA02,CH,2,UNIFIED,"t=241 [CH_REQ] (3/5) -> FF0B"
AA02,CH,2,UNIFIED,"[LOCK][TIMEOUT] partner=FF0B"
AA02,CH,2,UNIFIED,"t=245 [TIMEOUT] partner=FF0B retry=3/5"
AA02,CH,2,UNIFIED,"t=245 [TIMEOUT] Sent CH_REJECT to orphaned FF0B"
AA02,CH,2,UNIFIED,"[LOCK][CLEAR][TIMEOUT] partner=FF0B"
AA02,CH,2,UNIFIED,"t=246 [HELLO_TX] bat=99% nbr=13"
AA02,CH,2,UNIFIED,"[LOCK][SET] partner=FF0B timeout=4"
AA02,CH,2,UNIFIED,"t=246 [CH_REQ] (4/5) -> FF0B"
AA03,CH,2,UNIFIED,"t=4 [HELLO_TX] bat=100% nbr=0"
AA03,CH,2,UNIFIED,"t=4 [HELLO] NEW 0021 tier=1 verified=0"
AA03,CH,2,UNIFIED,"t=5 [HELLO] NEW 0042 tier=1 verified=0"
AA03,CH,2,UNIFIED,"t=7 [HELLO] NEW AA0C tier=2 verified=0"
AA03,CH,2,UNIFIED,"t=8 [HELLO_TX] bat=100% nbr=3"
AA03,CH,2,UNIFIED,"t=8 [HELLO] NEW 005A tier=1 verified=0"
AA03,CH,2,UNIFIED,"t=9 [HELLO] NEW 0010 tier=1 verified=0"
AA03,CH,2,UNIFIED,"t=10 [HELLO] NEW 0059 tier=1 verified=0"
AA03,CH,2,UNIFIED,"t=13 [HELLO] NEW 0060 tier=1 verified=0"
AA03,CH,2,UNIFIED,"t=15 [HELLO] NEW FF03 tier=3 verified=0"
AA03,CH,2,UNIFIED,"t=16 [HELLO_TX] bat=100% nbr=8"
AA03,CH,2,UNIFIED,"t=16 [HELLO] NEW 0005 tier=1 verified=0"
AA03,CH,2,UNIFIED,"t=17 [HELLO] NEW 003E tier=1 verified=0"
AA03,CH,2,UNIFIED,"t=21 [HELLO_TX] bat=100% nbr=10"
AA03,CH,2,UNIFIED,"t=25 [HELLO_TX] bat=100% nbr=10"
AA03,CH,2,UNIFIED,"t=25 [HELLO] NEW AA0B tier=2 verified=0"
AA03,CH,2,UNIFIED,"t=27 [HELLO] NEW 0041 tier=1 verified=0"
AA03,CH,2,UNIFIED,"t=29 [HELLO] NEW 003F tier=1 verified=0"
AA03,CH,2,UNIFIED,"t=30 [HELLO_TX] bat=100% nbr=13"
AA03,CH,2,UNIFIED,"t=34 [HELLO_TX] bat=100% nbr=13"
AA03,CH,2,UNIFIED,"t=36 [HELLO] NEW 0012 tier=1 verified=0"
AA03,CH,2,UNIFIED,"t=43 [HELLO_TX] bat=100% nbr=14"
AA03,CH,2,UNIFIED,"t=51 [HELLO_TX] bat=100% nbr=14"
AA03,CH,2,UNIFIED,"t=61 [HELLO_TX] bat=100% nbr=14"
AA03,CH,2,UNIFIED,"t=67 [HELLO_TX] bat=100% nbr=14"
AA03,CH,2,UNIFIED,"t=71 [HELLO_TX] bat=100% nbr=14"
AA03,CH,2,UNIFIED,"t=75 [HELLO_TX] bat=100% nbr=14"
AA03,CH,2,UNIFIED,"t=81 [HELLO] NEW 0020 tier=1 verified=0"
AA03,CH,2,UNIFIED,"t=83 [HELLO_TX] bat=100% nbr=15"
AA03,CH,2,UNIFIED,"t=90 [HELLO_TX] bat=100% nbr=15"
AA03,CH,2,UNIFIED,"t=96 [HELLO_TX] bat=100% nbr=15"
AA03,CH,2,UNIFIED,"t=97 [HELLO] NEW 0064 tier=1 verified=0"
AA03,CH,2,UNIFIED,"t=105 [HELLO_TX] bat=100% nbr=16"
AA03,CH,2,UNIFIED,"t=113 [HELLO_TX] bat=100% nbr=16"
AA03,CH,2,UNIFIED,"t=121 [HELLO_TX] bat=100% nbr=16"
AA03,CH,2,UNIFIED,"t=127 [HELLO_TX] bat=100% nbr=16"
AA03,CH,2,UNIFIED,"t=132 [HELLO_TX] bat=100% nbr=16"
AA03,CH,2,UNIFIED,"t=136 [HELLO_TX] bat=100% nbr=16"
AA03,CH,2,UNIFIED,"t=141 [HELLO_TX] bat=100% nbr=16"
AA03,CH,2,UNIFIED,"t=143 [HELLO] NEW FF02 tier=3 verified=1"
AA03,CH,2,UNIFIED,"t=148 [HELLO_TX] bat=100% nbr=17"
AA03,CH,2,UNIFIED,"t=150 [HELLO] NEW 0047 tier=1 verified=0"
AA03,CH,2,UNIFIED,"t=155 [HELLO_TX] bat=100% nbr=18"
AA03,CH,2,UNIFIED,"t=161 [HELLO_TX] bat=100% nbr=18"
AA03,CH,2,UNIFIED,"t=165 [HELLO_TX] bat=100% nbr=18"
AA03,CH,2,UNIFIED,"t=173 [HELLO_TX] bat=100% nbr=18"
AA03,CH,2,UNIFIED,"t=180 [HELLO_TX] bat=100% nbr=18"
AA03,CH,2,UNIFIED,"t=182 [HELLO] NEW AA05 tier=2 verified=0"
AA03,CH,2,UNIFIED,"t=184 [HELLO_TX] bat=100% nbr=19"
AA03,CH,2,UNIFIED,"t=193 [HELLO_TX] bat=100% nbr=19"
AA03,CH,2,UNIFIED,"t=197 [HELLO_TX] bat=100% nbr=19"
AA03,CH,2,UNIFIED,"t=200 [STATE] BOOT->DISCOVERY"
AA03,CH,2,UNIFIED,"t=201 [DISCO] Found verified GWN FF02"
AA03,CH,2,UNIFIED,"[LOCK][SET] partner=FF02 timeout=4"
AA03,CH,2,UNIFIED,"t=202 [CH_REQ] (1/5) -> FF02"
AA03,CH,2,UNIFIED,"t=206 [HELLO_TX] bat=100% nbr=19"
AA03,CH,2,UNIFIED,"[LOCK][TIMEOUT] partner=FF02"
AA03,CH,2,UNIFIED,"t=206 [TIMEOUT] partner=FF02 retry=1/5"
AA03,CH,2,UNIFIED,"t=206 [TIMEOUT] Sent CH_REJECT to orphaned FF02"
AA03,CH,2,UNIFIED,"[LOCK][CLEAR][TIMEOUT] partner=FF02"
AA03,CH,2,UNIFIED,"[LOCK][SET] partner=FF02 timeout=4"
AA03,CH,2,UNIFIED,"t=207 [CH_REQ] (2/5) -> FF02"
AA03,CH,2,UNIFIED,"[LOCK][TIMEOUT] partner=FF02"
AA03,CH,2,UNIFIED,"t=211 [TIMEOUT] partner=FF02 retry=2/5"
AA03,CH,2,UNIFIED,"t=211 [TIMEOUT] Sent CH_REJECT to orphaned FF02"
AA03,CH,2,UNIFIED,"[LOCK][CLEAR][TIMEOUT] partner=FF02"
AA03,CH,2,UNIFIED,"[LOCK][SET] partner=FF02 timeout=4"
AA03,CH,2,UNIFIED,"t=212 [CH_REQ] (3/5) -> FF02"
AA03,CH,2,UNIFIED,"t=216 [HELLO_TX] bat=100% nbr=19"
AA03,CH,2,UNIFIED,"[LOCK][TIMEOUT] partner=FF02"
AA03,CH,2,UNIFIED,"t=216 [TIMEOUT] partner=FF02 retry=3/5"
AA03,CH,2,UNIFIED,"t=216 [TIMEOUT] Sent CH_REJECT to orphaned FF02"
AA03,CH,2,UNIFIED,"[LOCK][CLEAR][TIMEOUT] partner=FF02"
AA03,CH,2,UNIFIED,"[LOCK][SET] partner=FF02 timeout=4"
AA03,CH,2,UNIFIED,"t=217 [CH_REQ] (4/5) -> FF02"
AA03,CH,2,UNIFIED,"[LOCK][TIMEOUT] partner=FF02"
AA03,CH,2,UNIFIED,"t=221 [TIMEOUT] partner=FF02 retry=4/5"
AA03,CH,2,UNIFIED,"t=221 [TIMEOUT] Sent CH_REJECT to orphaned FF02"
AA03,CH,2,UNIFIED,"[LOCK][CLEAR][TIMEOUT] partner=FF02"
AA03,CH,2,UNIFIED,"[LOCK][SET] partner=FF02 timeout=4"
AA03,CH,2,UNIFIED,"t=222 [CH_REQ] (5/5) -> FF02"
AA03,CH,2,UNIFIED,"t=226 [HELLO_TX] bat=99% nbr=19"
AA03,CH,2,UNIFIED,"[LOCK][TIMEOUT] partner=FF02"
AA03,CH,2,UNIFIED,"t=226 [TIMEOUT] partner=FF02 retry=5/5"
AA03,CH,2,UNIFIED,"t=226 [TIMEOUT] Sent CH_REJECT to orphaned FF02"
AA03,CH,2,UNIFIED,"[LOCK][CLEAR][TIMEOUT] partner=FF02"
AA03,CH,2,UNIFIED,"t=227 [REJECT] FF02 MAX_RETRIES=5"
AA03,CH,2,UNIFIED,"t=234 [HELLO_TX] bat=99% nbr=19"
AA03,CH,2,UNIFIED,"t=243 [HELLO_TX] bat=99% nbr=19"
AA03,CH,2,UNIFIED,"t=249 [HELLO_TX] bat=99% nbr=19"
AA04,CH,2,UNIFIED,"t=4 [HELLO] NEW 0031 tier=1 verified=0"
AA04,CH,2,UNIFIED,"t=6 [HELLO] NEW 000A tier=1 verified=0"
AA04,CH,2,UNIFIED,"t=7 [HELLO_TX] bat=100% nbr=2"
AA04,CH,2,UNIFIED,"t=8 [HELLO] NEW 0011 tier=1 verified=0"
AA04,CH,2,UNIFIED,"t=9 [HELLO] NEW 002E tier=1 verified=0"
AA04,CH,2,UNIFIED,"t=10 [HELLO] NEW AA07 tier=2 verified=0"
AA04,CH,2,UNIFIED,"t=13 [HELLO_TX] bat=100% nbr=5"
AA04,CH,2,UNIFIED,"t=19 [HELLO] NEW FF0D tier=3 verified=0"
AA04,CH,2,UNIFIED,"t=21 [HELLO_TX] bat=100% nbr=6"
AA04,CH,2,UNIFIED,"t=24 [HELLO] NEW 001F tier=1 verified=0"
AA04,CH,2,UNIFIED,"t=26 [HELLO_TX] bat=100% nbr=7"
AA04,CH,2,UNIFIED,"t=33 [HELLO_TX] bat=100% nbr=7"
AA04,CH,2,UNIFIED,"t=37 [HELLO_TX] bat=100% nbr=7"
AA04,CH,2,UNIFIED,"t=43 [HELLO_TX] bat=100% nbr=7"
AA04,CH,2,UNIFIED,"t=45 [HELLO] NEW 0053 tier=1 verified=0"
AA04,CH,2,UNIFIED,"t=48 [HELLO_TX] bat=100% nbr=8"
AA04,CH,2,UNIFIED,"t=56 [HELLO_TX] bat=100% nbr=8"
AA04,CH,2,UNIFIED,"t=66 [HELLO_TX] bat=100% nbr=8"
AA04,CH,2,UNIFIED,"t=74 [HELLO_TX] bat=100% nbr=8"
AA04,CH,2,UNIFIED,"t=78 [HELLO_TX] bat=100% nbr=8"
AA04,CH,2,UNIFIED,"t=88 [HELLO_TX] bat=100% nbr=8"
AA04,CH,2,UNIFIED,"t=93 [HELLO] NEW 002B tier=1 verified=0"
AA04,CH,2,UNIFIED,"t=94 [HELLO_TX] bat=100% nbr=9"
AA04,CH,2,UNIFIED,"t=99 [HELLO_TX] bat=100% nbr=9"
AA04,CH,2,UNIFIED,"t=103 [HELLO_TX] bat=100% nbr=9"
AA04,CH,2,UNIFIED,"t=110 [HELLO_TX] bat=100% nbr=9"
AA04,CH,2,UNIFIED,"t=115 [HELLO_TX] bat=100% nbr=9"
AA04,CH,2,UNIFIED,"t=120 [HELLO_TX] bat=100% nbr=9"
AA04,CH,2,UNIFIED,"t=127 [HELLO_TX] bat=100% nbr=9"
AA04,CH,2,UNIFIED,"t=129 [HELLO] NEW FF07 tier=3 verified=1"
AA04,CH,2,UNIFIED,"t=136 [HELLO_TX] bat=100% nbr=10"
AA04,CH,2,UNIFIED,"t=144 [HELLO_TX] bat=100% nbr=10"
AA04,CH,2,UNIFIED,"t=152 [HELLO_TX] bat=100% nbr=10"
AA04,CH,2,UNIFIED,"t=158 [HELLO_TX] bat=100% nbr=10"
AA04,CH,2,UNIFIED,"t=167 [HELLO_TX] bat=100% nbr=10"
AA04,CH,2,UNIFIED,"t=177 [HELLO_TX] bat=100% nbr=10"
AA04,CH,2,UNIFIED,"t=183 [HELLO_TX] bat=100% nbr=10"
AA04,CH,2,UNIFIED,"t=192 [HELLO_TX] bat=100% nbr=10"
AA04,CH,2,UNIFIED,"t=194 [HELLO] NEW 0009 tier=1 verified=0"
AA04,CH,2,UNIFIED,"t=200 [HELLO_TX] bat=100% nbr=11"
AA04,CH,2,UNIFIED,"t=200 [STATE] BOOT->DISCOVERY"
AA04,CH,2,UNIFIED,"t=201 [DISCO] Found verified GWN FF0D"
AA04,CH,2,UNIFIED,"[LOCK][SET] partner=FF0D timeout=4"
AA04,CH,2,UNIFIED,"t=202 [CH_REQ] (1/5) -> FF0D"
AA04,CH,2,UNIFIED,"t=206 [HELLO_TX] bat=100% nbr=11"
AA04,CH,2,UNIFIED,"[LOCK][TIMEOUT] partner=FF0D"
AA04,CH,2,UNIFIED,"t=206 [TIMEOUT] partner=FF0D retry=1/5"
AA04,CH,2,UNIFIED,"t=206 [TIMEOUT] Sent CH_REJECT to orphaned FF0D"
AA04,CH,2,UNIFIED,"[LOCK][CLEAR][TIMEOUT] partner=FF0D"
AA04,CH,2,UNIFIED,"[LOCK][SET] partner=FF0D timeout=4"
AA04,CH,2,UNIFIED,"t=207 [CH_REQ] (2/5) -> FF0D"
AA04,CH,2,UNIFIED,"t=210 [HELLO_TX] bat=100% nbr=11"
AA04,CH,2,UNIFIED,"[LOCK][TIMEOUT] partner=FF0D"
AA04,CH,2,UNIFIED,"t=211 [TIMEOUT] partner=FF0D retry=2/5"
AA04,CH,2,UNIFIED,"t=211 [TIMEOUT] Sent CH_REJECT to orphaned FF0D"
AA04,CH,2,UNIFIED,"[LOCK][CLEAR][TIMEOUT] partner=FF0D"
AA04,CH,2,UNIFIED,"[LOCK][SET] partner=FF0D timeout=4"
AA04,CH,2,UNIFIED,"t=212 [CH_REQ] (3/5) -> FF0D"
AA04,CH,2,UNIFIED,"t=216 [HELLO_TX] bat=100% nbr=11"
AA04,CH,2,UNIFIED,"[LOCK][TIMEOUT] partner=FF0D"
AA04,CH,2,UNIFIED,"t=216 [TIMEOUT] partner=FF0D retry=3/5"
AA04,CH,2,UNIFIED,"t=216 [TIMEOUT] Sent CH_REJECT to orphaned FF0D"
AA04,CH,2,UNIFIED,"[LOCK][CLEAR][TIMEOUT] partner=FF0D"
AA04,CH,2,UNIFIED,"[LOCK][SET] partner=FF0D timeout=4"
AA04,CH,2,UNIFIED,"t=217 [CH_REQ] (4/5) -> FF0D"
AA04,CH,2,UNIFIED,"[LOCK][TIMEOUT] partner=FF0D"
AA04,CH,2,UNIFIED,"t=221 [TIMEOUT] partner=FF0D retry=4/5"
AA04,CH,2,UNIFIED,"t=221 [TIMEOUT] Sent CH_REJECT to orphaned FF0D"
AA04,CH,2,UNIFIED,"[LOCK][CLEAR][TIMEOUT] partner=FF0D"
AA04,CH,2,UNIFIED,"[LOCK][SET] partner=FF0D timeout=4"
AA04,CH,2,UNIFIED,"t=222 [CH_REQ] (5/5) -> FF0D"
AA04,CH,2,UNIFIED,"t=223 [HELLO_TX] bat=99% nbr=11"
AA04,CH,2,UNIFIED,"[LOCK][TIMEOUT] partner=FF0D"
AA04,CH,2,UNIFIED,"t=226 [TIMEOUT] partner=FF0D retry=5/5"
AA04,CH,2,UNIFIED,"t=226 [TIMEOUT] Sent CH_REJECT to orphaned FF0D"
AA04,CH,2,UNIFIED,"[LOCK][CLEAR][TIMEOUT] partner=FF0D"
AA04,CH,2,UNIFIED,"t=227 [HELLO_TX] bat=99% nbr=11"
AA04,CH,2,UNIFIED,"t=227 [REJECT] FF0D MAX_RETRIES=5"
AA04,CH,2,UNIFIED,"[LOCK][SET] partner=FF07 timeout=4"
AA04,CH,2,UNIFIED,"t=233 [CH_REQ] (1/5) -> FF07"
AA04,CH,2,UNIFIED,"t=235 [HELLO_TX] bat=99% nbr=11"
AA04,CH,2,UNIFIED,"[LOCK][TIMEOUT] partner=FF07"
AA04,CH,2,UNIFIED,"t=237 [TIMEOUT] partner=FF07 retry=1/5"
AA04,CH,2,UNIFIED,"t=237 [TIMEOUT] Sent CH_REJECT to orphaned FF07"
AA04,CH,2,UNIFIED,"[LOCK][CLEAR][TIMEOUT] partner=FF07"
AA04,CH,2,UNIFIED,"[LOCK][SET] partner=FF07 timeout=4"
AA04,CH,2,UNIFIED,"t=238 [CH_REQ] (2/5) -> FF07"
AA04,CH,2,UNIFIED,"t=242 [HELLO_TX] bat=99% nbr=11"
AA04,CH,2,UNIFIED,"[LOCK][TIMEOUT] partner=FF07"
AA04,CH,2,UNIFIED,"t=242 [TIMEOUT] partner=FF07 retry=2/5"
AA04,CH,2,UNIFIED,"t=242 [TIMEOUT] Sent CH_REJECT to orphaned FF07"
AA04,CH,2,UNIFIED,"[LOCK][CLEAR][TIMEOUT] partner=FF07"
AA04,CH,2,UNIFIED,"[LOCK][SET] partner=FF07 timeout=4"
AA04,CH,2,UNIFIED,"t=243 [CH_REQ] (3/5) -> FF07"
AA04,CH,2,UNIFIED,"t=247 [HELLO_TX] bat=99% nbr=11"
AA04,CH,2,UNIFIED,"[LOCK][TIMEOUT] partner=FF07"
AA04,CH,2,UNIFIED,"t=247 [TIMEOUT] partner=FF07 retry=3/5"
AA04,CH,2,UNIFIED,"t=247 [TIMEOUT] Sent CH_REJECT to orphaned FF07"
AA04,CH,2,UNIFIED,"[LOCK][CLEAR][TIMEOUT] partner=FF07"
AA04,CH,2,UNIFIED,"[LOCK][SET] partner=FF07 timeout=4"
AA04,CH,2,UNIFIED,"t=248 [CH_REQ] (4/5) -> FF07"
AA05,CH,2,UNIFIED,"t=4 [HELLO] NEW FF09 tier=3 verified=0"
AA05,CH,2,UNIFIED,"t=5 [HELLO_TX] bat=100% nbr=1"
AA05,CH,2,UNIFIED,"t=5 [HELLO] NEW 0001 tier=1 verified=0"
AA05,CH,2,UNIFIED,"t=6 [HELLO] NEW 0012 tier=1 verified=0"
AA05,CH,2,UNIFIED,"t=8 [HELLO] NEW AA03 tier=2 verified=0"
AA05,CH,2,UNIFIED,"t=10 [HELLO_TX] bat=100% nbr=4"
AA05,CH,2,UNIFIED,"t=10 [HELLO] NEW FF02 tier=3 verified=0"
AA05,CH,2,UNIFIED,"t=14 [HELLO] NEW 0021 tier=1 verified=0"
AA05,CH,2,UNIFIED,"t=15 [HELLO] NEW FF03 tier=3 verified=0"
AA05,CH,2,UNIFIED,"t=17 [HELLO] NEW 0020 tier=1 verified=0"
AA05,CH,2,UNIFIED,"t=20 [HELLO_TX] bat=100% nbr=8"
AA05,CH,2,UNIFIED,"t=21 [HELLO] NEW 0005 tier=1 verified=0"
AA05,CH,2,UNIFIED,"t=24 [HELLO] NEW 0064 tier=1 verified=0"
AA05,CH,2,UNIFIED,"t=28 [HELLO] NEW FF04 tier=3 verified=0"
AA05,CH,2,UNIFIED,"t=30 [HELLO_TX] bat=100% nbr=11"
AA05,CH,2,UNIFIED,"t=34 [HELLO_TX] bat=100% nbr=11"
AA05,CH,2,UNIFIED,"t=38 [HELLO] NEW 0043 tier=1 verified=0"
AA05,CH,2,UNIFIED,"t=42 [HELLO_TX] bat=100% nbr=12"
AA05,CH,2,UNIFIED,"t=46 [HELLO] NEW 0059 tier=1 verified=0"
AA05,CH,2,UNIFIED,"t=49 [HELLO] NEW 0061 tier=1 verified=0"
AA05,CH,2,UNIFIED,"t=51 [HELLO_TX] bat=100% nbr=14"
AA05,CH,2,UNIFIED,"t=59 [HELLO_TX] bat=100% nbr=14"
AA05,CH,2,UNIFIED,"t=64 [HELLO_TX] bat=100% nbr=14"
AA05,CH,2,UNIFIED,"t=70 [HELLO_TX] bat=100% nbr=14"
AA05,CH,2,UNIFIED,"t=80 [HELLO_TX] bat=100% nbr=14"
AA05,CH,2,UNIFIED,"t=80 [HELLO] NEW 0060 tier=1 verified=0"
AA05,CH,2,UNIFIED,"t=88 [HELLO_TX] bat=100% nbr=15"
AA05,CH,2,UNIFIED,"t=93 [HELLO_TX] bat=100% nbr=15"
AA05,CH,2,UNIFIED,"t=93 [HELLO] NEW 001E tier=1 verified=0"
AA05,CH,2,UNIFIED,"t=97 [HELLO_TX] bat=100% nbr=16"
AA05,CH,2,UNIFIED,"t=105 [HELLO_TX] bat=100% nbr=16"
AA05,CH,2,UNIFIED,"t=110 [HELLO_TX] bat=100% nbr=16"
AA05,CH,2,UNIFIED,"t=117 [HELLO_TX] bat=100% nbr=16"
AA05,CH,2,UNIFIED,"t=118 [HELLO] NEW 002F tier=1 verified=0"
AA05,CH,2,UNIFIED,"t=126 [HELLO_TX] bat=100% nbr=17"
AA05,CH,2,UNIFIED,"t=127 [HELLO] NEW 0006 tier=1 verified=0"
AA05,CH,2,UNIFIED,"t=131 [HELLO_TX] bat=100% nbr=18"
AA05,CH,2,UNIFIED,"t=141 [HELLO_TX] bat=100% nbr=18"
AA05,CH,2,UNIFIED,"t=150 [HELLO_TX] bat=100% nbr=18"
AA05,CH,2,UNIFIED,"t=151 [HELLO] NEW AA0C tier=2 verified=0"
AA05,CH,2,UNIFIED,"t=154 [HELLO_TX] bat=100% nbr=19"
AA05,CH,2,UNIFIED,"t=158 [HELLO_TX] bat=100% nbr=19"
AA05,CH,2,UNIFIED,"t=167 [HELLO_TX] bat=100% nbr=19"
AA05,CH,2,UNIFIED,"t=171 [HELLO_TX] bat=100% nbr=19"
AA05,CH,2,UNIFIED,"t=176 [HELLO_TX] bat=100% nbr=19"
AA05,CH,2,UNIFIED,"t=182 [HELLO_TX] bat=100% nbr=19"
AA05,CH,2,UNIFIED,"t=191 [HELLO_TX] bat=100% nbr=19"
AA05,CH,2,UNIFIED,"t=191 [HELLO] NEW 0008 tier=1 verified=0"
AA05,CH,2,UNIFIED,"t=195 [HELLO_TX] bat=100% nbr=20"
AA05,CH,2,UNIFIED,"t=199 [HELLO_TX] bat=100% nbr=20"
AA05,CH,2,UNIFIED,"t=200 [STATE] BOOT->DISCOVERY"
AA05,CH,2,UNIFIED,"t=201 [DISCO] Found verified GWN FF02"
AA05,CH,2,UNIFIED,"[LOCK][SET] partner=FF02 timeout=4"
AA05,CH,2,UNIFIED,"t=202 [CH_REQ] (1/5) -> FF02"
AA05,CH,2,UNIFIED,"[LOCK][TIMEOUT] partner=FF02"
AA05,CH,2,UNIFIED,"t=206 [TIMEOUT] partner=FF02 retry=1/5"
AA05,CH,2,UNIFIED,"t=206 [TIMEOUT] Sent CH_REJECT to orphaned FF02"
AA05,CH,2,UNIFIED,"[LOCK][CLEAR][TIMEOUT] partner=FF02"
AA05,CH,2,UNIFIED,"[LOCK][SET] partner=FF02 timeout=4"
AA05,CH,2,UNIFIED,"t=207 [CH_REQ] (2/5) -> FF02"
AA05,CH,2,UNIFIED,"t=209 [HELLO_TX] bat=100% nbr=20"
AA05,CH,2,UNIFIED,"t=209 [CH_ACK] Received key from FF02"
AA05,CH,2,UNIFIED,"[LOCK][REFRESH] partner=FF02 timeout=4"
AA05,CH,2,UNIFIED,"t=209 [KEY_ACK] -> FF02 (encrypted)"
AA05,CH,2,UNIFIED,"[LOCK][CLEAR][SUCCESS] partner=FF02"
AA05,CH,2,UNIFIED,"t=209 [VERIFIED] parent=GWN FF02 (localKey set; encrypted comms)"
AA05,CH,2,UNIFIED,"t=212 [CH_REJECT] from FF02"
AA05,CH,2,UNIFIED,"t=212 [PURGE] parent FF02 (rejected)"
AA05,CH,2,UNIFIED,"t=214 [HELLO_TX] bat=100% nbr=20"
AA05,CH,2,UNIFIED,"t=216 [HELLO] NEW 0027 tier=1 verified=0"
AA05,CH,2,UNIFIED,"[LOCK][SET] partner=FF03 timeout=4"
AA05,CH,2,UNIFIED,"t=217 [CH_REQ] (1/5) -> FF03"
AA05,CH,2,UNIFIED,"t=218 [HELLO_TX] bat=100% nbr=21"
AA05,CH,2,UNIFIED,"t=220 [CH_ACK] Received key from FF03"
AA05,CH,2,UNIFIED,"[LOCK][REFRESH] partner=FF03 timeout=4"
AA05,CH,2,UNIFIED,"t=220 [KEY_ACK] -> FF03 (encrypted)"
AA05,CH,2,UNIFIED,"[LOCK][CLEAR][SUCCESS] partner=FF03"
AA05,CH,2,UNIFIED,"t=220 [VERIFIED] parent=GWN FF03 (localKey set; encrypted comms)"
AA05,CH,2,UNIFIED,"t=222 [CH_REJECT] from FF03"
AA05,CH,2,UNIFIED,"t=222 [PURGE] parent FF03 (rejected)"
AA05,CH,2,UNIFIED,"[LOCK][SET] partner=FF09 timeout=4"
AA05,CH,2,UNIFIED,"t=223 [CH_REQ] (1/5) -> FF09"
AA05,CH,2,UNIFIED,"[LOCK][TIMEOUT] partner=FF09"
AA05,CH,2,UNIFIED,"t=227 [TIMEOUT] partner=FF09 retry=1/5"
AA05,CH,2,UNIFIED,"t=227 [TIMEOUT] Sent CH_REJECT to orphaned FF09"
AA05,CH,2,UNIFIED,"[LOCK][CLEAR][TIMEOUT] partner=FF09"
AA05,CH,2,UNIFIED,"t=228 [HELLO_TX] bat=99% nbr=21"
AA05,CH,2,UNIFIED,"[LOCK][SET] partner=FF09 timeout=4"
AA05,CH,2,UNIFIED,"t=228 [CH_REQ] (2/5) -> FF09"
AA05,CH,2,UNIFIED,"[LOCK][TIMEOUT] partner=FF09"
AA05,CH,2,UNIFIED,"t=232 [TIMEOUT] partner=FF09 retry=2/5"
AA05,CH,2,UNIFIED,"t=232 [TIMEOUT] Sent CH_REJECT to orphaned FF09"
AA05,CH,2,UNIFIED,"[LOCK][CLEAR][TIMEOUT] partner=FF09"
AA05,CH,2,UNIFIED,"[LOCK][SET] partner=FF09 timeout=4"
AA05,CH,2,UNIFIED,"t=233 [CH_REQ] (3/5) -> FF09"
AA05,CH,2,UNIFIED,"[LOCK][TIMEOUT] partner=FF09"
AA05,CH,2,UNIFIED,"t=237 [TIMEOUT] partner=FF09 retry=3/5"
AA05,CH,2,UNIFIED,"t=237 [TIMEOUT] Sent CH_REJECT to orphaned FF09"
AA05,CH,2,UNIFIED,"[LOCK][CLEAR][TIMEOUT] partner=FF09"
AA05,CH,2,UNIFIED,"t=238 [HELLO_TX] bat=99% nbr=21"
AA05,CH,2,UNIFIED,"[LOCK][SET] partner=FF09 timeout=4"
AA05,CH,2,UNIFIED,"t=238 [CH_REQ] (4/5) -> FF09"
AA05,CH,2,UNIFIED,"[LOCK][TIMEOUT] partner=FF09"
AA05,CH,2,UNIFIED,"t=242 [TIMEOUT] partner=FF09 retry=4/5"
AA05,CH,2,UNIFIED,"t=242 [TIMEOUT] Sent CH_REJECT to orphaned FF09"
AA05,CH,2,UNIFIED,"[LOCK][CLEAR][TIMEOUT] partner=FF09"
AA05,CH,2,UNIFIED,"t=243 [HELLO_TX] bat=99% nbr=21"
AA05,CH,2,UNIFIED,"[LOCK][SET] partner=FF09 timeout=4"
AA05,CH,2,UNIFIED,"t=243 [CH_REQ] (5/5) -> FF09"
AA05,CH,2,UNIFIED,"[LOCK][TIMEOUT] partner=FF09"
AA05,CH,2,UNIFIED,"t=247 [TIMEOUT] partner=FF09 retry=5/5"
AA05,CH,2,UNIFIED,"t=247 [TIMEOUT] Sent CH_REJECT to orphaned FF09"
AA05,CH,2,UNIFIED,"[LOCK][CLEAR][TIMEOUT] partner=FF09"
AA05,CH,2,UNIFIED,"t=248 [REJECT] FF09 MAX_RETRIES=5"
AA06,CH,2,UNIFIED,"t=4 [HELLO] NEW 004B tier=1 verified=0"
AA06,CH,2,UNIFIED,"t=5 [HELLO] NEW AA0A tier=2 verified=0"
AA06,CH,2,UNIFIED,"t=6 [HELLO_TX] bat=100% nbr=2"
AA06,CH,2,UNIFIED,"t=6 [HELLO] NEW 0049 tier=1 verified=0"
AA06,CH,2,UNIFIED,"t=10 [HELLO] NEW 0039 tier=1 verified=0"
AA06,CH,2,UNIFIED,"t=11 [HELLO_TX] bat=100% nbr=4"
AA06,CH,2,UNIFIED,"t=12 [HELLO] NEW 0015 tier=1 verified=0"
AA06,CH,2,UNIFIED,"t=18 [HELLO_TX] bat=100% nbr=5"
AA06,CH,2,UNIFIED,"t=20 [HELLO] NEW 0052 tier=1 verified=0"
AA06,CH,2,UNIFIED,"t=22 [HELLO] NEW 0024 tier=1 verified=0"
AA06,CH,2,UNIFIED,"t=24 [HELLO] NEW 002A tier=1 verified=0"
AA06,CH,2,UNIFIED,"t=25 [HELLO] NEW FF08 tier=3 verified=0"
AA06,CH,2,UNIFIED,"t=26 [HELLO_TX] bat=100% nbr=9"
AA06,CH,2,UNIFIED,"t=26 [HELLO] NEW FF0C tier=3 verified=0"
AA06,CH,2,UNIFIED,"t=32 [HELLO_TX] bat=100% nbr=10"
AA06,CH,2,UNIFIED,"t=33 [HELLO] NEW 0050 tier=1 verified=0"
AA06,CH,2,UNIFIED,"t=37 [HELLO_TX] bat=100% nbr=11"
AA06,CH,2,UNIFIED,"t=37 [HELLO] NEW FF05 tier=3 verified=1"
AA06,CH,2,UNIFIED,"t=41 [HELLO] NEW 000D tier=1 verified=0"
AA06,CH,2,UNIFIED,"t=42 [HELLO] NEW 0025 tier=1 verified=0"
AA06,CH,2,UNIFIED,"t=47 [HELLO_TX] bat=100% nbr=14"
AA06,CH,2,UNIFIED,"t=51 [HELLO_TX] bat=100% nbr=14"
AA06,CH,2,UNIFIED,"t=59 [HELLO_TX] bat=100% nbr=14"
AA06,CH,2,UNIFIED,"t=65 [HELLO_TX] bat=100% nbr=14"
AA06,CH,2,UNIFIED,"t=66 [HELLO] NEW 005F tier=1 verified=0"
AA06,CH,2,UNIFIED,"t=69 [HELLO_TX] bat=100% nbr=15"
AA06,CH,2,UNIFIED,"t=74 [HELLO] NEW FF01 tier=3 verified=1"
AA06,CH,2,UNIFIED,"t=75 [HELLO] NEW 000F tier=1 verified=0"
AA06,CH,2,UNIFIED,"t=76 [HELLO_TX] bat=100% nbr=17"
AA06,CH,2,UNIFIED,"t=77 [HELLO] NEW 000E tier=1 verified=0"
AA06,CH,2,UNIFIED,"t=81 [HELLO_TX] bat=100% nbr=18"
AA06,CH,2,UNIFIED,"t=91 [HELLO_TX] bat=100% nbr=18"
AA06,CH,2,UNIFIED,"t=93 [HELLO] NEW FF0A tier=3 verified=1"
AA06,CH,2,UNIFIED,"t=95 [HELLO_TX] bat=100% nbr=19"
AA06,CH,2,UNIFIED,"t=99 [HELLO_TX] bat=100% nbr=19"
AA06,CH,2,UNIFIED,"t=107 [HELLO_TX] bat=100% nbr=19"
AA06,CH,2,UNIFIED,"t=112 [HELLO_TX] bat=100% nbr=19"
AA06,CH,2,UNIFIED,"t=116 [HELLO] NEW 004E tier=1 verified=0"
AA06,CH,2,UNIFIED,"t=117 [HELLO_TX] bat=100% nbr=20"
AA06,CH,2,UNIFIED,"t=126 [HELLO_TX] bat=100% nbr=20"
AA06,CH,2,UNIFIED,"t=135 [HELLO_TX] bat=100% nbr=20"
AA06,CH,2,UNIFIED,"t=139 [HELLO_TX] bat=100% nbr=20"
AA06,CH,2,UNIFIED,"t=149 [HELLO_TX] bat=100% nbr=20"
AA06,CH,2,UNIFIED,"t=156 [HELLO_TX] bat=100% nbr=20"
AA06,CH,2,UNIFIED,"t=161 [HELLO_TX] bat=100% nbr=20"
AA06,CH,2,UNIFIED,"t=168 [HELLO_TX] bat=100% nbr=20"
AA06,CH,2,UNIFIED,"t=175 [HELLO_TX] bat=100% nbr=20"
AA06,CH,2,UNIFIED,"t=182 [HELLO_TX] bat=100% nbr=20"
AA06,CH,2,UNIFIED,"t=187 [HELLO_TX] bat=100% nbr=20"
AA06,CH,2,UNIFIED,"t=197 [HELLO_TX] bat=100% nbr=20"
AA06,CH,2,UNIFIED,"t=200 [STATE] BOOT->DISCOVERY"
AA06,CH,2,UNIFIED,"t=201 [DISCO] Found verified GWN FF08"
AA06,CH,2,UNIFIED,"[LOCK][SET] partner=FF08 timeout=4"
AA06,CH,2,UNIFIED,"t=202 [CH_REQ] (1/5) -> FF08"
AA06,CH,2,UNIFIED,"t=204 [CH_ACK] Received key from FF08"
AA06,CH,2,UNIFIED,"[LOCK][REFRESH] partner=FF08 timeout=4"
AA06,CH,2,UNIFIED,"t=204 [KEY_ACK] -> FF08 (encrypted)"
AA06,CH,2,UNIFIED,"[LOCK][CLEAR][SUCCESS] partner=FF08"
AA06,CH,2,UNIFIED,"t=204 [VERIFIED] parent=GWN FF08 (localKey set; encrypted comms)"
AA06,CH,2,UNIFIED,"t=206 [HELLO_TX] bat=100% nbr=20"
AA06,CH,2,UNIFIED,"t=215 [HELLO_TX] bat=100% nbr=20"
AA06,CH,2,UNIFIED,"t=223 [HELLO_TX] bat=100% nbr=20"
AA06,CH,2,UNIFIED,"t=231 [HELLO_TX] bat=100% nbr=20"
AA06,CH,2,UNIFIED,"t=238 [HELLO_TX] bat=100% nbr=20"
AA06,CH,2,UNIFIED,"t=247 [HELLO_TX] bat=100% nbr=20"
AA06,CH,2,UNIFIED,"t=248 [HELLO] NEW 0055 tier=1 verified=0"
AA07,CH,2,UNIFIED,"t=4 [HELLO_TX] bat=100% nbr=0"
AA07,CH,2,UNIFIED,"t=4 [HELLO] NEW 0030 tier=1 verified=0"
AA07,CH,2,UNIFIED,"t=5 [HELLO] NEW 0037 tier=1 verified=0"
AA07,CH,2,UNIFIED,"t=8 [HELLO] NEW 001F tier=1 verified=0"
AA07,CH,2,UNIFIED,"t=10 [HELLO_TX] bat=100% nbr=3"
AA07,CH,2,UNIFIED,"t=10 [HELLO] NEW FF07 tier=3 verified=0"
AA07,CH,2,UNIFIED,"t=13 [HELLO] NEW AA04 tier=2 verified=0"
AA07,CH,2,UNIFIED,"t=19 [HELLO_TX] bat=100% nbr=5"
AA07,CH,2,UNIFIED,"t=19 [HELLO] NEW 0011 tier=1 verified=0"
AA07,CH,2,UNIFIED,"t=25 [HELLO_TX] bat=100% nbr=6"
AA07,CH,2,UNIFIED,"t=28 [HELLO] NEW 0002 tier=1 verified=0"
AA07,CH,2,UNIFIED,"t=33 [HELLO_TX] bat=100% nbr=7"
AA07,CH,2,UNIFIED,"t=39 [HELLO] NEW 002E tier=1 verified=0"
AA07,CH,2,UNIFIED,"t=40 [HELLO_TX] bat=100% nbr=8"
AA07,CH,2,UNIFIED,"t=45 [HELLO_TX] bat=100% nbr=8"
AA07,CH,2,UNIFIED,"t=45 [HELLO] NEW 0053 tier=1 verified=0"
AA07,CH,2,UNIFIED,"t=50 [HELLO_TX] bat=100% nbr=9"
AA07,CH,2,UNIFIED,"t=57 [HELLO_TX] bat=100% nbr=9"
AA07,CH,2,UNIFIED,"t=59 [HELLO] NEW 0040 tier=1 verified=0"
AA07,CH,2,UNIFIED,"t=61 [HELLO_TX] bat=100% nbr=10"
AA07,CH,2,UNIFIED,"t=67 [HELLO] NEW 0003 tier=1 verified=0"
AA07,CH,2,UNIFIED,"t=68 [HELLO] NEW FF0D tier=3 verified=0"
AA07,CH,2,UNIFIED,"t=69 [HELLO_TX] bat=100% nbr=12"
AA07,CH,2,UNIFIED,"t=75 [HELLO_TX] bat=100% nbr=12"
AA07,CH,2,UNIFIED,"t=82 [HELLO_TX] bat=100% nbr=12"
AA07,CH,2,UNIFIED,"t=92 [HELLO_TX] bat=100% nbr=12"
AA07,CH,2,UNIFIED,"t=99 [HELLO_TX] bat=100% nbr=12"
AA07,CH,2,UNIFIED,"t=105 [HELLO_TX] bat=100% nbr=12"
AA07,CH,2,UNIFIED,"t=111 [HELLO_TX] bat=100% nbr=12"
AA07,CH,2,UNIFIED,"t=119 [HELLO_TX] bat=100% nbr=12"
AA07,CH,2,UNIFIED,"t=129 [HELLO_TX] bat=100% nbr=12"
AA07,CH,2,UNIFIED,"t=135 [HELLO] NEW 004C tier=1 verified=0"
AA07,CH,2,UNIFIED,"t=136 [HELLO_TX] bat=100% nbr=13"
AA07,CH,2,UNIFIED,"t=143 [HELLO_TX] bat=100% nbr=13"
AA07,CH,2,UNIFIED,"t=147 [HELLO_TX] bat=100% nbr=13"
AA07,CH,2,UNIFIED,"t=152 [HELLO_TX] bat=100% nbr=13"
AA07,CH,2,UNIFIED,"t=162 [HELLO_TX] bat=100% nbr=13"
AA07,CH,2,UNIFIED,"t=172 [HELLO_TX] bat=100% nbr=13"
AA07,CH,2,UNIFIED,"t=180 [HELLO] NEW 0045 tier=1 verified=0"
AA07,CH,2,UNIFIED,"t=181 [HELLO_TX] bat=100% nbr=14"
AA07,CH,2,UNIFIED,"t=190 [HELLO_TX] bat=100% nbr=14"
AA07,CH,2,UNIFIED,"t=194 [HELLO_TX] bat=100% nbr=14"
AA07,CH,2,UNIFIED,"t=200 [STATE] BOOT->DISCOVERY"
AA07,CH,2,UNIFIED,"t=201 [DISCO] Found verified GWN FF0D"
AA07,CH,2,UNIFIED,"[LOCK][SET] partner=FF0D timeout=4"
AA07,CH,2,UNIFIED,"t=202 [CH_REQ] (1/5) -> FF0D"
AA07,CH,2,UNIFIED,"t=203 [HELLO_TX] bat=100% nbr=14"
AA07,CH,2,UNIFIED,"[LOCK][TIMEOUT] partner=FF0D"
AA07,CH,2,UNIFIED,"t=206 [TIMEOUT] partner=FF0D retry=1/5"
AA07,CH,2,UNIFIED,"t=206 [TIMEOUT] Sent CH_REJECT to orphaned FF0D"
AA07,CH,2,UNIFIED,"[LOCK][CLEAR][TIMEOUT] partner=FF0D"
AA07,CH,2,UNIFIED,"[LOCK][SET] partner=FF0D timeout=4"
AA07,CH,2,UNIFIED,"t=207 [CH_REQ] (2/5) -> FF0D"
AA07,CH,2,UNIFIED,"[LOCK][TIMEOUT] partner=FF0D"
AA07,CH,2,UNIFIED,"t=211 [TIMEOUT] partner=FF0D retry=2/5"
AA07,CH,2,UNIFIED,"t=211 [TIMEOUT] Sent CH_REJECT to orphaned FF0D"
AA07,CH,2,UNIFIED,"[LOCK][CLEAR][TIMEOUT] partner=FF0D"
AA07,CH,2,UNIFIED,"[LOCK][SET] partner=FF0D timeout=4"
AA07,CH,2,UNIFIED,"t=212 [CH_REQ] (3/5) -> FF0D"
AA07,CH,2,UNIFIED,"t=213 [HELLO_TX] bat=100% nbr=14"
AA07,CH,2,UNIFIED,"[LOCK][TIMEOUT] partner=FF0D"
AA07,CH,2,UNIFIED,"t=216 [TIMEOUT] partner=FF0D retry=3/5"
AA07,CH,2,UNIFIED,"t=216 [TIMEOUT] Sent CH_REJECT to orphaned FF0D"
AA07,CH,2,UNIFIED,"[LOCK][CLEAR][TIMEOUT] partner=FF0D"
AA07,CH,2,UNIFIED,"[LOCK][SET] partner=FF0D timeout=4"
AA07,CH,2,UNIFIED,"t=217 [CH_REQ] (4/5) -> FF0D"
AA07,CH,2,UNIFIED,"t=221 [HELLO_TX] bat=100% nbr=14"
AA07,CH,2,UNIFIED,"[LOCK][TIMEOUT] partner=FF0D"
AA07,CH,2,UNIFIED,"t=221 [TIMEOUT] partner=FF0D retry=4/5"
AA07,CH,2,UNIFIED,"t=221 [TIMEOUT] Sent CH_REJECT to orphaned FF0D"
AA07,CH,2,UNIFIED,"[LOCK][CLEAR][TIMEOUT] partner=FF0D"
AA07,CH,2,UNIFIED,"[LOCK][SET] partner=FF0D timeout=4"
AA07,CH,2,UNIFIED,"t=222 [CH_REQ] (5/5) -> FF0D"
AA07,CH,2,UNIFIED,"t=226 [HELLO_TX] bat=99% nbr=14"
AA07,CH,2,UNIFIED,"[LOCK][TIMEOUT] partner=FF0D"
AA07,CH,2,UNIFIED,"t=226 [TIMEOUT] partner=FF0D retry=5/5"
AA07,CH,2,UNIFIED,"t=226 [TIMEOUT] Sent CH_REJECT to orphaned FF0D"
AA07,CH,2,UNIFIED,"[LOCK][CLEAR][TIMEOUT] partner=FF0D"
AA07,CH,2,UNIFIED,"t=227 [REJECT] FF0D MAX_RETRIES=5"
AA07,CH,2,UNIFIED,"t=231 [HELLO_TX] bat=99% nbr=14"
AA07,CH,2,UNIFIED,"[LOCK][SET] partner=FF07 timeout=4"
AA07,CH,2,UNIFIED,"t=233 [CH_REQ] (1/5) -> FF07"
AA07,CH,2,UNIFIED,"[LOCK][TIMEOUT] partner=FF07"
AA07,CH,2,UNIFIED,"t=237 [TIMEOUT] partner=FF07 retry=1/5"
AA07,CH,2,UNIFIED,"t=237 [TIMEOUT] Sent CH_REJECT to orphaned FF07"
AA07,CH,2,UNIFIED,"[LOCK][CLEAR][TIMEOUT] partner=FF07"
AA07,CH,2,UNIFIED,"t=238 [HELLO_TX] bat=99% nbr=14"
AA07,CH,2,UNIFIED,"[LOCK][SET] partner=FF07 timeout=4"
AA07,CH,2,UNIFIED,"t=238 [CH_REQ] (2/5) -> FF07"
AA07,CH,2,UNIFIED,"t=242 [HELLO_TX] bat=99% nbr=14"
AA07,CH,2,UNIFIED,"[LOCK][TIMEOUT] partner=FF07"
AA07,CH,2,UNIFIED,"t=242 [TIMEOUT] partner=FF07 retry=2/5"
AA07,CH,2,UNIFIED,"t=242 [TIMEOUT] Sent CH_REJECT to orphaned FF07"
AA07,CH,2,UNIFIED,"[LOCK][CLEAR][TIMEOUT] partner=FF07"
AA07,CH,2,UNIFIED,"[LOCK][SET] partner=FF07 timeout=4"
AA07,CH,2,UNIFIED,"t=243 [CH_REQ] (3/5) -> FF07"
AA07,CH,2,UNIFIED,"[LOCK][TIMEOUT] partner=FF07"
AA07,CH,2,UNIFIED,"t=247 [TIMEOUT] partner=FF07 retry=3/5"
AA07,CH,2,UNIFIED,"t=247 [TIMEOUT] Sent CH_REJECT to orphaned FF07"
AA07,CH,2,UNIFIED,"[LOCK][CLEAR][TIMEOUT] partner=FF07"
AA07,CH,2,UNIFIED,"[LOCK][SET] partner=FF07 timeout=4"
AA07,CH,2,UNIFIED,"t=248 [CH_REQ] (4/5) -> FF07"
AA08,CH,2,UNIFIED,"t=5 [HELLO_TX] bat=100% nbr=0"
AA08,CH,2,UNIFIED,"t=7 [HELLO] NEW 004C tier=1 verified=0"
AA08,CH,2,UNIFIED,"t=9 [HELLO] NEW 0051 tier=1 verified=0"
AA08,CH,2,UNIFIED,"t=10 [HELLO] NEW FF0B tier=3 verified=0"
AA08,CH,2,UNIFIED,"t=12 [HELLO] NEW FF01 tier=3 verified=0"
AA08,CH,2,UNIFIED,"t=13 [HELLO_TX] bat=100% nbr=4"
AA08,CH,2,UNIFIED,"t=13 [HELLO] NEW 003A tier=1 verified=0"
AA08,CH,2,UNIFIED,"t=20 [HELLO_TX] bat=100% nbr=5"
AA08,CH,2,UNIFIED,"t=27 [HELLO_TX] bat=100% nbr=5"
AA08,CH,2,UNIFIED,"t=30 [HELLO] NEW 0022 tier=1 verified=0"
AA08,CH,2,UNIFIED,"t=32 [HELLO] NEW AA02 tier=2 verified=0"
AA08,CH,2,UNIFIED,"t=37 [HELLO_TX] bat=100% nbr=7"
AA08,CH,2,UNIFIED,"t=39 [HELLO] NEW 0046 tier=1 verified=0"
AA08,CH,2,UNIFIED,"t=47 [HELLO_TX] bat=100% nbr=8"
AA08,CH,2,UNIFIED,"t=57 [HELLO_TX] bat=100% nbr=8"
AA08,CH,2,UNIFIED,"t=66 [HELLO_TX] bat=100% nbr=8"
AA08,CH,2,UNIFIED,"t=70 [HELLO_TX] bat=100% nbr=8"
AA08,CH,2,UNIFIED,"t=72 [HELLO] NEW 0023 tier=1 verified=0"
AA08,CH,2,UNIFIED,"t=78 [HELLO_TX] bat=100% nbr=9"
AA08,CH,2,UNIFIED,"t=79 [HELLO] NEW 005C tier=1 verified=0"
AA08,CH,2,UNIFIED,"t=88 [HELLO_TX] bat=100% nbr=10"
AA08,CH,2,UNIFIED,"t=95 [HELLO_TX] bat=100% nbr=10"
AA08,CH,2,UNIFIED,"t=102 [HELLO_TX] bat=100% nbr=10"
AA08,CH,2,UNIFIED,"t=104 [HELLO] NEW FF0C tier=3 verified=1"
AA08,CH,2,UNIFIED,"t=109 [HELLO_TX] bat=100% nbr=11"
AA08,CH,2,UNIFIED,"t=113 [HELLO_TX] bat=100% nbr=11"
AA08,CH,2,UNIFIED,"t=123 [HELLO_TX] bat=100% nbr=11"
AA08,CH,2,UNIFIED,"t=128 [HELLO_TX] bat=100% nbr=11"
AA08,CH,2,UNIFIED,"t=134 [HELLO] NEW 002C tier=1 verified=0"
AA08,CH,2,UNIFIED,"t=138 [HELLO_TX] bat=100% nbr=12"
AA08,CH,2,UNIFIED,"t=146 [HELLO_TX] bat=100% nbr=12"
AA08,CH,2,UNIFIED,"t=154 [HELLO_TX] bat=100% nbr=12"
AA08,CH,2,UNIFIED,"t=162 [HELLO_TX] bat=100% nbr=12"
AA08,CH,2,UNIFIED,"t=167 [HELLO_TX] bat=100% nbr=12"
AA08,CH,2,UNIFIED,"t=174 [HELLO_TX] bat=100% nbr=12"
AA08,CH,2,UNIFIED,"t=183 [HELLO_TX] bat=100% nbr=12"
AA08,CH,2,UNIFIED,"t=189 [HELLO_TX] bat=100% nbr=12"
AA08,CH,2,UNIFIED,"t=194 [HELLO_TX] bat=100% nbr=12"
AA08,CH,2,UNIFIED,"t=200 [HELLO_TX] bat=100% nbr=12"
AA08,CH,2,UNIFIED,"t=200 [STATE] BOOT->DISCOVERY"
AA08,CH,2,UNIFIED,"t=201 [DISCO] Found verified GWN FF0B"
AA08,CH,2,UNIFIED,"[LOCK][SET] partner=FF0B timeout=4"
AA08,CH,2,UNIFIED,"t=202 [CH_REQ] (1/5) -> FF0B"
AA08,CH,2,UNIFIED,"[LOCK][TIMEOUT] partner=FF0B"
AA08,CH,2,UNIFIED,"t=206 [TIMEOUT] partner=FF0B retry=1/5"
AA08,CH,2,UNIFIED,"t=206 [TIMEOUT] Sent CH_REJECT to orphaned FF0B"
AA08,CH,2,UNIFIED,"[LOCK][CLEAR][TIMEOUT] partner=FF0B"
AA08,CH,2,UNIFIED,"t=207 [HELLO_TX] bat=100% nbr=12"
AA08,CH,2,UNIFIED,"[LOCK][SET] partner=FF0B timeout=4"
AA08,CH,2,UNIFIED,"t=207 [CH_REQ] (2/5) -> FF0B"
AA08,CH,2,UNIFIED,"[LOCK][TIMEOUT] partner=FF0B"
AA08,CH,2,UNIFIED,"t=211 [TIMEOUT] partner=FF0B retry=2/5"
AA08,CH,2,UNIFIED,"t=211 [TIMEOUT] Sent CH_REJECT to orphaned FF0B"
AA08,CH,2,UNIFIED,"[LOCK][CLEAR][TIMEOUT] partner=FF0B"
AA08,CH,2,UNIFIED,"[LOCK][SET] partner=FF0B timeout=4"
AA08,CH,2,UNIFIED,"t=212 [CH_REQ] (3/5) -> FF0B"
AA08,CH,2,UNIFIED,"[LOCK][TIMEOUT] partner=FF0B"
AA08,CH,2,UNIFIED,"t=216 [TIMEOUT] partner=FF0B retry=3/5"
AA08,CH,2,UNIFIED,"t=216 [TIMEOUT] Sent CH_REJECT to orphaned FF0B"
AA08,CH,2,UNIFIED,"[LOCK][CLEAR][TIMEOUT] partner=FF0B"
AA08,CH,2,UNIFIED,"t=217 [HELLO_TX] bat=100% nbr=12"
AA08,CH,2,UNIFIED,"[LOCK][SET] partner=FF0B timeout=4"
AA08,CH,2,UNIFIED,"t=217 [CH_REQ] (4/5) -> FF0B"
AA08,CH,2,UNIFIED,"t=219 [CH_REJECT] from FF0B"
AA08,CH,2,UNIFIED,"[LOCK][CLEAR][REJECT] partner=FF0B"
AA08,CH,2,UNIFIED,"t=222 [HELLO_TX] bat=100% nbr=12"
AA08,CH,2,UNIFIED,"t=222 [CH_REJECT] from FF0B"
AA08,CH,2,UNIFIED,"[LOCK][SET] partner=FF01 timeout=4"
AA08,CH,2,UNIFIED,"t=223 [CH_REQ] (1/5) -> FF01"
AA08,CH,2,UNIFIED,"t=226 [HELLO_TX] bat=100% nbr=12"
AA08,CH,2,UNIFIED,"[LOCK][TIMEOUT] partner=FF01"
AA08,CH,2,UNIFIED,"t=227 [TIMEOUT] partner=FF01 retry=1/5"
AA08,CH,2,UNIFIED,"t=227 [TIMEOUT] Sent CH_REJECT to orphaned FF01"
AA08,CH,2,UNIFIED,"[LOCK][CLEAR][TIMEOUT] partner=FF01"
AA08,CH,2,UNIFIED,"[LOCK][SET] partner=FF01 timeout=4"
AA08,CH,2,UNIFIED,"t=228 [CH_REQ] (2/5) -> FF01"
AA08,CH,2,UNIFIED,"[LOCK][TIMEOUT] partner=FF01"
AA08,CH,2,UNIFIED,"t=232 [TIMEOUT] partner=FF01 retry=2/5"
AA08,CH,2,UNIFIED,"t=232 [TIMEOUT] Sent CH_REJECT to orphaned FF01"
AA08,CH,2,UNIFIED,"[LOCK][CLEAR][TIMEOUT] partner=FF01"
AA08,CH,2,UNIFIED,"[LOCK][SET] partner=FF01 timeout=4"
AA08,CH,2,UNIFIED,"t=233 [CH_REQ] (3/5) -> FF01"
AA08,CH,2,UNIFIED,"t=236 [HELLO_TX] bat=99% nbr=12"
AA08,CH,2,UNIFIED,"[LOCK][TIMEOUT] partner=FF01"
AA08,CH,2,UNIFIED,"t=237 [TIMEOUT] partner=FF01 retry=3/5"
AA08,CH,2,UNIFIED,"t=237 [TIMEOUT] Sent CH_REJECT to orphaned FF01"
AA08,CH,2,UNIFIED,"[LOCK][CLEAR][TIMEOUT] partner=FF01"
AA08,CH,2,UNIFIED,"[LOCK][SET] partner=FF01 timeout=4"
AA08,CH,2,UNIFIED,"t=238 [CH_REQ] (4/5) -> FF01"
AA08,CH,2,UNIFIED,"t=240 [HELLO_TX] bat=99% nbr=12"
AA08,CH,2,UNIFIED,"[LOCK][TIMEOUT] partner=FF01"
AA08,CH,2,UNIFIED,"t=242 [TIMEOUT] partner=FF01 retry=4/5"
AA08,CH,2,UNIFIED,"t=242 [TIMEOUT] Sent CH_REJECT to orphaned FF01"
AA08,CH,2,UNIFIED,"[LOCK][CLEAR][TIMEOUT] partner=FF01"
AA08,CH,2,UNIFIED,"[LOCK][SET] partner=FF01 timeout=4"
AA08,CH,2,UNIFIED,"t=243 [CH_REQ] (5/5) -> FF01"
AA08,CH,2,UNIFIED,"[LOCK][TIMEOUT] partner=FF01"
AA08,CH,2,UNIFIED,"t=247 [TIMEOUT] partner=FF01 retry=5/5"
AA08,CH,2,UNIFIED,"t=247 [TIMEOUT] Sent CH_REJECT to orphaned FF01"
AA08,CH,2,UNIFIED,"[LOCK][CLEAR][TIMEOUT] partner=FF01"
AA08,CH,2,UNIFIED,"t=248 [HELLO_TX] bat=99% nbr=12"
AA08,CH,2,UNIFIED,"t=248 [REJECT] FF01 MAX_RETRIES=5"
AA09,CH,2,UNIFIED,"t=4 [HELLO] NEW 001C tier=1 verified=0"
AA09,CH,2,UNIFIED,"t=5 [HELLO] NEW 0063 tier=1 verified=0"
AA09,CH,2,UNIFIED,"t=6 [HELLO_TX] bat=100% nbr=2"
AA09,CH,2,UNIFIED,"t=9 [HELLO] NEW 002D tier=1 verified=0"
AA09,CH,2,UNIFIED,"t=10 [HELLO] NEW 0016 tier=1 verified=0"
AA09,CH,2,UNIFIED,"t=12 [HELLO_TX] bat=100% nbr=4"
AA09,CH,2,UNIFIED,"t=12 [HELLO] NEW 0014 tier=1 verified=0"
AA09,CH,2,UNIFIED,"t=13 [HELLO] NEW FF09 tier=3 verified=0"
AA09,CH,2,UNIFIED,"t=15 [HELLO] NEW 000C tier=1 verified=0"
AA09,CH,2,UNIFIED,"t=16 [HELLO] NEW 004D tier=1 verified=0"
AA09,CH,2,UNIFIED,"t=17 [HELLO_TX] bat=100% nbr=8"
AA09,CH,2,UNIFIED,"t=17 [HELLO] NEW 0001 tier=1 verified=0"
AA09,CH,2,UNIFIED,"t=19 [HELLO] NEW 0058 tier=1 verified=0"
AA09,CH,2,UNIFIED,"t=21 [HELLO_TX] bat=100% nbr=10"
AA09,CH,2,UNIFIED,"t=30 [HELLO_TX] bat=100% nbr=10"
AA09,CH,2,UNIFIED,"t=30 [HELLO] NEW 0019 tier=1 verified=0"
AA09,CH,2,UNIFIED,"t=33 [HELLO] NEW FF06 tier=3 verified=0"
AA09,CH,2,UNIFIED,"t=39 [HELLO_TX] bat=100% nbr=12"
AA09,CH,2,UNIFIED,"t=49 [HELLO_TX] bat=100% nbr=12"
AA09,CH,2,UNIFIED,"t=53 [HELLO_TX] bat=100% nbr=12"
AA09,CH,2,UNIFIED,"t=58 [HELLO_TX] bat=100% nbr=12"
AA09,CH,2,UNIFIED,"t=68 [HELLO_TX] bat=100% nbr=12"
AA09,CH,2,UNIFIED,"t=68 [HELLO] NEW AA01 tier=2 verified=0"
AA09,CH,2,UNIFIED,"t=78 [HELLO_TX] bat=100% nbr=13"
AA09,CH,2,UNIFIED,"t=82 [HELLO_TX] bat=100% nbr=13"
AA09,CH,2,UNIFIED,"t=89 [HELLO_TX] bat=100% nbr=13"
AA09,CH,2,UNIFIED,"t=98 [HELLO_TX] bat=100% nbr=13"
AA09,CH,2,UNIFIED,"t=107 [HELLO_TX] bat=100% nbr=13"
AA09,CH,2,UNIFIED,"t=117 [HELLO_TX] bat=100% nbr=13"
AA09,CH,2,UNIFIED,"t=125 [HELLO_TX] bat=100% nbr=13"
AA09,CH,2,UNIFIED,"t=133 [HELLO_TX] bat=100% nbr=13"
AA09,CH,2,UNIFIED,"t=139 [HELLO_TX] bat=100% nbr=13"
AA09,CH,2,UNIFIED,"t=145 [HELLO_TX] bat=100% nbr=13"
AA09,CH,2,UNIFIED,"t=155 [HELLO_TX] bat=100% nbr=13"
AA09,CH,2,UNIFIED,"t=164 [HELLO_TX] bat=100% nbr=13"
AA09,CH,2,UNIFIED,"t=172 [HELLO_TX] bat=100% nbr=13"
AA09,CH,2,UNIFIED,"t=176 [HELLO_TX] bat=100% nbr=13"
AA09,CH,2,UNIFIED,"t=184 [HELLO_TX] bat=100% nbr=13"
AA09,CH,2,UNIFIED,"t=192 [HELLO_TX] bat=100% nbr=13"
AA09,CH,2,UNIFIED,"t=197 [HELLO_TX] bat=100% nbr=13"
AA09,CH,2,UNIFIED,"t=200 [STATE] BOOT->DISCOVERY"
AA09,CH,2,UNIFIED,"t=201 [DISCO] Found verified GWN FF06"
AA09,CH,2,UNIFIED,"[LOCK][SET] partner=FF06 timeout=4"
AA09,CH,2,UNIFIED,"t=202 [CH_REQ] (1/5) -> FF06"
AA09,CH,2,UNIFIED,"[LOCK][TIMEOUT] partner=FF06"
AA09,CH,2,UNIFIED,"t=206 [TIMEOUT] partner=FF06 retry=1/5"
AA09,CH,2,UNIFIED,"t=206 [TIMEOUT] Sent CH_REJECT to orphaned FF06"
AA09,CH,2,UNIFIED,"[LOCK][CLEAR][TIMEOUT] partner=FF06"
AA09,CH,2,UNIFIED,"t=207 [HELLO_TX] bat=100% nbr=13"
AA09,CH,2,UNIFIED,"[LOCK][SET] partner=FF06 timeout=4"
AA09,CH,2,UNIFIED,"t=207 [CH_REQ] (2/5) -> FF06"
AA09,CH,2,UNIFIED,"t=210 [CH_ACK] Received key from FF06"
AA09,CH,2,UNIFIED,"[LOCK][REFRESH] partner=FF06 timeout=4"
AA09,CH,2,UNIFIED,"t=210 [KEY_ACK] -> FF06 (encrypted)"
AA09,CH,2,UNIFIED,"[LOCK][CLEAR][SUCCESS] partner=FF06"
AA09,CH,2,UNIFIED,"t=210 [VERIFIED] parent=GWN FF06 (localKey set; encrypted comms)"
AA09,CH,2,UNIFIED,"t=214 [HELLO_TX] bat=100% nbr=13"
AA09,CH,2,UNIFIED,"t=219 [HELLO_TX] bat=100% nbr=13"
AA09,CH,2,UNIFIED,"t=226 [HELLO_TX] bat=100% nbr=13"
AA09,CH,2,UNIFIED,"t=231 [HELLO_TX] bat=100% nbr=13"
AA09,CH,2,UNIFIED,"t=235 [HELLO_TX] bat=100% nbr=13"
AA09,CH,2,UNIFIED,"t=243 [HELLO_TX] bat=100% nbr=13"
AA09,CH,2,UNIFIED,"t=249 [HELLO_TX] bat=100% nbr=13"
AA0A,CH,2,UNIFIED,"t=4 [HELLO] NEW 004B tier=1 verified=0"
AA0A,CH,2,UNIFIED,"t=5 [HELLO_TX] bat=100% nbr=1"
AA0A,CH,2,UNIFIED,"t=6 [HELLO] NEW AA06 tier=2 verified=0"
AA0A,CH,2,UNIFIED,"t=7 [HELLO] NEW 000E tier=1 verified=0"
AA0A,CH,2,UNIFIED,"t=10 [HELLO] NEW 0052 tier=1 verified=0"
AA0A,CH,2,UNIFIED,"t=12 [HELLO] NEW 0015 tier=1 verified=0"
AA0A,CH,2,UNIFIED,"t=14 [HELLO_TX] bat=100% nbr=5"
AA0A,CH,2,UNIFIED,"t=14 [HELLO] NEW 0036 tier=1 verified=0"
AA0A,CH,2,UNIFIED,"t=15 [HELLO] NEW FF08 tier=3 verified=0"
AA0A,CH,2,UNIFIED,"t=18 [HELLO_TX] bat=100% nbr=7"
AA0A,CH,2,UNIFIED,"t=21 [HELLO] NEW FF05 tier=3 verified=0"
AA0A,CH,2,UNIFIED,"t=22 [HELLO] NEW 0024 tier=1 verified=0"
AA0A,CH,2,UNIFIED,"t=23 [HELLO_TX] bat=100% nbr=9"
AA0A,CH,2,UNIFIED,"t=24 [HELLO] NEW 002A tier=1 verified=0"
AA0A,CH,2,UNIFIED,"t=28 [HELLO] NEW 0039 tier=1 verified=0"
AA0A,CH,2,UNIFIED,"t=29 [HELLO_TX] bat=100% nbr=11"
AA0A,CH,2,UNIFIED,"t=29 [HELLO] NEW FF01 tier=3 verified=0"
AA0A,CH,2,UNIFIED,"t=32 [HELLO] NEW FF0C tier=3 verified=1"
AA0A,CH,2,UNIFIED,"t=34 [HELLO_TX] bat=100% nbr=13"
AA0A,CH,2,UNIFIED,"t=39 [HELLO_TX] bat=100% nbr=13"
AA0A,CH,2,UNIFIED,"t=42 [HELLO] NEW 0025 tier=1 verified=0"
AA0A,CH,2,UNIFIED,"t=43 [HELLO] NEW 0034 tier=1 verified=0"
AA0A,CH,2,UNIFIED,"t=47 [HELLO_TX] bat=100% nbr=15"
AA0A,CH,2,UNIFIED,"t=51 [HELLO_TX] bat=100% nbr=15"
AA0A,CH,2,UNIFIED,"t=55 [HELLO] NEW 004F tier=1 verified=0"
AA0A,CH,2,UNIFIED,"t=58 [HELLO_TX] bat=100% nbr=16"
AA0A,CH,2,UNIFIED,"t=68 [HELLO_TX] bat=100% nbr=16"
AA0A,CH,2,UNIFIED,"t=72 [HELLO_TX] bat=100% nbr=16"
AA0A,CH,2,UNIFIED,"t=79 [HELLO_TX] bat=100% nbr=16"
AA0A,CH,2,UNIFIED,"t=83 [HELLO] NEW 005F tier=1 verified=0"
AA0A,CH,2,UNIFIED,"t=84 [HELLO_TX] bat=100% nbr=17"
AA0A,CH,2,UNIFIED,"t=92 [HELLO_TX] bat=100% nbr=17"
AA0A,CH,2,UNIFIED,"t=96 [HELLO_TX] bat=100% nbr=17"
AA0A,CH,2,UNIFIED,"t=106 [HELLO_TX] bat=100% nbr=17"
AA0A,CH,2,UNIFIED,"t=114 [HELLO_TX] bat=100% nbr=17"
AA0A,CH,2,UNIFIED,"t=116 [HELLO] NEW 004E tier=1 verified=0"
AA0A,CH,2,UNIFIED,"t=124 [HELLO_TX] bat=100% nbr=18"
AA0A,CH,2,UNIFIED,"t=131 [HELLO_TX] bat=100% nbr=18"
AA0A,CH,2,UNIFIED,"t=139 [HELLO_TX] bat=100% nbr=18"
AA0A,CH,2,UNIFIED,"t=146 [HELLO_TX] bat=100% nbr=18"
AA0A,CH,2,UNIFIED,"t=150 [HELLO_TX] bat=100% nbr=18"
AA0A,CH,2,UNIFIED,"t=151 [HELLO] NEW 000D tier=1 verified=0"
AA0A,CH,2,UNIFIED,"t=158 [HELLO] NEW FF0A tier=3 verified=1"
AA0A,CH,2,UNIFIED,"t=159 [HELLO_TX] bat=100% nbr=20"
AA0A,CH,2,UNIFIED,"t=162 [HELLO] NEW 0049 tier=1 verified=0"
AA0A,CH,2,UNIFIED,"t=165 [HELLO_TX] bat=100% nbr=21"
AA0A,CH,2,UNIFIED,"t=171 [HELLO_TX] bat=100% nbr=21"
AA0A,CH,2,UNIFIED,"t=177 [HELLO_TX] bat=100% nbr=21"
AA0A,CH,2,UNIFIED,"t=185 [HELLO_TX] bat=100% nbr=21"
AA0A,CH,2,UNIFIED,"t=192 [HELLO_TX] bat=100% nbr=21"
AA0A,CH,2,UNIFIED,"t=198 [HELLO_TX] bat=100% nbr=21"
AA0A,CH,2,UNIFIED,"t=200 [STATE] BOOT->DISCOVERY"
AA0A,CH,2,UNIFIED,"t=201 [DISCO] Found verified GWN FF08"
AA0A,CH,2,UNIFIED,"[LOCK][SET] partner=FF08 timeout=4"
AA0A,CH,2,UNIFIED,"t=202 [CH_REQ] (1/5) -> FF08"
AA0A,CH,2,UNIFIED,"t=203 [HELLO_TX] bat=100% nbr=21"
AA0A,CH,2,UNIFIED,"[LOCK][TIMEOUT] partner=FF08"
AA0A,CH,2,UNIFIED,"t=206 [TIMEOUT] partner=FF08 retry=1/5"
AA0A,CH,2,UNIFIED,"t=206 [TIMEOUT] Sent CH_REJECT to orphaned FF08"
AA0A,CH,2,UNIFIED,"[LOCK][CLEAR][TIMEOUT] partner=FF08"
AA0A,CH,2,UNIFIED,"[LOCK][SET] partner=FF08 timeout=4"
AA0A,CH,2,UNIFIED,"t=207 [CH_REQ] (2/5) -> FF08"
AA0A,CH,2,UNIFIED,"t=208 [HELLO_TX] bat=100% nbr=21"
AA0A,CH,2,UNIFIED,"[LOCK][TIMEOUT] partner=FF08"
AA0A,CH,2,UNIFIED,"t=211 [TIMEOUT] partner=FF08 retry=2/5"
AA0A,CH,2,UNIFIED,"t=211 [TIMEOUT] Sent CH_REJECT to orphaned FF08"
AA0A,CH,2,UNIFIED,"[LOCK][CLEAR][TIMEOUT] partner=FF08"
AA0A,CH,2,UNIFIED,"[LOCK][SET] partner=FF08 timeout=4"
AA0A,CH,2,UNIFIED,"t=212 [CH_REQ] (3/5) -> FF08"
AA0A,CH,2,UNIFIED,"[LOCK][TIMEOUT] partner=FF08"
AA0A,CH,2,UNIFIED,"t=216 [TIMEOUT] partner=FF08 retry=3/5"
AA0A,CH,2,UNIFIED,"t=216 [TIMEOUT] Sent CH_REJECT to orphaned FF08"
AA0A,CH,2,UNIFIED,"[LOCK][CLEAR][TIMEOUT] partner=FF08"
AA0A,CH,2,UNIFIED,"t=217 [HELLO_TX] bat=100% nbr=21"
AA0A,CH,2,UNIFIED,"[LOCK][SET] partner=FF08 timeout=4"
AA0A,CH,2,UNIFIED,"t=217 [CH_REQ] (4/5) -> FF08"
AA0A,CH,2,UNIFIED,"t=221 [HELLO_TX] bat=99% nbr=21"
AA0A,CH,2,UNIFIED,"[LOCK][TIMEOUT] partner=FF08"
AA0A,CH,2,UNIFIED,"t=221 [TIMEOUT] partner=FF08 retry=4/5"
AA0A,CH,2,UNIFIED,"t=221 [TIMEOUT] Sent CH_REJECT to orphaned FF08"
AA0A,CH,2,UNIFIED,"[LOCK][CLEAR][TIMEOUT] partner=FF08"
AA0A,CH,2,UNIFIED,"[LOCK][SET] partner=FF08 timeout=4"
AA0A,CH,2,UNIFIED,"t=222 [CH_REQ] (5/5) -> FF08"
AA0A,CH,2,UNIFIED,"t=224 [CH_ACK] Received key from FF08"
AA0A,CH,2,UNIFIED,"[LOCK][REFRESH] partner=FF08 timeout=4"
AA0A,CH,2,UNIFIED,"t=224 [KEY_ACK] -> FF08 (encrypted)"
AA0A,CH,2,UNIFIED,"[LOCK][CLEAR][SUCCESS] partner=FF08"
AA0A,CH,2,UNIFIED,"t=224 [VERIFIED] parent=GWN FF08 (localKey set; encrypted comms)"
AA0A,CH,2,UNIFIED,"t=225 [HELLO_TX] bat=99% nbr=21"
AA0A,CH,2,UNIFIED,"t=226 [HELLO] NEW 000B tier=1 verified=0"
AA0A,CH,2,UNIFIED,"t=229 [HELLO_TX] bat=99% nbr=22"
AA0A,CH,2,UNIFIED,"t=239 [HELLO_TX] bat=99% nbr=22"
AA0A,CH,2,UNIFIED,"t=245 [HELLO] NEW 000F tier=1 verified=0"
AA0A,CH,2,UNIFIED,"t=249 [HELLO_TX] bat=99% nbr=23"
AA0B,CH,2,UNIFIED,"t=4 [HELLO] NEW 003E tier=1 verified=0"
AA0B,CH,2,UNIFIED,"t=6 [HELLO] NEW 0005 tier=1 verified=0"
AA0B,CH,2,UNIFIED,"t=7 [HELLO_TX] bat=100% nbr=2"
AA0B,CH,2,UNIFIED,"t=7 [HELLO] NEW AA0C tier=2 verified=0"
AA0B,CH,2,UNIFIED,"t=8 [HELLO] NEW 0060 tier=1 verified=0"
AA0B,CH,2,UNIFIED,"t=9 [HELLO] NEW 0010 tier=1 verified=0"
AA0B,CH,2,UNIFIED,"t=10 [HELLO] NEW 0059 tier=1 verified=0"
AA0B,CH,2,UNIFIED,"t=15 [HELLO] NEW 0007 tier=1 verified=0"
AA0B,CH,2,UNIFIED,"t=16 [HELLO_TX] bat=100% nbr=7"
AA0B,CH,2,UNIFIED,"t=16 [HELLO] NEW AA03 tier=2 verified=0"
AA0B,CH,2,UNIFIED,"t=21 [HELLO] NEW 0021 tier=1 verified=0"
AA0B,CH,2,UNIFIED,"t=25 [HELLO_TX] bat=100% nbr=9"
AA0B,CH,2,UNIFIED,"t=27 [HELLO] NEW 0041 tier=1 verified=0"
AA0B,CH,2,UNIFIED,"t=33 [HELLO_TX] bat=100% nbr=10"
AA0B,CH,2,UNIFIED,"t=39 [HELLO_TX] bat=100% nbr=10"
AA0B,CH,2,UNIFIED,"t=47 [HELLO] NEW FF02 tier=3 verified=0"
AA0B,CH,2,UNIFIED,"t=49 [HELLO_TX] bat=100% nbr=11"
AA0B,CH,2,UNIFIED,"t=53 [HELLO_TX] bat=100% nbr=11"
AA0B,CH,2,UNIFIED,"t=61 [HELLO_TX] bat=100% nbr=11"
AA0B,CH,2,UNIFIED,"t=71 [HELLO_TX] bat=100% nbr=11"
AA0B,CH,2,UNIFIED,"t=73 [HELLO] NEW 0026 tier=1 verified=0"
AA0B,CH,2,UNIFIED,"t=75 [HELLO_TX] bat=100% nbr=12"
AA0B,CH,2,UNIFIED,"t=79 [HELLO_TX] bat=100% nbr=12"
AA0B,CH,2,UNIFIED,"t=84 [HELLO] NEW 003F tier=1 verified=0"
AA0B,CH,2,UNIFIED,"t=86 [HELLO_TX] bat=100% nbr=13"
AA0B,CH,2,UNIFIED,"t=91 [HELLO_TX] bat=100% nbr=13"
AA0B,CH,2,UNIFIED,"t=101 [HELLO_TX] bat=100% nbr=13"
AA0B,CH,2,UNIFIED,"t=105 [HELLO_TX] bat=100% nbr=13"
AA0B,CH,2,UNIFIED,"t=111 [HELLO_TX] bat=100% nbr=13"
AA0B,CH,2,UNIFIED,"t=117 [HELLO_TX] bat=100% nbr=13"
AA0B,CH,2,UNIFIED,"t=125 [HELLO_TX] bat=100% nbr=13"
AA0B,CH,2,UNIFIED,"t=135 [HELLO_TX] bat=100% nbr=13"
AA0B,CH,2,UNIFIED,"t=139 [HELLO_TX] bat=100% nbr=13"
AA0B,CH,2,UNIFIED,"t=144 [HELLO_TX] bat=100% nbr=13"
AA0B,CH,2,UNIFIED,"t=149 [HELLO_TX] bat=100% nbr=13"
AA0B,CH,2,UNIFIED,"t=156 [HELLO_TX] bat=100% nbr=13"
AA0B,CH,2,UNIFIED,"t=164 [HELLO_TX] bat=100% nbr=13"
AA0B,CH,2,UNIFIED,"t=170 [HELLO_TX] bat=100% nbr=13"
AA0B,CH,2,UNIFIED,"t=177 [HELLO_TX] bat=100% nbr=13"
AA0B,CH,2,UNIFIED,"t=181 [HELLO_TX] bat=100% nbr=13"
AA0B,CH,2,UNIFIED,"t=186 [HELLO] NEW FF04 tier=3 verified=1"
AA0B,CH,2,UNIFIED,"t=190 [HELLO_TX] bat=100% nbr=14"
AA0B,CH,2,UNIFIED,"t=198 [HELLO_TX] bat=100% nbr=14"
AA0B,CH,2,UNIFIED,"t=200 [STATE] BOOT->DISCOVERY"
AA0B,CH,2,UNIFIED,"t=201 [DISCO] Found verified GWN FF04"
AA0B,CH,2,UNIFIED,"[LOCK][SET] partner=FF04 timeout=4"
AA0B,CH,2,UNIFIED,"t=202 [CH_REQ] (1/5) -> FF04"
AA0B,CH,2,UNIFIED,"t=206 [HELLO_TX] bat=100% nbr=14"
AA0B,CH,2,UNIFIED,"[LOCK][TIMEOUT] partner=FF04"
AA0B,CH,2,UNIFIED,"t=206 [TIMEOUT] partner=FF04 retry=1/5"
AA0B,CH,2,UNIFIED,"t=206 [TIMEOUT] Sent CH_REJECT to orphaned FF04"
AA0B,CH,2,UNIFIED,"[LOCK][CLEAR][TIMEOUT] partner=FF04"
AA0B,CH,2,UNIFIED,"[LOCK][SET] partner=FF04 timeout=4"
AA0B,CH,2,UNIFIED,"t=207 [CH_REQ] (2/5) -> FF04"
AA0B,CH,2,UNIFIED,"t=211 [HELLO_TX] bat=100% nbr=14"
AA0B,CH,2,UNIFIED,"[LOCK][TIMEOUT] partner=FF04"
AA0B,CH,2,UNIFIED,"t=211 [TIMEOUT] partner=FF04 retry=2/5"
AA0B,CH,2,UNIFIED,"t=211 [TIMEOUT] Sent CH_REJECT to orphaned FF04"
AA0B,CH,2,UNIFIED,"[LOCK][CLEAR][TIMEOUT] partner=FF04"
AA0B,CH,2,UNIFIED,"[LOCK][SET] partner=FF04 timeout=4"
AA0B,CH,2,UNIFIED,"t=212 [CH_REQ] (3/5) -> FF04"
AA0B,CH,2,UNIFIED,"[LOCK][TIMEOUT] partner=FF04"
AA0B,CH,2,UNIFIED,"t=216 [TIMEOUT] partner=FF04 retry=3/5"
AA0B,CH,2,UNIFIED,"t=216 [TIMEOUT] Sent CH_REJECT to orphaned FF04"
AA0B,CH,2,UNIFIED,"[LOCK][CLEAR][TIMEOUT] partner=FF04"
AA0B,CH,2,UNIFIED,"[LOCK][SET] partner=FF04 timeout=4"
AA0B,CH,2,UNIFIED,"t=217 [CH_REQ] (4/5) -> FF04"
AA0B,CH,2,UNIFIED,"t=220 [HELLO_TX] bat=100% nbr=14"
AA0B,CH,2,UNIFIED,"[LOCK][TIMEOUT] partner=FF04"
AA0B,CH,2,UNIFIED,"t=221 [TIMEOUT] partner=FF04 retry=4/5"
AA0B,CH,2,UNIFIED,"t=221 [TIMEOUT] Sent CH_REJECT to orphaned FF04"
AA0B,CH,2,UNIFIED,"[LOCK][CLEAR][TIMEOUT] partner=FF04"
AA0B,CH,2,UNIFIED,"[LOCK][SET] partner=FF04 timeout=4"
AA0B,CH,2,UNIFIED,"t=222 [CH_REQ] (5/5) -> FF04"
AA0B,CH,2,UNIFIED,"[LOCK][TIMEOUT] partner=FF04"
AA0B,CH,2,UNIFIED,"t=226 [TIMEOUT] partner=FF04 retry=5/5"
AA0B,CH,2,UNIFIED,"t=226 [TIMEOUT] Sent CH_REJECT to orphaned FF04"
AA0B,CH,2,UNIFIED,"[LOCK][CLEAR][TIMEOUT] partner=FF04"
AA0B,CH,2,UNIFIED,"t=227 [REJECT] FF04 MAX_RETRIES=5"
AA0B,CH,2,UNIFIED,"t=230 [HELLO_TX] bat=99% nbr=14"
AA0B,CH,2,UNIFIED,"[LOCK][SET] partner=FF02 timeout=4"
AA0B,CH,2,UNIFIED,"t=231 [CH_REQ] (1/5) -> FF02"
AA0B,CH,2,UNIFIED,"[LOCK][TIMEOUT] partner=FF02"
AA0B,CH,2,UNIFIED,"t=235 [TIMEOUT] partner=FF02 retry=1/5"
AA0B,CH,2,UNIFIED,"t=235 [TIMEOUT] Sent CH_REJECT to orphaned FF02"
AA0B,CH,2,UNIFIED,"[LOCK][CLEAR][TIMEOUT] partner=FF02"
AA0B,CH,2,UNIFIED,"[LOCK][SET] partner=FF02 timeout=4"
AA0B,CH,2,UNIFIED,"t=236 [CH_REQ] (2/5) -> FF02"
AA0B,CH,2,UNIFIED,"t=238 [HELLO_TX] bat=99% nbr=14"
AA0B,CH,2,UNIFIED,"[LOCK][TIMEOUT] partner=FF02"
AA0B,CH,2,UNIFIED,"t=240 [TIMEOUT] partner=FF02 retry=2/5"
AA0B,CH,2,UNIFIED,"t=240 [TIMEOUT] Sent CH_REJECT to orphaned FF02"
AA0B,CH,2,UNIFIED,"[LOCK][CLEAR][TIMEOUT] partner=FF02"
AA0B,CH,2,UNIFIED,"[LOCK][SET] partner=FF02 timeout=4"
AA0B,CH,2,UNIFIED,"t=241 [CH_REQ] (3/5) -> FF02"
AA0B,CH,2,UNIFIED,"[LOCK][TIMEOUT] partner=FF02"
AA0B,CH,2,UNIFIED,"t=245 [TIMEOUT] partner=FF02 retry=3/5"
AA0B,CH,2,UNIFIED,"t=245 [TIMEOUT] Sent CH_REJECT to orphaned FF02"
AA0B,CH,2,UNIFIED,"[LOCK][CLEAR][TIMEOUT] partner=FF02"
AA0B,CH,2,UNIFIED,"t=246 [HELLO_TX] bat=99% nbr=14"
AA0B,CH,2,UNIFIED,"[LOCK][SET] partner=FF02 timeout=4"
AA0B,CH,2,UNIFIED,"t=246 [CH_REQ] (4/5) -> FF02"
AA0C,CH,2,UNIFIED,"t=4 [HELLO] NEW AA03 tier=2 verified=0"
AA0C,CH,2,UNIFIED,"t=5 [HELLO] NEW FF04 tier=3 verified=0"
AA0C,CH,2,UNIFIED,"t=6 [HELLO] NEW 0005 tier=1 verified=0"
AA0C,CH,2,UNIFIED,"t=7 [HELLO_TX] bat=100% nbr=3"
AA0C,CH,2,UNIFIED,"t=7 [HELLO] NEW AA0B tier=2 verified=0"
AA0C,CH,2,UNIFIED,"t=9 [HELLO] NEW 0010 tier=1 verified=0"
AA0C,CH,2,UNIFIED,"t=10 [HELLO] NEW 0059 tier=1 verified=0"
AA0C,CH,2,UNIFIED,"t=13 [HELLO] NEW 0060 tier=1 verified=0"
AA0C,CH,2,UNIFIED,"t=14 [HELLO_TX] bat=100% nbr=7"
AA0C,CH,2,UNIFIED,"t=15 [HELLO] NEW 0007 tier=1 verified=0"
AA0C,CH,2,UNIFIED,"t=17 [HELLO] NEW 003E tier=1 verified=0"
AA0C,CH,2,UNIFIED,"t=22 [HELLO_TX] bat=100% nbr=9"
AA0C,CH,2,UNIFIED,"t=22 [HELLO] NEW 003F tier=1 verified=0"
AA0C,CH,2,UNIFIED,"t=28 [HELLO] NEW 0021 tier=1 verified=0"
AA0C,CH,2,UNIFIED,"t=31 [HELLO_TX] bat=100% nbr=11"
AA0C,CH,2,UNIFIED,"t=36 [HELLO] NEW 0012 tier=1 verified=0"
AA0C,CH,2,UNIFIED,"t=37 [HELLO_TX] bat=100% nbr=12"
AA0C,CH,2,UNIFIED,"t=42 [HELLO_TX] bat=100% nbr=12"
AA0C,CH,2,UNIFIED,"t=47 [HELLO] NEW FF02 tier=3 verified=0"
AA0C,CH,2,UNIFIED,"t=50 [HELLO] NEW 0026 tier=1 verified=0"
AA0C,CH,2,UNIFIED,"t=52 [HELLO_TX] bat=100% nbr=14"
AA0C,CH,2,UNIFIED,"t=54 [HELLO] NEW 0041 tier=1 verified=0"
AA0C,CH,2,UNIFIED,"t=59 [HELLO_TX] bat=100% nbr=15"
AA0C,CH,2,UNIFIED,"t=59 [HELLO] NEW AA05 tier=2 verified=0"
AA0C,CH,2,UNIFIED,"t=64 [HELLO_TX] bat=100% nbr=16"
AA0C,CH,2,UNIFIED,"t=71 [HELLO_TX] bat=100% nbr=16"
AA0C,CH,2,UNIFIED,"t=76 [HELLO_TX] bat=100% nbr=16"
AA0C,CH,2,UNIFIED,"t=83 [HELLO_TX] bat=100% nbr=16"
AA0C,CH,2,UNIFIED,"t=84 [HELLO] NEW 005A tier=1 verified=0"
AA0C,CH,2,UNIFIED,"t=89 [HELLO_TX] bat=100% nbr=17"
AA0C,CH,2,UNIFIED,"t=94 [HELLO_TX] bat=100% nbr=17"
AA0C,CH,2,UNIFIED,"t=99 [HELLO] NEW 0017 tier=1 verified=0"
AA0C,CH,2,UNIFIED,"t=102 [HELLO_TX] bat=100% nbr=18"
AA0C,CH,2,UNIFIED,"t=111 [HELLO_TX] bat=100% nbr=18"
AA0C,CH,2,UNIFIED,"t=116 [HELLO_TX] bat=100% nbr=18"
AA0C,CH,2,UNIFIED,"t=116 [HELLO] NEW 0064 tier=1 verified=0"
AA0C,CH,2,UNIFIED,"t=118 [HELLO] NEW 0020 tier=1 verified=0"
AA0C,CH,2,UNIFIED,"t=122 [HELLO_TX] bat=100% nbr=20"
AA0C,CH,2,UNIFIED,"t=131 [HELLO_TX] bat=100% nbr=20"
AA0C,CH,2,UNIFIED,"t=136 [HELLO_TX] bat=100% nbr=20"
AA0C,CH,2,UNIFIED,"t=140 [HELLO] NEW FF03 tier=3 verified=1"
AA0C,CH,2,UNIFIED,"t=146 [HELLO_TX] bat=100% nbr=21"
AA0C,CH,2,UNIFIED,"t=151 [HELLO_TX] bat=100% nbr=21"
AA0C,CH,2,UNIFIED,"t=157 [HELLO_TX] bat=100% nbr=21"
AA0C,CH,2,UNIFIED,"t=165 [HELLO_TX] bat=100% nbr=21"
AA0C,CH,2,UNIFIED,"t=174 [HELLO_TX] bat=100% nbr=21"
AA0C,CH,2,UNIFIED,"t=174 [HELLO] NEW 0047 tier=1 verified=0"
AA0C,CH,2,UNIFIED,"t=181 [HELLO_TX] bat=100% nbr=22"
AA0C,CH,2,UNIFIED,"t=188 [HELLO_TX] bat=100% nbr=22"
AA0C,CH,2,UNIFIED,"t=195 [HELLO_TX] bat=100% nbr=22"
AA0C,CH,2,UNIFIED,"t=200 [STATE] BOOT->DISCOVERY"
AA0C,CH,2,UNIFIED,"t=201 [DISCO] Found verified GWN FF02"
AA0C,CH,2,UNIFIED,"[LOCK][SET] partner=FF02 timeout=4"
AA0C,CH,2,UNIFIED,"t=202 [CH_REQ] (1/5) -> FF02"
AA0C,CH,2,UNIFIED,"t=205 [HELLO_TX] bat=100% nbr=22"
AA0C,CH,2,UNIFIED,"[LOCK][TIMEOUT] partner=FF02"
AA0C,CH,2,UNIFIED,"t=206 [TIMEOUT] partner=FF02 retry=1/5"
AA0C,CH,2,UNIFIED,"t=206 [TIMEOUT] Sent CH_REJECT to orphaned FF02"
AA0C,CH,2,UNIFIED,"[LOCK][CLEAR][TIMEOUT] partner=FF02"
AA0C,CH,2,UNIFIED,"[LOCK][SET] partner=FF02 timeout=4"
AA0C,CH,2,UNIFIED,"t=207 [CH_REQ] (2/5) -> FF02"
AA0C,CH,2,UNIFIED,"t=209 [HELLO_TX] bat=100% nbr=22"
AA0C,CH,2,UNIFIED,"[LOCK][TIMEOUT] partner=FF02"
AA0C,CH,2,UNIFIED,"t=211 [TIMEOUT] partner=FF02 retry=2/5"
AA0C,CH,2,UNIFIED,"t=211 [TIMEOUT] Sent CH_REJECT to orphaned FF02"
AA0C,CH,2,UNIFIED,"[LOCK][CLEAR][TIMEOUT] partner=FF02"
AA0C,CH,2,UNIFIED,"[LOCK][SET] partner=FF02 timeout=4"
AA0C,CH,2,UNIFIED,"t=212 [CH_REQ] (3/5) -> FF02"
AA0C,CH,2,UNIFIED,"t=213 [HELLO_TX] bat=100% nbr=22"
AA0C,CH,2,UNIFIED,"[LOCK][TIMEOUT] partner=FF02"
AA0C,CH,2,UNIFIED,"t=216 [TIMEOUT] partner=FF02 retry=3/5"
AA0C,CH,2,UNIFIED,"t=216 [TIMEOUT] Sent CH_REJECT to orphaned FF02"
AA0C,CH,2,UNIFIED,"[LOCK][CLEAR][TIMEOUT] partner=FF02"
AA0C,CH,2,UNIFIED,"[LOCK][SET] partner=FF02 timeout=4"
AA0C,CH,2,UNIFIED,"t=217 [CH_REQ] (4/5) -> FF02"
AA0C,CH,2,UNIFIED,"[LOCK][TIMEOUT] partner=FF02"
AA0C,CH,2,UNIFIED,"t=221 [TIMEOUT] partner=FF02 retry=4/5"
AA0C,CH,2,UNIFIED,"t=221 [TIMEOUT] Sent CH_REJECT to orphaned FF02"
AA0C,CH,2,UNIFIED,"[LOCK][CLEAR][TIMEOUT] partner=FF02"
AA0C,CH,2,UNIFIED,"t=222 [HELLO_TX] bat=99% nbr=22"
AA0C,CH,2,UNIFIED,"[LOCK][SET] partner=FF02 timeout=4"
AA0C,CH,2,UNIFIED,"t=222 [CH_REQ] (5/5) -> FF02"
AA0C,CH,2,UNIFIED,"[LOCK][TIMEOUT] partner=FF02"
AA0C,CH,2,UNIFIED,"t=226 [TIMEOUT] partner=FF02 retry=5/5"
AA0C,CH,2,UNIFIED,"t=226 [TIMEOUT] Sent CH_REJECT to orphaned FF02"
AA0C,CH,2,UNIFIED,"[LOCK][CLEAR][TIMEOUT] partner=FF02"
AA0C,CH,2,UNIFIED,"t=227 [REJECT] FF02 MAX_RETRIES=5"
AA0C,CH,2,UNIFIED,"t=229 [HELLO_TX] bat=99% nbr=22"
AA0C,CH,2,UNIFIED,"[LOCK][SET] partner=FF04 timeout=4"
AA0C,CH,2,UNIFIED,"t=230 [CH_REQ] (1/5) -> FF04"
AA0C,CH,2,UNIFIED,"t=233 [HELLO_TX] bat=99% nbr=22"
AA0C,CH,2,UNIFIED,"[LOCK][TIMEOUT] partner=FF04"
AA0C,CH,2,UNIFIED,"t=234 [TIMEOUT] partner=FF04 retry=1/5"
AA0C,CH,2,UNIFIED,"t=234 [TIMEOUT] Sent CH_REJECT to orphaned FF04"
AA0C,CH,2,UNIFIED,"[LOCK][CLEAR][TIMEOUT] partner=FF04"
AA0C,CH,2,UNIFIED,"[LOCK][SET] partner=FF04 timeout=4"
AA0C,CH,2,UNIFIED,"t=235 [CH_REQ] (2/5) -> FF04"
AA0C,CH,2,UNIFIED,"[LOCK][TIMEOUT] partner=FF04"
AA0C,CH,2,UNIFIED,"t=239 [TIMEOUT] partner=FF04 retry=2/5"
AA0C,CH,2,UNIFIED,"t=239 [TIMEOUT] Sent CH_REJECT to orphaned FF04"
AA0C,CH,2,UNIFIED,"[LOCK][CLEAR][TIMEOUT] partner=FF04"
AA0C,CH,2,UNIFIED,"[LOCK][SET] partner=FF04 timeout=4"
AA0C,CH,2,UNIFIED,"t=240 [CH_REQ] (3/5) -> FF04"
AA0C,CH,2,UNIFIED,"t=243 [HELLO_TX] bat=99% nbr=22"
AA0C,CH,2,UNIFIED,"[LOCK][TIMEOUT] partner=FF04"
AA0C,CH,2,UNIFIED,"t=244 [TIMEOUT] partner=FF04 retry=3/5"
AA0C,CH,2,UNIFIED,"t=244 [TIMEOUT] Sent CH_REJECT to orphaned FF04"
AA0C,CH,2,UNIFIED,"[LOCK][CLEAR][TIMEOUT] partner=FF04"
AA0C,CH,2,UNIFIED,"[LOCK][SET] partner=FF04 timeout=4"
AA0C,CH,2,UNIFIED,"t=245 [CH_REQ] (4/5) -> FF04"
AA0C,CH,2,UNIFIED,"t=247 [HELLO_TX] bat=99% nbr=22"
AA0C,CH,2,UNIFIED,"[LOCK][TIMEOUT] partner=FF04"
AA0C,CH,2,UNIFIED,"t=249 [TIMEOUT] partner=FF04 retry=4/5"
AA0C,CH,2,UNIFIED,"t=249 [TIMEOUT] Sent CH_REJECT to orphaned FF04"
AA0C,CH,2,UNIFIED,"[LOCK][CLEAR][TIMEOUT] partner=FF04"
0001,SENSOR,1,UNIFIED,"t=4 [HELLO_RX] NEW FF09 tier=3(GWN) verified=0 rssi=0.7"
0001,SENSOR,1,UNIFIED,"t=5 [HELLO_TX] bat=100% nbr=1"
0001,SENSOR,1,UNIFIED,"t=5 [HELLO_RX] NEW 0006 tier=1(UNK) verified=0 rssi=0.6"
0001,SENSOR,1,UNIFIED,"t=6 [HELLO_RX] NEW 0043 tier=1(UNK) verified=0 rssi=7.0"
0001,SENSOR,1,UNIFIED,"t=11 [HELLO_TX] bat=100% nbr=3"
0001,SENSOR,1,UNIFIED,"t=14 [HELLO_RX] NEW 0016 tier=1(UNK) verified=0 rssi=0.4"
0001,SENSOR,1,UNIFIED,"t=17 [HELLO_TX] bat=100% nbr=4"
0001,SENSOR,1,UNIFIED,"t=18 [HELLO_RX] NEW 0019 tier=1(UNK) verified=0 rssi=0.3"
0001,SENSOR,1,UNIFIED,"t=20 [HELLO_RX] NEW AA05 tier=2(CH) verified=0 rssi=0.5"
0001,SENSOR,1,UNIFIED,"t=25 [HELLO_TX] bat=100% nbr=6"
0001,SENSOR,1,UNIFIED,"t=33 [HELLO_TX] bat=100% nbr=6"
0001,SENSOR,1,UNIFIED,"t=37 [HELLO_RX] NEW FF04 tier=3(GWN) verified=0 rssi=0.1"
0001,SENSOR,1,UNIFIED,"t=40 [HELLO_RX] NEW 0048 tier=1(UNK) verified=0 rssi=0.2"
0001,SENSOR,1,UNIFIED,"t=43 [HELLO_TX] bat=100% nbr=8"
0001,SENSOR,1,UNIFIED,"t=50 [HELLO_TX] bat=100% nbr=8"
0001,SENSOR,1,UNIFIED,"t=60 [HELLO_TX] bat=100% nbr=8"
0001,SENSOR,1,UNIFIED,"t=62 [HELLO_RX] NEW FF02 tier=3(GWN) verified=0 rssi=0.3"
0001,SENSOR,1,UNIFIED,"t=67 [HELLO_TX] bat=100% nbr=9"
0001,SENSOR,1,UNIFIED,"t=68 [HELLO_RX] NEW FF03 tier=3(GWN) verified=0 rssi=0.2"
0001,SENSOR,1,UNIFIED,"t=71 [HELLO_RX] NEW 004D tier=1(UNK) verified=0 rssi=0.3"
0001,SENSOR,1,UNIFIED,"t=76 [HELLO_RX] NEW 0020 tier=1(UNK) verified=0 rssi=0.3"
0001,SENSOR,1,UNIFIED,"t=77 [HELLO_TX] bat=100% nbr=12"
0001,SENSOR,1,UNIFIED,"t=82 [HELLO_RX] NEW AA09 tier=2(CH) verified=0 rssi=0.3"
0001,SENSOR,1,UNIFIED,"t=83 [HELLO_TX] bat=100% nbr=13"
0001,SENSOR,1,UNIFIED,"t=90 [HELLO_TX] bat=100% nbr=13"
0001,SENSOR,1,UNIFIED,"t=95 [HELLO_TX] bat=100% nbr=13"
0001,SENSOR,1,UNIFIED,"t=95 [HELLO_RX] NEW FF06 tier=3(GWN) verified=1 rssi=0.2"
0001,SENSOR,1,UNIFIED,"t=105 [HELLO_TX] bat=100% nbr=14"
0001,SENSOR,1,UNIFIED,"t=113 [HELLO_TX] bat=100% nbr=14"
0001,SENSOR,1,UNIFIED,"t=121 [HELLO_TX] bat=100% nbr=14"
0001,SENSOR,1,UNIFIED,"t=129 [HELLO_RX] NEW 0058 tier=1(UNK) verified=0 rssi=0.3"
0001,SENSOR,1,UNIFIED,"t=130 [HELLO_TX] bat=100% nbr=15"
0001,SENSOR,1,UNIFIED,"t=135 [HELLO_RX] NEW 0063 tier=1(UNK) verified=0 rssi=0.2"
0001,SENSOR,1,UNIFIED,"t=140 [HELLO_TX] bat=100% nbr=16"
0001,SENSOR,1,UNIFIED,"t=148 [HELLO_TX] bat=100% nbr=16"
0001,SENSOR,1,UNIFIED,"t=153 [HELLO_TX] bat=100% nbr=16"
0001,SENSOR,1,UNIFIED,"t=163 [HELLO_TX] bat=100% nbr=16"
0001,SENSOR,1,UNIFIED,"t=172 [HELLO_TX] bat=100% nbr=16"
0001,SENSOR,1,UNIFIED,"t=179 [HELLO_TX] bat=100% nbr=16"
0001,SENSOR,1,UNIFIED,"t=187 [HELLO_TX] bat=100% nbr=16"
0001,SENSOR,1,UNIFIED,"t=196 [HELLO_TX] bat=100% nbr=16"
0001,SENSOR,1,UNIFIED,"t=196 [HELLO_RX] NEW 0004 tier=1(UNK) verified=0 rssi=0.2"
0001,SENSOR,1,UNIFIED,"t=205 [HELLO_TX] bat=100% nbr=17"
0001,SENSOR,1,UNIFIED,"t=213 [HELLO_TX] bat=100% nbr=17"
0001,SENSOR,1,UNIFIED,"t=214 [HELLO_RX] NEW 001C tier=1(UNK) verified=0 rssi=0.2"
0001,SENSOR,1,UNIFIED,"t=223 [HELLO_TX] bat=100% nbr=18"
0001,SENSOR,1,UNIFIED,"t=227 [HELLO_TX] bat=100% nbr=18"
0001,SENSOR,1,UNIFIED,"t=231 [HELLO_RX] NEW 0014 tier=1(UNK) verified=0 rssi=0.2"
0001,SENSOR,1,UNIFIED,"t=233 [HELLO_TX] bat=100% nbr=19"
0001,SENSOR,1,UNIFIED,"t=243 [HELLO_TX] bat=100% nbr=19"
0002,SENSOR,1,UNIFIED,"t=4 [HELLO_TX] bat=100% nbr=0"
0002,SENSOR,1,UNIFIED,"t=4 [HELLO_RX] NEW 0030 tier=1(UNK) verified=0 rssi=1.8"
0002,SENSOR,1,UNIFIED,"t=5 [HELLO_RX] NEW 0037 tier=1(UNK) verified=0 rssi=0.4"
0002,SENSOR,1,UNIFIED,"t=6 [HELLO_RX] NEW FF0D tier=3(GWN) verified=0 rssi=0.5"
0002,SENSOR,1,UNIFIED,"t=8 [HELLO_RX] NEW 0046 tier=1(UNK) verified=0 rssi=0.2"
0002,SENSOR,1,UNIFIED,"t=9 [HELLO_RX] NEW 0040 tier=1(UNK) verified=0 rssi=1.2"
0002,SENSOR,1,UNIFIED,"t=10 [HELLO_RX] NEW AA07 tier=2(CH) verified=0 rssi=1.5"
0002,SENSOR,1,UNIFIED,"t=14 [HELLO_TX] bat=100% nbr=6"
0002,SENSOR,1,UNIFIED,"t=21 [HELLO_TX] bat=100% nbr=6"
0002,SENSOR,1,UNIFIED,"t=24 [HELLO_RX] NEW 0045 tier=1(UNK) verified=0 rssi=0.4"
0002,SENSOR,1,UNIFIED,"t=28 [HELLO_TX] bat=100% nbr=7"
0002,SENSOR,1,UNIFIED,"t=37 [HELLO_TX] bat=100% nbr=7"
0002,SENSOR,1,UNIFIED,"t=42 [HELLO_TX] bat=100% nbr=7"
0002,SENSOR,1,UNIFIED,"t=49 [HELLO_TX] bat=100% nbr=7"
0002,SENSOR,1,UNIFIED,"t=51 [HELLO_RX] NEW 0053 tier=1(UNK) verified=0 rssi=0.2"
0002,SENSOR,1,UNIFIED,"t=53 [HELLO_TX] bat=100% nbr=8"
0002,SENSOR,1,UNIFIED,"t=56 [HELLO_RX] NEW FF07 tier=3(GWN) verified=0 rssi=0.3"
0002,SENSOR,1,UNIFIED,"t=61 [HELLO_TX] bat=100% nbr=9"
0002,SENSOR,1,UNIFIED,"t=65 [HELLO_TX] bat=100% nbr=9"
0002,SENSOR,1,UNIFIED,"t=72 [HELLO_TX] bat=100% nbr=9"
0002,SENSOR,1,UNIFIED,"t=76 [HELLO_TX] bat=100% nbr=9"
0002,SENSOR,1,UNIFIED,"t=79 [HELLO_RX] NEW 0011 tier=1(UNK) verified=0 rssi=0.2"
0002,SENSOR,1,UNIFIED,"t=86 [HELLO_TX] bat=100% nbr=10"
0002,SENSOR,1,UNIFIED,"t=96 [HELLO_TX] bat=100% nbr=10"
0002,SENSOR,1,UNIFIED,"t=103 [HELLO_TX] bat=100% nbr=10"
0002,SENSOR,1,UNIFIED,"t=109 [HELLO_TX] bat=100% nbr=10"
0002,SENSOR,1,UNIFIED,"t=119 [HELLO_TX] bat=100% nbr=10"
0002,SENSOR,1,UNIFIED,"t=124 [HELLO_TX] bat=100% nbr=10"
0002,SENSOR,1,UNIFIED,"t=134 [HELLO_TX] bat=100% nbr=10"
0002,SENSOR,1,UNIFIED,"t=143 [HELLO_TX] bat=100% nbr=10"
0002,SENSOR,1,UNIFIED,"t=151 [HELLO_TX] bat=100% nbr=10"
0002,SENSOR,1,UNIFIED,"t=156 [HELLO_TX] bat=100% nbr=10"
0002,SENSOR,1,UNIFIED,"t=166 [HELLO_TX] bat=100% nbr=10"
0002,SENSOR,1,UNIFIED,"t=167 [HELLO_RX] NEW 001F tier=1(UNK) verified=0 rssi=0.3"
0002,SENSOR,1,UNIFIED,"t=172 [HELLO_TX] bat=100% nbr=11"
0002,SENSOR,1,UNIFIED,"t=179 [HELLO_TX] bat=100% nbr=11"
0002,SENSOR,1,UNIFIED,"t=187 [HELLO_TX] bat=100% nbr=11"
0002,SENSOR,1,UNIFIED,"t=194 [HELLO_TX] bat=100% nbr=11"
0002,SENSOR,1,UNIFIED,"t=201 [HELLO_TX] bat=100% nbr=11"
0002,SENSOR,1,UNIFIED,"t=209 [HELLO_TX] bat=100% nbr=11"
0002,SENSOR,1,UNIFIED,"t=214 [HELLO_TX] bat=100% nbr=11"
0002,SENSOR,1,UNIFIED,"t=218 [HELLO_TX] bat=100% nbr=11"
0002,SENSOR,1,UNIFIED,"t=228 [HELLO_TX] bat=100% nbr=11"
0002,SENSOR,1,UNIFIED,"t=236 [HELLO_TX] bat=100% nbr=11"
0002,SENSOR,1,UNIFIED,"t=244 [HELLO_TX] bat=100% nbr=11"
0003,SENSOR,1,UNIFIED,"t=4 [HELLO_TX] bat=100% nbr=0"
0003,SENSOR,1,UNIFIED,"t=4 [HELLO_RX] NEW AA07 tier=2(CH) verified=0 rssi=0.7"
0003,SENSOR,1,UNIFIED,"t=5 [HELLO_RX] NEW 0037 tier=1(UNK) verified=0 rssi=0.7"
0003,SENSOR,1,UNIFIED,"t=7 [HELLO_RX] NEW 004C tier=1(UNK) verified=0 rssi=0.5"
0003,SENSOR,1,UNIFIED,"t=9 [HELLO_RX] NEW AA02 tier=2(CH) verified=0 rssi=0.3"
0003,SENSOR,1,UNIFIED,"t=10 [HELLO_RX] NEW 0053 tier=1(UNK) verified=0 rssi=0.2"
0003,SENSOR,1,UNIFIED,"t=14 [HELLO_TX] bat=100% nbr=5"
0003,SENSOR,1,UNIFIED,"t=18 [HELLO_RX] NEW 002C tier=1(UNK) verified=0 rssi=0.6"
0003,SENSOR,1,UNIFIED,"t=24 [HELLO_TX] bat=100% nbr=6"
0003,SENSOR,1,UNIFIED,"t=33 [HELLO_TX] bat=100% nbr=6"
0003,SENSOR,1,UNIFIED,"t=37 [HELLO_RX] NEW AA08 tier=2(CH) verified=0 rssi=0.2"
0003,SENSOR,1,UNIFIED,"t=38 [HELLO_RX] NEW FF01 tier=3(GWN) verified=0 rssi=0.1"
0003,SENSOR,1,UNIFIED,"t=41 [HELLO_TX] bat=100% nbr=8"
0003,SENSOR,1,UNIFIED,"t=43 [HELLO_RX] NEW 0023 tier=1(UNK) verified=0 rssi=0.2"
0003,SENSOR,1,UNIFIED,"t=44 [HELLO_RX] NEW 002B tier=1(UNK) verified=0 rssi=0.2"
0003,SENSOR,1,UNIFIED,"t=49 [HELLO_TX] bat=100% nbr=10"
0003,SENSOR,1,UNIFIED,"t=57 [HELLO_TX] bat=100% nbr=10"
0003,SENSOR,1,UNIFIED,"t=65 [HELLO_RX] NEW 001F tier=1(UNK) verified=0 rssi=0.3"
0003,SENSOR,1,UNIFIED,"t=67 [HELLO_TX] bat=100% nbr=11"
0003,SENSOR,1,UNIFIED,"t=75 [HELLO_TX] bat=100% nbr=11"
0003,SENSOR,1,UNIFIED,"t=79 [HELLO_RX] NEW 0044 tier=1(UNK) verified=0 rssi=0.2"
0003,SENSOR,1,UNIFIED,"t=81 [HELLO_TX] bat=100% nbr=12"
0003,SENSOR,1,UNIFIED,"t=85 [HELLO_TX] bat=100% nbr=12"
0003,SENSOR,1,UNIFIED,"t=91 [HELLO_TX] bat=100% nbr=12"
0003,SENSOR,1,UNIFIED,"t=99 [HELLO_TX] bat=100% nbr=12"
0003,SENSOR,1,UNIFIED,"t=107 [HELLO_TX] bat=100% nbr=12"
0003,SENSOR,1,UNIFIED,"t=113 [HELLO_TX] bat=100% nbr=12"
0003,SENSOR,1,UNIFIED,"t=117 [HELLO_TX] bat=100% nbr=12"
0003,SENSOR,1,UNIFIED,"t=122 [HELLO_TX] bat=100% nbr=12"
0003,SENSOR,1,UNIFIED,"t=131 [HELLO_TX] bat=100% nbr=12"
0003,SENSOR,1,UNIFIED,"t=141 [HELLO_TX] bat=100% nbr=12"
0003,SENSOR,1,UNIFIED,"t=147 [HELLO_TX] bat=100% nbr=12"
0003,SENSOR,1,UNIFIED,"t=153 [HELLO_TX] bat=100% nbr=12"
0003,SENSOR,1,UNIFIED,"t=162 [HELLO_TX] bat=100% nbr=12"
0003,SENSOR,1,UNIFIED,"t=172 [HELLO_TX] bat=100% nbr=12"
0003,SENSOR,1,UNIFIED,"t=177 [HELLO_TX] bat=100% nbr=12"
0003,SENSOR,1,UNIFIED,"t=181 [HELLO_TX] bat=100% nbr=12"
0003,SENSOR,1,UNIFIED,"t=186 [HELLO_TX] bat=100% nbr=12"
0003,SENSOR,1,UNIFIED,"t=195 [HELLO_TX] bat=100% nbr=12"
0003,SENSOR,1,UNIFIED,"t=196 [HELLO_RX] NEW FF07 tier=3(GWN) verified=1 rssi=0.1"
0003,SENSOR,1,UNIFIED,"t=199 [HELLO_TX] bat=100% nbr=13"
0003,SENSOR,1,UNIFIED,"t=203 [HELLO_TX] bat=100% nbr=13"
0003,SENSOR,1,UNIFIED,"t=207 [HELLO_TX] bat=100% nbr=13"
0003,SENSOR,1,UNIFIED,"t=214 [HELLO_TX] bat=100% nbr=13"
0003,SENSOR,1,UNIFIED,"t=219 [HELLO_TX] bat=100% nbr=13"
0003,SENSOR,1,UNIFIED,"t=224 [HELLO_TX] bat=100% nbr=13"
0003,SENSOR,1,UNIFIED,"t=230 [HELLO_TX] bat=100% nbr=13"
0003,SENSOR,1,UNIFIED,"t=237 [HELLO_TX] bat=100% nbr=13"
0003,SENSOR,1,UNIFIED,"t=241 [HELLO_TX] bat=100% nbr=13"
0003,SENSOR,1,UNIFIED,"t=249 [HELLO_TX] bat=100% nbr=13"
0004,SENSOR,1,UNIFIED,"t=4 [HELLO_RX] NEW 005E tier=1(UNK) verified=0 rssi=42.1"
0004,SENSOR,1,UNIFIED,"t=5 [HELLO_RX] NEW 0042 tier=1(UNK) verified=0 rssi=1.8"
0004,SENSOR,1,UNIFIED,"t=6 [HELLO_RX] NEW 0029 tier=1(UNK) verified=0 rssi=1.0"
0004,SENSOR,1,UNIFIED,"t=7 [HELLO_TX] bat=100% nbr=3"
0004,SENSOR,1,UNIFIED,"t=7 [HELLO_RX] NEW 0020 tier=1(UNK) verified=0 rssi=1.3"
0004,SENSOR,1,UNIFIED,"t=8 [HELLO_RX] NEW AA03 tier=2(CH) verified=0 rssi=0.2"
0004,SENSOR,1,UNIFIED,"t=17 [HELLO_TX] bat=100% nbr=5"
0004,SENSOR,1,UNIFIED,"t=18 [HELLO_RX] NEW 0047 tier=1(UNK) verified=0 rssi=0.9"
0004,SENSOR,1,UNIFIED,"t=25 [HELLO_RX] NEW 0028 tier=1(UNK) verified=0 rssi=0.5"
0004,SENSOR,1,UNIFIED,"t=27 [HELLO_TX] bat=100% nbr=7"
0004,SENSOR,1,UNIFIED,"t=31 [HELLO_TX] bat=100% nbr=7"
0004,SENSOR,1,UNIFIED,"t=31 [HELLO_RX] NEW 0033 tier=1(UNK) verified=0 rssi=0.3"
0004,SENSOR,1,UNIFIED,"t=35 [HELLO_RX] NEW 005D tier=1(UNK) verified=0 rssi=0.8"
0004,SENSOR,1,UNIFIED,"t=37 [HELLO_RX] NEW AA0C tier=2(CH) verified=0 rssi=0.2"
0004,SENSOR,1,UNIFIED,"t=40 [HELLO_TX] bat=100% nbr=10"
0004,SENSOR,1,UNIFIED,"t=50 [HELLO_TX] bat=100% nbr=10"
0004,SENSOR,1,UNIFIED,"t=50 [HELLO_RX] NEW 0001 tier=1(UNK) verified=0 rssi=0.2"
0004,SENSOR,1,UNIFIED,"t=54 [HELLO_RX] NEW 003F tier=1(UNK) verified=0 rssi=0.7"
0004,SENSOR,1,UNIFIED,"t=60 [HELLO_TX] bat=100% nbr=12"
0004,SENSOR,1,UNIFIED,"t=62 [HELLO_RX] NEW 005A tier=1(UNK) verified=0 rssi=0.5"
0004,SENSOR,1,UNIFIED,"t=68 [HELLO_TX] bat=100% nbr=13"
0004,SENSOR,1,UNIFIED,"t=74 [HELLO_RX] NEW 0044 tier=1(UNK) verified=0 rssi=0.2"
0004,SENSOR,1,UNIFIED,"t=78 [HELLO_TX] bat=100% nbr=14"
0004,SENSOR,1,UNIFIED,"t=87 [HELLO_TX] bat=100% nbr=14"
0004,SENSOR,1,UNIFIED,"t=94 [HELLO_TX] bat=100% nbr=14"
0004,SENSOR,1,UNIFIED,"t=101 [HELLO_TX] bat=100% nbr=14"
0004,SENSOR,1,UNIFIED,"t=105 [HELLO_RX] NEW AA05 tier=2(CH) verified=0 rssi=0.2"
0004,SENSOR,1,UNIFIED,"t=111 [HELLO_TX] bat=100% nbr=15"
0004,SENSOR,1,UNIFIED,"t=118 [HELLO_TX] bat=100% nbr=15"
0004,SENSOR,1,UNIFIED,"t=128 [HELLO_TX] bat=100% nbr=15"
0004,SENSOR,1,UNIFIED,"t=135 [HELLO_TX] bat=100% nbr=15"
0004,SENSOR,1,UNIFIED,"t=140 [HELLO_TX] bat=100% nbr=15"
0004,SENSOR,1,UNIFIED,"t=140 [HELLO_RX] NEW 0056 tier=1(UNK) verified=0 rssi=0.2"
0004,SENSOR,1,UNIFIED,"t=148 [HELLO_TX] bat=100% nbr=16"
0004,SENSOR,1,UNIFIED,"t=151 [HELLO_RX] NEW FF06 tier=3(GWN) verified=1 rssi=0.1"
0004,SENSOR,1,UNIFIED,"t=155 [HELLO_TX] bat=100% nbr=17"
0004,SENSOR,1,UNIFIED,"t=160 [HELLO_RX] NEW 0063 tier=1(UNK) verified=0 rssi=0.2"
0004,SENSOR,1,UNIFIED,"t=162 [HELLO_RX] NEW FF02 tier=3(GWN) verified=1 rssi=0.1"
0004,SENSOR,1,UNIFIED,"t=164 [HELLO_TX] bat=100% nbr=19"
0004,SENSOR,1,UNIFIED,"t=171 [HELLO_TX] bat=100% nbr=19"
0004,SENSOR,1,UNIFIED,"t=176 [HELLO_RX] NEW FF04 tier=3(GWN) verified=1 rssi=0.1"
0004,SENSOR,1,UNIFIED,"t=177 [HELLO_TX] bat=100% nbr=20"
0004,SENSOR,1,UNIFIED,"t=183 [HELLO_TX] bat=100% nbr=20"
0004,SENSOR,1,UNIFIED,"t=184 [HELLO_RX] NEW FF09 tier=3(GWN) verified=1 rssi=0.1"
0004,SENSOR,1,UNIFIED,"t=187 [HELLO_TX] bat=100% nbr=21"
0004,SENSOR,1,UNIFIED,"t=196 [HELLO_TX] bat=100% nbr=21"
0004,SENSOR,1,UNIFIED,"t=201 [HELLO_TX] bat=100% nbr=21"
0004,SENSOR,1,UNIFIED,"t=209 [HELLO_TX] bat=100% nbr=21"
0004,SENSOR,1,UNIFIED,"t=213 [HELLO_TX] bat=100% nbr=21"
0004,SENSOR,1,UNIFIED,"t=223 [HELLO_TX] bat=100% nbr=21"
0004,SENSOR,1,UNIFIED,"t=230 [HELLO_TX] bat=100% nbr=21"
0004,SENSOR,1,UNIFIED,"t=235 [HELLO_TX] bat=100% nbr=21"
0004,SENSOR,1,UNIFIED,"t=243 [HELLO_TX] bat=100% nbr=21"
0004,SENSOR,1,UNIFIED,"t=249 [HELLO_TX] bat=100% nbr=21"
0005,SENSOR,1,UNIFIED,"t=4 [HELLO_RX] NEW 0021 tier=1(UNK) verified=0 rssi=7.1"
0005,SENSOR,1,UNIFIED,"t=5 [HELLO_RX] NEW AA05 tier=2(CH) verified=0 rssi=1.8"
0005,SENSOR,1,UNIFIED,"t=6 [HELLO_TX] bat=100% nbr=2"
0005,SENSOR,1,UNIFIED,"t=6 [HELLO_RX] NEW 0012 tier=1(UNK) verified=0 rssi=1.3"
0005,SENSOR,1,UNIFIED,"t=7 [HELLO_RX] NEW 0041 tier=1(UNK) verified=0 rssi=0.3"
0005,SENSOR,1,UNIFIED,"t=8 [HELLO_RX] NEW AA03 tier=2(CH) verified=0 rssi=1.8"
0005,SENSOR,1,UNIFIED,"t=9 [HELLO_RX] NEW 0064 tier=1(UNK) verified=0 rssi=0.5"
0005,SENSOR,1,UNIFIED,"t=10 [HELLO_RX] NEW 0059 tier=1(UNK) verified=0 rssi=1.3"
0005,SENSOR,1,UNIFIED,"t=11 [HELLO_RX] NEW 0026 tier=1(UNK) verified=0 rssi=0.3"
0005,SENSOR,1,UNIFIED,"t=15 [HELLO_RX] NEW FF03 tier=3(GWN) verified=0 rssi=0.4"
0005,SENSOR,1,UNIFIED,"t=16 [HELLO_TX] bat=100% nbr=9"
0005,SENSOR,1,UNIFIED,"t=17 [HELLO_RX] NEW 0020 tier=1(UNK) verified=0 rssi=0.3"
0005,SENSOR,1,UNIFIED,"t=19 [HELLO_RX] NEW 0042 tier=1(UNK) verified=0 rssi=0.2"
0005,SENSOR,1,UNIFIED,"t=21 [HELLO_TX] bat=100% nbr=11"
0005,SENSOR,1,UNIFIED,"t=22 [HELLO_RX] NEW AA0C tier=2(CH) verified=0 rssi=1.0"
0005,SENSOR,1,UNIFIED,"t=23 [HELLO_RX] NEW 0047 tier=1(UNK) verified=0 rssi=0.3"
0005,SENSOR,1,UNIFIED,"t=25 [HELLO_TX] bat=100% nbr=13"
0005,SENSOR,1,UNIFIED,"t=29 [HELLO_RX] NEW FF02 tier=3(GWN) verified=0 rssi=0.7"
0005,SENSOR,1,UNIFIED,"t=35 [HELLO_TX] bat=100% nbr=14"
0005,SENSOR,1,UNIFIED,"t=43 [HELLO_TX] bat=100% nbr=14"
0005,SENSOR,1,UNIFIED,"t=49 [HELLO_RX] NEW AA0B tier=2(CH) verified=0 rssi=0.3"
0005,SENSOR,1,UNIFIED,"t=53 [HELLO_TX] bat=100% nbr=15"
0005,SENSOR,1,UNIFIED,"t=58 [HELLO_TX] bat=100% nbr=15"
0005,SENSOR,1,UNIFIED,"t=60 [HELLO_RX] NEW 0043 tier=1(UNK) verified=0 rssi=0.2"
0005,SENSOR,1,UNIFIED,"t=62 [HELLO_TX] bat=100% nbr=16"
0005,SENSOR,1,UNIFIED,"t=67 [HELLO_TX] bat=100% nbr=16"
0005,SENSOR,1,UNIFIED,"t=73 [HELLO_TX] bat=100% nbr=16"
0005,SENSOR,1,UNIFIED,"t=82 [HELLO_TX] bat=100% nbr=16"
0005,SENSOR,1,UNIFIED,"t=84 [HELLO_RX] NEW 003F tier=1(UNK) verified=0 rssi=0.3"
0005,SENSOR,1,UNIFIED,"t=86 [HELLO_RX] NEW 0061 tier=1(UNK) verified=0 rssi=0.2"
0005,SENSOR,1,UNIFIED,"t=88 [HELLO_TX] bat=100% nbr=18"
0005,SENSOR,1,UNIFIED,"t=96 [HELLO_TX] bat=100% nbr=18"
0005,SENSOR,1,UNIFIED,"t=98 [HELLO_RX] NEW 001E tier=1(UNK) verified=0 rssi=0.2"
0005,SENSOR,1,UNIFIED,"t=100 [HELLO_TX] bat=100% nbr=19"
0005,SENSOR,1,UNIFIED,"t=101 [HELLO_RX] NEW 0060 tier=1(UNK) verified=0 rssi=0.7"
0005,SENSOR,1,UNIFIED,"t=109 [HELLO_TX] bat=100% nbr=20"
0005,SENSOR,1,UNIFIED,"t=119 [HELLO_TX] bat=100% nbr=20"
0005,SENSOR,1,UNIFIED,"t=120 [HELLO_RX] NEW FF04 tier=3(GWN) verified=1 rssi=0.3"
0005,SENSOR,1,UNIFIED,"t=128 [HELLO_TX] bat=100% nbr=21"
0005,SENSOR,1,UNIFIED,"t=129 [HELLO_RX] NEW 005A tier=1(UNK) verified=0 rssi=0.3"
0005,SENSOR,1,UNIFIED,"t=134 [HELLO_RX] NEW 0010 tier=1(UNK) verified=0 rssi=0.3"
0005,SENSOR,1,UNIFIED,"t=137 [HELLO_TX] bat=100% nbr=23"
0005,SENSOR,1,UNIFIED,"t=141 [HELLO_TX] bat=100% nbr=23"
0005,SENSOR,1,UNIFIED,"t=147 [HELLO_TX] bat=100% nbr=23"
0005,SENSOR,1,UNIFIED,"t=152 [HELLO_TX] bat=100% nbr=23"
0005,SENSOR,1,UNIFIED,"t=161 [HELLO_TX] bat=100% nbr=23"
0005,SENSOR,1,UNIFIED,"t=170 [HELLO_TX] bat=100% nbr=23"
0005,SENSOR,1,UNIFIED,"t=179 [HELLO_TX] bat=100% nbr=23"
0005,SENSOR,1,UNIFIED,"t=185 [HELLO_TX] bat=100% nbr=23"
0005,SENSOR,1,UNIFIED,"t=190 [HELLO_TX] bat=100% nbr=23"
0005,SENSOR,1,UNIFIED,"t=195 [HELLO_TX] bat=100% nbr=23"
0005,SENSOR,1,UNIFIED,"t=204 [HELLO_TX] bat=100% nbr=23"
0005,SENSOR,1,UNIFIED,"t=211 [HELLO_TX] bat=100% nbr=23"
0005,SENSOR,1,UNIFIED,"t=221 [HELLO_TX] bat=100% nbr=23"
0005,SENSOR,1,UNIFIED,"t=226 [HELLO_TX] bat=100% nbr=23"
0005,SENSOR,1,UNIFIED,"t=231 [HELLO_TX] bat=100% nbr=23"
0005,SENSOR,1,UNIFIED,"t=236 [HELLO_TX] bat=100% nbr=23"
0005,SENSOR,1,UNIFIED,"t=245 [HELLO_TX] bat=100% nbr=23"
0006,SENSOR,1,UNIFIED,"t=4 [HELLO_RX] NEW FF09 tier=3(GWN) verified=0 rssi=5.9"
0006,SENSOR,1,UNIFIED,"t=5 [HELLO_TX] bat=100% nbr=1"
0006,SENSOR,1,UNIFIED,"t=5 [HELLO_RX] NEW 0048 tier=1(UNK) verified=0 rssi=2.8"
0006,SENSOR,1,UNIFIED,"t=6 [HELLO_RX] NEW 0043 tier=1(UNK) verified=0 rssi=1.1"
0006,SENSOR,1,UNIFIED,"t=10 [HELLO_RX] NEW AA05 tier=2(CH) verified=0 rssi=0.4"
0006,SENSOR,1,UNIFIED,"t=14 [HELLO_RX] NEW 0016 tier=1(UNK) verified=0 rssi=0.2"
0006,SENSOR,1,UNIFIED,"t=15 [HELLO_TX] bat=100% nbr=5"
0006,SENSOR,1,UNIFIED,"t=16 [HELLO_RX] NEW 004D tier=1(UNK) verified=0 rssi=0.3"
0006,SENSOR,1,UNIFIED,"t=21 [HELLO_TX] bat=100% nbr=6"
0006,SENSOR,1,UNIFIED,"t=24 [HELLO_RX] NEW 002F tier=1(UNK) verified=0 rssi=0.2"
0006,SENSOR,1,UNIFIED,"t=29 [HELLO_TX] bat=100% nbr=7"
0006,SENSOR,1,UNIFIED,"t=39 [HELLO_TX] bat=100% nbr=7"
0006,SENSOR,1,UNIFIED,"t=45 [HELLO_TX] bat=100% nbr=7"
0006,SENSOR,1,UNIFIED,"t=49 [HELLO_TX] bat=100% nbr=7"
0006,SENSOR,1,UNIFIED,"t=58 [HELLO_RX] NEW AA09 tier=2(CH) verified=0 rssi=0.3"
0006,SENSOR,1,UNIFIED,"t=59 [HELLO_TX] bat=100% nbr=8"
0006,SENSOR,1,UNIFIED,"t=60 [HELLO_RX] NEW 0001 tier=1(UNK) verified=0 rssi=0.6"
0006,SENSOR,1,UNIFIED,"t=65 [HELLO_TX] bat=100% nbr=9"
0006,SENSOR,1,UNIFIED,"t=71 [HELLO_RX] NEW 0014 tier=1(UNK) verified=0 rssi=0.2"
0006,SENSOR,1,UNIFIED,"t=72 [HELLO_RX] NEW FF03 tier=3(GWN) verified=0 rssi=0.3"
0006,SENSOR,1,UNIFIED,"t=73 [HELLO_TX] bat=100% nbr=11"
0006,SENSOR,1,UNIFIED,"t=79 [HELLO_TX] bat=100% nbr=11"
0006,SENSOR,1,UNIFIED,"t=80 [HELLO_RX] NEW FF06 tier=3(GWN) verified=1 rssi=0.3"
0006,SENSOR,1,UNIFIED,"t=81 [HELLO_RX] NEW FF04 tier=3(GWN) verified=0 rssi=0.1"
0006,SENSOR,1,UNIFIED,"t=86 [HELLO_RX] NEW FF02 tier=3(GWN) verified=0 rssi=0.4"
0006,SENSOR,1,UNIFIED,"t=87 [HELLO_TX] bat=100% nbr=14"
0006,SENSOR,1,UNIFIED,"t=97 [HELLO_TX] bat=100% nbr=14"
0006,SENSOR,1,UNIFIED,"t=107 [HELLO_TX] bat=100% nbr=14"
0006,SENSOR,1,UNIFIED,"t=111 [HELLO_TX] bat=100% nbr=14"
0006,SENSOR,1,UNIFIED,"t=112 [HELLO_RX] NEW 002D tier=1(UNK) verified=0 rssi=0.3"
0006,SENSOR,1,UNIFIED,"t=120 [HELLO_TX] bat=100% nbr=15"
0006,SENSOR,1,UNIFIED,"t=127 [HELLO_TX] bat=100% nbr=15"
0006,SENSOR,1,UNIFIED,"t=136 [HELLO_TX] bat=100% nbr=15"
0006,SENSOR,1,UNIFIED,"t=141 [HELLO_TX] bat=100% nbr=15"
0006,SENSOR,1,UNIFIED,"t=150 [HELLO_TX] bat=100% nbr=15"
0006,SENSOR,1,UNIFIED,"t=160 [HELLO_TX] bat=100% nbr=15"
0006,SENSOR,1,UNIFIED,"t=160 [HELLO_RX] NEW 001C tier=1(UNK) verified=0 rssi=0.2"
0006,SENSOR,1,UNIFIED,"t=164 [HELLO_TX] bat=100% nbr=16"
0006,SENSOR,1,UNIFIED,"t=173 [HELLO_TX] bat=100% nbr=16"
0006,SENSOR,1,UNIFIED,"t=181 [HELLO_TX] bat=100% nbr=16"
0006,SENSOR,1,UNIFIED,"t=185 [HELLO_TX] bat=100% nbr=16"
0006,SENSOR,1,UNIFIED,"t=189 [HELLO_TX] bat=100% nbr=16"
0006,SENSOR,1,UNIFIED,"t=199 [HELLO_TX] bat=100% nbr=16"
0006,SENSOR,1,UNIFIED,"t=207 [HELLO_TX] bat=100% nbr=16"
0006,SENSOR,1,UNIFIED,"t=211 [HELLO_TX] bat=100% nbr=16"
0006,SENSOR,1,UNIFIED,"t=215 [HELLO_TX] bat=100% nbr=16"
0006,SENSOR,1,UNIFIED,"t=225 [HELLO_TX] bat=100% nbr=16"
0006,SENSOR,1,UNIFIED,"t=229 [HELLO_TX] bat=100% nbr=16"
0006,SENSOR,1,UNIFIED,"t=236 [HELLO_TX] bat=100% nbr=16"
0006,SENSOR,1,UNIFIED,"t=241 [HELLO_TX] bat=100% nbr=16"
0006,SENSOR,1,UNIFIED,"t=247 [HELLO_TX] bat=100% nbr=16"
0007,SENSOR,1,UNIFIED,"t=4 [HELLO_RX] NEW 003E tier=1(UNK) verified=0 rssi=0.6"
0007,SENSOR,1,UNIFIED,"t=7 [HELLO_TX] bat=100% nbr=1"
0007,SENSOR,1,UNIFIED,"t=7 [HELLO_RX] NEW AA0B tier=2(CH) verified=0 rssi=2.4"
0007,SENSOR,1,UNIFIED,"t=8 [HELLO_RX] NEW 0060 tier=1(UNK) verified=0 rssi=0.6"
0007,SENSOR,1,UNIFIED,"t=9 [HELLO_RX] NEW 0010 tier=1(UNK) verified=0 rssi=0.5"
0007,SENSOR,1,UNIFIED,"t=11 [HELLO_TX] bat=100% nbr=4"
0007,SENSOR,1,UNIFIED,"t=15 [HELLO_TX] bat=100% nbr=4"
0007,SENSOR,1,UNIFIED,"t=15 [HELLO_RX] NEW FF04 tier=3(GWN) verified=0 rssi=0.3"
0007,SENSOR,1,UNIFIED,"t=20 [HELLO_RX] NEW 0026 tier=1(UNK) verified=0 rssi=0.3"
0007,SENSOR,1,UNIFIED,"t=21 [HELLO_RX] NEW AA03 tier=2(CH) verified=0 rssi=0.6"
0007,SENSOR,1,UNIFIED,"t=25 [HELLO_TX] bat=100% nbr=7"
0007,SENSOR,1,UNIFIED,"t=29 [HELLO_TX] bat=100% nbr=7"
0007,SENSOR,1,UNIFIED,"t=29 [HELLO_RX] NEW FF02 tier=3(GWN) verified=0 rssi=0.2"
0007,SENSOR,1,UNIFIED,"t=36 [HELLO_RX] NEW FF03 tier=3(GWN) verified=0 rssi=0.2"
0007,SENSOR,1,UNIFIED,"t=37 [HELLO_TX] bat=100% nbr=9"
0007,SENSOR,1,UNIFIED,"t=37 [HELLO_RX] NEW AA0C tier=2(CH) verified=0 rssi=0.8"
0007,SENSOR,1,UNIFIED,"t=46 [HELLO_TX] bat=100% nbr=10"
0007,SENSOR,1,UNIFIED,"t=53 [HELLO_TX] bat=100% nbr=10"
0007,SENSOR,1,UNIFIED,"t=60 [HELLO_TX] bat=100% nbr=10"
0007,SENSOR,1,UNIFIED,"t=70 [HELLO_TX] bat=100% nbr=10"
0007,SENSOR,1,UNIFIED,"t=75 [HELLO_TX] bat=100% nbr=10"
0007,SENSOR,1,UNIFIED,"t=82 [HELLO_TX] bat=100% nbr=10"
0007,SENSOR,1,UNIFIED,"t=86 [HELLO_TX] bat=100% nbr=10"
0007,SENSOR,1,UNIFIED,"t=95 [HELLO_TX] bat=100% nbr=10"
0007,SENSOR,1,UNIFIED,"t=99 [HELLO_RX] NEW 0041 tier=1(UNK) verified=0 rssi=0.2"
0007,SENSOR,1,UNIFIED,"t=102 [HELLO_TX] bat=100% nbr=11"
0007,SENSOR,1,UNIFIED,"t=106 [HELLO_TX] bat=100% nbr=11"
0007,SENSOR,1,UNIFIED,"t=110 [HELLO_TX] bat=100% nbr=11"
0007,SENSOR,1,UNIFIED,"t=116 [HELLO_TX] bat=100% nbr=11"
0007,SENSOR,1,UNIFIED,"t=120 [HELLO_TX] bat=100% nbr=11"
0007,SENSOR,1,UNIFIED,"t=125 [HELLO_TX] bat=100% nbr=11"
0007,SENSOR,1,UNIFIED,"t=132 [HELLO_TX] bat=100% nbr=11"
0007,SENSOR,1,UNIFIED,"t=137 [HELLO_TX] bat=100% nbr=11"
0007,SENSOR,1,UNIFIED,"t=141 [HELLO_TX] bat=100% nbr=11"
0007,SENSOR,1,UNIFIED,"t=149 [HELLO_TX] bat=100% nbr=11"
0007,SENSOR,1,UNIFIED,"t=157 [HELLO_TX] bat=100% nbr=11"
0007,SENSOR,1,UNIFIED,"t=161 [HELLO_TX] bat=100% nbr=11"
0007,SENSOR,1,UNIFIED,"t=169 [HELLO_TX] bat=100% nbr=11"
0007,SENSOR,1,UNIFIED,"t=174 [HELLO_TX] bat=100% nbr=11"
0007,SENSOR,1,UNIFIED,"t=183 [HELLO_TX] bat=100% nbr=11"
0007,SENSOR,1,UNIFIED,"t=187 [HELLO_TX] bat=100% nbr=11"
0007,SENSOR,1,UNIFIED,"t=196 [HELLO_TX] bat=100% nbr=11"
0007,SENSOR,1,UNIFIED,"t=203 [HELLO_TX] bat=100% nbr=11"
0007,SENSOR,1,UNIFIED,"t=212 [HELLO_RX] NEW 0021 tier=1(UNK) verified=0 rssi=0.2"
0007,SENSOR,1,UNIFIED,"t=213 [HELLO_TX] bat=100% nbr=12"
0007,SENSOR,1,UNIFIED,"t=221 [HELLO_TX] bat=100% nbr=12"
0007,SENSOR,1,UNIFIED,"t=226 [HELLO_TX] bat=100% nbr=12"
0007,SENSOR,1,UNIFIED,"t=230 [HELLO_TX] bat=100% nbr=12"
0007,SENSOR,1,UNIFIED,"t=238 [HELLO_TX] bat=100% nbr=12"
0007,SENSOR,1,UNIFIED,"t=246 [HELLO_TX] bat=100% nbr=12"
0008,SENSOR,1,UNIFIED,"t=5 [HELLO_RX] NEW 0027 tier=1(UNK) verified=0 rssi=6.9"
0008,SENSOR,1,UNIFIED,"t=6 [HELLO_TX] bat=100% nbr=1"
0008,SENSOR,1,UNIFIED,"t=6 [HELLO_RX] NEW FF03 tier=3(GWN) verified=0 rssi=201.1"
0008,SENSOR,1,UNIFIED,"t=8 [HELLO_RX] NEW 001E tier=1(UNK) verified=0 rssi=2.3"
0008,SENSOR,1,UNIFIED,"t=10 [HELLO_RX] NEW FF02 tier=3(GWN) verified=0 rssi=10.1"
0008,SENSOR,1,UNIFIED,"t=11 [HELLO_TX] bat=100% nbr=4"
0008,SENSOR,1,UNIFIED,"t=11 [HELLO_RX] NEW 0026 tier=1(UNK) verified=0 rssi=0.2"
0008,SENSOR,1,UNIFIED,"t=16 [HELLO_TX] bat=100% nbr=5"
0008,SENSOR,1,UNIFIED,"t=19 [HELLO_RX] NEW 002F tier=1(UNK) verified=0 rssi=0.5"
0008,SENSOR,1,UNIFIED,"t=20 [HELLO_TX] bat=100% nbr=6"
0008,SENSOR,1,UNIFIED,"t=20 [HELLO_RX] NEW AA05 tier=2(CH) verified=0 rssi=0.3"
0008,SENSOR,1,UNIFIED,"t=24 [HELLO_RX] NEW FF04 tier=3(GWN) verified=0 rssi=2.0"
0008,SENSOR,1,UNIFIED,"t=27 [HELLO_RX] NEW 0012 tier=1(UNK) verified=0 rssi=0.3"
0008,SENSOR,1,UNIFIED,"t=29 [HELLO_TX] bat=100% nbr=9"
0008,SENSOR,1,UNIFIED,"t=31 [HELLO_RX] NEW 0064 tier=1(UNK) verified=0 rssi=0.4"
0008,SENSOR,1,UNIFIED,"t=34 [HELLO_TX] bat=100% nbr=10"
0008,SENSOR,1,UNIFIED,"t=39 [HELLO_TX] bat=100% nbr=10"
0008,SENSOR,1,UNIFIED,"t=43 [HELLO_TX] bat=100% nbr=10"
0008,SENSOR,1,UNIFIED,"t=47 [HELLO_TX] bat=100% nbr=10"
0008,SENSOR,1,UNIFIED,"t=53 [HELLO_RX] NEW 0061 tier=1(UNK) verified=0 rssi=0.5"
0008,SENSOR,1,UNIFIED,"t=54 [HELLO_TX] bat=100% nbr=11"
0008,SENSOR,1,UNIFIED,"t=60 [HELLO_TX] bat=100% nbr=11"
0008,SENSOR,1,UNIFIED,"t=66 [HELLO_TX] bat=100% nbr=11"
0008,SENSOR,1,UNIFIED,"t=74 [HELLO_TX] bat=100% nbr=11"
0008,SENSOR,1,UNIFIED,"t=82 [HELLO_TX] bat=100% nbr=11"
0008,SENSOR,1,UNIFIED,"t=83 [HELLO_RX] NEW FF09 tier=3(GWN) verified=0 rssi=0.2"
0008,SENSOR,1,UNIFIED,"t=88 [HELLO_TX] bat=100% nbr=12"
0008,SENSOR,1,UNIFIED,"t=95 [HELLO_TX] bat=100% nbr=12"
0008,SENSOR,1,UNIFIED,"t=103 [HELLO_TX] bat=100% nbr=12"
0008,SENSOR,1,UNIFIED,"t=108 [HELLO_TX] bat=100% nbr=12"
0008,SENSOR,1,UNIFIED,"t=114 [HELLO_TX] bat=100% nbr=12"
0008,SENSOR,1,UNIFIED,"t=120 [HELLO_TX] bat=100% nbr=12"
0008,SENSOR,1,UNIFIED,"t=124 [HELLO_TX] bat=100% nbr=12"
0008,SENSOR,1,UNIFIED,"t=128 [HELLO_TX] bat=100% nbr=12"
0008,SENSOR,1,UNIFIED,"t=138 [HELLO_TX] bat=100% nbr=12"
0008,SENSOR,1,UNIFIED,"t=142 [HELLO_TX] bat=100% nbr=12"
0008,SENSOR,1,UNIFIED,"t=150 [HELLO_TX] bat=100% nbr=12"
0008,SENSOR,1,UNIFIED,"t=155 [HELLO_TX] bat=100% nbr=12"
0008,SENSOR,1,UNIFIED,"t=159 [HELLO_TX] bat=100% nbr=12"
0008,SENSOR,1,UNIFIED,"t=165 [HELLO_TX] bat=100% nbr=12"
0008,SENSOR,1,UNIFIED,"t=175 [HELLO_TX] bat=100% nbr=12"
0008,SENSOR,1,UNIFIED,"t=183 [HELLO_TX] bat=100% nbr=12"
0008,SENSOR,1,UNIFIED,"t=191 [HELLO_TX] bat=100% nbr=12"
0008,SENSOR,1,UNIFIED,"t=195 [HELLO_TX] bat=100% nbr=12"
0008,SENSOR,1,UNIFIED,"t=202 [HELLO_TX] bat=100% nbr=12"
0008,SENSOR,1,UNIFIED,"t=211 [HELLO_TX] bat=100% nbr=12"
0008,SENSOR,1,UNIFIED,"t=221 [HELLO_TX] bat=100% nbr=12"
0008,SENSOR,1,UNIFIED,"t=229 [HELLO_TX] bat=100% nbr=12"
0008,SENSOR,1,UNIFIED,"t=233 [HELLO_TX] bat=100% nbr=12"
0008,SENSOR,1,UNIFIED,"t=242 [HELLO_TX] bat=100% nbr=12"
0008,SENSOR,1,UNIFIED,"t=246 [HELLO_TX] bat=100% nbr=12"
0009,SENSOR,1,UNIFIED,"t=4 [HELLO_RX] NEW 003E tier=1(UNK) verified=0 rssi=0.2"
0009,SENSOR,1,UNIFIED,"t=6 [HELLO_RX] NEW 000A tier=1(UNK) verified=0 rssi=1.3"
0009,SENSOR,1,UNIFIED,"t=7 [HELLO_RX] NEW 002B tier=1(UNK) verified=0 rssi=4.3"
0009,SENSOR,1,UNIFIED,"t=10 [HELLO_TX] bat=100% nbr=3"
0009,SENSOR,1,UNIFIED,"t=15 [HELLO_TX] bat=100% nbr=3"
0009,SENSOR,1,UNIFIED,"t=15 [HELLO_RX] NEW 0017 tier=1(UNK) verified=0 rssi=1.8"
0009,SENSOR,1,UNIFIED,"t=19 [HELLO_TX] bat=100% nbr=4"
0009,SENSOR,1,UNIFIED,"t=21 [HELLO_RX] NEW AA04 tier=2(CH) verified=0 rssi=0.5"
0009,SENSOR,1,UNIFIED,"t=25 [HELLO_TX] bat=100% nbr=5"
0009,SENSOR,1,UNIFIED,"t=25 [HELLO_RX] NEW AA03 tier=2(CH) verified=0 rssi=0.2"
0009,SENSOR,1,UNIFIED,"t=27 [HELLO_RX] NEW 0041 tier=1(UNK) verified=0 rssi=0.2"
0009,SENSOR,1,UNIFIED,"t=32 [HELLO_RX] NEW 0011 tier=1(UNK) verified=0 rssi=0.2"
0009,SENSOR,1,UNIFIED,"t=35 [HELLO_TX] bat=100% nbr=8"
0009,SENSOR,1,UNIFIED,"t=39 [HELLO_RX] NEW AA0B tier=2(CH) verified=0 rssi=0.2"
0009,SENSOR,1,UNIFIED,"t=42 [HELLO_TX] bat=100% nbr=9"
0009,SENSOR,1,UNIFIED,"t=50 [HELLO_TX] bat=100% nbr=9"
0009,SENSOR,1,UNIFIED,"t=50 [HELLO_RX] NEW 0044 tier=1(UNK) verified=0 rssi=0.2"
0009,SENSOR,1,UNIFIED,"t=59 [HELLO_TX] bat=100% nbr=10"
0009,SENSOR,1,UNIFIED,"t=65 [HELLO_RX] NEW 0053 tier=1(UNK) verified=0 rssi=0.2"
0009,SENSOR,1,UNIFIED,"t=67 [HELLO_TX] bat=100% nbr=11"
0009,SENSOR,1,UNIFIED,"t=73 [HELLO_TX] bat=100% nbr=11"
0009,SENSOR,1,UNIFIED,"t=82 [HELLO_TX] bat=100% nbr=11"
0009,SENSOR,1,UNIFIED,"t=90 [HELLO_TX] bat=100% nbr=11"
0009,SENSOR,1,UNIFIED,"t=94 [HELLO_TX] bat=100% nbr=11"
0009,SENSOR,1,UNIFIED,"t=100 [HELLO_TX] bat=100% nbr=11"
0009,SENSOR,1,UNIFIED,"t=110 [HELLO_TX] bat=100% nbr=11"
0009,SENSOR,1,UNIFIED,"t=119 [HELLO_TX] bat=100% nbr=11"
0009,SENSOR,1,UNIFIED,"t=125 [HELLO_TX] bat=100% nbr=11"
0009,SENSOR,1,UNIFIED,"t=134 [HELLO_RX] NEW FF04 tier=3(GWN) verified=1 rssi=0.1"
0009,SENSOR,1,UNIFIED,"t=135 [HELLO_TX] bat=100% nbr=12"
0009,SENSOR,1,UNIFIED,"t=141 [HELLO_TX] bat=100% nbr=12"
0009,SENSOR,1,UNIFIED,"t=146 [HELLO_TX] bat=100% nbr=12"
0009,SENSOR,1,UNIFIED,"t=151 [HELLO_RX] NEW AA0C tier=2(CH) verified=0 rssi=0.2"
0009,SENSOR,1,UNIFIED,"t=153 [HELLO_TX] bat=100% nbr=13"
0009,SENSOR,1,UNIFIED,"t=157 [HELLO_TX] bat=100% nbr=13"
0009,SENSOR,1,UNIFIED,"t=162 [HELLO_TX] bat=100% nbr=13"
0009,SENSOR,1,UNIFIED,"t=172 [HELLO_TX] bat=100% nbr=13"
0009,SENSOR,1,UNIFIED,"t=177 [HELLO_TX] bat=100% nbr=13"
0009,SENSOR,1,UNIFIED,"t=184 [HELLO_TX] bat=100% nbr=13"
0009,SENSOR,1,UNIFIED,"t=188 [HELLO_TX] bat=100% nbr=13"
0009,SENSOR,1,UNIFIED,"t=194 [HELLO_TX] bat=100% nbr=13"
0009,SENSOR,1,UNIFIED,"t=200 [HELLO_TX] bat=100% nbr=13"
0009,SENSOR,1,UNIFIED,"t=209 [HELLO_TX] bat=100% nbr=13"
0009,SENSOR,1,UNIFIED,"t=219 [HELLO_TX] bat=100% nbr=13"
0009,SENSOR,1,UNIFIED,"t=219 [HELLO_RX] NEW FF0D tier=3(GWN) verified=1 rssi=0.1"
0009,SENSOR,1,UNIFIED,"t=223 [HELLO_TX] bat=100% nbr=14"
0009,SENSOR,1,UNIFIED,"t=228 [HELLO_TX] bat=100% nbr=14"
0009,SENSOR,1,UNIFIED,"t=234 [HELLO_TX] bat=100% nbr=14"
0009,SENSOR,1,UNIFIED,"t=241 [HELLO_TX] bat=100% nbr=14"
0009,SENSOR,1,UNIFIED,"t=247 [HELLO_TX] bat=100% nbr=14"
000A,SENSOR,1,UNIFIED,"t=4 [HELLO_RX] NEW 0031 tier=1(UNK) verified=0 rssi=0.5"
000A,SENSOR,1,UNIFIED,"t=6 [HELLO_TX] bat=100% nbr=1"
000A,SENSOR,1,UNIFIED,"t=7 [HELLO_RX] NEW 002B tier=1(UNK) verified=0 rssi=2.6"
000A,SENSOR,1,UNIFIED,"t=8 [HELLO_RX] NEW 001F tier=1(UNK) verified=0 rssi=0.3"
000A,SENSOR,1,UNIFIED,"t=9 [HELLO_RX] NEW 002E tier=1(UNK) verified=0 rssi=0.5"
000A,SENSOR,1,UNIFIED,"t=10 [HELLO_RX] NEW 0009 tier=1(UNK) verified=0 rssi=1.3"
000A,SENSOR,1,UNIFIED,"t=11 [HELLO_TX] bat=100% nbr=5"
000A,SENSOR,1,UNIFIED,"t=11 [HELLO_RX] NEW FF0D tier=3(GWN) verified=0 rssi=0.1"
000A,SENSOR,1,UNIFIED,"t=16 [HELLO_TX] bat=100% nbr=6"
000A,SENSOR,1,UNIFIED,"t=21 [HELLO_RX] NEW AA04 tier=2(CH) verified=0 rssi=2.3"
000A,SENSOR,1,UNIFIED,"t=22 [HELLO_TX] bat=100% nbr=7"
000A,SENSOR,1,UNIFIED,"t=22 [HELLO_RX] NEW 0017 tier=1(UNK) verified=0 rssi=0.3"
000A,SENSOR,1,UNIFIED,"t=26 [HELLO_TX] bat=100% nbr=8"
000A,SENSOR,1,UNIFIED,"t=30 [HELLO_TX] bat=100% nbr=8"
000A,SENSOR,1,UNIFIED,"t=32 [HELLO_RX] NEW 0011 tier=1(UNK) verified=0 rssi=0.5"
000A,SENSOR,1,UNIFIED,"t=34 [HELLO_TX] bat=100% nbr=9"
000A,SENSOR,1,UNIFIED,"t=38 [HELLO_TX] bat=100% nbr=9"
000A,SENSOR,1,UNIFIED,"t=40 [HELLO_RX] NEW AA07 tier=2(CH) verified=0 rssi=0.2"
000A,SENSOR,1,UNIFIED,"t=43 [HELLO_TX] bat=100% nbr=10"
000A,SENSOR,1,UNIFIED,"t=47 [HELLO_TX] bat=100% nbr=10"
000A,SENSOR,1,UNIFIED,"t=52 [HELLO_TX] bat=100% nbr=10"
000A,SENSOR,1,UNIFIED,"t=62 [HELLO_TX] bat=100% nbr=10"
000A,SENSOR,1,UNIFIED,"t=68 [HELLO_TX] bat=100% nbr=10"
000A,SENSOR,1,UNIFIED,"t=69 [HELLO_RX] NEW 0053 tier=1(UNK) verified=0 rssi=0.3"
000A,SENSOR,1,UNIFIED,"t=73 [HELLO_TX] bat=100% nbr=11"
000A,SENSOR,1,UNIFIED,"t=83 [HELLO_TX] bat=100% nbr=11"
000A,SENSOR,1,UNIFIED,"t=86 [HELLO_RX] NEW AA0B tier=2(CH) verified=0 rssi=0.2"
000A,SENSOR,1,UNIFIED,"t=90 [HELLO_TX] bat=100% nbr=12"
000A,SENSOR,1,UNIFIED,"t=95 [HELLO_TX] bat=100% nbr=12"
000A,SENSOR,1,UNIFIED,"t=105 [HELLO_TX] bat=100% nbr=12"
000A,SENSOR,1,UNIFIED,"t=110 [HELLO_TX] bat=100% nbr=12"
000A,SENSOR,1,UNIFIED,"t=120 [HELLO_TX] bat=100% nbr=12"
000A,SENSOR,1,UNIFIED,"t=125 [HELLO_TX] bat=100% nbr=12"
000A,SENSOR,1,UNIFIED,"t=129 [HELLO_RX] NEW FF07 tier=3(GWN) verified=1 rssi=0.1"
000A,SENSOR,1,UNIFIED,"t=133 [HELLO_TX] bat=100% nbr=13"
000A,SENSOR,1,UNIFIED,"t=142 [HELLO_TX] bat=100% nbr=13"
000A,SENSOR,1,UNIFIED,"t=147 [HELLO_TX] bat=100% nbr=13"
000A,SENSOR,1,UNIFIED,"t=152 [HELLO_TX] bat=100% nbr=13"
000A,SENSOR,1,UNIFIED,"t=161 [HELLO_TX] bat=100% nbr=13"
000A,SENSOR,1,UNIFIED,"t=171 [HELLO_TX] bat=100% nbr=13"
000A,SENSOR,1,UNIFIED,"t=181 [HELLO_TX] bat=100% nbr=13"
000A,SENSOR,1,UNIFIED,"t=191 [HELLO_TX] bat=100% nbr=13"
000A,SENSOR,1,UNIFIED,"t=199 [HELLO_TX] bat=100% nbr=13"
000A,SENSOR,1,UNIFIED,"t=205 [HELLO_TX] bat=100% nbr=13"
000A,SENSOR,1,UNIFIED,"t=209 [HELLO_TX] bat=100% nbr=13"
000A,SENSOR,1,UNIFIED,"t=218 [HELLO_TX] bat=100% nbr=13"
000A,SENSOR,1,UNIFIED,"t=225 [HELLO_TX] bat=100% nbr=13"
000A,SENSOR,1,UNIFIED,"t=235 [HELLO_TX] bat=100% nbr=13"
000A,SENSOR,1,UNIFIED,"t=245 [HELLO_TX] bat=100% nbr=13"
000A,SENSOR,1,UNIFIED,"t=249 [HELLO_TX] bat=100% nbr=13"
000B,SENSOR,1,UNIFIED,"t=4 [HELLO_RX] NEW FF0C tier=3(GWN) verified=0 rssi=3.5"
000B,SENSOR,1,UNIFIED,"t=5 [HELLO_RX] NEW FF01 tier=3(GWN) verified=0 rssi=8.8"
000B,SENSOR,1,UNIFIED,"t=6 [HELLO_RX] NEW AA06 tier=2(CH) verified=0 rssi=0.2"
000B,SENSOR,1,UNIFIED,"t=7 [HELLO_RX] NEW 003D tier=1(UNK) verified=0 rssi=4.0"
000B,SENSOR,1,UNIFIED,"t=8 [HELLO_TX] bat=100% nbr=4"
000B,SENSOR,1,UNIFIED,"t=10 [HELLO_RX] NEW FF0E tier=3(GWN) verified=0 rssi=1.0"
000B,SENSOR,1,UNIFIED,"t=11 [HELLO_RX] NEW 002A tier=1(UNK) verified=0 rssi=0.3"
000B,SENSOR,1,UNIFIED,"t=13 [HELLO_RX] NEW 004F tier=1(UNK) verified=0 rssi=2.5"
000B,SENSOR,1,UNIFIED,"t=15 [HELLO_RX] NEW 0034 tier=1(UNK) verified=0 rssi=2.7"
000B,SENSOR,1,UNIFIED,"t=16 [HELLO_TX] bat=100% nbr=8"
000B,SENSOR,1,UNIFIED,"t=20 [HELLO_RX] NEW 005B tier=1(UNK) verified=0 rssi=0.3"
000B,SENSOR,1,UNIFIED,"t=22 [HELLO_RX] NEW 0024 tier=1(UNK) verified=0 rssi=0.6"
000B,SENSOR,1,UNIFIED,"t=25 [HELLO_TX] bat=100% nbr=10"
000B,SENSOR,1,UNIFIED,"t=30 [HELLO_TX] bat=100% nbr=10"
000B,SENSOR,1,UNIFIED,"t=39 [HELLO_TX] bat=100% nbr=10"
000B,SENSOR,1,UNIFIED,"t=42 [HELLO_RX] NEW 005C tier=1(UNK) verified=0 rssi=0.3"
000B,SENSOR,1,UNIFIED,"t=44 [HELLO_RX] NEW 004A tier=1(UNK) verified=0 rssi=0.8"
000B,SENSOR,1,UNIFIED,"t=47 [HELLO_TX] bat=100% nbr=12"
000B,SENSOR,1,UNIFIED,"t=48 [HELLO_RX] NEW 001B tier=1(UNK) verified=0 rssi=0.6"
000B,SENSOR,1,UNIFIED,"t=52 [HELLO_RX] NEW FF05 tier=3(GWN) verified=1 rssi=0.8"
000B,SENSOR,1,UNIFIED,"t=54 [HELLO_TX] bat=100% nbr=14"
000B,SENSOR,1,UNIFIED,"t=60 [HELLO_TX] bat=100% nbr=14"
000B,SENSOR,1,UNIFIED,"t=65 [HELLO_TX] bat=100% nbr=14"
000B,SENSOR,1,UNIFIED,"t=73 [HELLO_TX] bat=100% nbr=14"
000B,SENSOR,1,UNIFIED,"t=76 [HELLO_RX] NEW 0025 tier=1(UNK) verified=0 rssi=0.2"
000B,SENSOR,1,UNIFIED,"t=78 [HELLO_TX] bat=100% nbr=15"
000B,SENSOR,1,UNIFIED,"t=88 [HELLO_TX] bat=100% nbr=15"
000B,SENSOR,1,UNIFIED,"t=93 [HELLO_RX] NEW 001A tier=1(UNK) verified=0 rssi=0.5"
000B,SENSOR,1,UNIFIED,"t=96 [HELLO_RX] NEW AA0A tier=2(CH) verified=0 rssi=0.3"
000B,SENSOR,1,UNIFIED,"t=98 [HELLO_TX] bat=100% nbr=17"
000B,SENSOR,1,UNIFIED,"t=107 [HELLO_TX] bat=100% nbr=17"
000B,SENSOR,1,UNIFIED,"t=114 [HELLO_TX] bat=100% nbr=17"
000B,SENSOR,1,UNIFIED,"t=114 [HELLO_RX] NEW 0013 tier=1(UNK) verified=0 rssi=0.2"
000B,SENSOR,1,UNIFIED,"t=119 [HELLO_TX] bat=100% nbr=18"
000B,SENSOR,1,UNIFIED,"t=125 [HELLO_TX] bat=100% nbr=18"
000B,SENSOR,1,UNIFIED,"t=128 [HELLO_RX] NEW 000E tier=1(UNK) verified=0 rssi=0.3"
000B,SENSOR,1,UNIFIED,"t=132 [HELLO_TX] bat=100% nbr=19"
000B,SENSOR,1,UNIFIED,"t=136 [HELLO_TX] bat=100% nbr=19"
000B,SENSOR,1,UNIFIED,"t=144 [HELLO_TX] bat=100% nbr=19"
000B,SENSOR,1,UNIFIED,"t=149 [HELLO_TX] bat=100% nbr=19"
000B,SENSOR,1,UNIFIED,"t=149 [HELLO_RX] NEW 003B tier=1(UNK) verified=0 rssi=0.2"
000B,SENSOR,1,UNIFIED,"t=157 [HELLO_TX] bat=100% nbr=20"
000B,SENSOR,1,UNIFIED,"t=167 [HELLO_TX] bat=100% nbr=20"
000B,SENSOR,1,UNIFIED,"t=175 [HELLO_TX] bat=100% nbr=20"
000B,SENSOR,1,UNIFIED,"t=181 [HELLO_TX] bat=100% nbr=20"
000B,SENSOR,1,UNIFIED,"t=187 [HELLO_TX] bat=100% nbr=20"
000B,SENSOR,1,UNIFIED,"t=193 [HELLO_TX] bat=100% nbr=20"
000B,SENSOR,1,UNIFIED,"t=202 [HELLO_TX] bat=100% nbr=20"
000B,SENSOR,1,UNIFIED,"t=208 [HELLO_RX] NEW FF0B tier=3(GWN) verified=1 rssi=0.2"
000B,SENSOR,1,UNIFIED,"t=210 [HELLO_TX] bat=100% nbr=21"
000B,SENSOR,1,UNIFIED,"t=220 [HELLO_TX] bat=100% nbr=21"
000B,SENSOR,1,UNIFIED,"t=226 [HELLO_TX] bat=100% nbr=21"
000B,SENSOR,1,UNIFIED,"t=232 [HELLO_RX] NEW 004E tier=1(UNK) verified=0 rssi=0.3"
000B,SENSOR,1,UNIFIED,"t=236 [HELLO_TX] bat=100% nbr=22"
000B,SENSOR,1,UNIFIED,"t=241 [HELLO_RX] NEW 0036 tier=1(UNK) verified=0 rssi=0.2"
000B,SENSOR,1,UNIFIED,"t=243 [HELLO_TX] bat=100% nbr=23"
000B,SENSOR,1,UNIFIED,"t=248 [HELLO_TX] bat=100% nbr=23"
000C,SENSOR,1,UNIFIED,"t=4 [HELLO_RX] NEW FF06 tier=3(GWN) verified=0 rssi=5.9"
000C,SENSOR,1,UNIFIED,"t=5 [HELLO_TX] bat=100% nbr=1"
000C,SENSOR,1,UNIFIED,"t=5 [HELLO_RX] NEW 0057 tier=1(UNK) verified=0 rssi=0.7"
000C,SENSOR,1,UNIFIED,"t=6 [HELLO_RX] NEW 001D tier=1(UNK) verified=0 rssi=0.7"
000C,SENSOR,1,UNIFIED,"t=8 [HELLO_RX] NEW FF08 tier=3(GWN) verified=0 rssi=0.1"
000C,SENSOR,1,UNIFIED,"t=9 [HELLO_RX] NEW 004D tier=1(UNK) verified=0 rssi=0.2"
000C,SENSOR,1,UNIFIED,"t=10 [HELLO_RX] NEW AA01 tier=2(CH) verified=0 rssi=14.6"
000C,SENSOR,1,UNIFIED,"t=15 [HELLO_TX] bat=100% nbr=6"
000C,SENSOR,1,UNIFIED,"t=16 [HELLO_RX] NEW 0054 tier=1(UNK) verified=0 rssi=0.6"
000C,SENSOR,1,UNIFIED,"t=17 [HELLO_RX] NEW AA09 tier=2(CH) verified=0 rssi=0.7"
000C,SENSOR,1,UNIFIED,"t=21 [HELLO_TX] bat=100% nbr=8"
000C,SENSOR,1,UNIFIED,"t=24 [HELLO_RX] NEW 002D tier=1(UNK) verified=0 rssi=0.2"
000C,SENSOR,1,UNIFIED,"t=31 [HELLO_TX] bat=100% nbr=9"
000C,SENSOR,1,UNIFIED,"t=32 [HELLO_RX] NEW 0014 tier=1(UNK) verified=0 rssi=0.3"
000C,SENSOR,1,UNIFIED,"t=36 [HELLO_TX] bat=100% nbr=10"
000C,SENSOR,1,UNIFIED,"t=36 [HELLO_RX] NEW FF0A tier=3(GWN) verified=0 rssi=0.3"
000C,SENSOR,1,UNIFIED,"t=39 [HELLO_RX] NEW FF09 tier=3(GWN) verified=0 rssi=0.2"
000C,SENSOR,1,UNIFIED,"t=40 [HELLO_TX] bat=100% nbr=12"
000C,SENSOR,1,UNIFIED,"t=44 [HELLO_TX] bat=100% nbr=12"
000C,SENSOR,1,UNIFIED,"t=49 [HELLO_TX] bat=100% nbr=12"
000C,SENSOR,1,UNIFIED,"t=59 [HELLO_TX] bat=100% nbr=12"
000C,SENSOR,1,UNIFIED,"t=63 [HELLO_RX] NEW 001C tier=1(UNK) verified=0 rssi=0.4"
000C,SENSOR,1,UNIFIED,"t=65 [HELLO_TX] bat=100% nbr=13"
000C,SENSOR,1,UNIFIED,"t=73 [HELLO_TX] bat=100% nbr=13"
000C,SENSOR,1,UNIFIED,"t=77 [HELLO_TX] bat=100% nbr=13"
000C,SENSOR,1,UNIFIED,"t=84 [HELLO_TX] bat=100% nbr=13"
000C,SENSOR,1,UNIFIED,"t=84 [HELLO_RX] NEW 0058 tier=1(UNK) verified=0 rssi=0.2"
000C,SENSOR,1,UNIFIED,"t=94 [HELLO_TX] bat=100% nbr=14"
000C,SENSOR,1,UNIFIED,"t=102 [HELLO_TX] bat=100% nbr=14"
000C,SENSOR,1,UNIFIED,"t=110 [HELLO_TX] bat=100% nbr=14"
000C,SENSOR,1,UNIFIED,"t=120 [HELLO_TX] bat=100% nbr=14"
000C,SENSOR,1,UNIFIED,"t=127 [HELLO_TX] bat=100% nbr=14"
000C,SENSOR,1,UNIFIED,"t=135 [HELLO_TX] bat=100% nbr=14"
000C,SENSOR,1,UNIFIED,"t=140 [HELLO_TX] bat=100% nbr=14"
000C,SENSOR,1,UNIFIED,"t=148 [HELLO_TX] bat=100% nbr=14"
000C,SENSOR,1,UNIFIED,"t=157 [HELLO_TX] bat=100% nbr=14"
000C,SENSOR,1,UNIFIED,"t=167 [HELLO_TX] bat=100% nbr=14"
000C,SENSOR,1,UNIFIED,"t=175 [HELLO_TX] bat=100% nbr=14"
000C,SENSOR,1,UNIFIED,"t=182 [HELLO_TX] bat=100% nbr=14"
000C,SENSOR,1,UNIFIED,"t=187 [HELLO_TX] bat=100% nbr=14"
000C,SENSOR,1,UNIFIED,"t=191 [HELLO_TX] bat=100% nbr=14"
000C,SENSOR,1,UNIFIED,"t=197 [HELLO_TX] bat=100% nbr=14"
000C,SENSOR,1,UNIFIED,"t=204 [HELLO_TX] bat=100% nbr=14"
000C,SENSOR,1,UNIFIED,"t=213 [HELLO_TX] bat=100% nbr=14"
000C,SENSOR,1,UNIFIED,"t=223 [HELLO_TX] bat=100% nbr=14"
000C,SENSOR,1,UNIFIED,"t=229 [HELLO_TX] bat=100% nbr=14"
000C,SENSOR,1,UNIFIED,"t=239 [HELLO_TX] bat=100% nbr=14"
000C,SENSOR,1,UNIFIED,"t=247 [HELLO_TX] bat=100% nbr=14"
000D,SENSOR,1,UNIFIED,"t=4 [HELLO_RX] NEW 001A tier=1(UNK) verified=0 rssi=1.0"
000D,SENSOR,1,UNIFIED,"t=6 [HELLO_RX] NEW 0015 tier=1(UNK) verified=0 rssi=1.3"
000D,SENSOR,1,UNIFIED,"t=7 [HELLO_RX] NEW 004E tier=1(UNK) verified=0 rssi=4.1"
000D,SENSOR,1,UNIFIED,"t=8 [HELLO_RX] NEW FF08 tier=3(GWN) verified=0 rssi=2.2"
000D,SENSOR,1,UNIFIED,"t=10 [HELLO_TX] bat=100% nbr=4"
000D,SENSOR,1,UNIFIED,"t=10 [HELLO_RX] NEW FF05 tier=3(GWN) verified=0 rssi=85.8"
000D,SENSOR,1,UNIFIED,"t=11 [HELLO_RX] NEW AA06 tier=2(CH) verified=0 rssi=0.3"
000D,SENSOR,1,UNIFIED,"t=12 [HELLO_RX] NEW FF0C tier=3(GWN) verified=0 rssi=1.8"
000D,SENSOR,1,UNIFIED,"t=15 [HELLO_TX] bat=100% nbr=7"
000D,SENSOR,1,UNIFIED,"t=18 [HELLO_RX] NEW FF0E tier=3(GWN) verified=0 rssi=1.0"
000D,SENSOR,1,UNIFIED,"t=21 [HELLO_TX] bat=100% nbr=8"
000D,SENSOR,1,UNIFIED,"t=23 [HELLO_RX] NEW 004A tier=1(UNK) verified=0 rssi=0.4"
000D,SENSOR,1,UNIFIED,"t=26 [HELLO_TX] bat=100% nbr=9"
000D,SENSOR,1,UNIFIED,"t=27 [HELLO_RX] NEW 0024 tier=1(UNK) verified=0 rssi=0.2"
000D,SENSOR,1,UNIFIED,"t=33 [HELLO_TX] bat=100% nbr=10"
000D,SENSOR,1,UNIFIED,"t=34 [HELLO_RX] NEW AA0A tier=2(CH) verified=0 rssi=0.4"
000D,SENSOR,1,UNIFIED,"t=41 [HELLO_TX] bat=100% nbr=11"
000D,SENSOR,1,UNIFIED,"t=47 [HELLO_TX] bat=100% nbr=11"
000D,SENSOR,1,UNIFIED,"t=53 [HELLO_RX] NEW FF01 tier=3(GWN) verified=1 rssi=0.3"
000D,SENSOR,1,UNIFIED,"t=55 [HELLO_TX] bat=100% nbr=12"
000D,SENSOR,1,UNIFIED,"t=55 [HELLO_RX] NEW 003D tier=1(UNK) verified=0 rssi=0.2"
000D,SENSOR,1,UNIFIED,"t=60 [HELLO_TX] bat=100% nbr=13"
000D,SENSOR,1,UNIFIED,"t=64 [HELLO_TX] bat=100% nbr=13"
000D,SENSOR,1,UNIFIED,"t=72 [HELLO_TX] bat=100% nbr=13"
000D,SENSOR,1,UNIFIED,"t=81 [HELLO_TX] bat=100% nbr=13"
000D,SENSOR,1,UNIFIED,"t=87 [HELLO_TX] bat=100% nbr=13"
000D,SENSOR,1,UNIFIED,"t=97 [HELLO_TX] bat=100% nbr=13"
000D,SENSOR,1,UNIFIED,"t=101 [HELLO_TX] bat=100% nbr=13"
000D,SENSOR,1,UNIFIED,"t=106 [HELLO_TX] bat=100% nbr=13"
000D,SENSOR,1,UNIFIED,"t=113 [HELLO_TX] bat=100% nbr=13"
000D,SENSOR,1,UNIFIED,"t=117 [HELLO_RX] NEW FF0A tier=3(GWN) verified=1 rssi=0.1"
000D,SENSOR,1,UNIFIED,"t=119 [HELLO_RX] NEW 0034 tier=1(UNK) verified=0 rssi=0.3"
000D,SENSOR,1,UNIFIED,"t=121 [HELLO_TX] bat=100% nbr=15"
000D,SENSOR,1,UNIFIED,"t=126 [HELLO_TX] bat=100% nbr=15"
000D,SENSOR,1,UNIFIED,"t=133 [HELLO_TX] bat=100% nbr=15"
000D,SENSOR,1,UNIFIED,"t=138 [HELLO_TX] bat=100% nbr=15"
000D,SENSOR,1,UNIFIED,"t=144 [HELLO_TX] bat=100% nbr=15"
000D,SENSOR,1,UNIFIED,"t=151 [HELLO_TX] bat=100% nbr=15"
000D,SENSOR,1,UNIFIED,"t=157 [HELLO_TX] bat=100% nbr=15"
000D,SENSOR,1,UNIFIED,"t=163 [HELLO_TX] bat=100% nbr=15"
000D,SENSOR,1,UNIFIED,"t=167 [HELLO_TX] bat=100% nbr=15"
000D,SENSOR,1,UNIFIED,"t=176 [HELLO_TX] bat=100% nbr=15"
000D,SENSOR,1,UNIFIED,"t=181 [HELLO_TX] bat=100% nbr=15"
000D,SENSOR,1,UNIFIED,"t=188 [HELLO_TX] bat=100% nbr=15"
000D,SENSOR,1,UNIFIED,"t=193 [HELLO_TX] bat=100% nbr=15"
000D,SENSOR,1,UNIFIED,"t=197 [HELLO_TX] bat=100% nbr=15"
000D,SENSOR,1,UNIFIED,"t=206 [HELLO_TX] bat=100% nbr=15"
000D,SENSOR,1,UNIFIED,"t=214 [HELLO_TX] bat=100% nbr=15"
000D,SENSOR,1,UNIFIED,"t=222 [HELLO_TX] bat=100% nbr=15"
000D,SENSOR,1,UNIFIED,"t=226 [HELLO_TX] bat=100% nbr=15"
000D,SENSOR,1,UNIFIED,"t=236 [HELLO_TX] bat=100% nbr=15"
000D,SENSOR,1,UNIFIED,"t=241 [HELLO_TX] bat=100% nbr=15"
000D,SENSOR,1,UNIFIED,"t=245 [HELLO_TX] bat=100% nbr=15"
000E,SENSOR,1,UNIFIED,"t=4 [HELLO_RX] NEW 0036 tier=1(UNK) verified=0 rssi=0.6"
000E,SENSOR,1,UNIFIED,"t=5 [HELLO_RX] NEW AA0A tier=2(CH) verified=0 rssi=4.4"
000E,SENSOR,1,UNIFIED,"t=6 [HELLO_RX] NEW 002A tier=1(UNK) verified=0 rssi=7508.9"
000E,SENSOR,1,UNIFIED,"t=7 [HELLO_TX] bat=100% nbr=3"
000E,SENSOR,1,UNIFIED,"t=7 [HELLO_RX] NEW 0024 tier=1(UNK) verified=0 rssi=4.0"
000E,SENSOR,1,UNIFIED,"t=8 [HELLO_RX] NEW 004B tier=1(UNK) verified=0 rssi=0.5"
000E,SENSOR,1,UNIFIED,"t=10 [HELLO_RX] NEW FF05 tier=3(GWN) verified=0 rssi=0.7"
000E,SENSOR,1,UNIFIED,"t=12 [HELLO_RX] NEW FF01 tier=3(GWN) verified=0 rssi=0.8"
000E,SENSOR,1,UNIFIED,"t=13 [HELLO_RX] NEW 004F tier=1(UNK) verified=0 rssi=0.4"
000E,SENSOR,1,UNIFIED,"t=16 [HELLO_TX] bat=100% nbr=8"
000E,SENSOR,1,UNIFIED,"t=19 [HELLO_RX] NEW 0025 tier=1(UNK) verified=0 rssi=2.9"
000E,SENSOR,1,UNIFIED,"t=20 [HELLO_TX] bat=100% nbr=9"
000E,SENSOR,1,UNIFIED,"t=20 [HELLO_RX] NEW 0052 tier=1(UNK) verified=0 rssi=1.8"
000E,SENSOR,1,UNIFIED,"t=26 [HELLO_RX] NEW FF0C tier=3(GWN) verified=0 rssi=0.7"
000E,SENSOR,1,UNIFIED,"t=27 [HELLO_TX] bat=100% nbr=11"
000E,SENSOR,1,UNIFIED,"t=27 [HELLO_RX] NEW 0013 tier=1(UNK) verified=0 rssi=0.4"
000E,SENSOR,1,UNIFIED,"t=31 [HELLO_TX] bat=100% nbr=12"
000E,SENSOR,1,UNIFIED,"t=32 [HELLO_RX] NEW AA06 tier=2(CH) verified=0 rssi=0.9"
000E,SENSOR,1,UNIFIED,"t=40 [HELLO_TX] bat=100% nbr=13"
000E,SENSOR,1,UNIFIED,"t=43 [HELLO_RX] NEW 0034 tier=1(UNK) verified=0 rssi=0.7"
000E,SENSOR,1,UNIFIED,"t=44 [HELLO_RX] NEW FF08 tier=3(GWN) verified=0 rssi=0.5"
000E,SENSOR,1,UNIFIED,"t=48 [HELLO_TX] bat=100% nbr=15"
000E,SENSOR,1,UNIFIED,"t=48 [HELLO_RX] NEW 001B tier=1(UNK) verified=0 rssi=0.2"
000E,SENSOR,1,UNIFIED,"t=49 [HELLO_RX] NEW 003D tier=1(UNK) verified=0 rssi=0.2"
000E,SENSOR,1,UNIFIED,"t=50 [HELLO_RX] NEW 0039 tier=1(UNK) verified=0 rssi=0.3"
000E,SENSOR,1,UNIFIED,"t=58 [HELLO_TX] bat=100% nbr=18"
000E,SENSOR,1,UNIFIED,"t=63 [HELLO_RX] NEW FF0A tier=3(GWN) verified=1 rssi=0.1"
000E,SENSOR,1,UNIFIED,"t=66 [HELLO_TX] bat=100% nbr=19"
000E,SENSOR,1,UNIFIED,"t=71 [HELLO_TX] bat=100% nbr=19"
000E,SENSOR,1,UNIFIED,"t=77 [HELLO_TX] bat=100% nbr=19"
000E,SENSOR,1,UNIFIED,"t=85 [HELLO_TX] bat=100% nbr=19"
000E,SENSOR,1,UNIFIED,"t=94 [HELLO_TX] bat=100% nbr=19"
000E,SENSOR,1,UNIFIED,"t=100 [HELLO_TX] bat=100% nbr=19"
000E,SENSOR,1,UNIFIED,"t=101 [HELLO_RX] NEW 0015 tier=1(UNK) verified=0 rssi=0.2"
000E,SENSOR,1,UNIFIED,"t=109 [HELLO_TX] bat=100% nbr=20"
000E,SENSOR,1,UNIFIED,"t=117 [HELLO_TX] bat=100% nbr=20"
000E,SENSOR,1,UNIFIED,"t=121 [HELLO_TX] bat=100% nbr=20"
000E,SENSOR,1,UNIFIED,"t=128 [HELLO_TX] bat=100% nbr=20"
000E,SENSOR,1,UNIFIED,"t=134 [HELLO_TX] bat=100% nbr=20"
000E,SENSOR,1,UNIFIED,"t=142 [HELLO_TX] bat=100% nbr=20"
000E,SENSOR,1,UNIFIED,"t=142 [HELLO_RX] NEW 0038 tier=1(UNK) verified=0 rssi=0.2"
000E,SENSOR,1,UNIFIED,"t=149 [HELLO_TX] bat=100% nbr=21"
000E,SENSOR,1,UNIFIED,"t=152 [HELLO_RX] NEW 004E tier=1(UNK) verified=0 rssi=0.2"
000E,SENSOR,1,UNIFIED,"t=153 [HELLO_TX] bat=100% nbr=22"
000E,SENSOR,1,UNIFIED,"t=160 [HELLO_TX] bat=100% nbr=22"
000E,SENSOR,1,UNIFIED,"t=167 [HELLO_TX] bat=100% nbr=22"
000E,SENSOR,1,UNIFIED,"t=172 [HELLO_TX] bat=100% nbr=22"
000E,SENSOR,1,UNIFIED,"t=173 [HELLO_RX] NEW AA02 tier=2(CH) verified=0 rssi=0.2"
000E,SENSOR,1,UNIFIED,"t=178 [HELLO_TX] bat=100% nbr=23"
000E,SENSOR,1,UNIFIED,"t=181 [HELLO_RX] NEW 000B tier=1(UNK) verified=0 rssi=0.3"
000E,SENSOR,1,UNIFIED,"t=186 [HELLO_TX] bat=100% nbr=24"
000E,SENSOR,1,UNIFIED,"t=190 [HELLO_TX] bat=100% nbr=24"
000E,SENSOR,1,UNIFIED,"t=199 [HELLO_TX] bat=100% nbr=24"
000E,SENSOR,1,UNIFIED,"t=203 [HELLO_TX] bat=100% nbr=24"
000E,SENSOR,1,UNIFIED,"t=207 [HELLO_TX] bat=100% nbr=24"
000E,SENSOR,1,UNIFIED,"t=211 [HELLO_TX] bat=100% nbr=24"
000E,SENSOR,1,UNIFIED,"t=215 [HELLO_TX] bat=100% nbr=24"
000E,SENSOR,1,UNIFIED,"t=222 [HELLO_TX] bat=100% nbr=24"
000E,SENSOR,1,UNIFIED,"t=227 [HELLO_TX] bat=100% nbr=24"
000E,SENSOR,1,UNIFIED,"t=237 [HELLO_TX] bat=100% nbr=24"
000E,SENSOR,1,UNIFIED,"t=247 [HELLO_TX] bat=100% nbr=24"
000F,SENSOR,1,UNIFIED,"t=6 [HELLO_RX] NEW AA06 tier=2(CH) verified=0 rssi=0.7"
000F,SENSOR,1,UNIFIED,"t=7 [HELLO_RX] NEW 000E tier=1(UNK) verified=0 rssi=0.2"
000F,SENSOR,1,UNIFIED,"t=8 [HELLO_RX] NEW 0038 tier=1(UNK) verified=0 rssi=1.3"
000F,SENSOR,1,UNIFIED,"t=9 [HELLO_TX] bat=100% nbr=3"
000F,SENSOR,1,UNIFIED,"t=9 [HELLO_RX] NEW 0062 tier=1(UNK) verified=0 rssi=0.9"
000F,SENSOR,1,UNIFIED,"t=10 [HELLO_RX] NEW 0039 tier=1(UNK) verified=0 rssi=1.8"
000F,SENSOR,1,UNIFIED,"t=16 [HELLO_RX] NEW 0049 tier=1(UNK) verified=0 rssi=0.6"
000F,SENSOR,1,UNIFIED,"t=18 [HELLO_TX] bat=100% nbr=6"
000F,SENSOR,1,UNIFIED,"t=19 [HELLO_RX] NEW AA01 tier=2(CH) verified=0 rssi=0.2"
000F,SENSOR,1,UNIFIED,"t=20 [HELLO_RX] NEW 0052 tier=1(UNK) verified=0 rssi=0.5"
000F,SENSOR,1,UNIFIED,"t=21 [HELLO_RX] NEW FF05 tier=3(GWN) verified=0 rssi=0.2"
000F,SENSOR,1,UNIFIED,"t=23 [HELLO_RX] NEW AA0A tier=2(CH) verified=0 rssi=0.5"
000F,SENSOR,1,UNIFIED,"t=24 [HELLO_TX] bat=100% nbr=10"
000F,SENSOR,1,UNIFIED,"t=27 [HELLO_RX] NEW 004B tier=1(UNK) verified=0 rssi=0.9"
000F,SENSOR,1,UNIFIED,"t=29 [HELLO_TX] bat=100% nbr=11"
000F,SENSOR,1,UNIFIED,"t=33 [HELLO_RX] NEW FF06 tier=3(GWN) verified=0 rssi=0.2"
000F,SENSOR,1,UNIFIED,"t=36 [HELLO_RX] NEW FF0A tier=3(GWN) verified=0 rssi=0.2"
000F,SENSOR,1,UNIFIED,"t=37 [HELLO_TX] bat=100% nbr=13"
000F,SENSOR,1,UNIFIED,"t=41 [HELLO_RX] NEW 0056 tier=1(UNK) verified=0 rssi=0.3"
000F,SENSOR,1,UNIFIED,"t=44 [HELLO_RX] NEW FF08 tier=3(GWN) verified=0 rssi=0.3"
000F,SENSOR,1,UNIFIED,"t=45 [HELLO_TX] bat=100% nbr=15"
000F,SENSOR,1,UNIFIED,"t=45 [HELLO_RX] NEW FF0C tier=3(GWN) verified=1 rssi=0.1"
000F,SENSOR,1,UNIFIED,"t=54 [HELLO_TX] bat=100% nbr=16"
000F,SENSOR,1,UNIFIED,"t=60 [HELLO_TX] bat=100% nbr=16"
000F,SENSOR,1,UNIFIED,"t=68 [HELLO_TX] bat=100% nbr=16"
000F,SENSOR,1,UNIFIED,"t=75 [HELLO_TX] bat=100% nbr=16"
000F,SENSOR,1,UNIFIED,"t=85 [HELLO_TX] bat=100% nbr=16"
000F,SENSOR,1,UNIFIED,"t=88 [HELLO_RX] NEW 001D tier=1(UNK) verified=0 rssi=0.2"
000F,SENSOR,1,UNIFIED,"t=94 [HELLO_RX] NEW 0025 tier=1(UNK) verified=0 rssi=0.2"
000F,SENSOR,1,UNIFIED,"t=95 [HELLO_TX] bat=100% nbr=18"
000F,SENSOR,1,UNIFIED,"t=100 [HELLO_TX] bat=100% nbr=18"
000F,SENSOR,1,UNIFIED,"t=100 [HELLO_RX] NEW 002A tier=1(UNK) verified=0 rssi=0.2"
000F,SENSOR,1,UNIFIED,"t=107 [HELLO_TX] bat=100% nbr=19"
000F,SENSOR,1,UNIFIED,"t=115 [HELLO_TX] bat=100% nbr=19"
000F,SENSOR,1,UNIFIED,"t=120 [HELLO_TX] bat=100% nbr=19"
000F,SENSOR,1,UNIFIED,"t=125 [HELLO_TX] bat=100% nbr=19"
000F,SENSOR,1,UNIFIED,"t=128 [HELLO_RX] NEW FF0B tier=3(GWN) verified=1 rssi=0.0"
000F,SENSOR,1,UNIFIED,"t=134 [HELLO_TX] bat=100% nbr=20"
000F,SENSOR,1,UNIFIED,"t=139 [HELLO_TX] bat=100% nbr=20"
000F,SENSOR,1,UNIFIED,"t=146 [HELLO_TX] bat=100% nbr=20"
000F,SENSOR,1,UNIFIED,"t=150 [HELLO_TX] bat=100% nbr=20"
000F,SENSOR,1,UNIFIED,"t=158 [HELLO_TX] bat=100% nbr=20"
000F,SENSOR,1,UNIFIED,"t=162 [HELLO_TX] bat=100% nbr=20"
000F,SENSOR,1,UNIFIED,"t=170 [HELLO_TX] bat=100% nbr=20"
000F,SENSOR,1,UNIFIED,"t=175 [HELLO_TX] bat=100% nbr=20"
000F,SENSOR,1,UNIFIED,"t=179 [HELLO_TX] bat=100% nbr=20"
000F,SENSOR,1,UNIFIED,"t=186 [HELLO_TX] bat=100% nbr=20"
000F,SENSOR,1,UNIFIED,"t=191 [HELLO_TX] bat=100% nbr=20"
000F,SENSOR,1,UNIFIED,"t=197 [HELLO_TX] bat=100% nbr=20"
000F,SENSOR,1,UNIFIED,"t=203 [HELLO_TX] bat=100% nbr=20"
000F,SENSOR,1,UNIFIED,"t=211 [HELLO_TX] bat=100% nbr=20"
000F,SENSOR,1,UNIFIED,"t=220 [HELLO_TX] bat=100% nbr=20"
000F,SENSOR,1,UNIFIED,"t=225 [HELLO_TX] bat=100% nbr=20"
000F,SENSOR,1,UNIFIED,"t=234 [HELLO_TX] bat=100% nbr=20"
000F,SENSOR,1,UNIFIED,"t=238 [HELLO_TX] bat=100% nbr=20"
000F,SENSOR,1,UNIFIED,"t=245 [HELLO_TX] bat=100% nbr=20"
0010,SENSOR,1,UNIFIED,"t=4 [HELLO_RX] NEW AA03 tier=2(CH) verified=0 rssi=9.0"
0010,SENSOR,1,UNIFIED,"t=6 [HELLO_RX] NEW 0005 tier=1(UNK) verified=0 rssi=0.3"
0010,SENSOR,1,UNIFIED,"t=7 [HELLO_RX] NEW AA0C tier=2(CH) verified=0 rssi=84.6"
0010,SENSOR,1,UNIFIED,"t=9 [HELLO_TX] bat=100% nbr=3"
0010,SENSOR,1,UNIFIED,"t=9 [HELLO_RX] NEW 0047 tier=1(UNK) verified=0 rssi=0.2"
0010,SENSOR,1,UNIFIED,"t=10 [HELLO_RX] NEW 0059 tier=1(UNK) verified=0 rssi=0.9"
0010,SENSOR,1,UNIFIED,"t=11 [HELLO_RX] NEW 003E tier=1(UNK) verified=0 rssi=1.3"
0010,SENSOR,1,UNIFIED,"t=13 [HELLO_RX] NEW 0060 tier=1(UNK) verified=0 rssi=1.3"
0010,SENSOR,1,UNIFIED,"t=14 [HELLO_TX] bat=100% nbr=7"
0010,SENSOR,1,UNIFIED,"t=24 [HELLO_TX] bat=100% nbr=7"
0010,SENSOR,1,UNIFIED,"t=27 [HELLO_RX] NEW 0041 tier=1(UNK) verified=0 rssi=1.7"
0010,SENSOR,1,UNIFIED,"t=28 [HELLO_RX] NEW 0021 tier=1(UNK) verified=0 rssi=0.4"
0010,SENSOR,1,UNIFIED,"t=29 [HELLO_RX] NEW 0007 tier=1(UNK) verified=0 rssi=0.5"
0010,SENSOR,1,UNIFIED,"t=30 [HELLO_TX] bat=100% nbr=10"
0010,SENSOR,1,UNIFIED,"t=33 [HELLO_RX] NEW AA0B tier=2(CH) verified=0 rssi=6.3"
0010,SENSOR,1,UNIFIED,"t=38 [HELLO_TX] bat=100% nbr=11"
0010,SENSOR,1,UNIFIED,"t=41 [HELLO_RX] NEW 0026 tier=1(UNK) verified=0 rssi=0.2"
0010,SENSOR,1,UNIFIED,"t=45 [HELLO_TX] bat=100% nbr=12"
0010,SENSOR,1,UNIFIED,"t=52 [HELLO_TX] bat=100% nbr=12"
0010,SENSOR,1,UNIFIED,"t=57 [HELLO_TX] bat=100% nbr=12"
0010,SENSOR,1,UNIFIED,"t=63 [HELLO_TX] bat=100% nbr=12"
0010,SENSOR,1,UNIFIED,"t=67 [HELLO_TX] bat=100% nbr=12"
0010,SENSOR,1,UNIFIED,"t=71 [HELLO_TX] bat=100% nbr=12"
0010,SENSOR,1,UNIFIED,"t=77 [HELLO_RX] NEW FF02 tier=3(GWN) verified=0 rssi=0.2"
0010,SENSOR,1,UNIFIED,"t=80 [HELLO_TX] bat=100% nbr=13"
0010,SENSOR,1,UNIFIED,"t=88 [HELLO_TX] bat=100% nbr=13"
0010,SENSOR,1,UNIFIED,"t=97 [HELLO_RX] NEW AA05 tier=2(CH) verified=0 rssi=0.2"
0010,SENSOR,1,UNIFIED,"t=98 [HELLO_TX] bat=100% nbr=14"
0010,SENSOR,1,UNIFIED,"t=103 [HELLO_TX] bat=100% nbr=14"
0010,SENSOR,1,UNIFIED,"t=106 [HELLO_RX] NEW FF04 tier=3(GWN) verified=0 rssi=0.2"
0010,SENSOR,1,UNIFIED,"t=108 [HELLO_RX] NEW 005A tier=1(UNK) verified=0 rssi=0.4"
0010,SENSOR,1,UNIFIED,"t=110 [HELLO_TX] bat=100% nbr=16"
0010,SENSOR,1,UNIFIED,"t=110 [HELLO_RX] NEW 0042 tier=1(UNK) verified=0 rssi=0.2"
0010,SENSOR,1,UNIFIED,"t=120 [HELLO_TX] bat=100% nbr=17"
0010,SENSOR,1,UNIFIED,"t=124 [HELLO_TX] bat=100% nbr=17"
0010,SENSOR,1,UNIFIED,"t=124 [HELLO_RX] NEW FF03 tier=3(GWN) verified=1 rssi=0.2"
0010,SENSOR,1,UNIFIED,"t=130 [HELLO_TX] bat=100% nbr=18"
0010,SENSOR,1,UNIFIED,"t=134 [HELLO_TX] bat=100% nbr=18"
0010,SENSOR,1,UNIFIED,"t=144 [HELLO_TX] bat=100% nbr=18"
0010,SENSOR,1,UNIFIED,"t=154 [HELLO_TX] bat=100% nbr=18"
0010,SENSOR,1,UNIFIED,"t=163 [HELLO_TX] bat=100% nbr=18"
0010,SENSOR,1,UNIFIED,"t=173 [HELLO_TX] bat=100% nbr=18"
0010,SENSOR,1,UNIFIED,"t=179 [HELLO_TX] bat=100% nbr=18"
0010,SENSOR,1,UNIFIED,"t=184 [HELLO_TX] bat=100% nbr=18"
0010,SENSOR,1,UNIFIED,"t=192 [HELLO_TX] bat=100% nbr=18"
0010,SENSOR,1,UNIFIED,"t=201 [HELLO_TX] bat=100% nbr=18"
0010,SENSOR,1,UNIFIED,"t=207 [HELLO_TX] bat=100% nbr=18"
0010,SENSOR,1,UNIFIED,"t=216 [HELLO_TX] bat=100% nbr=18"
0010,SENSOR,1,UNIFIED,"t=220 [HELLO_TX] bat=100% nbr=18"
0010,SENSOR,1,UNIFIED,"t=225 [HELLO_RX] NEW 003F tier=1(UNK) verified=0 rssi=0.3"
0010,SENSOR,1,UNIFIED,"t=228 [HELLO_TX] bat=100% nbr=19"
0010,SENSOR,1,UNIFIED,"t=236 [HELLO_TX] bat=100% nbr=19"
0010,SENSOR,1,UNIFIED,"t=245 [HELLO_TX] bat=100% nbr=19"
0011,SENSOR,1,UNIFIED,"t=4 [HELLO_RX] NEW 0031 tier=1(UNK) verified=0 rssi=0.9"
0011,SENSOR,1,UNIFIED,"t=7 [HELLO_RX] NEW AA04 tier=2(CH) verified=0 rssi=2.2"
0011,SENSOR,1,UNIFIED,"t=8 [HELLO_TX] bat=100% nbr=2"
0011,SENSOR,1,UNIFIED,"t=9 [HELLO_RX] NEW 002E tier=1(UNK) verified=0 rssi=3.5"
0011,SENSOR,1,UNIFIED,"t=10 [HELLO_RX] NEW 0053 tier=1(UNK) verified=0 rssi=6.9"
0011,SENSOR,1,UNIFIED,"t=11 [HELLO_RX] NEW 000A tier=1(UNK) verified=0 rssi=0.5"
0011,SENSOR,1,UNIFIED,"t=12 [HELLO_RX] NEW 0030 tier=1(UNK) verified=0 rssi=0.5"
0011,SENSOR,1,UNIFIED,"t=15 [HELLO_TX] bat=100% nbr=6"
0011,SENSOR,1,UNIFIED,"t=19 [HELLO_TX] bat=100% nbr=6"
0011,SENSOR,1,UNIFIED,"t=24 [HELLO_RX] NEW 001F tier=1(UNK) verified=0 rssi=2.2"
0011,SENSOR,1,UNIFIED,"t=27 [HELLO_TX] bat=100% nbr=7"
0011,SENSOR,1,UNIFIED,"t=32 [HELLO_TX] bat=100% nbr=7"
0011,SENSOR,1,UNIFIED,"t=40 [HELLO_TX] bat=100% nbr=7"
0011,SENSOR,1,UNIFIED,"t=40 [HELLO_RX] NEW AA07 tier=2(CH) verified=0 rssi=0.9"
0011,SENSOR,1,UNIFIED,"t=42 [HELLO_RX] NEW 0009 tier=1(UNK) verified=0 rssi=0.2"
0011,SENSOR,1,UNIFIED,"t=49 [HELLO_TX] bat=100% nbr=9"
0011,SENSOR,1,UNIFIED,"t=53 [HELLO_RX] NEW FF0D tier=3(GWN) verified=0 rssi=0.3"
0011,SENSOR,1,UNIFIED,"t=56 [HELLO_TX] bat=100% nbr=10"
0011,SENSOR,1,UNIFIED,"t=57 [HELLO_RX] NEW 0037 tier=1(UNK) verified=0 rssi=0.4"
0011,SENSOR,1,UNIFIED,"t=63 [HELLO_TX] bat=100% nbr=11"
0011,SENSOR,1,UNIFIED,"t=71 [HELLO_TX] bat=100% nbr=11"
0011,SENSOR,1,UNIFIED,"t=79 [HELLO_TX] bat=100% nbr=11"
0011,SENSOR,1,UNIFIED,"t=87 [HELLO_TX] bat=100% nbr=11"
0011,SENSOR,1,UNIFIED,"t=91 [HELLO_TX] bat=100% nbr=11"
0011,SENSOR,1,UNIFIED,"t=97 [HELLO_TX] bat=100% nbr=11"
0011,SENSOR,1,UNIFIED,"t=107 [HELLO_TX] bat=100% nbr=11"
0011,SENSOR,1,UNIFIED,"t=112 [HELLO_TX] bat=100% nbr=11"
0011,SENSOR,1,UNIFIED,"t=113 [HELLO_RX] NEW 002B tier=1(UNK) verified=0 rssi=0.3"
0011,SENSOR,1,UNIFIED,"t=121 [HELLO_TX] bat=100% nbr=12"
0011,SENSOR,1,UNIFIED,"t=124 [HELLO_RX] NEW 0002 tier=1(UNK) verified=0 rssi=0.2"
0011,SENSOR,1,UNIFIED,"t=128 [HELLO_TX] bat=100% nbr=13"
0011,SENSOR,1,UNIFIED,"t=136 [HELLO_TX] bat=100% nbr=13"
0011,SENSOR,1,UNIFIED,"t=140 [HELLO_RX] NEW FF07 tier=3(GWN) verified=1 rssi=0.3"
0011,SENSOR,1,UNIFIED,"t=141 [HELLO_TX] bat=100% nbr=14"
0011,SENSOR,1,UNIFIED,"t=149 [HELLO_TX] bat=100% nbr=14"
0011,SENSOR,1,UNIFIED,"t=157 [HELLO_TX] bat=100% nbr=14"
0011,SENSOR,1,UNIFIED,"t=165 [HELLO_TX] bat=100% nbr=14"
0011,SENSOR,1,UNIFIED,"t=170 [HELLO_TX] bat=100% nbr=14"
0011,SENSOR,1,UNIFIED,"t=176 [HELLO_TX] bat=100% nbr=14"
0011,SENSOR,1,UNIFIED,"t=184 [HELLO_TX] bat=100% nbr=14"
0011,SENSOR,1,UNIFIED,"t=191 [HELLO_TX] bat=100% nbr=14"
0011,SENSOR,1,UNIFIED,"t=201 [HELLO_TX] bat=100% nbr=14"
0011,SENSOR,1,UNIFIED,"t=205 [HELLO_TX] bat=100% nbr=14"
0011,SENSOR,1,UNIFIED,"t=209 [HELLO_TX] bat=100% nbr=14"
0011,SENSOR,1,UNIFIED,"t=215 [HELLO_TX] bat=100% nbr=14"
0011,SENSOR,1,UNIFIED,"t=221 [HELLO_TX] bat=100% nbr=14"
0011,SENSOR,1,UNIFIED,"t=231 [HELLO_TX] bat=100% nbr=14"
0011,SENSOR,1,UNIFIED,"t=238 [HELLO_TX] bat=100% nbr=14"
0011,SENSOR,1,UNIFIED,"t=245 [HELLO_TX] bat=100% nbr=14"
0012,SENSOR,1,UNIFIED,"t=4 [HELLO_RX] NEW 0021 tier=1(UNK) verified=0 rssi=1.6"
0012,SENSOR,1,UNIFIED,"t=5 [HELLO_RX] NEW AA05 tier=2(CH) verified=0 rssi=3.1"
0012,SENSOR,1,UNIFIED,"t=6 [HELLO_TX] bat=100% nbr=2"
0012,SENSOR,1,UNIFIED,"t=6 [HELLO_RX] NEW 0005 tier=1(UNK) verified=0 rssi=1.3"
0012,SENSOR,1,UNIFIED,"t=7 [HELLO_RX] NEW AA0C tier=2(CH) verified=0 rssi=0.4"
0012,SENSOR,1,UNIFIED,"t=8 [HELLO_RX] NEW 001E tier=1(UNK) verified=0 rssi=0.8"
0012,SENSOR,1,UNIFIED,"t=9 [HELLO_RX] NEW 0064 tier=1(UNK) verified=0 rssi=3.5"
0012,SENSOR,1,UNIFIED,"t=10 [HELLO_RX] NEW FF02 tier=3(GWN) verified=0 rssi=2.3"
0012,SENSOR,1,UNIFIED,"t=11 [HELLO_RX] NEW 0026 tier=1(UNK) verified=0 rssi=0.5"
0012,SENSOR,1,UNIFIED,"t=13 [HELLO_TX] bat=100% nbr=8"
0012,SENSOR,1,UNIFIED,"t=15 [HELLO_RX] NEW FF03 tier=3(GWN) verified=0 rssi=1.1"
0012,SENSOR,1,UNIFIED,"t=20 [HELLO_TX] bat=100% nbr=9"
0012,SENSOR,1,UNIFIED,"t=27 [HELLO_TX] bat=100% nbr=9"
0012,SENSOR,1,UNIFIED,"t=31 [HELLO_TX] bat=100% nbr=9"
0012,SENSOR,1,UNIFIED,"t=36 [HELLO_TX] bat=100% nbr=9"
0012,SENSOR,1,UNIFIED,"t=40 [HELLO_RX] NEW 0061 tier=1(UNK) verified=0 rssi=0.8"
0012,SENSOR,1,UNIFIED,"t=41 [HELLO_TX] bat=100% nbr=10"
0012,SENSOR,1,UNIFIED,"t=44 [HELLO_RX] NEW 002F tier=1(UNK) verified=0 rssi=0.3"
0012,SENSOR,1,UNIFIED,"t=45 [HELLO_TX] bat=100% nbr=11"
0012,SENSOR,1,UNIFIED,"t=46 [HELLO_RX] NEW FF09 tier=3(GWN) verified=0 rssi=0.2"
0012,SENSOR,1,UNIFIED,"t=52 [HELLO_TX] bat=100% nbr=12"
0012,SENSOR,1,UNIFIED,"t=61 [HELLO_TX] bat=100% nbr=12"
0012,SENSOR,1,UNIFIED,"t=63 [HELLO_RX] NEW FF04 tier=3(GWN) verified=0 rssi=0.7"
0012,SENSOR,1,UNIFIED,"t=65 [HELLO_TX] bat=100% nbr=13"
0012,SENSOR,1,UNIFIED,"t=66 [HELLO_RX] NEW 0060 tier=1(UNK) verified=0 rssi=0.4"
0012,SENSOR,1,UNIFIED,"t=73 [HELLO_TX] bat=100% nbr=14"
0012,SENSOR,1,UNIFIED,"t=75 [HELLO_RX] NEW AA0B tier=2(CH) verified=0 rssi=0.2"
0012,SENSOR,1,UNIFIED,"t=78 [HELLO_TX] bat=100% nbr=15"
0012,SENSOR,1,UNIFIED,"t=83 [HELLO_RX] NEW AA03 tier=2(CH) verified=0 rssi=0.5"
0012,SENSOR,1,UNIFIED,"t=87 [HELLO_TX] bat=100% nbr=16"
0012,SENSOR,1,UNIFIED,"t=91 [HELLO_RX] NEW 0027 tier=1(UNK) verified=0 rssi=0.3"
0012,SENSOR,1,UNIFIED,"t=97 [HELLO_TX] bat=100% nbr=17"
0012,SENSOR,1,UNIFIED,"t=107 [HELLO_TX] bat=100% nbr=17"
0012,SENSOR,1,UNIFIED,"t=112 [HELLO_TX] bat=100% nbr=17"
0012,SENSOR,1,UNIFIED,"t=122 [HELLO_TX] bat=100% nbr=17"
0012,SENSOR,1,UNIFIED,"t=131 [HELLO_TX] bat=100% nbr=17"
0012,SENSOR,1,UNIFIED,"t=141 [HELLO_TX] bat=100% nbr=17"
0012,SENSOR,1,UNIFIED,"t=142 [HELLO_RX] NEW 0008 tier=1(UNK) verified=0 rssi=0.3"
0012,SENSOR,1,UNIFIED,"t=146 [HELLO_TX] bat=100% nbr=18"
0012,SENSOR,1,UNIFIED,"t=151 [HELLO_TX] bat=100% nbr=18"
0012,SENSOR,1,UNIFIED,"t=156 [HELLO_TX] bat=100% nbr=18"
0012,SENSOR,1,UNIFIED,"t=165 [HELLO_TX] bat=100% nbr=18"
0012,SENSOR,1,UNIFIED,"t=175 [HELLO_TX] bat=100% nbr=18"
0012,SENSOR,1,UNIFIED,"t=181 [HELLO_TX] bat=100% nbr=18"
0012,SENSOR,1,UNIFIED,"t=190 [HELLO_TX] bat=100% nbr=18"
0012,SENSOR,1,UNIFIED,"t=196 [HELLO_TX] bat=100% nbr=18"
0012,SENSOR,1,UNIFIED,"t=204 [HELLO_TX] bat=100% nbr=18"
0012,SENSOR,1,UNIFIED,"t=212 [HELLO_TX] bat=100% nbr=18"
0012,SENSOR,1,UNIFIED,"t=220 [HELLO_TX] bat=100% nbr=18"
0012,SENSOR,1,UNIFIED,"t=225 [HELLO_TX] bat=100% nbr=18"
0012,SENSOR,1,UNIFIED,"t=230 [HELLO_TX] bat=100% nbr=18"
0012,SENSOR,1,UNIFIED,"t=238 [HELLO_TX] bat=100% nbr=18"
0012,SENSOR,1,UNIFIED,"t=244 [HELLO_RX] NEW 0059 tier=1(UNK) verified=0 rssi=0.2"
0012,SENSOR,1,UNIFIED,"t=245 [HELLO_RX] NEW FF06 tier=3(GWN) verified=1 rssi=0.1"
0012,SENSOR,1,UNIFIED,"t=247 [HELLO_TX] bat=100% nbr=20"
0013,SENSOR,1,UNIFIED,"t=4 [HELLO_RX] NEW 0036 tier=1(UNK) verified=0 rssi=7.2"
0013,SENSOR,1,UNIFIED,"t=5 [HELLO_RX] NEW FF01 tier=3(GWN) verified=0 rssi=1.0"
0013,SENSOR,1,UNIFIED,"t=6 [HELLO_RX] NEW 0035 tier=1(UNK) verified=0 rssi=13.8"
0013,SENSOR,1,UNIFIED,"t=7 [HELLO_TX] bat=100% nbr=3"
0013,SENSOR,1,UNIFIED,"t=9 [HELLO_RX] NEW AA02 tier=2(CH) verified=0 rssi=1.2"
0013,SENSOR,1,UNIFIED,"t=10 [HELLO_RX] NEW FF05 tier=3(GWN) verified=0 rssi=0.2"
0013,SENSOR,1,UNIFIED,"t=11 [HELLO_RX] NEW 0023 tier=1(UNK) verified=0 rssi=0.3"
0013,SENSOR,1,UNIFIED,"t=15 [HELLO_TX] bat=100% nbr=6"
0013,SENSOR,1,UNIFIED,"t=15 [HELLO_RX] NEW 0025 tier=1(UNK) verified=0 rssi=1.0"
0013,SENSOR,1,UNIFIED,"t=18 [HELLO_RX] NEW FF0E tier=3(GWN) verified=0 rssi=0.2"
0013,SENSOR,1,UNIFIED,"t=19 [HELLO_RX] NEW 001B tier=1(UNK) verified=0 rssi=0.6"
0013,SENSOR,1,UNIFIED,"t=20 [HELLO_TX] bat=100% nbr=9"
0013,SENSOR,1,UNIFIED,"t=20 [HELLO_RX] NEW 005C tier=1(UNK) verified=0 rssi=0.4"
0013,SENSOR,1,UNIFIED,"t=21 [HELLO_RX] NEW 004F tier=1(UNK) verified=0 rssi=0.5"
0013,SENSOR,1,UNIFIED,"t=27 [HELLO_TX] bat=100% nbr=11"
0013,SENSOR,1,UNIFIED,"t=30 [HELLO_RX] NEW 000B tier=1(UNK) verified=0 rssi=0.2"
0013,SENSOR,1,UNIFIED,"t=35 [HELLO_TX] bat=100% nbr=12"
0013,SENSOR,1,UNIFIED,"t=35 [HELLO_RX] NEW 0024 tier=1(UNK) verified=0 rssi=0.3"
0013,SENSOR,1,UNIFIED,"t=40 [HELLO_TX] bat=100% nbr=13"
0013,SENSOR,1,UNIFIED,"t=40 [HELLO_RX] NEW 0052 tier=1(UNK) verified=0 rssi=0.2"
0013,SENSOR,1,UNIFIED,"t=41 [HELLO_RX] NEW 002A tier=1(UNK) verified=0 rssi=0.4"
0013,SENSOR,1,UNIFIED,"t=48 [HELLO_TX] bat=100% nbr=15"
0013,SENSOR,1,UNIFIED,"t=48 [HELLO_RX] NEW 000E tier=1(UNK) verified=0 rssi=0.4"
0013,SENSOR,1,UNIFIED,"t=54 [HELLO_TX] bat=100% nbr=16"
0013,SENSOR,1,UNIFIED,"t=54 [HELLO_RX] NEW FF0B tier=3(GWN) verified=0 rssi=0.2"
0013,SENSOR,1,UNIFIED,"t=63 [HELLO_RX] NEW 0034 tier=1(UNK) verified=0 rssi=0.2"
0013,SENSOR,1,UNIFIED,"t=64 [HELLO_TX] bat=100% nbr=18"
0013,SENSOR,1,UNIFIED,"t=69 [HELLO_TX] bat=100% nbr=18"
0013,SENSOR,1,UNIFIED,"t=79 [HELLO_TX] bat=100% nbr=18"
0013,SENSOR,1,UNIFIED,"t=87 [HELLO_RX] NEW 003A tier=1(UNK) verified=0 rssi=0.2"
0013,SENSOR,1,UNIFIED,"t=88 [HELLO_TX] bat=100% nbr=19"
0013,SENSOR,1,UNIFIED,"t=92 [HELLO_TX] bat=100% nbr=19"
0013,SENSOR,1,UNIFIED,"t=98 [HELLO_TX] bat=100% nbr=19"
0013,SENSOR,1,UNIFIED,"t=105 [HELLO_TX] bat=100% nbr=19"
0013,SENSOR,1,UNIFIED,"t=109 [HELLO_TX] bat=100% nbr=19"
0013,SENSOR,1,UNIFIED,"t=114 [HELLO_TX] bat=100% nbr=19"
0013,SENSOR,1,UNIFIED,"t=122 [HELLO_TX] bat=100% nbr=19"
0013,SENSOR,1,UNIFIED,"t=127 [HELLO_TX] bat=100% nbr=19"
0013,SENSOR,1,UNIFIED,"t=134 [HELLO_TX] bat=100% nbr=19"
0013,SENSOR,1,UNIFIED,"t=144 [HELLO_TX] bat=100% nbr=19"
0013,SENSOR,1,UNIFIED,"t=146 [HELLO_RX] NEW AA0A tier=2(CH) verified=0 rssi=0.3"
0013,SENSOR,1,UNIFIED,"t=148 [HELLO_TX] bat=100% nbr=20"
0013,SENSOR,1,UNIFIED,"t=152 [HELLO_TX] bat=100% nbr=20"
0013,SENSOR,1,UNIFIED,"t=157 [HELLO_TX] bat=100% nbr=20"
0013,SENSOR,1,UNIFIED,"t=161 [HELLO_TX] bat=100% nbr=20"
0013,SENSOR,1,UNIFIED,"t=169 [HELLO_TX] bat=100% nbr=20"
0013,SENSOR,1,UNIFIED,"t=174 [HELLO_TX] bat=100% nbr=20"
0013,SENSOR,1,UNIFIED,"t=176 [HELLO_RX] NEW FF0C tier=3(GWN) verified=1 rssi=0.3"
0013,SENSOR,1,UNIFIED,"t=184 [HELLO_TX] bat=100% nbr=21"
0013,SENSOR,1,UNIFIED,"t=192 [HELLO_TX] bat=100% nbr=21"
0013,SENSOR,1,UNIFIED,"t=199 [HELLO_TX] bat=100% nbr=21"
0013,SENSOR,1,UNIFIED,"t=207 [HELLO_TX] bat=100% nbr=21"
0013,SENSOR,1,UNIFIED,"t=217 [HELLO_TX] bat=100% nbr=21"
0013,SENSOR,1,UNIFIED,"t=217 [HELLO_RX] NEW AA08 tier=2(CH) verified=0 rssi=0.2"
0013,SENSOR,1,UNIFIED,"t=226 [HELLO_TX] bat=100% nbr=22"
0013,SENSOR,1,UNIFIED,"t=233 [HELLO_TX] bat=100% nbr=22"
0013,SENSOR,1,UNIFIED,"t=242 [HELLO_TX] bat=100% nbr=22"
0014,SENSOR,1,UNIFIED,"t=4 [HELLO_TX] bat=100% nbr=0"
0014,SENSOR,1,UNIFIED,"t=4 [HELLO_RX] NEW 001C tier=1(UNK) verified=0 rssi=102.2"
0014,SENSOR,1,UNIFIED,"t=5 [HELLO_RX] NEW 0063 tier=1(UNK) verified=0 rssi=0.2"
0014,SENSOR,1,UNIFIED,"t=6 [HELLO_RX] NEW AA09 tier=2(CH) verified=0 rssi=11.0"
0014,SENSOR,1,UNIFIED,"t=8 [HELLO_RX] NEW 0019 tier=1(UNK) verified=0 rssi=0.4"
0014,SENSOR,1,UNIFIED,"t=10 [HELLO_RX] NEW 0016 tier=1(UNK) verified=0 rssi=1.0"
0014,SENSOR,1,UNIFIED,"t=12 [HELLO_TX] bat=100% nbr=5"
0014,SENSOR,1,UNIFIED,"t=16 [HELLO_RX] NEW 004D tier=1(UNK) verified=0 rssi=7.0"
0014,SENSOR,1,UNIFIED,"t=19 [HELLO_RX] NEW 0058 tier=1(UNK) verified=0 rssi=0.7"
0014,SENSOR,1,UNIFIED,"t=20 [HELLO_TX] bat=100% nbr=7"
0014,SENSOR,1,UNIFIED,"t=24 [HELLO_RX] NEW 002D tier=1(UNK) verified=0 rssi=35.3"
0014,SENSOR,1,UNIFIED,"t=28 [HELLO_TX] bat=100% nbr=8"
0014,SENSOR,1,UNIFIED,"t=32 [HELLO_TX] bat=100% nbr=8"
0014,SENSOR,1,UNIFIED,"t=33 [HELLO_RX] NEW FF06 tier=3(GWN) verified=0 rssi=1.9"
0014,SENSOR,1,UNIFIED,"t=40 [HELLO_TX] bat=100% nbr=9"
0014,SENSOR,1,UNIFIED,"t=43 [HELLO_RX] NEW 0001 tier=1(UNK) verified=0 rssi=0.2"
0014,SENSOR,1,UNIFIED,"t=47 [HELLO_TX] bat=100% nbr=10"
0014,SENSOR,1,UNIFIED,"t=57 [HELLO_TX] bat=100% nbr=10"
0014,SENSOR,1,UNIFIED,"t=64 [HELLO_TX] bat=100% nbr=10"
0014,SENSOR,1,UNIFIED,"t=71 [HELLO_TX] bat=100% nbr=10"
0014,SENSOR,1,UNIFIED,"t=75 [HELLO_TX] bat=100% nbr=10"
0014,SENSOR,1,UNIFIED,"t=76 [HELLO_RX] NEW AA01 tier=2(CH) verified=0 rssi=0.4"
0014,SENSOR,1,UNIFIED,"t=83 [HELLO_TX] bat=100% nbr=11"
0014,SENSOR,1,UNIFIED,"t=83 [HELLO_RX] NEW FF09 tier=3(GWN) verified=0 rssi=0.6"
0014,SENSOR,1,UNIFIED,"t=89 [HELLO_TX] bat=100% nbr=12"
0014,SENSOR,1,UNIFIED,"t=94 [HELLO_RX] NEW 000C tier=1(UNK) verified=0 rssi=0.3"
0014,SENSOR,1,UNIFIED,"t=98 [HELLO_TX] bat=100% nbr=13"
0014,SENSOR,1,UNIFIED,"t=105 [HELLO_TX] bat=100% nbr=13"
0014,SENSOR,1,UNIFIED,"t=111 [HELLO_TX] bat=100% nbr=13"
0014,SENSOR,1,UNIFIED,"t=121 [HELLO_TX] bat=100% nbr=13"
0014,SENSOR,1,UNIFIED,"t=130 [HELLO_TX] bat=100% nbr=13"
0014,SENSOR,1,UNIFIED,"t=136 [HELLO_RX] NEW 0006 tier=1(UNK) verified=0 rssi=0.2"
0014,SENSOR,1,UNIFIED,"t=138 [HELLO_TX] bat=100% nbr=14"
0014,SENSOR,1,UNIFIED,"t=145 [HELLO_TX] bat=100% nbr=14"
0014,SENSOR,1,UNIFIED,"t=153 [HELLO_TX] bat=100% nbr=14"
0014,SENSOR,1,UNIFIED,"t=159 [HELLO_TX] bat=100% nbr=14"
0014,SENSOR,1,UNIFIED,"t=169 [HELLO_TX] bat=100% nbr=14"
0014,SENSOR,1,UNIFIED,"t=174 [HELLO_TX] bat=100% nbr=14"
0014,SENSOR,1,UNIFIED,"t=182 [HELLO_TX] bat=100% nbr=14"
0014,SENSOR,1,UNIFIED,"t=190 [HELLO_TX] bat=100% nbr=14"
0014,SENSOR,1,UNIFIED,"t=199 [HELLO_TX] bat=100% nbr=14"
0014,SENSOR,1,UNIFIED,"t=206 [HELLO_TX] bat=100% nbr=14"
0014,SENSOR,1,UNIFIED,"t=213 [HELLO_TX] bat=100% nbr=14"
0014,SENSOR,1,UNIFIED,"t=220 [HELLO_RX] NEW 0048 tier=1(UNK) verified=0 rssi=0.2"
0014,SENSOR,1,UNIFIED,"t=222 [HELLO_TX] bat=100% nbr=15"
0014,SENSOR,1,UNIFIED,"t=231 [HELLO_TX] bat=100% nbr=15"
0014,SENSOR,1,UNIFIED,"t=241 [HELLO_TX] bat=100% nbr=15"
0014,SENSOR,1,UNIFIED,"t=248 [HELLO_TX] bat=100% nbr=15"
0015,SENSOR,1,UNIFIED,"t=4 [HELLO_RX] NEW FF0C tier=3(GWN) verified=0 rssi=0.7"
0015,SENSOR,1,UNIFIED,"t=5 [HELLO_RX] NEW AA0A tier=2(CH) verified=0 rssi=0.8"
0015,SENSOR,1,UNIFIED,"t=6 [HELLO_TX] bat=100% nbr=2"
0015,SENSOR,1,UNIFIED,"t=6 [HELLO_RX] NEW AA06 tier=2(CH) verified=0 rssi=1.0"
0015,SENSOR,1,UNIFIED,"t=7 [HELLO_RX] NEW 004E tier=1(UNK) verified=0 rssi=0.6"
0015,SENSOR,1,UNIFIED,"t=8 [HELLO_RX] NEW FF08 tier=3(GWN) verified=0 rssi=17.2"
0015,SENSOR,1,UNIFIED,"t=10 [HELLO_RX] NEW FF05 tier=3(GWN) verified=0 rssi=5.1"
0015,SENSOR,1,UNIFIED,"t=12 [HELLO_TX] bat=100% nbr=6"
0015,SENSOR,1,UNIFIED,"t=20 [HELLO_TX] bat=100% nbr=6"
0015,SENSOR,1,UNIFIED,"t=22 [HELLO_RX] NEW 0024 tier=1(UNK) verified=0 rssi=0.3"
0015,SENSOR,1,UNIFIED,"t=26 [HELLO_RX] NEW 000D tier=1(UNK) verified=0 rssi=1.3"
0015,SENSOR,1,UNIFIED,"t=30 [HELLO_TX] bat=100% nbr=8"
0015,SENSOR,1,UNIFIED,"t=31 [HELLO_RX] NEW 002A tier=1(UNK) verified=0 rssi=0.2"
0015,SENSOR,1,UNIFIED,"t=36 [HELLO_RX] NEW FF0E tier=3(GWN) verified=1 rssi=0.4"
0015,SENSOR,1,UNIFIED,"t=37 [HELLO_TX] bat=100% nbr=10"
0015,SENSOR,1,UNIFIED,"t=40 [HELLO_RX] NEW 0052 tier=1(UNK) verified=0 rssi=0.2"
0015,SENSOR,1,UNIFIED,"t=43 [HELLO_RX] NEW 0050 tier=1(UNK) verified=0 rssi=0.3"
0015,SENSOR,1,UNIFIED,"t=44 [HELLO_TX] bat=100% nbr=12"
0015,SENSOR,1,UNIFIED,"t=54 [HELLO_TX] bat=100% nbr=12"
0015,SENSOR,1,UNIFIED,"t=60 [HELLO_TX] bat=100% nbr=12"
0015,SENSOR,1,UNIFIED,"t=63 [HELLO_RX] NEW 0039 tier=1(UNK) verified=0 rssi=0.2"
0015,SENSOR,1,UNIFIED,"t=64 [HELLO_RX] NEW 004B tier=1(UNK) verified=0 rssi=0.2"
0015,SENSOR,1,UNIFIED,"t=65 [HELLO_TX] bat=100% nbr=14"
0015,SENSOR,1,UNIFIED,"t=66 [HELLO_RX] NEW FF01 tier=3(GWN) verified=1 rssi=0.2"
0015,SENSOR,1,UNIFIED,"t=70 [HELLO_TX] bat=100% nbr=15"
0015,SENSOR,1,UNIFIED,"t=79 [HELLO_TX] bat=100% nbr=15"
0015,SENSOR,1,UNIFIED,"t=83 [HELLO_RX] NEW 005F tier=1(UNK) verified=0 rssi=0.3"
0015,SENSOR,1,UNIFIED,"t=86 [HELLO_TX] bat=100% nbr=16"
0015,SENSOR,1,UNIFIED,"t=91 [HELLO_TX] bat=100% nbr=16"
0015,SENSOR,1,UNIFIED,"t=94 [HELLO_RX] NEW 0049 tier=1(UNK) verified=0 rssi=0.2"
0015,SENSOR,1,UNIFIED,"t=101 [HELLO_TX] bat=100% nbr=17"
0015,SENSOR,1,UNIFIED,"t=102 [HELLO_RX] NEW 001A tier=1(UNK) verified=0 rssi=0.3"
0015,SENSOR,1,UNIFIED,"t=105 [HELLO_TX] bat=100% nbr=18"
0015,SENSOR,1,UNIFIED,"t=110 [HELLO_TX] bat=100% nbr=18"
0015,SENSOR,1,UNIFIED,"t=118 [HELLO_TX] bat=100% nbr=18"
0015,SENSOR,1,UNIFIED,"t=122 [HELLO_RX] NEW 0055 tier=1(UNK) verified=0 rssi=0.2"
0015,SENSOR,1,UNIFIED,"t=128 [HELLO_TX] bat=100% nbr=19"
0015,SENSOR,1,UNIFIED,"t=133 [HELLO_TX] bat=100% nbr=19"
0015,SENSOR,1,UNIFIED,"t=142 [HELLO_TX] bat=100% nbr=19"
0015,SENSOR,1,UNIFIED,"t=147 [HELLO_RX] NEW FF0A tier=3(GWN) verified=1 rssi=0.2"
0015,SENSOR,1,UNIFIED,"t=150 [HELLO_TX] bat=100% nbr=20"
0015,SENSOR,1,UNIFIED,"t=153 [HELLO_RX] NEW 000E tier=1(UNK) verified=0 rssi=0.2"
0015,SENSOR,1,UNIFIED,"t=157 [HELLO_TX] bat=100% nbr=21"
0015,SENSOR,1,UNIFIED,"t=166 [HELLO_TX] bat=100% nbr=21"
0015,SENSOR,1,UNIFIED,"t=174 [HELLO_TX] bat=100% nbr=21"
0015,SENSOR,1,UNIFIED,"t=182 [HELLO_TX] bat=100% nbr=21"
0015,SENSOR,1,UNIFIED,"t=186 [HELLO_TX] bat=100% nbr=21"
0015,SENSOR,1,UNIFIED,"t=195 [HELLO_TX] bat=100% nbr=21"
0015,SENSOR,1,UNIFIED,"t=199 [HELLO_TX] bat=100% nbr=21"
0015,SENSOR,1,UNIFIED,"t=206 [HELLO_TX] bat=100% nbr=21"
0015,SENSOR,1,UNIFIED,"t=207 [HELLO_RX] NEW 0034 tier=1(UNK) verified=0 rssi=0.2"
0015,SENSOR,1,UNIFIED,"t=215 [HELLO_TX] bat=100% nbr=22"
0015,SENSOR,1,UNIFIED,"t=225 [HELLO_TX] bat=100% nbr=22"
0015,SENSOR,1,UNIFIED,"t=234 [HELLO_TX] bat=100% nbr=22"
0015,SENSOR,1,UNIFIED,"t=241 [HELLO_TX] bat=100% nbr=22"
0015,SENSOR,1,UNIFIED,"t=247 [HELLO_TX] bat=100% nbr=22"
0016,SENSOR,1,UNIFIED,"t=4 [HELLO_RX] NEW 0058 tier=1(UNK) verified=0 rssi=9.9"
0016,SENSOR,1,UNIFIED,"t=5 [HELLO_RX] NEW 0063 tier=1(UNK) verified=0 rssi=1.3"
0016,SENSOR,1,UNIFIED,"t=6 [HELLO_RX] NEW AA09 tier=2(CH) verified=0 rssi=3.3"
0016,SENSOR,1,UNIFIED,"t=8 [HELLO_RX] NEW 0019 tier=1(UNK) verified=0 rssi=4.0"
0016,SENSOR,1,UNIFIED,"t=10 [HELLO_TX] bat=100% nbr=4"
0016,SENSOR,1,UNIFIED,"t=14 [HELLO_TX] bat=100% nbr=4"
0016,SENSOR,1,UNIFIED,"t=14 [HELLO_RX] NEW 001C tier=1(UNK) verified=0 rssi=1.0"
0016,SENSOR,1,UNIFIED,"t=15 [HELLO_RX] NEW 0043 tier=1(UNK) verified=0 rssi=0.3"
0016,SENSOR,1,UNIFIED,"t=16 [HELLO_RX] NEW 004D tier=1(UNK) verified=0 rssi=1.7"
0016,SENSOR,1,UNIFIED,"t=20 [HELLO_TX] bat=100% nbr=7"
0016,SENSOR,1,UNIFIED,"t=27 [HELLO_TX] bat=100% nbr=7"
0016,SENSOR,1,UNIFIED,"t=28 [HELLO_RX] NEW 0014 tier=1(UNK) verified=0 rssi=1.0"
0016,SENSOR,1,UNIFIED,"t=33 [HELLO_RX] NEW FF06 tier=3(GWN) verified=0 rssi=0.6"
0016,SENSOR,1,UNIFIED,"t=34 [HELLO_TX] bat=100% nbr=9"
0016,SENSOR,1,UNIFIED,"t=37 [HELLO_RX] NEW 002D tier=1(UNK) verified=0 rssi=0.8"
0016,SENSOR,1,UNIFIED,"t=40 [HELLO_TX] bat=100% nbr=10"
0016,SENSOR,1,UNIFIED,"t=50 [HELLO_TX] bat=100% nbr=10"
0016,SENSOR,1,UNIFIED,"t=60 [HELLO_TX] bat=100% nbr=10"
0016,SENSOR,1,UNIFIED,"t=60 [HELLO_RX] NEW 0001 tier=1(UNK) verified=0 rssi=0.4"
0016,SENSOR,1,UNIFIED,"t=69 [HELLO_TX] bat=100% nbr=11"
0016,SENSOR,1,UNIFIED,"t=78 [HELLO_TX] bat=100% nbr=11"
0016,SENSOR,1,UNIFIED,"t=87 [HELLO_TX] bat=100% nbr=11"
0016,SENSOR,1,UNIFIED,"t=93 [HELLO_TX] bat=100% nbr=11"
0016,SENSOR,1,UNIFIED,"t=96 [HELLO_RX] NEW 0028 tier=1(UNK) verified=0 rssi=0.2"
0016,SENSOR,1,UNIFIED,"t=97 [HELLO_TX] bat=100% nbr=12"
0016,SENSOR,1,UNIFIED,"t=102 [HELLO_TX] bat=100% nbr=12"
0016,SENSOR,1,UNIFIED,"t=107 [HELLO_TX] bat=100% nbr=12"
0016,SENSOR,1,UNIFIED,"t=114 [HELLO_RX] NEW FF02 tier=3(GWN) verified=1 rssi=0.1"
0016,SENSOR,1,UNIFIED,"t=116 [HELLO_TX] bat=100% nbr=13"
0016,SENSOR,1,UNIFIED,"t=125 [HELLO_TX] bat=100% nbr=13"
0016,SENSOR,1,UNIFIED,"t=127 [HELLO_RX] NEW 0006 tier=1(UNK) verified=0 rssi=0.2"
0016,SENSOR,1,UNIFIED,"t=128 [HELLO_RX] NEW FF09 tier=3(GWN) verified=1 rssi=0.4"
0016,SENSOR,1,UNIFIED,"t=135 [HELLO_TX] bat=100% nbr=15"
0016,SENSOR,1,UNIFIED,"t=139 [HELLO_TX] bat=100% nbr=15"
0016,SENSOR,1,UNIFIED,"t=148 [HELLO_TX] bat=100% nbr=15"
0016,SENSOR,1,UNIFIED,"t=150 [HELLO_RX] NEW AA01 tier=2(CH) verified=0 rssi=0.2"
0016,SENSOR,1,UNIFIED,"t=154 [HELLO_TX] bat=100% nbr=16"
0016,SENSOR,1,UNIFIED,"t=157 [HELLO_RX] NEW 0062 tier=1(UNK) verified=0 rssi=0.2"
0016,SENSOR,1,UNIFIED,"t=159 [HELLO_TX] bat=100% nbr=17"
0016,SENSOR,1,UNIFIED,"t=168 [HELLO_TX] bat=100% nbr=17"
0016,SENSOR,1,UNIFIED,"t=176 [HELLO_TX] bat=100% nbr=17"
0016,SENSOR,1,UNIFIED,"t=186 [HELLO_TX] bat=100% nbr=17"
0016,SENSOR,1,UNIFIED,"t=194 [HELLO_TX] bat=100% nbr=17"
0016,SENSOR,1,UNIFIED,"t=200 [HELLO_TX] bat=100% nbr=17"
0016,SENSOR,1,UNIFIED,"t=207 [HELLO_TX] bat=100% nbr=17"
0016,SENSOR,1,UNIFIED,"t=212 [HELLO_TX] bat=100% nbr=17"
0016,SENSOR,1,UNIFIED,"t=222 [HELLO_TX] bat=100% nbr=17"
0016,SENSOR,1,UNIFIED,"t=232 [HELLO_TX] bat=100% nbr=17"
0016,SENSOR,1,UNIFIED,"t=241 [HELLO_TX] bat=100% nbr=17"
0017,SENSOR,1,UNIFIED,"t=4 [HELLO_RX] NEW 003E tier=1(UNK) verified=0 rssi=0.2"
0017,SENSOR,1,UNIFIED,"t=6 [HELLO_RX] NEW 000A tier=1(UNK) verified=0 rssi=0.3"
0017,SENSOR,1,UNIFIED,"t=7 [HELLO_RX] NEW AA0B tier=2(CH) verified=0 rssi=0.3"
0017,SENSOR,1,UNIFIED,"t=9 [HELLO_TX] bat=100% nbr=3"
0017,SENSOR,1,UNIFIED,"t=9 [HELLO_RX] NEW 0047 tier=1(UNK) verified=0 rssi=0.2"
0017,SENSOR,1,UNIFIED,"t=10 [HELLO_RX] NEW 0059 tier=1(UNK) verified=0 rssi=0.2"
0017,SENSOR,1,UNIFIED,"t=13 [HELLO_RX] NEW 002B tier=1(UNK) verified=0 rssi=0.5"
0017,SENSOR,1,UNIFIED,"t=14 [HELLO_RX] NEW AA0C tier=2(CH) verified=0 rssi=0.4"
0017,SENSOR,1,UNIFIED,"t=15 [HELLO_TX] bat=100% nbr=7"
0017,SENSOR,1,UNIFIED,"t=15 [HELLO_RX] NEW 0009 tier=1(UNK) verified=0 rssi=1.8"
0017,SENSOR,1,UNIFIED,"t=21 [HELLO_RX] NEW AA04 tier=2(CH) verified=0 rssi=0.2"
0017,SENSOR,1,UNIFIED,"t=22 [HELLO_TX] bat=100% nbr=9"
0017,SENSOR,1,UNIFIED,"t=22 [HELLO_RX] NEW 0041 tier=1(UNK) verified=0 rssi=0.4"
0017,SENSOR,1,UNIFIED,"t=23 [HELLO_RX] NEW 005A tier=1(UNK) verified=0 rssi=0.3"
0017,SENSOR,1,UNIFIED,"t=29 [HELLO_RX] NEW 003F tier=1(UNK) verified=0 rssi=0.3"
0017,SENSOR,1,UNIFIED,"t=30 [HELLO_TX] bat=100% nbr=12"
0017,SENSOR,1,UNIFIED,"t=30 [HELLO_RX] NEW 0010 tier=1(UNK) verified=0 rssi=0.2"
0017,SENSOR,1,UNIFIED,"t=31 [HELLO_RX] NEW 0044 tier=1(UNK) verified=0 rssi=0.4"
0017,SENSOR,1,UNIFIED,"t=36 [HELLO_TX] bat=100% nbr=14"
0017,SENSOR,1,UNIFIED,"t=43 [HELLO_TX] bat=100% nbr=14"
0017,SENSOR,1,UNIFIED,"t=52 [HELLO_RX] NEW 0042 tier=1(UNK) verified=0 rssi=0.3"
0017,SENSOR,1,UNIFIED,"t=53 [HELLO_TX] bat=100% nbr=15"
0017,SENSOR,1,UNIFIED,"t=59 [HELLO_TX] bat=100% nbr=15"
0017,SENSOR,1,UNIFIED,"t=66 [HELLO_TX] bat=100% nbr=15"
0017,SENSOR,1,UNIFIED,"t=69 [HELLO_RX] NEW 005D tier=1(UNK) verified=0 rssi=0.2"
0017,SENSOR,1,UNIFIED,"t=75 [HELLO_RX] NEW AA03 tier=2(CH) verified=0 rssi=0.3"
0017,SENSOR,1,UNIFIED,"t=76 [HELLO_TX] bat=100% nbr=17"
0017,SENSOR,1,UNIFIED,"t=84 [HELLO_TX] bat=100% nbr=17"
0017,SENSOR,1,UNIFIED,"t=88 [HELLO_TX] bat=100% nbr=17"
0017,SENSOR,1,UNIFIED,"t=92 [HELLO_TX] bat=100% nbr=17"
0017,SENSOR,1,UNIFIED,"t=99 [HELLO_TX] bat=100% nbr=17"
0017,SENSOR,1,UNIFIED,"t=106 [HELLO_TX] bat=100% nbr=17"
0017,SENSOR,1,UNIFIED,"t=115 [HELLO_TX] bat=100% nbr=17"
0017,SENSOR,1,UNIFIED,"t=123 [HELLO_TX] bat=100% nbr=17"
0017,SENSOR,1,UNIFIED,"t=127 [HELLO_TX] bat=100% nbr=17"
0017,SENSOR,1,UNIFIED,"t=133 [HELLO_TX] bat=100% nbr=17"
0017,SENSOR,1,UNIFIED,"t=139 [HELLO_TX] bat=100% nbr=17"
0017,SENSOR,1,UNIFIED,"t=149 [HELLO_TX] bat=100% nbr=17"
0017,SENSOR,1,UNIFIED,"t=153 [HELLO_TX] bat=100% nbr=17"
0017,SENSOR,1,UNIFIED,"t=159 [HELLO_TX] bat=100% nbr=17"
0017,SENSOR,1,UNIFIED,"t=166 [HELLO_TX] bat=100% nbr=17"
0017,SENSOR,1,UNIFIED,"t=175 [HELLO_TX] bat=100% nbr=17"
0017,SENSOR,1,UNIFIED,"t=185 [HELLO_TX] bat=100% nbr=17"
0017,SENSOR,1,UNIFIED,"t=187 [HELLO_RX] NEW FF03 tier=3(GWN) verified=1 rssi=0.1"
0017,SENSOR,1,UNIFIED,"t=191 [HELLO_TX] bat=100% nbr=18"
0017,SENSOR,1,UNIFIED,"t=199 [HELLO_TX] bat=100% nbr=18"
0017,SENSOR,1,UNIFIED,"t=204 [HELLO_TX] bat=100% nbr=18"
0017,SENSOR,1,UNIFIED,"t=211 [HELLO_TX] bat=100% nbr=18"
0017,SENSOR,1,UNIFIED,"t=216 [HELLO_TX] bat=100% nbr=18"
0017,SENSOR,1,UNIFIED,"t=220 [HELLO_TX] bat=100% nbr=18"
0017,SENSOR,1,UNIFIED,"t=229 [HELLO_TX] bat=100% nbr=18"
0017,SENSOR,1,UNIFIED,"t=235 [HELLO_TX] bat=100% nbr=18"
0017,SENSOR,1,UNIFIED,"t=242 [HELLO_TX] bat=100% nbr=18"
0017,SENSOR,1,UNIFIED,"t=246 [HELLO_TX] bat=100% nbr=18"
0018,SENSOR,1,UNIFIED,"t=6 [HELLO_TX] bat=100% nbr=0"
0018,SENSOR,1,UNIFIED,"t=6 [HELLO_RX] NEW FF0D tier=3(GWN) verified=0 rssi=39.8"
0018,SENSOR,1,UNIFIED,"t=7 [HELLO_RX] NEW AA04 tier=2(CH) verified=0 rssi=0.2"
0018,SENSOR,1,UNIFIED,"t=10 [HELLO_RX] NEW FF07 tier=3(GWN) verified=0 rssi=24.6"
0018,SENSOR,1,UNIFIED,"t=14 [HELLO_TX] bat=100% nbr=3"
0018,SENSOR,1,UNIFIED,"t=17 [HELLO_RX] NEW 0045 tier=1(UNK) verified=0 rssi=0.7"
0018,SENSOR,1,UNIFIED,"t=22 [HELLO_TX] bat=100% nbr=4"
0018,SENSOR,1,UNIFIED,"t=26 [HELLO_TX] bat=100% nbr=4"
0018,SENSOR,1,UNIFIED,"t=32 [HELLO_TX] bat=100% nbr=4"
0018,SENSOR,1,UNIFIED,"t=42 [HELLO_TX] bat=100% nbr=4"
0018,SENSOR,1,UNIFIED,"t=49 [HELLO_TX] bat=100% nbr=4"
0018,SENSOR,1,UNIFIED,"t=54 [HELLO_TX] bat=100% nbr=4"
0018,SENSOR,1,UNIFIED,"t=55 [HELLO_RX] NEW 0040 tier=1(UNK) verified=0 rssi=0.2"
0018,SENSOR,1,UNIFIED,"t=60 [HELLO_TX] bat=100% nbr=5"
0018,SENSOR,1,UNIFIED,"t=66 [HELLO_TX] bat=100% nbr=5"
0018,SENSOR,1,UNIFIED,"t=75 [HELLO_TX] bat=100% nbr=5"
0018,SENSOR,1,UNIFIED,"t=83 [HELLO_TX] bat=100% nbr=5"
0018,SENSOR,1,UNIFIED,"t=93 [HELLO_TX] bat=100% nbr=5"
0018,SENSOR,1,UNIFIED,"t=97 [HELLO_TX] bat=100% nbr=5"
0018,SENSOR,1,UNIFIED,"t=102 [HELLO_TX] bat=100% nbr=5"
0018,SENSOR,1,UNIFIED,"t=107 [HELLO_TX] bat=100% nbr=5"
0018,SENSOR,1,UNIFIED,"t=112 [HELLO_TX] bat=100% nbr=5"
0018,SENSOR,1,UNIFIED,"t=120 [HELLO_TX] bat=100% nbr=5"
0018,SENSOR,1,UNIFIED,"t=126 [HELLO_TX] bat=100% nbr=5"
0018,SENSOR,1,UNIFIED,"t=134 [HELLO_TX] bat=100% nbr=5"
0018,SENSOR,1,UNIFIED,"t=144 [HELLO_TX] bat=100% nbr=5"
0018,SENSOR,1,UNIFIED,"t=149 [HELLO_TX] bat=100% nbr=5"
0018,SENSOR,1,UNIFIED,"t=154 [HELLO_TX] bat=100% nbr=5"
0018,SENSOR,1,UNIFIED,"t=164 [HELLO_TX] bat=100% nbr=5"
0018,SENSOR,1,UNIFIED,"t=168 [HELLO_TX] bat=100% nbr=5"
0018,SENSOR,1,UNIFIED,"t=172 [HELLO_TX] bat=100% nbr=5"
0018,SENSOR,1,UNIFIED,"t=176 [HELLO_TX] bat=100% nbr=5"
0018,SENSOR,1,UNIFIED,"t=185 [HELLO_TX] bat=100% nbr=5"
0018,SENSOR,1,UNIFIED,"t=189 [HELLO_TX] bat=100% nbr=5"
0018,SENSOR,1,UNIFIED,"t=195 [HELLO_TX] bat=100% nbr=5"
0018,SENSOR,1,UNIFIED,"t=200 [HELLO_TX] bat=100% nbr=5"
0018,SENSOR,1,UNIFIED,"t=207 [HELLO_TX] bat=100% nbr=5"
0018,SENSOR,1,UNIFIED,"t=216 [HELLO_TX] bat=100% nbr=5"
0018,SENSOR,1,UNIFIED,"t=223 [HELLO_TX] bat=100% nbr=5"
0018,SENSOR,1,UNIFIED,"t=228 [HELLO_TX] bat=100% nbr=5"
0018,SENSOR,1,UNIFIED,"t=238 [HELLO_TX] bat=100% nbr=5"
0018,SENSOR,1,UNIFIED,"t=244 [HELLO_TX] bat=100% nbr=5"
0019,SENSOR,1,UNIFIED,"t=4 [HELLO_RX] NEW 0058 tier=1(UNK) verified=0 rssi=11.6"
0019,SENSOR,1,UNIFIED,"t=5 [HELLO_RX] NEW 0063 tier=1(UNK) verified=0 rssi=13.4"
0019,SENSOR,1,UNIFIED,"t=6 [HELLO_RX] NEW AA09 tier=2(CH) verified=0 rssi=1.5"
0019,SENSOR,1,UNIFIED,"t=8 [HELLO_TX] bat=100% nbr=3"
0019,SENSOR,1,UNIFIED,"t=10 [HELLO_RX] NEW 0016 tier=1(UNK) verified=0 rssi=4.0"
0019,SENSOR,1,UNIFIED,"t=13 [HELLO_RX] NEW 0028 tier=1(UNK) verified=0 rssi=0.5"
0019,SENSOR,1,UNIFIED,"t=15 [HELLO_RX] NEW 0062 tier=1(UNK) verified=0 rssi=0.3"
0019,SENSOR,1,UNIFIED,"t=18 [HELLO_TX] bat=100% nbr=6"
0019,SENSOR,1,UNIFIED,"t=22 [HELLO_TX] bat=100% nbr=6"
0019,SENSOR,1,UNIFIED,"t=22 [HELLO_RX] NEW FF09 tier=3(GWN) verified=0 rssi=0.3"
0019,SENSOR,1,UNIFIED,"t=23 [HELLO_RX] NEW 0056 tier=1(UNK) verified=0 rssi=0.3"
0019,SENSOR,1,UNIFIED,"t=30 [HELLO_TX] bat=100% nbr=8"
0019,SENSOR,1,UNIFIED,"t=33 [HELLO_RX] NEW 0001 tier=1(UNK) verified=0 rssi=0.3"
0019,SENSOR,1,UNIFIED,"t=35 [HELLO_RX] NEW 001C tier=1(UNK) verified=0 rssi=0.4"
0019,SENSOR,1,UNIFIED,"t=36 [HELLO_TX] bat=100% nbr=10"
0019,SENSOR,1,UNIFIED,"t=37 [HELLO_RX] NEW 004D tier=1(UNK) verified=0 rssi=0.5"
0019,SENSOR,1,UNIFIED,"t=38 [HELLO_RX] NEW 0043 tier=1(UNK) verified=0 rssi=0.2"
0019,SENSOR,1,UNIFIED,"t=45 [HELLO_TX] bat=100% nbr=12"
0019,SENSOR,1,UNIFIED,"t=48 [HELLO_RX] NEW 002D tier=1(UNK) verified=0 rssi=0.3"
0019,SENSOR,1,UNIFIED,"t=51 [HELLO_TX] bat=100% nbr=13"
0019,SENSOR,1,UNIFIED,"t=59 [HELLO_TX] bat=100% nbr=13"
0019,SENSOR,1,UNIFIED,"t=62 [HELLO_RX] NEW FF06 tier=3(GWN) verified=0 rssi=0.4"
0019,SENSOR,1,UNIFIED,"t=64 [HELLO_TX] bat=100% nbr=14"
0019,SENSOR,1,UNIFIED,"t=73 [HELLO_TX] bat=100% nbr=14"
0019,SENSOR,1,UNIFIED,"t=83 [HELLO_TX] bat=100% nbr=14"
0019,SENSOR,1,UNIFIED,"t=83 [HELLO_RX] NEW 0014 tier=1(UNK) verified=0 rssi=0.4"
0019,SENSOR,1,UNIFIED,"t=91 [HELLO_TX] bat=100% nbr=15"
0019,SENSOR,1,UNIFIED,"t=99 [HELLO_TX] bat=100% nbr=15"
0019,SENSOR,1,UNIFIED,"t=109 [HELLO_TX] bat=100% nbr=15"
0019,SENSOR,1,UNIFIED,"t=118 [HELLO_TX] bat=100% nbr=15"
0019,SENSOR,1,UNIFIED,"t=125 [HELLO_TX] bat=100% nbr=15"
0019,SENSOR,1,UNIFIED,"t=131 [HELLO_TX] bat=100% nbr=15"
0019,SENSOR,1,UNIFIED,"t=140 [HELLO_TX] bat=100% nbr=15"
0019,SENSOR,1,UNIFIED,"t=144 [HELLO_RX] NEW FF08 tier=3(GWN) verified=1 rssi=0.1"
0019,SENSOR,1,UNIFIED,"t=149 [HELLO_TX] bat=100% nbr=16"
0019,SENSOR,1,UNIFIED,"t=154 [HELLO_TX] bat=100% nbr=16"
0019,SENSOR,1,UNIFIED,"t=163 [HELLO_TX] bat=100% nbr=16"
0019,SENSOR,1,UNIFIED,"t=169 [HELLO_TX] bat=100% nbr=16"
0019,SENSOR,1,UNIFIED,"t=174 [HELLO_TX] bat=100% nbr=16"
0019,SENSOR,1,UNIFIED,"t=182 [HELLO_TX] bat=100% nbr=16"
0019,SENSOR,1,UNIFIED,"t=185 [HELLO_RX] NEW AA01 tier=2(CH) verified=0 rssi=0.2"
0019,SENSOR,1,UNIFIED,"t=188 [HELLO_TX] bat=100% nbr=17"
0019,SENSOR,1,UNIFIED,"t=190 [HELLO_RX] NEW 0029 tier=1(UNK) verified=0 rssi=0.2"
0019,SENSOR,1,UNIFIED,"t=193 [HELLO_TX] bat=100% nbr=18"
0019,SENSOR,1,UNIFIED,"t=197 [HELLO_TX] bat=100% nbr=18"
0019,SENSOR,1,UNIFIED,"t=204 [HELLO_TX] bat=100% nbr=18"
0019,SENSOR,1,UNIFIED,"t=214 [HELLO_TX] bat=100% nbr=18"
0019,SENSOR,1,UNIFIED,"t=222 [HELLO_TX] bat=100% nbr=18"
0019,SENSOR,1,UNIFIED,"t=230 [HELLO_TX] bat=100% nbr=18"
0019,SENSOR,1,UNIFIED,"t=236 [HELLO_TX] bat=100% nbr=18"
0019,SENSOR,1,UNIFIED,"t=240 [HELLO_TX] bat=100% nbr=18"
0019,SENSOR,1,UNIFIED,"t=244 [HELLO_TX] bat=100% nbr=18"
001A,SENSOR,1,UNIFIED,"t=4 [HELLO_TX] bat=100% nbr=0"
001A,SENSOR,1,UNIFIED,"t=4 [HELLO_RX] NEW FF0C tier=3(GWN) verified=0 rssi=39.5"
001A,SENSOR,1,UNIFIED,"t=7 [HELLO_RX] NEW 004E tier=1(UNK) verified=0 rssi=5.2"
001A,SENSOR,1,UNIFIED,"t=8 [HELLO_RX] NEW 000B tier=1(UNK) verified=0 rssi=0.5"
001A,SENSOR,1,UNIFIED,"t=10 [HELLO_RX] NEW FF05 tier=3(GWN) verified=0 rssi=6.1"
001A,SENSOR,1,UNIFIED,"t=12 [HELLO_TX] bat=100% nbr=4"
001A,SENSOR,1,UNIFIED,"t=15 [HELLO_RX] NEW 000D tier=1(UNK) verified=0 rssi=1.0"
001A,SENSOR,1,UNIFIED,"t=18 [HELLO_RX] NEW FF0E tier=3(GWN) verified=0 rssi=4.3"
001A,SENSOR,1,UNIFIED,"t=19 [HELLO_RX] NEW 004A tier=1(UNK) verified=0 rssi=5.3"
001A,SENSOR,1,UNIFIED,"t=20 [HELLO_RX] NEW 0015 tier=1(UNK) verified=0 rssi=0.3"
001A,SENSOR,1,UNIFIED,"t=22 [HELLO_TX] bat=100% nbr=8"
001A,SENSOR,1,UNIFIED,"t=27 [HELLO_RX] NEW 0024 tier=1(UNK) verified=0 rssi=0.4"
001A,SENSOR,1,UNIFIED,"t=29 [HELLO_TX] bat=100% nbr=9"
001A,SENSOR,1,UNIFIED,"t=34 [HELLO_RX] NEW AA0A tier=2(CH) verified=0 rssi=0.3"
001A,SENSOR,1,UNIFIED,"t=37 [HELLO_TX] bat=100% nbr=10"
001A,SENSOR,1,UNIFIED,"t=43 [HELLO_TX] bat=100% nbr=10"
001A,SENSOR,1,UNIFIED,"t=43 [HELLO_RX] NEW 0034 tier=1(UNK) verified=0 rssi=0.8"
001A,SENSOR,1,UNIFIED,"t=49 [HELLO_RX] NEW 003D tier=1(UNK) verified=0 rssi=1.2"
001A,SENSOR,1,UNIFIED,"t=51 [HELLO_TX] bat=100% nbr=12"
001A,SENSOR,1,UNIFIED,"t=60 [HELLO_TX] bat=100% nbr=12"
001A,SENSOR,1,UNIFIED,"t=69 [HELLO_TX] bat=100% nbr=12"
001A,SENSOR,1,UNIFIED,"t=76 [HELLO_TX] bat=100% nbr=12"
001A,SENSOR,1,UNIFIED,"t=78 [HELLO_RX] NEW FF08 tier=3(GWN) verified=1 rssi=0.6"
001A,SENSOR,1,UNIFIED,"t=80 [HELLO_TX] bat=100% nbr=13"
001A,SENSOR,1,UNIFIED,"t=89 [HELLO_TX] bat=100% nbr=13"
001A,SENSOR,1,UNIFIED,"t=93 [HELLO_TX] bat=100% nbr=13"
001A,SENSOR,1,UNIFIED,"t=100 [HELLO_RX] NEW FF01 tier=3(GWN) verified=1 rssi=0.7"
001A,SENSOR,1,UNIFIED,"t=102 [HELLO_TX] bat=100% nbr=14"
001A,SENSOR,1,UNIFIED,"t=108 [HELLO_TX] bat=100% nbr=14"
001A,SENSOR,1,UNIFIED,"t=115 [HELLO_TX] bat=100% nbr=14"
001A,SENSOR,1,UNIFIED,"t=125 [HELLO_TX] bat=100% nbr=14"
001A,SENSOR,1,UNIFIED,"t=134 [HELLO_TX] bat=100% nbr=14"
001A,SENSOR,1,UNIFIED,"t=137 [HELLO_RX] NEW 002A tier=1(UNK) verified=0 rssi=0.2"
001A,SENSOR,1,UNIFIED,"t=144 [HELLO_TX] bat=100% nbr=15"
001A,SENSOR,1,UNIFIED,"t=149 [HELLO_RX] NEW AA06 tier=2(CH) verified=0 rssi=0.2"
001A,SENSOR,1,UNIFIED,"t=154 [HELLO_TX] bat=100% nbr=16"
001A,SENSOR,1,UNIFIED,"t=160 [HELLO_TX] bat=100% nbr=16"
001A,SENSOR,1,UNIFIED,"t=168 [HELLO_TX] bat=100% nbr=16"
001A,SENSOR,1,UNIFIED,"t=172 [HELLO_TX] bat=100% nbr=16"
001A,SENSOR,1,UNIFIED,"t=172 [HELLO_RX] NEW 000E tier=1(UNK) verified=0 rssi=0.2"
001A,SENSOR,1,UNIFIED,"t=180 [HELLO_TX] bat=100% nbr=17"
001A,SENSOR,1,UNIFIED,"t=185 [HELLO_TX] bat=100% nbr=17"
001A,SENSOR,1,UNIFIED,"t=189 [HELLO_TX] bat=100% nbr=17"
001A,SENSOR,1,UNIFIED,"t=198 [HELLO_TX] bat=100% nbr=17"
001A,SENSOR,1,UNIFIED,"t=202 [HELLO_TX] bat=100% nbr=17"
001A,SENSOR,1,UNIFIED,"t=211 [HELLO_TX] bat=100% nbr=17"
001A,SENSOR,1,UNIFIED,"t=220 [HELLO_TX] bat=100% nbr=17"
001A,SENSOR,1,UNIFIED,"t=227 [HELLO_TX] bat=100% nbr=17"
001A,SENSOR,1,UNIFIED,"t=236 [HELLO_TX] bat=100% nbr=17"
001A,SENSOR,1,UNIFIED,"t=244 [HELLO_TX] bat=100% nbr=17"
001B,SENSOR,1,UNIFIED,"t=4 [HELLO_RX] NEW FF0C tier=3(GWN) verified=0 rssi=0.5"
001B,SENSOR,1,UNIFIED,"t=5 [HELLO_RX] NEW FF01 tier=3(GWN) verified=0 rssi=10.5"
001B,SENSOR,1,UNIFIED,"t=6 [HELLO_RX] NEW 0035 tier=1(UNK) verified=0 rssi=0.4"
001B,SENSOR,1,UNIFIED,"t=7 [HELLO_RX] NEW 004F tier=1(UNK) verified=0 rssi=2.8"
001B,SENSOR,1,UNIFIED,"t=9 [HELLO_RX] NEW 005C tier=1(UNK) verified=0 rssi=5.0"
001B,SENSOR,1,UNIFIED,"t=10 [HELLO_TX] bat=100% nbr=5"
001B,SENSOR,1,UNIFIED,"t=10 [HELLO_RX] NEW FF0B tier=3(GWN) verified=0 rssi=0.4"
001B,SENSOR,1,UNIFIED,"t=14 [HELLO_RX] NEW 0036 tier=1(UNK) verified=0 rssi=0.3"
001B,SENSOR,1,UNIFIED,"t=15 [HELLO_RX] NEW 005B tier=1(UNK) verified=0 rssi=0.9"
001B,SENSOR,1,UNIFIED,"t=18 [HELLO_RX] NEW AA02 tier=2(CH) verified=0 rssi=0.4"
001B,SENSOR,1,UNIFIED,"t=19 [HELLO_TX] bat=100% nbr=9"
001B,SENSOR,1,UNIFIED,"t=19 [HELLO_RX] NEW 0034 tier=1(UNK) verified=0 rssi=0.3"
001B,SENSOR,1,UNIFIED,"t=22 [HELLO_RX] NEW 003A tier=1(UNK) verified=0 rssi=1.3"
001B,SENSOR,1,UNIFIED,"t=26 [HELLO_TX] bat=100% nbr=11"
001B,SENSOR,1,UNIFIED,"t=27 [HELLO_RX] NEW 0013 tier=1(UNK) verified=0 rssi=0.6"
001B,SENSOR,1,UNIFIED,"t=31 [HELLO_TX] bat=100% nbr=12"
001B,SENSOR,1,UNIFIED,"t=39 [HELLO_TX] bat=100% nbr=12"
001B,SENSOR,1,UNIFIED,"t=46 [HELLO_RX] NEW 003B tier=1(UNK) verified=0 rssi=0.4"
001B,SENSOR,1,UNIFIED,"t=48 [HELLO_TX] bat=100% nbr=13"
001B,SENSOR,1,UNIFIED,"t=49 [HELLO_RX] NEW 003D tier=1(UNK) verified=0 rssi=0.3"
001B,SENSOR,1,UNIFIED,"t=52 [HELLO_RX] NEW FF05 tier=3(GWN) verified=1 rssi=0.3"
001B,SENSOR,1,UNIFIED,"t=53 [HELLO_TX] bat=100% nbr=15"
001B,SENSOR,1,UNIFIED,"t=58 [HELLO_TX] bat=100% nbr=15"
001B,SENSOR,1,UNIFIED,"t=64 [HELLO_TX] bat=100% nbr=15"
001B,SENSOR,1,UNIFIED,"t=65 [HELLO_RX] NEW 000B tier=1(UNK) verified=0 rssi=0.6"
001B,SENSOR,1,UNIFIED,"t=69 [HELLO_TX] bat=100% nbr=16"
001B,SENSOR,1,UNIFIED,"t=78 [HELLO_TX] bat=100% nbr=16"
001B,SENSOR,1,UNIFIED,"t=85 [HELLO_TX] bat=100% nbr=16"
001B,SENSOR,1,UNIFIED,"t=89 [HELLO_TX] bat=100% nbr=16"
001B,SENSOR,1,UNIFIED,"t=95 [HELLO_RX] NEW AA08 tier=2(CH) verified=0 rssi=0.2"
001B,SENSOR,1,UNIFIED,"t=99 [HELLO_TX] bat=100% nbr=17"
001B,SENSOR,1,UNIFIED,"t=108 [HELLO_TX] bat=100% nbr=17"
001B,SENSOR,1,UNIFIED,"t=112 [HELLO_TX] bat=100% nbr=17"
001B,SENSOR,1,UNIFIED,"t=112 [HELLO_RX] NEW 002A tier=1(UNK) verified=0 rssi=0.2"
001B,SENSOR,1,UNIFIED,"t=120 [HELLO_TX] bat=100% nbr=18"
001B,SENSOR,1,UNIFIED,"t=121 [HELLO_RX] NEW 000E tier=1(UNK) verified=0 rssi=0.2"
001B,SENSOR,1,UNIFIED,"t=127 [HELLO_TX] bat=100% nbr=19"
001B,SENSOR,1,UNIFIED,"t=131 [HELLO_TX] bat=100% nbr=19"
001B,SENSOR,1,UNIFIED,"t=134 [HELLO_RX] NEW 0025 tier=1(UNK) verified=0 rssi=0.2"
001B,SENSOR,1,UNIFIED,"t=136 [HELLO_TX] bat=100% nbr=20"
001B,SENSOR,1,UNIFIED,"t=144 [HELLO_TX] bat=100% nbr=20"
001B,SENSOR,1,UNIFIED,"t=151 [HELLO_TX] bat=100% nbr=20"
001B,SENSOR,1,UNIFIED,"t=153 [HELLO_RX] NEW 0024 tier=1(UNK) verified=0 rssi=0.2"
001B,SENSOR,1,UNIFIED,"t=157 [HELLO_TX] bat=100% nbr=21"
001B,SENSOR,1,UNIFIED,"t=162 [HELLO_TX] bat=100% nbr=21"
001B,SENSOR,1,UNIFIED,"t=168 [HELLO_TX] bat=100% nbr=21"
001B,SENSOR,1,UNIFIED,"t=178 [HELLO_TX] bat=100% nbr=21"
001B,SENSOR,1,UNIFIED,"t=182 [HELLO_TX] bat=100% nbr=21"
001B,SENSOR,1,UNIFIED,"t=191 [HELLO_TX] bat=100% nbr=21"
001B,SENSOR,1,UNIFIED,"t=196 [HELLO_TX] bat=100% nbr=21"
001B,SENSOR,1,UNIFIED,"t=203 [HELLO_TX] bat=100% nbr=21"
001B,SENSOR,1,UNIFIED,"t=211 [HELLO_TX] bat=100% nbr=21"
001B,SENSOR,1,UNIFIED,"t=220 [HELLO_TX] bat=100% nbr=21"
001B,SENSOR,1,UNIFIED,"t=226 [HELLO_TX] bat=100% nbr=21"
001B,SENSOR,1,UNIFIED,"t=234 [HELLO_TX] bat=100% nbr=21"
001B,SENSOR,1,UNIFIED,"t=240 [HELLO_TX] bat=100% nbr=21"
001C,SENSOR,1,UNIFIED,"t=4 [HELLO_TX] bat=100% nbr=0"
001C,SENSOR,1,UNIFIED,"t=4 [HELLO_RX] NEW 0014 tier=1(UNK) verified=0 rssi=102.2"
001C,SENSOR,1,UNIFIED,"t=6 [HELLO_RX] NEW AA09 tier=2(CH) verified=0 rssi=21.0"
001C,SENSOR,1,UNIFIED,"t=8 [HELLO_RX] NEW 0019 tier=1(UNK) verified=0 rssi=0.4"
001C,SENSOR,1,UNIFIED,"t=9 [HELLO_TX] bat=100% nbr=3"
001C,SENSOR,1,UNIFIED,"t=9 [HELLO_RX] NEW 002D tier=1(UNK) verified=0 rssi=10.9"
001C,SENSOR,1,UNIFIED,"t=10 [HELLO_RX] NEW 0016 tier=1(UNK) verified=0 rssi=1.0"
001C,SENSOR,1,UNIFIED,"t=14 [HELLO_TX] bat=100% nbr=5"
001C,SENSOR,1,UNIFIED,"t=16 [HELLO_RX] NEW 004D tier=1(UNK) verified=0 rssi=4.1"
001C,SENSOR,1,UNIFIED,"t=19 [HELLO_RX] NEW 0058 tier=1(UNK) verified=0 rssi=0.8"
001C,SENSOR,1,UNIFIED,"t=21 [HELLO_TX] bat=100% nbr=7"
001C,SENSOR,1,UNIFIED,"t=29 [HELLO_TX] bat=100% nbr=7"
001C,SENSOR,1,UNIFIED,"t=33 [HELLO_RX] NEW FF06 tier=3(GWN) verified=0 rssi=2.1"
001C,SENSOR,1,UNIFIED,"t=35 [HELLO_TX] bat=100% nbr=8"
001C,SENSOR,1,UNIFIED,"t=40 [HELLO_TX] bat=100% nbr=8"
001C,SENSOR,1,UNIFIED,"t=43 [HELLO_RX] NEW 0001 tier=1(UNK) verified=0 rssi=0.2"
001C,SENSOR,1,UNIFIED,"t=49 [HELLO_TX] bat=100% nbr=9"
001C,SENSOR,1,UNIFIED,"t=59 [HELLO_TX] bat=100% nbr=9"
001C,SENSOR,1,UNIFIED,"t=63 [HELLO_TX] bat=100% nbr=9"
001C,SENSOR,1,UNIFIED,"t=72 [HELLO_TX] bat=100% nbr=9"
001C,SENSOR,1,UNIFIED,"t=77 [HELLO_TX] bat=100% nbr=9"
001C,SENSOR,1,UNIFIED,"t=79 [HELLO_RX] NEW FF0A tier=3(GWN) verified=1 rssi=0.1"
001C,SENSOR,1,UNIFIED,"t=85 [HELLO_TX] bat=100% nbr=10"
001C,SENSOR,1,UNIFIED,"t=93 [HELLO_TX] bat=100% nbr=10"
001C,SENSOR,1,UNIFIED,"t=98 [HELLO_TX] bat=100% nbr=10"
001C,SENSOR,1,UNIFIED,"t=103 [HELLO_RX] NEW 0063 tier=1(UNK) verified=0 rssi=0.3"
001C,SENSOR,1,UNIFIED,"t=106 [HELLO_TX] bat=100% nbr=11"
001C,SENSOR,1,UNIFIED,"t=113 [HELLO_TX] bat=100% nbr=11"
001C,SENSOR,1,UNIFIED,"t=122 [HELLO_TX] bat=100% nbr=11"
001C,SENSOR,1,UNIFIED,"t=127 [HELLO_TX] bat=100% nbr=11"
001C,SENSOR,1,UNIFIED,"t=128 [HELLO_RX] NEW FF09 tier=3(GWN) verified=1 rssi=0.5"
001C,SENSOR,1,UNIFIED,"t=133 [HELLO_TX] bat=100% nbr=12"
001C,SENSOR,1,UNIFIED,"t=136 [HELLO_RX] NEW 0006 tier=1(UNK) verified=0 rssi=0.2"
001C,SENSOR,1,UNIFIED,"t=139 [HELLO_TX] bat=100% nbr=13"
001C,SENSOR,1,UNIFIED,"t=146 [HELLO_TX] bat=100% nbr=13"
001C,SENSOR,1,UNIFIED,"t=151 [HELLO_TX] bat=100% nbr=13"
001C,SENSOR,1,UNIFIED,"t=155 [HELLO_TX] bat=100% nbr=13"
001C,SENSOR,1,UNIFIED,"t=160 [HELLO_TX] bat=100% nbr=13"
001C,SENSOR,1,UNIFIED,"t=160 [HELLO_RX] NEW AA01 tier=2(CH) verified=0 rssi=0.4"
001C,SENSOR,1,UNIFIED,"t=167 [HELLO_TX] bat=100% nbr=14"
001C,SENSOR,1,UNIFIED,"t=171 [HELLO_TX] bat=100% nbr=14"
001C,SENSOR,1,UNIFIED,"t=176 [HELLO_TX] bat=100% nbr=14"
001C,SENSOR,1,UNIFIED,"t=182 [HELLO_TX] bat=100% nbr=14"
001C,SENSOR,1,UNIFIED,"t=187 [HELLO_TX] bat=100% nbr=14"
001C,SENSOR,1,UNIFIED,"t=197 [HELLO_TX] bat=100% nbr=14"
001C,SENSOR,1,UNIFIED,"t=204 [HELLO_TX] bat=100% nbr=14"
001C,SENSOR,1,UNIFIED,"t=214 [HELLO_TX] bat=100% nbr=14"
001C,SENSOR,1,UNIFIED,"t=224 [HELLO_TX] bat=100% nbr=14"
001C,SENSOR,1,UNIFIED,"t=232 [HELLO_TX] bat=100% nbr=14"
001C,SENSOR,1,UNIFIED,"t=238 [HELLO_TX] bat=100% nbr=14"
001C,SENSOR,1,UNIFIED,"t=248 [HELLO_TX] bat=100% nbr=14"
001D,SENSOR,1,UNIFIED,"t=6 [HELLO_TX] bat=100% nbr=0"
001D,SENSOR,1,UNIFIED,"t=6 [HELLO_RX] NEW AA09 tier=2(CH) verified=0 rssi=0.3"
001D,SENSOR,1,UNIFIED,"t=8 [HELLO_RX] NEW 0055 tier=1(UNK) verified=0 rssi=0.2"
001D,SENSOR,1,UNIFIED,"t=9 [HELLO_RX] NEW 000F tier=1(UNK) verified=0 rssi=0.2"
001D,SENSOR,1,UNIFIED,"t=10 [HELLO_RX] NEW AA01 tier=2(CH) verified=0 rssi=3.9"
001D,SENSOR,1,UNIFIED,"t=12 [HELLO_TX] bat=100% nbr=4"
001D,SENSOR,1,UNIFIED,"t=12 [HELLO_RX] NEW FF06 tier=3(GWN) verified=0 rssi=0.7"
001D,SENSOR,1,UNIFIED,"t=13 [HELLO_RX] NEW 0057 tier=1(UNK) verified=0 rssi=1.2"
001D,SENSOR,1,UNIFIED,"t=15 [HELLO_RX] NEW 0062 tier=1(UNK) verified=0 rssi=0.2"
001D,SENSOR,1,UNIFIED,"t=16 [HELLO_RX] NEW 0054 tier=1(UNK) verified=0 rssi=1.2"
001D,SENSOR,1,UNIFIED,"t=17 [HELLO_TX] bat=100% nbr=8"
001D,SENSOR,1,UNIFIED,"t=24 [HELLO_TX] bat=100% nbr=8"
001D,SENSOR,1,UNIFIED,"t=32 [HELLO_TX] bat=100% nbr=8"
001D,SENSOR,1,UNIFIED,"t=36 [HELLO_TX] bat=100% nbr=8"
001D,SENSOR,1,UNIFIED,"t=36 [HELLO_RX] NEW 003C tier=1(UNK) verified=0 rssi=1.0"
001D,SENSOR,1,UNIFIED,"t=43 [HELLO_RX] NEW 0032 tier=1(UNK) verified=0 rssi=0.2"
001D,SENSOR,1,UNIFIED,"t=44 [HELLO_RX] NEW 000C tier=1(UNK) verified=0 rssi=0.7"
001D,SENSOR,1,UNIFIED,"t=46 [HELLO_TX] bat=100% nbr=11"
001D,SENSOR,1,UNIFIED,"t=56 [HELLO_TX] bat=100% nbr=11"
001D,SENSOR,1,UNIFIED,"t=59 [HELLO_RX] NEW FF0A tier=3(GWN) verified=1 rssi=0.5"
001D,SENSOR,1,UNIFIED,"t=64 [HELLO_TX] bat=100% nbr=12"
001D,SENSOR,1,UNIFIED,"t=69 [HELLO_RX] NEW AA06 tier=2(CH) verified=0 rssi=0.2"
001D,SENSOR,1,UNIFIED,"t=73 [HELLO_TX] bat=100% nbr=13"
001D,SENSOR,1,UNIFIED,"t=81 [HELLO_TX] bat=100% nbr=13"
001D,SENSOR,1,UNIFIED,"t=84 [HELLO_RX] NEW FF01 tier=3(GWN) verified=1 rssi=0.1"
001D,SENSOR,1,UNIFIED,"t=86 [HELLO_RX] NEW 0049 tier=1(UNK) verified=0 rssi=0.2"
001D,SENSOR,1,UNIFIED,"t=87 [HELLO_RX] NEW FF09 tier=3(GWN) verified=0 rssi=0.1"
001D,SENSOR,1,UNIFIED,"t=88 [HELLO_TX] bat=100% nbr=16"
001D,SENSOR,1,UNIFIED,"t=97 [HELLO_TX] bat=100% nbr=16"
001D,SENSOR,1,UNIFIED,"t=106 [HELLO_TX] bat=100% nbr=16"
001D,SENSOR,1,UNIFIED,"t=112 [HELLO_TX] bat=100% nbr=16"
001D,SENSOR,1,UNIFIED,"t=117 [HELLO_TX] bat=100% nbr=16"
001D,SENSOR,1,UNIFIED,"t=123 [HELLO_TX] bat=100% nbr=16"
001D,SENSOR,1,UNIFIED,"t=128 [HELLO_TX] bat=100% nbr=16"
001D,SENSOR,1,UNIFIED,"t=138 [HELLO_TX] bat=100% nbr=16"
001D,SENSOR,1,UNIFIED,"t=144 [HELLO_TX] bat=100% nbr=16"
001D,SENSOR,1,UNIFIED,"t=151 [HELLO_TX] bat=100% nbr=16"
001D,SENSOR,1,UNIFIED,"t=158 [HELLO_TX] bat=100% nbr=16"
001D,SENSOR,1,UNIFIED,"t=162 [HELLO_TX] bat=100% nbr=16"
001D,SENSOR,1,UNIFIED,"t=164 [HELLO_RX] NEW FF08 tier=3(GWN) verified=1 rssi=0.2"
001D,SENSOR,1,UNIFIED,"t=169 [HELLO_TX] bat=100% nbr=17"
001D,SENSOR,1,UNIFIED,"t=175 [HELLO_TX] bat=100% nbr=17"
001D,SENSOR,1,UNIFIED,"t=181 [HELLO_TX] bat=100% nbr=17"
001D,SENSOR,1,UNIFIED,"t=188 [HELLO_TX] bat=100% nbr=17"
001D,SENSOR,1,UNIFIED,"t=194 [HELLO_TX] bat=100% nbr=17"
001D,SENSOR,1,UNIFIED,"t=204 [HELLO_TX] bat=100% nbr=17"
001D,SENSOR,1,UNIFIED,"t=212 [HELLO_TX] bat=100% nbr=17"
001D,SENSOR,1,UNIFIED,"t=220 [HELLO_TX] bat=100% nbr=17"
001D,SENSOR,1,UNIFIED,"t=230 [HELLO_TX] bat=100% nbr=17"
001D,SENSOR,1,UNIFIED,"t=239 [HELLO_TX] bat=100% nbr=17"
001D,SENSOR,1,UNIFIED,"t=246 [HELLO_TX] bat=100% nbr=17"
001E,SENSOR,1,UNIFIED,"t=4 [HELLO_RX] NEW AA03 tier=2(CH) verified=0 rssi=0.2"
001E,SENSOR,1,UNIFIED,"t=5 [HELLO_RX] NEW 0027 tier=1(UNK) verified=0 rssi=5.0"
001E,SENSOR,1,UNIFIED,"t=6 [HELLO_RX] NEW FF03 tier=3(GWN) verified=0 rssi=6.3"
001E,SENSOR,1,UNIFIED,"t=8 [HELLO_TX] bat=100% nbr=3"
001E,SENSOR,1,UNIFIED,"t=10 [HELLO_RX] NEW 0061 tier=1(UNK) verified=0 rssi=2.8"
001E,SENSOR,1,UNIFIED,"t=11 [HELLO_RX] NEW 0008 tier=1(UNK) verified=0 rssi=2.3"
001E,SENSOR,1,UNIFIED,"t=17 [HELLO_TX] bat=100% nbr=5"
001E,SENSOR,1,UNIFIED,"t=21 [HELLO_RX] NEW 0005 tier=1(UNK) verified=0 rssi=0.2"
001E,SENSOR,1,UNIFIED,"t=22 [HELLO_RX] NEW FF02 tier=3(GWN) verified=0 rssi=7.4"
001E,SENSOR,1,UNIFIED,"t=24 [HELLO_RX] NEW FF04 tier=3(GWN) verified=0 rssi=2.8"
001E,SENSOR,1,UNIFIED,"t=25 [HELLO_TX] bat=100% nbr=8"
001E,SENSOR,1,UNIFIED,"t=31 [HELLO_RX] NEW 002F tier=1(UNK) verified=0 rssi=0.4"
001E,SENSOR,1,UNIFIED,"t=34 [HELLO_TX] bat=100% nbr=9"
001E,SENSOR,1,UNIFIED,"t=38 [HELLO_RX] NEW 0060 tier=1(UNK) verified=0 rssi=0.2"
001E,SENSOR,1,UNIFIED,"t=41 [HELLO_RX] NEW 0012 tier=1(UNK) verified=0 rssi=0.8"
001E,SENSOR,1,UNIFIED,"t=44 [HELLO_TX] bat=100% nbr=11"
001E,SENSOR,1,UNIFIED,"t=47 [HELLO_RX] NEW 0064 tier=1(UNK) verified=0 rssi=2.0"
001E,SENSOR,1,UNIFIED,"t=54 [HELLO_TX] bat=100% nbr=12"
001E,SENSOR,1,UNIFIED,"t=59 [HELLO_RX] NEW AA05 tier=2(CH) verified=0 rssi=0.6"
001E,SENSOR,1,UNIFIED,"t=61 [HELLO_TX] bat=100% nbr=13"
001E,SENSOR,1,UNIFIED,"t=69 [HELLO_TX] bat=100% nbr=13"
001E,SENSOR,1,UNIFIED,"t=79 [HELLO_TX] bat=100% nbr=13"
001E,SENSOR,1,UNIFIED,"t=89 [HELLO_TX] bat=100% nbr=13"
001E,SENSOR,1,UNIFIED,"t=93 [HELLO_TX] bat=100% nbr=13"
001E,SENSOR,1,UNIFIED,"t=98 [HELLO_TX] bat=100% nbr=13"
001E,SENSOR,1,UNIFIED,"t=104 [HELLO_TX] bat=100% nbr=13"
001E,SENSOR,1,UNIFIED,"t=110 [HELLO_TX] bat=100% nbr=13"
001E,SENSOR,1,UNIFIED,"t=118 [HELLO_TX] bat=100% nbr=13"
001E,SENSOR,1,UNIFIED,"t=126 [HELLO_TX] bat=100% nbr=13"
001E,SENSOR,1,UNIFIED,"t=132 [HELLO_RX] NEW 0021 tier=1(UNK) verified=0 rssi=0.3"
001E,SENSOR,1,UNIFIED,"t=136 [HELLO_TX] bat=100% nbr=14"
001E,SENSOR,1,UNIFIED,"t=145 [HELLO_TX] bat=100% nbr=14"
001E,SENSOR,1,UNIFIED,"t=149 [HELLO_RX] NEW 0026 tier=1(UNK) verified=0 rssi=0.5"
001E,SENSOR,1,UNIFIED,"t=155 [HELLO_TX] bat=100% nbr=15"
001E,SENSOR,1,UNIFIED,"t=159 [HELLO_TX] bat=100% nbr=15"
001E,SENSOR,1,UNIFIED,"t=164 [HELLO_TX] bat=100% nbr=15"
001E,SENSOR,1,UNIFIED,"t=168 [HELLO_TX] bat=100% nbr=15"
001E,SENSOR,1,UNIFIED,"t=174 [HELLO_TX] bat=100% nbr=15"
001E,SENSOR,1,UNIFIED,"t=181 [HELLO_TX] bat=100% nbr=15"
001E,SENSOR,1,UNIFIED,"t=190 [HELLO_TX] bat=100% nbr=15"
001E,SENSOR,1,UNIFIED,"t=195 [HELLO_TX] bat=100% nbr=15"
001E,SENSOR,1,UNIFIED,"t=200 [HELLO_TX] bat=100% nbr=15"
001E,SENSOR,1,UNIFIED,"t=208 [HELLO_TX] bat=100% nbr=15"
001E,SENSOR,1,UNIFIED,"t=216 [HELLO_TX] bat=100% nbr=15"
001E,SENSOR,1,UNIFIED,"t=221 [HELLO_TX] bat=100% nbr=15"
001E,SENSOR,1,UNIFIED,"t=222 [HELLO_RX] NEW FF09 tier=3(GWN) verified=1 rssi=0.2"
001E,SENSOR,1,UNIFIED,"t=227 [HELLO_TX] bat=100% nbr=16"
001E,SENSOR,1,UNIFIED,"t=232 [HELLO_TX] bat=100% nbr=16"
001E,SENSOR,1,UNIFIED,"t=242 [HELLO_TX] bat=100% nbr=16"
001E,SENSOR,1,UNIFIED,"t=248 [HELLO_TX] bat=100% nbr=16"
001F,SENSOR,1,UNIFIED,"t=4 [HELLO_RX] NEW AA07 tier=2(CH) verified=0 rssi=3.6"
001F,SENSOR,1,UNIFIED,"t=5 [HELLO_RX] NEW 0037 tier=1(UNK) verified=0 rssi=1.7"
001F,SENSOR,1,UNIFIED,"t=7 [HELLO_RX] NEW AA04 tier=2(CH) verified=0 rssi=0.6"
001F,SENSOR,1,UNIFIED,"t=8 [HELLO_TX] bat=100% nbr=3"
001F,SENSOR,1,UNIFIED,"t=8 [HELLO_RX] NEW 0011 tier=1(UNK) verified=0 rssi=2.2"
001F,SENSOR,1,UNIFIED,"t=10 [HELLO_RX] NEW 0053 tier=1(UNK) verified=0 rssi=22.8"
001F,SENSOR,1,UNIFIED,"t=12 [HELLO_RX] NEW 0030 tier=1(UNK) verified=0 rssi=0.7"
001F,SENSOR,1,UNIFIED,"t=16 [HELLO_TX] bat=100% nbr=6"
001F,SENSOR,1,UNIFIED,"t=24 [HELLO_TX] bat=100% nbr=6"
001F,SENSOR,1,UNIFIED,"t=24 [HELLO_RX] NEW 002B tier=1(UNK) verified=0 rssi=0.3"
001F,SENSOR,1,UNIFIED,"t=34 [HELLO_TX] bat=100% nbr=7"
001F,SENSOR,1,UNIFIED,"t=41 [HELLO_TX] bat=100% nbr=7"
001F,SENSOR,1,UNIFIED,"t=46 [HELLO_TX] bat=100% nbr=7"
001F,SENSOR,1,UNIFIED,"t=52 [HELLO_RX] NEW 000A tier=1(UNK) verified=0 rssi=0.3"
001F,SENSOR,1,UNIFIED,"t=55 [HELLO_TX] bat=100% nbr=8"
001F,SENSOR,1,UNIFIED,"t=65 [HELLO_TX] bat=100% nbr=8"
001F,SENSOR,1,UNIFIED,"t=68 [HELLO_RX] NEW FF0D tier=3(GWN) verified=0 rssi=0.3"
001F,SENSOR,1,UNIFIED,"t=72 [HELLO_RX] NEW 0002 tier=1(UNK) verified=0 rssi=0.3"
001F,SENSOR,1,UNIFIED,"t=74 [HELLO_TX] bat=100% nbr=10"
001F,SENSOR,1,UNIFIED,"t=75 [HELLO_RX] NEW 0003 tier=1(UNK) verified=0 rssi=0.3"
001F,SENSOR,1,UNIFIED,"t=83 [HELLO_TX] bat=100% nbr=11"
001F,SENSOR,1,UNIFIED,"t=87 [HELLO_TX] bat=100% nbr=11"
001F,SENSOR,1,UNIFIED,"t=95 [HELLO_RX] NEW 0031 tier=1(UNK) verified=0 rssi=0.3"
001F,SENSOR,1,UNIFIED,"t=97 [HELLO_TX] bat=100% nbr=12"
001F,SENSOR,1,UNIFIED,"t=106 [HELLO_RX] NEW 002E tier=1(UNK) verified=0 rssi=0.5"
001F,SENSOR,1,UNIFIED,"t=107 [HELLO_TX] bat=100% nbr=13"
001F,SENSOR,1,UNIFIED,"t=115 [HELLO_TX] bat=100% nbr=13"
001F,SENSOR,1,UNIFIED,"t=117 [HELLO_RX] NEW FF07 tier=3(GWN) verified=1 rssi=0.2"
001F,SENSOR,1,UNIFIED,"t=119 [HELLO_TX] bat=100% nbr=14"
001F,SENSOR,1,UNIFIED,"t=126 [HELLO_TX] bat=100% nbr=14"
001F,SENSOR,1,UNIFIED,"t=133 [HELLO_TX] bat=100% nbr=14"
001F,SENSOR,1,UNIFIED,"t=138 [HELLO_TX] bat=100% nbr=14"
001F,SENSOR,1,UNIFIED,"t=143 [HELLO_TX] bat=100% nbr=14"
001F,SENSOR,1,UNIFIED,"t=150 [HELLO_TX] bat=100% nbr=14"
001F,SENSOR,1,UNIFIED,"t=156 [HELLO_TX] bat=100% nbr=14"
001F,SENSOR,1,UNIFIED,"t=160 [HELLO_TX] bat=100% nbr=14"
001F,SENSOR,1,UNIFIED,"t=167 [HELLO_TX] bat=100% nbr=14"
001F,SENSOR,1,UNIFIED,"t=176 [HELLO_TX] bat=100% nbr=14"
001F,SENSOR,1,UNIFIED,"t=185 [HELLO_TX] bat=100% nbr=14"
001F,SENSOR,1,UNIFIED,"t=191 [HELLO_TX] bat=100% nbr=14"
001F,SENSOR,1,UNIFIED,"t=200 [HELLO_TX] bat=100% nbr=14"
001F,SENSOR,1,UNIFIED,"t=208 [HELLO_TX] bat=100% nbr=14"
001F,SENSOR,1,UNIFIED,"t=213 [HELLO_TX] bat=100% nbr=14"
001F,SENSOR,1,UNIFIED,"t=219 [HELLO_TX] bat=100% nbr=14"
001F,SENSOR,1,UNIFIED,"t=226 [HELLO_TX] bat=100% nbr=14"
001F,SENSOR,1,UNIFIED,"t=233 [HELLO_TX] bat=100% nbr=14"
001F,SENSOR,1,UNIFIED,"t=240 [HELLO_TX] bat=100% nbr=14"
001F,SENSOR,1,UNIFIED,"t=247 [HELLO_TX] bat=100% nbr=14"
0020,SENSOR,1,UNIFIED,"t=4 [HELLO_RX] NEW 005E tier=1(UNK) verified=0 rssi=0.8"
0020,SENSOR,1,UNIFIED,"t=5 [HELLO_RX] NEW 0042 tier=1(UNK) verified=0 rssi=2.8"
0020,SENSOR,1,UNIFIED,"t=6 [HELLO_RX] NEW 0029 tier=1(UNK) verified=0 rssi=0.2"
0020,SENSOR,1,UNIFIED,"t=7 [HELLO_TX] bat=100% nbr=3"
0020,SENSOR,1,UNIFIED,"t=7 [HELLO_RX] NEW 0004 tier=1(UNK) verified=0 rssi=1.3"
0020,SENSOR,1,UNIFIED,"t=8 [HELLO_RX] NEW 005A tier=1(UNK) verified=0 rssi=1.4"
0020,SENSOR,1,UNIFIED,"t=9 [HELLO_RX] NEW 0047 tier=1(UNK) verified=0 rssi=3.4"
0020,SENSOR,1,UNIFIED,"t=10 [HELLO_RX] NEW AA05 tier=2(CH) verified=0 rssi=0.4"
0020,SENSOR,1,UNIFIED,"t=11 [HELLO_TX] bat=100% nbr=7"
0020,SENSOR,1,UNIFIED,"t=16 [HELLO_RX] NEW 0005 tier=1(UNK) verified=0 rssi=0.3"
0020,SENSOR,1,UNIFIED,"t=17 [HELLO_TX] bat=100% nbr=8"
0020,SENSOR,1,UNIFIED,"t=21 [HELLO_RX] NEW AA03 tier=2(CH) verified=0 rssi=0.4"
0020,SENSOR,1,UNIFIED,"t=22 [HELLO_RX] NEW AA0C tier=2(CH) verified=0 rssi=0.3"
0020,SENSOR,1,UNIFIED,"t=27 [HELLO_TX] bat=100% nbr=10"
0020,SENSOR,1,UNIFIED,"t=29 [HELLO_RX] NEW 0043 tier=1(UNK) verified=0 rssi=0.2"
0020,SENSOR,1,UNIFIED,"t=33 [HELLO_RX] NEW 0001 tier=1(UNK) verified=0 rssi=0.3"
0020,SENSOR,1,UNIFIED,"t=37 [HELLO_TX] bat=100% nbr=12"
0020,SENSOR,1,UNIFIED,"t=37 [HELLO_RX] NEW 003F tier=1(UNK) verified=0 rssi=1.6"
0020,SENSOR,1,UNIFIED,"t=39 [HELLO_RX] NEW 0059 tier=1(UNK) verified=0 rssi=0.6"
0020,SENSOR,1,UNIFIED,"t=46 [HELLO_TX] bat=100% nbr=14"
0020,SENSOR,1,UNIFIED,"t=52 [HELLO_TX] bat=100% nbr=14"
0020,SENSOR,1,UNIFIED,"t=55 [HELLO_RX] NEW FF04 tier=3(GWN) verified=0 rssi=0.1"
0020,SENSOR,1,UNIFIED,"t=56 [HELLO_TX] bat=100% nbr=15"
0020,SENSOR,1,UNIFIED,"t=61 [HELLO_TX] bat=100% nbr=15"
0020,SENSOR,1,UNIFIED,"t=66 [HELLO_TX] bat=100% nbr=15"
0020,SENSOR,1,UNIFIED,"t=74 [HELLO_RX] NEW 0021 tier=1(UNK) verified=0 rssi=0.2"
0020,SENSOR,1,UNIFIED,"t=76 [HELLO_TX] bat=100% nbr=16"
0020,SENSOR,1,UNIFIED,"t=81 [HELLO_TX] bat=100% nbr=16"
0020,SENSOR,1,UNIFIED,"t=81 [HELLO_RX] NEW 005D tier=1(UNK) verified=0 rssi=0.2"
0020,SENSOR,1,UNIFIED,"t=90 [HELLO_TX] bat=100% nbr=17"
0020,SENSOR,1,UNIFIED,"t=96 [HELLO_TX] bat=100% nbr=17"
0020,SENSOR,1,UNIFIED,"t=106 [HELLO_TX] bat=100% nbr=17"
0020,SENSOR,1,UNIFIED,"t=110 [HELLO_TX] bat=100% nbr=17"
0020,SENSOR,1,UNIFIED,"t=118 [HELLO_TX] bat=100% nbr=17"
0020,SENSOR,1,UNIFIED,"t=122 [HELLO_TX] bat=100% nbr=17"
0020,SENSOR,1,UNIFIED,"t=128 [HELLO_TX] bat=100% nbr=17"
0020,SENSOR,1,UNIFIED,"t=135 [HELLO_TX] bat=100% nbr=17"
0020,SENSOR,1,UNIFIED,"t=143 [HELLO_RX] NEW 0028 tier=1(UNK) verified=0 rssi=0.2"
0020,SENSOR,1,UNIFIED,"t=145 [HELLO_TX] bat=100% nbr=18"
0020,SENSOR,1,UNIFIED,"t=152 [HELLO_RX] NEW FF02 tier=3(GWN) verified=1 rssi=0.2"
0020,SENSOR,1,UNIFIED,"t=155 [HELLO_TX] bat=100% nbr=19"
0020,SENSOR,1,UNIFIED,"t=164 [HELLO_TX] bat=100% nbr=19"
0020,SENSOR,1,UNIFIED,"t=174 [HELLO_TX] bat=100% nbr=19"
0020,SENSOR,1,UNIFIED,"t=184 [HELLO_TX] bat=100% nbr=19"
0020,SENSOR,1,UNIFIED,"t=188 [HELLO_TX] bat=100% nbr=19"
0020,SENSOR,1,UNIFIED,"t=192 [HELLO_TX] bat=100% nbr=19"
0020,SENSOR,1,UNIFIED,"t=201 [HELLO_TX] bat=100% nbr=19"
0020,SENSOR,1,UNIFIED,"t=208 [HELLO_TX] bat=100% nbr=19"
0020,SENSOR,1,UNIFIED,"t=217 [HELLO_TX] bat=100% nbr=19"
0020,SENSOR,1,UNIFIED,"t=217 [HELLO_RX] NEW FF03 tier=3(GWN) verified=1 rssi=0.1"
0020,SENSOR,1,UNIFIED,"t=224 [HELLO_TX] bat=100% nbr=20"
0020,SENSOR,1,UNIFIED,"t=224 [HELLO_RX] NEW 0041 tier=1(UNK) verified=0 rssi=0.3"
0020,SENSOR,1,UNIFIED,"t=234 [HELLO_TX] bat=100% nbr=21"
0020,SENSOR,1,UNIFIED,"t=238 [HELLO_TX] bat=100% nbr=21"
0020,SENSOR,1,UNIFIED,"t=242 [HELLO_TX] bat=100% nbr=21"
0021,SENSOR,1,UNIFIED,"t=4 [HELLO_TX] bat=100% nbr=0"
0021,SENSOR,1,UNIFIED,"t=4 [HELLO_RX] NEW AA03 tier=2(CH) verified=0 rssi=2.2"
0021,SENSOR,1,UNIFIED,"t=5 [HELLO_RX] NEW AA05 tier=2(CH) verified=0 rssi=1.1"
0021,SENSOR,1,UNIFIED,"t=6 [HELLO_RX] NEW 0005 tier=1(UNK) verified=0 rssi=7.1"
0021,SENSOR,1,UNIFIED,"t=7 [HELLO_RX] NEW AA0C tier=2(CH) verified=0 rssi=1.2"
0021,SENSOR,1,UNIFIED,"t=9 [HELLO_RX] NEW 0064 tier=1(UNK) verified=0 rssi=1.0"
0021,SENSOR,1,UNIFIED,"t=11 [HELLO_RX] NEW 0026 tier=1(UNK) verified=0 rssi=0.7"
0021,SENSOR,1,UNIFIED,"t=13 [HELLO_RX] NEW 0012 tier=1(UNK) verified=0 rssi=1.6"
0021,SENSOR,1,UNIFIED,"t=14 [HELLO_TX] bat=100% nbr=7"
0021,SENSOR,1,UNIFIED,"t=15 [HELLO_RX] NEW FF04 tier=3(GWN) verified=0 rssi=0.5"
0021,SENSOR,1,UNIFIED,"t=18 [HELLO_RX] NEW 0047 tier=1(UNK) verified=0 rssi=0.2"
0021,SENSOR,1,UNIFIED,"t=21 [HELLO_TX] bat=100% nbr=9"
0021,SENSOR,1,UNIFIED,"t=28 [HELLO_TX] bat=100% nbr=9"
0021,SENSOR,1,UNIFIED,"t=29 [HELLO_RX] NEW FF02 tier=3(GWN) verified=0 rssi=0.7"
0021,SENSOR,1,UNIFIED,"t=33 [HELLO_RX] NEW AA0B tier=2(CH) verified=0 rssi=0.4"
0021,SENSOR,1,UNIFIED,"t=35 [HELLO_TX] bat=100% nbr=11"
0021,SENSOR,1,UNIFIED,"t=38 [HELLO_RX] NEW 0060 tier=1(UNK) verified=0 rssi=1.6"
0021,SENSOR,1,UNIFIED,"t=39 [HELLO_RX] NEW 0059 tier=1(UNK) verified=0 rssi=0.8"
0021,SENSOR,1,UNIFIED,"t=44 [HELLO_RX] NEW 001E tier=1(UNK) verified=0 rssi=0.3"
0021,SENSOR,1,UNIFIED,"t=45 [HELLO_TX] bat=100% nbr=14"
0021,SENSOR,1,UNIFIED,"t=48 [HELLO_RX] NEW 005A tier=1(UNK) verified=0 rssi=0.2"
0021,SENSOR,1,UNIFIED,"t=53 [HELLO_TX] bat=100% nbr=15"
0021,SENSOR,1,UNIFIED,"t=57 [HELLO_RX] NEW 0010 tier=1(UNK) verified=0 rssi=0.4"
0021,SENSOR,1,UNIFIED,"t=60 [HELLO_RX] NEW FF03 tier=3(GWN) verified=0 rssi=0.4"
0021,SENSOR,1,UNIFIED,"t=61 [HELLO_TX] bat=100% nbr=17"
0021,SENSOR,1,UNIFIED,"t=70 [HELLO_TX] bat=100% nbr=17"
0021,SENSOR,1,UNIFIED,"t=74 [HELLO_TX] bat=100% nbr=17"
0021,SENSOR,1,UNIFIED,"t=80 [HELLO_TX] bat=100% nbr=17"
0021,SENSOR,1,UNIFIED,"t=90 [HELLO_TX] bat=100% nbr=17"
0021,SENSOR,1,UNIFIED,"t=93 [HELLO_RX] NEW 0061 tier=1(UNK) verified=0 rssi=0.4"
0021,SENSOR,1,UNIFIED,"t=100 [HELLO_TX] bat=100% nbr=18"
0021,SENSOR,1,UNIFIED,"t=105 [HELLO_TX] bat=100% nbr=18"
0021,SENSOR,1,UNIFIED,"t=115 [HELLO_TX] bat=100% nbr=18"
0021,SENSOR,1,UNIFIED,"t=122 [HELLO_TX] bat=100% nbr=18"
0021,SENSOR,1,UNIFIED,"t=123 [HELLO_RX] NEW 003F tier=1(UNK) verified=0 rssi=0.2"
0021,SENSOR,1,UNIFIED,"t=128 [HELLO_TX] bat=100% nbr=19"
0021,SENSOR,1,UNIFIED,"t=132 [HELLO_TX] bat=100% nbr=19"
0021,SENSOR,1,UNIFIED,"t=133 [HELLO_RX] NEW FF09 tier=3(GWN) verified=1 rssi=0.2"
0021,SENSOR,1,UNIFIED,"t=136 [HELLO_TX] bat=100% nbr=20"
0021,SENSOR,1,UNIFIED,"t=145 [HELLO_TX] bat=100% nbr=20"
0021,SENSOR,1,UNIFIED,"t=152 [HELLO_TX] bat=100% nbr=20"
0021,SENSOR,1,UNIFIED,"t=161 [HELLO_TX] bat=100% nbr=20"
0021,SENSOR,1,UNIFIED,"t=171 [HELLO_TX] bat=100% nbr=20"
0021,SENSOR,1,UNIFIED,"t=177 [HELLO_TX] bat=100% nbr=20"
0021,SENSOR,1,UNIFIED,"t=183 [HELLO_TX] bat=100% nbr=20"
0021,SENSOR,1,UNIFIED,"t=188 [HELLO_TX] bat=100% nbr=20"
0021,SENSOR,1,UNIFIED,"t=197 [HELLO_TX] bat=100% nbr=20"
0021,SENSOR,1,UNIFIED,"t=202 [HELLO_TX] bat=100% nbr=20"
0021,SENSOR,1,UNIFIED,"t=212 [HELLO_TX] bat=100% nbr=20"
0021,SENSOR,1,UNIFIED,"t=212 [HELLO_RX] NEW 0041 tier=1(UNK) verified=0 rssi=0.3"
0021,SENSOR,1,UNIFIED,"t=217 [HELLO_TX] bat=100% nbr=21"
0021,SENSOR,1,UNIFIED,"t=222 [HELLO_TX] bat=100% nbr=21"
0021,SENSOR,1,UNIFIED,"t=229 [HELLO_TX] bat=100% nbr=21"
0021,SENSOR,1,UNIFIED,"t=236 [HELLO_TX] bat=100% nbr=21"
0021,SENSOR,1,UNIFIED,"t=241 [HELLO_TX] bat=100% nbr=21"
0022,SENSOR,1,UNIFIED,"t=5 [HELLO_TX] bat=100% nbr=0"
0022,SENSOR,1,UNIFIED,"t=5 [HELLO_RX] NEW AA08 tier=2(CH) verified=0 rssi=0.8"
0022,SENSOR,1,UNIFIED,"t=7 [HELLO_RX] NEW 003B tier=1(UNK) verified=0 rssi=0.2"
0022,SENSOR,1,UNIFIED,"t=9 [HELLO_RX] NEW 0051 tier=1(UNK) verified=0 rssi=259.2"
0022,SENSOR,1,UNIFIED,"t=10 [HELLO_RX] NEW FF0B tier=3(GWN) verified=0 rssi=14.8"
0022,SENSOR,1,UNIFIED,"t=13 [HELLO_RX] NEW 003A tier=1(UNK) verified=0 rssi=0.2"
0022,SENSOR,1,UNIFIED,"t=14 [HELLO_TX] bat=100% nbr=5"
0022,SENSOR,1,UNIFIED,"t=16 [HELLO_RX] NEW FF01 tier=3(GWN) verified=0 rssi=0.3"
0022,SENSOR,1,UNIFIED,"t=20 [HELLO_RX] NEW 005B tier=1(UNK) verified=0 rssi=0.2"
0022,SENSOR,1,UNIFIED,"t=24 [HELLO_TX] bat=100% nbr=7"
0022,SENSOR,1,UNIFIED,"t=29 [HELLO_RX] NEW FF05 tier=3(GWN) verified=0 rssi=0.1"
0022,SENSOR,1,UNIFIED,"t=30 [HELLO_TX] bat=100% nbr=8"
0022,SENSOR,1,UNIFIED,"t=40 [HELLO_TX] bat=100% nbr=8"
0022,SENSOR,1,UNIFIED,"t=49 [HELLO_TX] bat=100% nbr=8"
0022,SENSOR,1,UNIFIED,"t=56 [HELLO_TX] bat=100% nbr=8"
0022,SENSOR,1,UNIFIED,"t=66 [HELLO_TX] bat=100% nbr=8"
0022,SENSOR,1,UNIFIED,"t=70 [HELLO_TX] bat=100% nbr=8"
0022,SENSOR,1,UNIFIED,"t=78 [HELLO_TX] bat=100% nbr=8"
0022,SENSOR,1,UNIFIED,"t=82 [HELLO_TX] bat=100% nbr=8"
0022,SENSOR,1,UNIFIED,"t=90 [HELLO_TX] bat=100% nbr=8"
0022,SENSOR,1,UNIFIED,"t=94 [HELLO_TX] bat=100% nbr=8"
0022,SENSOR,1,UNIFIED,"t=102 [HELLO_TX] bat=100% nbr=8"
0022,SENSOR,1,UNIFIED,"t=112 [HELLO_TX] bat=100% nbr=8"
0022,SENSOR,1,UNIFIED,"t=120 [HELLO_TX] bat=100% nbr=8"
0022,SENSOR,1,UNIFIED,"t=126 [HELLO_TX] bat=100% nbr=8"
0022,SENSOR,1,UNIFIED,"t=132 [HELLO_TX] bat=100% nbr=8"
0022,SENSOR,1,UNIFIED,"t=134 [HELLO_RX] NEW FF0C tier=3(GWN) verified=1 rssi=0.1"
0022,SENSOR,1,UNIFIED,"t=136 [HELLO_TX] bat=100% nbr=9"
0022,SENSOR,1,UNIFIED,"t=140 [HELLO_TX] bat=100% nbr=9"
0022,SENSOR,1,UNIFIED,"t=144 [HELLO_TX] bat=100% nbr=9"
0022,SENSOR,1,UNIFIED,"t=154 [HELLO_TX] bat=100% nbr=9"
0022,SENSOR,1,UNIFIED,"t=164 [HELLO_TX] bat=100% nbr=9"
0022,SENSOR,1,UNIFIED,"t=172 [HELLO_TX] bat=100% nbr=9"
0022,SENSOR,1,UNIFIED,"t=182 [HELLO_TX] bat=100% nbr=9"
0022,SENSOR,1,UNIFIED,"t=189 [HELLO_TX] bat=100% nbr=9"
0022,SENSOR,1,UNIFIED,"t=193 [HELLO_TX] bat=100% nbr=9"
0022,SENSOR,1,UNIFIED,"t=197 [HELLO_TX] bat=100% nbr=9"
0022,SENSOR,1,UNIFIED,"t=206 [HELLO_TX] bat=100% nbr=9"
0022,SENSOR,1,UNIFIED,"t=210 [HELLO_TX] bat=100% nbr=9"
0022,SENSOR,1,UNIFIED,"t=219 [HELLO_TX] bat=100% nbr=9"
0022,SENSOR,1,UNIFIED,"t=226 [HELLO_TX] bat=100% nbr=9"
0022,SENSOR,1,UNIFIED,"t=235 [HELLO_TX] bat=100% nbr=9"
0022,SENSOR,1,UNIFIED,"t=241 [HELLO_TX] bat=100% nbr=9"
0022,SENSOR,1,UNIFIED,"t=245 [HELLO_TX] bat=100% nbr=9"
0023,SENSOR,1,UNIFIED,"t=4 [HELLO_RX] NEW 0036 tier=1(UNK) verified=0 rssi=0.2"
0023,SENSOR,1,UNIFIED,"t=5 [HELLO_RX] NEW 002C tier=1(UNK) verified=0 rssi=1.8"
0023,SENSOR,1,UNIFIED,"t=6 [HELLO_TX] bat=100% nbr=2"
0023,SENSOR,1,UNIFIED,"t=7 [HELLO_RX] NEW 004C tier=1(UNK) verified=0 rssi=0.4"
0023,SENSOR,1,UNIFIED,"t=9 [HELLO_RX] NEW AA02 tier=2(CH) verified=0 rssi=12.9"
0023,SENSOR,1,UNIFIED,"t=11 [HELLO_TX] bat=100% nbr=4"
0023,SENSOR,1,UNIFIED,"t=15 [HELLO_RX] NEW 0013 tier=1(UNK) verified=0 rssi=0.3"
0023,SENSOR,1,UNIFIED,"t=16 [HELLO_TX] bat=100% nbr=5"
0023,SENSOR,1,UNIFIED,"t=16 [HELLO_RX] NEW 005C tier=1(UNK) verified=0 rssi=0.2"
0023,SENSOR,1,UNIFIED,"t=20 [HELLO_TX] bat=100% nbr=6"
0023,SENSOR,1,UNIFIED,"t=27 [HELLO_TX] bat=100% nbr=6"
0023,SENSOR,1,UNIFIED,"t=29 [HELLO_RX] NEW FF01 tier=3(GWN) verified=0 rssi=0.3"
0023,SENSOR,1,UNIFIED,"t=31 [HELLO_TX] bat=100% nbr=7"
0023,SENSOR,1,UNIFIED,"t=36 [HELLO_TX] bat=100% nbr=7"
0023,SENSOR,1,UNIFIED,"t=36 [HELLO_RX] NEW FF0B tier=3(GWN) verified=0 rssi=0.2"
0023,SENSOR,1,UNIFIED,"t=37 [HELLO_RX] NEW AA08 tier=2(CH) verified=0 rssi=0.4"
0023,SENSOR,1,UNIFIED,"t=43 [HELLO_TX] bat=100% nbr=9"
0023,SENSOR,1,UNIFIED,"t=47 [HELLO_RX] NEW 0035 tier=1(UNK) verified=0 rssi=0.4"
0023,SENSOR,1,UNIFIED,"t=50 [HELLO_TX] bat=100% nbr=10"
0023,SENSOR,1,UNIFIED,"t=54 [HELLO_TX] bat=100% nbr=10"
0023,SENSOR,1,UNIFIED,"t=57 [HELLO_RX] NEW 0003 tier=1(UNK) verified=0 rssi=0.2"
0023,SENSOR,1,UNIFIED,"t=60 [HELLO_TX] bat=100% nbr=11"
0023,SENSOR,1,UNIFIED,"t=66 [HELLO_TX] bat=100% nbr=11"
0023,SENSOR,1,UNIFIED,"t=68 [HELLO_RX] NEW FF0C tier=3(GWN) verified=1 rssi=0.1"
0023,SENSOR,1,UNIFIED,"t=72 [HELLO_TX] bat=100% nbr=12"
0023,SENSOR,1,UNIFIED,"t=79 [HELLO_TX] bat=100% nbr=12"
0023,SENSOR,1,UNIFIED,"t=89 [HELLO_TX] bat=100% nbr=12"
0023,SENSOR,1,UNIFIED,"t=97 [HELLO_TX] bat=100% nbr=12"
0023,SENSOR,1,UNIFIED,"t=102 [HELLO_TX] bat=100% nbr=12"
0023,SENSOR,1,UNIFIED,"t=107 [HELLO_TX] bat=100% nbr=12"
0023,SENSOR,1,UNIFIED,"t=112 [HELLO_TX] bat=100% nbr=12"
0023,SENSOR,1,UNIFIED,"t=122 [HELLO_TX] bat=100% nbr=12"
0023,SENSOR,1,UNIFIED,"t=128 [HELLO_TX] bat=100% nbr=12"
0023,SENSOR,1,UNIFIED,"t=133 [HELLO_TX] bat=100% nbr=12"
0023,SENSOR,1,UNIFIED,"t=137 [HELLO_TX] bat=100% nbr=12"
0023,SENSOR,1,UNIFIED,"t=141 [HELLO_TX] bat=100% nbr=12"
0023,SENSOR,1,UNIFIED,"t=148 [HELLO_TX] bat=100% nbr=12"
0023,SENSOR,1,UNIFIED,"t=153 [HELLO_TX] bat=100% nbr=12"
0023,SENSOR,1,UNIFIED,"t=160 [HELLO_TX] bat=100% nbr=12"
0023,SENSOR,1,UNIFIED,"t=169 [HELLO_TX] bat=100% nbr=12"
0023,SENSOR,1,UNIFIED,"t=176 [HELLO_TX] bat=100% nbr=12"
0023,SENSOR,1,UNIFIED,"t=185 [HELLO_TX] bat=100% nbr=12"
0023,SENSOR,1,UNIFIED,"t=192 [HELLO_TX] bat=100% nbr=12"
0023,SENSOR,1,UNIFIED,"t=199 [HELLO_TX] bat=100% nbr=12"
0023,SENSOR,1,UNIFIED,"t=207 [HELLO_TX] bat=100% nbr=12"
0023,SENSOR,1,UNIFIED,"t=213 [HELLO_TX] bat=100% nbr=12"
0023,SENSOR,1,UNIFIED,"t=223 [HELLO_TX] bat=100% nbr=12"
0023,SENSOR,1,UNIFIED,"t=227 [HELLO_TX] bat=100% nbr=12"
0023,SENSOR,1,UNIFIED,"t=231 [HELLO_TX] bat=100% nbr=12"
0023,SENSOR,1,UNIFIED,"t=237 [HELLO_TX] bat=100% nbr=12"
0023,SENSOR,1,UNIFIED,"t=243 [HELLO_RX] NEW FF05 tier=3(GWN) verified=1 rssi=0.1"
0023,SENSOR,1,UNIFIED,"t=245 [HELLO_TX] bat=100% nbr=13"
0024,SENSOR,1,UNIFIED,"t=4 [HELLO_RX] NEW 004B tier=1(UNK) verified=0 rssi=0.3"
0024,SENSOR,1,UNIFIED,"t=5 [HELLO_RX] NEW 0034 tier=1(UNK) verified=0 rssi=2.9"
0024,SENSOR,1,UNIFIED,"t=6 [HELLO_RX] NEW AA06 tier=2(CH) verified=0 rssi=0.7"
0024,SENSOR,1,UNIFIED,"t=7 [HELLO_TX] bat=100% nbr=3"
0024,SENSOR,1,UNIFIED,"t=7 [HELLO_RX] NEW 000E tier=1(UNK) verified=0 rssi=4.0"
0024,SENSOR,1,UNIFIED,"t=8 [HELLO_RX] NEW 000B tier=1(UNK) verified=0 rssi=0.6"
0024,SENSOR,1,UNIFIED,"t=10 [HELLO_RX] NEW FF05 tier=3(GWN) verified=0 rssi=1.4"
0024,SENSOR,1,UNIFIED,"t=11 [HELLO_RX] NEW 002A tier=1(UNK) verified=0 rssi=4.1"
0024,SENSOR,1,UNIFIED,"t=12 [HELLO_RX] NEW FF01 tier=3(GWN) verified=0 rssi=1.0"
0024,SENSOR,1,UNIFIED,"t=14 [HELLO_RX] NEW AA0A tier=2(CH) verified=0 rssi=2.5"
0024,SENSOR,1,UNIFIED,"t=15 [HELLO_TX] bat=100% nbr=9"
0024,SENSOR,1,UNIFIED,"t=15 [HELLO_RX] NEW FF08 tier=3(GWN) verified=0 rssi=0.6"
0024,SENSOR,1,UNIFIED,"t=22 [HELLO_TX] bat=100% nbr=10"
0024,SENSOR,1,UNIFIED,"t=22 [HELLO_RX] NEW 001A tier=1(UNK) verified=0 rssi=0.4"
0024,SENSOR,1,UNIFIED,"t=26 [HELLO_RX] NEW FF0C tier=3(GWN) verified=0 rssi=1.5"
0024,SENSOR,1,UNIFIED,"t=27 [HELLO_TX] bat=100% nbr=12"
0024,SENSOR,1,UNIFIED,"t=28 [HELLO_RX] NEW 004F tier=1(UNK) verified=0 rssi=0.5"
0024,SENSOR,1,UNIFIED,"t=30 [HELLO_RX] NEW 0052 tier=1(UNK) verified=0 rssi=0.6"
0024,SENSOR,1,UNIFIED,"t=31 [HELLO_TX] bat=100% nbr=14"
0024,SENSOR,1,UNIFIED,"t=35 [HELLO_TX] bat=100% nbr=14"
0024,SENSOR,1,UNIFIED,"t=44 [HELLO_RX] NEW 004A tier=1(UNK) verified=0 rssi=0.3"
0024,SENSOR,1,UNIFIED,"t=45 [HELLO_TX] bat=100% nbr=15"
0024,SENSOR,1,UNIFIED,"t=50 [HELLO_RX] NEW FF0A tier=3(GWN) verified=0 rssi=0.1"
0024,SENSOR,1,UNIFIED,"t=52 [HELLO_RX] NEW 0025 tier=1(UNK) verified=0 rssi=0.7"
0024,SENSOR,1,UNIFIED,"t=53 [HELLO_TX] bat=100% nbr=17"
0024,SENSOR,1,UNIFIED,"t=61 [HELLO_TX] bat=100% nbr=17"
0024,SENSOR,1,UNIFIED,"t=61 [HELLO_RX] NEW FF0B tier=3(GWN) verified=0 rssi=0.1"
0024,SENSOR,1,UNIFIED,"t=65 [HELLO_TX] bat=100% nbr=18"
0024,SENSOR,1,UNIFIED,"t=69 [HELLO_RX] NEW 0013 tier=1(UNK) verified=0 rssi=0.3"
0024,SENSOR,1,UNIFIED,"t=72 [HELLO_TX] bat=100% nbr=19"
0024,SENSOR,1,UNIFIED,"t=77 [HELLO_TX] bat=100% nbr=19"
0024,SENSOR,1,UNIFIED,"t=83 [HELLO_RX] NEW 004E tier=1(UNK) verified=0 rssi=0.4"
0024,SENSOR,1,UNIFIED,"t=87 [HELLO_TX] bat=100% nbr=20"
0024,SENSOR,1,UNIFIED,"t=93 [HELLO_TX] bat=100% nbr=20"
0024,SENSOR,1,UNIFIED,"t=103 [HELLO_TX] bat=100% nbr=20"
0024,SENSOR,1,UNIFIED,"t=107 [HELLO_TX] bat=100% nbr=20"
0024,SENSOR,1,UNIFIED,"t=115 [HELLO_TX] bat=100% nbr=20"
0024,SENSOR,1,UNIFIED,"t=120 [HELLO_TX] bat=100% nbr=20"
0024,SENSOR,1,UNIFIED,"t=130 [HELLO_TX] bat=100% nbr=20"
0024,SENSOR,1,UNIFIED,"t=133 [HELLO_RX] NEW 0015 tier=1(UNK) verified=0 rssi=0.3"
0024,SENSOR,1,UNIFIED,"t=137 [HELLO_TX] bat=100% nbr=21"
0024,SENSOR,1,UNIFIED,"t=143 [HELLO_TX] bat=100% nbr=21"
0024,SENSOR,1,UNIFIED,"t=148 [HELLO_TX] bat=100% nbr=21"
0024,SENSOR,1,UNIFIED,"t=151 [HELLO_RX] NEW 000D tier=1(UNK) verified=0 rssi=0.2"
0024,SENSOR,1,UNIFIED,"t=153 [HELLO_TX] bat=100% nbr=22"
0024,SENSOR,1,UNIFIED,"t=157 [HELLO_TX] bat=100% nbr=22"
0024,SENSOR,1,UNIFIED,"t=162 [HELLO_RX] NEW 001B tier=1(UNK) verified=0 rssi=0.2"
0024,SENSOR,1,UNIFIED,"t=164 [HELLO_TX] bat=100% nbr=23"
0024,SENSOR,1,UNIFIED,"t=172 [HELLO_TX] bat=100% nbr=23"
0024,SENSOR,1,UNIFIED,"t=177 [HELLO_TX] bat=100% nbr=23"
0024,SENSOR,1,UNIFIED,"t=179 [HELLO_RX] NEW 0036 tier=1(UNK) verified=0 rssi=0.3"
0024,SENSOR,1,UNIFIED,"t=187 [HELLO_TX] bat=100% nbr=24"
0024,SENSOR,1,UNIFIED,"t=196 [HELLO_TX] bat=100% nbr=24"
0024,SENSOR,1,UNIFIED,"t=200 [HELLO_TX] bat=100% nbr=24"
0024,SENSOR,1,UNIFIED,"t=207 [HELLO_TX] bat=100% nbr=24"
0024,SENSOR,1,UNIFIED,"t=215 [HELLO_TX] bat=100% nbr=24"
0024,SENSOR,1,UNIFIED,"t=219 [HELLO_TX] bat=100% nbr=24"
0024,SENSOR,1,UNIFIED,"t=227 [HELLO_TX] bat=100% nbr=24"
0024,SENSOR,1,UNIFIED,"t=235 [HELLO_TX] bat=100% nbr=24"
0024,SENSOR,1,UNIFIED,"t=240 [HELLO_TX] bat=100% nbr=24"
0024,SENSOR,1,UNIFIED,"t=246 [HELLO_RX] NEW 0039 tier=1(UNK) verified=0 rssi=0.2"
0025,SENSOR,1,UNIFIED,"t=4 [HELLO_RX] NEW 0036 tier=1(UNK) verified=0 rssi=2.4"
0025,SENSOR,1,UNIFIED,"t=5 [HELLO_RX] NEW AA0A tier=2(CH) verified=0 rssi=1.4"
0025,SENSOR,1,UNIFIED,"t=6 [HELLO_TX] bat=100% nbr=2"
0025,SENSOR,1,UNIFIED,"t=6 [HELLO_RX] NEW 002A tier=1(UNK) verified=0 rssi=2.7"
0025,SENSOR,1,UNIFIED,"t=7 [HELLO_RX] NEW 000E tier=1(UNK) verified=0 rssi=2.9"
0025,SENSOR,1,UNIFIED,"t=9 [HELLO_RX] NEW 000F tier=1(UNK) verified=0 rssi=0.2"
0025,SENSOR,1,UNIFIED,"t=10 [HELLO_RX] NEW FF05 tier=3(GWN) verified=0 rssi=0.4"
0025,SENSOR,1,UNIFIED,"t=12 [HELLO_RX] NEW FF01 tier=3(GWN) verified=0 rssi=0.6"
0025,SENSOR,1,UNIFIED,"t=15 [HELLO_TX] bat=100% nbr=7"
0025,SENSOR,1,UNIFIED,"t=15 [HELLO_RX] NEW 0013 tier=1(UNK) verified=0 rssi=1.0"
0025,SENSOR,1,UNIFIED,"t=19 [HELLO_TX] bat=100% nbr=8"
0025,SENSOR,1,UNIFIED,"t=19 [HELLO_RX] NEW 004B tier=1(UNK) verified=0 rssi=0.4"
0025,SENSOR,1,UNIFIED,"t=22 [HELLO_RX] NEW 0024 tier=1(UNK) verified=0 rssi=0.7"
0025,SENSOR,1,UNIFIED,"t=26 [HELLO_RX] NEW FF0C tier=3(GWN) verified=0 rssi=0.4"
0025,SENSOR,1,UNIFIED,"t=28 [HELLO_TX] bat=100% nbr=11"
0025,SENSOR,1,UNIFIED,"t=28 [HELLO_RX] NEW 0039 tier=1(UNK) verified=0 rssi=0.3"
0025,SENSOR,1,UNIFIED,"t=30 [HELLO_RX] NEW 000B tier=1(UNK) verified=0 rssi=0.2"
0025,SENSOR,1,UNIFIED,"t=34 [HELLO_TX] bat=100% nbr=13"
0025,SENSOR,1,UNIFIED,"t=42 [HELLO_TX] bat=100% nbr=13"
0025,SENSOR,1,UNIFIED,"t=42 [HELLO_RX] NEW 0035 tier=1(UNK) verified=0 rssi=0.7"
0025,SENSOR,1,UNIFIED,"t=52 [HELLO_TX] bat=100% nbr=14"
0025,SENSOR,1,UNIFIED,"t=59 [HELLO_RX] NEW AA06 tier=2(CH) verified=0 rssi=0.5"
0025,SENSOR,1,UNIFIED,"t=62 [HELLO_TX] bat=100% nbr=15"
0025,SENSOR,1,UNIFIED,"t=63 [HELLO_RX] NEW FF0A tier=3(GWN) verified=1 rssi=0.1"
0025,SENSOR,1,UNIFIED,"t=64 [HELLO_RX] NEW 0052 tier=1(UNK) verified=0 rssi=1.3"
0025,SENSOR,1,UNIFIED,"t=67 [HELLO_RX] NEW 0034 tier=1(UNK) verified=0 rssi=0.3"
0025,SENSOR,1,UNIFIED,"t=71 [HELLO_TX] bat=100% nbr=18"
0025,SENSOR,1,UNIFIED,"t=73 [HELLO_RX] NEW FF08 tier=3(GWN) verified=1 rssi=0.3"
0025,SENSOR,1,UNIFIED,"t=76 [HELLO_TX] bat=100% nbr=19"
0025,SENSOR,1,UNIFIED,"t=81 [HELLO_TX] bat=100% nbr=19"
0025,SENSOR,1,UNIFIED,"t=86 [HELLO_TX] bat=100% nbr=19"
0025,SENSOR,1,UNIFIED,"t=94 [HELLO_TX] bat=100% nbr=19"
0025,SENSOR,1,UNIFIED,"t=98 [HELLO_TX] bat=100% nbr=19"
0025,SENSOR,1,UNIFIED,"t=105 [HELLO_TX] bat=100% nbr=19"
0025,SENSOR,1,UNIFIED,"t=114 [HELLO_TX] bat=100% nbr=19"
0025,SENSOR,1,UNIFIED,"t=119 [HELLO_TX] bat=100% nbr=19"
0025,SENSOR,1,UNIFIED,"t=129 [HELLO_TX] bat=100% nbr=19"
0025,SENSOR,1,UNIFIED,"t=132 [HELLO_RX] NEW 0038 tier=1(UNK) verified=0 rssi=0.5"
0025,SENSOR,1,UNIFIED,"t=134 [HELLO_TX] bat=100% nbr=20"
0025,SENSOR,1,UNIFIED,"t=135 [HELLO_RX] NEW 004F tier=1(UNK) verified=0 rssi=0.3"
0025,SENSOR,1,UNIFIED,"t=141 [HELLO_TX] bat=100% nbr=21"
0025,SENSOR,1,UNIFIED,"t=147 [HELLO_TX] bat=100% nbr=21"
0025,SENSOR,1,UNIFIED,"t=157 [HELLO_TX] bat=100% nbr=21"
0025,SENSOR,1,UNIFIED,"t=167 [HELLO_TX] bat=100% nbr=21"
0025,SENSOR,1,UNIFIED,"t=171 [HELLO_TX] bat=100% nbr=21"
0025,SENSOR,1,UNIFIED,"t=173 [HELLO_RX] NEW AA02 tier=2(CH) verified=0 rssi=0.3"
0025,SENSOR,1,UNIFIED,"t=176 [HELLO_TX] bat=100% nbr=22"
0025,SENSOR,1,UNIFIED,"t=182 [HELLO_TX] bat=100% nbr=22"
0025,SENSOR,1,UNIFIED,"t=187 [HELLO_TX] bat=100% nbr=22"
0025,SENSOR,1,UNIFIED,"t=192 [HELLO_TX] bat=100% nbr=22"
0025,SENSOR,1,UNIFIED,"t=196 [HELLO_TX] bat=100% nbr=22"
0025,SENSOR,1,UNIFIED,"t=200 [HELLO_TX] bat=100% nbr=22"
0025,SENSOR,1,UNIFIED,"t=205 [HELLO_TX] bat=100% nbr=22"
0025,SENSOR,1,UNIFIED,"t=215 [HELLO_TX] bat=100% nbr=22"
0025,SENSOR,1,UNIFIED,"t=225 [HELLO_TX] bat=100% nbr=22"
0025,SENSOR,1,UNIFIED,"t=233 [HELLO_TX] bat=100% nbr=22"
0025,SENSOR,1,UNIFIED,"t=237 [HELLO_TX] bat=100% nbr=22"
0025,SENSOR,1,UNIFIED,"t=242 [HELLO_TX] bat=100% nbr=22"
0025,SENSOR,1,UNIFIED,"t=249 [HELLO_TX] bat=100% nbr=22"
0026,SENSOR,1,UNIFIED,"t=4 [HELLO_TX] bat=100% nbr=0"
0026,SENSOR,1,UNIFIED,"t=4 [HELLO_RX] NEW 0021 tier=1(UNK) verified=0 rssi=0.7"
0026,SENSOR,1,UNIFIED,"t=5 [HELLO_RX] NEW FF04 tier=3(GWN) verified=0 rssi=1.5"
0026,SENSOR,1,UNIFIED,"t=7 [HELLO_RX] NEW AA0C tier=2(CH) verified=0 rssi=0.4"
0026,SENSOR,1,UNIFIED,"t=8 [HELLO_RX] NEW 0060 tier=1(UNK) verified=0 rssi=0.9"
0026,SENSOR,1,UNIFIED,"t=9 [HELLO_RX] NEW 0064 tier=1(UNK) verified=0 rssi=1.6"
0026,SENSOR,1,UNIFIED,"t=10 [HELLO_RX] NEW 0061 tier=1(UNK) verified=0 rssi=2.1"
0026,SENSOR,1,UNIFIED,"t=11 [HELLO_TX] bat=100% nbr=6"
0026,SENSOR,1,UNIFIED,"t=11 [HELLO_RX] NEW 0008 tier=1(UNK) verified=0 rssi=0.2"
0026,SENSOR,1,UNIFIED,"t=16 [HELLO_RX] NEW AA03 tier=2(CH) verified=0 rssi=0.5"
0026,SENSOR,1,UNIFIED,"t=20 [HELLO_TX] bat=100% nbr=8"
0026,SENSOR,1,UNIFIED,"t=22 [HELLO_RX] NEW FF02 tier=3(GWN) verified=0 rssi=0.7"
0026,SENSOR,1,UNIFIED,"t=25 [HELLO_RX] NEW 001E tier=1(UNK) verified=0 rssi=0.5"
0026,SENSOR,1,UNIFIED,"t=26 [HELLO_TX] bat=100% nbr=10"
0026,SENSOR,1,UNIFIED,"t=27 [HELLO_RX] NEW 0012 tier=1(UNK) verified=0 rssi=0.5"
0026,SENSOR,1,UNIFIED,"t=33 [HELLO_RX] NEW AA0B tier=2(CH) verified=0 rssi=0.3"
0026,SENSOR,1,UNIFIED,"t=34 [HELLO_TX] bat=100% nbr=12"
0026,SENSOR,1,UNIFIED,"t=36 [HELLO_RX] NEW FF03 tier=3(GWN) verified=0 rssi=0.6"
0026,SENSOR,1,UNIFIED,"t=41 [HELLO_TX] bat=100% nbr=13"
0026,SENSOR,1,UNIFIED,"t=50 [HELLO_TX] bat=100% nbr=13"
0026,SENSOR,1,UNIFIED,"t=57 [HELLO_RX] NEW 0010 tier=1(UNK) verified=0 rssi=0.2"
0026,SENSOR,1,UNIFIED,"t=59 [HELLO_TX] bat=100% nbr=14"
0026,SENSOR,1,UNIFIED,"t=65 [HELLO_TX] bat=100% nbr=14"
0026,SENSOR,1,UNIFIED,"t=73 [HELLO_TX] bat=100% nbr=14"
0026,SENSOR,1,UNIFIED,"t=82 [HELLO_TX] bat=100% nbr=14"
0026,SENSOR,1,UNIFIED,"t=82 [HELLO_RX] NEW 0005 tier=1(UNK) verified=0 rssi=0.3"
0026,SENSOR,1,UNIFIED,"t=88 [HELLO_TX] bat=100% nbr=15"
0026,SENSOR,1,UNIFIED,"t=95 [HELLO_TX] bat=100% nbr=15"
0026,SENSOR,1,UNIFIED,"t=95 [HELLO_RX] NEW 0059 tier=1(UNK) verified=0 rssi=0.2"
0026,SENSOR,1,UNIFIED,"t=103 [HELLO_TX] bat=100% nbr=16"
0026,SENSOR,1,UNIFIED,"t=113 [HELLO_TX] bat=100% nbr=16"
0026,SENSOR,1,UNIFIED,"t=117 [HELLO_RX] NEW AA05 tier=2(CH) verified=0 rssi=0.3"
0026,SENSOR,1,UNIFIED,"t=119 [HELLO_TX] bat=100% nbr=17"
0026,SENSOR,1,UNIFIED,"t=128 [HELLO_TX] bat=100% nbr=17"
0026,SENSOR,1,UNIFIED,"t=133 [HELLO_TX] bat=100% nbr=17"
0026,SENSOR,1,UNIFIED,"t=139 [HELLO_TX] bat=100% nbr=17"
0026,SENSOR,1,UNIFIED,"t=149 [HELLO_TX] bat=100% nbr=17"
0026,SENSOR,1,UNIFIED,"t=155 [HELLO_TX] bat=100% nbr=17"
0026,SENSOR,1,UNIFIED,"t=161 [HELLO_TX] bat=100% nbr=17"
0026,SENSOR,1,UNIFIED,"t=167 [HELLO_TX] bat=100% nbr=17"
0026,SENSOR,1,UNIFIED,"t=177 [HELLO_TX] bat=100% nbr=17"
0026,SENSOR,1,UNIFIED,"t=183 [HELLO_TX] bat=100% nbr=17"
0026,SENSOR,1,UNIFIED,"t=188 [HELLO_TX] bat=100% nbr=17"
0026,SENSOR,1,UNIFIED,"t=194 [HELLO_RX] NEW 0027 tier=1(UNK) verified=0 rssi=0.3"
0026,SENSOR,1,UNIFIED,"t=196 [HELLO_TX] bat=100% nbr=18"
0026,SENSOR,1,UNIFIED,"t=203 [HELLO_TX] bat=100% nbr=18"
0026,SENSOR,1,UNIFIED,"t=211 [HELLO_TX] bat=100% nbr=18"
0026,SENSOR,1,UNIFIED,"t=219 [HELLO_TX] bat=100% nbr=18"
0026,SENSOR,1,UNIFIED,"t=225 [HELLO_TX] bat=100% nbr=18"
0026,SENSOR,1,UNIFIED,"t=230 [HELLO_TX] bat=100% nbr=18"
0026,SENSOR,1,UNIFIED,"t=238 [HELLO_TX] bat=100% nbr=18"
0026,SENSOR,1,UNIFIED,"t=248 [HELLO_TX] bat=100% nbr=18"
0027,SENSOR,1,UNIFIED,"t=4 [HELLO_RX] NEW FF09 tier=3(GWN) verified=0 rssi=0.2"
0027,SENSOR,1,UNIFIED,"t=5 [HELLO_TX] bat=100% nbr=1"
0027,SENSOR,1,UNIFIED,"t=5 [HELLO_RX] NEW FF04 tier=3(GWN) verified=0 rssi=5.1"
0027,SENSOR,1,UNIFIED,"t=6 [HELLO_RX] NEW FF03 tier=3(GWN) verified=0 rssi=11.6"
0027,SENSOR,1,UNIFIED,"t=8 [HELLO_RX] NEW 001E tier=1(UNK) verified=0 rssi=5.0"
0027,SENSOR,1,UNIFIED,"t=9 [HELLO_RX] NEW 0064 tier=1(UNK) verified=0 rssi=0.6"
0027,SENSOR,1,UNIFIED,"t=10 [HELLO_RX] NEW FF02 tier=3(GWN) verified=0 rssi=4.4"
0027,SENSOR,1,UNIFIED,"t=11 [HELLO_RX] NEW 0008 tier=1(UNK) verified=0 rssi=6.9"
0027,SENSOR,1,UNIFIED,"t=13 [HELLO_TX] bat=100% nbr=7"
0027,SENSOR,1,UNIFIED,"t=18 [HELLO_TX] bat=100% nbr=7"
0027,SENSOR,1,UNIFIED,"t=19 [HELLO_RX] NEW 0061 tier=1(UNK) verified=0 rssi=1.2"
0027,SENSOR,1,UNIFIED,"t=22 [HELLO_TX] bat=100% nbr=8"
0027,SENSOR,1,UNIFIED,"t=27 [HELLO_RX] NEW 0012 tier=1(UNK) verified=0 rssi=0.3"
0027,SENSOR,1,UNIFIED,"t=32 [HELLO_TX] bat=100% nbr=9"
0027,SENSOR,1,UNIFIED,"t=42 [HELLO_TX] bat=100% nbr=9"
0027,SENSOR,1,UNIFIED,"t=51 [HELLO_TX] bat=100% nbr=9"
0027,SENSOR,1,UNIFIED,"t=57 [HELLO_TX] bat=100% nbr=9"
0027,SENSOR,1,UNIFIED,"t=59 [HELLO_RX] NEW 0026 tier=1(UNK) verified=0 rssi=0.3"
0027,SENSOR,1,UNIFIED,"t=63 [HELLO_TX] bat=100% nbr=10"
0027,SENSOR,1,UNIFIED,"t=64 [HELLO_RX] NEW AA05 tier=2(CH) verified=0 rssi=0.3"
0027,SENSOR,1,UNIFIED,"t=67 [HELLO_RX] NEW 002F tier=1(UNK) verified=0 rssi=0.3"
0027,SENSOR,1,UNIFIED,"t=69 [HELLO_TX] bat=100% nbr=12"
0027,SENSOR,1,UNIFIED,"t=77 [HELLO_TX] bat=100% nbr=12"
0027,SENSOR,1,UNIFIED,"t=81 [HELLO_TX] bat=100% nbr=12"
0027,SENSOR,1,UNIFIED,"t=91 [HELLO_TX] bat=100% nbr=12"
0027,SENSOR,1,UNIFIED,"t=95 [HELLO_TX] bat=100% nbr=12"
0027,SENSOR,1,UNIFIED,"t=104 [HELLO_TX] bat=100% nbr=12"
0027,SENSOR,1,UNIFIED,"t=112 [HELLO_TX] bat=100% nbr=12"
0027,SENSOR,1,UNIFIED,"t=118 [HELLO_TX] bat=100% nbr=12"
0027,SENSOR,1,UNIFIED,"t=125 [HELLO_TX] bat=100% nbr=12"
0027,SENSOR,1,UNIFIED,"t=131 [HELLO_TX] bat=100% nbr=12"
0027,SENSOR,1,UNIFIED,"t=136 [HELLO_TX] bat=100% nbr=12"
0027,SENSOR,1,UNIFIED,"t=143 [HELLO_TX] bat=100% nbr=12"
0027,SENSOR,1,UNIFIED,"t=148 [HELLO_TX] bat=100% nbr=12"
0027,SENSOR,1,UNIFIED,"t=152 [HELLO_TX] bat=100% nbr=12"
0027,SENSOR,1,UNIFIED,"t=156 [HELLO_TX] bat=100% nbr=12"
0027,SENSOR,1,UNIFIED,"t=165 [HELLO_TX] bat=100% nbr=12"
0027,SENSOR,1,UNIFIED,"t=171 [HELLO_TX] bat=100% nbr=12"
0027,SENSOR,1,UNIFIED,"t=181 [HELLO_TX] bat=100% nbr=12"
0027,SENSOR,1,UNIFIED,"t=190 [HELLO_TX] bat=100% nbr=12"
0027,SENSOR,1,UNIFIED,"t=194 [HELLO_TX] bat=100% nbr=12"
0027,SENSOR,1,UNIFIED,"t=198 [HELLO_TX] bat=100% nbr=12"
0027,SENSOR,1,UNIFIED,"t=206 [HELLO_TX] bat=100% nbr=12"
0027,SENSOR,1,UNIFIED,"t=216 [HELLO_TX] bat=100% nbr=12"
0027,SENSOR,1,UNIFIED,"t=223 [HELLO_TX] bat=100% nbr=12"
0027,SENSOR,1,UNIFIED,"t=229 [HELLO_TX] bat=100% nbr=12"
0027,SENSOR,1,UNIFIED,"t=234 [HELLO_TX] bat=100% nbr=12"
0027,SENSOR,1,UNIFIED,"t=244 [HELLO_TX] bat=100% nbr=12"
0028,SENSOR,1,UNIFIED,"t=4 [HELLO_RX] NEW 005E tier=1(UNK) verified=0 rssi=0.7"
0028,SENSOR,1,UNIFIED,"t=5 [HELLO_RX] NEW 0063 tier=1(UNK) verified=0 rssi=0.9"
0028,SENSOR,1,UNIFIED,"t=6 [HELLO_RX] NEW 0029 tier=1(UNK) verified=0 rssi=2.1"
0028,SENSOR,1,UNIFIED,"t=9 [HELLO_TX] bat=100% nbr=3"
0028,SENSOR,1,UNIFIED,"t=13 [HELLO_TX] bat=100% nbr=3"
0028,SENSOR,1,UNIFIED,"t=15 [HELLO_RX] NEW 0033 tier=1(UNK) verified=0 rssi=0.2"
0028,SENSOR,1,UNIFIED,"t=19 [HELLO_RX] NEW 005D tier=1(UNK) verified=0 rssi=0.3"
0028,SENSOR,1,UNIFIED,"t=20 [HELLO_TX] bat=100% nbr=5"
0028,SENSOR,1,UNIFIED,"t=22 [HELLO_RX] NEW 0019 tier=1(UNK) verified=0 rssi=0.5"
0028,SENSOR,1,UNIFIED,"t=23 [HELLO_RX] NEW 0056 tier=1(UNK) verified=0 rssi=1.5"
0028,SENSOR,1,UNIFIED,"t=25 [HELLO_TX] bat=100% nbr=7"
0028,SENSOR,1,UNIFIED,"t=31 [HELLO_RX] NEW 0004 tier=1(UNK) verified=0 rssi=0.5"
0028,SENSOR,1,UNIFIED,"t=33 [HELLO_TX] bat=100% nbr=8"
0028,SENSOR,1,UNIFIED,"t=37 [HELLO_RX] NEW 0020 tier=1(UNK) verified=0 rssi=0.2"
0028,SENSOR,1,UNIFIED,"t=42 [HELLO_TX] bat=100% nbr=9"
0028,SENSOR,1,UNIFIED,"t=50 [HELLO_RX] NEW 0058 tier=1(UNK) verified=0 rssi=0.3"
0028,SENSOR,1,UNIFIED,"t=51 [HELLO_TX] bat=100% nbr=10"
0028,SENSOR,1,UNIFIED,"t=58 [HELLO_TX] bat=100% nbr=10"
0028,SENSOR,1,UNIFIED,"t=58 [HELLO_RX] NEW AA09 tier=2(CH) verified=0 rssi=0.2"
0028,SENSOR,1,UNIFIED,"t=66 [HELLO_TX] bat=100% nbr=11"
0028,SENSOR,1,UNIFIED,"t=74 [HELLO_TX] bat=100% nbr=11"
0028,SENSOR,1,UNIFIED,"t=81 [HELLO_TX] bat=100% nbr=11"
0028,SENSOR,1,UNIFIED,"t=89 [HELLO_TX] bat=100% nbr=11"
0028,SENSOR,1,UNIFIED,"t=96 [HELLO_TX] bat=100% nbr=11"
0028,SENSOR,1,UNIFIED,"t=98 [HELLO_RX] NEW 0062 tier=1(UNK) verified=0 rssi=0.3"
0028,SENSOR,1,UNIFIED,"t=102 [HELLO_RX] NEW 0016 tier=1(UNK) verified=0 rssi=0.2"
0028,SENSOR,1,UNIFIED,"t=103 [HELLO_TX] bat=100% nbr=13"
0028,SENSOR,1,UNIFIED,"t=112 [HELLO_TX] bat=100% nbr=13"
0028,SENSOR,1,UNIFIED,"t=121 [HELLO_TX] bat=100% nbr=13"
0028,SENSOR,1,UNIFIED,"t=127 [HELLO_TX] bat=100% nbr=13"
0028,SENSOR,1,UNIFIED,"t=132 [HELLO_TX] bat=100% nbr=13"
0028,SENSOR,1,UNIFIED,"t=134 [HELLO_RX] NEW FF06 tier=3(GWN) verified=1 rssi=0.2"
0028,SENSOR,1,UNIFIED,"t=136 [HELLO_RX] NEW FF01 tier=3(GWN) verified=1 rssi=0.1"
0028,SENSOR,1,UNIFIED,"t=138 [HELLO_TX] bat=100% nbr=15"
0028,SENSOR,1,UNIFIED,"t=138 [HELLO_RX] NEW FF09 tier=3(GWN) verified=1 rssi=0.1"
0028,SENSOR,1,UNIFIED,"t=143 [HELLO_TX] bat=100% nbr=16"
0028,SENSOR,1,UNIFIED,"t=147 [HELLO_TX] bat=100% nbr=16"
0028,SENSOR,1,UNIFIED,"t=155 [HELLO_TX] bat=100% nbr=16"
0028,SENSOR,1,UNIFIED,"t=163 [HELLO_TX] bat=100% nbr=16"
0028,SENSOR,1,UNIFIED,"t=171 [HELLO_TX] bat=100% nbr=16"
0028,SENSOR,1,UNIFIED,"t=181 [HELLO_TX] bat=100% nbr=16"
0028,SENSOR,1,UNIFIED,"t=189 [HELLO_TX] bat=100% nbr=16"
0028,SENSOR,1,UNIFIED,"t=197 [HELLO_TX] bat=100% nbr=16"
0028,SENSOR,1,UNIFIED,"t=204 [HELLO_TX] bat=100% nbr=16"
0028,SENSOR,1,UNIFIED,"t=210 [HELLO_TX] bat=100% nbr=16"
0028,SENSOR,1,UNIFIED,"t=214 [HELLO_RX] NEW FF08 tier=3(GWN) verified=1 rssi=0.1"
0028,SENSOR,1,UNIFIED,"t=218 [HELLO_TX] bat=100% nbr=17"
0028,SENSOR,1,UNIFIED,"t=227 [HELLO_TX] bat=100% nbr=17"
0028,SENSOR,1,UNIFIED,"t=229 [HELLO_RX] NEW 0042 tier=1(UNK) verified=0 rssi=0.2"
0028,SENSOR,1,UNIFIED,"t=237 [HELLO_TX] bat=100% nbr=18"
0028,SENSOR,1,UNIFIED,"t=242 [HELLO_TX] bat=100% nbr=18"
0029,SENSOR,1,UNIFIED,"t=4 [HELLO_RX] NEW 005E tier=1(UNK) verified=0 rssi=1.8"
0029,SENSOR,1,UNIFIED,"t=5 [HELLO_RX] NEW 0033 tier=1(UNK) verified=0 rssi=0.7"
0029,SENSOR,1,UNIFIED,"t=6 [HELLO_TX] bat=100% nbr=2"
0029,SENSOR,1,UNIFIED,"t=6 [HELLO_RX] NEW 0056 tier=1(UNK) verified=0 rssi=0.5"
0029,SENSOR,1,UNIFIED,"t=7 [HELLO_RX] NEW 0004 tier=1(UNK) verified=0 rssi=1.0"
0029,SENSOR,1,UNIFIED,"t=9 [HELLO_RX] NEW 0028 tier=1(UNK) verified=0 rssi=2.1"
0029,SENSOR,1,UNIFIED,"t=10 [HELLO_TX] bat=100% nbr=5"
0029,SENSOR,1,UNIFIED,"t=14 [HELLO_RX] NEW 005D tier=1(UNK) verified=0 rssi=1.1"
0029,SENSOR,1,UNIFIED,"t=16 [HELLO_TX] bat=100% nbr=6"
0029,SENSOR,1,UNIFIED,"t=17 [HELLO_RX] NEW 0020 tier=1(UNK) verified=0 rssi=0.2"
0029,SENSOR,1,UNIFIED,"t=18 [HELLO_RX] NEW 0047 tier=1(UNK) verified=0 rssi=0.2"
0029,SENSOR,1,UNIFIED,"t=26 [HELLO_TX] bat=100% nbr=8"
0029,SENSOR,1,UNIFIED,"t=33 [HELLO_TX] bat=100% nbr=8"
0029,SENSOR,1,UNIFIED,"t=42 [HELLO_TX] bat=100% nbr=8"
0029,SENSOR,1,UNIFIED,"t=46 [HELLO_TX] bat=100% nbr=8"
0029,SENSOR,1,UNIFIED,"t=50 [HELLO_RX] NEW 0044 tier=1(UNK) verified=0 rssi=0.3"
0029,SENSOR,1,UNIFIED,"t=54 [HELLO_RX] NEW 003F tier=1(UNK) verified=0 rssi=0.2"
0029,SENSOR,1,UNIFIED,"t=55 [HELLO_TX] bat=100% nbr=10"
0029,SENSOR,1,UNIFIED,"t=65 [HELLO_TX] bat=100% nbr=10"
0029,SENSOR,1,UNIFIED,"t=65 [HELLO_RX] NEW 0042 tier=1(UNK) verified=0 rssi=0.3"
0029,SENSOR,1,UNIFIED,"t=72 [HELLO_RX] NEW 0063 tier=1(UNK) verified=0 rssi=0.3"
0029,SENSOR,1,UNIFIED,"t=73 [HELLO_TX] bat=100% nbr=12"
0029,SENSOR,1,UNIFIED,"t=80 [HELLO_TX] bat=100% nbr=12"
0029,SENSOR,1,UNIFIED,"t=86 [HELLO_TX] bat=100% nbr=12"
0029,SENSOR,1,UNIFIED,"t=90 [HELLO_TX] bat=100% nbr=12"
0029,SENSOR,1,UNIFIED,"t=91 [HELLO_RX] NEW 0019 tier=1(UNK) verified=0 rssi=0.2"
0029,SENSOR,1,UNIFIED,"t=95 [HELLO_RX] NEW FF06 tier=3(GWN) verified=1 rssi=0.1"
0029,SENSOR,1,UNIFIED,"t=96 [HELLO_TX] bat=100% nbr=14"
0029,SENSOR,1,UNIFIED,"t=106 [HELLO_TX] bat=100% nbr=14"
0029,SENSOR,1,UNIFIED,"t=112 [HELLO_TX] bat=100% nbr=14"
0029,SENSOR,1,UNIFIED,"t=116 [HELLO_TX] bat=100% nbr=14"
0029,SENSOR,1,UNIFIED,"t=126 [HELLO_TX] bat=100% nbr=14"
0029,SENSOR,1,UNIFIED,"t=133 [HELLO_TX] bat=100% nbr=14"
0029,SENSOR,1,UNIFIED,"t=143 [HELLO_TX] bat=100% nbr=14"
0029,SENSOR,1,UNIFIED,"t=148 [HELLO_TX] bat=100% nbr=14"
0029,SENSOR,1,UNIFIED,"t=155 [HELLO_TX] bat=100% nbr=14"
0029,SENSOR,1,UNIFIED,"t=161 [HELLO_TX] bat=100% nbr=14"
0029,SENSOR,1,UNIFIED,"t=166 [HELLO_TX] bat=100% nbr=14"
0029,SENSOR,1,UNIFIED,"t=173 [HELLO_TX] bat=100% nbr=14"
0029,SENSOR,1,UNIFIED,"t=177 [HELLO_TX] bat=100% nbr=14"
0029,SENSOR,1,UNIFIED,"t=183 [HELLO_TX] bat=100% nbr=14"
0029,SENSOR,1,UNIFIED,"t=190 [HELLO_TX] bat=100% nbr=14"
0029,SENSOR,1,UNIFIED,"t=195 [HELLO_TX] bat=100% nbr=14"
0029,SENSOR,1,UNIFIED,"t=200 [HELLO_TX] bat=100% nbr=14"
0029,SENSOR,1,UNIFIED,"t=205 [HELLO_RX] NEW FF09 tier=3(GWN) verified=1 rssi=0.1"
0029,SENSOR,1,UNIFIED,"t=206 [HELLO_TX] bat=100% nbr=15"
0029,SENSOR,1,UNIFIED,"t=206 [HELLO_RX] NEW FF0A tier=3(GWN) verified=1 rssi=0.0"
0029,SENSOR,1,UNIFIED,"t=213 [HELLO_TX] bat=100% nbr=16"
0029,SENSOR,1,UNIFIED,"t=223 [HELLO_TX] bat=100% nbr=16"
0029,SENSOR,1,UNIFIED,"t=232 [HELLO_TX] bat=100% nbr=16"
0029,SENSOR,1,UNIFIED,"t=238 [HELLO_TX] bat=100% nbr=16"
0029,SENSOR,1,UNIFIED,"t=247 [HELLO_TX] bat=100% nbr=16"
002A,SENSOR,1,UNIFIED,"t=4 [HELLO_RX] NEW FF0C tier=3(GWN) verified=0 rssi=0.7"
002A,SENSOR,1,UNIFIED,"t=5 [HELLO_RX] NEW AA0A tier=2(CH) verified=0 rssi=4.8"
002A,SENSOR,1,UNIFIED,"t=6 [HELLO_TX] bat=100% nbr=2"
002A,SENSOR,1,UNIFIED,"t=6 [HELLO_RX] NEW 0025 tier=1(UNK) verified=0 rssi=2.7"
002A,SENSOR,1,UNIFIED,"t=7 [HELLO_RX] NEW 000E tier=1(UNK) verified=0 rssi=7508.9"
002A,SENSOR,1,UNIFIED,"t=8 [HELLO_RX] NEW 0036 tier=1(UNK) verified=0 rssi=0.6"
002A,SENSOR,1,UNIFIED,"t=10 [HELLO_RX] NEW 0052 tier=1(UNK) verified=0 rssi=1.9"
002A,SENSOR,1,UNIFIED,"t=11 [HELLO_TX] bat=100% nbr=6"
002A,SENSOR,1,UNIFIED,"t=11 [HELLO_RX] NEW AA06 tier=2(CH) verified=0 rssi=0.9"
002A,SENSOR,1,UNIFIED,"t=12 [HELLO_RX] NEW FF01 tier=3(GWN) verified=0 rssi=0.7"
002A,SENSOR,1,UNIFIED,"t=13 [HELLO_RX] NEW 004B tier=1(UNK) verified=0 rssi=0.5"
002A,SENSOR,1,UNIFIED,"t=15 [HELLO_RX] NEW 0024 tier=1(UNK) verified=0 rssi=4.1"
002A,SENSOR,1,UNIFIED,"t=18 [HELLO_TX] bat=100% nbr=10"
002A,SENSOR,1,UNIFIED,"t=21 [HELLO_RX] NEW FF05 tier=3(GWN) verified=0 rssi=0.7"
002A,SENSOR,1,UNIFIED,"t=24 [HELLO_TX] bat=100% nbr=11"
002A,SENSOR,1,UNIFIED,"t=31 [HELLO_TX] bat=100% nbr=11"
002A,SENSOR,1,UNIFIED,"t=41 [HELLO_TX] bat=100% nbr=11"
002A,SENSOR,1,UNIFIED,"t=46 [HELLO_TX] bat=100% nbr=11"
002A,SENSOR,1,UNIFIED,"t=54 [HELLO_TX] bat=100% nbr=11"
002A,SENSOR,1,UNIFIED,"t=54 [HELLO_RX] NEW 0013 tier=1(UNK) verified=0 rssi=0.4"
002A,SENSOR,1,UNIFIED,"t=59 [HELLO_RX] NEW 0039 tier=1(UNK) verified=0 rssi=0.3"
002A,SENSOR,1,UNIFIED,"t=60 [HELLO_TX] bat=100% nbr=13"
002A,SENSOR,1,UNIFIED,"t=65 [HELLO_TX] bat=100% nbr=13"
002A,SENSOR,1,UNIFIED,"t=67 [HELLO_RX] NEW 0034 tier=1(UNK) verified=0 rssi=0.7"
002A,SENSOR,1,UNIFIED,"t=70 [HELLO_RX] NEW 0035 tier=1(UNK) verified=0 rssi=0.3"
002A,SENSOR,1,UNIFIED,"t=74 [HELLO_TX] bat=100% nbr=15"
002A,SENSOR,1,UNIFIED,"t=78 [HELLO_RX] NEW FF08 tier=3(GWN) verified=1 rssi=0.5"
002A,SENSOR,1,UNIFIED,"t=81 [HELLO_TX] bat=100% nbr=16"
002A,SENSOR,1,UNIFIED,"t=83 [HELLO_RX] NEW 004E tier=1(UNK) verified=0 rssi=0.2"
002A,SENSOR,1,UNIFIED,"t=89 [HELLO_RX] NEW 001B tier=1(UNK) verified=0 rssi=0.2"
002A,SENSOR,1,UNIFIED,"t=90 [HELLO_TX] bat=100% nbr=18"
002A,SENSOR,1,UNIFIED,"t=95 [HELLO_TX] bat=100% nbr=18"
002A,SENSOR,1,UNIFIED,"t=100 [HELLO_TX] bat=100% nbr=18"
002A,SENSOR,1,UNIFIED,"t=106 [HELLO_TX] bat=100% nbr=18"
002A,SENSOR,1,UNIFIED,"t=112 [HELLO_TX] bat=100% nbr=18"
002A,SENSOR,1,UNIFIED,"t=121 [HELLO_TX] bat=100% nbr=18"
002A,SENSOR,1,UNIFIED,"t=128 [HELLO_TX] bat=100% nbr=18"
002A,SENSOR,1,UNIFIED,"t=136 [HELLO_RX] NEW 000B tier=1(UNK) verified=0 rssi=0.3"
002A,SENSOR,1,UNIFIED,"t=137 [HELLO_TX] bat=100% nbr=19"
002A,SENSOR,1,UNIFIED,"t=145 [HELLO_TX] bat=100% nbr=19"
002A,SENSOR,1,UNIFIED,"t=155 [HELLO_TX] bat=100% nbr=19"
002A,SENSOR,1,UNIFIED,"t=159 [HELLO_TX] bat=100% nbr=19"
002A,SENSOR,1,UNIFIED,"t=162 [HELLO_RX] NEW 0038 tier=1(UNK) verified=0 rssi=0.2"
002A,SENSOR,1,UNIFIED,"t=169 [HELLO_TX] bat=100% nbr=20"
002A,SENSOR,1,UNIFIED,"t=175 [HELLO_TX] bat=100% nbr=20"
002A,SENSOR,1,UNIFIED,"t=183 [HELLO_TX] bat=100% nbr=20"
002A,SENSOR,1,UNIFIED,"t=193 [HELLO_TX] bat=100% nbr=20"
002A,SENSOR,1,UNIFIED,"t=195 [HELLO_RX] NEW 0015 tier=1(UNK) verified=0 rssi=0.2"
002A,SENSOR,1,UNIFIED,"t=198 [HELLO_TX] bat=100% nbr=21"
002A,SENSOR,1,UNIFIED,"t=207 [HELLO_TX] bat=100% nbr=21"
002A,SENSOR,1,UNIFIED,"t=213 [HELLO_RX] NEW 0049 tier=1(UNK) verified=0 rssi=0.2"
002A,SENSOR,1,UNIFIED,"t=216 [HELLO_TX] bat=100% nbr=22"
002A,SENSOR,1,UNIFIED,"t=216 [HELLO_RX] NEW 004F tier=1(UNK) verified=0 rssi=0.4"
002A,SENSOR,1,UNIFIED,"t=220 [HELLO_TX] bat=100% nbr=23"
002A,SENSOR,1,UNIFIED,"t=229 [HELLO_TX] bat=100% nbr=23"
002A,SENSOR,1,UNIFIED,"t=236 [HELLO_TX] bat=100% nbr=23"
002A,SENSOR,1,UNIFIED,"t=246 [HELLO_TX] bat=100% nbr=23"
002B,SENSOR,1,UNIFIED,"t=6 [HELLO_RX] NEW 000A tier=1(UNK) verified=0 rssi=2.6"
002B,SENSOR,1,UNIFIED,"t=7 [HELLO_TX] bat=100% nbr=1"
002B,SENSOR,1,UNIFIED,"t=7 [HELLO_RX] NEW AA04 tier=2(CH) verified=0 rssi=0.7"
002B,SENSOR,1,UNIFIED,"t=10 [HELLO_RX] NEW 0009 tier=1(UNK) verified=0 rssi=4.3"
002B,SENSOR,1,UNIFIED,"t=13 [HELLO_TX] bat=100% nbr=3"
002B,SENSOR,1,UNIFIED,"t=19 [HELLO_TX] bat=100% nbr=3"
002B,SENSOR,1,UNIFIED,"t=24 [HELLO_TX] bat=100% nbr=3"
002B,SENSOR,1,UNIFIED,"t=31 [HELLO_RX] NEW 0044 tier=1(UNK) verified=0 rssi=0.2"
002B,SENSOR,1,UNIFIED,"t=33 [HELLO_RX] NEW AA07 tier=2(CH) verified=0 rssi=0.2"
002B,SENSOR,1,UNIFIED,"t=34 [HELLO_TX] bat=100% nbr=5"
002B,SENSOR,1,UNIFIED,"t=39 [HELLO_RX] NEW 002E tier=1(UNK) verified=0 rssi=0.2"
002B,SENSOR,1,UNIFIED,"t=40 [HELLO_RX] NEW 0011 tier=1(UNK) verified=0 rssi=0.3"
002B,SENSOR,1,UNIFIED,"t=44 [HELLO_TX] bat=100% nbr=7"
002B,SENSOR,1,UNIFIED,"t=45 [HELLO_RX] NEW 0053 tier=1(UNK) verified=0 rssi=0.3"
002B,SENSOR,1,UNIFIED,"t=48 [HELLO_TX] bat=100% nbr=8"
002B,SENSOR,1,UNIFIED,"t=53 [HELLO_RX] NEW 0017 tier=1(UNK) verified=0 rssi=0.5"
002B,SENSOR,1,UNIFIED,"t=55 [HELLO_TX] bat=100% nbr=9"
002B,SENSOR,1,UNIFIED,"t=64 [HELLO_TX] bat=100% nbr=9"
002B,SENSOR,1,UNIFIED,"t=73 [HELLO_TX] bat=100% nbr=9"
002B,SENSOR,1,UNIFIED,"t=77 [HELLO_RX] NEW FF0D tier=3(GWN) verified=0 rssi=0.1"
002B,SENSOR,1,UNIFIED,"t=83 [HELLO_TX] bat=100% nbr=10"
002B,SENSOR,1,UNIFIED,"t=93 [HELLO_TX] bat=100% nbr=10"
002B,SENSOR,1,UNIFIED,"t=103 [HELLO_TX] bat=100% nbr=10"
002B,SENSOR,1,UNIFIED,"t=113 [HELLO_TX] bat=100% nbr=10"
002B,SENSOR,1,UNIFIED,"t=117 [HELLO_TX] bat=100% nbr=10"
002B,SENSOR,1,UNIFIED,"t=117 [HELLO_RX] NEW 0003 tier=1(UNK) verified=0 rssi=0.2"
002B,SENSOR,1,UNIFIED,"t=126 [HELLO_TX] bat=100% nbr=11"
002B,SENSOR,1,UNIFIED,"t=132 [HELLO_TX] bat=100% nbr=11"
002B,SENSOR,1,UNIFIED,"t=133 [HELLO_RX] NEW 001F tier=1(UNK) verified=0 rssi=0.3"
002B,SENSOR,1,UNIFIED,"t=136 [HELLO_TX] bat=100% nbr=12"
002B,SENSOR,1,UNIFIED,"t=146 [HELLO_TX] bat=100% nbr=12"
002B,SENSOR,1,UNIFIED,"t=154 [HELLO_TX] bat=100% nbr=12"
002B,SENSOR,1,UNIFIED,"t=161 [HELLO_TX] bat=100% nbr=12"
002B,SENSOR,1,UNIFIED,"t=165 [HELLO_TX] bat=100% nbr=12"
002B,SENSOR,1,UNIFIED,"t=174 [HELLO_TX] bat=100% nbr=12"
002B,SENSOR,1,UNIFIED,"t=183 [HELLO_TX] bat=100% nbr=12"
002B,SENSOR,1,UNIFIED,"t=193 [HELLO_TX] bat=100% nbr=12"
002B,SENSOR,1,UNIFIED,"t=200 [HELLO_TX] bat=100% nbr=12"
002B,SENSOR,1,UNIFIED,"t=205 [HELLO_TX] bat=100% nbr=12"
002B,SENSOR,1,UNIFIED,"t=212 [HELLO_RX] NEW 0031 tier=1(UNK) verified=0 rssi=0.2"
002B,SENSOR,1,UNIFIED,"t=215 [HELLO_TX] bat=100% nbr=13"
002B,SENSOR,1,UNIFIED,"t=223 [HELLO_TX] bat=100% nbr=13"
002B,SENSOR,1,UNIFIED,"t=233 [HELLO_TX] bat=100% nbr=13"
002B,SENSOR,1,UNIFIED,"t=243 [HELLO_TX] bat=100% nbr=13"
002B,SENSOR,1,UNIFIED,"t=249 [HELLO_TX] bat=100% nbr=13"
002C,SENSOR,1,UNIFIED,"t=5 [HELLO_TX] bat=100% nbr=0"
002C,SENSOR,1,UNIFIED,"t=5 [HELLO_RX] NEW FF01 tier=3(GWN) verified=0 rssi=0.2"
002C,SENSOR,1,UNIFIED,"t=6 [HELLO_RX] NEW 0023 tier=1(UNK) verified=0 rssi=1.8"
002C,SENSOR,1,UNIFIED,"t=7 [HELLO_RX] NEW 004C tier=1(UNK) verified=0 rssi=1.6"
002C,SENSOR,1,UNIFIED,"t=9 [HELLO_RX] NEW AA02 tier=2(CH) verified=0 rssi=1.2"
002C,SENSOR,1,UNIFIED,"t=10 [HELLO_TX] bat=100% nbr=4"
002C,SENSOR,1,UNIFIED,"t=13 [HELLO_RX] NEW AA08 tier=2(CH) verified=0 rssi=0.4"
002C,SENSOR,1,UNIFIED,"t=14 [HELLO_TX] bat=100% nbr=5"
002C,SENSOR,1,UNIFIED,"t=18 [HELLO_TX] bat=100% nbr=5"
002C,SENSOR,1,UNIFIED,"t=27 [HELLO_TX] bat=100% nbr=5"
002C,SENSOR,1,UNIFIED,"t=32 [HELLO_TX] bat=100% nbr=5"
002C,SENSOR,1,UNIFIED,"t=33 [HELLO_RX] NEW 0003 tier=1(UNK) verified=0 rssi=0.6"
002C,SENSOR,1,UNIFIED,"t=42 [HELLO_TX] bat=100% nbr=6"
002C,SENSOR,1,UNIFIED,"t=46 [HELLO_TX] bat=100% nbr=6"
002C,SENSOR,1,UNIFIED,"t=51 [HELLO_TX] bat=100% nbr=6"
002C,SENSOR,1,UNIFIED,"t=54 [HELLO_RX] NEW FF0B tier=3(GWN) verified=0 rssi=0.2"
002C,SENSOR,1,UNIFIED,"t=58 [HELLO_TX] bat=100% nbr=7"
002C,SENSOR,1,UNIFIED,"t=61 [HELLO_RX] NEW AA07 tier=2(CH) verified=0 rssi=0.2"
002C,SENSOR,1,UNIFIED,"t=66 [HELLO_TX] bat=100% nbr=8"
002C,SENSOR,1,UNIFIED,"t=76 [HELLO_TX] bat=100% nbr=8"
002C,SENSOR,1,UNIFIED,"t=82 [HELLO_TX] bat=100% nbr=8"
002C,SENSOR,1,UNIFIED,"t=90 [HELLO_TX] bat=100% nbr=8"
002C,SENSOR,1,UNIFIED,"t=96 [HELLO_TX] bat=100% nbr=8"
002C,SENSOR,1,UNIFIED,"t=105 [HELLO_TX] bat=100% nbr=8"
002C,SENSOR,1,UNIFIED,"t=110 [HELLO_TX] bat=100% nbr=8"
002C,SENSOR,1,UNIFIED,"t=115 [HELLO_TX] bat=100% nbr=8"
002C,SENSOR,1,UNIFIED,"t=119 [HELLO_RX] NEW 0037 tier=1(UNK) verified=0 rssi=0.2"
002C,SENSOR,1,UNIFIED,"t=122 [HELLO_TX] bat=100% nbr=9"
002C,SENSOR,1,UNIFIED,"t=129 [HELLO_TX] bat=100% nbr=9"
002C,SENSOR,1,UNIFIED,"t=134 [HELLO_TX] bat=100% nbr=9"
002C,SENSOR,1,UNIFIED,"t=139 [HELLO_TX] bat=100% nbr=9"
002C,SENSOR,1,UNIFIED,"t=145 [HELLO_TX] bat=100% nbr=9"
002C,SENSOR,1,UNIFIED,"t=149 [HELLO_TX] bat=100% nbr=9"
002C,SENSOR,1,UNIFIED,"t=153 [HELLO_TX] bat=100% nbr=9"
002C,SENSOR,1,UNIFIED,"t=162 [HELLO_TX] bat=100% nbr=9"
002C,SENSOR,1,UNIFIED,"t=167 [HELLO_TX] bat=100% nbr=9"
002C,SENSOR,1,UNIFIED,"t=176 [HELLO_TX] bat=100% nbr=9"
002C,SENSOR,1,UNIFIED,"t=183 [HELLO_TX] bat=100% nbr=9"
002C,SENSOR,1,UNIFIED,"t=189 [HELLO_TX] bat=100% nbr=9"
002C,SENSOR,1,UNIFIED,"t=193 [HELLO_TX] bat=100% nbr=9"
002C,SENSOR,1,UNIFIED,"t=201 [HELLO_TX] bat=100% nbr=9"
002C,SENSOR,1,UNIFIED,"t=208 [HELLO_TX] bat=100% nbr=9"
002C,SENSOR,1,UNIFIED,"t=216 [HELLO_TX] bat=100% nbr=9"
002C,SENSOR,1,UNIFIED,"t=220 [HELLO_TX] bat=100% nbr=9"
002C,SENSOR,1,UNIFIED,"t=230 [HELLO_TX] bat=100% nbr=9"
002C,SENSOR,1,UNIFIED,"t=234 [HELLO_TX] bat=100% nbr=9"
002C,SENSOR,1,UNIFIED,"t=240 [HELLO_TX] bat=100% nbr=9"
002C,SENSOR,1,UNIFIED,"t=246 [HELLO_TX] bat=100% nbr=9"
002D,SENSOR,1,UNIFIED,"t=4 [HELLO_RX] NEW 0014 tier=1(UNK) verified=0 rssi=35.3"
002D,SENSOR,1,UNIFIED,"t=5 [HELLO_RX] NEW 000C tier=1(UNK) verified=0 rssi=0.2"
002D,SENSOR,1,UNIFIED,"t=6 [HELLO_RX] NEW AA09 tier=2(CH) verified=0 rssi=4.5"
002D,SENSOR,1,UNIFIED,"t=8 [HELLO_RX] NEW 0019 tier=1(UNK) verified=0 rssi=0.3"
002D,SENSOR,1,UNIFIED,"t=9 [HELLO_TX] bat=100% nbr=4"
002D,SENSOR,1,UNIFIED,"t=9 [HELLO_RX] NEW 001C tier=1(UNK) verified=0 rssi=10.9"
002D,SENSOR,1,UNIFIED,"t=10 [HELLO_RX] NEW 0016 tier=1(UNK) verified=0 rssi=0.8"
002D,SENSOR,1,UNIFIED,"t=14 [HELLO_TX] bat=100% nbr=6"
002D,SENSOR,1,UNIFIED,"t=16 [HELLO_RX] NEW 004D tier=1(UNK) verified=0 rssi=10.0"
002D,SENSOR,1,UNIFIED,"t=19 [HELLO_RX] NEW 0058 tier=1(UNK) verified=0 rssi=0.6"
002D,SENSOR,1,UNIFIED,"t=24 [HELLO_TX] bat=100% nbr=8"
002D,SENSOR,1,UNIFIED,"t=29 [HELLO_TX] bat=100% nbr=8"
002D,SENSOR,1,UNIFIED,"t=33 [HELLO_RX] NEW FF06 tier=3(GWN) verified=0 rssi=1.7"
002D,SENSOR,1,UNIFIED,"t=37 [HELLO_TX] bat=100% nbr=9"
002D,SENSOR,1,UNIFIED,"t=44 [HELLO_TX] bat=100% nbr=9"
002D,SENSOR,1,UNIFIED,"t=44 [HELLO_RX] NEW 0043 tier=1(UNK) verified=0 rssi=0.2"
002D,SENSOR,1,UNIFIED,"t=48 [HELLO_TX] bat=100% nbr=10"
002D,SENSOR,1,UNIFIED,"t=54 [HELLO_TX] bat=100% nbr=10"
002D,SENSOR,1,UNIFIED,"t=58 [HELLO_RX] NEW AA01 tier=2(CH) verified=0 rssi=0.3"
002D,SENSOR,1,UNIFIED,"t=59 [HELLO_TX] bat=100% nbr=11"
002D,SENSOR,1,UNIFIED,"t=60 [HELLO_RX] NEW 0001 tier=1(UNK) verified=0 rssi=0.2"
002D,SENSOR,1,UNIFIED,"t=65 [HELLO_TX] bat=100% nbr=12"
002D,SENSOR,1,UNIFIED,"t=66 [HELLO_RX] NEW 0048 tier=1(UNK) verified=0 rssi=0.2"
002D,SENSOR,1,UNIFIED,"t=70 [HELLO_TX] bat=100% nbr=13"
002D,SENSOR,1,UNIFIED,"t=74 [HELLO_RX] NEW FF09 tier=3(GWN) verified=0 rssi=0.7"
002D,SENSOR,1,UNIFIED,"t=77 [HELLO_TX] bat=100% nbr=14"
002D,SENSOR,1,UNIFIED,"t=79 [HELLO_RX] NEW 0006 tier=1(UNK) verified=0 rssi=0.3"
002D,SENSOR,1,UNIFIED,"t=86 [HELLO_TX] bat=100% nbr=15"
002D,SENSOR,1,UNIFIED,"t=95 [HELLO_TX] bat=100% nbr=15"
002D,SENSOR,1,UNIFIED,"t=96 [HELLO_RX] NEW 0063 tier=1(UNK) verified=0 rssi=0.2"
002D,SENSOR,1,UNIFIED,"t=100 [HELLO_TX] bat=100% nbr=16"
002D,SENSOR,1,UNIFIED,"t=106 [HELLO_TX] bat=100% nbr=16"
002D,SENSOR,1,UNIFIED,"t=112 [HELLO_TX] bat=100% nbr=16"
002D,SENSOR,1,UNIFIED,"t=119 [HELLO_TX] bat=100% nbr=16"
002D,SENSOR,1,UNIFIED,"t=124 [HELLO_TX] bat=100% nbr=16"
002D,SENSOR,1,UNIFIED,"t=129 [HELLO_TX] bat=100% nbr=16"
002D,SENSOR,1,UNIFIED,"t=133 [HELLO_TX] bat=100% nbr=16"
002D,SENSOR,1,UNIFIED,"t=142 [HELLO_TX] bat=100% nbr=16"
002D,SENSOR,1,UNIFIED,"t=146 [HELLO_TX] bat=100% nbr=16"
002D,SENSOR,1,UNIFIED,"t=155 [HELLO_TX] bat=100% nbr=16"
002D,SENSOR,1,UNIFIED,"t=161 [HELLO_TX] bat=100% nbr=16"
002D,SENSOR,1,UNIFIED,"t=171 [HELLO_TX] bat=100% nbr=16"
002D,SENSOR,1,UNIFIED,"t=177 [HELLO_TX] bat=100% nbr=16"
002D,SENSOR,1,UNIFIED,"t=187 [HELLO_TX] bat=100% nbr=16"
002D,SENSOR,1,UNIFIED,"t=196 [HELLO_TX] bat=100% nbr=16"
002D,SENSOR,1,UNIFIED,"t=200 [HELLO_TX] bat=100% nbr=16"
002D,SENSOR,1,UNIFIED,"t=204 [HELLO_TX] bat=100% nbr=16"
002D,SENSOR,1,UNIFIED,"t=214 [HELLO_TX] bat=100% nbr=16"
002D,SENSOR,1,UNIFIED,"t=218 [HELLO_TX] bat=100% nbr=16"
002D,SENSOR,1,UNIFIED,"t=226 [HELLO_TX] bat=100% nbr=16"
002D,SENSOR,1,UNIFIED,"t=236 [HELLO_TX] bat=100% nbr=16"
002D,SENSOR,1,UNIFIED,"t=246 [HELLO_TX] bat=100% nbr=16"
002E,SENSOR,1,UNIFIED,"t=4 [HELLO_RX] NEW 0031 tier=1(UNK) verified=0 rssi=5.2"
002E,SENSOR,1,UNIFIED,"t=6 [HELLO_RX] NEW 000A tier=1(UNK) verified=0 rssi=0.5"
002E,SENSOR,1,UNIFIED,"t=7 [HELLO_RX] NEW AA04 tier=2(CH) verified=0 rssi=7.7"
002E,SENSOR,1,UNIFIED,"t=8 [HELLO_RX] NEW 0011 tier=1(UNK) verified=0 rssi=3.5"
002E,SENSOR,1,UNIFIED,"t=9 [HELLO_TX] bat=100% nbr=4"
002E,SENSOR,1,UNIFIED,"t=10 [HELLO_RX] NEW 0053 tier=1(UNK) verified=0 rssi=0.9"
002E,SENSOR,1,UNIFIED,"t=16 [HELLO_TX] bat=100% nbr=5"
002E,SENSOR,1,UNIFIED,"t=17 [HELLO_RX] NEW 0045 tier=1(UNK) verified=0 rssi=0.2"
002E,SENSOR,1,UNIFIED,"t=23 [HELLO_TX] bat=100% nbr=6"
002E,SENSOR,1,UNIFIED,"t=24 [HELLO_RX] NEW 001F tier=1(UNK) verified=0 rssi=0.5"
002E,SENSOR,1,UNIFIED,"t=29 [HELLO_TX] bat=100% nbr=7"
002E,SENSOR,1,UNIFIED,"t=34 [HELLO_RX] NEW 002B tier=1(UNK) verified=0 rssi=0.2"
002E,SENSOR,1,UNIFIED,"t=39 [HELLO_TX] bat=100% nbr=8"
002E,SENSOR,1,UNIFIED,"t=45 [HELLO_RX] NEW FF0D tier=3(GWN) verified=0 rssi=0.4"
002E,SENSOR,1,UNIFIED,"t=49 [HELLO_TX] bat=100% nbr=9"
002E,SENSOR,1,UNIFIED,"t=50 [HELLO_RX] NEW FF07 tier=3(GWN) verified=0 rssi=0.3"
002E,SENSOR,1,UNIFIED,"t=57 [HELLO_RX] NEW 0030 tier=1(UNK) verified=0 rssi=0.3"
002E,SENSOR,1,UNIFIED,"t=59 [HELLO_TX] bat=100% nbr=11"
002E,SENSOR,1,UNIFIED,"t=65 [HELLO_TX] bat=100% nbr=11"
002E,SENSOR,1,UNIFIED,"t=74 [HELLO_TX] bat=100% nbr=11"
002E,SENSOR,1,UNIFIED,"t=80 [HELLO_TX] bat=100% nbr=11"
002E,SENSOR,1,UNIFIED,"t=90 [HELLO_TX] bat=100% nbr=11"
002E,SENSOR,1,UNIFIED,"t=92 [HELLO_RX] NEW AA07 tier=2(CH) verified=0 rssi=0.4"
002E,SENSOR,1,UNIFIED,"t=99 [HELLO_TX] bat=100% nbr=12"
002E,SENSOR,1,UNIFIED,"t=106 [HELLO_TX] bat=100% nbr=12"
002E,SENSOR,1,UNIFIED,"t=115 [HELLO_TX] bat=100% nbr=12"
002E,SENSOR,1,UNIFIED,"t=125 [HELLO_TX] bat=100% nbr=12"
002E,SENSOR,1,UNIFIED,"t=130 [HELLO_TX] bat=100% nbr=12"
002E,SENSOR,1,UNIFIED,"t=137 [HELLO_TX] bat=100% nbr=12"
002E,SENSOR,1,UNIFIED,"t=146 [HELLO_TX] bat=100% nbr=12"
002E,SENSOR,1,UNIFIED,"t=150 [HELLO_TX] bat=100% nbr=12"
002E,SENSOR,1,UNIFIED,"t=155 [HELLO_TX] bat=100% nbr=12"
002E,SENSOR,1,UNIFIED,"t=162 [HELLO_TX] bat=100% nbr=12"
002E,SENSOR,1,UNIFIED,"t=168 [HELLO_TX] bat=100% nbr=12"
002E,SENSOR,1,UNIFIED,"t=178 [HELLO_TX] bat=100% nbr=12"
002E,SENSOR,1,UNIFIED,"t=185 [HELLO_TX] bat=100% nbr=12"
002E,SENSOR,1,UNIFIED,"t=189 [HELLO_TX] bat=100% nbr=12"
002E,SENSOR,1,UNIFIED,"t=193 [HELLO_TX] bat=100% nbr=12"
002E,SENSOR,1,UNIFIED,"t=197 [HELLO_TX] bat=100% nbr=12"
002E,SENSOR,1,UNIFIED,"t=207 [HELLO_TX] bat=100% nbr=12"
002E,SENSOR,1,UNIFIED,"t=211 [HELLO_TX] bat=100% nbr=12"
002E,SENSOR,1,UNIFIED,"t=217 [HELLO_TX] bat=100% nbr=12"
002E,SENSOR,1,UNIFIED,"t=226 [HELLO_TX] bat=100% nbr=12"
002E,SENSOR,1,UNIFIED,"t=231 [HELLO_TX] bat=100% nbr=12"
002E,SENSOR,1,UNIFIED,"t=240 [HELLO_TX] bat=100% nbr=12"
002E,SENSOR,1,UNIFIED,"t=248 [HELLO_TX] bat=100% nbr=12"
002F,SENSOR,1,UNIFIED,"t=5 [HELLO_RX] NEW AA05 tier=2(CH) verified=0 rssi=0.8"
002F,SENSOR,1,UNIFIED,"t=6 [HELLO_TX] bat=100% nbr=1"
002F,SENSOR,1,UNIFIED,"t=6 [HELLO_RX] NEW FF03 tier=3(GWN) verified=0 rssi=2.7"
002F,SENSOR,1,UNIFIED,"t=8 [HELLO_RX] NEW 001E tier=1(UNK) verified=0 rssi=0.4"
002F,SENSOR,1,UNIFIED,"t=9 [HELLO_RX] NEW 0048 tier=1(UNK) verified=0 rssi=0.2"
002F,SENSOR,1,UNIFIED,"t=10 [HELLO_RX] NEW FF02 tier=3(GWN) verified=0 rssi=7.5"
002F,SENSOR,1,UNIFIED,"t=13 [HELLO_TX] bat=100% nbr=5"
002F,SENSOR,1,UNIFIED,"t=13 [HELLO_RX] NEW FF09 tier=3(GWN) verified=0 rssi=0.7"
002F,SENSOR,1,UNIFIED,"t=19 [HELLO_TX] bat=100% nbr=6"
002F,SENSOR,1,UNIFIED,"t=24 [HELLO_TX] bat=100% nbr=6"
002F,SENSOR,1,UNIFIED,"t=24 [HELLO_RX] NEW FF04 tier=3(GWN) verified=0 rssi=0.4"
002F,SENSOR,1,UNIFIED,"t=31 [HELLO_TX] bat=100% nbr=7"
002F,SENSOR,1,UNIFIED,"t=37 [HELLO_TX] bat=100% nbr=7"
002F,SENSOR,1,UNIFIED,"t=41 [HELLO_RX] NEW 0012 tier=1(UNK) verified=0 rssi=0.3"
002F,SENSOR,1,UNIFIED,"t=44 [HELLO_TX] bat=100% nbr=8"
002F,SENSOR,1,UNIFIED,"t=48 [HELLO_TX] bat=100% nbr=8"
002F,SENSOR,1,UNIFIED,"t=57 [HELLO_RX] NEW 0027 tier=1(UNK) verified=0 rssi=0.3"
002F,SENSOR,1,UNIFIED,"t=58 [HELLO_TX] bat=100% nbr=9"
002F,SENSOR,1,UNIFIED,"t=65 [HELLO_RX] NEW 0043 tier=1(UNK) verified=0 rssi=0.2"
002F,SENSOR,1,UNIFIED,"t=67 [HELLO_TX] bat=100% nbr=10"
002F,SENSOR,1,UNIFIED,"t=71 [HELLO_TX] bat=100% nbr=10"
002F,SENSOR,1,UNIFIED,"t=73 [HELLO_RX] NEW 0006 tier=1(UNK) verified=0 rssi=0.2"
002F,SENSOR,1,UNIFIED,"t=75 [HELLO_TX] bat=100% nbr=11"
002F,SENSOR,1,UNIFIED,"t=76 [HELLO_RX] NEW 0061 tier=1(UNK) verified=0 rssi=0.2"
002F,SENSOR,1,UNIFIED,"t=80 [HELLO_TX] bat=100% nbr=12"
002F,SENSOR,1,UNIFIED,"t=81 [HELLO_RX] NEW 0064 tier=1(UNK) verified=0 rssi=0.2"
002F,SENSOR,1,UNIFIED,"t=87 [HELLO_TX] bat=100% nbr=13"
002F,SENSOR,1,UNIFIED,"t=95 [HELLO_RX] NEW 0008 tier=1(UNK) verified=0 rssi=0.5"
002F,SENSOR,1,UNIFIED,"t=97 [HELLO_TX] bat=100% nbr=14"
002F,SENSOR,1,UNIFIED,"t=104 [HELLO_TX] bat=100% nbr=14"
002F,SENSOR,1,UNIFIED,"t=114 [HELLO_TX] bat=100% nbr=14"
002F,SENSOR,1,UNIFIED,"t=118 [HELLO_TX] bat=100% nbr=14"
002F,SENSOR,1,UNIFIED,"t=128 [HELLO_TX] bat=100% nbr=14"
002F,SENSOR,1,UNIFIED,"t=135 [HELLO_TX] bat=100% nbr=14"
002F,SENSOR,1,UNIFIED,"t=143 [HELLO_TX] bat=100% nbr=14"
002F,SENSOR,1,UNIFIED,"t=148 [HELLO_TX] bat=100% nbr=14"
002F,SENSOR,1,UNIFIED,"t=156 [HELLO_TX] bat=100% nbr=14"
002F,SENSOR,1,UNIFIED,"t=165 [HELLO_TX] bat=100% nbr=14"
002F,SENSOR,1,UNIFIED,"t=170 [HELLO_TX] bat=100% nbr=14"
002F,SENSOR,1,UNIFIED,"t=175 [HELLO_TX] bat=100% nbr=14"
002F,SENSOR,1,UNIFIED,"t=181 [HELLO_TX] bat=100% nbr=14"
002F,SENSOR,1,UNIFIED,"t=186 [HELLO_TX] bat=100% nbr=14"
002F,SENSOR,1,UNIFIED,"t=192 [HELLO_TX] bat=100% nbr=14"
002F,SENSOR,1,UNIFIED,"t=201 [HELLO_TX] bat=100% nbr=14"
002F,SENSOR,1,UNIFIED,"t=210 [HELLO_TX] bat=100% nbr=14"
002F,SENSOR,1,UNIFIED,"t=214 [HELLO_TX] bat=100% nbr=14"
002F,SENSOR,1,UNIFIED,"t=222 [HELLO_TX] bat=100% nbr=14"
002F,SENSOR,1,UNIFIED,"t=230 [HELLO_TX] bat=100% nbr=14"
002F,SENSOR,1,UNIFIED,"t=234 [HELLO_TX] bat=100% nbr=14"
002F,SENSOR,1,UNIFIED,"t=238 [HELLO_TX] bat=100% nbr=14"
002F,SENSOR,1,UNIFIED,"t=248 [HELLO_TX] bat=100% nbr=14"
0030,SENSOR,1,UNIFIED,"t=4 [HELLO_TX] bat=100% nbr=0"
0030,SENSOR,1,UNIFIED,"t=4 [HELLO_RX] NEW AA07 tier=2(CH) verified=0 rssi=2.4"
0030,SENSOR,1,UNIFIED,"t=5 [HELLO_RX] NEW 0037 tier=1(UNK) verified=0 rssi=0.5"
0030,SENSOR,1,UNIFIED,"t=6 [HELLO_RX] NEW FF0D tier=3(GWN) verified=0 rssi=0.6"
0030,SENSOR,1,UNIFIED,"t=8 [HELLO_RX] NEW 001F tier=1(UNK) verified=0 rssi=0.7"
0030,SENSOR,1,UNIFIED,"t=9 [HELLO_RX] NEW 0040 tier=1(UNK) verified=0 rssi=0.7"
0030,SENSOR,1,UNIFIED,"t=12 [HELLO_TX] bat=100% nbr=5"
0030,SENSOR,1,UNIFIED,"t=14 [HELLO_RX] NEW 0002 tier=1(UNK) verified=0 rssi=1.8"
0030,SENSOR,1,UNIFIED,"t=15 [HELLO_RX] NEW 0011 tier=1(UNK) verified=0 rssi=0.5"
0030,SENSOR,1,UNIFIED,"t=17 [HELLO_RX] NEW 0045 tier=1(UNK) verified=0 rssi=0.8"
0030,SENSOR,1,UNIFIED,"t=20 [HELLO_TX] bat=100% nbr=8"
0030,SENSOR,1,UNIFIED,"t=23 [HELLO_RX] NEW 002E tier=1(UNK) verified=0 rssi=0.3"
0030,SENSOR,1,UNIFIED,"t=26 [HELLO_RX] NEW AA04 tier=2(CH) verified=0 rssi=0.3"
0030,SENSOR,1,UNIFIED,"t=30 [HELLO_TX] bat=100% nbr=10"
0030,SENSOR,1,UNIFIED,"t=35 [HELLO_TX] bat=100% nbr=10"
0030,SENSOR,1,UNIFIED,"t=41 [HELLO_TX] bat=100% nbr=10"
0030,SENSOR,1,UNIFIED,"t=43 [HELLO_RX] NEW FF07 tier=3(GWN) verified=0 rssi=0.4"
0030,SENSOR,1,UNIFIED,"t=50 [HELLO_TX] bat=100% nbr=11"
0030,SENSOR,1,UNIFIED,"t=51 [HELLO_RX] NEW 0053 tier=1(UNK) verified=0 rssi=0.7"
0030,SENSOR,1,UNIFIED,"t=57 [HELLO_TX] bat=100% nbr=12"
0030,SENSOR,1,UNIFIED,"t=63 [HELLO_TX] bat=100% nbr=12"
0030,SENSOR,1,UNIFIED,"t=70 [HELLO_TX] bat=100% nbr=12"
0030,SENSOR,1,UNIFIED,"t=80 [HELLO_TX] bat=100% nbr=12"
0030,SENSOR,1,UNIFIED,"t=84 [HELLO_TX] bat=100% nbr=12"
0030,SENSOR,1,UNIFIED,"t=93 [HELLO_TX] bat=100% nbr=12"
0030,SENSOR,1,UNIFIED,"t=100 [HELLO_TX] bat=100% nbr=12"
0030,SENSOR,1,UNIFIED,"t=110 [HELLO_TX] bat=100% nbr=12"
0030,SENSOR,1,UNIFIED,"t=115 [HELLO_TX] bat=100% nbr=12"
0030,SENSOR,1,UNIFIED,"t=120 [HELLO_TX] bat=100% nbr=12"
0030,SENSOR,1,UNIFIED,"t=124 [HELLO_TX] bat=100% nbr=12"
0030,SENSOR,1,UNIFIED,"t=130 [HELLO_TX] bat=100% nbr=12"
0030,SENSOR,1,UNIFIED,"t=139 [HELLO_TX] bat=100% nbr=12"
0030,SENSOR,1,UNIFIED,"t=147 [HELLO_TX] bat=100% nbr=12"
0030,SENSOR,1,UNIFIED,"t=152 [HELLO_TX] bat=100% nbr=12"
0030,SENSOR,1,UNIFIED,"t=156 [HELLO_TX] bat=100% nbr=12"
0030,SENSOR,1,UNIFIED,"t=165 [HELLO_TX] bat=100% nbr=12"
0030,SENSOR,1,UNIFIED,"t=172 [HELLO_TX] bat=100% nbr=12"
0030,SENSOR,1,UNIFIED,"t=178 [HELLO_TX] bat=100% nbr=12"
0030,SENSOR,1,UNIFIED,"t=188 [HELLO_TX] bat=100% nbr=12"
0030,SENSOR,1,UNIFIED,"t=197 [HELLO_TX] bat=100% nbr=12"
0030,SENSOR,1,UNIFIED,"t=205 [HELLO_TX] bat=100% nbr=12"
0030,SENSOR,1,UNIFIED,"t=214 [HELLO_TX] bat=100% nbr=12"
0030,SENSOR,1,UNIFIED,"t=220 [HELLO_TX] bat=100% nbr=12"
0030,SENSOR,1,UNIFIED,"t=228 [HELLO_TX] bat=100% nbr=12"
0030,SENSOR,1,UNIFIED,"t=233 [HELLO_TX] bat=100% nbr=12"
0030,SENSOR,1,UNIFIED,"t=243 [HELLO_TX] bat=100% nbr=12"
0031,SENSOR,1,UNIFIED,"t=4 [HELLO_TX] bat=100% nbr=0"
0031,SENSOR,1,UNIFIED,"t=4 [HELLO_RX] NEW AA07 tier=2(CH) verified=0 rssi=0.2"
0031,SENSOR,1,UNIFIED,"t=6 [HELLO_RX] NEW FF0D tier=3(GWN) verified=0 rssi=0.3"
0031,SENSOR,1,UNIFIED,"t=7 [HELLO_RX] NEW AA04 tier=2(CH) verified=0 rssi=20.9"
0031,SENSOR,1,UNIFIED,"t=8 [HELLO_RX] NEW 0011 tier=1(UNK) verified=0 rssi=0.9"
0031,SENSOR,1,UNIFIED,"t=9 [HELLO_RX] NEW 002E tier=1(UNK) verified=0 rssi=5.2"
0031,SENSOR,1,UNIFIED,"t=11 [HELLO_RX] NEW 000A tier=1(UNK) verified=0 rssi=0.5"
0031,SENSOR,1,UNIFIED,"t=13 [HELLO_TX] bat=100% nbr=6"
0031,SENSOR,1,UNIFIED,"t=20 [HELLO_RX] NEW 0030 tier=1(UNK) verified=0 rssi=0.2"
0031,SENSOR,1,UNIFIED,"t=23 [HELLO_TX] bat=100% nbr=7"
0031,SENSOR,1,UNIFIED,"t=24 [HELLO_RX] NEW FF07 tier=3(GWN) verified=0 rssi=0.3"
0031,SENSOR,1,UNIFIED,"t=27 [HELLO_TX] bat=100% nbr=8"
0031,SENSOR,1,UNIFIED,"t=35 [HELLO_TX] bat=100% nbr=8"
0031,SENSOR,1,UNIFIED,"t=35 [HELLO_RX] NEW 0053 tier=1(UNK) verified=0 rssi=0.4"
0031,SENSOR,1,UNIFIED,"t=44 [HELLO_TX] bat=100% nbr=9"
0031,SENSOR,1,UNIFIED,"t=49 [HELLO_TX] bat=100% nbr=9"
0031,SENSOR,1,UNIFIED,"t=55 [HELLO_TX] bat=100% nbr=9"
0031,SENSOR,1,UNIFIED,"t=55 [HELLO_RX] NEW 002B tier=1(UNK) verified=0 rssi=0.2"
0031,SENSOR,1,UNIFIED,"t=65 [HELLO_TX] bat=100% nbr=10"
0031,SENSOR,1,UNIFIED,"t=75 [HELLO_TX] bat=100% nbr=10"
0031,SENSOR,1,UNIFIED,"t=84 [HELLO_TX] bat=100% nbr=10"
0031,SENSOR,1,UNIFIED,"t=91 [HELLO_TX] bat=100% nbr=10"
0031,SENSOR,1,UNIFIED,"t=95 [HELLO_TX] bat=100% nbr=10"
0031,SENSOR,1,UNIFIED,"t=101 [HELLO_TX] bat=100% nbr=10"
0031,SENSOR,1,UNIFIED,"t=111 [HELLO_TX] bat=100% nbr=10"
0031,SENSOR,1,UNIFIED,"t=116 [HELLO_TX] bat=100% nbr=10"
0031,SENSOR,1,UNIFIED,"t=120 [HELLO_TX] bat=100% nbr=10"
0031,SENSOR,1,UNIFIED,"t=126 [HELLO_RX] NEW 001F tier=1(UNK) verified=0 rssi=0.3"
0031,SENSOR,1,UNIFIED,"t=128 [HELLO_TX] bat=100% nbr=11"
0031,SENSOR,1,UNIFIED,"t=135 [HELLO_TX] bat=100% nbr=11"
0031,SENSOR,1,UNIFIED,"t=141 [HELLO_TX] bat=100% nbr=11"
0031,SENSOR,1,UNIFIED,"t=146 [HELLO_TX] bat=100% nbr=11"
0031,SENSOR,1,UNIFIED,"t=152 [HELLO_TX] bat=100% nbr=11"
0031,SENSOR,1,UNIFIED,"t=156 [HELLO_TX] bat=100% nbr=11"
0031,SENSOR,1,UNIFIED,"t=162 [HELLO_TX] bat=100% nbr=11"
0031,SENSOR,1,UNIFIED,"t=172 [HELLO_TX] bat=100% nbr=11"
0031,SENSOR,1,UNIFIED,"t=179 [HELLO_TX] bat=100% nbr=11"
0031,SENSOR,1,UNIFIED,"t=186 [HELLO_TX] bat=100% nbr=11"
0031,SENSOR,1,UNIFIED,"t=196 [HELLO_TX] bat=100% nbr=11"
0031,SENSOR,1,UNIFIED,"t=205 [HELLO_TX] bat=100% nbr=11"
0031,SENSOR,1,UNIFIED,"t=212 [HELLO_TX] bat=100% nbr=11"
0031,SENSOR,1,UNIFIED,"t=219 [HELLO_TX] bat=100% nbr=11"
0031,SENSOR,1,UNIFIED,"t=224 [HELLO_TX] bat=100% nbr=11"
0031,SENSOR,1,UNIFIED,"t=229 [HELLO_TX] bat=100% nbr=11"
0031,SENSOR,1,UNIFIED,"t=233 [HELLO_TX] bat=100% nbr=11"
0031,SENSOR,1,UNIFIED,"t=239 [HELLO_TX] bat=100% nbr=11"
0031,SENSOR,1,UNIFIED,"t=243 [HELLO_TX] bat=100% nbr=11"
0031,SENSOR,1,UNIFIED,"t=249 [HELLO_TX] bat=100% nbr=11"
0032,SENSOR,1,UNIFIED,"t=6 [HELLO_RX] NEW 001D tier=1(UNK) verified=0 rssi=0.2"
0032,SENSOR,1,UNIFIED,"t=8 [HELLO_RX] NEW FF08 tier=3(GWN) verified=0 rssi=0.5"
0032,SENSOR,1,UNIFIED,"t=9 [HELLO_TX] bat=100% nbr=2"
0032,SENSOR,1,UNIFIED,"t=9 [HELLO_RX] NEW 0050 tier=1(UNK) verified=0 rssi=0.4"
0032,SENSOR,1,UNIFIED,"t=10 [HELLO_RX] NEW FF0A tier=3(GWN) verified=0 rssi=10.7"
0032,SENSOR,1,UNIFIED,"t=14 [HELLO_TX] bat=100% nbr=4"
0032,SENSOR,1,UNIFIED,"t=16 [HELLO_RX] NEW 0049 tier=1(UNK) verified=0 rssi=0.2"
0032,SENSOR,1,UNIFIED,"t=18 [HELLO_RX] NEW AA06 tier=2(CH) verified=0 rssi=0.2"
0032,SENSOR,1,UNIFIED,"t=21 [HELLO_RX] NEW 0055 tier=1(UNK) verified=0 rssi=1.6"
0032,SENSOR,1,UNIFIED,"t=22 [HELLO_TX] bat=100% nbr=7"
0032,SENSOR,1,UNIFIED,"t=22 [HELLO_RX] NEW 0057 tier=1(UNK) verified=0 rssi=0.3"
0032,SENSOR,1,UNIFIED,"t=23 [HELLO_RX] NEW 005F tier=1(UNK) verified=0 rssi=0.4"
0032,SENSOR,1,UNIFIED,"t=24 [HELLO_RX] NEW 0054 tier=1(UNK) verified=0 rssi=0.3"
0032,SENSOR,1,UNIFIED,"t=26 [HELLO_TX] bat=100% nbr=10"
0032,SENSOR,1,UNIFIED,"t=27 [HELLO_RX] NEW 003C tier=1(UNK) verified=0 rssi=1.2"
0032,SENSOR,1,UNIFIED,"t=32 [HELLO_TX] bat=100% nbr=11"
0032,SENSOR,1,UNIFIED,"t=39 [HELLO_TX] bat=100% nbr=11"
0032,SENSOR,1,UNIFIED,"t=43 [HELLO_TX] bat=100% nbr=11"
0032,SENSOR,1,UNIFIED,"t=50 [HELLO_TX] bat=100% nbr=11"
0032,SENSOR,1,UNIFIED,"t=53 [HELLO_RX] NEW AA01 tier=2(CH) verified=0 rssi=0.3"
0032,SENSOR,1,UNIFIED,"t=54 [HELLO_TX] bat=100% nbr=12"
0032,SENSOR,1,UNIFIED,"t=58 [HELLO_TX] bat=100% nbr=12"
0032,SENSOR,1,UNIFIED,"t=64 [HELLO_TX] bat=100% nbr=12"
0032,SENSOR,1,UNIFIED,"t=65 [HELLO_RX] NEW FF05 tier=3(GWN) verified=1 rssi=0.2"
0032,SENSOR,1,UNIFIED,"t=74 [HELLO_TX] bat=100% nbr=13"
0032,SENSOR,1,UNIFIED,"t=82 [HELLO_TX] bat=100% nbr=13"
0032,SENSOR,1,UNIFIED,"t=92 [HELLO_TX] bat=100% nbr=13"
0032,SENSOR,1,UNIFIED,"t=100 [HELLO_TX] bat=100% nbr=13"
0032,SENSOR,1,UNIFIED,"t=109 [HELLO_TX] bat=100% nbr=13"
0032,SENSOR,1,UNIFIED,"t=117 [HELLO_TX] bat=100% nbr=13"
0032,SENSOR,1,UNIFIED,"t=122 [HELLO_TX] bat=100% nbr=13"
0032,SENSOR,1,UNIFIED,"t=129 [HELLO_TX] bat=100% nbr=13"
0032,SENSOR,1,UNIFIED,"t=137 [HELLO_TX] bat=100% nbr=13"
0032,SENSOR,1,UNIFIED,"t=143 [HELLO_TX] bat=100% nbr=13"
0032,SENSOR,1,UNIFIED,"t=149 [HELLO_TX] bat=100% nbr=13"
0032,SENSOR,1,UNIFIED,"t=159 [HELLO_TX] bat=100% nbr=13"
0032,SENSOR,1,UNIFIED,"t=168 [HELLO_TX] bat=100% nbr=13"
0032,SENSOR,1,UNIFIED,"t=169 [HELLO_RX] NEW FF06 tier=3(GWN) verified=1 rssi=0.2"
0032,SENSOR,1,UNIFIED,"t=174 [HELLO_TX] bat=100% nbr=14"
0032,SENSOR,1,UNIFIED,"t=182 [HELLO_TX] bat=100% nbr=14"
0032,SENSOR,1,UNIFIED,"t=192 [HELLO_TX] bat=100% nbr=14"
0032,SENSOR,1,UNIFIED,"t=200 [HELLO_TX] bat=100% nbr=14"
0032,SENSOR,1,UNIFIED,"t=205 [HELLO_TX] bat=100% nbr=14"
0032,SENSOR,1,UNIFIED,"t=209 [HELLO_TX] bat=100% nbr=14"
0032,SENSOR,1,UNIFIED,"t=213 [HELLO_TX] bat=100% nbr=14"
0032,SENSOR,1,UNIFIED,"t=217 [HELLO_TX] bat=100% nbr=14"
0032,SENSOR,1,UNIFIED,"t=225 [HELLO_TX] bat=100% nbr=14"
0032,SENSOR,1,UNIFIED,"t=230 [HELLO_TX] bat=100% nbr=14"
0032,SENSOR,1,UNIFIED,"t=240 [HELLO_TX] bat=100% nbr=14"
0032,SENSOR,1,UNIFIED,"t=246 [HELLO_TX] bat=100% nbr=14"
0033,SENSOR,1,UNIFIED,"t=4 [HELLO_RX] NEW 005E tier=1(UNK) verified=0 rssi=0.3"
0033,SENSOR,1,UNIFIED,"t=5 [HELLO_TX] bat=100% nbr=1"
0033,SENSOR,1,UNIFIED,"t=7 [HELLO_RX] NEW 0044 tier=1(UNK) verified=0 rssi=0.9"
0033,SENSOR,1,UNIFIED,"t=9 [HELLO_RX] NEW 005D tier=1(UNK) verified=0 rssi=1.7"
0033,SENSOR,1,UNIFIED,"t=10 [HELLO_RX] NEW 0029 tier=1(UNK) verified=0 rssi=0.7"
0033,SENSOR,1,UNIFIED,"t=15 [HELLO_TX] bat=100% nbr=4"
0033,SENSOR,1,UNIFIED,"t=25 [HELLO_TX] bat=100% nbr=4"
0033,SENSOR,1,UNIFIED,"t=31 [HELLO_TX] bat=100% nbr=4"
0033,SENSOR,1,UNIFIED,"t=31 [HELLO_RX] NEW 0004 tier=1(UNK) verified=0 rssi=0.3"
0033,SENSOR,1,UNIFIED,"t=37 [HELLO_TX] bat=100% nbr=5"
0033,SENSOR,1,UNIFIED,"t=44 [HELLO_TX] bat=100% nbr=5"
0033,SENSOR,1,UNIFIED,"t=49 [HELLO_RX] NEW 0056 tier=1(UNK) verified=0 rssi=0.2"
0033,SENSOR,1,UNIFIED,"t=51 [HELLO_TX] bat=100% nbr=6"
0033,SENSOR,1,UNIFIED,"t=59 [HELLO_TX] bat=100% nbr=6"
0033,SENSOR,1,UNIFIED,"t=59 [HELLO_RX] NEW AA02 tier=2(CH) verified=0 rssi=0.2"
0033,SENSOR,1,UNIFIED,"t=69 [HELLO_TX] bat=100% nbr=7"
0033,SENSOR,1,UNIFIED,"t=76 [HELLO_TX] bat=100% nbr=7"
0033,SENSOR,1,UNIFIED,"t=81 [HELLO_TX] bat=100% nbr=7"
0033,SENSOR,1,UNIFIED,"t=90 [HELLO_TX] bat=100% nbr=7"
0033,SENSOR,1,UNIFIED,"t=95 [HELLO_TX] bat=100% nbr=7"
0033,SENSOR,1,UNIFIED,"t=96 [HELLO_RX] NEW 0028 tier=1(UNK) verified=0 rssi=0.2"
0033,SENSOR,1,UNIFIED,"t=105 [HELLO_TX] bat=100% nbr=8"
0033,SENSOR,1,UNIFIED,"t=109 [HELLO_TX] bat=100% nbr=8"
0033,SENSOR,1,UNIFIED,"t=114 [HELLO_TX] bat=100% nbr=8"
0033,SENSOR,1,UNIFIED,"t=122 [HELLO_TX] bat=100% nbr=8"
0033,SENSOR,1,UNIFIED,"t=129 [HELLO_TX] bat=100% nbr=8"
0033,SENSOR,1,UNIFIED,"t=136 [HELLO_RX] NEW FF01 tier=3(GWN) verified=1 rssi=0.1"
0033,SENSOR,1,UNIFIED,"t=137 [HELLO_TX] bat=100% nbr=9"
0033,SENSOR,1,UNIFIED,"t=142 [HELLO_TX] bat=100% nbr=9"
0033,SENSOR,1,UNIFIED,"t=146 [HELLO_TX] bat=100% nbr=9"
0033,SENSOR,1,UNIFIED,"t=155 [HELLO_TX] bat=100% nbr=9"
0033,SENSOR,1,UNIFIED,"t=159 [HELLO_TX] bat=100% nbr=9"
0033,SENSOR,1,UNIFIED,"t=163 [HELLO_TX] bat=100% nbr=9"
0033,SENSOR,1,UNIFIED,"t=170 [HELLO_TX] bat=100% nbr=9"
0033,SENSOR,1,UNIFIED,"t=174 [HELLO_TX] bat=100% nbr=9"
0033,SENSOR,1,UNIFIED,"t=180 [HELLO_TX] bat=100% nbr=9"
0033,SENSOR,1,UNIFIED,"t=189 [HELLO_TX] bat=100% nbr=9"
0033,SENSOR,1,UNIFIED,"t=198 [HELLO_TX] bat=100% nbr=9"
0033,SENSOR,1,UNIFIED,"t=203 [HELLO_TX] bat=100% nbr=9"
0033,SENSOR,1,UNIFIED,"t=212 [HELLO_TX] bat=100% nbr=9"
0033,SENSOR,1,UNIFIED,"t=221 [HELLO_TX] bat=100% nbr=9"
0033,SENSOR,1,UNIFIED,"t=230 [HELLO_TX] bat=100% nbr=9"
0033,SENSOR,1,UNIFIED,"t=235 [HELLO_TX] bat=100% nbr=9"
0033,SENSOR,1,UNIFIED,"t=244 [HELLO_TX] bat=100% nbr=9"
0034,SENSOR,1,UNIFIED,"t=4 [HELLO_RX] NEW FF0C tier=3(GWN) verified=0 rssi=4.2"
0034,SENSOR,1,UNIFIED,"t=5 [HELLO_TX] bat=100% nbr=1"
0034,SENSOR,1,UNIFIED,"t=5 [HELLO_RX] NEW FF01 tier=3(GWN) verified=0 rssi=2.1"
0034,SENSOR,1,UNIFIED,"t=6 [HELLO_RX] NEW 002A tier=1(UNK) verified=0 rssi=0.7"
0034,SENSOR,1,UNIFIED,"t=7 [HELLO_RX] NEW 0024 tier=1(UNK) verified=0 rssi=2.9"
0034,SENSOR,1,UNIFIED,"t=8 [HELLO_RX] NEW 000B tier=1(UNK) verified=0 rssi=2.7"
0034,SENSOR,1,UNIFIED,"t=10 [HELLO_RX] NEW FF05 tier=3(GWN) verified=0 rssi=1.6"
0034,SENSOR,1,UNIFIED,"t=11 [HELLO_RX] NEW AA06 tier=2(CH) verified=0 rssi=0.3"
0034,SENSOR,1,UNIFIED,"t=13 [HELLO_RX] NEW 004F tier=1(UNK) verified=0 rssi=0.9"
0034,SENSOR,1,UNIFIED,"t=14 [HELLO_RX] NEW 003D tier=1(UNK) verified=0 rssi=1.6"
0034,SENSOR,1,UNIFIED,"t=15 [HELLO_TX] bat=100% nbr=9"
0034,SENSOR,1,UNIFIED,"t=18 [HELLO_RX] NEW FF0E tier=3(GWN) verified=0 rssi=0.9"
0034,SENSOR,1,UNIFIED,"t=19 [HELLO_TX] bat=100% nbr=10"
0034,SENSOR,1,UNIFIED,"t=19 [HELLO_RX] NEW 0025 tier=1(UNK) verified=0 rssi=0.3"
0034,SENSOR,1,UNIFIED,"t=20 [HELLO_RX] NEW 0013 tier=1(UNK) verified=0 rssi=0.2"
0034,SENSOR,1,UNIFIED,"t=27 [HELLO_RX] NEW 000E tier=1(UNK) verified=0 rssi=0.7"
0034,SENSOR,1,UNIFIED,"t=29 [HELLO_TX] bat=100% nbr=13"
0034,SENSOR,1,UNIFIED,"t=33 [HELLO_RX] NEW 004E tier=1(UNK) verified=0 rssi=0.6"
0034,SENSOR,1,UNIFIED,"t=34 [HELLO_RX] NEW AA0A tier=2(CH) verified=0 rssi=0.7"
0034,SENSOR,1,UNIFIED,"t=37 [HELLO_TX] bat=100% nbr=15"
0034,SENSOR,1,UNIFIED,"t=43 [HELLO_TX] bat=100% nbr=15"
0034,SENSOR,1,UNIFIED,"t=53 [HELLO_TX] bat=100% nbr=15"
0034,SENSOR,1,UNIFIED,"t=56 [HELLO_RX] NEW 0052 tier=1(UNK) verified=0 rssi=0.2"
0034,SENSOR,1,UNIFIED,"t=57 [HELLO_RX] NEW 004A tier=1(UNK) verified=0 rssi=0.8"
0034,SENSOR,1,UNIFIED,"t=63 [HELLO_TX] bat=100% nbr=17"
0034,SENSOR,1,UNIFIED,"t=67 [HELLO_TX] bat=100% nbr=17"
0034,SENSOR,1,UNIFIED,"t=71 [HELLO_TX] bat=100% nbr=17"
0034,SENSOR,1,UNIFIED,"t=75 [HELLO_TX] bat=100% nbr=17"
0034,SENSOR,1,UNIFIED,"t=76 [HELLO_RX] NEW 001A tier=1(UNK) verified=0 rssi=0.8"
0034,SENSOR,1,UNIFIED,"t=82 [HELLO_TX] bat=100% nbr=18"
0034,SENSOR,1,UNIFIED,"t=88 [HELLO_TX] bat=100% nbr=18"
0034,SENSOR,1,UNIFIED,"t=95 [HELLO_TX] bat=100% nbr=18"
0034,SENSOR,1,UNIFIED,"t=97 [HELLO_RX] NEW FF08 tier=3(GWN) verified=1 rssi=0.5"
0034,SENSOR,1,UNIFIED,"t=102 [HELLO_TX] bat=100% nbr=19"
0034,SENSOR,1,UNIFIED,"t=106 [HELLO_TX] bat=100% nbr=19"
0034,SENSOR,1,UNIFIED,"t=113 [HELLO_TX] bat=100% nbr=19"
0034,SENSOR,1,UNIFIED,"t=119 [HELLO_TX] bat=100% nbr=19"
0034,SENSOR,1,UNIFIED,"t=124 [HELLO_TX] bat=100% nbr=19"
0034,SENSOR,1,UNIFIED,"t=133 [HELLO_RX] NEW 000D tier=1(UNK) verified=0 rssi=0.3"
0034,SENSOR,1,UNIFIED,"t=134 [HELLO_TX] bat=100% nbr=20"
0034,SENSOR,1,UNIFIED,"t=140 [HELLO_TX] bat=100% nbr=20"
0034,SENSOR,1,UNIFIED,"t=150 [HELLO_TX] bat=100% nbr=20"
0034,SENSOR,1,UNIFIED,"t=156 [HELLO_TX] bat=100% nbr=20"
0034,SENSOR,1,UNIFIED,"t=166 [HELLO_TX] bat=100% nbr=20"
0034,SENSOR,1,UNIFIED,"t=173 [HELLO_TX] bat=100% nbr=20"
0034,SENSOR,1,UNIFIED,"t=180 [HELLO_TX] bat=100% nbr=20"
0034,SENSOR,1,UNIFIED,"t=190 [HELLO_TX] bat=100% nbr=20"
0034,SENSOR,1,UNIFIED,"t=198 [HELLO_TX] bat=100% nbr=20"
0034,SENSOR,1,UNIFIED,"t=204 [HELLO_RX] NEW 0036 tier=1(UNK) verified=0 rssi=0.2"
0034,SENSOR,1,UNIFIED,"t=207 [HELLO_TX] bat=100% nbr=21"
0034,SENSOR,1,UNIFIED,"t=212 [HELLO_TX] bat=100% nbr=21"
0034,SENSOR,1,UNIFIED,"t=217 [HELLO_TX] bat=100% nbr=21"
0034,SENSOR,1,UNIFIED,"t=225 [HELLO_TX] bat=100% nbr=21"
0034,SENSOR,1,UNIFIED,"t=229 [HELLO_TX] bat=100% nbr=21"
0034,SENSOR,1,UNIFIED,"t=234 [HELLO_TX] bat=100% nbr=21"
0034,SENSOR,1,UNIFIED,"t=243 [HELLO_TX] bat=100% nbr=21"
0034,SENSOR,1,UNIFIED,"t=244 [HELLO_RX] NEW FF0B tier=3(GWN) verified=1 rssi=0.1"
0035,SENSOR,1,UNIFIED,"t=4 [HELLO_RX] NEW 0036 tier=1(UNK) verified=0 rssi=6.8"
0035,SENSOR,1,UNIFIED,"t=5 [HELLO_RX] NEW FF01 tier=3(GWN) verified=0 rssi=0.7"
0035,SENSOR,1,UNIFIED,"t=6 [HELLO_TX] bat=100% nbr=2"
0035,SENSOR,1,UNIFIED,"t=6 [HELLO_RX] NEW 0023 tier=1(UNK) verified=0 rssi=0.4"
0035,SENSOR,1,UNIFIED,"t=7 [HELLO_RX] NEW 0013 tier=1(UNK) verified=0 rssi=13.8"
0035,SENSOR,1,UNIFIED,"t=9 [HELLO_RX] NEW AA02 tier=2(CH) verified=0 rssi=2.1"
0035,SENSOR,1,UNIFIED,"t=10 [HELLO_RX] NEW 001B tier=1(UNK) verified=0 rssi=0.4"
0035,SENSOR,1,UNIFIED,"t=13 [HELLO_RX] NEW 004F tier=1(UNK) verified=0 rssi=0.3"
0035,SENSOR,1,UNIFIED,"t=14 [HELLO_TX] bat=100% nbr=7"
0035,SENSOR,1,UNIFIED,"t=15 [HELLO_RX] NEW 0038 tier=1(UNK) verified=0 rssi=0.2"
0035,SENSOR,1,UNIFIED,"t=16 [HELLO_RX] NEW 005C tier=1(UNK) verified=0 rssi=0.3"
0035,SENSOR,1,UNIFIED,"t=18 [HELLO_RX] NEW 002A tier=1(UNK) verified=0 rssi=0.3"
0035,SENSOR,1,UNIFIED,"t=19 [HELLO_RX] NEW 0025 tier=1(UNK) verified=0 rssi=0.7"
0035,SENSOR,1,UNIFIED,"t=22 [HELLO_TX] bat=100% nbr=11"
0035,SENSOR,1,UNIFIED,"t=22 [HELLO_RX] NEW 0024 tier=1(UNK) verified=0 rssi=0.2"
0035,SENSOR,1,UNIFIED,"t=25 [HELLO_RX] NEW FF0E tier=3(GWN) verified=1 rssi=0.1"
0035,SENSOR,1,UNIFIED,"t=32 [HELLO_TX] bat=100% nbr=13"
0035,SENSOR,1,UNIFIED,"t=37 [HELLO_RX] NEW FF05 tier=3(GWN) verified=1 rssi=0.2"
0035,SENSOR,1,UNIFIED,"t=42 [HELLO_TX] bat=100% nbr=14"
0035,SENSOR,1,UNIFIED,"t=47 [HELLO_TX] bat=100% nbr=14"
0035,SENSOR,1,UNIFIED,"t=57 [HELLO_TX] bat=100% nbr=14"
0035,SENSOR,1,UNIFIED,"t=64 [HELLO_TX] bat=100% nbr=14"
0035,SENSOR,1,UNIFIED,"t=70 [HELLO_TX] bat=100% nbr=14"
0035,SENSOR,1,UNIFIED,"t=79 [HELLO_TX] bat=100% nbr=14"
0035,SENSOR,1,UNIFIED,"t=86 [HELLO_TX] bat=100% nbr=14"
0035,SENSOR,1,UNIFIED,"t=96 [HELLO_TX] bat=100% nbr=14"
0035,SENSOR,1,UNIFIED,"t=102 [HELLO_TX] bat=100% nbr=14"
0035,SENSOR,1,UNIFIED,"t=108 [HELLO_RX] NEW 0052 tier=1(UNK) verified=0 rssi=0.2"
0035,SENSOR,1,UNIFIED,"t=109 [HELLO_TX] bat=100% nbr=15"
0035,SENSOR,1,UNIFIED,"t=115 [HELLO_TX] bat=100% nbr=15"
0035,SENSOR,1,UNIFIED,"t=119 [HELLO_TX] bat=100% nbr=15"
0035,SENSOR,1,UNIFIED,"t=121 [HELLO_RX] NEW 000E tier=1(UNK) verified=0 rssi=0.3"
0035,SENSOR,1,UNIFIED,"t=123 [HELLO_TX] bat=100% nbr=16"
0035,SENSOR,1,UNIFIED,"t=132 [HELLO_TX] bat=100% nbr=16"
0035,SENSOR,1,UNIFIED,"t=142 [HELLO_TX] bat=100% nbr=16"
0035,SENSOR,1,UNIFIED,"t=147 [HELLO_TX] bat=100% nbr=16"
0035,SENSOR,1,UNIFIED,"t=149 [HELLO_RX] NEW AA06 tier=2(CH) verified=0 rssi=0.2"
0035,SENSOR,1,UNIFIED,"t=155 [HELLO_TX] bat=100% nbr=17"
0035,SENSOR,1,UNIFIED,"t=160 [HELLO_TX] bat=100% nbr=17"
0035,SENSOR,1,UNIFIED,"t=162 [HELLO_RX] NEW AA08 tier=2(CH) verified=0 rssi=0.2"
0035,SENSOR,1,UNIFIED,"t=167 [HELLO_TX] bat=100% nbr=18"
0035,SENSOR,1,UNIFIED,"t=177 [HELLO_TX] bat=100% nbr=18"
0035,SENSOR,1,UNIFIED,"t=181 [HELLO_TX] bat=100% nbr=18"
0035,SENSOR,1,UNIFIED,"t=186 [HELLO_RX] NEW FF0C tier=3(GWN) verified=1 rssi=0.2"
0035,SENSOR,1,UNIFIED,"t=187 [HELLO_TX] bat=100% nbr=19"
0035,SENSOR,1,UNIFIED,"t=192 [HELLO_TX] bat=100% nbr=19"
0035,SENSOR,1,UNIFIED,"t=202 [HELLO_TX] bat=100% nbr=19"
0035,SENSOR,1,UNIFIED,"t=212 [HELLO_TX] bat=100% nbr=19"
0035,SENSOR,1,UNIFIED,"t=216 [HELLO_TX] bat=100% nbr=19"
0035,SENSOR,1,UNIFIED,"t=222 [HELLO_TX] bat=100% nbr=19"
0035,SENSOR,1,UNIFIED,"t=227 [HELLO_TX] bat=100% nbr=19"
0035,SENSOR,1,UNIFIED,"t=229 [HELLO_RX] NEW AA0A tier=2(CH) verified=1 rssi=0.3"
0035,SENSOR,1,UNIFIED,"t=231 [HELLO_TX] bat=100% nbr=20"
0035,SENSOR,1,UNIFIED,"t=238 [HELLO_TX] bat=100% nbr=20"
0035,SENSOR,1,UNIFIED,"t=242 [HELLO_TX] bat=100% nbr=20"
0035,SENSOR,1,UNIFIED,"t=244 [HELLO_RX] NEW 003A tier=1(UNK) verified=0 rssi=0.2"
0036,SENSOR,1,UNIFIED,"t=4 [HELLO_TX] bat=100% nbr=0"
0036,SENSOR,1,UNIFIED,"t=5 [HELLO_RX] NEW FF01 tier=3(GWN) verified=0 rssi=0.7"
0036,SENSOR,1,UNIFIED,"t=6 [HELLO_RX] NEW 0035 tier=1(UNK) verified=0 rssi=6.8"
0036,SENSOR,1,UNIFIED,"t=7 [HELLO_RX] NEW 0013 tier=1(UNK) verified=0 rssi=7.2"
0036,SENSOR,1,UNIFIED,"t=8 [HELLO_TX] bat=100% nbr=3"
0036,SENSOR,1,UNIFIED,"t=8 [HELLO_RX] NEW 0038 tier=1(UNK) verified=0 rssi=0.3"
0036,SENSOR,1,UNIFIED,"t=9 [HELLO_RX] NEW 005C tier=1(UNK) verified=0 rssi=0.2"
0036,SENSOR,1,UNIFIED,"t=10 [HELLO_RX] NEW 0052 tier=1(UNK) verified=0 rssi=0.3"
0036,SENSOR,1,UNIFIED,"t=11 [HELLO_RX] NEW 002A tier=1(UNK) verified=0 rssi=0.6"
0036,SENSOR,1,UNIFIED,"t=14 [HELLO_TX] bat=100% nbr=7"
0036,SENSOR,1,UNIFIED,"t=18 [HELLO_RX] NEW AA02 tier=2(CH) verified=0 rssi=0.9"
0036,SENSOR,1,UNIFIED,"t=19 [HELLO_RX] NEW 0025 tier=1(UNK) verified=0 rssi=2.4"
0036,SENSOR,1,UNIFIED,"t=21 [HELLO_RX] NEW 004F tier=1(UNK) verified=0 rssi=0.3"
0036,SENSOR,1,UNIFIED,"t=23 [HELLO_TX] bat=100% nbr=10"
0036,SENSOR,1,UNIFIED,"t=23 [HELLO_RX] NEW AA0A tier=2(CH) verified=0 rssi=0.5"
0036,SENSOR,1,UNIFIED,"t=26 [HELLO_RX] NEW 001B tier=1(UNK) verified=0 rssi=0.3"
0036,SENSOR,1,UNIFIED,"t=27 [HELLO_TX] bat=100% nbr=12"
0036,SENSOR,1,UNIFIED,"t=31 [HELLO_RX] NEW 0024 tier=1(UNK) verified=0 rssi=0.3"
0036,SENSOR,1,UNIFIED,"t=32 [HELLO_TX] bat=100% nbr=13"
0036,SENSOR,1,UNIFIED,"t=36 [HELLO_RX] NEW FF0C tier=3(GWN) verified=1 rssi=0.3"
0036,SENSOR,1,UNIFIED,"t=37 [HELLO_RX] NEW AA06 tier=2(CH) verified=0 rssi=0.2"
0036,SENSOR,1,UNIFIED,"t=38 [HELLO_TX] bat=100% nbr=15"
0036,SENSOR,1,UNIFIED,"t=45 [HELLO_TX] bat=100% nbr=15"
0036,SENSOR,1,UNIFIED,"t=48 [HELLO_RX] NEW 000E tier=1(UNK) verified=0 rssi=0.6"
0036,SENSOR,1,UNIFIED,"t=52 [HELLO_TX] bat=100% nbr=16"
0036,SENSOR,1,UNIFIED,"t=56 [HELLO_TX] bat=100% nbr=16"
0036,SENSOR,1,UNIFIED,"t=60 [HELLO_TX] bat=100% nbr=16"
0036,SENSOR,1,UNIFIED,"t=67 [HELLO_RX] NEW FF0A tier=3(GWN) verified=1 rssi=0.1"
0036,SENSOR,1,UNIFIED,"t=69 [HELLO_TX] bat=100% nbr=17"
0036,SENSOR,1,UNIFIED,"t=73 [HELLO_RX] NEW 000B tier=1(UNK) verified=0 rssi=0.2"
0036,SENSOR,1,UNIFIED,"t=77 [HELLO_TX] bat=100% nbr=18"
0036,SENSOR,1,UNIFIED,"t=82 [HELLO_TX] bat=100% nbr=18"
0036,SENSOR,1,UNIFIED,"t=90 [HELLO_TX] bat=100% nbr=18"
0036,SENSOR,1,UNIFIED,"t=100 [HELLO_TX] bat=100% nbr=18"
0036,SENSOR,1,UNIFIED,"t=110 [HELLO_TX] bat=100% nbr=18"
0036,SENSOR,1,UNIFIED,"t=111 [HELLO_RX] NEW FF05 tier=3(GWN) verified=1 rssi=0.2"
0036,SENSOR,1,UNIFIED,"t=118 [HELLO_TX] bat=100% nbr=19"
0036,SENSOR,1,UNIFIED,"t=118 [HELLO_RX] NEW 004B tier=1(UNK) verified=0 rssi=0.2"
0036,SENSOR,1,UNIFIED,"t=122 [HELLO_TX] bat=100% nbr=20"
0036,SENSOR,1,UNIFIED,"t=131 [HELLO_TX] bat=100% nbr=20"
0036,SENSOR,1,UNIFIED,"t=139 [HELLO_TX] bat=100% nbr=20"
0036,SENSOR,1,UNIFIED,"t=144 [HELLO_TX] bat=100% nbr=20"
0036,SENSOR,1,UNIFIED,"t=154 [HELLO_TX] bat=100% nbr=20"
0036,SENSOR,1,UNIFIED,"t=164 [HELLO_TX] bat=100% nbr=20"
0036,SENSOR,1,UNIFIED,"t=166 [HELLO_RX] NEW FF0B tier=3(GWN) verified=1 rssi=0.1"
0036,SENSOR,1,UNIFIED,"t=174 [HELLO_TX] bat=100% nbr=21"
0036,SENSOR,1,UNIFIED,"t=179 [HELLO_TX] bat=100% nbr=21"
0036,SENSOR,1,UNIFIED,"t=185 [HELLO_TX] bat=100% nbr=21"
0036,SENSOR,1,UNIFIED,"t=192 [HELLO_TX] bat=100% nbr=21"
0036,SENSOR,1,UNIFIED,"t=196 [HELLO_TX] bat=100% nbr=21"
0036,SENSOR,1,UNIFIED,"t=204 [HELLO_TX] bat=100% nbr=21"
0036,SENSOR,1,UNIFIED,"t=208 [HELLO_TX] bat=100% nbr=21"
0036,SENSOR,1,UNIFIED,"t=215 [HELLO_TX] bat=100% nbr=21"
0036,SENSOR,1,UNIFIED,"t=222 [HELLO_TX] bat=100% nbr=21"
0036,SENSOR,1,UNIFIED,"t=231 [HELLO_TX] bat=100% nbr=21"
0036,SENSOR,1,UNIFIED,"t=237 [HELLO_TX] bat=100% nbr=21"
0036,SENSOR,1,UNIFIED,"t=241 [HELLO_TX] bat=100% nbr=21"
0036,SENSOR,1,UNIFIED,"t=248 [HELLO_TX] bat=100% nbr=21"
0037,SENSOR,1,UNIFIED,"t=4 [HELLO_RX] NEW AA07 tier=2(CH) verified=0 rssi=17.3"
0037,SENSOR,1,UNIFIED,"t=5 [HELLO_TX] bat=100% nbr=1"
0037,SENSOR,1,UNIFIED,"t=8 [HELLO_RX] NEW 001F tier=1(UNK) verified=0 rssi=1.7"
0037,SENSOR,1,UNIFIED,"t=11 [HELLO_TX] bat=100% nbr=2"
0037,SENSOR,1,UNIFIED,"t=12 [HELLO_RX] NEW 0030 tier=1(UNK) verified=0 rssi=0.5"
0037,SENSOR,1,UNIFIED,"t=15 [HELLO_RX] NEW FF07 tier=3(GWN) verified=0 rssi=0.2"
0037,SENSOR,1,UNIFIED,"t=21 [HELLO_TX] bat=100% nbr=4"
0037,SENSOR,1,UNIFIED,"t=23 [HELLO_RX] NEW 002E tier=1(UNK) verified=0 rssi=0.2"
0037,SENSOR,1,UNIFIED,"t=27 [HELLO_TX] bat=100% nbr=5"
0037,SENSOR,1,UNIFIED,"t=27 [HELLO_RX] NEW 0053 tier=1(UNK) verified=0 rssi=0.8"
0037,SENSOR,1,UNIFIED,"t=28 [HELLO_RX] NEW 0002 tier=1(UNK) verified=0 rssi=0.4"
0037,SENSOR,1,UNIFIED,"t=32 [HELLO_RX] NEW 0011 tier=1(UNK) verified=0 rssi=0.4"
0037,SENSOR,1,UNIFIED,"t=33 [HELLO_TX] bat=100% nbr=8"
0037,SENSOR,1,UNIFIED,"t=42 [HELLO_TX] bat=100% nbr=8"
0037,SENSOR,1,UNIFIED,"t=47 [HELLO_TX] bat=100% nbr=8"
0037,SENSOR,1,UNIFIED,"t=51 [HELLO_RX] NEW 004C tier=1(UNK) verified=0 rssi=0.2"
0037,SENSOR,1,UNIFIED,"t=57 [HELLO_TX] bat=100% nbr=9"
0037,SENSOR,1,UNIFIED,"t=61 [HELLO_TX] bat=100% nbr=9"
0037,SENSOR,1,UNIFIED,"t=67 [HELLO_TX] bat=100% nbr=9"
0037,SENSOR,1,UNIFIED,"t=71 [HELLO_TX] bat=100% nbr=9"
0037,SENSOR,1,UNIFIED,"t=76 [HELLO_TX] bat=100% nbr=9"
0037,SENSOR,1,UNIFIED,"t=78 [HELLO_RX] NEW AA04 tier=2(CH) verified=0 rssi=0.2"
0037,SENSOR,1,UNIFIED,"t=85 [HELLO_TX] bat=100% nbr=10"
0037,SENSOR,1,UNIFIED,"t=91 [HELLO_TX] bat=100% nbr=10"
0037,SENSOR,1,UNIFIED,"t=91 [HELLO_RX] NEW 0003 tier=1(UNK) verified=0 rssi=0.7"
0037,SENSOR,1,UNIFIED,"t=96 [HELLO_TX] bat=100% nbr=11"
0037,SENSOR,1,UNIFIED,"t=105 [HELLO_TX] bat=100% nbr=11"
0037,SENSOR,1,UNIFIED,"t=114 [HELLO_TX] bat=100% nbr=11"
0037,SENSOR,1,UNIFIED,"t=119 [HELLO_TX] bat=100% nbr=11"
0037,SENSOR,1,UNIFIED,"t=123 [HELLO_TX] bat=100% nbr=11"
0037,SENSOR,1,UNIFIED,"t=128 [HELLO_TX] bat=100% nbr=11"
0037,SENSOR,1,UNIFIED,"t=132 [HELLO_TX] bat=100% nbr=11"
0037,SENSOR,1,UNIFIED,"t=139 [HELLO_TX] bat=100% nbr=11"
0037,SENSOR,1,UNIFIED,"t=149 [HELLO_TX] bat=100% nbr=11"
0037,SENSOR,1,UNIFIED,"t=158 [HELLO_TX] bat=100% nbr=11"
0037,SENSOR,1,UNIFIED,"t=163 [HELLO_RX] NEW FF0D tier=3(GWN) verified=1 rssi=0.2"
0037,SENSOR,1,UNIFIED,"t=166 [HELLO_TX] bat=100% nbr=12"
0037,SENSOR,1,UNIFIED,"t=175 [HELLO_TX] bat=100% nbr=12"
0037,SENSOR,1,UNIFIED,"t=183 [HELLO_TX] bat=100% nbr=12"
0037,SENSOR,1,UNIFIED,"t=193 [HELLO_TX] bat=100% nbr=12"
0037,SENSOR,1,UNIFIED,"t=201 [HELLO_TX] bat=100% nbr=12"
0037,SENSOR,1,UNIFIED,"t=208 [HELLO_TX] bat=100% nbr=12"
0037,SENSOR,1,UNIFIED,"t=213 [HELLO_TX] bat=100% nbr=12"
0037,SENSOR,1,UNIFIED,"t=216 [HELLO_RX] NEW 002C tier=1(UNK) verified=0 rssi=0.2"
0037,SENSOR,1,UNIFIED,"t=223 [HELLO_TX] bat=100% nbr=13"
0037,SENSOR,1,UNIFIED,"t=229 [HELLO_TX] bat=100% nbr=13"
0037,SENSOR,1,UNIFIED,"t=235 [HELLO_TX] bat=100% nbr=13"
0037,SENSOR,1,UNIFIED,"t=241 [HELLO_TX] bat=100% nbr=13"
0037,SENSOR,1,UNIFIED,"t=249 [HELLO_TX] bat=100% nbr=13"
0038,SENSOR,1,UNIFIED,"t=6 [HELLO_RX] NEW 002A tier=1(UNK) verified=0 rssi=0.2"
0038,SENSOR,1,UNIFIED,"t=8 [HELLO_TX] bat=100% nbr=1"
0038,SENSOR,1,UNIFIED,"t=8 [HELLO_RX] NEW 004B tier=1(UNK) verified=0 rssi=0.5"
0038,SENSOR,1,UNIFIED,"t=9 [HELLO_RX] NEW 000F tier=1(UNK) verified=0 rssi=1.3"
0038,SENSOR,1,UNIFIED,"t=10 [HELLO_RX] NEW 0039 tier=1(UNK) verified=0 rssi=0.6"
0038,SENSOR,1,UNIFIED,"t=11 [HELLO_RX] NEW AA06 tier=2(CH) verified=0 rssi=0.4"
0038,SENSOR,1,UNIFIED,"t=14 [HELLO_RX] NEW AA0A tier=2(CH) verified=0 rssi=0.5"
0038,SENSOR,1,UNIFIED,"t=15 [HELLO_TX] bat=100% nbr=6"
0038,SENSOR,1,UNIFIED,"t=15 [HELLO_RX] NEW 0062 tier=1(UNK) verified=0 rssi=0.4"
0038,SENSOR,1,UNIFIED,"t=16 [HELLO_RX] NEW 0056 tier=1(UNK) verified=0 rssi=0.5"
0038,SENSOR,1,UNIFIED,"t=19 [HELLO_RX] NEW 0025 tier=1(UNK) verified=0 rssi=0.5"
0038,SENSOR,1,UNIFIED,"t=20 [HELLO_TX] bat=100% nbr=9"
0038,SENSOR,1,UNIFIED,"t=25 [HELLO_TX] bat=100% nbr=9"
0038,SENSOR,1,UNIFIED,"t=25 [HELLO_RX] NEW FF01 tier=3(GWN) verified=0 rssi=0.2"
0038,SENSOR,1,UNIFIED,"t=30 [HELLO_RX] NEW 0052 tier=1(UNK) verified=0 rssi=0.6"
0038,SENSOR,1,UNIFIED,"t=32 [HELLO_RX] NEW 0035 tier=1(UNK) verified=0 rssi=0.2"
0038,SENSOR,1,UNIFIED,"t=34 [HELLO_TX] bat=100% nbr=12"
0038,SENSOR,1,UNIFIED,"t=38 [HELLO_RX] NEW 0036 tier=1(UNK) verified=0 rssi=0.3"
0038,SENSOR,1,UNIFIED,"t=42 [HELLO_RX] NEW AA02 tier=2(CH) verified=0 rssi=0.2"
0038,SENSOR,1,UNIFIED,"t=43 [HELLO_TX] bat=100% nbr=14"
0038,SENSOR,1,UNIFIED,"t=47 [HELLO_TX] bat=100% nbr=14"
0038,SENSOR,1,UNIFIED,"t=48 [HELLO_RX] NEW 0013 tier=1(UNK) verified=0 rssi=0.2"
0038,SENSOR,1,UNIFIED,"t=50 [HELLO_RX] NEW 0049 tier=1(UNK) verified=0 rssi=0.2"
0038,SENSOR,1,UNIFIED,"t=51 [HELLO_TX] bat=100% nbr=16"
0038,SENSOR,1,UNIFIED,"t=51 [HELLO_RX] NEW FF08 tier=3(GWN) verified=1 rssi=0.2"
0038,SENSOR,1,UNIFIED,"t=61 [HELLO_TX] bat=100% nbr=17"
0038,SENSOR,1,UNIFIED,"t=65 [HELLO_TX] bat=100% nbr=17"
0038,SENSOR,1,UNIFIED,"t=72 [HELLO_TX] bat=100% nbr=17"
0038,SENSOR,1,UNIFIED,"t=76 [HELLO_TX] bat=100% nbr=17"
0038,SENSOR,1,UNIFIED,"t=82 [HELLO_TX] bat=100% nbr=17"
0038,SENSOR,1,UNIFIED,"t=90 [HELLO_TX] bat=100% nbr=17"
0038,SENSOR,1,UNIFIED,"t=98 [HELLO_TX] bat=100% nbr=17"
0038,SENSOR,1,UNIFIED,"t=105 [HELLO_TX] bat=100% nbr=17"
0038,SENSOR,1,UNIFIED,"t=114 [HELLO_TX] bat=100% nbr=17"
0038,SENSOR,1,UNIFIED,"t=122 [HELLO_TX] bat=100% nbr=17"
0038,SENSOR,1,UNIFIED,"t=132 [HELLO_TX] bat=100% nbr=17"
0038,SENSOR,1,UNIFIED,"t=136 [HELLO_TX] bat=100% nbr=17"
0038,SENSOR,1,UNIFIED,"t=142 [HELLO_TX] bat=100% nbr=17"
0038,SENSOR,1,UNIFIED,"t=147 [HELLO_RX] NEW FF0A tier=3(GWN) verified=1 rssi=0.1"
0038,SENSOR,1,UNIFIED,"t=149 [HELLO_TX] bat=100% nbr=18"
0038,SENSOR,1,UNIFIED,"t=156 [HELLO_TX] bat=100% nbr=18"
0038,SENSOR,1,UNIFIED,"t=162 [HELLO_TX] bat=100% nbr=18"
0038,SENSOR,1,UNIFIED,"t=168 [HELLO_TX] bat=100% nbr=18"
0038,SENSOR,1,UNIFIED,"t=168 [HELLO_RX] NEW FF0C tier=3(GWN) verified=1 rssi=0.2"
0038,SENSOR,1,UNIFIED,"t=172 [HELLO_RX] NEW 000E tier=1(UNK) verified=0 rssi=0.2"
0038,SENSOR,1,UNIFIED,"t=175 [HELLO_TX] bat=100% nbr=20"
0038,SENSOR,1,UNIFIED,"t=185 [HELLO_TX] bat=100% nbr=20"
0038,SENSOR,1,UNIFIED,"t=192 [HELLO_TX] bat=100% nbr=20"
0038,SENSOR,1,UNIFIED,"t=200 [HELLO_TX] bat=100% nbr=20"
0038,SENSOR,1,UNIFIED,"t=208 [HELLO_TX] bat=100% nbr=20"
0038,SENSOR,1,UNIFIED,"t=215 [HELLO_TX] bat=100% nbr=20"
0038,SENSOR,1,UNIFIED,"t=222 [HELLO_TX] bat=100% nbr=20"
0038,SENSOR,1,UNIFIED,"t=229 [HELLO_TX] bat=100% nbr=20"
0038,SENSOR,1,UNIFIED,"t=237 [HELLO_TX] bat=100% nbr=20"
0038,SENSOR,1,UNIFIED,"t=243 [HELLO_RX] NEW FF05 tier=3(GWN) verified=1 rssi=0.2"
0038,SENSOR,1,UNIFIED,"t=247 [HELLO_TX] bat=100% nbr=21"
0039,SENSOR,1,UNIFIED,"t=5 [HELLO_RX] NEW AA0A tier=2(CH) verified=0 rssi=1.7"
0039,SENSOR,1,UNIFIED,"t=6 [HELLO_RX] NEW AA06 tier=2(CH) verified=0 rssi=3.9"
0039,SENSOR,1,UNIFIED,"t=8 [HELLO_RX] NEW 004B tier=1(UNK) verified=0 rssi=19.6"
0039,SENSOR,1,UNIFIED,"t=9 [HELLO_RX] NEW 000F tier=1(UNK) verified=0 rssi=1.8"
0039,SENSOR,1,UNIFIED,"t=10 [HELLO_TX] bat=100% nbr=4"
0039,SENSOR,1,UNIFIED,"t=10 [HELLO_RX] NEW FF05 tier=3(GWN) verified=0 rssi=0.4"
0039,SENSOR,1,UNIFIED,"t=12 [HELLO_RX] NEW FF0C tier=3(GWN) verified=0 rssi=0.2"
0039,SENSOR,1,UNIFIED,"t=15 [HELLO_TX] bat=100% nbr=6"
0039,SENSOR,1,UNIFIED,"t=15 [HELLO_RX] NEW 0038 tier=1(UNK) verified=0 rssi=0.6"
0039,SENSOR,1,UNIFIED,"t=16 [HELLO_RX] NEW 0049 tier=1(UNK) verified=0 rssi=1.6"
0039,SENSOR,1,UNIFIED,"t=20 [HELLO_RX] NEW 0052 tier=1(UNK) verified=0 rssi=1.7"
0039,SENSOR,1,UNIFIED,"t=22 [HELLO_TX] bat=100% nbr=9"
0039,SENSOR,1,UNIFIED,"t=25 [HELLO_RX] NEW FF08 tier=3(GWN) verified=0 rssi=0.6"
0039,SENSOR,1,UNIFIED,"t=28 [HELLO_TX] bat=100% nbr=10"
0039,SENSOR,1,UNIFIED,"t=34 [HELLO_TX] bat=100% nbr=10"
0039,SENSOR,1,UNIFIED,"t=39 [HELLO_TX] bat=100% nbr=10"
0039,SENSOR,1,UNIFIED,"t=41 [HELLO_RX] NEW 002A tier=1(UNK) verified=0 rssi=0.3"
0039,SENSOR,1,UNIFIED,"t=42 [HELLO_RX] NEW 0025 tier=1(UNK) verified=0 rssi=0.3"
0039,SENSOR,1,UNIFIED,"t=44 [HELLO_TX] bat=100% nbr=12"
0039,SENSOR,1,UNIFIED,"t=50 [HELLO_TX] bat=100% nbr=12"
0039,SENSOR,1,UNIFIED,"t=59 [HELLO_TX] bat=100% nbr=12"
0039,SENSOR,1,UNIFIED,"t=63 [HELLO_TX] bat=100% nbr=12"
0039,SENSOR,1,UNIFIED,"t=66 [HELLO_RX] NEW 000E tier=1(UNK) verified=0 rssi=0.3"
0039,SENSOR,1,UNIFIED,"t=67 [HELLO_RX] NEW FF0A tier=3(GWN) verified=1 rssi=0.2"
0039,SENSOR,1,UNIFIED,"t=70 [HELLO_RX] NEW FF01 tier=3(GWN) verified=1 rssi=0.2"
0039,SENSOR,1,UNIFIED,"t=71 [HELLO_TX] bat=100% nbr=15"
0039,SENSOR,1,UNIFIED,"t=77 [HELLO_RX] NEW 0062 tier=1(UNK) verified=0 rssi=0.2"
0039,SENSOR,1,UNIFIED,"t=80 [HELLO_RX] NEW FF06 tier=3(GWN) verified=1 rssi=0.1"
0039,SENSOR,1,UNIFIED,"t=81 [HELLO_TX] bat=100% nbr=17"
0039,SENSOR,1,UNIFIED,"t=91 [HELLO_TX] bat=100% nbr=17"
0039,SENSOR,1,UNIFIED,"t=93 [HELLO_RX] NEW 005F tier=1(UNK) verified=0 rssi=0.3"
0039,SENSOR,1,UNIFIED,"t=98 [HELLO_TX] bat=100% nbr=18"
0039,SENSOR,1,UNIFIED,"t=103 [HELLO_TX] bat=100% nbr=18"
0039,SENSOR,1,UNIFIED,"t=109 [HELLO_TX] bat=100% nbr=18"
0039,SENSOR,1,UNIFIED,"t=118 [HELLO_TX] bat=100% nbr=18"
0039,SENSOR,1,UNIFIED,"t=126 [HELLO_TX] bat=100% nbr=18"
0039,SENSOR,1,UNIFIED,"t=133 [HELLO_TX] bat=100% nbr=18"
0039,SENSOR,1,UNIFIED,"t=137 [HELLO_RX] NEW 0024 tier=1(UNK) verified=0 rssi=0.2"
0039,SENSOR,1,UNIFIED,"t=142 [HELLO_TX] bat=100% nbr=19"
0039,SENSOR,1,UNIFIED,"t=148 [HELLO_TX] bat=100% nbr=19"
0039,SENSOR,1,UNIFIED,"t=158 [HELLO_TX] bat=100% nbr=19"
0039,SENSOR,1,UNIFIED,"t=164 [HELLO_TX] bat=100% nbr=19"
0039,SENSOR,1,UNIFIED,"t=171 [HELLO_TX] bat=100% nbr=19"
0039,SENSOR,1,UNIFIED,"t=177 [HELLO_TX] bat=100% nbr=19"
0039,SENSOR,1,UNIFIED,"t=184 [HELLO_TX] bat=100% nbr=19"
0039,SENSOR,1,UNIFIED,"t=188 [HELLO_TX] bat=100% nbr=19"
0039,SENSOR,1,UNIFIED,"t=196 [HELLO_TX] bat=100% nbr=19"
0039,SENSOR,1,UNIFIED,"t=201 [HELLO_TX] bat=100% nbr=19"
0039,SENSOR,1,UNIFIED,"t=211 [HELLO_TX] bat=100% nbr=19"
0039,SENSOR,1,UNIFIED,"t=217 [HELLO_TX] bat=100% nbr=19"
0039,SENSOR,1,UNIFIED,"t=227 [HELLO_TX] bat=100% nbr=19"
0039,SENSOR,1,UNIFIED,"t=232 [HELLO_TX] bat=100% nbr=19"
0039,SENSOR,1,UNIFIED,"t=242 [HELLO_TX] bat=100% nbr=19"
0039,SENSOR,1,UNIFIED,"t=246 [HELLO_TX] bat=100% nbr=19"
003A,SENSOR,1,UNIFIED,"t=5 [HELLO_TX] bat=100% nbr=0"
003A,SENSOR,1,UNIFIED,"t=5 [HELLO_RX] NEW 005B tier=1(UNK) verified=0 rssi=3.0"
003A,SENSOR,1,UNIFIED,"t=7 [HELLO_RX] NEW 003B tier=1(UNK) verified=0 rssi=1.1"
003A,SENSOR,1,UNIFIED,"t=9 [HELLO_RX] NEW 005C tier=1(UNK) verified=0 rssi=4.0"
003A,SENSOR,1,UNIFIED,"t=10 [HELLO_RX] NEW 001B tier=1(UNK) verified=0 rssi=1.3"
003A,SENSOR,1,UNIFIED,"t=12 [HELLO_RX] NEW FF01 tier=3(GWN) verified=0 rssi=2.5"
003A,SENSOR,1,UNIFIED,"t=13 [HELLO_TX] bat=100% nbr=5"
003A,SENSOR,1,UNIFIED,"t=13 [HELLO_RX] NEW AA08 tier=2(CH) verified=0 rssi=0.5"
003A,SENSOR,1,UNIFIED,"t=14 [HELLO_RX] NEW FF0B tier=3(GWN) verified=0 rssi=1.1"
003A,SENSOR,1,UNIFIED,"t=18 [HELLO_RX] NEW FF0E tier=3(GWN) verified=0 rssi=0.2"
003A,SENSOR,1,UNIFIED,"t=21 [HELLO_RX] NEW 004F tier=1(UNK) verified=0 rssi=0.4"
003A,SENSOR,1,UNIFIED,"t=22 [HELLO_TX] bat=100% nbr=9"
003A,SENSOR,1,UNIFIED,"t=32 [HELLO_TX] bat=100% nbr=9"
003A,SENSOR,1,UNIFIED,"t=32 [HELLO_RX] NEW AA02 tier=2(CH) verified=0 rssi=0.3"
003A,SENSOR,1,UNIFIED,"t=36 [HELLO_RX] NEW FF0C tier=3(GWN) verified=1 rssi=0.3"
003A,SENSOR,1,UNIFIED,"t=40 [HELLO_RX] NEW 0022 tier=1(UNK) verified=0 rssi=0.2"
003A,SENSOR,1,UNIFIED,"t=41 [HELLO_TX] bat=100% nbr=12"
003A,SENSOR,1,UNIFIED,"t=45 [HELLO_TX] bat=100% nbr=12"
003A,SENSOR,1,UNIFIED,"t=53 [HELLO_TX] bat=100% nbr=12"
003A,SENSOR,1,UNIFIED,"t=56 [HELLO_RX] NEW 0051 tier=1(UNK) verified=0 rssi=0.3"
003A,SENSOR,1,UNIFIED,"t=57 [HELLO_TX] bat=100% nbr=13"
003A,SENSOR,1,UNIFIED,"t=67 [HELLO_TX] bat=100% nbr=13"
003A,SENSOR,1,UNIFIED,"t=74 [HELLO_TX] bat=100% nbr=13"
003A,SENSOR,1,UNIFIED,"t=78 [HELLO_TX] bat=100% nbr=13"
003A,SENSOR,1,UNIFIED,"t=87 [HELLO_TX] bat=100% nbr=13"
003A,SENSOR,1,UNIFIED,"t=93 [HELLO_TX] bat=100% nbr=13"
003A,SENSOR,1,UNIFIED,"t=97 [HELLO_TX] bat=100% nbr=13"
003A,SENSOR,1,UNIFIED,"t=102 [HELLO_TX] bat=100% nbr=13"
003A,SENSOR,1,UNIFIED,"t=108 [HELLO_TX] bat=100% nbr=13"
003A,SENSOR,1,UNIFIED,"t=115 [HELLO_RX] NEW 0035 tier=1(UNK) verified=0 rssi=0.2"
003A,SENSOR,1,UNIFIED,"t=116 [HELLO_TX] bat=100% nbr=14"
003A,SENSOR,1,UNIFIED,"t=120 [HELLO_TX] bat=100% nbr=14"
003A,SENSOR,1,UNIFIED,"t=129 [HELLO_TX] bat=100% nbr=14"
003A,SENSOR,1,UNIFIED,"t=138 [HELLO_TX] bat=100% nbr=14"
003A,SENSOR,1,UNIFIED,"t=148 [HELLO_TX] bat=100% nbr=14"
003A,SENSOR,1,UNIFIED,"t=155 [HELLO_TX] bat=100% nbr=14"
003A,SENSOR,1,UNIFIED,"t=161 [HELLO_RX] NEW 0013 tier=1(UNK) verified=0 rssi=0.2"
003A,SENSOR,1,UNIFIED,"t=163 [HELLO_TX] bat=100% nbr=15"
003A,SENSOR,1,UNIFIED,"t=167 [HELLO_RX] NEW 000B tier=1(UNK) verified=0 rssi=0.2"
003A,SENSOR,1,UNIFIED,"t=170 [HELLO_TX] bat=100% nbr=16"
003A,SENSOR,1,UNIFIED,"t=180 [HELLO_TX] bat=100% nbr=16"
003A,SENSOR,1,UNIFIED,"t=188 [HELLO_TX] bat=100% nbr=16"
003A,SENSOR,1,UNIFIED,"t=198 [HELLO_TX] bat=100% nbr=16"
003A,SENSOR,1,UNIFIED,"t=206 [HELLO_TX] bat=100% nbr=16"
003A,SENSOR,1,UNIFIED,"t=210 [HELLO_TX] bat=100% nbr=16"
003A,SENSOR,1,UNIFIED,"t=216 [HELLO_TX] bat=100% nbr=16"
003A,SENSOR,1,UNIFIED,"t=222 [HELLO_TX] bat=100% nbr=16"
003A,SENSOR,1,UNIFIED,"t=227 [HELLO_TX] bat=100% nbr=16"
003A,SENSOR,1,UNIFIED,"t=236 [HELLO_TX] bat=100% nbr=16"
003A,SENSOR,1,UNIFIED,"t=244 [HELLO_TX] bat=100% nbr=16"
003A,SENSOR,1,UNIFIED,"t=248 [HELLO_TX] bat=100% nbr=16"
003B,SENSOR,1,UNIFIED,"t=4 [HELLO_RX] NEW FF0C tier=3(GWN) verified=0 rssi=0.4"
003B,SENSOR,1,UNIFIED,"t=5 [HELLO_RX] NEW 005B tier=1(UNK) verified=0 rssi=8.7"
003B,SENSOR,1,UNIFIED,"t=7 [HELLO_TX] bat=100% nbr=2"
003B,SENSOR,1,UNIFIED,"t=7 [HELLO_RX] NEW 004F tier=1(UNK) verified=0 rssi=0.3"
003B,SENSOR,1,UNIFIED,"t=10 [HELLO_RX] NEW FF0B tier=3(GWN) verified=0 rssi=1.4"
003B,SENSOR,1,UNIFIED,"t=11 [HELLO_TX] bat=100% nbr=4"
003B,SENSOR,1,UNIFIED,"t=12 [HELLO_RX] NEW FF01 tier=3(GWN) verified=0 rssi=2.5"
003B,SENSOR,1,UNIFIED,"t=13 [HELLO_RX] NEW 003A tier=1(UNK) verified=0 rssi=1.1"
003B,SENSOR,1,UNIFIED,"t=16 [HELLO_TX] bat=100% nbr=6"
003B,SENSOR,1,UNIFIED,"t=19 [HELLO_RX] NEW 001B tier=1(UNK) verified=0 rssi=0.4"
003B,SENSOR,1,UNIFIED,"t=23 [HELLO_TX] bat=100% nbr=7"
003B,SENSOR,1,UNIFIED,"t=23 [HELLO_RX] NEW 003D tier=1(UNK) verified=0 rssi=0.2"
003B,SENSOR,1,UNIFIED,"t=31 [HELLO_TX] bat=100% nbr=8"
003B,SENSOR,1,UNIFIED,"t=33 [HELLO_RX] NEW 005C tier=1(UNK) verified=0 rssi=0.4"
003B,SENSOR,1,UNIFIED,"t=37 [HELLO_TX] bat=100% nbr=9"
003B,SENSOR,1,UNIFIED,"t=37 [HELLO_RX] NEW FF05 tier=3(GWN) verified=1 rssi=0.2"
003B,SENSOR,1,UNIFIED,"t=43 [HELLO_RX] NEW 0051 tier=1(UNK) verified=0 rssi=0.2"
003B,SENSOR,1,UNIFIED,"t=46 [HELLO_TX] bat=100% nbr=11"
003B,SENSOR,1,UNIFIED,"t=46 [HELLO_RX] NEW FF0E tier=3(GWN) verified=1 rssi=0.3"
003B,SENSOR,1,UNIFIED,"t=49 [HELLO_RX] NEW 0022 tier=1(UNK) verified=0 rssi=0.2"
003B,SENSOR,1,UNIFIED,"t=51 [HELLO_TX] bat=100% nbr=13"
003B,SENSOR,1,UNIFIED,"t=61 [HELLO_TX] bat=100% nbr=13"
003B,SENSOR,1,UNIFIED,"t=70 [HELLO_TX] bat=100% nbr=13"
003B,SENSOR,1,UNIFIED,"t=80 [HELLO_TX] bat=100% nbr=13"
003B,SENSOR,1,UNIFIED,"t=88 [HELLO_TX] bat=100% nbr=13"
003B,SENSOR,1,UNIFIED,"t=97 [HELLO_TX] bat=100% nbr=13"
003B,SENSOR,1,UNIFIED,"t=105 [HELLO_TX] bat=100% nbr=13"
003B,SENSOR,1,UNIFIED,"t=107 [HELLO_RX] NEW 000B tier=1(UNK) verified=0 rssi=0.2"
003B,SENSOR,1,UNIFIED,"t=113 [HELLO_TX] bat=100% nbr=14"
003B,SENSOR,1,UNIFIED,"t=121 [HELLO_TX] bat=100% nbr=14"
003B,SENSOR,1,UNIFIED,"t=130 [HELLO_TX] bat=100% nbr=14"
003B,SENSOR,1,UNIFIED,"t=137 [HELLO_TX] bat=100% nbr=14"
003B,SENSOR,1,UNIFIED,"t=145 [HELLO_TX] bat=100% nbr=14"
003B,SENSOR,1,UNIFIED,"t=149 [HELLO_TX] bat=100% nbr=14"
003B,SENSOR,1,UNIFIED,"t=155 [HELLO_TX] bat=100% nbr=14"
003B,SENSOR,1,UNIFIED,"t=161 [HELLO_TX] bat=100% nbr=14"
003B,SENSOR,1,UNIFIED,"t=167 [HELLO_TX] bat=100% nbr=14"
003B,SENSOR,1,UNIFIED,"t=172 [HELLO_TX] bat=100% nbr=14"
003B,SENSOR,1,UNIFIED,"t=182 [HELLO_TX] bat=100% nbr=14"
003B,SENSOR,1,UNIFIED,"t=190 [HELLO_TX] bat=100% nbr=14"
003B,SENSOR,1,UNIFIED,"t=192 [HELLO_RX] NEW FF08 tier=3(GWN) verified=1 rssi=0.1"
003B,SENSOR,1,UNIFIED,"t=197 [HELLO_TX] bat=100% nbr=15"
003B,SENSOR,1,UNIFIED,"t=202 [HELLO_TX] bat=100% nbr=15"
003B,SENSOR,1,UNIFIED,"t=210 [HELLO_TX] bat=100% nbr=15"
003B,SENSOR,1,UNIFIED,"t=217 [HELLO_TX] bat=100% nbr=15"
003B,SENSOR,1,UNIFIED,"t=225 [HELLO_TX] bat=100% nbr=15"
003B,SENSOR,1,UNIFIED,"t=234 [HELLO_TX] bat=100% nbr=15"
003B,SENSOR,1,UNIFIED,"t=244 [HELLO_TX] bat=100% nbr=15"
003C,SENSOR,1,UNIFIED,"t=5 [HELLO_RX] NEW 0057 tier=1(UNK) verified=0 rssi=1.7"
003C,SENSOR,1,UNIFIED,"t=6 [HELLO_RX] NEW 001D tier=1(UNK) verified=0 rssi=1.0"
003C,SENSOR,1,UNIFIED,"t=9 [HELLO_RX] NEW 0032 tier=1(UNK) verified=0 rssi=1.2"
003C,SENSOR,1,UNIFIED,"t=10 [HELLO_TX] bat=100% nbr=3"
003C,SENSOR,1,UNIFIED,"t=10 [HELLO_RX] NEW FF0A tier=3(GWN) verified=0 rssi=1.9"
003C,SENSOR,1,UNIFIED,"t=12 [HELLO_RX] NEW FF06 tier=3(GWN) verified=0 rssi=0.4"
003C,SENSOR,1,UNIFIED,"t=15 [HELLO_RX] NEW FF08 tier=3(GWN) verified=0 rssi=0.3"
003C,SENSOR,1,UNIFIED,"t=16 [HELLO_RX] NEW 0054 tier=1(UNK) verified=0 rssi=1.9"
003C,SENSOR,1,UNIFIED,"t=19 [HELLO_TX] bat=100% nbr=7"
003C,SENSOR,1,UNIFIED,"t=27 [HELLO_TX] bat=100% nbr=7"
003C,SENSOR,1,UNIFIED,"t=27 [HELLO_RX] NEW AA01 tier=2(CH) verified=0 rssi=0.8"
003C,SENSOR,1,UNIFIED,"t=30 [HELLO_RX] NEW 0055 tier=1(UNK) verified=0 rssi=0.4"
003C,SENSOR,1,UNIFIED,"t=36 [HELLO_TX] bat=100% nbr=9"
003C,SENSOR,1,UNIFIED,"t=44 [HELLO_TX] bat=100% nbr=9"
003C,SENSOR,1,UNIFIED,"t=44 [HELLO_RX] NEW 000C tier=1(UNK) verified=0 rssi=0.2"
003C,SENSOR,1,UNIFIED,"t=54 [HELLO_TX] bat=100% nbr=10"
003C,SENSOR,1,UNIFIED,"t=63 [HELLO_TX] bat=100% nbr=10"
003C,SENSOR,1,UNIFIED,"t=68 [HELLO_TX] bat=100% nbr=10"
003C,SENSOR,1,UNIFIED,"t=69 [HELLO_RX] NEW AA06 tier=2(CH) verified=0 rssi=0.2"
003C,SENSOR,1,UNIFIED,"t=72 [HELLO_RX] NEW 0049 tier=1(UNK) verified=0 rssi=0.2"
003C,SENSOR,1,UNIFIED,"t=73 [HELLO_TX] bat=100% nbr=12"
003C,SENSOR,1,UNIFIED,"t=77 [HELLO_TX] bat=100% nbr=12"
003C,SENSOR,1,UNIFIED,"t=85 [HELLO_TX] bat=100% nbr=12"
003C,SENSOR,1,UNIFIED,"t=94 [HELLO_TX] bat=100% nbr=12"
003C,SENSOR,1,UNIFIED,"t=101 [HELLO_RX] NEW 005F tier=1(UNK) verified=0 rssi=0.2"
003C,SENSOR,1,UNIFIED,"t=103 [HELLO_TX] bat=100% nbr=13"
003C,SENSOR,1,UNIFIED,"t=108 [HELLO_TX] bat=100% nbr=13"
003C,SENSOR,1,UNIFIED,"t=118 [HELLO_TX] bat=100% nbr=13"
003C,SENSOR,1,UNIFIED,"t=128 [HELLO_TX] bat=100% nbr=13"
003C,SENSOR,1,UNIFIED,"t=133 [HELLO_TX] bat=100% nbr=13"
003C,SENSOR,1,UNIFIED,"t=140 [HELLO_TX] bat=100% nbr=13"
003C,SENSOR,1,UNIFIED,"t=146 [HELLO_TX] bat=100% nbr=13"
003C,SENSOR,1,UNIFIED,"t=150 [HELLO_TX] bat=100% nbr=13"
003C,SENSOR,1,UNIFIED,"t=156 [HELLO_TX] bat=100% nbr=13"
003C,SENSOR,1,UNIFIED,"t=165 [HELLO_TX] bat=100% nbr=13"
003C,SENSOR,1,UNIFIED,"t=175 [HELLO_TX] bat=100% nbr=13"
003C,SENSOR,1,UNIFIED,"t=185 [HELLO_TX] bat=100% nbr=13"
003C,SENSOR,1,UNIFIED,"t=192 [HELLO_TX] bat=100% nbr=13"
003C,SENSOR,1,UNIFIED,"t=196 [HELLO_TX] bat=100% nbr=13"
003C,SENSOR,1,UNIFIED,"t=203 [HELLO_TX] bat=100% nbr=13"
003C,SENSOR,1,UNIFIED,"t=212 [HELLO_TX] bat=100% nbr=13"
003C,SENSOR,1,UNIFIED,"t=218 [HELLO_TX] bat=100% nbr=13"
003C,SENSOR,1,UNIFIED,"t=226 [HELLO_TX] bat=100% nbr=13"
003C,SENSOR,1,UNIFIED,"t=236 [HELLO_TX] bat=100% nbr=13"
003C,SENSOR,1,UNIFIED,"t=243 [HELLO_TX] bat=100% nbr=13"
003C,SENSOR,1,UNIFIED,"t=249 [HELLO_TX] bat=100% nbr=13"
003D,SENSOR,1,UNIFIED,"t=4 [HELLO_RX] NEW FF0C tier=3(GWN) verified=0 rssi=15.3"
003D,SENSOR,1,UNIFIED,"t=5 [HELLO_RX] NEW 0034 tier=1(UNK) verified=0 rssi=1.6"
003D,SENSOR,1,UNIFIED,"t=7 [HELLO_TX] bat=100% nbr=2"
003D,SENSOR,1,UNIFIED,"t=7 [HELLO_RX] NEW 004F tier=1(UNK) verified=0 rssi=0.6"
003D,SENSOR,1,UNIFIED,"t=8 [HELLO_RX] NEW 000B tier=1(UNK) verified=0 rssi=4.0"
003D,SENSOR,1,UNIFIED,"t=10 [HELLO_RX] NEW 004A tier=1(UNK) verified=0 rssi=4.0"
003D,SENSOR,1,UNIFIED,"t=11 [HELLO_RX] NEW 002A tier=1(UNK) verified=0 rssi=0.2"
003D,SENSOR,1,UNIFIED,"t=14 [HELLO_TX] bat=100% nbr=6"
003D,SENSOR,1,UNIFIED,"t=14 [HELLO_RX] NEW 004E tier=1(UNK) verified=0 rssi=0.5"
003D,SENSOR,1,UNIFIED,"t=18 [HELLO_RX] NEW FF0E tier=3(GWN) verified=0 rssi=2.5"
003D,SENSOR,1,UNIFIED,"t=20 [HELLO_RX] NEW 005B tier=1(UNK) verified=0 rssi=0.2"
003D,SENSOR,1,UNIFIED,"t=21 [HELLO_RX] NEW FF05 tier=3(GWN) verified=0 rssi=1.1"
003D,SENSOR,1,UNIFIED,"t=23 [HELLO_TX] bat=100% nbr=10"
003D,SENSOR,1,UNIFIED,"t=27 [HELLO_RX] NEW 0024 tier=1(UNK) verified=0 rssi=0.4"
003D,SENSOR,1,UNIFIED,"t=29 [HELLO_RX] NEW FF01 tier=3(GWN) verified=0 rssi=2.8"
003D,SENSOR,1,UNIFIED,"t=30 [HELLO_TX] bat=100% nbr=12"
003D,SENSOR,1,UNIFIED,"t=34 [HELLO_RX] NEW FF08 tier=3(GWN) verified=0 rssi=0.3"
003D,SENSOR,1,UNIFIED,"t=39 [HELLO_TX] bat=100% nbr=13"
003D,SENSOR,1,UNIFIED,"t=39 [HELLO_RX] NEW AA0A tier=2(CH) verified=0 rssi=0.3"
003D,SENSOR,1,UNIFIED,"t=40 [HELLO_RX] NEW 000E tier=1(UNK) verified=0 rssi=0.2"
003D,SENSOR,1,UNIFIED,"t=47 [HELLO_RX] NEW 000D tier=1(UNK) verified=0 rssi=0.2"
003D,SENSOR,1,UNIFIED,"t=49 [HELLO_TX] bat=100% nbr=16"
003D,SENSOR,1,UNIFIED,"t=55 [HELLO_TX] bat=100% nbr=16"
003D,SENSOR,1,UNIFIED,"t=59 [HELLO_TX] bat=100% nbr=16"
003D,SENSOR,1,UNIFIED,"t=64 [HELLO_RX] NEW 001B tier=1(UNK) verified=0 rssi=0.3"
003D,SENSOR,1,UNIFIED,"t=65 [HELLO_TX] bat=100% nbr=17"
003D,SENSOR,1,UNIFIED,"t=69 [HELLO_TX] bat=100% nbr=17"
003D,SENSOR,1,UNIFIED,"t=69 [HELLO_RX] NEW 001A tier=1(UNK) verified=0 rssi=1.2"
003D,SENSOR,1,UNIFIED,"t=75 [HELLO_TX] bat=100% nbr=18"
003D,SENSOR,1,UNIFIED,"t=77 [HELLO_RX] NEW FF0B tier=3(GWN) verified=0 rssi=0.2"
003D,SENSOR,1,UNIFIED,"t=85 [HELLO_TX] bat=100% nbr=19"
003D,SENSOR,1,UNIFIED,"t=94 [HELLO_TX] bat=100% nbr=19"
003D,SENSOR,1,UNIFIED,"t=103 [HELLO_TX] bat=100% nbr=19"
003D,SENSOR,1,UNIFIED,"t=111 [HELLO_TX] bat=100% nbr=19"
003D,SENSOR,1,UNIFIED,"t=121 [HELLO_TX] bat=100% nbr=19"
003D,SENSOR,1,UNIFIED,"t=130 [HELLO_TX] bat=100% nbr=19"
003D,SENSOR,1,UNIFIED,"t=139 [HELLO_TX] bat=100% nbr=19"
003D,SENSOR,1,UNIFIED,"t=144 [HELLO_TX] bat=100% nbr=19"
003D,SENSOR,1,UNIFIED,"t=150 [HELLO_TX] bat=100% nbr=19"
003D,SENSOR,1,UNIFIED,"t=160 [HELLO_TX] bat=100% nbr=19"
003D,SENSOR,1,UNIFIED,"t=161 [HELLO_RX] NEW 003B tier=1(UNK) verified=0 rssi=0.2"
003D,SENSOR,1,UNIFIED,"t=164 [HELLO_TX] bat=100% nbr=20"
003D,SENSOR,1,UNIFIED,"t=169 [HELLO_TX] bat=100% nbr=20"
003D,SENSOR,1,UNIFIED,"t=175 [HELLO_TX] bat=100% nbr=20"
003D,SENSOR,1,UNIFIED,"t=179 [HELLO_TX] bat=100% nbr=20"
003D,SENSOR,1,UNIFIED,"t=189 [HELLO_TX] bat=100% nbr=20"
003D,SENSOR,1,UNIFIED,"t=199 [HELLO_TX] bat=100% nbr=20"
003D,SENSOR,1,UNIFIED,"t=208 [HELLO_TX] bat=100% nbr=20"
003D,SENSOR,1,UNIFIED,"t=215 [HELLO_TX] bat=100% nbr=20"
003D,SENSOR,1,UNIFIED,"t=220 [HELLO_TX] bat=100% nbr=20"
003D,SENSOR,1,UNIFIED,"t=225 [HELLO_TX] bat=100% nbr=20"
003D,SENSOR,1,UNIFIED,"t=233 [HELLO_TX] bat=100% nbr=20"
003D,SENSOR,1,UNIFIED,"t=243 [HELLO_TX] bat=100% nbr=20"
003E,SENSOR,1,UNIFIED,"t=4 [HELLO_TX] bat=100% nbr=0"
003E,SENSOR,1,UNIFIED,"t=4 [HELLO_RX] NEW AA03 tier=2(CH) verified=0 rssi=0.9"
003E,SENSOR,1,UNIFIED,"t=7 [HELLO_RX] NEW AA0B tier=2(CH) verified=0 rssi=17.9"
003E,SENSOR,1,UNIFIED,"t=8 [HELLO_RX] NEW 0060 tier=1(UNK) verified=0 rssi=0.3"
003E,SENSOR,1,UNIFIED,"t=9 [HELLO_RX] NEW 0010 tier=1(UNK) verified=0 rssi=1.3"
003E,SENSOR,1,UNIFIED,"t=10 [HELLO_RX] NEW 0059 tier=1(UNK) verified=0 rssi=0.2"
003E,SENSOR,1,UNIFIED,"t=11 [HELLO_TX] bat=100% nbr=5"
003E,SENSOR,1,UNIFIED,"t=11 [HELLO_RX] NEW 0007 tier=1(UNK) verified=0 rssi=0.6"
003E,SENSOR,1,UNIFIED,"t=14 [HELLO_RX] NEW AA0C tier=2(CH) verified=0 rssi=1.6"
003E,SENSOR,1,UNIFIED,"t=15 [HELLO_RX] NEW 0017 tier=1(UNK) verified=0 rssi=0.2"
003E,SENSOR,1,UNIFIED,"t=17 [HELLO_TX] bat=100% nbr=8"
003E,SENSOR,1,UNIFIED,"t=23 [HELLO_TX] bat=100% nbr=8"
003E,SENSOR,1,UNIFIED,"t=28 [HELLO_RX] NEW FF04 tier=3(GWN) verified=0 rssi=0.1"
003E,SENSOR,1,UNIFIED,"t=29 [HELLO_TX] bat=100% nbr=9"
003E,SENSOR,1,UNIFIED,"t=39 [HELLO_TX] bat=100% nbr=9"
003E,SENSOR,1,UNIFIED,"t=40 [HELLO_RX] NEW FF02 tier=3(GWN) verified=0 rssi=0.1"
003E,SENSOR,1,UNIFIED,"t=44 [HELLO_TX] bat=100% nbr=10"
003E,SENSOR,1,UNIFIED,"t=48 [HELLO_TX] bat=100% nbr=10"
003E,SENSOR,1,UNIFIED,"t=52 [HELLO_TX] bat=100% nbr=10"
003E,SENSOR,1,UNIFIED,"t=54 [HELLO_RX] NEW 0041 tier=1(UNK) verified=0 rssi=0.5"
003E,SENSOR,1,UNIFIED,"t=60 [HELLO_TX] bat=100% nbr=11"
003E,SENSOR,1,UNIFIED,"t=67 [HELLO_TX] bat=100% nbr=11"
003E,SENSOR,1,UNIFIED,"t=71 [HELLO_TX] bat=100% nbr=11"
003E,SENSOR,1,UNIFIED,"t=79 [HELLO_TX] bat=100% nbr=11"
003E,SENSOR,1,UNIFIED,"t=89 [HELLO_TX] bat=100% nbr=11"
003E,SENSOR,1,UNIFIED,"t=93 [HELLO_TX] bat=100% nbr=11"
003E,SENSOR,1,UNIFIED,"t=102 [HELLO_TX] bat=100% nbr=11"
003E,SENSOR,1,UNIFIED,"t=111 [HELLO_TX] bat=100% nbr=11"
003E,SENSOR,1,UNIFIED,"t=120 [HELLO_TX] bat=100% nbr=11"
003E,SENSOR,1,UNIFIED,"t=129 [HELLO_RX] NEW 003F tier=1(UNK) verified=0 rssi=0.2"
003E,SENSOR,1,UNIFIED,"t=130 [HELLO_TX] bat=100% nbr=12"
003E,SENSOR,1,UNIFIED,"t=139 [HELLO_TX] bat=100% nbr=12"
003E,SENSOR,1,UNIFIED,"t=146 [HELLO_TX] bat=100% nbr=12"
003E,SENSOR,1,UNIFIED,"t=154 [HELLO_TX] bat=100% nbr=12"
003E,SENSOR,1,UNIFIED,"t=159 [HELLO_RX] NEW FF03 tier=3(GWN) verified=1 rssi=0.1"
003E,SENSOR,1,UNIFIED,"t=162 [HELLO_RX] NEW 0009 tier=1(UNK) verified=0 rssi=0.2"
003E,SENSOR,1,UNIFIED,"t=164 [HELLO_TX] bat=100% nbr=14"
003E,SENSOR,1,UNIFIED,"t=170 [HELLO_TX] bat=100% nbr=14"
003E,SENSOR,1,UNIFIED,"t=176 [HELLO_TX] bat=100% nbr=14"
003E,SENSOR,1,UNIFIED,"t=180 [HELLO_TX] bat=100% nbr=14"
003E,SENSOR,1,UNIFIED,"t=187 [HELLO_TX] bat=100% nbr=14"
003E,SENSOR,1,UNIFIED,"t=192 [HELLO_TX] bat=100% nbr=14"
003E,SENSOR,1,UNIFIED,"t=197 [HELLO_TX] bat=100% nbr=14"
003E,SENSOR,1,UNIFIED,"t=205 [HELLO_TX] bat=100% nbr=14"
003E,SENSOR,1,UNIFIED,"t=210 [HELLO_TX] bat=100% nbr=14"
003E,SENSOR,1,UNIFIED,"t=219 [HELLO_TX] bat=100% nbr=14"
003E,SENSOR,1,UNIFIED,"t=227 [HELLO_TX] bat=100% nbr=14"
003E,SENSOR,1,UNIFIED,"t=235 [HELLO_TX] bat=100% nbr=14"
003E,SENSOR,1,UNIFIED,"t=241 [HELLO_TX] bat=100% nbr=14"
003F,SENSOR,1,UNIFIED,"t=4 [HELLO_RX] NEW AA03 tier=2(CH) verified=0 rssi=0.9"
003F,SENSOR,1,UNIFIED,"t=5 [HELLO_RX] NEW 0042 tier=1(UNK) verified=0 rssi=8.5"
003F,SENSOR,1,UNIFIED,"t=7 [HELLO_TX] bat=100% nbr=2"
003F,SENSOR,1,UNIFIED,"t=7 [HELLO_RX] NEW 0020 tier=1(UNK) verified=0 rssi=1.6"
003F,SENSOR,1,UNIFIED,"t=8 [HELLO_RX] NEW 005A tier=1(UNK) verified=0 rssi=238.8"
003F,SENSOR,1,UNIFIED,"t=9 [HELLO_RX] NEW 0047 tier=1(UNK) verified=0 rssi=34.2"
003F,SENSOR,1,UNIFIED,"t=10 [HELLO_RX] NEW 0059 tier=1(UNK) verified=0 rssi=1.4"
003F,SENSOR,1,UNIFIED,"t=13 [HELLO_TX] bat=100% nbr=6"
003F,SENSOR,1,UNIFIED,"t=22 [HELLO_TX] bat=100% nbr=6"
003F,SENSOR,1,UNIFIED,"t=22 [HELLO_RX] NEW 0041 tier=1(UNK) verified=0 rssi=1.3"
003F,SENSOR,1,UNIFIED,"t=25 [HELLO_RX] NEW AA0B tier=2(CH) verified=0 rssi=0.3"
003F,SENSOR,1,UNIFIED,"t=26 [HELLO_RX] NEW 0060 tier=1(UNK) verified=0 rssi=0.2"
003F,SENSOR,1,UNIFIED,"t=29 [HELLO_TX] bat=100% nbr=9"
003F,SENSOR,1,UNIFIED,"t=29 [HELLO_RX] NEW FF02 tier=3(GWN) verified=0 rssi=0.2"
003F,SENSOR,1,UNIFIED,"t=36 [HELLO_RX] NEW 005E tier=1(UNK) verified=0 rssi=0.5"
003F,SENSOR,1,UNIFIED,"t=37 [HELLO_TX] bat=100% nbr=11"
003F,SENSOR,1,UNIFIED,"t=37 [HELLO_RX] NEW AA0C tier=2(CH) verified=0 rssi=0.8"
003F,SENSOR,1,UNIFIED,"t=41 [HELLO_TX] bat=100% nbr=12"
003F,SENSOR,1,UNIFIED,"t=48 [HELLO_TX] bat=100% nbr=12"
003F,SENSOR,1,UNIFIED,"t=54 [HELLO_TX] bat=100% nbr=12"
003F,SENSOR,1,UNIFIED,"t=60 [HELLO_RX] NEW 0004 tier=1(UNK) verified=0 rssi=0.7"
003F,SENSOR,1,UNIFIED,"t=62 [HELLO_TX] bat=100% nbr=13"
003F,SENSOR,1,UNIFIED,"t=69 [HELLO_RX] NEW 005D tier=1(UNK) verified=0 rssi=0.2"
003F,SENSOR,1,UNIFIED,"t=70 [HELLO_RX] NEW AA05 tier=2(CH) verified=0 rssi=0.2"
003F,SENSOR,1,UNIFIED,"t=71 [HELLO_TX] bat=100% nbr=15"
003F,SENSOR,1,UNIFIED,"t=77 [HELLO_TX] bat=100% nbr=15"
003F,SENSOR,1,UNIFIED,"t=84 [HELLO_TX] bat=100% nbr=15"
003F,SENSOR,1,UNIFIED,"t=88 [HELLO_TX] bat=100% nbr=15"
003F,SENSOR,1,UNIFIED,"t=95 [HELLO_TX] bat=100% nbr=15"
003F,SENSOR,1,UNIFIED,"t=100 [HELLO_RX] NEW 0021 tier=1(UNK) verified=0 rssi=0.2"
003F,SENSOR,1,UNIFIED,"t=101 [HELLO_TX] bat=100% nbr=16"
003F,SENSOR,1,UNIFIED,"t=106 [HELLO_TX] bat=100% nbr=16"
003F,SENSOR,1,UNIFIED,"t=109 [HELLO_RX] NEW 0005 tier=1(UNK) verified=0 rssi=0.3"
003F,SENSOR,1,UNIFIED,"t=113 [HELLO_TX] bat=100% nbr=17"
003F,SENSOR,1,UNIFIED,"t=115 [HELLO_RX] NEW 0017 tier=1(UNK) verified=0 rssi=0.3"
003F,SENSOR,1,UNIFIED,"t=116 [HELLO_RX] NEW 0029 tier=1(UNK) verified=0 rssi=0.2"
003F,SENSOR,1,UNIFIED,"t=117 [HELLO_TX] bat=100% nbr=19"
003F,SENSOR,1,UNIFIED,"t=123 [HELLO_TX] bat=100% nbr=19"
003F,SENSOR,1,UNIFIED,"t=129 [HELLO_TX] bat=100% nbr=19"
003F,SENSOR,1,UNIFIED,"t=137 [HELLO_TX] bat=100% nbr=19"
003F,SENSOR,1,UNIFIED,"t=142 [HELLO_TX] bat=100% nbr=19"
003F,SENSOR,1,UNIFIED,"t=144 [HELLO_RX] NEW 0010 tier=1(UNK) verified=0 rssi=0.3"
003F,SENSOR,1,UNIFIED,"t=150 [HELLO_TX] bat=100% nbr=20"
003F,SENSOR,1,UNIFIED,"t=155 [HELLO_TX] bat=100% nbr=20"
003F,SENSOR,1,UNIFIED,"t=159 [HELLO_TX] bat=100% nbr=20"
003F,SENSOR,1,UNIFIED,"t=169 [HELLO_TX] bat=100% nbr=20"
003F,SENSOR,1,UNIFIED,"t=179 [HELLO_TX] bat=100% nbr=20"
003F,SENSOR,1,UNIFIED,"t=183 [HELLO_TX] bat=100% nbr=20"
003F,SENSOR,1,UNIFIED,"t=190 [HELLO_TX] bat=100% nbr=20"
003F,SENSOR,1,UNIFIED,"t=200 [HELLO_TX] bat=100% nbr=20"
003F,SENSOR,1,UNIFIED,"t=207 [HELLO_TX] bat=100% nbr=20"
003F,SENSOR,1,UNIFIED,"t=215 [HELLO_TX] bat=100% nbr=20"
003F,SENSOR,1,UNIFIED,"t=219 [HELLO_TX] bat=100% nbr=20"
003F,SENSOR,1,UNIFIED,"t=219 [HELLO_RX] NEW 003E tier=1(UNK) verified=0 rssi=0.2"
003F,SENSOR,1,UNIFIED,"t=225 [HELLO_TX] bat=100% nbr=21"
003F,SENSOR,1,UNIFIED,"t=235 [HELLO_TX] bat=100% nbr=21"
003F,SENSOR,1,UNIFIED,"t=241 [HELLO_TX] bat=100% nbr=21"
003F,SENSOR,1,UNIFIED,"t=245 [HELLO_TX] bat=100% nbr=21"
0040,SENSOR,1,UNIFIED,"t=4 [HELLO_RX] NEW 0002 tier=1(UNK) verified=0 rssi=1.2"
0040,SENSOR,1,UNIFIED,"t=6 [HELLO_RX] NEW FF0D tier=3(GWN) verified=0 rssi=1.3"
0040,SENSOR,1,UNIFIED,"t=9 [HELLO_TX] bat=100% nbr=2"
0040,SENSOR,1,UNIFIED,"t=10 [HELLO_RX] NEW 0045 tier=1(UNK) verified=0 rssi=1.9"
0040,SENSOR,1,UNIFIED,"t=12 [HELLO_RX] NEW 0030 tier=1(UNK) verified=0 rssi=0.7"
0040,SENSOR,1,UNIFIED,"t=13 [HELLO_TX] bat=100% nbr=4"
0040,SENSOR,1,UNIFIED,"t=19 [HELLO_TX] bat=100% nbr=4"
0040,SENSOR,1,UNIFIED,"t=22 [HELLO_RX] NEW 0018 tier=1(UNK) verified=0 rssi=0.2"
0040,SENSOR,1,UNIFIED,"t=25 [HELLO_RX] NEW AA07 tier=2(CH) verified=0 rssi=0.4"
0040,SENSOR,1,UNIFIED,"t=27 [HELLO_TX] bat=100% nbr=6"
0040,SENSOR,1,UNIFIED,"t=36 [HELLO_TX] bat=100% nbr=6"
0040,SENSOR,1,UNIFIED,"t=46 [HELLO_TX] bat=100% nbr=6"
0040,SENSOR,1,UNIFIED,"t=55 [HELLO_TX] bat=100% nbr=6"
0040,SENSOR,1,UNIFIED,"t=56 [HELLO_RX] NEW FF07 tier=3(GWN) verified=0 rssi=0.8"
0040,SENSOR,1,UNIFIED,"t=59 [HELLO_TX] bat=100% nbr=7"
0040,SENSOR,1,UNIFIED,"t=65 [HELLO_TX] bat=100% nbr=7"
0040,SENSOR,1,UNIFIED,"t=69 [HELLO_TX] bat=100% nbr=7"
0040,SENSOR,1,UNIFIED,"t=74 [HELLO_TX] bat=100% nbr=7"
0040,SENSOR,1,UNIFIED,"t=78 [HELLO_TX] bat=100% nbr=7"
0040,SENSOR,1,UNIFIED,"t=83 [HELLO_TX] bat=100% nbr=7"
0040,SENSOR,1,UNIFIED,"t=89 [HELLO_TX] bat=100% nbr=7"
0040,SENSOR,1,UNIFIED,"t=97 [HELLO_TX] bat=100% nbr=7"
0040,SENSOR,1,UNIFIED,"t=107 [HELLO_TX] bat=100% nbr=7"
0040,SENSOR,1,UNIFIED,"t=113 [HELLO_TX] bat=100% nbr=7"
0040,SENSOR,1,UNIFIED,"t=122 [HELLO_TX] bat=100% nbr=7"
0040,SENSOR,1,UNIFIED,"t=126 [HELLO_TX] bat=100% nbr=7"
0040,SENSOR,1,UNIFIED,"t=134 [HELLO_TX] bat=100% nbr=7"
0040,SENSOR,1,UNIFIED,"t=143 [HELLO_TX] bat=100% nbr=7"
0040,SENSOR,1,UNIFIED,"t=148 [HELLO_TX] bat=100% nbr=7"
0040,SENSOR,1,UNIFIED,"t=156 [HELLO_TX] bat=100% nbr=7"
0040,SENSOR,1,UNIFIED,"t=163 [HELLO_TX] bat=100% nbr=7"
0040,SENSOR,1,UNIFIED,"t=170 [HELLO_TX] bat=100% nbr=7"
0040,SENSOR,1,UNIFIED,"t=174 [HELLO_TX] bat=100% nbr=7"
0040,SENSOR,1,UNIFIED,"t=180 [HELLO_TX] bat=100% nbr=7"
0040,SENSOR,1,UNIFIED,"t=184 [HELLO_TX] bat=100% nbr=7"
0040,SENSOR,1,UNIFIED,"t=190 [HELLO_TX] bat=100% nbr=7"
0040,SENSOR,1,UNIFIED,"t=197 [HELLO_TX] bat=100% nbr=7"
0040,SENSOR,1,UNIFIED,"t=201 [HELLO_TX] bat=100% nbr=7"
0040,SENSOR,1,UNIFIED,"t=208 [HELLO_TX] bat=100% nbr=7"
0040,SENSOR,1,UNIFIED,"t=217 [HELLO_TX] bat=100% nbr=7"
0040,SENSOR,1,UNIFIED,"t=222 [HELLO_TX] bat=100% nbr=7"
0040,SENSOR,1,UNIFIED,"t=226 [HELLO_TX] bat=100% nbr=7"
0040,SENSOR,1,UNIFIED,"t=231 [HELLO_TX] bat=100% nbr=7"
0040,SENSOR,1,UNIFIED,"t=241 [HELLO_TX] bat=100% nbr=7"
0040,SENSOR,1,UNIFIED,"t=247 [HELLO_TX] bat=100% nbr=7"
0041,SENSOR,1,UNIFIED,"t=4 [HELLO_RX] NEW AA03 tier=2(CH) verified=0 rssi=3.2"
0041,SENSOR,1,UNIFIED,"t=7 [HELLO_TX] bat=100% nbr=1"
0041,SENSOR,1,UNIFIED,"t=7 [HELLO_RX] NEW AA0C tier=2(CH) verified=0 rssi=4.1"
0041,SENSOR,1,UNIFIED,"t=9 [HELLO_RX] NEW 0010 tier=1(UNK) verified=0 rssi=1.7"
0041,SENSOR,1,UNIFIED,"t=10 [HELLO_RX] NEW 0059 tier=1(UNK) verified=0 rssi=1.7"
0041,SENSOR,1,UNIFIED,"t=11 [HELLO_RX] NEW 0007 tier=1(UNK) verified=0 rssi=0.2"
0041,SENSOR,1,UNIFIED,"t=13 [HELLO_RX] NEW 003F tier=1(UNK) verified=0 rssi=1.3"
0041,SENSOR,1,UNIFIED,"t=14 [HELLO_TX] bat=100% nbr=6"
0041,SENSOR,1,UNIFIED,"t=15 [HELLO_RX] NEW 0017 tier=1(UNK) verified=0 rssi=0.4"
0041,SENSOR,1,UNIFIED,"t=17 [HELLO_RX] NEW 003E tier=1(UNK) verified=0 rssi=0.5"
0041,SENSOR,1,UNIFIED,"t=18 [HELLO_RX] NEW 0047 tier=1(UNK) verified=0 rssi=0.8"
0041,SENSOR,1,UNIFIED,"t=20 [HELLO_RX] NEW 0060 tier=1(UNK) verified=0 rssi=0.3"
0041,SENSOR,1,UNIFIED,"t=22 [HELLO_TX] bat=100% nbr=10"
0041,SENSOR,1,UNIFIED,"t=23 [HELLO_RX] NEW 005A tier=1(UNK) verified=0 rssi=1.5"
0041,SENSOR,1,UNIFIED,"t=27 [HELLO_TX] bat=100% nbr=11"
0041,SENSOR,1,UNIFIED,"t=27 [HELLO_RX] NEW 0020 tier=1(UNK) verified=0 rssi=0.3"
0041,SENSOR,1,UNIFIED,"t=28 [HELLO_RX] NEW FF04 tier=3(GWN) verified=0 rssi=0.1"
0041,SENSOR,1,UNIFIED,"t=35 [HELLO_RX] NEW 0021 tier=1(UNK) verified=0 rssi=0.3"
0041,SENSOR,1,UNIFIED,"t=36 [HELLO_TX] bat=100% nbr=14"
0041,SENSOR,1,UNIFIED,"t=46 [HELLO_TX] bat=100% nbr=14"
0041,SENSOR,1,UNIFIED,"t=50 [HELLO_RX] NEW 0004 tier=1(UNK) verified=0 rssi=0.2"
0041,SENSOR,1,UNIFIED,"t=54 [HELLO_TX] bat=100% nbr=15"
0041,SENSOR,1,UNIFIED,"t=62 [HELLO_TX] bat=100% nbr=15"
0041,SENSOR,1,UNIFIED,"t=65 [HELLO_RX] NEW 0042 tier=1(UNK) verified=0 rssi=0.5"
0041,SENSOR,1,UNIFIED,"t=66 [HELLO_TX] bat=100% nbr=16"
0041,SENSOR,1,UNIFIED,"t=75 [HELLO_TX] bat=100% nbr=16"
0041,SENSOR,1,UNIFIED,"t=82 [HELLO_TX] bat=100% nbr=16"
0041,SENSOR,1,UNIFIED,"t=86 [HELLO_RX] NEW AA0B tier=2(CH) verified=0 rssi=1.2"
0041,SENSOR,1,UNIFIED,"t=92 [HELLO_TX] bat=100% nbr=17"
0041,SENSOR,1,UNIFIED,"t=97 [HELLO_RX] NEW AA05 tier=2(CH) verified=0 rssi=0.2"
0041,SENSOR,1,UNIFIED,"t=99 [HELLO_TX] bat=100% nbr=18"
0041,SENSOR,1,UNIFIED,"t=107 [HELLO_TX] bat=100% nbr=18"
0041,SENSOR,1,UNIFIED,"t=117 [HELLO_TX] bat=100% nbr=18"
0041,SENSOR,1,UNIFIED,"t=121 [HELLO_TX] bat=100% nbr=18"
0041,SENSOR,1,UNIFIED,"t=131 [HELLO_TX] bat=100% nbr=18"
0041,SENSOR,1,UNIFIED,"t=136 [HELLO_TX] bat=100% nbr=18"
0041,SENSOR,1,UNIFIED,"t=145 [HELLO_TX] bat=100% nbr=18"
0041,SENSOR,1,UNIFIED,"t=153 [HELLO_TX] bat=100% nbr=18"
0041,SENSOR,1,UNIFIED,"t=163 [HELLO_TX] bat=100% nbr=18"
0041,SENSOR,1,UNIFIED,"t=168 [HELLO_TX] bat=100% nbr=18"
0041,SENSOR,1,UNIFIED,"t=178 [HELLO_TX] bat=100% nbr=18"
0041,SENSOR,1,UNIFIED,"t=185 [HELLO_RX] NEW 0005 tier=1(UNK) verified=0 rssi=0.3"
0041,SENSOR,1,UNIFIED,"t=188 [HELLO_TX] bat=100% nbr=19"
0041,SENSOR,1,UNIFIED,"t=193 [HELLO_TX] bat=100% nbr=19"
0041,SENSOR,1,UNIFIED,"t=198 [HELLO_TX] bat=100% nbr=19"
0041,SENSOR,1,UNIFIED,"t=202 [HELLO_TX] bat=100% nbr=19"
0041,SENSOR,1,UNIFIED,"t=206 [HELLO_TX] bat=100% nbr=19"
0041,SENSOR,1,UNIFIED,"t=212 [HELLO_TX] bat=100% nbr=19"
0041,SENSOR,1,UNIFIED,"t=218 [HELLO_TX] bat=100% nbr=19"
0041,SENSOR,1,UNIFIED,"t=224 [HELLO_TX] bat=100% nbr=19"
0041,SENSOR,1,UNIFIED,"t=229 [HELLO_TX] bat=100% nbr=19"
0041,SENSOR,1,UNIFIED,"t=238 [HELLO_TX] bat=100% nbr=19"
0041,SENSOR,1,UNIFIED,"t=245 [HELLO_TX] bat=100% nbr=19"
0042,SENSOR,1,UNIFIED,"t=4 [HELLO_RX] NEW 005E tier=1(UNK) verified=0 rssi=1.1"
0042,SENSOR,1,UNIFIED,"t=5 [HELLO_TX] bat=100% nbr=1"
0042,SENSOR,1,UNIFIED,"t=7 [HELLO_RX] NEW 003F tier=1(UNK) verified=0 rssi=8.5"
0042,SENSOR,1,UNIFIED,"t=8 [HELLO_RX] NEW 005A tier=1(UNK) verified=0 rssi=5.2"
0042,SENSOR,1,UNIFIED,"t=9 [HELLO_RX] NEW 0047 tier=1(UNK) verified=0 rssi=17.2"
0042,SENSOR,1,UNIFIED,"t=11 [HELLO_RX] NEW 0020 tier=1(UNK) verified=0 rssi=2.8"
0042,SENSOR,1,UNIFIED,"t=14 [HELLO_TX] bat=100% nbr=5"
0042,SENSOR,1,UNIFIED,"t=16 [HELLO_RX] NEW AA03 tier=2(CH) verified=0 rssi=0.5"
0042,SENSOR,1,UNIFIED,"t=19 [HELLO_TX] bat=100% nbr=6"
0042,SENSOR,1,UNIFIED,"t=21 [HELLO_RX] NEW 0005 tier=1(UNK) verified=0 rssi=0.2"
0042,SENSOR,1,UNIFIED,"t=24 [HELLO_TX] bat=100% nbr=7"
0042,SENSOR,1,UNIFIED,"t=30 [HELLO_RX] NEW 0017 tier=1(UNK) verified=0 rssi=0.3"
0042,SENSOR,1,UNIFIED,"t=34 [HELLO_TX] bat=100% nbr=8"
0042,SENSOR,1,UNIFIED,"t=36 [HELLO_RX] NEW 0041 tier=1(UNK) verified=0 rssi=0.5"
0042,SENSOR,1,UNIFIED,"t=39 [HELLO_RX] NEW 0059 tier=1(UNK) verified=0 rssi=0.6"
0042,SENSOR,1,UNIFIED,"t=42 [HELLO_TX] bat=100% nbr=10"
0042,SENSOR,1,UNIFIED,"t=42 [HELLO_RX] NEW AA0C tier=2(CH) verified=0 rssi=0.4"
0042,SENSOR,1,UNIFIED,"t=50 [HELLO_RX] NEW 0004 tier=1(UNK) verified=0 rssi=1.8"
0042,SENSOR,1,UNIFIED,"t=52 [HELLO_TX] bat=100% nbr=12"
0042,SENSOR,1,UNIFIED,"t=55 [HELLO_RX] NEW 0029 tier=1(UNK) verified=0 rssi=0.3"
0042,SENSOR,1,UNIFIED,"t=61 [HELLO_TX] bat=100% nbr=13"
0042,SENSOR,1,UNIFIED,"t=65 [HELLO_TX] bat=100% nbr=13"
0042,SENSOR,1,UNIFIED,"t=70 [HELLO_RX] NEW AA05 tier=2(CH) verified=0 rssi=0.2"
0042,SENSOR,1,UNIFIED,"t=71 [HELLO_TX] bat=100% nbr=14"
0042,SENSOR,1,UNIFIED,"t=76 [HELLO_TX] bat=100% nbr=14"
0042,SENSOR,1,UNIFIED,"t=79 [HELLO_RX] NEW AA0B tier=2(CH) verified=0 rssi=0.2"
0042,SENSOR,1,UNIFIED,"t=83 [HELLO_TX] bat=100% nbr=15"
0042,SENSOR,1,UNIFIED,"t=85 [HELLO_RX] NEW 0044 tier=1(UNK) verified=0 rssi=0.2"
0042,SENSOR,1,UNIFIED,"t=92 [HELLO_TX] bat=100% nbr=16"
0042,SENSOR,1,UNIFIED,"t=102 [HELLO_TX] bat=100% nbr=16"
0042,SENSOR,1,UNIFIED,"t=104 [HELLO_RX] NEW 005D tier=1(UNK) verified=0 rssi=0.4"
0042,SENSOR,1,UNIFIED,"t=110 [HELLO_TX] bat=100% nbr=17"
0042,SENSOR,1,UNIFIED,"t=118 [HELLO_TX] bat=100% nbr=17"
0042,SENSOR,1,UNIFIED,"t=122 [HELLO_TX] bat=100% nbr=17"
0042,SENSOR,1,UNIFIED,"t=129 [HELLO_TX] bat=100% nbr=17"
0042,SENSOR,1,UNIFIED,"t=138 [HELLO_TX] bat=100% nbr=17"
0042,SENSOR,1,UNIFIED,"t=145 [HELLO_TX] bat=100% nbr=17"
0042,SENSOR,1,UNIFIED,"t=150 [HELLO_TX] bat=100% nbr=17"
0042,SENSOR,1,UNIFIED,"t=159 [HELLO_TX] bat=100% nbr=17"
0042,SENSOR,1,UNIFIED,"t=165 [HELLO_TX] bat=100% nbr=17"
0042,SENSOR,1,UNIFIED,"t=170 [HELLO_TX] bat=100% nbr=17"
0042,SENSOR,1,UNIFIED,"t=180 [HELLO_TX] bat=100% nbr=17"
0042,SENSOR,1,UNIFIED,"t=184 [HELLO_RX] NEW 0010 tier=1(UNK) verified=0 rssi=0.2"
0042,SENSOR,1,UNIFIED,"t=186 [HELLO_TX] bat=100% nbr=18"
0042,SENSOR,1,UNIFIED,"t=196 [HELLO_TX] bat=100% nbr=18"
0042,SENSOR,1,UNIFIED,"t=202 [HELLO_TX] bat=100% nbr=18"
0042,SENSOR,1,UNIFIED,"t=206 [HELLO_TX] bat=100% nbr=18"
0042,SENSOR,1,UNIFIED,"t=213 [HELLO_TX] bat=100% nbr=18"
0042,SENSOR,1,UNIFIED,"t=222 [HELLO_TX] bat=100% nbr=18"
0042,SENSOR,1,UNIFIED,"t=222 [HELLO_RX] NEW FF09 tier=3(GWN) verified=1 rssi=0.1"
0042,SENSOR,1,UNIFIED,"t=229 [HELLO_TX] bat=100% nbr=19"
0042,SENSOR,1,UNIFIED,"t=234 [HELLO_TX] bat=100% nbr=19"
0042,SENSOR,1,UNIFIED,"t=243 [HELLO_TX] bat=100% nbr=19"
0043,SENSOR,1,UNIFIED,"t=4 [HELLO_RX] NEW FF09 tier=3(GWN) verified=0 rssi=1.0"
0043,SENSOR,1,UNIFIED,"t=5 [HELLO_RX] NEW 0001 tier=1(UNK) verified=0 rssi=7.0"
0043,SENSOR,1,UNIFIED,"t=6 [HELLO_TX] bat=100% nbr=2"
0043,SENSOR,1,UNIFIED,"t=9 [HELLO_RX] NEW 0048 tier=1(UNK) verified=0 rssi=0.3"
0043,SENSOR,1,UNIFIED,"t=10 [HELLO_TX] bat=100% nbr=3"
0043,SENSOR,1,UNIFIED,"t=10 [HELLO_RX] NEW AA05 tier=2(CH) verified=0 rssi=0.8"
0043,SENSOR,1,UNIFIED,"t=15 [HELLO_TX] bat=100% nbr=4"
0043,SENSOR,1,UNIFIED,"t=15 [HELLO_RX] NEW 0006 tier=1(UNK) verified=0 rssi=1.1"
0043,SENSOR,1,UNIFIED,"t=16 [HELLO_RX] NEW FF02 tier=3(GWN) verified=0 rssi=0.4"
0043,SENSOR,1,UNIFIED,"t=23 [HELLO_TX] bat=100% nbr=6"
0043,SENSOR,1,UNIFIED,"t=27 [HELLO_RX] NEW 0020 tier=1(UNK) verified=0 rssi=0.2"
0043,SENSOR,1,UNIFIED,"t=29 [HELLO_TX] bat=100% nbr=7"
0043,SENSOR,1,UNIFIED,"t=31 [HELLO_RX] NEW 004D tier=1(UNK) verified=0 rssi=0.2"
0043,SENSOR,1,UNIFIED,"t=33 [HELLO_TX] bat=100% nbr=8"
0043,SENSOR,1,UNIFIED,"t=36 [HELLO_RX] NEW FF03 tier=3(GWN) verified=0 rssi=0.2"
0043,SENSOR,1,UNIFIED,"t=38 [HELLO_TX] bat=100% nbr=9"
0043,SENSOR,1,UNIFIED,"t=44 [HELLO_TX] bat=100% nbr=9"
0043,SENSOR,1,UNIFIED,"t=44 [HELLO_RX] NEW 002F tier=1(UNK) verified=0 rssi=0.2"
0043,SENSOR,1,UNIFIED,"t=53 [HELLO_TX] bat=100% nbr=10"
0043,SENSOR,1,UNIFIED,"t=54 [HELLO_RX] NEW 002D tier=1(UNK) verified=0 rssi=0.2"
0043,SENSOR,1,UNIFIED,"t=58 [HELLO_RX] NEW AA09 tier=2(CH) verified=0 rssi=0.2"
0043,SENSOR,1,UNIFIED,"t=60 [HELLO_TX] bat=100% nbr=12"
0043,SENSOR,1,UNIFIED,"t=62 [HELLO_RX] NEW 0005 tier=1(UNK) verified=0 rssi=0.2"
0043,SENSOR,1,UNIFIED,"t=65 [HELLO_TX] bat=100% nbr=13"
0043,SENSOR,1,UNIFIED,"t=70 [HELLO_TX] bat=100% nbr=13"
0043,SENSOR,1,UNIFIED,"t=77 [HELLO_TX] bat=100% nbr=13"
0043,SENSOR,1,UNIFIED,"t=84 [HELLO_TX] bat=100% nbr=13"
0043,SENSOR,1,UNIFIED,"t=88 [HELLO_TX] bat=100% nbr=13"
0043,SENSOR,1,UNIFIED,"t=92 [HELLO_TX] bat=100% nbr=13"
0043,SENSOR,1,UNIFIED,"t=100 [HELLO_TX] bat=100% nbr=13"
0043,SENSOR,1,UNIFIED,"t=102 [HELLO_RX] NEW 0016 tier=1(UNK) verified=0 rssi=0.3"
0043,SENSOR,1,UNIFIED,"t=106 [HELLO_TX] bat=100% nbr=14"
0043,SENSOR,1,UNIFIED,"t=110 [HELLO_TX] bat=100% nbr=14"
0043,SENSOR,1,UNIFIED,"t=112 [HELLO_RX] NEW FF04 tier=3(GWN) verified=0 rssi=0.1"
0043,SENSOR,1,UNIFIED,"t=118 [HELLO_TX] bat=100% nbr=15"
0043,SENSOR,1,UNIFIED,"t=123 [HELLO_TX] bat=100% nbr=15"
0043,SENSOR,1,UNIFIED,"t=128 [HELLO_TX] bat=100% nbr=15"
0043,SENSOR,1,UNIFIED,"t=135 [HELLO_RX] NEW 0063 tier=1(UNK) verified=0 rssi=0.2"
0043,SENSOR,1,UNIFIED,"t=137 [HELLO_TX] bat=100% nbr=16"
0043,SENSOR,1,UNIFIED,"t=145 [HELLO_TX] bat=100% nbr=16"
0043,SENSOR,1,UNIFIED,"t=151 [HELLO_TX] bat=100% nbr=16"
0043,SENSOR,1,UNIFIED,"t=151 [HELLO_RX] NEW FF06 tier=3(GWN) verified=1 rssi=0.2"
0043,SENSOR,1,UNIFIED,"t=152 [HELLO_RX] NEW 0058 tier=1(UNK) verified=0 rssi=0.2"
0043,SENSOR,1,UNIFIED,"t=157 [HELLO_TX] bat=100% nbr=18"
0043,SENSOR,1,UNIFIED,"t=165 [HELLO_TX] bat=100% nbr=18"
0043,SENSOR,1,UNIFIED,"t=169 [HELLO_TX] bat=100% nbr=18"
0043,SENSOR,1,UNIFIED,"t=176 [HELLO_TX] bat=100% nbr=18"
0043,SENSOR,1,UNIFIED,"t=180 [HELLO_TX] bat=100% nbr=18"
0043,SENSOR,1,UNIFIED,"t=182 [HELLO_RX] NEW 0019 tier=1(UNK) verified=0 rssi=0.2"
0043,SENSOR,1,UNIFIED,"t=184 [HELLO_TX] bat=100% nbr=19"
0043,SENSOR,1,UNIFIED,"t=188 [HELLO_TX] bat=100% nbr=19"
0043,SENSOR,1,UNIFIED,"t=193 [HELLO_TX] bat=100% nbr=19"
0043,SENSOR,1,UNIFIED,"t=203 [HELLO_TX] bat=100% nbr=19"
0043,SENSOR,1,UNIFIED,"t=212 [HELLO_TX] bat=100% nbr=19"
0043,SENSOR,1,UNIFIED,"t=218 [HELLO_TX] bat=100% nbr=19"
0043,SENSOR,1,UNIFIED,"t=226 [HELLO_TX] bat=100% nbr=19"
0043,SENSOR,1,UNIFIED,"t=230 [HELLO_TX] bat=100% nbr=19"
0043,SENSOR,1,UNIFIED,"t=236 [HELLO_TX] bat=100% nbr=19"
0043,SENSOR,1,UNIFIED,"t=245 [HELLO_TX] bat=100% nbr=19"
0044,SENSOR,1,UNIFIED,"t=5 [HELLO_RX] NEW 0033 tier=1(UNK) verified=0 rssi=0.9"
0044,SENSOR,1,UNIFIED,"t=7 [HELLO_TX] bat=100% nbr=1"
0044,SENSOR,1,UNIFIED,"t=9 [HELLO_RX] NEW 005D tier=1(UNK) verified=0 rssi=1.7"
0044,SENSOR,1,UNIFIED,"t=10 [HELLO_RX] NEW 0029 tier=1(UNK) verified=0 rssi=0.3"
0044,SENSOR,1,UNIFIED,"t=17 [HELLO_TX] bat=100% nbr=3"
0044,SENSOR,1,UNIFIED,"t=19 [HELLO_RX] NEW 002B tier=1(UNK) verified=0 rssi=0.2"
0044,SENSOR,1,UNIFIED,"t=21 [HELLO_TX] bat=100% nbr=4"
0044,SENSOR,1,UNIFIED,"t=22 [HELLO_RX] NEW 0017 tier=1(UNK) verified=0 rssi=0.4"
0044,SENSOR,1,UNIFIED,"t=24 [HELLO_RX] NEW 0042 tier=1(UNK) verified=0 rssi=0.2"
0044,SENSOR,1,UNIFIED,"t=31 [HELLO_TX] bat=100% nbr=6"
0044,SENSOR,1,UNIFIED,"t=41 [HELLO_TX] bat=100% nbr=6"
0044,SENSOR,1,UNIFIED,"t=41 [HELLO_RX] NEW 0003 tier=1(UNK) verified=0 rssi=0.2"
0044,SENSOR,1,UNIFIED,"t=50 [HELLO_TX] bat=100% nbr=7"
0044,SENSOR,1,UNIFIED,"t=50 [HELLO_RX] NEW 0004 tier=1(UNK) verified=0 rssi=0.2"
0044,SENSOR,1,UNIFIED,"t=57 [HELLO_TX] bat=100% nbr=8"
0044,SENSOR,1,UNIFIED,"t=62 [HELLO_RX] NEW 003F tier=1(UNK) verified=0 rssi=0.2"
0044,SENSOR,1,UNIFIED,"t=66 [HELLO_TX] bat=100% nbr=9"
0044,SENSOR,1,UNIFIED,"t=74 [HELLO_TX] bat=100% nbr=9"
0044,SENSOR,1,UNIFIED,"t=79 [HELLO_TX] bat=100% nbr=9"
0044,SENSOR,1,UNIFIED,"t=79 [HELLO_RX] NEW 005E tier=1(UNK) verified=0 rssi=0.3"
0044,SENSOR,1,UNIFIED,"t=85 [HELLO_TX] bat=100% nbr=10"
0044,SENSOR,1,UNIFIED,"t=92 [HELLO_TX] bat=100% nbr=10"
0044,SENSOR,1,UNIFIED,"t=99 [HELLO_TX] bat=100% nbr=10"
0044,SENSOR,1,UNIFIED,"t=107 [HELLO_TX] bat=100% nbr=10"
0044,SENSOR,1,UNIFIED,"t=110 [HELLO_RX] NEW 0009 tier=1(UNK) verified=0 rssi=0.2"
0044,SENSOR,1,UNIFIED,"t=116 [HELLO_TX] bat=100% nbr=11"
0044,SENSOR,1,UNIFIED,"t=123 [HELLO_TX] bat=100% nbr=11"
0044,SENSOR,1,UNIFIED,"t=133 [HELLO_TX] bat=100% nbr=11"
0044,SENSOR,1,UNIFIED,"t=140 [HELLO_TX] bat=100% nbr=11"
0044,SENSOR,1,UNIFIED,"t=149 [HELLO_TX] bat=100% nbr=11"
0044,SENSOR,1,UNIFIED,"t=159 [HELLO_TX] bat=100% nbr=11"
0044,SENSOR,1,UNIFIED,"t=166 [HELLO_TX] bat=100% nbr=11"
0044,SENSOR,1,UNIFIED,"t=171 [HELLO_TX] bat=100% nbr=11"
0044,SENSOR,1,UNIFIED,"t=178 [HELLO_TX] bat=100% nbr=11"
0044,SENSOR,1,UNIFIED,"t=184 [HELLO_TX] bat=100% nbr=11"
0044,SENSOR,1,UNIFIED,"t=188 [HELLO_TX] bat=100% nbr=11"
0044,SENSOR,1,UNIFIED,"t=197 [HELLO_TX] bat=100% nbr=11"
0044,SENSOR,1,UNIFIED,"t=205 [HELLO_TX] bat=100% nbr=11"
0044,SENSOR,1,UNIFIED,"t=212 [HELLO_TX] bat=100% nbr=11"
0044,SENSOR,1,UNIFIED,"t=221 [HELLO_TX] bat=100% nbr=11"
0044,SENSOR,1,UNIFIED,"t=227 [HELLO_TX] bat=100% nbr=11"
0044,SENSOR,1,UNIFIED,"t=236 [HELLO_TX] bat=100% nbr=11"
0044,SENSOR,1,UNIFIED,"t=244 [HELLO_TX] bat=100% nbr=11"
0044,SENSOR,1,UNIFIED,"t=248 [HELLO_TX] bat=100% nbr=11"
0045,SENSOR,1,UNIFIED,"t=4 [HELLO_RX] NEW 0030 tier=1(UNK) verified=0 rssi=0.8"
0045,SENSOR,1,UNIFIED,"t=6 [HELLO_RX] NEW FF0D tier=3(GWN) verified=0 rssi=3.2"
0045,SENSOR,1,UNIFIED,"t=10 [HELLO_TX] bat=100% nbr=2"
0045,SENSOR,1,UNIFIED,"t=10 [HELLO_RX] NEW FF07 tier=3(GWN) verified=0 rssi=1.5"
0045,SENSOR,1,UNIFIED,"t=13 [HELLO_RX] NEW 0040 tier=1(UNK) verified=0 rssi=1.9"
0045,SENSOR,1,UNIFIED,"t=14 [HELLO_RX] NEW 0018 tier=1(UNK) verified=0 rssi=0.7"
0045,SENSOR,1,UNIFIED,"t=15 [HELLO_RX] NEW 0011 tier=1(UNK) verified=0 rssi=0.2"
0045,SENSOR,1,UNIFIED,"t=16 [HELLO_RX] NEW 0053 tier=1(UNK) verified=0 rssi=0.2"
0045,SENSOR,1,UNIFIED,"t=17 [HELLO_TX] bat=100% nbr=7"
0045,SENSOR,1,UNIFIED,"t=21 [HELLO_RX] NEW 0002 tier=1(UNK) verified=0 rssi=0.4"
0045,SENSOR,1,UNIFIED,"t=24 [HELLO_TX] bat=100% nbr=8"
0045,SENSOR,1,UNIFIED,"t=25 [HELLO_RX] NEW AA07 tier=2(CH) verified=0 rssi=0.4"
0045,SENSOR,1,UNIFIED,"t=34 [HELLO_TX] bat=100% nbr=9"
0045,SENSOR,1,UNIFIED,"t=40 [HELLO_TX] bat=100% nbr=9"
0045,SENSOR,1,UNIFIED,"t=48 [HELLO_TX] bat=100% nbr=9"
0045,SENSOR,1,UNIFIED,"t=57 [HELLO_TX] bat=100% nbr=9"
0045,SENSOR,1,UNIFIED,"t=67 [HELLO_TX] bat=100% nbr=9"
0045,SENSOR,1,UNIFIED,"t=76 [HELLO_TX] bat=100% nbr=9"
0045,SENSOR,1,UNIFIED,"t=83 [HELLO_TX] bat=100% nbr=9"
0045,SENSOR,1,UNIFIED,"t=90 [HELLO_TX] bat=100% nbr=9"
0045,SENSOR,1,UNIFIED,"t=94 [HELLO_RX] NEW AA04 tier=2(CH) verified=0 rssi=0.2"
0045,SENSOR,1,UNIFIED,"t=95 [HELLO_TX] bat=100% nbr=10"
0045,SENSOR,1,UNIFIED,"t=104 [HELLO_TX] bat=100% nbr=10"
0045,SENSOR,1,UNIFIED,"t=113 [HELLO_TX] bat=100% nbr=10"
0045,SENSOR,1,UNIFIED,"t=121 [HELLO_TX] bat=100% nbr=10"
0045,SENSOR,1,UNIFIED,"t=128 [HELLO_TX] bat=100% nbr=10"
0045,SENSOR,1,UNIFIED,"t=135 [HELLO_TX] bat=100% nbr=10"
0045,SENSOR,1,UNIFIED,"t=139 [HELLO_TX] bat=100% nbr=10"
0045,SENSOR,1,UNIFIED,"t=147 [HELLO_TX] bat=100% nbr=10"
0045,SENSOR,1,UNIFIED,"t=150 [HELLO_RX] NEW 002E tier=1(UNK) verified=0 rssi=0.2"
0045,SENSOR,1,UNIFIED,"t=152 [HELLO_TX] bat=100% nbr=11"
0045,SENSOR,1,UNIFIED,"t=158 [HELLO_TX] bat=100% nbr=11"
0045,SENSOR,1,UNIFIED,"t=166 [HELLO_TX] bat=100% nbr=11"
0045,SENSOR,1,UNIFIED,"t=175 [HELLO_TX] bat=100% nbr=11"
0045,SENSOR,1,UNIFIED,"t=180 [HELLO_TX] bat=100% nbr=11"
0045,SENSOR,1,UNIFIED,"t=189 [HELLO_TX] bat=100% nbr=11"
0045,SENSOR,1,UNIFIED,"t=197 [HELLO_TX] bat=100% nbr=11"
0045,SENSOR,1,UNIFIED,"t=207 [HELLO_TX] bat=100% nbr=11"
0045,SENSOR,1,UNIFIED,"t=212 [HELLO_TX] bat=100% nbr=11"
0045,SENSOR,1,UNIFIED,"t=222 [HELLO_TX] bat=100% nbr=11"
0045,SENSOR,1,UNIFIED,"t=232 [HELLO_TX] bat=100% nbr=11"
0045,SENSOR,1,UNIFIED,"t=233 [HELLO_RX] NEW 001F tier=1(UNK) verified=0 rssi=0.2"
0045,SENSOR,1,UNIFIED,"t=238 [HELLO_TX] bat=100% nbr=12"
0045,SENSOR,1,UNIFIED,"t=245 [HELLO_TX] bat=100% nbr=12"
0046,SENSOR,1,UNIFIED,"t=4 [HELLO_TX] bat=100% nbr=0"
0046,SENSOR,1,UNIFIED,"t=4 [HELLO_RX] NEW 0002 tier=1(UNK) verified=0 rssi=0.2"
0046,SENSOR,1,UNIFIED,"t=8 [HELLO_TX] bat=100% nbr=1"
0046,SENSOR,1,UNIFIED,"t=13 [HELLO_RX] NEW AA08 tier=2(CH) verified=0 rssi=0.5"
0046,SENSOR,1,UNIFIED,"t=15 [HELLO_TX] bat=100% nbr=2"
0046,SENSOR,1,UNIFIED,"t=24 [HELLO_TX] bat=100% nbr=2"
0046,SENSOR,1,UNIFIED,"t=28 [HELLO_RX] NEW 004C tier=1(UNK) verified=0 rssi=0.3"
0046,SENSOR,1,UNIFIED,"t=30 [HELLO_TX] bat=100% nbr=3"
0046,SENSOR,1,UNIFIED,"t=33 [HELLO_RX] NEW AA07 tier=2(CH) verified=0 rssi=0.3"
0046,SENSOR,1,UNIFIED,"t=39 [HELLO_TX] bat=100% nbr=4"
0046,SENSOR,1,UNIFIED,"t=48 [HELLO_TX] bat=100% nbr=4"
0046,SENSOR,1,UNIFIED,"t=57 [HELLO_TX] bat=100% nbr=4"
0046,SENSOR,1,UNIFIED,"t=61 [HELLO_RX] NEW FF0B tier=3(GWN) verified=0 rssi=0.2"
0046,SENSOR,1,UNIFIED,"t=65 [HELLO_TX] bat=100% nbr=5"
0046,SENSOR,1,UNIFIED,"t=70 [HELLO_TX] bat=100% nbr=5"
0046,SENSOR,1,UNIFIED,"t=74 [HELLO_TX] bat=100% nbr=5"
0046,SENSOR,1,UNIFIED,"t=79 [HELLO_TX] bat=100% nbr=5"
0046,SENSOR,1,UNIFIED,"t=86 [HELLO_TX] bat=100% nbr=5"
0046,SENSOR,1,UNIFIED,"t=92 [HELLO_TX] bat=100% nbr=5"
0046,SENSOR,1,UNIFIED,"t=97 [HELLO_TX] bat=100% nbr=5"
0046,SENSOR,1,UNIFIED,"t=103 [HELLO_TX] bat=100% nbr=5"
0046,SENSOR,1,UNIFIED,"t=111 [HELLO_TX] bat=100% nbr=5"
0046,SENSOR,1,UNIFIED,"t=116 [HELLO_TX] bat=100% nbr=5"
0046,SENSOR,1,UNIFIED,"t=123 [HELLO_TX] bat=100% nbr=5"
0046,SENSOR,1,UNIFIED,"t=130 [HELLO_TX] bat=100% nbr=5"
0046,SENSOR,1,UNIFIED,"t=135 [HELLO_TX] bat=100% nbr=5"
0046,SENSOR,1,UNIFIED,"t=143 [HELLO_RX] NEW FF0D tier=3(GWN) verified=1 rssi=0.1"
0046,SENSOR,1,UNIFIED,"t=144 [HELLO_TX] bat=100% nbr=6"
0046,SENSOR,1,UNIFIED,"t=148 [HELLO_TX] bat=100% nbr=6"
0046,SENSOR,1,UNIFIED,"t=156 [HELLO_TX] bat=100% nbr=6"
0046,SENSOR,1,UNIFIED,"t=160 [HELLO_TX] bat=100% nbr=6"
0046,SENSOR,1,UNIFIED,"t=166 [HELLO_TX] bat=100% nbr=6"
0046,SENSOR,1,UNIFIED,"t=173 [HELLO_TX] bat=100% nbr=6"
0046,SENSOR,1,UNIFIED,"t=181 [HELLO_RX] NEW FF07 tier=3(GWN) verified=1 rssi=0.1"
0046,SENSOR,1,UNIFIED,"t=182 [HELLO_TX] bat=100% nbr=7"
0046,SENSOR,1,UNIFIED,"t=191 [HELLO_TX] bat=100% nbr=7"
0046,SENSOR,1,UNIFIED,"t=199 [HELLO_TX] bat=100% nbr=7"
0046,SENSOR,1,UNIFIED,"t=208 [HELLO_TX] bat=100% nbr=7"
0046,SENSOR,1,UNIFIED,"t=215 [HELLO_TX] bat=100% nbr=7"
0046,SENSOR,1,UNIFIED,"t=220 [HELLO_TX] bat=100% nbr=7"
0046,SENSOR,1,UNIFIED,"t=228 [HELLO_TX] bat=100% nbr=7"
0046,SENSOR,1,UNIFIED,"t=233 [HELLO_TX] bat=100% nbr=7"
0046,SENSOR,1,UNIFIED,"t=240 [HELLO_TX] bat=100% nbr=7"
0047,SENSOR,1,UNIFIED,"t=4 [HELLO_RX] NEW AA03 tier=2(CH) verified=0 rssi=0.8"
0047,SENSOR,1,UNIFIED,"t=5 [HELLO_RX] NEW 0042 tier=1(UNK) verified=0 rssi=17.2"
0047,SENSOR,1,UNIFIED,"t=6 [HELLO_RX] NEW 0005 tier=1(UNK) verified=0 rssi=0.3"
0047,SENSOR,1,UNIFIED,"t=7 [HELLO_RX] NEW 003F tier=1(UNK) verified=0 rssi=34.2"
0047,SENSOR,1,UNIFIED,"t=8 [HELLO_RX] NEW 005A tier=1(UNK) verified=0 rssi=22.3"
0047,SENSOR,1,UNIFIED,"t=9 [HELLO_TX] bat=100% nbr=5"
0047,SENSOR,1,UNIFIED,"t=9 [HELLO_RX] NEW 005D tier=1(UNK) verified=0 rssi=0.2"
0047,SENSOR,1,UNIFIED,"t=10 [HELLO_RX] NEW 0059 tier=1(UNK) verified=0 rssi=1.2"
0047,SENSOR,1,UNIFIED,"t=11 [HELLO_RX] NEW 0020 tier=1(UNK) verified=0 rssi=3.4"
0047,SENSOR,1,UNIFIED,"t=13 [HELLO_TX] bat=100% nbr=8"
0047,SENSOR,1,UNIFIED,"t=18 [HELLO_TX] bat=100% nbr=8"
0047,SENSOR,1,UNIFIED,"t=20 [HELLO_RX] NEW 005E tier=1(UNK) verified=0 rssi=0.6"
0047,SENSOR,1,UNIFIED,"t=23 [HELLO_TX] bat=100% nbr=9"
0047,SENSOR,1,UNIFIED,"t=28 [HELLO_TX] bat=100% nbr=9"
0047,SENSOR,1,UNIFIED,"t=30 [HELLO_RX] NEW 0010 tier=1(UNK) verified=0 rssi=0.2"
0047,SENSOR,1,UNIFIED,"t=34 [HELLO_TX] bat=100% nbr=10"
0047,SENSOR,1,UNIFIED,"t=36 [HELLO_RX] NEW 0017 tier=1(UNK) verified=0 rssi=0.2"
0047,SENSOR,1,UNIFIED,"t=40 [HELLO_TX] bat=100% nbr=11"
0047,SENSOR,1,UNIFIED,"t=49 [HELLO_TX] bat=100% nbr=11"
0047,SENSOR,1,UNIFIED,"t=50 [HELLO_RX] NEW 0004 tier=1(UNK) verified=0 rssi=0.9"
0047,SENSOR,1,UNIFIED,"t=53 [HELLO_TX] bat=100% nbr=12"
0047,SENSOR,1,UNIFIED,"t=57 [HELLO_TX] bat=100% nbr=12"
0047,SENSOR,1,UNIFIED,"t=59 [HELLO_RX] NEW AA0C tier=2(CH) verified=0 rssi=0.6"
0047,SENSOR,1,UNIFIED,"t=63 [HELLO_TX] bat=100% nbr=13"
0047,SENSOR,1,UNIFIED,"t=70 [HELLO_RX] NEW AA05 tier=2(CH) verified=0 rssi=0.3"
0047,SENSOR,1,UNIFIED,"t=72 [HELLO_TX] bat=100% nbr=14"
0047,SENSOR,1,UNIFIED,"t=75 [HELLO_RX] NEW 0041 tier=1(UNK) verified=0 rssi=0.8"
0047,SENSOR,1,UNIFIED,"t=78 [HELLO_TX] bat=100% nbr=15"
0047,SENSOR,1,UNIFIED,"t=82 [HELLO_TX] bat=100% nbr=15"
0047,SENSOR,1,UNIFIED,"t=86 [HELLO_RX] NEW AA0B tier=2(CH) verified=0 rssi=0.3"
0047,SENSOR,1,UNIFIED,"t=88 [HELLO_TX] bat=100% nbr=16"
0047,SENSOR,1,UNIFIED,"t=98 [HELLO_TX] bat=100% nbr=16"
0047,SENSOR,1,UNIFIED,"t=107 [HELLO_TX] bat=100% nbr=16"
0047,SENSOR,1,UNIFIED,"t=111 [HELLO_TX] bat=100% nbr=16"
0047,SENSOR,1,UNIFIED,"t=120 [HELLO_TX] bat=100% nbr=16"
0047,SENSOR,1,UNIFIED,"t=127 [HELLO_TX] bat=100% nbr=16"
0047,SENSOR,1,UNIFIED,"t=133 [HELLO_TX] bat=100% nbr=16"
0047,SENSOR,1,UNIFIED,"t=142 [HELLO_TX] bat=100% nbr=16"
0047,SENSOR,1,UNIFIED,"t=150 [HELLO_TX] bat=100% nbr=16"
0047,SENSOR,1,UNIFIED,"t=156 [HELLO_TX] bat=100% nbr=16"
0047,SENSOR,1,UNIFIED,"t=163 [HELLO_TX] bat=100% nbr=16"
0047,SENSOR,1,UNIFIED,"t=168 [HELLO_TX] bat=100% nbr=16"
0047,SENSOR,1,UNIFIED,"t=174 [HELLO_TX] bat=100% nbr=16"
0047,SENSOR,1,UNIFIED,"t=177 [HELLO_RX] NEW 0029 tier=1(UNK) verified=0 rssi=0.2"
0047,SENSOR,1,UNIFIED,"t=178 [HELLO_TX] bat=100% nbr=17"
0047,SENSOR,1,UNIFIED,"t=188 [HELLO_TX] bat=100% nbr=17"
0047,SENSOR,1,UNIFIED,"t=189 [HELLO_RX] NEW FF09 tier=3(GWN) verified=1 rssi=0.1"
0047,SENSOR,1,UNIFIED,"t=196 [HELLO_TX] bat=100% nbr=18"
0047,SENSOR,1,UNIFIED,"t=197 [HELLO_RX] NEW 0021 tier=1(UNK) verified=0 rssi=0.2"
0047,SENSOR,1,UNIFIED,"t=202 [HELLO_TX] bat=100% nbr=19"
0047,SENSOR,1,UNIFIED,"t=206 [HELLO_TX] bat=100% nbr=19"
0047,SENSOR,1,UNIFIED,"t=213 [HELLO_TX] bat=100% nbr=19"
0047,SENSOR,1,UNIFIED,"t=218 [HELLO_TX] bat=100% nbr=19"
0047,SENSOR,1,UNIFIED,"t=226 [HELLO_TX] bat=100% nbr=19"
0047,SENSOR,1,UNIFIED,"t=230 [HELLO_TX] bat=100% nbr=19"
0047,SENSOR,1,UNIFIED,"t=239 [HELLO_TX] bat=100% nbr=19"
0047,SENSOR,1,UNIFIED,"t=243 [HELLO_TX] bat=100% nbr=19"
0047,SENSOR,1,UNIFIED,"t=248 [HELLO_TX] bat=100% nbr=19"
0048,SENSOR,1,UNIFIED,"t=4 [HELLO_RX] NEW FF09 tier=3(GWN) verified=0 rssi=172.0"
0048,SENSOR,1,UNIFIED,"t=5 [HELLO_TX] bat=100% nbr=1"
0048,SENSOR,1,UNIFIED,"t=5 [HELLO_RX] NEW 0006 tier=1(UNK) verified=0 rssi=2.8"
0048,SENSOR,1,UNIFIED,"t=6 [HELLO_RX] NEW AA09 tier=2(CH) verified=0 rssi=0.2"
0048,SENSOR,1,UNIFIED,"t=9 [HELLO_TX] bat=100% nbr=3"
0048,SENSOR,1,UNIFIED,"t=10 [HELLO_RX] NEW 0043 tier=1(UNK) verified=0 rssi=0.3"
0048,SENSOR,1,UNIFIED,"t=12 [HELLO_RX] NEW FF06 tier=3(GWN) verified=0 rssi=0.3"
0048,SENSOR,1,UNIFIED,"t=16 [HELLO_RX] NEW FF02 tier=3(GWN) verified=0 rssi=0.4"
0048,SENSOR,1,UNIFIED,"t=17 [HELLO_TX] bat=100% nbr=6"
0048,SENSOR,1,UNIFIED,"t=19 [HELLO_RX] NEW 002F tier=1(UNK) verified=0 rssi=0.2"
0048,SENSOR,1,UNIFIED,"t=21 [HELLO_TX] bat=100% nbr=7"
0048,SENSOR,1,UNIFIED,"t=24 [HELLO_RX] NEW 002D tier=1(UNK) verified=0 rssi=0.2"
0048,SENSOR,1,UNIFIED,"t=31 [HELLO_TX] bat=100% nbr=8"
0048,SENSOR,1,UNIFIED,"t=32 [HELLO_RX] NEW 0014 tier=1(UNK) verified=0 rssi=0.2"
0048,SENSOR,1,UNIFIED,"t=36 [HELLO_RX] NEW FF03 tier=3(GWN) verified=0 rssi=0.3"
0048,SENSOR,1,UNIFIED,"t=37 [HELLO_RX] NEW 004D tier=1(UNK) verified=0 rssi=0.2"
0048,SENSOR,1,UNIFIED,"t=40 [HELLO_TX] bat=100% nbr=11"
0048,SENSOR,1,UNIFIED,"t=47 [HELLO_TX] bat=100% nbr=11"
0048,SENSOR,1,UNIFIED,"t=56 [HELLO_TX] bat=100% nbr=11"
0048,SENSOR,1,UNIFIED,"t=66 [HELLO_TX] bat=100% nbr=11"
0048,SENSOR,1,UNIFIED,"t=70 [HELLO_TX] bat=100% nbr=11"
0048,SENSOR,1,UNIFIED,"t=79 [HELLO_TX] bat=100% nbr=11"
0048,SENSOR,1,UNIFIED,"t=87 [HELLO_TX] bat=100% nbr=11"
0048,SENSOR,1,UNIFIED,"t=93 [HELLO_TX] bat=100% nbr=11"
0048,SENSOR,1,UNIFIED,"t=102 [HELLO_TX] bat=100% nbr=11"
0048,SENSOR,1,UNIFIED,"t=106 [HELLO_TX] bat=100% nbr=11"
0048,SENSOR,1,UNIFIED,"t=113 [HELLO_TX] bat=100% nbr=11"
0048,SENSOR,1,UNIFIED,"t=113 [HELLO_RX] NEW 0001 tier=1(UNK) verified=0 rssi=0.2"
0048,SENSOR,1,UNIFIED,"t=123 [HELLO_TX] bat=100% nbr=12"
0048,SENSOR,1,UNIFIED,"t=131 [HELLO_TX] bat=100% nbr=12"
0048,SENSOR,1,UNIFIED,"t=131 [HELLO_RX] NEW AA05 tier=2(CH) verified=0 rssi=0.2"
0048,SENSOR,1,UNIFIED,"t=136 [HELLO_TX] bat=100% nbr=13"
0048,SENSOR,1,UNIFIED,"t=146 [HELLO_TX] bat=100% nbr=13"
0048,SENSOR,1,UNIFIED,"t=154 [HELLO_TX] bat=100% nbr=13"
0048,SENSOR,1,UNIFIED,"t=161 [HELLO_TX] bat=100% nbr=13"
0048,SENSOR,1,UNIFIED,"t=168 [HELLO_TX] bat=100% nbr=13"
0048,SENSOR,1,UNIFIED,"t=177 [HELLO_TX] bat=100% nbr=13"
0048,SENSOR,1,UNIFIED,"t=181 [HELLO_TX] bat=100% nbr=13"
0048,SENSOR,1,UNIFIED,"t=191 [HELLO_TX] bat=100% nbr=13"
0048,SENSOR,1,UNIFIED,"t=200 [HELLO_TX] bat=100% nbr=13"
0048,SENSOR,1,UNIFIED,"t=208 [HELLO_TX] bat=100% nbr=13"
0048,SENSOR,1,UNIFIED,"t=212 [HELLO_TX] bat=100% nbr=13"
0048,SENSOR,1,UNIFIED,"t=220 [HELLO_TX] bat=100% nbr=13"
0048,SENSOR,1,UNIFIED,"t=228 [HELLO_TX] bat=100% nbr=13"
0048,SENSOR,1,UNIFIED,"t=234 [HELLO_TX] bat=100% nbr=13"
0048,SENSOR,1,UNIFIED,"t=244 [HELLO_TX] bat=100% nbr=13"
0048,SENSOR,1,UNIFIED,"t=248 [HELLO_TX] bat=100% nbr=13"
0049,SENSOR,1,UNIFIED,"t=4 [HELLO_RX] NEW FF0C tier=3(GWN) verified=0 rssi=0.2"
0049,SENSOR,1,UNIFIED,"t=5 [HELLO_RX] NEW AA0A tier=2(CH) verified=0 rssi=0.7"
0049,SENSOR,1,UNIFIED,"t=6 [HELLO_TX] bat=100% nbr=2"
0049,SENSOR,1,UNIFIED,"t=6 [HELLO_RX] NEW AA06 tier=2(CH) verified=0 rssi=2.6"
0049,SENSOR,1,UNIFIED,"t=8 [HELLO_RX] NEW 004B tier=1(UNK) verified=0 rssi=1.1"
0049,SENSOR,1,UNIFIED,"t=9 [HELLO_RX] NEW 000F tier=1(UNK) verified=0 rssi=0.6"
0049,SENSOR,1,UNIFIED,"t=10 [HELLO_RX] NEW 0039 tier=1(UNK) verified=0 rssi=1.6"
0049,SENSOR,1,UNIFIED,"t=12 [HELLO_RX] NEW 0015 tier=1(UNK) verified=0 rssi=0.2"
0049,SENSOR,1,UNIFIED,"t=16 [HELLO_TX] bat=100% nbr=7"
0049,SENSOR,1,UNIFIED,"t=16 [HELLO_RX] NEW 005F tier=1(UNK) verified=0 rssi=1.0"
0049,SENSOR,1,UNIFIED,"t=17 [HELLO_RX] NEW 001D tier=1(UNK) verified=0 rssi=0.2"
0049,SENSOR,1,UNIFIED,"t=21 [HELLO_TX] bat=100% nbr=9"
0049,SENSOR,1,UNIFIED,"t=21 [HELLO_RX] NEW 0055 tier=1(UNK) verified=0 rssi=0.4"
0049,SENSOR,1,UNIFIED,"t=25 [HELLO_RX] NEW 0038 tier=1(UNK) verified=0 rssi=0.2"
0049,SENSOR,1,UNIFIED,"t=30 [HELLO_RX] NEW 0062 tier=1(UNK) verified=0 rssi=0.2"
0049,SENSOR,1,UNIFIED,"t=31 [HELLO_TX] bat=100% nbr=12"
0049,SENSOR,1,UNIFIED,"t=33 [HELLO_RX] NEW FF06 tier=3(GWN) verified=0 rssi=0.2"
0049,SENSOR,1,UNIFIED,"t=40 [HELLO_TX] bat=100% nbr=13"
0049,SENSOR,1,UNIFIED,"t=41 [HELLO_RX] NEW 002A tier=1(UNK) verified=0 rssi=0.2"
0049,SENSOR,1,UNIFIED,"t=42 [HELLO_RX] NEW FF0A tier=3(GWN) verified=0 rssi=0.4"
0049,SENSOR,1,UNIFIED,"t=50 [HELLO_TX] bat=100% nbr=15"
0049,SENSOR,1,UNIFIED,"t=53 [HELLO_RX] NEW AA01 tier=2(CH) verified=0 rssi=0.2"
0049,SENSOR,1,UNIFIED,"t=56 [HELLO_TX] bat=100% nbr=16"
0049,SENSOR,1,UNIFIED,"t=58 [HELLO_RX] NEW FF08 tier=3(GWN) verified=1 rssi=1.0"
0049,SENSOR,1,UNIFIED,"t=62 [HELLO_TX] bat=100% nbr=17"
0049,SENSOR,1,UNIFIED,"t=72 [HELLO_TX] bat=100% nbr=17"
0049,SENSOR,1,UNIFIED,"t=76 [HELLO_TX] bat=100% nbr=17"
0049,SENSOR,1,UNIFIED,"t=86 [HELLO_TX] bat=100% nbr=17"
0049,SENSOR,1,UNIFIED,"t=86 [HELLO_RX] NEW FF05 tier=3(GWN) verified=1 rssi=0.4"
0049,SENSOR,1,UNIFIED,"t=90 [HELLO_TX] bat=100% nbr=18"
0049,SENSOR,1,UNIFIED,"t=90 [HELLO_RX] NEW 0052 tier=1(UNK) verified=0 rssi=0.4"
0049,SENSOR,1,UNIFIED,"t=94 [HELLO_TX] bat=100% nbr=19"
0049,SENSOR,1,UNIFIED,"t=103 [HELLO_TX] bat=100% nbr=19"
0049,SENSOR,1,UNIFIED,"t=112 [HELLO_TX] bat=100% nbr=19"
0049,SENSOR,1,UNIFIED,"t=121 [HELLO_TX] bat=100% nbr=19"
0049,SENSOR,1,UNIFIED,"t=129 [HELLO_RX] NEW 0032 tier=1(UNK) verified=0 rssi=0.2"
0049,SENSOR,1,UNIFIED,"t=130 [HELLO_TX] bat=100% nbr=20"
0049,SENSOR,1,UNIFIED,"t=137 [HELLO_RX] NEW 0050 tier=1(UNK) verified=0 rssi=0.2"
0049,SENSOR,1,UNIFIED,"t=138 [HELLO_TX] bat=100% nbr=21"
0049,SENSOR,1,UNIFIED,"t=144 [HELLO_TX] bat=100% nbr=21"
0049,SENSOR,1,UNIFIED,"t=153 [HELLO_TX] bat=100% nbr=21"
0049,SENSOR,1,UNIFIED,"t=157 [HELLO_TX] bat=100% nbr=21"
0049,SENSOR,1,UNIFIED,"t=162 [HELLO_TX] bat=100% nbr=21"
0049,SENSOR,1,UNIFIED,"t=170 [HELLO_TX] bat=100% nbr=21"
0049,SENSOR,1,UNIFIED,"t=175 [HELLO_TX] bat=100% nbr=21"
0049,SENSOR,1,UNIFIED,"t=182 [HELLO_TX] bat=100% nbr=21"
0049,SENSOR,1,UNIFIED,"t=191 [HELLO_TX] bat=100% nbr=21"
0049,SENSOR,1,UNIFIED,"t=199 [HELLO_TX] bat=100% nbr=21"
0049,SENSOR,1,UNIFIED,"t=204 [HELLO_TX] bat=100% nbr=21"
0049,SENSOR,1,UNIFIED,"t=209 [HELLO_TX] bat=100% nbr=21"
0049,SENSOR,1,UNIFIED,"t=213 [HELLO_TX] bat=100% nbr=21"
0049,SENSOR,1,UNIFIED,"t=218 [HELLO_TX] bat=100% nbr=21"
0049,SENSOR,1,UNIFIED,"t=225 [HELLO_TX] bat=100% nbr=21"
0049,SENSOR,1,UNIFIED,"t=235 [HELLO_TX] bat=100% nbr=21"
0049,SENSOR,1,UNIFIED,"t=240 [HELLO_TX] bat=100% nbr=21"
0049,SENSOR,1,UNIFIED,"t=248 [HELLO_TX] bat=100% nbr=21"
004A,SENSOR,1,UNIFIED,"t=4 [HELLO_TX] bat=100% nbr=0"
004A,SENSOR,1,UNIFIED,"t=4 [HELLO_RX] NEW FF0C tier=3(GWN) verified=0 rssi=289.0"
004A,SENSOR,1,UNIFIED,"t=5 [HELLO_RX] NEW FF01 tier=3(GWN) verified=0 rssi=1.1"
004A,SENSOR,1,UNIFIED,"t=7 [HELLO_RX] NEW 004E tier=1(UNK) verified=0 rssi=1.0"
004A,SENSOR,1,UNIFIED,"t=8 [HELLO_RX] NEW 000B tier=1(UNK) verified=0 rssi=0.8"
004A,SENSOR,1,UNIFIED,"t=10 [HELLO_TX] bat=100% nbr=4"
004A,SENSOR,1,UNIFIED,"t=10 [HELLO_RX] NEW FF0E tier=3(GWN) verified=0 rssi=7.7"
004A,SENSOR,1,UNIFIED,"t=14 [HELLO_RX] NEW 003D tier=1(UNK) verified=0 rssi=4.0"
004A,SENSOR,1,UNIFIED,"t=15 [HELLO_RX] NEW 0034 tier=1(UNK) verified=0 rssi=0.8"
004A,SENSOR,1,UNIFIED,"t=19 [HELLO_TX] bat=100% nbr=7"
004A,SENSOR,1,UNIFIED,"t=20 [HELLO_RX] NEW 0015 tier=1(UNK) verified=0 rssi=0.2"
004A,SENSOR,1,UNIFIED,"t=21 [HELLO_RX] NEW FF05 tier=3(GWN) verified=0 rssi=2.0"
004A,SENSOR,1,UNIFIED,"t=22 [HELLO_RX] NEW 001A tier=1(UNK) verified=0 rssi=5.3"
004A,SENSOR,1,UNIFIED,"t=23 [HELLO_TX] bat=100% nbr=10"
004A,SENSOR,1,UNIFIED,"t=28 [HELLO_RX] NEW FF0B tier=3(GWN) verified=0 rssi=0.1"
004A,SENSOR,1,UNIFIED,"t=30 [HELLO_TX] bat=100% nbr=11"
004A,SENSOR,1,UNIFIED,"t=35 [HELLO_RX] NEW 0024 tier=1(UNK) verified=0 rssi=0.3"
004A,SENSOR,1,UNIFIED,"t=37 [HELLO_TX] bat=100% nbr=12"
004A,SENSOR,1,UNIFIED,"t=44 [HELLO_TX] bat=100% nbr=12"
004A,SENSOR,1,UNIFIED,"t=44 [HELLO_RX] NEW FF08 tier=3(GWN) verified=0 rssi=0.4"
004A,SENSOR,1,UNIFIED,"t=52 [HELLO_TX] bat=100% nbr=13"
004A,SENSOR,1,UNIFIED,"t=57 [HELLO_TX] bat=100% nbr=13"
004A,SENSOR,1,UNIFIED,"t=66 [HELLO_TX] bat=100% nbr=13"
004A,SENSOR,1,UNIFIED,"t=66 [HELLO_RX] NEW 004F tier=1(UNK) verified=0 rssi=0.3"
004A,SENSOR,1,UNIFIED,"t=74 [HELLO_TX] bat=100% nbr=14"
004A,SENSOR,1,UNIFIED,"t=84 [HELLO_TX] bat=100% nbr=14"
004A,SENSOR,1,UNIFIED,"t=88 [HELLO_TX] bat=100% nbr=14"
004A,SENSOR,1,UNIFIED,"t=97 [HELLO_TX] bat=100% nbr=14"
004A,SENSOR,1,UNIFIED,"t=97 [HELLO_RX] NEW 000D tier=1(UNK) verified=0 rssi=0.4"
004A,SENSOR,1,UNIFIED,"t=101 [HELLO_TX] bat=100% nbr=15"
004A,SENSOR,1,UNIFIED,"t=106 [HELLO_TX] bat=100% nbr=15"
004A,SENSOR,1,UNIFIED,"t=113 [HELLO_TX] bat=100% nbr=15"
004A,SENSOR,1,UNIFIED,"t=118 [HELLO_TX] bat=100% nbr=15"
004A,SENSOR,1,UNIFIED,"t=127 [HELLO_TX] bat=100% nbr=15"
004A,SENSOR,1,UNIFIED,"t=134 [HELLO_TX] bat=100% nbr=15"
004A,SENSOR,1,UNIFIED,"t=144 [HELLO_TX] bat=100% nbr=15"
004A,SENSOR,1,UNIFIED,"t=148 [HELLO_TX] bat=100% nbr=15"
004A,SENSOR,1,UNIFIED,"t=156 [HELLO_TX] bat=100% nbr=15"
004A,SENSOR,1,UNIFIED,"t=164 [HELLO_TX] bat=100% nbr=15"
004A,SENSOR,1,UNIFIED,"t=165 [HELLO_RX] NEW AA0A tier=2(CH) verified=0 rssi=0.2"
004A,SENSOR,1,UNIFIED,"t=171 [HELLO_TX] bat=100% nbr=16"
004A,SENSOR,1,UNIFIED,"t=180 [HELLO_TX] bat=100% nbr=16"
004A,SENSOR,1,UNIFIED,"t=184 [HELLO_TX] bat=100% nbr=16"
004A,SENSOR,1,UNIFIED,"t=190 [HELLO_TX] bat=100% nbr=16"
004A,SENSOR,1,UNIFIED,"t=195 [HELLO_TX] bat=100% nbr=16"
004A,SENSOR,1,UNIFIED,"t=200 [HELLO_TX] bat=100% nbr=16"
004A,SENSOR,1,UNIFIED,"t=209 [HELLO_TX] bat=100% nbr=16"
004A,SENSOR,1,UNIFIED,"t=215 [HELLO_TX] bat=100% nbr=16"
004A,SENSOR,1,UNIFIED,"t=223 [HELLO_TX] bat=100% nbr=16"
004A,SENSOR,1,UNIFIED,"t=229 [HELLO_TX] bat=100% nbr=16"
004A,SENSOR,1,UNIFIED,"t=236 [HELLO_TX] bat=100% nbr=16"
004A,SENSOR,1,UNIFIED,"t=241 [HELLO_TX] bat=100% nbr=16"
004A,SENSOR,1,UNIFIED,"t=248 [HELLO_TX] bat=100% nbr=16"
004B,SENSOR,1,UNIFIED,"t=4 [HELLO_TX] bat=100% nbr=0"
004B,SENSOR,1,UNIFIED,"t=5 [HELLO_RX] NEW AA0A tier=2(CH) verified=0 rssi=3.8"
004B,SENSOR,1,UNIFIED,"t=6 [HELLO_RX] NEW AA06 tier=2(CH) verified=0 rssi=7.6"
004B,SENSOR,1,UNIFIED,"t=8 [HELLO_TX] bat=100% nbr=2"
004B,SENSOR,1,UNIFIED,"t=9 [HELLO_RX] NEW 000F tier=1(UNK) verified=0 rssi=0.9"
004B,SENSOR,1,UNIFIED,"t=10 [HELLO_RX] NEW 0039 tier=1(UNK) verified=0 rssi=19.6"
004B,SENSOR,1,UNIFIED,"t=13 [HELLO_TX] bat=100% nbr=4"
004B,SENSOR,1,UNIFIED,"t=16 [HELLO_RX] NEW 000E tier=1(UNK) verified=0 rssi=0.5"
004B,SENSOR,1,UNIFIED,"t=19 [HELLO_TX] bat=100% nbr=5"
004B,SENSOR,1,UNIFIED,"t=19 [HELLO_RX] NEW 0025 tier=1(UNK) verified=0 rssi=0.4"
004B,SENSOR,1,UNIFIED,"t=20 [HELLO_RX] NEW 0052 tier=1(UNK) verified=0 rssi=4.0"
004B,SENSOR,1,UNIFIED,"t=21 [HELLO_RX] NEW 0049 tier=1(UNK) verified=0 rssi=1.1"
004B,SENSOR,1,UNIFIED,"t=25 [HELLO_RX] NEW 0038 tier=1(UNK) verified=0 rssi=0.5"
004B,SENSOR,1,UNIFIED,"t=27 [HELLO_TX] bat=100% nbr=9"
004B,SENSOR,1,UNIFIED,"t=31 [HELLO_TX] bat=100% nbr=9"
004B,SENSOR,1,UNIFIED,"t=36 [HELLO_TX] bat=100% nbr=9"
004B,SENSOR,1,UNIFIED,"t=38 [HELLO_RX] NEW FF01 tier=3(GWN) verified=0 rssi=0.2"
004B,SENSOR,1,UNIFIED,"t=41 [HELLO_RX] NEW 002A tier=1(UNK) verified=0 rssi=0.5"
004B,SENSOR,1,UNIFIED,"t=43 [HELLO_TX] bat=100% nbr=11"
004B,SENSOR,1,UNIFIED,"t=49 [HELLO_RX] NEW 0062 tier=1(UNK) verified=0 rssi=0.2"
004B,SENSOR,1,UNIFIED,"t=52 [HELLO_TX] bat=100% nbr=12"
004B,SENSOR,1,UNIFIED,"t=52 [HELLO_RX] NEW 0036 tier=1(UNK) verified=0 rssi=0.2"
004B,SENSOR,1,UNIFIED,"t=55 [HELLO_RX] NEW FF06 tier=3(GWN) verified=0 rssi=0.1"
004B,SENSOR,1,UNIFIED,"t=60 [HELLO_TX] bat=100% nbr=14"
004B,SENSOR,1,UNIFIED,"t=64 [HELLO_TX] bat=100% nbr=14"
004B,SENSOR,1,UNIFIED,"t=66 [HELLO_RX] NEW 005F tier=1(UNK) verified=0 rssi=0.2"
004B,SENSOR,1,UNIFIED,"t=69 [HELLO_TX] bat=100% nbr=15"
004B,SENSOR,1,UNIFIED,"t=73 [HELLO_RX] NEW FF08 tier=3(GWN) verified=1 rssi=0.7"
004B,SENSOR,1,UNIFIED,"t=79 [HELLO_TX] bat=100% nbr=16"
004B,SENSOR,1,UNIFIED,"t=88 [HELLO_TX] bat=100% nbr=16"
004B,SENSOR,1,UNIFIED,"t=92 [HELLO_TX] bat=100% nbr=16"
004B,SENSOR,1,UNIFIED,"t=93 [HELLO_RX] NEW FF0A tier=3(GWN) verified=1 rssi=0.2"
004B,SENSOR,1,UNIFIED,"t=97 [HELLO_TX] bat=100% nbr=17"
004B,SENSOR,1,UNIFIED,"t=101 [HELLO_TX] bat=100% nbr=17"
004B,SENSOR,1,UNIFIED,"t=101 [HELLO_RX] NEW 0015 tier=1(UNK) verified=0 rssi=0.2"
004B,SENSOR,1,UNIFIED,"t=105 [HELLO_RX] NEW FF05 tier=3(GWN) verified=1 rssi=0.5"
004B,SENSOR,1,UNIFIED,"t=110 [HELLO_TX] bat=100% nbr=19"
004B,SENSOR,1,UNIFIED,"t=118 [HELLO_TX] bat=100% nbr=19"
004B,SENSOR,1,UNIFIED,"t=127 [HELLO_TX] bat=100% nbr=19"
004B,SENSOR,1,UNIFIED,"t=133 [HELLO_TX] bat=100% nbr=19"
004B,SENSOR,1,UNIFIED,"t=140 [HELLO_TX] bat=100% nbr=19"
004B,SENSOR,1,UNIFIED,"t=144 [HELLO_RX] NEW FF0C tier=3(GWN) verified=1 rssi=0.3"
004B,SENSOR,1,UNIFIED,"t=147 [HELLO_TX] bat=100% nbr=20"
004B,SENSOR,1,UNIFIED,"t=156 [HELLO_TX] bat=100% nbr=20"
004B,SENSOR,1,UNIFIED,"t=166 [HELLO_TX] bat=100% nbr=20"
004B,SENSOR,1,UNIFIED,"t=171 [HELLO_TX] bat=100% nbr=20"
004B,SENSOR,1,UNIFIED,"t=176 [HELLO_TX] bat=100% nbr=20"
004B,SENSOR,1,UNIFIED,"t=183 [HELLO_TX] bat=100% nbr=20"
004B,SENSOR,1,UNIFIED,"t=189 [HELLO_TX] bat=100% nbr=20"
004B,SENSOR,1,UNIFIED,"t=196 [HELLO_TX] bat=100% nbr=20"
004B,SENSOR,1,UNIFIED,"t=201 [HELLO_TX] bat=100% nbr=20"
004B,SENSOR,1,UNIFIED,"t=205 [HELLO_TX] bat=100% nbr=20"
004B,SENSOR,1,UNIFIED,"t=209 [HELLO_TX] bat=100% nbr=20"
004B,SENSOR,1,UNIFIED,"t=218 [HELLO_TX] bat=100% nbr=20"
004B,SENSOR,1,UNIFIED,"t=224 [HELLO_TX] bat=100% nbr=20"
004B,SENSOR,1,UNIFIED,"t=234 [HELLO_TX] bat=100% nbr=20"
004B,SENSOR,1,UNIFIED,"t=239 [HELLO_TX] bat=100% nbr=20"
004B,SENSOR,1,UNIFIED,"t=245 [HELLO_TX] bat=100% nbr=20"
004C,SENSOR,1,UNIFIED,"t=5 [HELLO_RX] NEW 002C tier=1(UNK) verified=0 rssi=1.6"
004C,SENSOR,1,UNIFIED,"t=7 [HELLO_TX] bat=100% nbr=1"
004C,SENSOR,1,UNIFIED,"t=8 [HELLO_RX] NEW 0046 tier=1(UNK) verified=0 rssi=0.3"
004C,SENSOR,1,UNIFIED,"t=9 [HELLO_RX] NEW AA02 tier=2(CH) verified=0 rssi=0.4"
004C,SENSOR,1,UNIFIED,"t=10 [HELLO_RX] NEW AA07 tier=2(CH) verified=0 rssi=0.3"
004C,SENSOR,1,UNIFIED,"t=14 [HELLO_TX] bat=100% nbr=4"
004C,SENSOR,1,UNIFIED,"t=16 [HELLO_RX] NEW 0023 tier=1(UNK) verified=0 rssi=0.4"
004C,SENSOR,1,UNIFIED,"t=18 [HELLO_TX] bat=100% nbr=5"
004C,SENSOR,1,UNIFIED,"t=24 [HELLO_RX] NEW 0003 tier=1(UNK) verified=0 rssi=0.5"
004C,SENSOR,1,UNIFIED,"t=25 [HELLO_RX] NEW FF01 tier=3(GWN) verified=0 rssi=0.2"
004C,SENSOR,1,UNIFIED,"t=28 [HELLO_TX] bat=100% nbr=7"
004C,SENSOR,1,UNIFIED,"t=36 [HELLO_TX] bat=100% nbr=7"
004C,SENSOR,1,UNIFIED,"t=41 [HELLO_TX] bat=100% nbr=7"
004C,SENSOR,1,UNIFIED,"t=46 [HELLO_TX] bat=100% nbr=7"
004C,SENSOR,1,UNIFIED,"t=47 [HELLO_RX] NEW AA08 tier=2(CH) verified=0 rssi=0.8"
004C,SENSOR,1,UNIFIED,"t=51 [HELLO_TX] bat=100% nbr=8"
004C,SENSOR,1,UNIFIED,"t=56 [HELLO_RX] NEW FF07 tier=3(GWN) verified=0 rssi=0.1"
004C,SENSOR,1,UNIFIED,"t=57 [HELLO_TX] bat=100% nbr=9"
004C,SENSOR,1,UNIFIED,"t=63 [HELLO_TX] bat=100% nbr=9"
004C,SENSOR,1,UNIFIED,"t=70 [HELLO_TX] bat=100% nbr=9"
004C,SENSOR,1,UNIFIED,"t=71 [HELLO_RX] NEW 0037 tier=1(UNK) verified=0 rssi=0.2"
004C,SENSOR,1,UNIFIED,"t=76 [HELLO_TX] bat=100% nbr=10"
004C,SENSOR,1,UNIFIED,"t=80 [HELLO_TX] bat=100% nbr=10"
004C,SENSOR,1,UNIFIED,"t=87 [HELLO_TX] bat=100% nbr=10"
004C,SENSOR,1,UNIFIED,"t=97 [HELLO_TX] bat=100% nbr=10"
004C,SENSOR,1,UNIFIED,"t=100 [HELLO_RX] NEW FF0B tier=3(GWN) verified=0 rssi=0.2"
004C,SENSOR,1,UNIFIED,"t=102 [HELLO_TX] bat=100% nbr=11"
004C,SENSOR,1,UNIFIED,"t=110 [HELLO_TX] bat=100% nbr=11"
004C,SENSOR,1,UNIFIED,"t=116 [HELLO_TX] bat=100% nbr=11"
004C,SENSOR,1,UNIFIED,"t=121 [HELLO_TX] bat=100% nbr=11"
004C,SENSOR,1,UNIFIED,"t=130 [HELLO_TX] bat=100% nbr=11"
004C,SENSOR,1,UNIFIED,"t=135 [HELLO_TX] bat=100% nbr=11"
004C,SENSOR,1,UNIFIED,"t=139 [HELLO_TX] bat=100% nbr=11"
004C,SENSOR,1,UNIFIED,"t=144 [HELLO_TX] bat=100% nbr=11"
004C,SENSOR,1,UNIFIED,"t=151 [HELLO_TX] bat=100% nbr=11"
004C,SENSOR,1,UNIFIED,"t=161 [HELLO_TX] bat=100% nbr=11"
004C,SENSOR,1,UNIFIED,"t=167 [HELLO_TX] bat=100% nbr=11"
004C,SENSOR,1,UNIFIED,"t=172 [HELLO_TX] bat=100% nbr=11"
004C,SENSOR,1,UNIFIED,"t=180 [HELLO_TX] bat=100% nbr=11"
004C,SENSOR,1,UNIFIED,"t=190 [HELLO_TX] bat=100% nbr=11"
004C,SENSOR,1,UNIFIED,"t=197 [HELLO_TX] bat=100% nbr=11"
004C,SENSOR,1,UNIFIED,"t=205 [HELLO_TX] bat=100% nbr=11"
004C,SENSOR,1,UNIFIED,"t=211 [HELLO_TX] bat=100% nbr=11"
004C,SENSOR,1,UNIFIED,"t=220 [HELLO_TX] bat=100% nbr=11"
004C,SENSOR,1,UNIFIED,"t=227 [HELLO_TX] bat=100% nbr=11"
004C,SENSOR,1,UNIFIED,"t=237 [HELLO_TX] bat=100% nbr=11"
004C,SENSOR,1,UNIFIED,"t=244 [HELLO_TX] bat=100% nbr=11"
004D,SENSOR,1,UNIFIED,"t=4 [HELLO_RX] NEW 0014 tier=1(UNK) verified=0 rssi=7.0"
004D,SENSOR,1,UNIFIED,"t=5 [HELLO_RX] NEW 0063 tier=1(UNK) verified=0 rssi=0.3"
004D,SENSOR,1,UNIFIED,"t=6 [HELLO_RX] NEW AA09 tier=2(CH) verified=0 rssi=4.3"
004D,SENSOR,1,UNIFIED,"t=8 [HELLO_RX] NEW 0019 tier=1(UNK) verified=0 rssi=0.5"
004D,SENSOR,1,UNIFIED,"t=9 [HELLO_TX] bat=100% nbr=4"
004D,SENSOR,1,UNIFIED,"t=9 [HELLO_RX] NEW 002D tier=1(UNK) verified=0 rssi=10.0"
004D,SENSOR,1,UNIFIED,"t=10 [HELLO_RX] NEW 0016 tier=1(UNK) verified=0 rssi=1.7"
004D,SENSOR,1,UNIFIED,"t=11 [HELLO_RX] NEW 0001 tier=1(UNK) verified=0 rssi=0.3"
004D,SENSOR,1,UNIFIED,"t=15 [HELLO_RX] NEW 0043 tier=1(UNK) verified=0 rssi=0.2"
004D,SENSOR,1,UNIFIED,"t=16 [HELLO_TX] bat=100% nbr=8"
004D,SENSOR,1,UNIFIED,"t=19 [HELLO_RX] NEW 0058 tier=1(UNK) verified=0 rssi=0.9"
004D,SENSOR,1,UNIFIED,"t=22 [HELLO_TX] bat=100% nbr=9"
004D,SENSOR,1,UNIFIED,"t=22 [HELLO_RX] NEW FF09 tier=3(GWN) verified=0 rssi=0.8"
004D,SENSOR,1,UNIFIED,"t=31 [HELLO_TX] bat=100% nbr=10"
004D,SENSOR,1,UNIFIED,"t=33 [HELLO_RX] NEW FF06 tier=3(GWN) verified=0 rssi=1.0"
004D,SENSOR,1,UNIFIED,"t=35 [HELLO_RX] NEW 001C tier=1(UNK) verified=0 rssi=4.1"
004D,SENSOR,1,UNIFIED,"t=37 [HELLO_TX] bat=100% nbr=12"
004D,SENSOR,1,UNIFIED,"t=45 [HELLO_RX] NEW 0006 tier=1(UNK) verified=0 rssi=0.3"
004D,SENSOR,1,UNIFIED,"t=47 [HELLO_TX] bat=100% nbr=13"
004D,SENSOR,1,UNIFIED,"t=57 [HELLO_TX] bat=100% nbr=13"
004D,SENSOR,1,UNIFIED,"t=61 [HELLO_TX] bat=100% nbr=13"
004D,SENSOR,1,UNIFIED,"t=71 [HELLO_TX] bat=100% nbr=13"
004D,SENSOR,1,UNIFIED,"t=80 [HELLO_TX] bat=100% nbr=13"
004D,SENSOR,1,UNIFIED,"t=88 [HELLO_TX] bat=100% nbr=13"
004D,SENSOR,1,UNIFIED,"t=94 [HELLO_RX] NEW 000C tier=1(UNK) verified=0 rssi=0.2"
004D,SENSOR,1,UNIFIED,"t=98 [HELLO_TX] bat=100% nbr=14"
004D,SENSOR,1,UNIFIED,"t=108 [HELLO_TX] bat=100% nbr=14"
004D,SENSOR,1,UNIFIED,"t=116 [HELLO_TX] bat=100% nbr=14"
004D,SENSOR,1,UNIFIED,"t=126 [HELLO_TX] bat=100% nbr=14"
004D,SENSOR,1,UNIFIED,"t=134 [HELLO_TX] bat=100% nbr=14"
004D,SENSOR,1,UNIFIED,"t=141 [HELLO_TX] bat=100% nbr=14"
004D,SENSOR,1,UNIFIED,"t=147 [HELLO_RX] NEW FF0A tier=3(GWN) verified=1 rssi=0.1"
004D,SENSOR,1,UNIFIED,"t=148 [HELLO_TX] bat=100% nbr=15"
004D,SENSOR,1,UNIFIED,"t=155 [HELLO_TX] bat=100% nbr=15"
004D,SENSOR,1,UNIFIED,"t=164 [HELLO_TX] bat=100% nbr=15"
004D,SENSOR,1,UNIFIED,"t=168 [HELLO_TX] bat=100% nbr=15"
004D,SENSOR,1,UNIFIED,"t=172 [HELLO_TX] bat=100% nbr=15"
004D,SENSOR,1,UNIFIED,"t=179 [HELLO_TX] bat=100% nbr=15"
004D,SENSOR,1,UNIFIED,"t=189 [HELLO_TX] bat=100% nbr=15"
004D,SENSOR,1,UNIFIED,"t=191 [HELLO_RX] NEW 0048 tier=1(UNK) verified=0 rssi=0.2"
004D,SENSOR,1,UNIFIED,"t=195 [HELLO_TX] bat=100% nbr=16"
004D,SENSOR,1,UNIFIED,"t=203 [HELLO_TX] bat=100% nbr=16"
004D,SENSOR,1,UNIFIED,"t=208 [HELLO_TX] bat=100% nbr=16"
004D,SENSOR,1,UNIFIED,"t=213 [HELLO_TX] bat=100% nbr=16"
004D,SENSOR,1,UNIFIED,"t=218 [HELLO_TX] bat=100% nbr=16"
004D,SENSOR,1,UNIFIED,"t=222 [HELLO_TX] bat=100% nbr=16"
004D,SENSOR,1,UNIFIED,"t=226 [HELLO_TX] bat=100% nbr=16"
004D,SENSOR,1,UNIFIED,"t=231 [HELLO_TX] bat=100% nbr=16"
004D,SENSOR,1,UNIFIED,"t=235 [HELLO_TX] bat=100% nbr=16"
004D,SENSOR,1,UNIFIED,"t=243 [HELLO_TX] bat=100% nbr=16"
004E,SENSOR,1,UNIFIED,"t=4 [HELLO_RX] NEW FF0C tier=3(GWN) verified=0 rssi=5.7"
004E,SENSOR,1,UNIFIED,"t=5 [HELLO_RX] NEW 0034 tier=1(UNK) verified=0 rssi=0.6"
004E,SENSOR,1,UNIFIED,"t=7 [HELLO_TX] bat=100% nbr=2"
004E,SENSOR,1,UNIFIED,"t=8 [HELLO_RX] NEW FF08 tier=3(GWN) verified=0 rssi=1.1"
004E,SENSOR,1,UNIFIED,"t=10 [HELLO_RX] NEW FF05 tier=3(GWN) verified=0 rssi=54.1"
004E,SENSOR,1,UNIFIED,"t=14 [HELLO_TX] bat=100% nbr=4"
004E,SENSOR,1,UNIFIED,"t=14 [HELLO_RX] NEW 003D tier=1(UNK) verified=0 rssi=0.5"
004E,SENSOR,1,UNIFIED,"t=15 [HELLO_RX] NEW 000D tier=1(UNK) verified=0 rssi=4.1"
004E,SENSOR,1,UNIFIED,"t=18 [HELLO_RX] NEW FF0E tier=3(GWN) verified=0 rssi=1.8"
004E,SENSOR,1,UNIFIED,"t=19 [HELLO_TX] bat=100% nbr=7"
004E,SENSOR,1,UNIFIED,"t=19 [HELLO_RX] NEW 004A tier=1(UNK) verified=0 rssi=1.0"
004E,SENSOR,1,UNIFIED,"t=22 [HELLO_RX] NEW 001A tier=1(UNK) verified=0 rssi=5.2"
004E,SENSOR,1,UNIFIED,"t=24 [HELLO_TX] bat=100% nbr=9"
004E,SENSOR,1,UNIFIED,"t=27 [HELLO_RX] NEW 0024 tier=1(UNK) verified=0 rssi=0.4"
004E,SENSOR,1,UNIFIED,"t=29 [HELLO_TX] bat=100% nbr=10"
004E,SENSOR,1,UNIFIED,"t=33 [HELLO_TX] bat=100% nbr=10"
004E,SENSOR,1,UNIFIED,"t=38 [HELLO_TX] bat=100% nbr=10"
004E,SENSOR,1,UNIFIED,"t=40 [HELLO_RX] NEW 000E tier=1(UNK) verified=0 rssi=0.2"
004E,SENSOR,1,UNIFIED,"t=48 [HELLO_TX] bat=100% nbr=11"
004E,SENSOR,1,UNIFIED,"t=50 [HELLO_RX] NEW FF0A tier=3(GWN) verified=0 rssi=0.1"
004E,SENSOR,1,UNIFIED,"t=52 [HELLO_TX] bat=100% nbr=12"
004E,SENSOR,1,UNIFIED,"t=54 [HELLO_RX] NEW 002A tier=1(UNK) verified=0 rssi=0.2"
004E,SENSOR,1,UNIFIED,"t=61 [HELLO_TX] bat=100% nbr=13"
004E,SENSOR,1,UNIFIED,"t=68 [HELLO_TX] bat=100% nbr=13"
004E,SENSOR,1,UNIFIED,"t=70 [HELLO_RX] NEW FF01 tier=3(GWN) verified=1 rssi=0.5"
004E,SENSOR,1,UNIFIED,"t=75 [HELLO_TX] bat=100% nbr=14"
004E,SENSOR,1,UNIFIED,"t=79 [HELLO_RX] NEW AA0A tier=2(CH) verified=0 rssi=0.4"
004E,SENSOR,1,UNIFIED,"t=83 [HELLO_TX] bat=100% nbr=15"
004E,SENSOR,1,UNIFIED,"t=90 [HELLO_TX] bat=100% nbr=15"
004E,SENSOR,1,UNIFIED,"t=98 [HELLO_TX] bat=100% nbr=15"
004E,SENSOR,1,UNIFIED,"t=104 [HELLO_TX] bat=100% nbr=15"
004E,SENSOR,1,UNIFIED,"t=107 [HELLO_RX] NEW AA06 tier=2(CH) verified=0 rssi=0.3"
004E,SENSOR,1,UNIFIED,"t=112 [HELLO_TX] bat=100% nbr=16"
004E,SENSOR,1,UNIFIED,"t=116 [HELLO_TX] bat=100% nbr=16"
004E,SENSOR,1,UNIFIED,"t=126 [HELLO_TX] bat=100% nbr=16"
004E,SENSOR,1,UNIFIED,"t=128 [HELLO_RX] NEW 0015 tier=1(UNK) verified=0 rssi=0.6"
004E,SENSOR,1,UNIFIED,"t=136 [HELLO_TX] bat=100% nbr=17"
004E,SENSOR,1,UNIFIED,"t=144 [HELLO_TX] bat=100% nbr=17"
004E,SENSOR,1,UNIFIED,"t=152 [HELLO_TX] bat=100% nbr=17"
004E,SENSOR,1,UNIFIED,"t=160 [HELLO_TX] bat=100% nbr=17"
004E,SENSOR,1,UNIFIED,"t=164 [HELLO_TX] bat=100% nbr=17"
004E,SENSOR,1,UNIFIED,"t=174 [HELLO_TX] bat=100% nbr=17"
004E,SENSOR,1,UNIFIED,"t=175 [HELLO_RX] NEW 000B tier=1(UNK) verified=0 rssi=0.3"
004E,SENSOR,1,UNIFIED,"t=182 [HELLO_TX] bat=100% nbr=18"
004E,SENSOR,1,UNIFIED,"t=189 [HELLO_TX] bat=100% nbr=18"
004E,SENSOR,1,UNIFIED,"t=199 [HELLO_TX] bat=100% nbr=18"
004E,SENSOR,1,UNIFIED,"t=203 [HELLO_TX] bat=100% nbr=18"
004E,SENSOR,1,UNIFIED,"t=209 [HELLO_TX] bat=100% nbr=18"
004E,SENSOR,1,UNIFIED,"t=218 [HELLO_TX] bat=100% nbr=18"
004E,SENSOR,1,UNIFIED,"t=225 [HELLO_TX] bat=100% nbr=18"
004E,SENSOR,1,UNIFIED,"t=232 [HELLO_TX] bat=100% nbr=18"
004E,SENSOR,1,UNIFIED,"t=240 [HELLO_TX] bat=100% nbr=18"
004E,SENSOR,1,UNIFIED,"t=244 [HELLO_TX] bat=100% nbr=18"
004F,SENSOR,1,UNIFIED,"t=4 [HELLO_RX] NEW FF0C tier=3(GWN) verified=0 rssi=1.1"
004F,SENSOR,1,UNIFIED,"t=5 [HELLO_RX] NEW FF01 tier=3(GWN) verified=0 rssi=18.8"
004F,SENSOR,1,UNIFIED,"t=6 [HELLO_RX] NEW 0035 tier=1(UNK) verified=0 rssi=0.3"
004F,SENSOR,1,UNIFIED,"t=7 [HELLO_TX] bat=100% nbr=3"
004F,SENSOR,1,UNIFIED,"t=7 [HELLO_RX] NEW 0024 tier=1(UNK) verified=0 rssi=0.5"
004F,SENSOR,1,UNIFIED,"t=8 [HELLO_RX] NEW 000B tier=1(UNK) verified=0 rssi=2.5"
004F,SENSOR,1,UNIFIED,"t=9 [HELLO_RX] NEW 005C tier=1(UNK) verified=0 rssi=0.7"
004F,SENSOR,1,UNIFIED,"t=10 [HELLO_RX] NEW 001B tier=1(UNK) verified=0 rssi=2.8"
004F,SENSOR,1,UNIFIED,"t=13 [HELLO_TX] bat=100% nbr=7"
004F,SENSOR,1,UNIFIED,"t=14 [HELLO_RX] NEW AA0A tier=2(CH) verified=0 rssi=0.3"
004F,SENSOR,1,UNIFIED,"t=15 [HELLO_RX] NEW 0034 tier=1(UNK) verified=0 rssi=0.9"
004F,SENSOR,1,UNIFIED,"t=21 [HELLO_TX] bat=100% nbr=9"
004F,SENSOR,1,UNIFIED,"t=21 [HELLO_RX] NEW FF05 tier=3(GWN) verified=0 rssi=0.4"
004F,SENSOR,1,UNIFIED,"t=23 [HELLO_RX] NEW 003D tier=1(UNK) verified=0 rssi=0.6"
004F,SENSOR,1,UNIFIED,"t=24 [HELLO_RX] NEW AA02 tier=2(CH) verified=0 rssi=0.3"
004F,SENSOR,1,UNIFIED,"t=28 [HELLO_TX] bat=100% nbr=12"
004F,SENSOR,1,UNIFIED,"t=28 [HELLO_RX] NEW FF0B tier=3(GWN) verified=0 rssi=0.3"
004F,SENSOR,1,UNIFIED,"t=37 [HELLO_TX] bat=100% nbr=13"
004F,SENSOR,1,UNIFIED,"t=37 [HELLO_RX] NEW 001A tier=1(UNK) verified=0 rssi=0.2"
004F,SENSOR,1,UNIFIED,"t=40 [HELLO_RX] NEW 0013 tier=1(UNK) verified=0 rssi=0.5"
004F,SENSOR,1,UNIFIED,"t=42 [HELLO_RX] NEW 0025 tier=1(UNK) verified=0 rssi=0.3"
004F,SENSOR,1,UNIFIED,"t=43 [HELLO_TX] bat=100% nbr=16"
004F,SENSOR,1,UNIFIED,"t=46 [HELLO_RX] NEW FF0E tier=3(GWN) verified=1 rssi=0.5"
004F,SENSOR,1,UNIFIED,"t=47 [HELLO_TX] bat=100% nbr=17"
004F,SENSOR,1,UNIFIED,"t=55 [HELLO_TX] bat=100% nbr=17"
004F,SENSOR,1,UNIFIED,"t=56 [HELLO_RX] NEW 0036 tier=1(UNK) verified=0 rssi=0.3"
004F,SENSOR,1,UNIFIED,"t=60 [HELLO_TX] bat=100% nbr=18"
004F,SENSOR,1,UNIFIED,"t=66 [HELLO_TX] bat=100% nbr=18"
004F,SENSOR,1,UNIFIED,"t=72 [HELLO_TX] bat=100% nbr=18"
004F,SENSOR,1,UNIFIED,"t=80 [HELLO_RX] NEW 003B tier=1(UNK) verified=0 rssi=0.3"
004F,SENSOR,1,UNIFIED,"t=82 [HELLO_TX] bat=100% nbr=19"
004F,SENSOR,1,UNIFIED,"t=87 [HELLO_TX] bat=100% nbr=19"
004F,SENSOR,1,UNIFIED,"t=90 [HELLO_RX] NEW 002A tier=1(UNK) verified=0 rssi=0.4"
004F,SENSOR,1,UNIFIED,"t=92 [HELLO_RX] NEW FF08 tier=3(GWN) verified=1 rssi=0.2"
004F,SENSOR,1,UNIFIED,"t=94 [HELLO_TX] bat=100% nbr=21"
004F,SENSOR,1,UNIFIED,"t=97 [HELLO_RX] NEW 003A tier=1(UNK) verified=0 rssi=0.4"
004F,SENSOR,1,UNIFIED,"t=100 [HELLO_TX] bat=100% nbr=22"
004F,SENSOR,1,UNIFIED,"t=109 [HELLO_TX] bat=100% nbr=22"
004F,SENSOR,1,UNIFIED,"t=117 [HELLO_TX] bat=100% nbr=22"
004F,SENSOR,1,UNIFIED,"t=127 [HELLO_TX] bat=100% nbr=22"
004F,SENSOR,1,UNIFIED,"t=135 [HELLO_TX] bat=100% nbr=22"
004F,SENSOR,1,UNIFIED,"t=135 [HELLO_RX] NEW AA06 tier=2(CH) verified=0 rssi=0.2"
004F,SENSOR,1,UNIFIED,"t=140 [HELLO_TX] bat=100% nbr=23"
004F,SENSOR,1,UNIFIED,"t=150 [HELLO_TX] bat=100% nbr=23"
004F,SENSOR,1,UNIFIED,"t=155 [HELLO_TX] bat=100% nbr=23"
004F,SENSOR,1,UNIFIED,"t=156 [HELLO_RX] NEW 004A tier=1(UNK) verified=0 rssi=0.3"
004F,SENSOR,1,UNIFIED,"t=164 [HELLO_TX] bat=100% nbr=24"
004F,SENSOR,1,UNIFIED,"t=169 [HELLO_TX] bat=100% nbr=24"
004F,SENSOR,1,UNIFIED,"t=177 [HELLO_TX] bat=100% nbr=24"
004F,SENSOR,1,UNIFIED,"t=182 [HELLO_TX] bat=100% nbr=24"
004F,SENSOR,1,UNIFIED,"t=183 [HELLO_RX] NEW 005B tier=1(UNK) verified=0 rssi=0.5"
004F,SENSOR,1,UNIFIED,"t=190 [HELLO_RX] NEW 000E tier=1(UNK) verified=0 rssi=0.4"
004F,SENSOR,1,UNIFIED,"t=191 [HELLO_TX] bat=100% nbr=26"
004F,SENSOR,1,UNIFIED,"t=198 [HELLO_TX] bat=100% nbr=26"
004F,SENSOR,1,UNIFIED,"t=206 [HELLO_TX] bat=100% nbr=26"
004F,SENSOR,1,UNIFIED,"t=210 [HELLO_TX] bat=100% nbr=26"
004F,SENSOR,1,UNIFIED,"t=216 [HELLO_TX] bat=100% nbr=26"
004F,SENSOR,1,UNIFIED,"t=222 [HELLO_TX] bat=100% nbr=26"
004F,SENSOR,1,UNIFIED,"t=227 [HELLO_TX] bat=100% nbr=26"
004F,SENSOR,1,UNIFIED,"t=233 [HELLO_TX] bat=100% nbr=26"
004F,SENSOR,1,UNIFIED,"t=238 [HELLO_TX] bat=100% nbr=26"
004F,SENSOR,1,UNIFIED,"t=246 [HELLO_TX] bat=100% nbr=26"
0050,SENSOR,1,UNIFIED,"t=6 [HELLO_RX] NEW 005F tier=1(UNK) verified=0 rssi=1.7"
0050,SENSOR,1,UNIFIED,"t=8 [HELLO_RX] NEW FF08 tier=3(GWN) verified=0 rssi=3.7"
0050,SENSOR,1,UNIFIED,"t=9 [HELLO_TX] bat=100% nbr=2"
0050,SENSOR,1,UNIFIED,"t=9 [HELLO_RX] NEW 0032 tier=1(UNK) verified=0 rssi=0.4"
0050,SENSOR,1,UNIFIED,"t=10 [HELLO_RX] NEW FF0A tier=3(GWN) verified=0 rssi=0.9"
0050,SENSOR,1,UNIFIED,"t=12 [HELLO_RX] NEW FF0C tier=3(GWN) verified=0 rssi=0.2"
0050,SENSOR,1,UNIFIED,"t=14 [HELLO_RX] NEW 0055 tier=1(UNK) verified=0 rssi=1.5"
0050,SENSOR,1,UNIFIED,"t=18 [HELLO_TX] bat=100% nbr=6"
0050,SENSOR,1,UNIFIED,"t=26 [HELLO_TX] bat=100% nbr=6"
0050,SENSOR,1,UNIFIED,"t=26 [HELLO_RX] NEW AA06 tier=2(CH) verified=0 rssi=0.4"
0050,SENSOR,1,UNIFIED,"t=33 [HELLO_TX] bat=100% nbr=7"
0050,SENSOR,1,UNIFIED,"t=37 [HELLO_RX] NEW FF05 tier=3(GWN) verified=1 rssi=0.5"
0050,SENSOR,1,UNIFIED,"t=39 [HELLO_TX] bat=100% nbr=8"
0050,SENSOR,1,UNIFIED,"t=43 [HELLO_TX] bat=100% nbr=8"
0050,SENSOR,1,UNIFIED,"t=53 [HELLO_TX] bat=100% nbr=8"
0050,SENSOR,1,UNIFIED,"t=62 [HELLO_TX] bat=100% nbr=8"
0050,SENSOR,1,UNIFIED,"t=70 [HELLO_TX] bat=100% nbr=8"
0050,SENSOR,1,UNIFIED,"t=76 [HELLO_TX] bat=100% nbr=8"
0050,SENSOR,1,UNIFIED,"t=86 [HELLO_TX] bat=100% nbr=8"
0050,SENSOR,1,UNIFIED,"t=96 [HELLO_TX] bat=100% nbr=8"
0050,SENSOR,1,UNIFIED,"t=103 [HELLO_TX] bat=100% nbr=8"
0050,SENSOR,1,UNIFIED,"t=111 [HELLO_TX] bat=100% nbr=8"
0050,SENSOR,1,UNIFIED,"t=117 [HELLO_TX] bat=100% nbr=8"
0050,SENSOR,1,UNIFIED,"t=122 [HELLO_TX] bat=100% nbr=8"
0050,SENSOR,1,UNIFIED,"t=126 [HELLO_TX] bat=100% nbr=8"
0050,SENSOR,1,UNIFIED,"t=133 [HELLO_TX] bat=100% nbr=8"
0050,SENSOR,1,UNIFIED,"t=137 [HELLO_TX] bat=100% nbr=8"
0050,SENSOR,1,UNIFIED,"t=142 [HELLO_RX] NEW 0015 tier=1(UNK) verified=0 rssi=0.3"
0050,SENSOR,1,UNIFIED,"t=146 [HELLO_TX] bat=100% nbr=9"
0050,SENSOR,1,UNIFIED,"t=151 [HELLO_TX] bat=100% nbr=9"
0050,SENSOR,1,UNIFIED,"t=156 [HELLO_TX] bat=100% nbr=9"
0050,SENSOR,1,UNIFIED,"t=160 [HELLO_TX] bat=100% nbr=9"
0050,SENSOR,1,UNIFIED,"t=162 [HELLO_RX] NEW 0049 tier=1(UNK) verified=0 rssi=0.2"
0050,SENSOR,1,UNIFIED,"t=165 [HELLO_RX] NEW AA0A tier=2(CH) verified=0 rssi=0.2"
0050,SENSOR,1,UNIFIED,"t=168 [HELLO_TX] bat=100% nbr=11"
0050,SENSOR,1,UNIFIED,"t=174 [HELLO_TX] bat=100% nbr=11"
0050,SENSOR,1,UNIFIED,"t=183 [HELLO_TX] bat=100% nbr=11"
0050,SENSOR,1,UNIFIED,"t=192 [HELLO_TX] bat=100% nbr=11"
0050,SENSOR,1,UNIFIED,"t=198 [HELLO_TX] bat=100% nbr=11"
0050,SENSOR,1,UNIFIED,"t=208 [HELLO_TX] bat=100% nbr=11"
0050,SENSOR,1,UNIFIED,"t=212 [HELLO_RX] NEW FF01 tier=3(GWN) verified=1 rssi=0.1"
0050,SENSOR,1,UNIFIED,"t=215 [HELLO_TX] bat=100% nbr=12"
0050,SENSOR,1,UNIFIED,"t=224 [HELLO_TX] bat=100% nbr=12"
0050,SENSOR,1,UNIFIED,"t=231 [HELLO_TX] bat=100% nbr=12"
0050,SENSOR,1,UNIFIED,"t=239 [HELLO_TX] bat=100% nbr=12"
0050,SENSOR,1,UNIFIED,"t=244 [HELLO_TX] bat=100% nbr=12"
0051,SENSOR,1,UNIFIED,"t=5 [HELLO_RX] NEW 0022 tier=1(UNK) verified=0 rssi=259.2"
0051,SENSOR,1,UNIFIED,"t=7 [HELLO_RX] NEW 003B tier=1(UNK) verified=0 rssi=0.2"
0051,SENSOR,1,UNIFIED,"t=9 [HELLO_TX] bat=100% nbr=2"
0051,SENSOR,1,UNIFIED,"t=10 [HELLO_RX] NEW FF0B tier=3(GWN) verified=0 rssi=21.9"
0051,SENSOR,1,UNIFIED,"t=13 [HELLO_RX] NEW 003A tier=1(UNK) verified=0 rssi=0.3"
0051,SENSOR,1,UNIFIED,"t=15 [HELLO_TX] bat=100% nbr=4"
0051,SENSOR,1,UNIFIED,"t=20 [HELLO_RX] NEW AA08 tier=2(CH) verified=0 rssi=0.8"
0051,SENSOR,1,UNIFIED,"t=25 [HELLO_TX] bat=100% nbr=5"
0051,SENSOR,1,UNIFIED,"t=25 [HELLO_RX] NEW FF01 tier=3(GWN) verified=0 rssi=0.3"
0051,SENSOR,1,UNIFIED,"t=33 [HELLO_TX] bat=100% nbr=6"
0051,SENSOR,1,UNIFIED,"t=39 [HELLO_RX] NEW 005B tier=1(UNK) verified=0 rssi=0.2"
0051,SENSOR,1,UNIFIED,"t=43 [HELLO_TX] bat=100% nbr=7"
0051,SENSOR,1,UNIFIED,"t=52 [HELLO_TX] bat=100% nbr=7"
0051,SENSOR,1,UNIFIED,"t=56 [HELLO_TX] bat=100% nbr=7"
0051,SENSOR,1,UNIFIED,"t=58 [HELLO_RX] NEW FF0C tier=3(GWN) verified=1 rssi=0.1"
0051,SENSOR,1,UNIFIED,"t=63 [HELLO_TX] bat=100% nbr=8"
0051,SENSOR,1,UNIFIED,"t=73 [HELLO_TX] bat=100% nbr=8"
0051,SENSOR,1,UNIFIED,"t=82 [HELLO_TX] bat=100% nbr=8"
0051,SENSOR,1,UNIFIED,"t=87 [HELLO_TX] bat=100% nbr=8"
0051,SENSOR,1,UNIFIED,"t=93 [HELLO_TX] bat=100% nbr=8"
0051,SENSOR,1,UNIFIED,"t=98 [HELLO_TX] bat=100% nbr=8"
0051,SENSOR,1,UNIFIED,"t=108 [HELLO_TX] bat=100% nbr=8"
0051,SENSOR,1,UNIFIED,"t=113 [HELLO_TX] bat=100% nbr=8"
0051,SENSOR,1,UNIFIED,"t=119 [HELLO_TX] bat=100% nbr=8"
0051,SENSOR,1,UNIFIED,"t=124 [HELLO_TX] bat=100% nbr=8"
0051,SENSOR,1,UNIFIED,"t=129 [HELLO_TX] bat=100% nbr=8"
0051,SENSOR,1,UNIFIED,"t=135 [HELLO_TX] bat=100% nbr=8"
0051,SENSOR,1,UNIFIED,"t=141 [HELLO_TX] bat=100% nbr=8"
0051,SENSOR,1,UNIFIED,"t=151 [HELLO_TX] bat=100% nbr=8"
0051,SENSOR,1,UNIFIED,"t=157 [HELLO_TX] bat=100% nbr=8"
0051,SENSOR,1,UNIFIED,"t=165 [HELLO_TX] bat=100% nbr=8"
0051,SENSOR,1,UNIFIED,"t=170 [HELLO_TX] bat=100% nbr=8"
0051,SENSOR,1,UNIFIED,"t=176 [HELLO_TX] bat=100% nbr=8"
0051,SENSOR,1,UNIFIED,"t=186 [HELLO_TX] bat=100% nbr=8"
0051,SENSOR,1,UNIFIED,"t=192 [HELLO_TX] bat=100% nbr=8"
0051,SENSOR,1,UNIFIED,"t=201 [HELLO_TX] bat=100% nbr=8"
0051,SENSOR,1,UNIFIED,"t=207 [HELLO_TX] bat=100% nbr=8"
0051,SENSOR,1,UNIFIED,"t=212 [HELLO_TX] bat=100% nbr=8"
0051,SENSOR,1,UNIFIED,"t=220 [HELLO_TX] bat=100% nbr=8"
0051,SENSOR,1,UNIFIED,"t=229 [HELLO_TX] bat=100% nbr=8"
0051,SENSOR,1,UNIFIED,"t=237 [HELLO_TX] bat=100% nbr=8"
0051,SENSOR,1,UNIFIED,"t=246 [HELLO_TX] bat=100% nbr=8"
0052,SENSOR,1,UNIFIED,"t=4 [HELLO_RX] NEW 004B tier=1(UNK) verified=0 rssi=4.0"
0052,SENSOR,1,UNIFIED,"t=5 [HELLO_RX] NEW AA0A tier=2(CH) verified=0 rssi=10.6"
0052,SENSOR,1,UNIFIED,"t=6 [HELLO_RX] NEW AA06 tier=2(CH) verified=0 rssi=2.8"
0052,SENSOR,1,UNIFIED,"t=7 [HELLO_RX] NEW 000E tier=1(UNK) verified=0 rssi=1.8"
0052,SENSOR,1,UNIFIED,"t=9 [HELLO_RX] NEW 000F tier=1(UNK) verified=0 rssi=0.5"
0052,SENSOR,1,UNIFIED,"t=10 [HELLO_TX] bat=100% nbr=5"
0052,SENSOR,1,UNIFIED,"t=10 [HELLO_RX] NEW 0039 tier=1(UNK) verified=0 rssi=1.7"
0052,SENSOR,1,UNIFIED,"t=20 [HELLO_TX] bat=100% nbr=6"
0052,SENSOR,1,UNIFIED,"t=21 [HELLO_RX] NEW FF05 tier=3(GWN) verified=0 rssi=0.5"
0052,SENSOR,1,UNIFIED,"t=24 [HELLO_RX] NEW 002A tier=1(UNK) verified=0 rssi=1.9"
0052,SENSOR,1,UNIFIED,"t=25 [HELLO_RX] NEW FF08 tier=3(GWN) verified=0 rssi=0.6"
0052,SENSOR,1,UNIFIED,"t=30 [HELLO_TX] bat=100% nbr=9"
0052,SENSOR,1,UNIFIED,"t=38 [HELLO_RX] NEW 0036 tier=1(UNK) verified=0 rssi=0.3"
0052,SENSOR,1,UNIFIED,"t=40 [HELLO_TX] bat=100% nbr=10"
0052,SENSOR,1,UNIFIED,"t=42 [HELLO_RX] NEW 0025 tier=1(UNK) verified=0 rssi=1.3"
0052,SENSOR,1,UNIFIED,"t=45 [HELLO_RX] NEW 0024 tier=1(UNK) verified=0 rssi=0.6"
0052,SENSOR,1,UNIFIED,"t=46 [HELLO_TX] bat=100% nbr=12"
0052,SENSOR,1,UNIFIED,"t=53 [HELLO_RX] NEW FF01 tier=3(GWN) verified=1 rssi=0.3"
0052,SENSOR,1,UNIFIED,"t=56 [HELLO_TX] bat=100% nbr=13"
0052,SENSOR,1,UNIFIED,"t=60 [HELLO_TX] bat=100% nbr=13"
0052,SENSOR,1,UNIFIED,"t=64 [HELLO_TX] bat=100% nbr=13"
0052,SENSOR,1,UNIFIED,"t=72 [HELLO_TX] bat=100% nbr=13"
0052,SENSOR,1,UNIFIED,"t=82 [HELLO_TX] bat=100% nbr=13"
0052,SENSOR,1,UNIFIED,"t=82 [HELLO_RX] NEW 0034 tier=1(UNK) verified=0 rssi=0.2"
0052,SENSOR,1,UNIFIED,"t=90 [HELLO_TX] bat=100% nbr=14"
0052,SENSOR,1,UNIFIED,"t=95 [HELLO_TX] bat=100% nbr=14"
0052,SENSOR,1,UNIFIED,"t=104 [HELLO_TX] bat=100% nbr=14"
0052,SENSOR,1,UNIFIED,"t=104 [HELLO_RX] NEW FF0C tier=3(GWN) verified=1 rssi=0.4"
0052,SENSOR,1,UNIFIED,"t=108 [HELLO_TX] bat=100% nbr=15"
0052,SENSOR,1,UNIFIED,"t=112 [HELLO_TX] bat=100% nbr=15"
0052,SENSOR,1,UNIFIED,"t=122 [HELLO_TX] bat=100% nbr=15"
0052,SENSOR,1,UNIFIED,"t=122 [HELLO_RX] NEW 0013 tier=1(UNK) verified=0 rssi=0.2"
0052,SENSOR,1,UNIFIED,"t=130 [HELLO_TX] bat=100% nbr=16"
0052,SENSOR,1,UNIFIED,"t=132 [HELLO_RX] NEW 0038 tier=1(UNK) verified=0 rssi=0.6"
0052,SENSOR,1,UNIFIED,"t=139 [HELLO_TX] bat=100% nbr=17"
0052,SENSOR,1,UNIFIED,"t=148 [HELLO_TX] bat=100% nbr=17"
0052,SENSOR,1,UNIFIED,"t=157 [HELLO_TX] bat=100% nbr=17"
0052,SENSOR,1,UNIFIED,"t=167 [HELLO_TX] bat=100% nbr=17"
0052,SENSOR,1,UNIFIED,"t=176 [HELLO_TX] bat=100% nbr=17"
0052,SENSOR,1,UNIFIED,"t=183 [HELLO_TX] bat=100% nbr=17"
0052,SENSOR,1,UNIFIED,"t=187 [HELLO_TX] bat=100% nbr=17"
0052,SENSOR,1,UNIFIED,"t=192 [HELLO_TX] bat=100% nbr=17"
0052,SENSOR,1,UNIFIED,"t=202 [HELLO_TX] bat=100% nbr=17"
0052,SENSOR,1,UNIFIED,"t=212 [HELLO_TX] bat=100% nbr=17"
0052,SENSOR,1,UNIFIED,"t=220 [HELLO_TX] bat=100% nbr=17"
0052,SENSOR,1,UNIFIED,"t=224 [HELLO_RX] NEW FF0A tier=3(GWN) verified=1 rssi=0.1"
0052,SENSOR,1,UNIFIED,"t=230 [HELLO_TX] bat=100% nbr=18"
0052,SENSOR,1,UNIFIED,"t=235 [HELLO_TX] bat=100% nbr=18"
0052,SENSOR,1,UNIFIED,"t=239 [HELLO_TX] bat=100% nbr=18"
0052,SENSOR,1,UNIFIED,"t=247 [HELLO_TX] bat=100% nbr=18"
0052,SENSOR,1,UNIFIED,"t=248 [HELLO_RX] NEW 0049 tier=1(UNK) verified=0 rssi=0.4"
0053,SENSOR,1,UNIFIED,"t=4 [HELLO_RX] NEW 0031 tier=1(UNK) verified=0 rssi=0.4"
0053,SENSOR,1,UNIFIED,"t=7 [HELLO_RX] NEW AA04 tier=2(CH) verified=0 rssi=0.9"
0053,SENSOR,1,UNIFIED,"t=8 [HELLO_RX] NEW 001F tier=1(UNK) verified=0 rssi=22.8"
0053,SENSOR,1,UNIFIED,"t=9 [HELLO_RX] NEW 002E tier=1(UNK) verified=0 rssi=0.9"
0053,SENSOR,1,UNIFIED,"t=10 [HELLO_TX] bat=100% nbr=4"
0053,SENSOR,1,UNIFIED,"t=10 [HELLO_RX] NEW AA07 tier=2(CH) verified=0 rssi=2.0"
0053,SENSOR,1,UNIFIED,"t=11 [HELLO_RX] NEW 0037 tier=1(UNK) verified=0 rssi=0.8"
0053,SENSOR,1,UNIFIED,"t=12 [HELLO_RX] NEW 0030 tier=1(UNK) verified=0 rssi=0.7"
0053,SENSOR,1,UNIFIED,"t=16 [HELLO_TX] bat=100% nbr=7"
0053,SENSOR,1,UNIFIED,"t=19 [HELLO_RX] NEW 0011 tier=1(UNK) verified=0 rssi=6.9"
0053,SENSOR,1,UNIFIED,"t=21 [HELLO_TX] bat=100% nbr=8"
0053,SENSOR,1,UNIFIED,"t=27 [HELLO_TX] bat=100% nbr=8"
0053,SENSOR,1,UNIFIED,"t=35 [HELLO_TX] bat=100% nbr=8"
0053,SENSOR,1,UNIFIED,"t=44 [HELLO_RX] NEW 002B tier=1(UNK) verified=0 rssi=0.3"
0053,SENSOR,1,UNIFIED,"t=45 [HELLO_TX] bat=100% nbr=9"
0053,SENSOR,1,UNIFIED,"t=50 [HELLO_RX] NEW 0009 tier=1(UNK) verified=0 rssi=0.2"
0053,SENSOR,1,UNIFIED,"t=51 [HELLO_TX] bat=100% nbr=10"
0053,SENSOR,1,UNIFIED,"t=53 [HELLO_RX] NEW 0002 tier=1(UNK) verified=0 rssi=0.2"
0053,SENSOR,1,UNIFIED,"t=59 [HELLO_RX] NEW FF0D tier=3(GWN) verified=0 rssi=0.3"
0053,SENSOR,1,UNIFIED,"t=60 [HELLO_TX] bat=100% nbr=12"
0053,SENSOR,1,UNIFIED,"t=65 [HELLO_TX] bat=100% nbr=12"
0053,SENSOR,1,UNIFIED,"t=68 [HELLO_RX] NEW 000A tier=1(UNK) verified=0 rssi=0.3"
0053,SENSOR,1,UNIFIED,"t=69 [HELLO_TX] bat=100% nbr=13"
0053,SENSOR,1,UNIFIED,"t=73 [HELLO_TX] bat=100% nbr=13"
0053,SENSOR,1,UNIFIED,"t=82 [HELLO_TX] bat=100% nbr=13"
0053,SENSOR,1,UNIFIED,"t=91 [HELLO_TX] bat=100% nbr=13"
0053,SENSOR,1,UNIFIED,"t=101 [HELLO_TX] bat=100% nbr=13"
0053,SENSOR,1,UNIFIED,"t=105 [HELLO_TX] bat=100% nbr=13"
0053,SENSOR,1,UNIFIED,"t=114 [HELLO_TX] bat=100% nbr=13"
0053,SENSOR,1,UNIFIED,"t=117 [HELLO_RX] NEW FF07 tier=3(GWN) verified=1 rssi=0.2"
0053,SENSOR,1,UNIFIED,"t=123 [HELLO_TX] bat=100% nbr=14"
0053,SENSOR,1,UNIFIED,"t=130 [HELLO_TX] bat=100% nbr=14"
0053,SENSOR,1,UNIFIED,"t=134 [HELLO_TX] bat=100% nbr=14"
0053,SENSOR,1,UNIFIED,"t=143 [HELLO_TX] bat=100% nbr=14"
0053,SENSOR,1,UNIFIED,"t=149 [HELLO_TX] bat=100% nbr=14"
0053,SENSOR,1,UNIFIED,"t=159 [HELLO_TX] bat=100% nbr=14"
0053,SENSOR,1,UNIFIED,"t=169 [HELLO_TX] bat=100% nbr=14"
0053,SENSOR,1,UNIFIED,"t=175 [HELLO_TX] bat=100% nbr=14"
0053,SENSOR,1,UNIFIED,"t=185 [HELLO_TX] bat=100% nbr=14"
0053,SENSOR,1,UNIFIED,"t=189 [HELLO_TX] bat=100% nbr=14"
0053,SENSOR,1,UNIFIED,"t=197 [HELLO_TX] bat=100% nbr=14"
0053,SENSOR,1,UNIFIED,"t=205 [HELLO_TX] bat=100% nbr=14"
0053,SENSOR,1,UNIFIED,"t=210 [HELLO_TX] bat=100% nbr=14"
0053,SENSOR,1,UNIFIED,"t=217 [HELLO_TX] bat=100% nbr=14"
0053,SENSOR,1,UNIFIED,"t=227 [HELLO_TX] bat=100% nbr=14"
0053,SENSOR,1,UNIFIED,"t=236 [HELLO_TX] bat=100% nbr=14"
0053,SENSOR,1,UNIFIED,"t=237 [HELLO_RX] NEW 0003 tier=1(UNK) verified=0 rssi=0.2"
0053,SENSOR,1,UNIFIED,"t=243 [HELLO_TX] bat=100% nbr=15"
0054,SENSOR,1,UNIFIED,"t=4 [HELLO_RX] NEW FF06 tier=3(GWN) verified=0 rssi=0.9"
0054,SENSOR,1,UNIFIED,"t=5 [HELLO_RX] NEW 0057 tier=1(UNK) verified=0 rssi=2999.1"
0054,SENSOR,1,UNIFIED,"t=6 [HELLO_RX] NEW AA09 tier=2(CH) verified=0 rssi=0.2"
0054,SENSOR,1,UNIFIED,"t=9 [HELLO_TX] bat=100% nbr=3"
0054,SENSOR,1,UNIFIED,"t=10 [HELLO_RX] NEW AA01 tier=2(CH) verified=0 rssi=2.7"
0054,SENSOR,1,UNIFIED,"t=15 [HELLO_RX] NEW FF08 tier=3(GWN) verified=0 rssi=0.2"
0054,SENSOR,1,UNIFIED,"t=16 [HELLO_TX] bat=100% nbr=5"
0054,SENSOR,1,UNIFIED,"t=17 [HELLO_RX] NEW 001D tier=1(UNK) verified=0 rssi=1.2"
0054,SENSOR,1,UNIFIED,"t=19 [HELLO_RX] NEW 003C tier=1(UNK) verified=0 rssi=1.9"
0054,SENSOR,1,UNIFIED,"t=24 [HELLO_TX] bat=100% nbr=7"
0054,SENSOR,1,UNIFIED,"t=31 [HELLO_TX] bat=100% nbr=7"
0054,SENSOR,1,UNIFIED,"t=35 [HELLO_TX] bat=100% nbr=7"
0054,SENSOR,1,UNIFIED,"t=39 [HELLO_RX] NEW 0032 tier=1(UNK) verified=0 rssi=0.3"
0054,SENSOR,1,UNIFIED,"t=40 [HELLO_TX] bat=100% nbr=8"
0054,SENSOR,1,UNIFIED,"t=40 [HELLO_RX] NEW 000C tier=1(UNK) verified=0 rssi=0.6"
0054,SENSOR,1,UNIFIED,"t=50 [HELLO_TX] bat=100% nbr=9"
0054,SENSOR,1,UNIFIED,"t=59 [HELLO_RX] NEW FF0A tier=3(GWN) verified=1 rssi=0.8"
0054,SENSOR,1,UNIFIED,"t=60 [HELLO_TX] bat=100% nbr=10"
0054,SENSOR,1,UNIFIED,"t=68 [HELLO_TX] bat=100% nbr=10"
0054,SENSOR,1,UNIFIED,"t=77 [HELLO_TX] bat=100% nbr=10"
0054,SENSOR,1,UNIFIED,"t=85 [HELLO_TX] bat=100% nbr=10"
0054,SENSOR,1,UNIFIED,"t=95 [HELLO_TX] bat=100% nbr=10"
0054,SENSOR,1,UNIFIED,"t=105 [HELLO_TX] bat=100% nbr=10"
0054,SENSOR,1,UNIFIED,"t=110 [HELLO_TX] bat=100% nbr=10"
0054,SENSOR,1,UNIFIED,"t=117 [HELLO_TX] bat=100% nbr=10"
0054,SENSOR,1,UNIFIED,"t=126 [HELLO_TX] bat=100% nbr=10"
0054,SENSOR,1,UNIFIED,"t=132 [HELLO_TX] bat=100% nbr=10"
0054,SENSOR,1,UNIFIED,"t=141 [HELLO_TX] bat=100% nbr=10"
0054,SENSOR,1,UNIFIED,"t=151 [HELLO_TX] bat=100% nbr=10"
0054,SENSOR,1,UNIFIED,"t=161 [HELLO_TX] bat=100% nbr=10"
0054,SENSOR,1,UNIFIED,"t=168 [HELLO_TX] bat=100% nbr=10"
0054,SENSOR,1,UNIFIED,"t=173 [HELLO_TX] bat=100% nbr=10"
0054,SENSOR,1,UNIFIED,"t=179 [HELLO_TX] bat=100% nbr=10"
0054,SENSOR,1,UNIFIED,"t=183 [HELLO_TX] bat=100% nbr=10"
0054,SENSOR,1,UNIFIED,"t=188 [HELLO_TX] bat=100% nbr=10"
0054,SENSOR,1,UNIFIED,"t=193 [HELLO_TX] bat=100% nbr=10"
0054,SENSOR,1,UNIFIED,"t=199 [HELLO_TX] bat=100% nbr=10"
0054,SENSOR,1,UNIFIED,"t=209 [HELLO_TX] bat=100% nbr=10"
0054,SENSOR,1,UNIFIED,"t=214 [HELLO_TX] bat=100% nbr=10"
0054,SENSOR,1,UNIFIED,"t=218 [HELLO_TX] bat=100% nbr=10"
0054,SENSOR,1,UNIFIED,"t=227 [HELLO_TX] bat=100% nbr=10"
0054,SENSOR,1,UNIFIED,"t=232 [HELLO_TX] bat=100% nbr=10"
0054,SENSOR,1,UNIFIED,"t=241 [HELLO_TX] bat=100% nbr=10"
0054,SENSOR,1,UNIFIED,"t=247 [HELLO_TX] bat=100% nbr=10"
0055,SENSOR,1,UNIFIED,"t=6 [HELLO_RX] NEW 005F tier=1(UNK) verified=0 rssi=3.1"
0055,SENSOR,1,UNIFIED,"t=8 [HELLO_TX] bat=100% nbr=1"
0055,SENSOR,1,UNIFIED,"t=9 [HELLO_RX] NEW 0032 tier=1(UNK) verified=0 rssi=1.6"
0055,SENSOR,1,UNIFIED,"t=10 [HELLO_RX] NEW 003C tier=1(UNK) verified=0 rssi=0.4"
0055,SENSOR,1,UNIFIED,"t=14 [HELLO_TX] bat=100% nbr=3"
0055,SENSOR,1,UNIFIED,"t=15 [HELLO_RX] NEW FF08 tier=3(GWN) verified=0 rssi=1.2"
0055,SENSOR,1,UNIFIED,"t=19 [HELLO_RX] NEW FF0A tier=3(GWN) verified=0 rssi=2.0"
0055,SENSOR,1,UNIFIED,"t=21 [HELLO_TX] bat=100% nbr=5"
0055,SENSOR,1,UNIFIED,"t=21 [HELLO_RX] NEW 0049 tier=1(UNK) verified=0 rssi=0.4"
0055,SENSOR,1,UNIFIED,"t=24 [HELLO_RX] NEW 001D tier=1(UNK) verified=0 rssi=0.2"
0055,SENSOR,1,UNIFIED,"t=30 [HELLO_TX] bat=100% nbr=7"
0055,SENSOR,1,UNIFIED,"t=39 [HELLO_TX] bat=100% nbr=7"
0055,SENSOR,1,UNIFIED,"t=39 [HELLO_RX] NEW 0050 tier=1(UNK) verified=0 rssi=1.5"
0055,SENSOR,1,UNIFIED,"t=45 [HELLO_TX] bat=100% nbr=8"
0055,SENSOR,1,UNIFIED,"t=46 [HELLO_RX] NEW FF05 tier=3(GWN) verified=1 rssi=0.3"
0055,SENSOR,1,UNIFIED,"t=47 [HELLO_RX] NEW AA06 tier=2(CH) verified=0 rssi=0.4"
0055,SENSOR,1,UNIFIED,"t=55 [HELLO_TX] bat=100% nbr=10"
0055,SENSOR,1,UNIFIED,"t=60 [HELLO_RX] NEW 0015 tier=1(UNK) verified=0 rssi=0.2"
0055,SENSOR,1,UNIFIED,"t=62 [HELLO_TX] bat=100% nbr=11"
0055,SENSOR,1,UNIFIED,"t=68 [HELLO_RX] NEW AA0A tier=2(CH) verified=0 rssi=0.2"
0055,SENSOR,1,UNIFIED,"t=72 [HELLO_TX] bat=100% nbr=12"
0055,SENSOR,1,UNIFIED,"t=77 [HELLO_TX] bat=100% nbr=12"
0055,SENSOR,1,UNIFIED,"t=81 [HELLO_TX] bat=100% nbr=12"
0055,SENSOR,1,UNIFIED,"t=87 [HELLO_TX] bat=100% nbr=12"
0055,SENSOR,1,UNIFIED,"t=95 [HELLO_TX] bat=100% nbr=12"
0055,SENSOR,1,UNIFIED,"t=100 [HELLO_TX] bat=100% nbr=12"
0055,SENSOR,1,UNIFIED,"t=104 [HELLO_RX] NEW FF0C tier=3(GWN) verified=1 rssi=0.1"
0055,SENSOR,1,UNIFIED,"t=106 [HELLO_TX] bat=100% nbr=13"
0055,SENSOR,1,UNIFIED,"t=112 [HELLO_TX] bat=100% nbr=13"
0055,SENSOR,1,UNIFIED,"t=118 [HELLO_TX] bat=100% nbr=13"
0055,SENSOR,1,UNIFIED,"t=122 [HELLO_TX] bat=100% nbr=13"
0055,SENSOR,1,UNIFIED,"t=130 [HELLO_TX] bat=100% nbr=13"
0055,SENSOR,1,UNIFIED,"t=140 [HELLO_TX] bat=100% nbr=13"
0055,SENSOR,1,UNIFIED,"t=143 [HELLO_RX] NEW FF06 tier=3(GWN) verified=1 rssi=0.1"
0055,SENSOR,1,UNIFIED,"t=148 [HELLO_TX] bat=100% nbr=14"
0055,SENSOR,1,UNIFIED,"t=155 [HELLO_TX] bat=100% nbr=14"
0055,SENSOR,1,UNIFIED,"t=161 [HELLO_TX] bat=100% nbr=14"
0055,SENSOR,1,UNIFIED,"t=171 [HELLO_TX] bat=100% nbr=14"
0055,SENSOR,1,UNIFIED,"t=177 [HELLO_TX] bat=100% nbr=14"
0055,SENSOR,1,UNIFIED,"t=187 [HELLO_TX] bat=100% nbr=14"
0055,SENSOR,1,UNIFIED,"t=194 [HELLO_TX] bat=100% nbr=14"
0055,SENSOR,1,UNIFIED,"t=199 [HELLO_TX] bat=100% nbr=14"
0055,SENSOR,1,UNIFIED,"t=209 [HELLO_TX] bat=100% nbr=14"
0055,SENSOR,1,UNIFIED,"t=218 [HELLO_TX] bat=100% nbr=14"
0055,SENSOR,1,UNIFIED,"t=228 [HELLO_TX] bat=100% nbr=14"
0055,SENSOR,1,UNIFIED,"t=233 [HELLO_TX] bat=100% nbr=14"
0055,SENSOR,1,UNIFIED,"t=241 [HELLO_TX] bat=100% nbr=14"
0055,SENSOR,1,UNIFIED,"t=247 [HELLO_RX] NEW AA01 tier=2(CH) verified=0 rssi=0.2"
0055,SENSOR,1,UNIFIED,"t=248 [HELLO_TX] bat=100% nbr=15"
0056,SENSOR,1,UNIFIED,"t=5 [HELLO_RX] NEW 0033 tier=1(UNK) verified=0 rssi=0.2"
0056,SENSOR,1,UNIFIED,"t=6 [HELLO_TX] bat=100% nbr=1"
0056,SENSOR,1,UNIFIED,"t=6 [HELLO_RX] NEW 0029 tier=1(UNK) verified=0 rssi=0.5"
0056,SENSOR,1,UNIFIED,"t=8 [HELLO_RX] NEW 0019 tier=1(UNK) verified=0 rssi=0.3"
0056,SENSOR,1,UNIFIED,"t=9 [HELLO_RX] NEW 0028 tier=1(UNK) verified=0 rssi=1.5"
0056,SENSOR,1,UNIFIED,"t=11 [HELLO_RX] NEW 0063 tier=1(UNK) verified=0 rssi=0.5"
0056,SENSOR,1,UNIFIED,"t=15 [HELLO_RX] NEW 0062 tier=1(UNK) verified=0 rssi=0.8"
0056,SENSOR,1,UNIFIED,"t=16 [HELLO_TX] bat=100% nbr=6"
0056,SENSOR,1,UNIFIED,"t=17 [HELLO_RX] NEW AA09 tier=2(CH) verified=0 rssi=0.2"
0056,SENSOR,1,UNIFIED,"t=18 [HELLO_RX] NEW 000F tier=1(UNK) verified=0 rssi=0.3"
0056,SENSOR,1,UNIFIED,"t=23 [HELLO_TX] bat=100% nbr=8"
0056,SENSOR,1,UNIFIED,"t=27 [HELLO_TX] bat=100% nbr=8"
0056,SENSOR,1,UNIFIED,"t=28 [HELLO_RX] NEW 005E tier=1(UNK) verified=0 rssi=0.2"
0056,SENSOR,1,UNIFIED,"t=34 [HELLO_TX] bat=100% nbr=9"
0056,SENSOR,1,UNIFIED,"t=39 [HELLO_RX] NEW FF09 tier=3(GWN) verified=0 rssi=0.1"
0056,SENSOR,1,UNIFIED,"t=41 [HELLO_TX] bat=100% nbr=10"
0056,SENSOR,1,UNIFIED,"t=41 [HELLO_RX] NEW 0058 tier=1(UNK) verified=0 rssi=0.2"
0056,SENSOR,1,UNIFIED,"t=43 [HELLO_RX] NEW 0038 tier=1(UNK) verified=0 rssi=0.5"
0056,SENSOR,1,UNIFIED,"t=49 [HELLO_TX] bat=100% nbr=12"
0056,SENSOR,1,UNIFIED,"t=53 [HELLO_TX] bat=100% nbr=12"
0056,SENSOR,1,UNIFIED,"t=61 [HELLO_TX] bat=100% nbr=12"
0056,SENSOR,1,UNIFIED,"t=62 [HELLO_RX] NEW FF06 tier=3(GWN) verified=0 rssi=0.2"
0056,SENSOR,1,UNIFIED,"t=68 [HELLO_TX] bat=100% nbr=13"
0056,SENSOR,1,UNIFIED,"t=74 [HELLO_TX] bat=100% nbr=13"
0056,SENSOR,1,UNIFIED,"t=82 [HELLO_TX] bat=100% nbr=13"
0056,SENSOR,1,UNIFIED,"t=88 [HELLO_TX] bat=100% nbr=13"
0056,SENSOR,1,UNIFIED,"t=96 [HELLO_TX] bat=100% nbr=13"
0056,SENSOR,1,UNIFIED,"t=100 [HELLO_TX] bat=100% nbr=13"
0056,SENSOR,1,UNIFIED,"t=104 [HELLO_TX] bat=100% nbr=13"
0056,SENSOR,1,UNIFIED,"t=104 [HELLO_RX] NEW 005D tier=1(UNK) verified=0 rssi=0.2"
0056,SENSOR,1,UNIFIED,"t=111 [HELLO_TX] bat=100% nbr=14"
0056,SENSOR,1,UNIFIED,"t=118 [HELLO_TX] bat=100% nbr=14"
0056,SENSOR,1,UNIFIED,"t=128 [HELLO_TX] bat=100% nbr=14"
0056,SENSOR,1,UNIFIED,"t=135 [HELLO_TX] bat=100% nbr=14"
0056,SENSOR,1,UNIFIED,"t=140 [HELLO_TX] bat=100% nbr=14"
0056,SENSOR,1,UNIFIED,"t=148 [HELLO_TX] bat=100% nbr=14"
0056,SENSOR,1,UNIFIED,"t=154 [HELLO_TX] bat=100% nbr=14"
0056,SENSOR,1,UNIFIED,"t=159 [HELLO_TX] bat=100% nbr=14"
0056,SENSOR,1,UNIFIED,"t=163 [HELLO_TX] bat=100% nbr=14"
0056,SENSOR,1,UNIFIED,"t=171 [HELLO_TX] bat=100% nbr=14"
0056,SENSOR,1,UNIFIED,"t=181 [HELLO_TX] bat=100% nbr=14"
0056,SENSOR,1,UNIFIED,"t=186 [HELLO_TX] bat=100% nbr=14"
0056,SENSOR,1,UNIFIED,"t=187 [HELLO_RX] NEW 0004 tier=1(UNK) verified=0 rssi=0.2"
0056,SENSOR,1,UNIFIED,"t=190 [HELLO_TX] bat=100% nbr=15"
0056,SENSOR,1,UNIFIED,"t=195 [HELLO_TX] bat=100% nbr=15"
0056,SENSOR,1,UNIFIED,"t=199 [HELLO_TX] bat=100% nbr=15"
0056,SENSOR,1,UNIFIED,"t=209 [HELLO_TX] bat=100% nbr=15"
0056,SENSOR,1,UNIFIED,"t=219 [HELLO_TX] bat=100% nbr=15"
0056,SENSOR,1,UNIFIED,"t=223 [HELLO_TX] bat=100% nbr=15"
0056,SENSOR,1,UNIFIED,"t=232 [HELLO_TX] bat=100% nbr=15"
0056,SENSOR,1,UNIFIED,"t=236 [HELLO_TX] bat=100% nbr=15"
0056,SENSOR,1,UNIFIED,"t=240 [HELLO_TX] bat=100% nbr=15"
0056,SENSOR,1,UNIFIED,"t=249 [HELLO_TX] bat=100% nbr=15"
0057,SENSOR,1,UNIFIED,"t=4 [HELLO_RX] NEW FF06 tier=3(GWN) verified=0 rssi=0.9"
0057,SENSOR,1,UNIFIED,"t=5 [HELLO_TX] bat=100% nbr=1"
0057,SENSOR,1,UNIFIED,"t=5 [HELLO_RX] NEW 000C tier=1(UNK) verified=0 rssi=0.7"
0057,SENSOR,1,UNIFIED,"t=6 [HELLO_RX] NEW 001D tier=1(UNK) verified=0 rssi=1.2"
0057,SENSOR,1,UNIFIED,"t=9 [HELLO_RX] NEW 0054 tier=1(UNK) verified=0 rssi=2999.1"
0057,SENSOR,1,UNIFIED,"t=10 [HELLO_RX] NEW AA01 tier=2(CH) verified=0 rssi=2.8"
0057,SENSOR,1,UNIFIED,"t=13 [HELLO_TX] bat=100% nbr=5"
0057,SENSOR,1,UNIFIED,"t=15 [HELLO_RX] NEW FF08 tier=3(GWN) verified=0 rssi=0.2"
0057,SENSOR,1,UNIFIED,"t=22 [HELLO_TX] bat=100% nbr=6"
0057,SENSOR,1,UNIFIED,"t=26 [HELLO_TX] bat=100% nbr=6"
0057,SENSOR,1,UNIFIED,"t=27 [HELLO_RX] NEW 003C tier=1(UNK) verified=0 rssi=1.7"
0057,SENSOR,1,UNIFIED,"t=33 [HELLO_TX] bat=100% nbr=7"
0057,SENSOR,1,UNIFIED,"t=37 [HELLO_TX] bat=100% nbr=7"
0057,SENSOR,1,UNIFIED,"t=39 [HELLO_RX] NEW 0032 tier=1(UNK) verified=0 rssi=0.3"
0057,SENSOR,1,UNIFIED,"t=41 [HELLO_TX] bat=100% nbr=8"
0057,SENSOR,1,UNIFIED,"t=49 [HELLO_TX] bat=100% nbr=8"
0057,SENSOR,1,UNIFIED,"t=54 [HELLO_TX] bat=100% nbr=8"
0057,SENSOR,1,UNIFIED,"t=58 [HELLO_TX] bat=100% nbr=8"
0057,SENSOR,1,UNIFIED,"t=59 [HELLO_RX] NEW FF0A tier=3(GWN) verified=1 rssi=0.8"
0057,SENSOR,1,UNIFIED,"t=68 [HELLO_TX] bat=100% nbr=9"
0057,SENSOR,1,UNIFIED,"t=74 [HELLO_TX] bat=100% nbr=9"
0057,SENSOR,1,UNIFIED,"t=83 [HELLO_TX] bat=100% nbr=9"
0057,SENSOR,1,UNIFIED,"t=90 [HELLO_TX] bat=100% nbr=9"
0057,SENSOR,1,UNIFIED,"t=98 [HELLO_TX] bat=100% nbr=9"
0057,SENSOR,1,UNIFIED,"t=98 [HELLO_RX] NEW AA09 tier=2(CH) verified=0 rssi=0.2"
0057,SENSOR,1,UNIFIED,"t=102 [HELLO_TX] bat=100% nbr=10"
0057,SENSOR,1,UNIFIED,"t=106 [HELLO_TX] bat=100% nbr=10"
0057,SENSOR,1,UNIFIED,"t=110 [HELLO_TX] bat=100% nbr=10"
0057,SENSOR,1,UNIFIED,"t=115 [HELLO_TX] bat=100% nbr=10"
0057,SENSOR,1,UNIFIED,"t=124 [HELLO_TX] bat=100% nbr=10"
0057,SENSOR,1,UNIFIED,"t=133 [HELLO_TX] bat=100% nbr=10"
0057,SENSOR,1,UNIFIED,"t=142 [HELLO_TX] bat=100% nbr=10"
0057,SENSOR,1,UNIFIED,"t=147 [HELLO_TX] bat=100% nbr=10"
0057,SENSOR,1,UNIFIED,"t=155 [HELLO_TX] bat=100% nbr=10"
0057,SENSOR,1,UNIFIED,"t=159 [HELLO_TX] bat=100% nbr=10"
0057,SENSOR,1,UNIFIED,"t=163 [HELLO_TX] bat=100% nbr=10"
0057,SENSOR,1,UNIFIED,"t=171 [HELLO_TX] bat=100% nbr=10"
0057,SENSOR,1,UNIFIED,"t=176 [HELLO_TX] bat=100% nbr=10"
0057,SENSOR,1,UNIFIED,"t=183 [HELLO_TX] bat=100% nbr=10"
0057,SENSOR,1,UNIFIED,"t=187 [HELLO_TX] bat=100% nbr=10"
0057,SENSOR,1,UNIFIED,"t=197 [HELLO_TX] bat=100% nbr=10"
0057,SENSOR,1,UNIFIED,"t=204 [HELLO_TX] bat=100% nbr=10"
0057,SENSOR,1,UNIFIED,"t=209 [HELLO_TX] bat=100% nbr=10"
0057,SENSOR,1,UNIFIED,"t=213 [HELLO_TX] bat=100% nbr=10"
0057,SENSOR,1,UNIFIED,"t=218 [HELLO_TX] bat=100% nbr=10"
0057,SENSOR,1,UNIFIED,"t=227 [HELLO_TX] bat=100% nbr=10"
0057,SENSOR,1,UNIFIED,"t=232 [HELLO_TX] bat=100% nbr=10"
0057,SENSOR,1,UNIFIED,"t=236 [HELLO_TX] bat=100% nbr=10"
0057,SENSOR,1,UNIFIED,"t=244 [HELLO_TX] bat=100% nbr=10"
0057,SENSOR,1,UNIFIED,"t=249 [HELLO_TX] bat=100% nbr=10"
0058,SENSOR,1,UNIFIED,"t=4 [HELLO_TX] bat=100% nbr=0"
0058,SENSOR,1,UNIFIED,"t=4 [HELLO_RX] NEW 001C tier=1(UNK) verified=0 rssi=0.8"
0058,SENSOR,1,UNIFIED,"t=5 [HELLO_RX] NEW 0063 tier=1(UNK) verified=0 rssi=2.5"
0058,SENSOR,1,UNIFIED,"t=6 [HELLO_RX] NEW AA09 tier=2(CH) verified=0 rssi=3.8"
0058,SENSOR,1,UNIFIED,"t=8 [HELLO_RX] NEW 0019 tier=1(UNK) verified=0 rssi=11.6"
0058,SENSOR,1,UNIFIED,"t=9 [HELLO_TX] bat=100% nbr=4"
0058,SENSOR,1,UNIFIED,"t=9 [HELLO_RX] NEW 002D tier=1(UNK) verified=0 rssi=0.6"
0058,SENSOR,1,UNIFIED,"t=10 [HELLO_RX] NEW 0016 tier=1(UNK) verified=0 rssi=9.9"
0058,SENSOR,1,UNIFIED,"t=15 [HELLO_RX] NEW 0062 tier=1(UNK) verified=0 rssi=0.3"
0058,SENSOR,1,UNIFIED,"t=16 [HELLO_RX] NEW 004D tier=1(UNK) verified=0 rssi=0.9"
0058,SENSOR,1,UNIFIED,"t=19 [HELLO_TX] bat=100% nbr=8"
0058,SENSOR,1,UNIFIED,"t=19 [HELLO_RX] NEW AA01 tier=2(CH) verified=0 rssi=0.3"
0058,SENSOR,1,UNIFIED,"t=23 [HELLO_RX] NEW 0056 tier=1(UNK) verified=0 rssi=0.2"
0058,SENSOR,1,UNIFIED,"t=24 [HELLO_TX] bat=100% nbr=10"
0058,SENSOR,1,UNIFIED,"t=28 [HELLO_RX] NEW 0014 tier=1(UNK) verified=0 rssi=0.7"
0058,SENSOR,1,UNIFIED,"t=34 [HELLO_TX] bat=100% nbr=11"
0058,SENSOR,1,UNIFIED,"t=41 [HELLO_TX] bat=100% nbr=11"
0058,SENSOR,1,UNIFIED,"t=46 [HELLO_RX] NEW FF09 tier=3(GWN) verified=0 rssi=0.3"
0058,SENSOR,1,UNIFIED,"t=50 [HELLO_TX] bat=100% nbr=12"
0058,SENSOR,1,UNIFIED,"t=55 [HELLO_TX] bat=100% nbr=12"
0058,SENSOR,1,UNIFIED,"t=55 [HELLO_RX] NEW FF06 tier=3(GWN) verified=0 rssi=0.6"
0058,SENSOR,1,UNIFIED,"t=65 [HELLO_TX] bat=100% nbr=13"
0058,SENSOR,1,UNIFIED,"t=74 [HELLO_TX] bat=100% nbr=13"
0058,SENSOR,1,UNIFIED,"t=84 [HELLO_TX] bat=100% nbr=13"
0058,SENSOR,1,UNIFIED,"t=92 [HELLO_TX] bat=100% nbr=13"
0058,SENSOR,1,UNIFIED,"t=98 [HELLO_TX] bat=100% nbr=13"
0058,SENSOR,1,UNIFIED,"t=107 [HELLO_TX] bat=100% nbr=13"
0058,SENSOR,1,UNIFIED,"t=111 [HELLO_TX] bat=100% nbr=13"
0058,SENSOR,1,UNIFIED,"t=120 [HELLO_TX] bat=100% nbr=13"
0058,SENSOR,1,UNIFIED,"t=129 [HELLO_TX] bat=100% nbr=13"
0058,SENSOR,1,UNIFIED,"t=135 [HELLO_TX] bat=100% nbr=13"
0058,SENSOR,1,UNIFIED,"t=140 [HELLO_TX] bat=100% nbr=13"
0058,SENSOR,1,UNIFIED,"t=146 [HELLO_TX] bat=100% nbr=13"
0058,SENSOR,1,UNIFIED,"t=147 [HELLO_RX] NEW 0028 tier=1(UNK) verified=0 rssi=0.3"
0058,SENSOR,1,UNIFIED,"t=152 [HELLO_TX] bat=100% nbr=14"
0058,SENSOR,1,UNIFIED,"t=161 [HELLO_TX] bat=100% nbr=14"
0058,SENSOR,1,UNIFIED,"t=168 [HELLO_TX] bat=100% nbr=14"
0058,SENSOR,1,UNIFIED,"t=176 [HELLO_TX] bat=100% nbr=14"
0058,SENSOR,1,UNIFIED,"t=179 [HELLO_RX] NEW 0001 tier=1(UNK) verified=0 rssi=0.3"
0058,SENSOR,1,UNIFIED,"t=183 [HELLO_TX] bat=100% nbr=15"
0058,SENSOR,1,UNIFIED,"t=187 [HELLO_TX] bat=100% nbr=15"
0058,SENSOR,1,UNIFIED,"t=197 [HELLO_TX] bat=100% nbr=15"
0058,SENSOR,1,UNIFIED,"t=204 [HELLO_TX] bat=100% nbr=15"
0058,SENSOR,1,UNIFIED,"t=213 [HELLO_TX] bat=100% nbr=15"
0058,SENSOR,1,UNIFIED,"t=217 [HELLO_RX] NEW FF03 tier=3(GWN) verified=1 rssi=0.1"
0058,SENSOR,1,UNIFIED,"t=220 [HELLO_TX] bat=100% nbr=16"
0058,SENSOR,1,UNIFIED,"t=226 [HELLO_TX] bat=100% nbr=16"
0058,SENSOR,1,UNIFIED,"t=236 [HELLO_TX] bat=100% nbr=16"
0058,SENSOR,1,UNIFIED,"t=242 [HELLO_TX] bat=100% nbr=16"
0058,SENSOR,1,UNIFIED,"t=246 [HELLO_TX] bat=100% nbr=16"
0059,SENSOR,1,UNIFIED,"t=4 [HELLO_RX] NEW AA03 tier=2(CH) verified=0 rssi=6.3"
0059,SENSOR,1,UNIFIED,"t=5 [HELLO_RX] NEW 0042 tier=1(UNK) verified=0 rssi=0.6"
0059,SENSOR,1,UNIFIED,"t=6 [HELLO_RX] NEW 0005 tier=1(UNK) verified=0 rssi=1.3"
0059,SENSOR,1,UNIFIED,"t=7 [HELLO_RX] NEW AA0C tier=2(CH) verified=0 rssi=2.8"
0059,SENSOR,1,UNIFIED,"t=9 [HELLO_RX] NEW 0047 tier=1(UNK) verified=0 rssi=1.2"
0059,SENSOR,1,UNIFIED,"t=10 [HELLO_TX] bat=100% nbr=5"
0059,SENSOR,1,UNIFIED,"t=11 [HELLO_RX] NEW 0020 tier=1(UNK) verified=0 rssi=0.6"
0059,SENSOR,1,UNIFIED,"t=13 [HELLO_RX] NEW 003F tier=1(UNK) verified=0 rssi=1.4"
0059,SENSOR,1,UNIFIED,"t=14 [HELLO_RX] NEW 005A tier=1(UNK) verified=0 rssi=1.9"
0059,SENSOR,1,UNIFIED,"t=18 [HELLO_TX] bat=100% nbr=8"
0059,SENSOR,1,UNIFIED,"t=20 [HELLO_RX] NEW 0060 tier=1(UNK) verified=0 rssi=0.5"
0059,SENSOR,1,UNIFIED,"t=24 [HELLO_TX] bat=100% nbr=9"
0059,SENSOR,1,UNIFIED,"t=24 [HELLO_RX] NEW 0010 tier=1(UNK) verified=0 rssi=0.9"
0059,SENSOR,1,UNIFIED,"t=26 [HELLO_RX] NEW 0026 tier=1(UNK) verified=0 rssi=0.2"
0059,SENSOR,1,UNIFIED,"t=27 [HELLO_RX] NEW 0041 tier=1(UNK) verified=0 rssi=1.7"
0059,SENSOR,1,UNIFIED,"t=28 [HELLO_RX] NEW FF04 tier=3(GWN) verified=0 rssi=0.2"
0059,SENSOR,1,UNIFIED,"t=33 [HELLO_RX] NEW AA0B tier=2(CH) verified=0 rssi=0.6"
0059,SENSOR,1,UNIFIED,"t=34 [HELLO_TX] bat=100% nbr=14"
0059,SENSOR,1,UNIFIED,"t=39 [HELLO_TX] bat=100% nbr=14"
0059,SENSOR,1,UNIFIED,"t=46 [HELLO_TX] bat=100% nbr=14"
0059,SENSOR,1,UNIFIED,"t=50 [HELLO_RX] NEW FF03 tier=3(GWN) verified=0 rssi=0.2"
0059,SENSOR,1,UNIFIED,"t=53 [HELLO_TX] bat=100% nbr=15"
0059,SENSOR,1,UNIFIED,"t=55 [HELLO_RX] NEW FF02 tier=3(GWN) verified=0 rssi=0.3"
0059,SENSOR,1,UNIFIED,"t=60 [HELLO_RX] NEW 0004 tier=1(UNK) verified=0 rssi=0.2"
0059,SENSOR,1,UNIFIED,"t=63 [HELLO_TX] bat=100% nbr=17"
0059,SENSOR,1,UNIFIED,"t=67 [HELLO_TX] bat=100% nbr=17"
0059,SENSOR,1,UNIFIED,"t=70 [HELLO_RX] NEW 0021 tier=1(UNK) verified=0 rssi=0.8"
0059,SENSOR,1,UNIFIED,"t=73 [HELLO_TX] bat=100% nbr=18"
0059,SENSOR,1,UNIFIED,"t=80 [HELLO_TX] bat=100% nbr=18"
0059,SENSOR,1,UNIFIED,"t=87 [HELLO_RX] NEW FF09 tier=3(GWN) verified=0 rssi=0.1"
0059,SENSOR,1,UNIFIED,"t=88 [HELLO_TX] bat=100% nbr=19"
0059,SENSOR,1,UNIFIED,"t=89 [HELLO_RX] NEW 003E tier=1(UNK) verified=0 rssi=0.2"
0059,SENSOR,1,UNIFIED,"t=93 [HELLO_RX] NEW AA05 tier=2(CH) verified=0 rssi=0.5"
0059,SENSOR,1,UNIFIED,"t=95 [HELLO_TX] bat=100% nbr=21"
0059,SENSOR,1,UNIFIED,"t=103 [HELLO_TX] bat=100% nbr=21"
0059,SENSOR,1,UNIFIED,"t=112 [HELLO_TX] bat=100% nbr=21"
0059,SENSOR,1,UNIFIED,"t=118 [HELLO_TX] bat=100% nbr=21"
0059,SENSOR,1,UNIFIED,"t=122 [HELLO_TX] bat=100% nbr=21"
0059,SENSOR,1,UNIFIED,"t=131 [HELLO_TX] bat=100% nbr=21"
0059,SENSOR,1,UNIFIED,"t=141 [HELLO_TX] bat=100% nbr=21"
0059,SENSOR,1,UNIFIED,"t=148 [HELLO_TX] bat=100% nbr=21"
0059,SENSOR,1,UNIFIED,"t=158 [HELLO_TX] bat=100% nbr=21"
0059,SENSOR,1,UNIFIED,"t=166 [HELLO_TX] bat=100% nbr=21"
0059,SENSOR,1,UNIFIED,"t=176 [HELLO_TX] bat=100% nbr=21"
0059,SENSOR,1,UNIFIED,"t=181 [HELLO_TX] bat=100% nbr=21"
0059,SENSOR,1,UNIFIED,"t=186 [HELLO_TX] bat=100% nbr=21"
0059,SENSOR,1,UNIFIED,"t=190 [HELLO_TX] bat=100% nbr=21"
0059,SENSOR,1,UNIFIED,"t=200 [HELLO_TX] bat=100% nbr=21"
0059,SENSOR,1,UNIFIED,"t=206 [HELLO_TX] bat=100% nbr=21"
0059,SENSOR,1,UNIFIED,"t=210 [HELLO_TX] bat=100% nbr=21"
0059,SENSOR,1,UNIFIED,"t=214 [HELLO_TX] bat=100% nbr=21"
0059,SENSOR,1,UNIFIED,"t=221 [HELLO_TX] bat=100% nbr=21"
0059,SENSOR,1,UNIFIED,"t=231 [HELLO_TX] bat=100% nbr=21"
0059,SENSOR,1,UNIFIED,"t=237 [HELLO_TX] bat=100% nbr=21"
0059,SENSOR,1,UNIFIED,"t=244 [HELLO_TX] bat=100% nbr=21"
005A,SENSOR,1,UNIFIED,"t=4 [HELLO_RX] NEW 005E tier=1(UNK) verified=0 rssi=0.4"
005A,SENSOR,1,UNIFIED,"t=5 [HELLO_RX] NEW 0042 tier=1(UNK) verified=0 rssi=5.2"
005A,SENSOR,1,UNIFIED,"t=7 [HELLO_RX] NEW 003F tier=1(UNK) verified=0 rssi=238.8"
005A,SENSOR,1,UNIFIED,"t=8 [HELLO_TX] bat=100% nbr=3"
005A,SENSOR,1,UNIFIED,"t=8 [HELLO_RX] NEW AA03 tier=2(CH) verified=0 rssi=1.1"
005A,SENSOR,1,UNIFIED,"t=9 [HELLO_RX] NEW 0047 tier=1(UNK) verified=0 rssi=22.3"
005A,SENSOR,1,UNIFIED,"t=10 [HELLO_RX] NEW 0059 tier=1(UNK) verified=0 rssi=1.9"
005A,SENSOR,1,UNIFIED,"t=14 [HELLO_TX] bat=100% nbr=6"
005A,SENSOR,1,UNIFIED,"t=15 [HELLO_RX] NEW 0017 tier=1(UNK) verified=0 rssi=0.3"
005A,SENSOR,1,UNIFIED,"t=17 [HELLO_RX] NEW 0020 tier=1(UNK) verified=0 rssi=1.4"
005A,SENSOR,1,UNIFIED,"t=21 [HELLO_RX] NEW 0021 tier=1(UNK) verified=0 rssi=0.2"
005A,SENSOR,1,UNIFIED,"t=23 [HELLO_TX] bat=100% nbr=9"
005A,SENSOR,1,UNIFIED,"t=25 [HELLO_RX] NEW AA0B tier=2(CH) verified=0 rssi=0.3"
005A,SENSOR,1,UNIFIED,"t=26 [HELLO_RX] NEW 0060 tier=1(UNK) verified=0 rssi=0.2"
005A,SENSOR,1,UNIFIED,"t=27 [HELLO_RX] NEW 0041 tier=1(UNK) verified=0 rssi=1.5"
005A,SENSOR,1,UNIFIED,"t=31 [HELLO_TX] bat=100% nbr=12"
005A,SENSOR,1,UNIFIED,"t=31 [HELLO_RX] NEW 0004 tier=1(UNK) verified=0 rssi=0.5"
005A,SENSOR,1,UNIFIED,"t=35 [HELLO_RX] NEW 005D tier=1(UNK) verified=0 rssi=0.2"
005A,SENSOR,1,UNIFIED,"t=40 [HELLO_TX] bat=100% nbr=14"
005A,SENSOR,1,UNIFIED,"t=48 [HELLO_TX] bat=100% nbr=14"
005A,SENSOR,1,UNIFIED,"t=54 [HELLO_TX] bat=100% nbr=14"
005A,SENSOR,1,UNIFIED,"t=59 [HELLO_RX] NEW AA0C tier=2(CH) verified=0 rssi=0.9"
005A,SENSOR,1,UNIFIED,"t=62 [HELLO_TX] bat=100% nbr=15"
005A,SENSOR,1,UNIFIED,"t=67 [HELLO_TX] bat=100% nbr=15"
005A,SENSOR,1,UNIFIED,"t=71 [HELLO_TX] bat=100% nbr=15"
005A,SENSOR,1,UNIFIED,"t=79 [HELLO_TX] bat=100% nbr=15"
005A,SENSOR,1,UNIFIED,"t=84 [HELLO_TX] bat=100% nbr=15"
005A,SENSOR,1,UNIFIED,"t=93 [HELLO_RX] NEW AA05 tier=2(CH) verified=0 rssi=0.3"
005A,SENSOR,1,UNIFIED,"t=94 [HELLO_TX] bat=100% nbr=16"
005A,SENSOR,1,UNIFIED,"t=100 [HELLO_RX] NEW 0005 tier=1(UNK) verified=0 rssi=0.3"
005A,SENSOR,1,UNIFIED,"t=103 [HELLO_RX] NEW 0010 tier=1(UNK) verified=0 rssi=0.4"
005A,SENSOR,1,UNIFIED,"t=104 [HELLO_TX] bat=100% nbr=18"
005A,SENSOR,1,UNIFIED,"t=108 [HELLO_TX] bat=100% nbr=18"
005A,SENSOR,1,UNIFIED,"t=112 [HELLO_TX] bat=100% nbr=18"
005A,SENSOR,1,UNIFIED,"t=121 [HELLO_TX] bat=100% nbr=18"
005A,SENSOR,1,UNIFIED,"t=129 [HELLO_TX] bat=100% nbr=18"
005A,SENSOR,1,UNIFIED,"t=130 [HELLO_RX] NEW 003E tier=1(UNK) verified=0 rssi=0.2"
005A,SENSOR,1,UNIFIED,"t=138 [HELLO_TX] bat=100% nbr=19"
005A,SENSOR,1,UNIFIED,"t=142 [HELLO_TX] bat=100% nbr=19"
005A,SENSOR,1,UNIFIED,"t=146 [HELLO_TX] bat=100% nbr=19"
005A,SENSOR,1,UNIFIED,"t=154 [HELLO_TX] bat=100% nbr=19"
005A,SENSOR,1,UNIFIED,"t=161 [HELLO_TX] bat=100% nbr=19"
005A,SENSOR,1,UNIFIED,"t=169 [HELLO_TX] bat=100% nbr=19"
005A,SENSOR,1,UNIFIED,"t=173 [HELLO_TX] bat=100% nbr=19"
005A,SENSOR,1,UNIFIED,"t=182 [HELLO_TX] bat=100% nbr=19"
005A,SENSOR,1,UNIFIED,"t=190 [HELLO_TX] bat=100% nbr=19"
005A,SENSOR,1,UNIFIED,"t=200 [HELLO_TX] bat=100% nbr=19"
005A,SENSOR,1,UNIFIED,"t=210 [HELLO_TX] bat=100% nbr=19"
005A,SENSOR,1,UNIFIED,"t=220 [HELLO_TX] bat=100% nbr=19"
005A,SENSOR,1,UNIFIED,"t=229 [HELLO_TX] bat=100% nbr=19"
005A,SENSOR,1,UNIFIED,"t=239 [HELLO_TX] bat=100% nbr=19"
005A,SENSOR,1,UNIFIED,"t=245 [HELLO_TX] bat=100% nbr=19"
005B,SENSOR,1,UNIFIED,"t=5 [HELLO_TX] bat=100% nbr=0"
005B,SENSOR,1,UNIFIED,"t=5 [HELLO_RX] NEW FF01 tier=3(GWN) verified=0 rssi=4.6"
005B,SENSOR,1,UNIFIED,"t=7 [HELLO_RX] NEW 003B tier=1(UNK) verified=0 rssi=8.7"
005B,SENSOR,1,UNIFIED,"t=9 [HELLO_RX] NEW 005C tier=1(UNK) verified=0 rssi=1.0"
005B,SENSOR,1,UNIFIED,"t=10 [HELLO_RX] NEW FF0B tier=3(GWN) verified=0 rssi=1.1"
005B,SENSOR,1,UNIFIED,"t=11 [HELLO_TX] bat=100% nbr=4"
005B,SENSOR,1,UNIFIED,"t=13 [HELLO_RX] NEW 003A tier=1(UNK) verified=0 rssi=3.0"
005B,SENSOR,1,UNIFIED,"t=14 [HELLO_RX] NEW 003D tier=1(UNK) verified=0 rssi=0.2"
005B,SENSOR,1,UNIFIED,"t=15 [HELLO_TX] bat=100% nbr=6"
005B,SENSOR,1,UNIFIED,"t=19 [HELLO_RX] NEW 001B tier=1(UNK) verified=0 rssi=0.9"
005B,SENSOR,1,UNIFIED,"t=20 [HELLO_TX] bat=100% nbr=7"
005B,SENSOR,1,UNIFIED,"t=21 [HELLO_RX] NEW 004F tier=1(UNK) verified=0 rssi=0.5"
005B,SENSOR,1,UNIFIED,"t=30 [HELLO_TX] bat=100% nbr=8"
005B,SENSOR,1,UNIFIED,"t=35 [HELLO_TX] bat=100% nbr=8"
005B,SENSOR,1,UNIFIED,"t=39 [HELLO_TX] bat=100% nbr=8"
005B,SENSOR,1,UNIFIED,"t=40 [HELLO_RX] NEW 0022 tier=1(UNK) verified=0 rssi=0.2"
005B,SENSOR,1,UNIFIED,"t=47 [HELLO_TX] bat=100% nbr=9"
005B,SENSOR,1,UNIFIED,"t=51 [HELLO_TX] bat=100% nbr=9"
005B,SENSOR,1,UNIFIED,"t=52 [HELLO_RX] NEW FF05 tier=3(GWN) verified=1 rssi=0.2"
005B,SENSOR,1,UNIFIED,"t=54 [HELLO_RX] NEW 000B tier=1(UNK) verified=0 rssi=0.3"
005B,SENSOR,1,UNIFIED,"t=61 [HELLO_TX] bat=100% nbr=11"
005B,SENSOR,1,UNIFIED,"t=63 [HELLO_RX] NEW 0051 tier=1(UNK) verified=0 rssi=0.2"
005B,SENSOR,1,UNIFIED,"t=70 [HELLO_TX] bat=100% nbr=12"
005B,SENSOR,1,UNIFIED,"t=73 [HELLO_RX] NEW FF0C tier=3(GWN) verified=1 rssi=0.4"
005B,SENSOR,1,UNIFIED,"t=77 [HELLO_TX] bat=100% nbr=13"
005B,SENSOR,1,UNIFIED,"t=83 [HELLO_TX] bat=100% nbr=13"
005B,SENSOR,1,UNIFIED,"t=90 [HELLO_TX] bat=100% nbr=13"
005B,SENSOR,1,UNIFIED,"t=98 [HELLO_TX] bat=100% nbr=13"
005B,SENSOR,1,UNIFIED,"t=108 [HELLO_TX] bat=100% nbr=13"
005B,SENSOR,1,UNIFIED,"t=118 [HELLO_TX] bat=100% nbr=13"
005B,SENSOR,1,UNIFIED,"t=122 [HELLO_RX] NEW AA02 tier=2(CH) verified=0 rssi=0.2"
005B,SENSOR,1,UNIFIED,"t=125 [HELLO_TX] bat=100% nbr=14"
005B,SENSOR,1,UNIFIED,"t=130 [HELLO_TX] bat=100% nbr=14"
005B,SENSOR,1,UNIFIED,"t=135 [HELLO_TX] bat=100% nbr=14"
005B,SENSOR,1,UNIFIED,"t=145 [HELLO_TX] bat=100% nbr=14"
005B,SENSOR,1,UNIFIED,"t=149 [HELLO_TX] bat=100% nbr=14"
005B,SENSOR,1,UNIFIED,"t=159 [HELLO_TX] bat=100% nbr=14"
005B,SENSOR,1,UNIFIED,"t=163 [HELLO_TX] bat=100% nbr=14"
005B,SENSOR,1,UNIFIED,"t=170 [HELLO_TX] bat=100% nbr=14"
005B,SENSOR,1,UNIFIED,"t=175 [HELLO_TX] bat=100% nbr=14"
005B,SENSOR,1,UNIFIED,"t=179 [HELLO_TX] bat=100% nbr=14"
005B,SENSOR,1,UNIFIED,"t=183 [HELLO_TX] bat=100% nbr=14"
005B,SENSOR,1,UNIFIED,"t=189 [HELLO_TX] bat=100% nbr=14"
005B,SENSOR,1,UNIFIED,"t=189 [HELLO_RX] NEW AA08 tier=2(CH) verified=0 rssi=0.3"
005B,SENSOR,1,UNIFIED,"t=194 [HELLO_TX] bat=100% nbr=15"
005B,SENSOR,1,UNIFIED,"t=198 [HELLO_TX] bat=100% nbr=15"
005B,SENSOR,1,UNIFIED,"t=207 [HELLO_TX] bat=100% nbr=15"
005B,SENSOR,1,UNIFIED,"t=212 [HELLO_TX] bat=100% nbr=15"
005B,SENSOR,1,UNIFIED,"t=219 [HELLO_TX] bat=100% nbr=15"
005B,SENSOR,1,UNIFIED,"t=225 [HELLO_TX] bat=100% nbr=15"
005B,SENSOR,1,UNIFIED,"t=229 [HELLO_TX] bat=100% nbr=15"
005B,SENSOR,1,UNIFIED,"t=234 [HELLO_TX] bat=100% nbr=15"
005B,SENSOR,1,UNIFIED,"t=239 [HELLO_TX] bat=100% nbr=15"
005B,SENSOR,1,UNIFIED,"t=247 [HELLO_TX] bat=100% nbr=15"
005C,SENSOR,1,UNIFIED,"t=5 [HELLO_RX] NEW 003A tier=1(UNK) verified=0 rssi=4.0"
005C,SENSOR,1,UNIFIED,"t=7 [HELLO_RX] NEW 004F tier=1(UNK) verified=0 rssi=0.7"
005C,SENSOR,1,UNIFIED,"t=9 [HELLO_TX] bat=100% nbr=2"
005C,SENSOR,1,UNIFIED,"t=9 [HELLO_RX] NEW AA02 tier=2(CH) verified=0 rssi=0.6"
005C,SENSOR,1,UNIFIED,"t=10 [HELLO_RX] NEW 001B tier=1(UNK) verified=0 rssi=5.0"
005C,SENSOR,1,UNIFIED,"t=11 [HELLO_RX] NEW 003B tier=1(UNK) verified=0 rssi=0.4"
005C,SENSOR,1,UNIFIED,"t=12 [HELLO_RX] NEW FF01 tier=3(GWN) verified=0 rssi=3.2"
005C,SENSOR,1,UNIFIED,"t=14 [HELLO_RX] NEW 0035 tier=1(UNK) verified=0 rssi=0.3"
005C,SENSOR,1,UNIFIED,"t=15 [HELLO_RX] NEW 005B tier=1(UNK) verified=0 rssi=1.0"
005C,SENSOR,1,UNIFIED,"t=16 [HELLO_TX] bat=100% nbr=8"
005C,SENSOR,1,UNIFIED,"t=20 [HELLO_TX] bat=100% nbr=8"
005C,SENSOR,1,UNIFIED,"t=20 [HELLO_RX] NEW 0013 tier=1(UNK) verified=0 rssi=0.4"
005C,SENSOR,1,UNIFIED,"t=24 [HELLO_TX] bat=100% nbr=9"
005C,SENSOR,1,UNIFIED,"t=24 [HELLO_RX] NEW FF0B tier=3(GWN) verified=0 rssi=0.5"
005C,SENSOR,1,UNIFIED,"t=27 [HELLO_RX] NEW AA08 tier=2(CH) verified=0 rssi=0.4"
005C,SENSOR,1,UNIFIED,"t=29 [HELLO_TX] bat=100% nbr=11"
005C,SENSOR,1,UNIFIED,"t=33 [HELLO_TX] bat=100% nbr=11"
005C,SENSOR,1,UNIFIED,"t=42 [HELLO_TX] bat=100% nbr=11"
005C,SENSOR,1,UNIFIED,"t=50 [HELLO_RX] NEW 0023 tier=1(UNK) verified=0 rssi=0.2"
005C,SENSOR,1,UNIFIED,"t=51 [HELLO_TX] bat=100% nbr=12"
005C,SENSOR,1,UNIFIED,"t=56 [HELLO_RX] NEW 0036 tier=1(UNK) verified=0 rssi=0.2"
005C,SENSOR,1,UNIFIED,"t=57 [HELLO_TX] bat=100% nbr=13"
005C,SENSOR,1,UNIFIED,"t=65 [HELLO_RX] NEW 000B tier=1(UNK) verified=0 rssi=0.3"
005C,SENSOR,1,UNIFIED,"t=67 [HELLO_TX] bat=100% nbr=14"
005C,SENSOR,1,UNIFIED,"t=68 [HELLO_RX] NEW FF0C tier=3(GWN) verified=1 rssi=0.3"
005C,SENSOR,1,UNIFIED,"t=74 [HELLO_TX] bat=100% nbr=15"
005C,SENSOR,1,UNIFIED,"t=79 [HELLO_TX] bat=100% nbr=15"
005C,SENSOR,1,UNIFIED,"t=87 [HELLO_TX] bat=100% nbr=15"
005C,SENSOR,1,UNIFIED,"t=97 [HELLO_TX] bat=100% nbr=15"
005C,SENSOR,1,UNIFIED,"t=103 [HELLO_TX] bat=100% nbr=15"
005C,SENSOR,1,UNIFIED,"t=107 [HELLO_TX] bat=100% nbr=15"
005C,SENSOR,1,UNIFIED,"t=114 [HELLO_TX] bat=100% nbr=15"
005C,SENSOR,1,UNIFIED,"t=122 [HELLO_TX] bat=100% nbr=15"
005C,SENSOR,1,UNIFIED,"t=130 [HELLO_TX] bat=100% nbr=15"
005C,SENSOR,1,UNIFIED,"t=140 [HELLO_TX] bat=100% nbr=15"
005C,SENSOR,1,UNIFIED,"t=146 [HELLO_TX] bat=100% nbr=15"
005C,SENSOR,1,UNIFIED,"t=151 [HELLO_TX] bat=100% nbr=15"
005C,SENSOR,1,UNIFIED,"t=157 [HELLO_TX] bat=100% nbr=15"
005C,SENSOR,1,UNIFIED,"t=163 [HELLO_TX] bat=100% nbr=15"
005C,SENSOR,1,UNIFIED,"t=172 [HELLO_TX] bat=100% nbr=15"
005C,SENSOR,1,UNIFIED,"t=178 [HELLO_TX] bat=100% nbr=15"
005C,SENSOR,1,UNIFIED,"t=182 [HELLO_TX] bat=100% nbr=15"
005C,SENSOR,1,UNIFIED,"t=191 [HELLO_TX] bat=100% nbr=15"
005C,SENSOR,1,UNIFIED,"t=200 [HELLO_TX] bat=100% nbr=15"
005C,SENSOR,1,UNIFIED,"t=205 [HELLO_TX] bat=100% nbr=15"
005C,SENSOR,1,UNIFIED,"t=214 [HELLO_TX] bat=100% nbr=15"
005C,SENSOR,1,UNIFIED,"t=219 [HELLO_TX] bat=100% nbr=15"
005C,SENSOR,1,UNIFIED,"t=226 [HELLO_TX] bat=100% nbr=15"
005C,SENSOR,1,UNIFIED,"t=232 [HELLO_TX] bat=100% nbr=15"
005C,SENSOR,1,UNIFIED,"t=240 [HELLO_TX] bat=100% nbr=15"
005C,SENSOR,1,UNIFIED,"t=244 [HELLO_TX] bat=100% nbr=15"
005D,SENSOR,1,UNIFIED,"t=4 [HELLO_RX] NEW 005E tier=1(UNK) verified=0 rssi=1.1"
005D,SENSOR,1,UNIFIED,"t=5 [HELLO_RX] NEW 0033 tier=1(UNK) verified=0 rssi=1.7"
005D,SENSOR,1,UNIFIED,"t=6 [HELLO_RX] NEW 0029 tier=1(UNK) verified=0 rssi=1.1"
005D,SENSOR,1,UNIFIED,"t=7 [HELLO_RX] NEW 0044 tier=1(UNK) verified=0 rssi=1.7"
005D,SENSOR,1,UNIFIED,"t=8 [HELLO_RX] NEW 005A tier=1(UNK) verified=0 rssi=0.2"
005D,SENSOR,1,UNIFIED,"t=9 [HELLO_TX] bat=100% nbr=5"
005D,SENSOR,1,UNIFIED,"t=14 [HELLO_TX] bat=100% nbr=5"
005D,SENSOR,1,UNIFIED,"t=14 [HELLO_RX] NEW 0042 tier=1(UNK) verified=0 rssi=0.4"
005D,SENSOR,1,UNIFIED,"t=19 [HELLO_TX] bat=100% nbr=6"
005D,SENSOR,1,UNIFIED,"t=22 [HELLO_RX] NEW 003F tier=1(UNK) verified=0 rssi=0.2"
005D,SENSOR,1,UNIFIED,"t=23 [HELLO_TX] bat=100% nbr=7"
005D,SENSOR,1,UNIFIED,"t=23 [HELLO_RX] NEW 0047 tier=1(UNK) verified=0 rssi=0.2"
005D,SENSOR,1,UNIFIED,"t=27 [HELLO_RX] NEW 0004 tier=1(UNK) verified=0 rssi=0.8"
005D,SENSOR,1,UNIFIED,"t=28 [HELLO_TX] bat=100% nbr=9"
005D,SENSOR,1,UNIFIED,"t=35 [HELLO_TX] bat=100% nbr=9"
005D,SENSOR,1,UNIFIED,"t=45 [HELLO_TX] bat=100% nbr=9"
005D,SENSOR,1,UNIFIED,"t=52 [HELLO_TX] bat=100% nbr=9"
005D,SENSOR,1,UNIFIED,"t=55 [HELLO_RX] NEW FF06 tier=3(GWN) verified=0 rssi=0.1"
005D,SENSOR,1,UNIFIED,"t=56 [HELLO_TX] bat=100% nbr=10"
005D,SENSOR,1,UNIFIED,"t=56 [HELLO_RX] NEW 0020 tier=1(UNK) verified=0 rssi=0.2"
005D,SENSOR,1,UNIFIED,"t=61 [HELLO_TX] bat=100% nbr=11"
005D,SENSOR,1,UNIFIED,"t=69 [HELLO_TX] bat=100% nbr=11"
005D,SENSOR,1,UNIFIED,"t=77 [HELLO_TX] bat=100% nbr=11"
005D,SENSOR,1,UNIFIED,"t=81 [HELLO_TX] bat=100% nbr=11"
005D,SENSOR,1,UNIFIED,"t=89 [HELLO_TX] bat=100% nbr=11"
005D,SENSOR,1,UNIFIED,"t=93 [HELLO_RX] NEW FF09 tier=3(GWN) verified=1 rssi=0.1"
005D,SENSOR,1,UNIFIED,"t=97 [HELLO_TX] bat=100% nbr=12"
005D,SENSOR,1,UNIFIED,"t=103 [HELLO_RX] NEW 0028 tier=1(UNK) verified=0 rssi=0.3"
005D,SENSOR,1,UNIFIED,"t=104 [HELLO_TX] bat=100% nbr=13"
005D,SENSOR,1,UNIFIED,"t=114 [HELLO_TX] bat=100% nbr=13"
005D,SENSOR,1,UNIFIED,"t=122 [HELLO_TX] bat=100% nbr=13"
005D,SENSOR,1,UNIFIED,"t=125 [HELLO_RX] NEW FF01 tier=3(GWN) verified=1 rssi=0.1"
005D,SENSOR,1,UNIFIED,"t=130 [HELLO_TX] bat=100% nbr=14"
005D,SENSOR,1,UNIFIED,"t=134 [HELLO_TX] bat=100% nbr=14"
005D,SENSOR,1,UNIFIED,"t=141 [HELLO_TX] bat=100% nbr=14"
005D,SENSOR,1,UNIFIED,"t=148 [HELLO_TX] bat=100% nbr=14"
005D,SENSOR,1,UNIFIED,"t=152 [HELLO_TX] bat=100% nbr=14"
005D,SENSOR,1,UNIFIED,"t=153 [HELLO_RX] NEW 0017 tier=1(UNK) verified=0 rssi=0.2"
005D,SENSOR,1,UNIFIED,"t=161 [HELLO_TX] bat=100% nbr=15"
005D,SENSOR,1,UNIFIED,"t=171 [HELLO_TX] bat=100% nbr=15"
005D,SENSOR,1,UNIFIED,"t=178 [HELLO_TX] bat=100% nbr=15"
005D,SENSOR,1,UNIFIED,"t=186 [HELLO_TX] bat=100% nbr=15"
005D,SENSOR,1,UNIFIED,"t=193 [HELLO_TX] bat=100% nbr=15"
005D,SENSOR,1,UNIFIED,"t=202 [HELLO_TX] bat=100% nbr=15"
005D,SENSOR,1,UNIFIED,"t=210 [HELLO_TX] bat=100% nbr=15"
005D,SENSOR,1,UNIFIED,"t=215 [HELLO_TX] bat=100% nbr=15"
005D,SENSOR,1,UNIFIED,"t=220 [HELLO_TX] bat=100% nbr=15"
005D,SENSOR,1,UNIFIED,"t=227 [HELLO_TX] bat=100% nbr=15"
005D,SENSOR,1,UNIFIED,"t=237 [HELLO_TX] bat=100% nbr=15"
005D,SENSOR,1,UNIFIED,"t=241 [HELLO_TX] bat=100% nbr=15"
005E,SENSOR,1,UNIFIED,"t=4 [HELLO_TX] bat=100% nbr=0"
005E,SENSOR,1,UNIFIED,"t=5 [HELLO_RX] NEW 0042 tier=1(UNK) verified=0 rssi=1.1"
005E,SENSOR,1,UNIFIED,"t=6 [HELLO_RX] NEW 0029 tier=1(UNK) verified=0 rssi=1.8"
005E,SENSOR,1,UNIFIED,"t=7 [HELLO_RX] NEW 0004 tier=1(UNK) verified=0 rssi=42.1"
005E,SENSOR,1,UNIFIED,"t=8 [HELLO_RX] NEW 005A tier=1(UNK) verified=0 rssi=0.4"
005E,SENSOR,1,UNIFIED,"t=9 [HELLO_TX] bat=100% nbr=4"
005E,SENSOR,1,UNIFIED,"t=9 [HELLO_RX] NEW 005D tier=1(UNK) verified=0 rssi=1.1"
005E,SENSOR,1,UNIFIED,"t=11 [HELLO_RX] NEW 0020 tier=1(UNK) verified=0 rssi=0.8"
005E,SENSOR,1,UNIFIED,"t=13 [HELLO_TX] bat=100% nbr=6"
005E,SENSOR,1,UNIFIED,"t=13 [HELLO_RX] NEW 0028 tier=1(UNK) verified=0 rssi=0.7"
005E,SENSOR,1,UNIFIED,"t=15 [HELLO_RX] NEW 0033 tier=1(UNK) verified=0 rssi=0.3"
005E,SENSOR,1,UNIFIED,"t=18 [HELLO_RX] NEW 0047 tier=1(UNK) verified=0 rssi=0.6"
005E,SENSOR,1,UNIFIED,"t=20 [HELLO_TX] bat=100% nbr=9"
005E,SENSOR,1,UNIFIED,"t=28 [HELLO_TX] bat=100% nbr=9"
005E,SENSOR,1,UNIFIED,"t=29 [HELLO_RX] NEW 003F tier=1(UNK) verified=0 rssi=0.5"
005E,SENSOR,1,UNIFIED,"t=36 [HELLO_TX] bat=100% nbr=10"
005E,SENSOR,1,UNIFIED,"t=41 [HELLO_RX] NEW 0044 tier=1(UNK) verified=0 rssi=0.3"
005E,SENSOR,1,UNIFIED,"t=45 [HELLO_TX] bat=100% nbr=11"
005E,SENSOR,1,UNIFIED,"t=49 [HELLO_TX] bat=100% nbr=11"
005E,SENSOR,1,UNIFIED,"t=53 [HELLO_TX] bat=100% nbr=11"
005E,SENSOR,1,UNIFIED,"t=59 [HELLO_TX] bat=100% nbr=11"
005E,SENSOR,1,UNIFIED,"t=61 [HELLO_RX] NEW AA03 tier=2(CH) verified=0 rssi=0.2"
005E,SENSOR,1,UNIFIED,"t=62 [HELLO_RX] NEW FF02 tier=3(GWN) verified=0 rssi=0.1"
005E,SENSOR,1,UNIFIED,"t=69 [HELLO_TX] bat=100% nbr=13"
005E,SENSOR,1,UNIFIED,"t=72 [HELLO_RX] NEW 0063 tier=1(UNK) verified=0 rssi=0.2"
005E,SENSOR,1,UNIFIED,"t=79 [HELLO_TX] bat=100% nbr=14"
005E,SENSOR,1,UNIFIED,"t=89 [HELLO_TX] bat=100% nbr=14"
005E,SENSOR,1,UNIFIED,"t=99 [HELLO_TX] bat=100% nbr=14"
005E,SENSOR,1,UNIFIED,"t=100 [HELLO_RX] NEW FF06 tier=3(GWN) verified=1 rssi=0.1"
005E,SENSOR,1,UNIFIED,"t=107 [HELLO_TX] bat=100% nbr=15"
005E,SENSOR,1,UNIFIED,"t=111 [HELLO_TX] bat=100% nbr=15"
005E,SENSOR,1,UNIFIED,"t=116 [HELLO_TX] bat=100% nbr=15"
005E,SENSOR,1,UNIFIED,"t=120 [HELLO_TX] bat=100% nbr=15"
005E,SENSOR,1,UNIFIED,"t=126 [HELLO_TX] bat=100% nbr=15"
005E,SENSOR,1,UNIFIED,"t=130 [HELLO_TX] bat=100% nbr=15"
005E,SENSOR,1,UNIFIED,"t=131 [HELLO_RX] NEW AA0C tier=2(CH) verified=0 rssi=0.2"
005E,SENSOR,1,UNIFIED,"t=137 [HELLO_TX] bat=100% nbr=16"
005E,SENSOR,1,UNIFIED,"t=144 [HELLO_TX] bat=100% nbr=16"
005E,SENSOR,1,UNIFIED,"t=148 [HELLO_TX] bat=100% nbr=16"
005E,SENSOR,1,UNIFIED,"t=154 [HELLO_TX] bat=100% nbr=16"
005E,SENSOR,1,UNIFIED,"t=164 [HELLO_TX] bat=100% nbr=16"
005E,SENSOR,1,UNIFIED,"t=171 [HELLO_TX] bat=100% nbr=16"
005E,SENSOR,1,UNIFIED,"t=179 [HELLO_TX] bat=100% nbr=16"
005E,SENSOR,1,UNIFIED,"t=189 [HELLO_TX] bat=100% nbr=16"
005E,SENSOR,1,UNIFIED,"t=196 [HELLO_TX] bat=100% nbr=16"
005E,SENSOR,1,UNIFIED,"t=204 [HELLO_TX] bat=100% nbr=16"
005E,SENSOR,1,UNIFIED,"t=209 [HELLO_TX] bat=100% nbr=16"
005E,SENSOR,1,UNIFIED,"t=217 [HELLO_RX] NEW FF03 tier=3(GWN) verified=1 rssi=0.1"
005E,SENSOR,1,UNIFIED,"t=218 [HELLO_TX] bat=100% nbr=17"
005E,SENSOR,1,UNIFIED,"t=228 [HELLO_TX] bat=100% nbr=17"
005E,SENSOR,1,UNIFIED,"t=235 [HELLO_TX] bat=100% nbr=17"
005E,SENSOR,1,UNIFIED,"t=239 [HELLO_TX] bat=100% nbr=17"
005E,SENSOR,1,UNIFIED,"t=245 [HELLO_TX] bat=100% nbr=17"
005F,SENSOR,1,UNIFIED,"t=4 [HELLO_RX] NEW 004B tier=1(UNK) verified=0 rssi=0.2"
005F,SENSOR,1,UNIFIED,"t=5 [HELLO_RX] NEW AA0A tier=2(CH) verified=0 rssi=0.4"
005F,SENSOR,1,UNIFIED,"t=6 [HELLO_TX] bat=100% nbr=2"
005F,SENSOR,1,UNIFIED,"t=6 [HELLO_RX] NEW 0049 tier=1(UNK) verified=0 rssi=1.0"
005F,SENSOR,1,UNIFIED,"t=8 [HELLO_RX] NEW 0055 tier=1(UNK) verified=0 rssi=3.1"
005F,SENSOR,1,UNIFIED,"t=9 [HELLO_RX] NEW 0050 tier=1(UNK) verified=0 rssi=1.7"
005F,SENSOR,1,UNIFIED,"t=10 [HELLO_RX] NEW FF0A tier=3(GWN) verified=0 rssi=0.8"
005F,SENSOR,1,UNIFIED,"t=11 [HELLO_RX] NEW AA06 tier=2(CH) verified=0 rssi=0.9"
005F,SENSOR,1,UNIFIED,"t=12 [HELLO_RX] NEW 0015 tier=1(UNK) verified=0 rssi=0.3"
005F,SENSOR,1,UNIFIED,"t=15 [HELLO_RX] NEW FF08 tier=3(GWN) verified=0 rssi=2.7"
005F,SENSOR,1,UNIFIED,"t=16 [HELLO_TX] bat=100% nbr=9"
005F,SENSOR,1,UNIFIED,"t=22 [HELLO_RX] NEW 0039 tier=1(UNK) verified=0 rssi=0.3"
005F,SENSOR,1,UNIFIED,"t=23 [HELLO_TX] bat=100% nbr=10"
005F,SENSOR,1,UNIFIED,"t=29 [HELLO_TX] bat=100% nbr=10"
005F,SENSOR,1,UNIFIED,"t=36 [HELLO_TX] bat=100% nbr=10"
005F,SENSOR,1,UNIFIED,"t=37 [HELLO_RX] NEW FF05 tier=3(GWN) verified=1 rssi=0.5"
005F,SENSOR,1,UNIFIED,"t=40 [HELLO_TX] bat=100% nbr=11"
005F,SENSOR,1,UNIFIED,"t=44 [HELLO_TX] bat=100% nbr=11"
005F,SENSOR,1,UNIFIED,"t=50 [HELLO_TX] bat=100% nbr=11"
005F,SENSOR,1,UNIFIED,"t=54 [HELLO_RX] NEW 003C tier=1(UNK) verified=0 rssi=0.2"
005F,SENSOR,1,UNIFIED,"t=59 [HELLO_TX] bat=100% nbr=12"
005F,SENSOR,1,UNIFIED,"t=66 [HELLO_TX] bat=100% nbr=12"
005F,SENSOR,1,UNIFIED,"t=70 [HELLO_TX] bat=100% nbr=12"
005F,SENSOR,1,UNIFIED,"t=75 [HELLO_TX] bat=100% nbr=12"
005F,SENSOR,1,UNIFIED,"t=83 [HELLO_TX] bat=100% nbr=12"
005F,SENSOR,1,UNIFIED,"t=88 [HELLO_RX] NEW FF0C tier=3(GWN) verified=1 rssi=0.2"
005F,SENSOR,1,UNIFIED,"t=93 [HELLO_TX] bat=100% nbr=13"
005F,SENSOR,1,UNIFIED,"t=101 [HELLO_TX] bat=100% nbr=13"
005F,SENSOR,1,UNIFIED,"t=106 [HELLO_TX] bat=100% nbr=13"
005F,SENSOR,1,UNIFIED,"t=115 [HELLO_TX] bat=100% nbr=13"
005F,SENSOR,1,UNIFIED,"t=120 [HELLO_TX] bat=100% nbr=13"
005F,SENSOR,1,UNIFIED,"t=127 [HELLO_TX] bat=100% nbr=13"
005F,SENSOR,1,UNIFIED,"t=129 [HELLO_RX] NEW 0032 tier=1(UNK) verified=0 rssi=0.4"
005F,SENSOR,1,UNIFIED,"t=133 [HELLO_TX] bat=100% nbr=14"
005F,SENSOR,1,UNIFIED,"t=137 [HELLO_TX] bat=100% nbr=14"
005F,SENSOR,1,UNIFIED,"t=144 [HELLO_TX] bat=100% nbr=14"
005F,SENSOR,1,UNIFIED,"t=150 [HELLO_RX] NEW FF01 tier=3(GWN) verified=1 rssi=0.1"
005F,SENSOR,1,UNIFIED,"t=151 [HELLO_TX] bat=100% nbr=15"
005F,SENSOR,1,UNIFIED,"t=159 [HELLO_TX] bat=100% nbr=15"
005F,SENSOR,1,UNIFIED,"t=166 [HELLO_TX] bat=100% nbr=15"
005F,SENSOR,1,UNIFIED,"t=172 [HELLO_TX] bat=100% nbr=15"
005F,SENSOR,1,UNIFIED,"t=178 [HELLO_TX] bat=100% nbr=15"
005F,SENSOR,1,UNIFIED,"t=188 [HELLO_TX] bat=100% nbr=15"
005F,SENSOR,1,UNIFIED,"t=197 [HELLO_TX] bat=100% nbr=15"
005F,SENSOR,1,UNIFIED,"t=205 [HELLO_TX] bat=100% nbr=15"
005F,SENSOR,1,UNIFIED,"t=213 [HELLO_TX] bat=100% nbr=15"
005F,SENSOR,1,UNIFIED,"t=220 [HELLO_TX] bat=100% nbr=15"
005F,SENSOR,1,UNIFIED,"t=227 [HELLO_TX] bat=100% nbr=15"
005F,SENSOR,1,UNIFIED,"t=232 [HELLO_TX] bat=100% nbr=15"
005F,SENSOR,1,UNIFIED,"t=240 [HELLO_TX] bat=100% nbr=15"
005F,SENSOR,1,UNIFIED,"t=246 [HELLO_TX] bat=100% nbr=15"
0060,SENSOR,1,UNIFIED,"t=4 [HELLO_RX] NEW AA03 tier=2(CH) verified=0 rssi=3.6"
0060,SENSOR,1,UNIFIED,"t=5 [HELLO_RX] NEW AA05 tier=2(CH) verified=0 rssi=0.3"
0060,SENSOR,1,UNIFIED,"t=7 [HELLO_RX] NEW AA0C tier=2(CH) verified=0 rssi=3.0"
0060,SENSOR,1,UNIFIED,"t=8 [HELLO_TX] bat=100% nbr=3"
0060,SENSOR,1,UNIFIED,"t=9 [HELLO_RX] NEW 0064 tier=1(UNK) verified=0 rssi=0.4"
0060,SENSOR,1,UNIFIED,"t=10 [HELLO_RX] NEW 0059 tier=1(UNK) verified=0 rssi=0.5"
0060,SENSOR,1,UNIFIED,"t=11 [HELLO_RX] NEW 0026 tier=1(UNK) verified=0 rssi=0.9"
0060,SENSOR,1,UNIFIED,"t=13 [HELLO_TX] bat=100% nbr=6"
0060,SENSOR,1,UNIFIED,"t=14 [HELLO_RX] NEW 0021 tier=1(UNK) verified=0 rssi=1.6"
0060,SENSOR,1,UNIFIED,"t=15 [HELLO_RX] NEW 0007 tier=1(UNK) verified=0 rssi=0.6"
0060,SENSOR,1,UNIFIED,"t=16 [HELLO_RX] NEW AA0B tier=2(CH) verified=0 rssi=1.2"
0060,SENSOR,1,UNIFIED,"t=20 [HELLO_TX] bat=100% nbr=9"
0060,SENSOR,1,UNIFIED,"t=23 [HELLO_RX] NEW 003E tier=1(UNK) verified=0 rssi=0.3"
0060,SENSOR,1,UNIFIED,"t=24 [HELLO_RX] NEW 0010 tier=1(UNK) verified=0 rssi=1.3"
0060,SENSOR,1,UNIFIED,"t=26 [HELLO_TX] bat=100% nbr=11"
0060,SENSOR,1,UNIFIED,"t=30 [HELLO_TX] bat=100% nbr=11"
0060,SENSOR,1,UNIFIED,"t=38 [HELLO_TX] bat=100% nbr=11"
0060,SENSOR,1,UNIFIED,"t=40 [HELLO_RX] NEW 0061 tier=1(UNK) verified=0 rssi=0.3"
0060,SENSOR,1,UNIFIED,"t=46 [HELLO_TX] bat=100% nbr=12"
0060,SENSOR,1,UNIFIED,"t=47 [HELLO_RX] NEW FF02 tier=3(GWN) verified=0 rssi=0.4"
0060,SENSOR,1,UNIFIED,"t=50 [HELLO_RX] NEW FF03 tier=3(GWN) verified=0 rssi=0.3"
0060,SENSOR,1,UNIFIED,"t=53 [HELLO_TX] bat=100% nbr=14"
0060,SENSOR,1,UNIFIED,"t=58 [HELLO_TX] bat=100% nbr=14"
0060,SENSOR,1,UNIFIED,"t=62 [HELLO_TX] bat=100% nbr=14"
0060,SENSOR,1,UNIFIED,"t=66 [HELLO_TX] bat=100% nbr=14"
0060,SENSOR,1,UNIFIED,"t=72 [HELLO_TX] bat=100% nbr=14"
0060,SENSOR,1,UNIFIED,"t=73 [HELLO_RX] NEW 0005 tier=1(UNK) verified=0 rssi=0.7"
0060,SENSOR,1,UNIFIED,"t=80 [HELLO_TX] bat=100% nbr=15"
0060,SENSOR,1,UNIFIED,"t=81 [HELLO_RX] NEW FF04 tier=3(GWN) verified=0 rssi=0.4"
0060,SENSOR,1,UNIFIED,"t=87 [HELLO_TX] bat=100% nbr=16"
0060,SENSOR,1,UNIFIED,"t=87 [HELLO_RX] NEW 0012 tier=1(UNK) verified=0 rssi=0.4"
0060,SENSOR,1,UNIFIED,"t=96 [HELLO_TX] bat=100% nbr=17"
0060,SENSOR,1,UNIFIED,"t=99 [HELLO_RX] NEW 0041 tier=1(UNK) verified=0 rssi=0.3"
0060,SENSOR,1,UNIFIED,"t=101 [HELLO_TX] bat=100% nbr=18"
0060,SENSOR,1,UNIFIED,"t=107 [HELLO_TX] bat=100% nbr=18"
0060,SENSOR,1,UNIFIED,"t=111 [HELLO_TX] bat=100% nbr=18"
0060,SENSOR,1,UNIFIED,"t=115 [HELLO_TX] bat=100% nbr=18"
0060,SENSOR,1,UNIFIED,"t=121 [HELLO_TX] bat=100% nbr=18"
0060,SENSOR,1,UNIFIED,"t=131 [HELLO_TX] bat=100% nbr=18"
0060,SENSOR,1,UNIFIED,"t=138 [HELLO_TX] bat=100% nbr=18"
0060,SENSOR,1,UNIFIED,"t=144 [HELLO_TX] bat=100% nbr=18"
0060,SENSOR,1,UNIFIED,"t=154 [HELLO_TX] bat=100% nbr=18"
0060,SENSOR,1,UNIFIED,"t=159 [HELLO_TX] bat=100% nbr=18"
0060,SENSOR,1,UNIFIED,"t=169 [HELLO_TX] bat=100% nbr=18"
0060,SENSOR,1,UNIFIED,"t=173 [HELLO_TX] bat=100% nbr=18"
0060,SENSOR,1,UNIFIED,"t=179 [HELLO_TX] bat=100% nbr=18"
0060,SENSOR,1,UNIFIED,"t=182 [HELLO_RX] NEW 005A tier=1(UNK) verified=0 rssi=0.2"
0060,SENSOR,1,UNIFIED,"t=184 [HELLO_TX] bat=100% nbr=19"
0060,SENSOR,1,UNIFIED,"t=188 [HELLO_TX] bat=100% nbr=19"
0060,SENSOR,1,UNIFIED,"t=193 [HELLO_TX] bat=100% nbr=19"
0060,SENSOR,1,UNIFIED,"t=198 [HELLO_TX] bat=100% nbr=19"
0060,SENSOR,1,UNIFIED,"t=206 [HELLO_TX] bat=100% nbr=19"
0060,SENSOR,1,UNIFIED,"t=210 [HELLO_TX] bat=100% nbr=19"
0060,SENSOR,1,UNIFIED,"t=214 [HELLO_TX] bat=100% nbr=19"
0060,SENSOR,1,UNIFIED,"t=224 [HELLO_TX] bat=100% nbr=19"
0060,SENSOR,1,UNIFIED,"t=232 [HELLO_TX] bat=100% nbr=19"
0060,SENSOR,1,UNIFIED,"t=236 [HELLO_TX] bat=100% nbr=19"
0060,SENSOR,1,UNIFIED,"t=244 [HELLO_TX] bat=100% nbr=19"
0061,SENSOR,1,UNIFIED,"t=4 [HELLO_RX] NEW 0026 tier=1(UNK) verified=0 rssi=2.1"
0061,SENSOR,1,UNIFIED,"t=5 [HELLO_RX] NEW FF04 tier=3(GWN) verified=0 rssi=3.9"
0061,SENSOR,1,UNIFIED,"t=6 [HELLO_RX] NEW FF03 tier=3(GWN) verified=0 rssi=1.6"
0061,SENSOR,1,UNIFIED,"t=7 [HELLO_RX] NEW AA0B tier=2(CH) verified=0 rssi=0.2"
0061,SENSOR,1,UNIFIED,"t=8 [HELLO_RX] NEW 001E tier=1(UNK) verified=0 rssi=2.8"
0061,SENSOR,1,UNIFIED,"t=9 [HELLO_RX] NEW 0064 tier=1(UNK) verified=0 rssi=4.3"
0061,SENSOR,1,UNIFIED,"t=10 [HELLO_TX] bat=100% nbr=6"
0061,SENSOR,1,UNIFIED,"t=10 [HELLO_RX] NEW FF02 tier=3(GWN) verified=0 rssi=1.8"
0061,SENSOR,1,UNIFIED,"t=14 [HELLO_RX] NEW AA0C tier=2(CH) verified=0 rssi=0.2"
0061,SENSOR,1,UNIFIED,"t=18 [HELLO_RX] NEW 0027 tier=1(UNK) verified=0 rssi=1.2"
0061,SENSOR,1,UNIFIED,"t=19 [HELLO_TX] bat=100% nbr=9"
0061,SENSOR,1,UNIFIED,"t=21 [HELLO_RX] NEW AA03 tier=2(CH) verified=0 rssi=0.3"
0061,SENSOR,1,UNIFIED,"t=26 [HELLO_RX] NEW 0060 tier=1(UNK) verified=0 rssi=0.3"
0061,SENSOR,1,UNIFIED,"t=28 [HELLO_TX] bat=100% nbr=11"
0061,SENSOR,1,UNIFIED,"t=35 [HELLO_TX] bat=100% nbr=11"
0061,SENSOR,1,UNIFIED,"t=40 [HELLO_TX] bat=100% nbr=11"
0061,SENSOR,1,UNIFIED,"t=45 [HELLO_RX] NEW 0012 tier=1(UNK) verified=0 rssi=0.8"
0061,SENSOR,1,UNIFIED,"t=49 [HELLO_TX] bat=100% nbr=12"
0061,SENSOR,1,UNIFIED,"t=53 [HELLO_TX] bat=100% nbr=12"
0061,SENSOR,1,UNIFIED,"t=53 [HELLO_RX] NEW 0021 tier=1(UNK) verified=0 rssi=0.4"
0061,SENSOR,1,UNIFIED,"t=61 [HELLO_TX] bat=100% nbr=13"
0061,SENSOR,1,UNIFIED,"t=66 [HELLO_RX] NEW 0008 tier=1(UNK) verified=0 rssi=0.5"
0061,SENSOR,1,UNIFIED,"t=69 [HELLO_TX] bat=100% nbr=14"
0061,SENSOR,1,UNIFIED,"t=76 [HELLO_TX] bat=100% nbr=14"
0061,SENSOR,1,UNIFIED,"t=86 [HELLO_TX] bat=100% nbr=14"
0061,SENSOR,1,UNIFIED,"t=93 [HELLO_TX] bat=100% nbr=14"
0061,SENSOR,1,UNIFIED,"t=100 [HELLO_TX] bat=100% nbr=14"
0061,SENSOR,1,UNIFIED,"t=108 [HELLO_TX] bat=100% nbr=14"
0061,SENSOR,1,UNIFIED,"t=109 [HELLO_RX] NEW 0005 tier=1(UNK) verified=0 rssi=0.2"
0061,SENSOR,1,UNIFIED,"t=118 [HELLO_TX] bat=100% nbr=15"
0061,SENSOR,1,UNIFIED,"t=122 [HELLO_TX] bat=100% nbr=15"
0061,SENSOR,1,UNIFIED,"t=130 [HELLO_TX] bat=100% nbr=15"
0061,SENSOR,1,UNIFIED,"t=137 [HELLO_TX] bat=100% nbr=15"
0061,SENSOR,1,UNIFIED,"t=141 [HELLO_TX] bat=100% nbr=15"
0061,SENSOR,1,UNIFIED,"t=148 [HELLO_TX] bat=100% nbr=15"
0061,SENSOR,1,UNIFIED,"t=157 [HELLO_TX] bat=100% nbr=15"
0061,SENSOR,1,UNIFIED,"t=158 [HELLO_RX] NEW AA05 tier=2(CH) verified=0 rssi=0.4"
0061,SENSOR,1,UNIFIED,"t=163 [HELLO_TX] bat=100% nbr=16"
0061,SENSOR,1,UNIFIED,"t=171 [HELLO_TX] bat=100% nbr=16"
0061,SENSOR,1,UNIFIED,"t=178 [HELLO_TX] bat=100% nbr=16"
0061,SENSOR,1,UNIFIED,"t=182 [HELLO_TX] bat=100% nbr=16"
0061,SENSOR,1,UNIFIED,"t=189 [HELLO_RX] NEW FF09 tier=3(GWN) verified=1 rssi=0.1"
0061,SENSOR,1,UNIFIED,"t=192 [HELLO_TX] bat=100% nbr=17"
0061,SENSOR,1,UNIFIED,"t=197 [HELLO_TX] bat=100% nbr=17"
0061,SENSOR,1,UNIFIED,"t=205 [HELLO_TX] bat=100% nbr=17"
0061,SENSOR,1,UNIFIED,"t=209 [HELLO_TX] bat=100% nbr=17"
0061,SENSOR,1,UNIFIED,"t=218 [HELLO_TX] bat=100% nbr=17"
0061,SENSOR,1,UNIFIED,"t=226 [HELLO_TX] bat=100% nbr=17"
0061,SENSOR,1,UNIFIED,"t=231 [HELLO_TX] bat=100% nbr=17"
0061,SENSOR,1,UNIFIED,"t=237 [HELLO_TX] bat=100% nbr=17"
0061,SENSOR,1,UNIFIED,"t=246 [HELLO_TX] bat=100% nbr=17"
0062,SENSOR,1,UNIFIED,"t=5 [HELLO_RX] NEW AA0A tier=2(CH) verified=0 rssi=0.2"
0062,SENSOR,1,UNIFIED,"t=6 [HELLO_RX] NEW 0056 tier=1(UNK) verified=0 rssi=0.8"
0062,SENSOR,1,UNIFIED,"t=8 [HELLO_RX] NEW FF08 tier=3(GWN) verified=0 rssi=0.2"
0062,SENSOR,1,UNIFIED,"t=9 [HELLO_TX] bat=100% nbr=3"
0062,SENSOR,1,UNIFIED,"t=9 [HELLO_RX] NEW 0028 tier=1(UNK) verified=0 rssi=0.3"
0062,SENSOR,1,UNIFIED,"t=10 [HELLO_RX] NEW 0039 tier=1(UNK) verified=0 rssi=0.2"
0062,SENSOR,1,UNIFIED,"t=11 [HELLO_RX] NEW 0063 tier=1(UNK) verified=0 rssi=0.4"
0062,SENSOR,1,UNIFIED,"t=15 [HELLO_TX] bat=100% nbr=6"
0062,SENSOR,1,UNIFIED,"t=17 [HELLO_RX] NEW AA09 tier=2(CH) verified=0 rssi=0.4"
0062,SENSOR,1,UNIFIED,"t=18 [HELLO_RX] NEW 000F tier=1(UNK) verified=0 rssi=0.9"
0062,SENSOR,1,UNIFIED,"t=19 [HELLO_RX] NEW 0058 tier=1(UNK) verified=0 rssi=0.3"
0062,SENSOR,1,UNIFIED,"t=22 [HELLO_RX] NEW 0019 tier=1(UNK) verified=0 rssi=0.3"
0062,SENSOR,1,UNIFIED,"t=24 [HELLO_TX] bat=100% nbr=10"
0062,SENSOR,1,UNIFIED,"t=30 [HELLO_TX] bat=100% nbr=10"
0062,SENSOR,1,UNIFIED,"t=31 [HELLO_RX] NEW 0049 tier=1(UNK) verified=0 rssi=0.2"
0062,SENSOR,1,UNIFIED,"t=35 [HELLO_TX] bat=100% nbr=11"
0062,SENSOR,1,UNIFIED,"t=37 [HELLO_RX] NEW AA06 tier=2(CH) verified=0 rssi=0.2"
0062,SENSOR,1,UNIFIED,"t=40 [HELLO_TX] bat=100% nbr=12"
0062,SENSOR,1,UNIFIED,"t=43 [HELLO_RX] NEW 0038 tier=1(UNK) verified=0 rssi=0.4"
0062,SENSOR,1,UNIFIED,"t=46 [HELLO_RX] NEW FF06 tier=3(GWN) verified=0 rssi=0.3"
0062,SENSOR,1,UNIFIED,"t=49 [HELLO_TX] bat=100% nbr=14"
0062,SENSOR,1,UNIFIED,"t=59 [HELLO_TX] bat=100% nbr=14"
0062,SENSOR,1,UNIFIED,"t=68 [HELLO_TX] bat=100% nbr=14"
0062,SENSOR,1,UNIFIED,"t=69 [HELLO_RX] NEW 0016 tier=1(UNK) verified=0 rssi=0.2"
0062,SENSOR,1,UNIFIED,"t=73 [HELLO_RX] NEW FF05 tier=3(GWN) verified=1 rssi=0.1"
0062,SENSOR,1,UNIFIED,"t=77 [HELLO_TX] bat=100% nbr=16"
0062,SENSOR,1,UNIFIED,"t=77 [HELLO_RX] NEW FF02 tier=3(GWN) verified=0 rssi=0.0"
0062,SENSOR,1,UNIFIED,"t=79 [HELLO_RX] NEW 004B tier=1(UNK) verified=0 rssi=0.2"
0062,SENSOR,1,UNIFIED,"t=84 [HELLO_TX] bat=100% nbr=18"
0062,SENSOR,1,UNIFIED,"t=90 [HELLO_TX] bat=100% nbr=18"
0062,SENSOR,1,UNIFIED,"t=98 [HELLO_TX] bat=100% nbr=18"
0062,SENSOR,1,UNIFIED,"t=104 [HELLO_TX] bat=100% nbr=18"
0062,SENSOR,1,UNIFIED,"t=111 [HELLO_TX] bat=100% nbr=18"
0062,SENSOR,1,UNIFIED,"t=112 [HELLO_RX] NEW 001D tier=1(UNK) verified=0 rssi=0.2"
0062,SENSOR,1,UNIFIED,"t=120 [HELLO_TX] bat=100% nbr=19"
0062,SENSOR,1,UNIFIED,"t=121 [HELLO_RX] NEW AA01 tier=2(CH) verified=0 rssi=0.3"
0062,SENSOR,1,UNIFIED,"t=126 [HELLO_TX] bat=100% nbr=20"
0062,SENSOR,1,UNIFIED,"t=129 [HELLO_RX] NEW FF01 tier=3(GWN) verified=1 rssi=0.1"
0062,SENSOR,1,UNIFIED,"t=135 [HELLO_TX] bat=100% nbr=21"
0062,SENSOR,1,UNIFIED,"t=144 [HELLO_TX] bat=100% nbr=21"
0062,SENSOR,1,UNIFIED,"t=152 [HELLO_TX] bat=100% nbr=21"
0062,SENSOR,1,UNIFIED,"t=157 [HELLO_TX] bat=100% nbr=21"
0062,SENSOR,1,UNIFIED,"t=164 [HELLO_TX] bat=100% nbr=21"
0062,SENSOR,1,UNIFIED,"t=169 [HELLO_TX] bat=100% nbr=21"
0062,SENSOR,1,UNIFIED,"t=177 [HELLO_TX] bat=100% nbr=21"
0062,SENSOR,1,UNIFIED,"t=182 [HELLO_TX] bat=100% nbr=21"
0062,SENSOR,1,UNIFIED,"t=189 [HELLO_TX] bat=100% nbr=21"
0062,SENSOR,1,UNIFIED,"t=197 [HELLO_TX] bat=100% nbr=21"
0062,SENSOR,1,UNIFIED,"t=202 [HELLO_TX] bat=100% nbr=21"
0062,SENSOR,1,UNIFIED,"t=205 [HELLO_RX] NEW FF0C tier=3(GWN) verified=1 rssi=0.1"
0062,SENSOR,1,UNIFIED,"t=208 [HELLO_TX] bat=100% nbr=22"
0062,SENSOR,1,UNIFIED,"t=213 [HELLO_TX] bat=100% nbr=22"
0062,SENSOR,1,UNIFIED,"t=223 [HELLO_TX] bat=100% nbr=22"
0062,SENSOR,1,UNIFIED,"t=224 [HELLO_RX] NEW FF0A tier=3(GWN) verified=1 rssi=0.1"
0062,SENSOR,1,UNIFIED,"t=231 [HELLO_TX] bat=100% nbr=23"
0062,SENSOR,1,UNIFIED,"t=240 [HELLO_TX] bat=100% nbr=23"
0062,SENSOR,1,UNIFIED,"t=246 [HELLO_TX] bat=100% nbr=23"
0063,SENSOR,1,UNIFIED,"t=4 [HELLO_RX] NEW 0058 tier=1(UNK) verified=0 rssi=2.5"
0063,SENSOR,1,UNIFIED,"t=5 [HELLO_TX] bat=100% nbr=1"
0063,SENSOR,1,UNIFIED,"t=6 [HELLO_RX] NEW AA09 tier=2(CH) verified=0 rssi=0.8"
0063,SENSOR,1,UNIFIED,"t=8 [HELLO_RX] NEW 0019 tier=1(UNK) verified=0 rssi=13.4"
0063,SENSOR,1,UNIFIED,"t=9 [HELLO_RX] NEW 0028 tier=1(UNK) verified=0 rssi=0.9"
0063,SENSOR,1,UNIFIED,"t=11 [HELLO_TX] bat=100% nbr=4"
0063,SENSOR,1,UNIFIED,"t=11 [HELLO_RX] NEW 0001 tier=1(UNK) verified=0 rssi=0.2"
0063,SENSOR,1,UNIFIED,"t=15 [HELLO_RX] NEW 0062 tier=1(UNK) verified=0 rssi=0.4"
0063,SENSOR,1,UNIFIED,"t=16 [HELLO_RX] NEW 0056 tier=1(UNK) verified=0 rssi=0.5"
0063,SENSOR,1,UNIFIED,"t=20 [HELLO_TX] bat=100% nbr=7"
0063,SENSOR,1,UNIFIED,"t=20 [HELLO_RX] NEW 0016 tier=1(UNK) verified=0 rssi=1.3"
0063,SENSOR,1,UNIFIED,"t=28 [HELLO_RX] NEW 005E tier=1(UNK) verified=0 rssi=0.2"
0063,SENSOR,1,UNIFIED,"t=29 [HELLO_TX] bat=100% nbr=9"
0063,SENSOR,1,UNIFIED,"t=29 [HELLO_RX] NEW FF06 tier=3(GWN) verified=0 rssi=0.3"
0063,SENSOR,1,UNIFIED,"t=31 [HELLO_RX] NEW 0004 tier=1(UNK) verified=0 rssi=0.2"
0063,SENSOR,1,UNIFIED,"t=32 [HELLO_RX] NEW 0014 tier=1(UNK) verified=0 rssi=0.2"
0063,SENSOR,1,UNIFIED,"t=34 [HELLO_TX] bat=100% nbr=12"
0063,SENSOR,1,UNIFIED,"t=38 [HELLO_RX] NEW 0043 tier=1(UNK) verified=0 rssi=0.2"
0063,SENSOR,1,UNIFIED,"t=44 [HELLO_TX] bat=100% nbr=13"
0063,SENSOR,1,UNIFIED,"t=47 [HELLO_RX] NEW 004D tier=1(UNK) verified=0 rssi=0.3"
0063,SENSOR,1,UNIFIED,"t=53 [HELLO_TX] bat=100% nbr=14"
0063,SENSOR,1,UNIFIED,"t=61 [HELLO_TX] bat=100% nbr=14"
0063,SENSOR,1,UNIFIED,"t=63 [HELLO_RX] NEW 001C tier=1(UNK) verified=0 rssi=0.3"
0063,SENSOR,1,UNIFIED,"t=67 [HELLO_TX] bat=100% nbr=15"
0063,SENSOR,1,UNIFIED,"t=72 [HELLO_TX] bat=100% nbr=15"
0063,SENSOR,1,UNIFIED,"t=76 [HELLO_RX] NEW AA01 tier=2(CH) verified=0 rssi=0.2"
0063,SENSOR,1,UNIFIED,"t=80 [HELLO_TX] bat=100% nbr=16"
0063,SENSOR,1,UNIFIED,"t=90 [HELLO_TX] bat=100% nbr=16"
0063,SENSOR,1,UNIFIED,"t=96 [HELLO_TX] bat=100% nbr=16"
0063,SENSOR,1,UNIFIED,"t=103 [HELLO_TX] bat=100% nbr=16"
0063,SENSOR,1,UNIFIED,"t=113 [HELLO_TX] bat=100% nbr=16"
0063,SENSOR,1,UNIFIED,"t=117 [HELLO_TX] bat=100% nbr=16"
0063,SENSOR,1,UNIFIED,"t=119 [HELLO_RX] NEW 002D tier=1(UNK) verified=0 rssi=0.2"
0063,SENSOR,1,UNIFIED,"t=126 [HELLO_TX] bat=100% nbr=17"
0063,SENSOR,1,UNIFIED,"t=126 [HELLO_RX] NEW 0029 tier=1(UNK) verified=0 rssi=0.3"
0063,SENSOR,1,UNIFIED,"t=128 [HELLO_RX] NEW FF09 tier=3(GWN) verified=1 rssi=0.2"
0063,SENSOR,1,UNIFIED,"t=135 [HELLO_TX] bat=100% nbr=19"
0063,SENSOR,1,UNIFIED,"t=142 [HELLO_TX] bat=100% nbr=19"
0063,SENSOR,1,UNIFIED,"t=150 [HELLO_TX] bat=100% nbr=19"
0063,SENSOR,1,UNIFIED,"t=155 [HELLO_TX] bat=100% nbr=19"
0063,SENSOR,1,UNIFIED,"t=158 [HELLO_RX] NEW FF0A tier=3(GWN) verified=1 rssi=0.1"
0063,SENSOR,1,UNIFIED,"t=160 [HELLO_TX] bat=100% nbr=20"
0063,SENSOR,1,UNIFIED,"t=168 [HELLO_TX] bat=100% nbr=20"
0063,SENSOR,1,UNIFIED,"t=177 [HELLO_TX] bat=100% nbr=20"
0063,SENSOR,1,UNIFIED,"t=181 [HELLO_TX] bat=100% nbr=20"
0063,SENSOR,1,UNIFIED,"t=188 [HELLO_TX] bat=100% nbr=20"
0063,SENSOR,1,UNIFIED,"t=197 [HELLO_TX] bat=100% nbr=20"
0063,SENSOR,1,UNIFIED,"t=202 [HELLO_TX] bat=100% nbr=20"
0063,SENSOR,1,UNIFIED,"t=209 [HELLO_TX] bat=100% nbr=20"
0063,SENSOR,1,UNIFIED,"t=218 [HELLO_TX] bat=100% nbr=20"
0063,SENSOR,1,UNIFIED,"t=225 [HELLO_TX] bat=100% nbr=20"
0063,SENSOR,1,UNIFIED,"t=235 [HELLO_TX] bat=100% nbr=20"
0063,SENSOR,1,UNIFIED,"t=245 [HELLO_TX] bat=100% nbr=20"
0064,SENSOR,1,UNIFIED,"t=4 [HELLO_RX] NEW 0026 tier=1(UNK) verified=0 rssi=1.6"
0064,SENSOR,1,UNIFIED,"t=5 [HELLO_RX] NEW FF04 tier=3(GWN) verified=0 rssi=1.4"
0064,SENSOR,1,UNIFIED,"t=6 [HELLO_RX] NEW 0012 tier=1(UNK) verified=0 rssi=3.5"
0064,SENSOR,1,UNIFIED,"t=7 [HELLO_RX] NEW AA0B tier=2(CH) verified=0 rssi=0.2"
0064,SENSOR,1,UNIFIED,"t=8 [HELLO_RX] NEW 0060 tier=1(UNK) verified=0 rssi=0.4"
0064,SENSOR,1,UNIFIED,"t=9 [HELLO_TX] bat=100% nbr=5"
0064,SENSOR,1,UNIFIED,"t=10 [HELLO_RX] NEW 0061 tier=1(UNK) verified=0 rssi=4.3"
0064,SENSOR,1,UNIFIED,"t=11 [HELLO_RX] NEW 0008 tier=1(UNK) verified=0 rssi=0.4"
0064,SENSOR,1,UNIFIED,"t=13 [HELLO_TX] bat=100% nbr=7"
0064,SENSOR,1,UNIFIED,"t=14 [HELLO_RX] NEW 0021 tier=1(UNK) verified=0 rssi=1.0"
0064,SENSOR,1,UNIFIED,"t=16 [HELLO_RX] NEW FF02 tier=3(GWN) verified=0 rssi=2.2"
0064,SENSOR,1,UNIFIED,"t=17 [HELLO_TX] bat=100% nbr=9"
0064,SENSOR,1,UNIFIED,"t=17 [HELLO_RX] NEW 001E tier=1(UNK) verified=0 rssi=2.0"
0064,SENSOR,1,UNIFIED,"t=18 [HELLO_RX] NEW 0027 tier=1(UNK) verified=0 rssi=0.6"
0064,SENSOR,1,UNIFIED,"t=21 [HELLO_RX] NEW AA03 tier=2(CH) verified=0 rssi=0.4"
0064,SENSOR,1,UNIFIED,"t=24 [HELLO_TX] bat=100% nbr=12"
0064,SENSOR,1,UNIFIED,"t=30 [HELLO_RX] NEW FF03 tier=3(GWN) verified=0 rssi=1.4"
0064,SENSOR,1,UNIFIED,"t=31 [HELLO_TX] bat=100% nbr=13"
0064,SENSOR,1,UNIFIED,"t=39 [HELLO_TX] bat=100% nbr=13"
0064,SENSOR,1,UNIFIED,"t=43 [HELLO_TX] bat=100% nbr=13"
0064,SENSOR,1,UNIFIED,"t=47 [HELLO_TX] bat=100% nbr=13"
0064,SENSOR,1,UNIFIED,"t=51 [HELLO_RX] NEW AA05 tier=2(CH) verified=0 rssi=0.9"
0064,SENSOR,1,UNIFIED,"t=54 [HELLO_TX] bat=100% nbr=14"
0064,SENSOR,1,UNIFIED,"t=58 [HELLO_TX] bat=100% nbr=14"
0064,SENSOR,1,UNIFIED,"t=58 [HELLO_RX] NEW 0005 tier=1(UNK) verified=0 rssi=0.5"
0064,SENSOR,1,UNIFIED,"t=59 [HELLO_RX] NEW AA0C tier=2(CH) verified=0 rssi=0.3"
0064,SENSOR,1,UNIFIED,"t=65 [HELLO_TX] bat=100% nbr=16"
0064,SENSOR,1,UNIFIED,"t=71 [HELLO_TX] bat=100% nbr=16"
0064,SENSOR,1,UNIFIED,"t=81 [HELLO_TX] bat=100% nbr=16"
0064,SENSOR,1,UNIFIED,"t=88 [HELLO_TX] bat=100% nbr=16"
0064,SENSOR,1,UNIFIED,"t=97 [HELLO_TX] bat=100% nbr=16"
0064,SENSOR,1,UNIFIED,"t=105 [HELLO_TX] bat=100% nbr=16"
0064,SENSOR,1,UNIFIED,"t=111 [HELLO_TX] bat=100% nbr=16"
0064,SENSOR,1,UNIFIED,"t=116 [HELLO_TX] bat=100% nbr=16"
0064,SENSOR,1,UNIFIED,"t=122 [HELLO_TX] bat=100% nbr=16"
0064,SENSOR,1,UNIFIED,"t=130 [HELLO_TX] bat=100% nbr=16"
0064,SENSOR,1,UNIFIED,"t=135 [HELLO_RX] NEW 002F tier=1(UNK) verified=0 rssi=0.2"
0064,SENSOR,1,UNIFIED,"t=140 [HELLO_TX] bat=100% nbr=17"
0064,SENSOR,1,UNIFIED,"t=145 [HELLO_TX] bat=100% nbr=17"
0064,SENSOR,1,UNIFIED,"t=152 [HELLO_TX] bat=100% nbr=17"
0064,SENSOR,1,UNIFIED,"t=159 [HELLO_TX] bat=100% nbr=17"
0064,SENSOR,1,UNIFIED,"t=163 [HELLO_TX] bat=100% nbr=17"
0064,SENSOR,1,UNIFIED,"t=166 [HELLO_RX] NEW 0059 tier=1(UNK) verified=0 rssi=0.2"
0064,SENSOR,1,UNIFIED,"t=171 [HELLO_TX] bat=100% nbr=18"
0064,SENSOR,1,UNIFIED,"t=180 [HELLO_TX] bat=100% nbr=18"
0064,SENSOR,1,UNIFIED,"t=187 [HELLO_TX] bat=100% nbr=18"
0064,SENSOR,1,UNIFIED,"t=196 [HELLO_TX] bat=100% nbr=18"
0064,SENSOR,1,UNIFIED,"t=204 [HELLO_TX] bat=100% nbr=18"
0064,SENSOR,1,UNIFIED,"t=212 [HELLO_TX] bat=100% nbr=18"
0064,SENSOR,1,UNIFIED,"t=218 [HELLO_TX] bat=100% nbr=18"
0064,SENSOR,1,UNIFIED,"t=224 [HELLO_TX] bat=100% nbr=18"
0064,SENSOR,1,UNIFIED,"t=230 [HELLO_TX] bat=100% nbr=18"
0064,SENSOR,1,UNIFIED,"t=240 [HELLO_TX] bat=100% nbr=18"
0064,SENSOR,1,UNIFIED,"t=246 [HELLO_TX] bat=100% nbr=18"
